time_ms,altitude,temperature,humidity,wind_speed,wind_direction,throttle,engine_rpm,engine_load,afr,cht,egt,oil_pressure,oil_temperature,brake_power_w,indicated_torque_nm,engine_torque_nm,air_mass_flow_gps,fuel_mass_flow_gps,equivalence_ratio_phi,vibration_g_rms,cooling_health_index,lubrication_health_index,injector_health_index,combustion_health_index,overall_engine_health,ambient_pressure_pa,ambient_temperature_k,air_density_kgpm3,cooling_velocity_mps,oil_viscosity_pa_s,brake_power_kw,brake_horsepower
0.0,17000.0,-20.3,20.5,40.400000000000006,268.0,54.7,3189.0,59.900000000000006,13.600000000000001,66.7,1129.0,73.2,70.9,6688.2477166995795,34.2754357259309,20.031504358718614,10.70284865330456,0.7872076007662404,1.0812029681173556,0.6,1.0,1.0,1.0,0.9808591458979914,0.9808591458979914,52721.7650111453,253.14999999999998,0.725390553084835,31.151568882549583,0.03205569406381079,6.800000000000001,8.96907395304847
50.0,16990.0,-19.900000000000002,19.5,40.400000000000006,270.0,55.0,3186.0,60.400000000000006,13.600000000000001,67.0,1126.0,73.10000000000001,71.10000000000001,6688.313097465189,34.2754357259309,20.03170017609063,10.70284865330456,0.7872076007662404,1.0812029681173556,0.58,1.0,1.0,1.0,0.9808591458979914,0.9808591458979914,52721.7650111453,253.14999999999998,0.725390553084835,31.151568882549583,0.03205496041830712,6.800000000000001,8.969161629962768
100.0,17030.0,-20.1,19.5,39.7,270.0,55.2,3188.0,59.7,13.55,67.60000000000001,1129.0,73.10000000000001,70.5,6688.378326594686,34.2754357259309,20.031895539307904,10.70284865330456,0.7872076007662404,1.0812029681173556,0.5700000000000001,1.0,1.0,1.0,0.9808591458979914,0.9808591458979914,52721.7650111453,253.14999999999998,0.725390553084835,31.151568882549583,0.032054228475620235,6.7,8.969249103530005
150.0,17000.0,-19.700000000000003,20.0,40.300000000000004,270.0,55.1,3191.0,59.6,13.55,66.9,1125.0,72.8,71.60000000000001,6688.443404325099,34.2754357259309,20.032090449080336,10.70284865330456,0.7872076007662404,1.0812029681173556,0.54,1.0,1.0,1.0,0.9808591458979914,0.9808591458979914,52721.7650111453,253.14999999999998,0.725390553084835,31.151568882549583,0.03205349823308843,6.9,8.969336374068044
200.0,16980.0,-20.1,20.0,40.2,271.0,55.2,3187.0,59.900000000000006,13.65,67.10000000000001,1124.0,72.5,70.4,6688.508330893083,34.2754357259309,20.032284906116715,10.70284865330456,0.7872076007662404,1.0812029681173556,0.58,1.0,1.0,1.0,0.9808591458979914,0.9808591458979914,52721.7650111453,253.14999999999998,0.725390553084835,31.151568882549583,0.03205276968805432,6.7,8.969423441894243
250.0,17010.0,-20.1,20.0,40.300000000000004,270.0,55.1,3186.0,59.900000000000006,13.55,66.5,1128.0,72.7,70.9,6688.573106534911,34.2754357259309,20.032478911124688,10.70284865330456,0.7872076007662404,1.0812029681173556,0.58,1.0,1.0,1.0,0.9808591458979914,0.9808591458979914,52721.7650111453,253.14999999999998,0.725390553084835,31.151568882549583,0.03205204283786443,6.800000000000001,8.969510307325447
300.0,17010.0,-20.0,20.0,40.0,269.0,54.7,3183.0,59.7,13.600000000000001,66.7,1126.0,73.4,70.7,6688.637731486503,34.2754357259309,20.032672464810847,10.70284865330456,0.7872076007662404,1.0812029681173556,0.59,1.0,1.0,1.0,0.9808591458979914,0.9808591458979914,52721.7650111453,253.14999999999998,0.725390553084835,31.151568882549583,0.032051317679869684,6.5,8.969596970678031
350.0,17000.0,-20.3,20.0,40.300000000000004,269.0,55.1,3189.0,59.800000000000004,13.5,67.2,1126.0,73.0,70.9,6688.702205983394,34.2754357259309,20.03286556788062,10.70284865330456,0.7872076007662404,1.0812029681173556,0.61,1.0,1.0,1.0,0.9808591458979914,0.9808591458979914,52721.7650111453,253.14999999999998,0.725390553084835,31.151568882549583,0.032050594211425046,6.6000000000000005,8.969683432267852
400.0,16990.0,-19.900000000000002,20.0,40.5,271.0,55.1,3194.0,59.6,13.55,66.60000000000001,1126.0,72.4,71.2,6688.766530260754,34.2754357259309,20.03305822103835,10.70284865330456,0.7872076007662404,1.0812029681173556,0.56,1.0,1.0,1.0,0.9808591458979914,0.9808591458979914,52721.7650111453,253.14999999999998,0.725390553084835,31.151568882549583,0.03204987242988957,6.300000000000001,8.969769692410276
450.0,16990.0,-19.900000000000002,20.5,40.800000000000004,272.0,55.1,3184.0,59.400000000000006,13.600000000000001,66.7,1126.0,72.7,70.8,6688.830704553393,34.2754357259309,20.0332504249873,10.70284865330456,0.7872076007662404,1.0812029681173556,0.6,1.0,1.0,1.0,0.9808591458979914,0.9808591458979914,52721.7650111453,253.14999999999998,0.725390553084835,31.151568882549583,0.03204915233262655,6.7,8.96985575142019
500.0,17000.0,-20.3,19.0,39.800000000000004,270.0,55.400000000000006,3189.0,60.300000000000004,13.55,66.5,1124.0,72.7,71.9,6688.894729095743,34.2754357259309,20.033442180429606,10.70284865330456,0.7872076007662404,1.0812029681173556,0.54,1.0,1.0,1.0,0.9808591458979914,0.9808591458979914,52721.7650111453,253.14999999999998,0.725390553084835,31.151568882549583,0.032048433917003426,6.9,8.969941609611974
550.0,16990.0,-19.700000000000003,20.0,39.900000000000006,270.0,54.900000000000006,3190.0,59.900000000000006,13.5,66.4,1127.0,73.5,71.0,6688.958604121867,34.2754357259309,20.033633488066286,10.70284865330456,0.7872076007662404,1.0812029681173556,0.56,1.0,1.0,1.0,0.9808591458979914,0.9808591458979914,52721.7650111453,253.14999999999998,0.725390553084835,31.151568882549583,0.032047717180391705,6.800000000000001,8.970027267299507
600.0,17020.0,-19.900000000000002,20.0,40.400000000000006,270.0,55.300000000000004,3189.0,59.6,13.5,68.2,1131.0,72.8,70.7,6689.022329865468,34.2754357259309,20.033824348597292,10.70284865330456,0.7872076007662404,1.0812029681173556,0.61,1.0,1.0,1.0,0.9808591458979914,0.9808591458979914,52721.7650111453,253.14999999999998,0.725390553084835,31.151568882549583,0.03204700212016698,6.4,8.97011272479619
650.0,16990.0,-19.8,20.0,40.0,270.0,55.1,3194.0,60.0,13.65,66.0,1127.0,72.60000000000001,70.3,6689.085906559883,34.2754357259309,20.034014762721473,10.70284865330456,0.7872076007662404,1.0812029681173556,0.54,1.0,1.0,1.0,0.9808591458979914,0.9808591458979914,52721.7650111453,253.14999999999998,0.725390553084835,31.151568882549583,0.03204628873370898,6.6000000000000005,8.970197982414936
700.0,17010.0,-20.400000000000002,20.0,39.800000000000004,270.0,55.2,3191.0,60.400000000000006,13.600000000000001,66.8,1126.0,73.0,71.0,6689.149334438084,34.2754357259309,20.03420473113659,10.70284865330456,0.7872076007662404,1.0812029681173556,0.53,1.0,1.0,1.0,0.9808591458979914,0.9808591458979914,52721.7650111453,253.14999999999998,0.725390553084835,31.151568882549583,0.03204557701840154,6.7,8.97028304046816
750.0,17000.0,-19.200000000000003,21.0,39.7,270.0,54.7,3186.0,60.1,13.700000000000001,66.7,1125.0,72.2,70.8,6689.212613732679,34.2754357259309,20.034394254539308,10.70284865330456,0.7872076007662404,1.0812029681173556,0.53,1.0,1.0,1.0,0.9808591458979914,0.9808591458979914,52721.7650111453,253.14999999999998,0.725390553084835,31.151568882549583,0.03204486697163266,6.6000000000000005,8.970367899267798
800.0,16990.0,-20.0,19.0,39.400000000000006,272.0,54.7,3184.0,60.6,13.8,66.5,1126.0,73.0,71.7,6689.275744675899,34.2754357259309,20.034583333625168,10.70284865330456,0.7872076007662404,1.0812029681173556,0.54,1.0,1.0,1.0,0.9808591458979914,0.9808591458979914,52721.7650111453,253.14999999999998,0.725390553084835,31.151568882549583,0.032044158590794326,6.6000000000000005,8.970452559125274
850.0,17010.0,-19.900000000000002,20.0,39.900000000000006,269.0,55.0,3187.0,60.1,13.55,67.5,1129.0,73.0,71.10000000000001,6689.338727499627,34.2754357259309,20.034771969088666,10.70284865330456,0.7872076007662404,1.0812029681173556,0.5700000000000001,1.0,1.0,1.0,0.9808591458979914,0.9808591458979914,52721.7650111453,253.14999999999998,0.725390553084835,31.151568882549583,0.032043451873282586,6.7,8.97053702035155
900.0,16990.0,-19.900000000000002,20.0,40.800000000000004,271.0,55.1,3185.0,59.7,13.700000000000001,67.3,1128.0,72.3,71.3,6689.4015624353815,34.2754357259309,20.034960161623207,10.70284865330456,0.7872076007662404,1.0812029681173556,0.58,1.0,1.0,1.0,0.9808591458979914,0.9808591458979914,52721.7650111453,253.14999999999998,0.725390553084835,31.151568882549583,0.03204274681649771,6.4,8.970621283257096
950.0,16990.0,-19.900000000000002,20.0,39.900000000000006,270.0,54.900000000000006,3189.0,60.400000000000006,13.4,67.0,1127.0,73.0,70.7,6689.464249714311,34.2754357259309,20.03514791192109,10.70284865330456,0.7872076007662404,1.0812029681173556,0.51,1.0,1.0,1.0,0.9808591458979914,0.9808591458979914,52721.7650111453,253.14999999999998,0.725390553084835,31.151568882549583,0.03204204341784386,6.800000000000001,8.970705348151887
1000.0,17020.0,-20.5,20.5,39.900000000000006,270.0,54.800000000000004,3187.0,60.400000000000006,13.65,68.2,1130.0,73.10000000000001,71.8,6689.5267895672105,34.2754357259309,20.03533522067355,10.70284865330456,0.7872076007662404,1.0812029681173556,0.58,1.0,1.0,1.0,0.9808591458979914,0.9808591458979914,52721.7650111453,253.14999999999998,0.725390553084835,31.151568882549583,0.032041341674729384,6.9,8.970789215345421
1050.0,17000.0,-20.0,19.5,40.400000000000006,269.0,55.2,3188.0,60.400000000000006,13.65,68.3,1129.0,72.4,70.9,6689.589182224506,34.2754357259309,20.035522088570715,10.70284865330456,0.7872076007662404,1.0812029681173556,0.53,1.0,1.0,1.0,0.9808591458979914,0.9808591458979914,52721.7650111453,253.14999999999998,0.725390553084835,31.151568882549583,0.03204064158456658,6.6000000000000005,8.970872885146708
1100.0,17020.0,-19.8,19.5,39.6,270.0,54.800000000000004,3186.0,60.1,13.700000000000001,67.5,1121.0,73.0,70.9,6689.651427916276,34.2754357259309,20.03570851630169,10.70284865330456,0.7872076007662404,1.0812029681173556,0.58,1.0,1.0,1.0,0.9808591458979914,0.9808591458979914,52721.7650111453,253.14999999999998,0.725390553084835,31.151568882549583,0.03203994314477186,7.1000000000000005,8.970956357864285
1150.0,16980.0,-20.200000000000003,20.5,39.400000000000006,271.0,55.1,3192.0,59.800000000000004,13.65,67.8,1127.0,73.0,71.0,6689.713526872224,34.2754357259309,20.03589450455443,10.70284865330456,0.7872076007662404,1.0812029681173556,0.54,1.0,1.0,1.0,0.9808591458979914,0.9808591458979914,52721.7650111453,253.14999999999998,0.725390553084835,31.151568882549583,0.032039246352765706,6.7,8.97103963380619
1200.0,17000.0,-19.900000000000002,20.5,39.6,270.0,55.300000000000004,3185.0,59.800000000000004,13.600000000000001,67.7,1127.0,73.4,71.3,6689.775479321704,34.2754357259309,20.03608005401587,10.70284865330456,0.7872076007662404,1.0812029681173556,0.59,1.0,1.0,1.0,0.9808591458979914,0.9808591458979914,52721.7650111453,253.14999999999998,0.725390553084835,31.151568882549583,0.032038551205972536,6.800000000000001,8.971122713279991
1250.0,17030.0,-20.1,19.0,40.6,270.0,55.0,3194.0,59.5,13.5,66.2,1125.0,73.10000000000001,71.2,6689.837285493709,34.2754357259309,20.03626516537184,10.70284865330456,0.7872076007662404,1.0812029681173556,0.58,1.0,1.0,1.0,0.9808591458979914,0.9808591458979914,52721.7650111453,253.14999999999998,0.725390553084835,31.151568882549583,0.03203785770182078,6.300000000000001,8.971205596592773
1300.0,16970.0,-20.0,20.0,40.2,271.0,55.0,3191.0,60.1,13.65,66.7,1126.0,73.0,71.3,6689.898945616881,34.2754357259309,20.03644983930714,10.70284865330456,0.7872076007662404,1.0812029681173556,0.55,1.0,1.0,1.0,0.9808591458979914,0.9808591458979914,52721.7650111453,253.14999999999998,0.725390553084835,31.151568882549583,0.03203716583774298,6.800000000000001,8.97128828405115
1350.0,17000.0,-20.0,20.5,39.2,269.0,54.7,3179.0,59.800000000000004,13.65,67.0,1127.0,73.3,71.60000000000001,6689.960459919496,34.2754357259309,20.036634076505454,10.70284865330456,0.7872076007662404,1.0812029681173556,0.56,1.0,1.0,1.0,0.9808591458979914,0.9808591458979914,52721.7650111453,253.14999999999998,0.725390553084835,31.151568882549583,0.032036475611175654,7.0,8.971370775961244
1400.0,17000.0,-20.3,19.5,39.400000000000006,269.0,54.900000000000006,3192.0,60.5,13.5,67.4,1124.0,73.10000000000001,70.8,6690.021828629476,34.2754357259309,20.036817877649415,10.70284865330456,0.7872076007662404,1.0812029681173556,0.51,1.0,1.0,1.0,0.9808591458979914,0.9808591458979914,52721.7650111453,253.14999999999998,0.725390553084835,31.151568882549583,0.03203578701955924,6.9,8.9714530726287
1450.0,16990.0,-20.200000000000003,19.5,39.7,270.0,55.0,3190.0,60.1,13.700000000000001,66.9,1123.0,73.3,70.7,6690.083051974391,34.2754357259309,20.037001243420615,10.70284865330456,0.7872076007662404,1.0812029681173556,0.6,1.0,1.0,1.0,0.9808591458979914,0.9808591458979914,52721.7650111453,253.14999999999998,0.725390553084835,31.151568882549583,0.032035100060338315,6.800000000000001,8.9715351743587
1500.0,17000.0,-19.900000000000002,21.0,40.800000000000004,270.0,55.0,3193.0,59.7,13.600000000000001,67.10000000000001,1128.0,72.60000000000001,70.10000000000001,6690.144130181448,34.2754357259309,20.037184174499533,10.70284865330456,0.7872076007662404,1.0812029681173556,0.5,1.0,1.0,1.0,0.9808591458979914,0.9808591458979914,52721.7650111453,253.14999999999998,0.725390553084835,31.151568882549583,0.03203441473096133,6.4,8.971617081455927
1550.0,16990.0,-20.1,21.0,40.400000000000006,269.0,55.1,3187.0,59.900000000000006,13.600000000000001,67.5,1126.0,73.3,70.3,6690.2050634775105,34.2754357259309,20.037366671565632,10.70284865330456,0.7872076007662404,1.0812029681173556,0.5700000000000001,1.0,1.0,1.0,0.9808591458979914,0.9808591458979914,52721.7650111453,253.14999999999998,0.725390553084835,31.151568882549583,0.03203373102888067,7.300000000000001,8.971698794224611
1600.0,17000.0,-19.6,20.0,40.2,270.0,55.0,3185.0,60.1,13.55,67.5,1130.0,73.0,70.8,6690.265852089085,34.2754357259309,20.037548735297314,10.70284865330456,0.7872076007662404,1.0812029681173556,0.58,1.0,1.0,1.0,0.9808591458979914,0.9808591458979914,52721.7650111453,253.14999999999998,0.725390553084835,31.151568882549583,0.032033048951552894,6.6000000000000005,8.971780312968505
1650.0,17010.0,-20.5,20.0,39.2,269.0,55.300000000000004,3192.0,59.800000000000004,13.5,65.4,1125.0,73.8,71.10000000000001,6690.3264962423145,34.2754357259309,20.037730366371882,10.70284865330456,0.7872076007662404,1.0812029681173556,0.55,1.0,1.0,1.0,0.9808591458979914,0.9808591458979914,52721.7650111453,253.14999999999998,0.725390553084835,31.151568882549583,0.03203236849643832,6.800000000000001,8.97186163799087
1700.0,16980.0,-20.1,20.0,40.0,271.0,55.1,3191.0,59.800000000000004,13.65,68.10000000000001,1124.0,72.60000000000001,71.60000000000001,6690.386996163003,34.2754357259309,20.03791156546562,10.70284865330456,0.7872076007662404,1.0812029681173556,0.56,1.0,1.0,1.0,0.9808591458979914,0.9808591458979914,52721.7650111453,253.14999999999998,0.725390553084835,31.151568882549583,0.03203168966100134,7.0,8.971942769594511
1750.0,16990.0,-19.6,20.0,40.1,271.0,54.900000000000006,3185.0,59.900000000000006,13.65,66.2,1128.0,72.7,71.5,6690.447352076592,34.2754357259309,20.03809233325374,10.70284865330456,0.7872076007662404,1.0812029681173556,0.49,1.0,1.0,1.0,0.9808591458979914,0.9808591458979914,52721.7650111453,253.14999999999998,0.725390553084835,31.151568882549583,0.03203101244271025,6.5,8.972023708081753
1800.0,16980.0,-20.200000000000003,20.0,39.900000000000006,270.0,55.0,3189.0,59.7,13.65,67.5,1128.0,73.10000000000001,71.0,6690.507564208182,34.2754357259309,20.038272670410418,10.70284865330456,0.7872076007662404,1.0812029681173556,0.63,1.0,1.0,1.0,0.9808591458979914,0.9808591458979914,52721.7650111453,253.14999999999998,0.725390553084835,31.151568882549583,0.03203033683903735,6.7,8.972104453754456
1850.0,17000.0,-20.200000000000003,19.5,39.5,269.0,55.0,3190.0,60.0,13.55,67.7,1129.0,72.9,70.60000000000001,6690.56763278251,34.2754357259309,20.03845257760875,10.70284865330456,0.7872076007662404,1.0812029681173556,0.58,1.0,1.0,1.0,0.9808591458979914,0.9808591458979914,52721.7650111453,253.14999999999998,0.725390553084835,31.151568882549583,0.0320296628474588,6.7,8.972185006914003
1900.0,16980.0,-20.0,20.0,39.6,270.0,54.7,3194.0,60.400000000000006,13.600000000000001,67.4,1121.0,72.5,70.8,6690.627558023975,34.2754357259309,20.03863205552082,10.70284865330456,0.7872076007662404,1.0812029681173556,0.53,1.0,1.0,1.0,0.9808591458979914,0.9808591458979914,52721.7650111453,253.14999999999998,0.725390553084835,31.151568882549583,0.032028990465454724,6.9,8.972265367861313
1950.0,17020.0,-20.400000000000002,19.5,40.1,271.0,54.800000000000004,3189.0,60.5,13.5,66.4,1126.0,72.7,71.3,6690.687340156621,34.2754357259309,20.038811104817647,10.70284865330456,0.7872076007662404,1.0812029681173556,0.5700000000000001,1.0,1.0,1.0,0.9808591458979914,0.9808591458979914,52721.7650111453,253.14999999999998,0.725390553084835,31.151568882549583,0.03202831969050911,6.2,8.972345536896832
2000.0,17010.0,-20.200000000000003,20.5,39.7,269.0,55.1,3191.0,60.1,13.5,67.5,1124.0,73.0,70.2,6690.746979404147,34.2754357259309,20.038989726169216,10.70284865330456,0.7872076007662404,1.0812029681173556,0.58,1.0,1.0,1.0,0.9808591458979914,0.9808591458979914,52721.7650111453,253.14999999999998,0.725390553084835,31.151568882549583,0.032027650520110036,6.5,8.97242551432055
2050.0,16980.0,-19.8,20.0,39.800000000000004,271.0,54.900000000000006,3189.0,60.1,13.55,67.4,1126.0,72.8,71.60000000000001,6690.806475989893,34.2754357259309,20.039167920244434,10.70284865330456,0.7872076007662404,1.0812029681173556,0.54,1.0,1.0,1.0,0.9808591458979914,0.9808591458979914,52721.7650111453,253.14999999999998,0.725390553084835,31.151568882549583,0.032026982951749286,6.1000000000000005,8.972505300431967
2100.0,17020.0,-19.200000000000003,20.0,39.2,270.0,54.900000000000006,3188.0,59.7,13.65,67.4,1123.0,73.2,71.9,6690.865830136867,34.2754357259309,20.039345687711215,10.70284865330456,0.7872076007662404,1.0812029681173556,0.5700000000000001,1.0,1.0,1.0,0.9808591458979914,0.9808591458979914,52721.7650111453,253.14999999999998,0.725390553084835,31.151568882549583,0.03202631698292265,6.6000000000000005,8.972584895530142
2150.0,17000.0,-19.8,19.0,40.1,270.0,55.400000000000006,3188.0,60.5,13.5,67.5,1128.0,72.60000000000001,71.0,6690.925042067718,34.2754357259309,20.039523029236406,10.70284865330456,0.7872076007662404,1.0812029681173556,0.6,1.0,1.0,1.0,0.9808591458979914,0.9808591458979914,52721.7650111453,253.14999999999998,0.725390553084835,31.151568882549583,0.032025652611129864,6.6000000000000005,8.972664299913653
2200.0,16980.0,-20.0,19.5,39.900000000000006,270.0,54.7,3182.0,60.1,13.55,65.60000000000001,1129.0,73.0,70.5,6690.9841120047495,34.2754357259309,20.039699945485808,10.70284865330456,0.7872076007662404,1.0812029681173556,0.53,1.0,1.0,1.0,0.9808591458979914,0.9808591458979914,52721.7650111453,253.14999999999998,0.725390553084835,31.151568882549583,0.03202498983387444,6.9,8.97274351388061
2250.0,17000.0,-19.3,20.0,40.2,270.0,55.2,3191.0,60.400000000000006,13.55,66.9,1126.0,73.2,71.7,6691.043040169928,34.2754357259309,20.039876437124217,10.70284865330456,0.7872076007662404,1.0812029681173556,0.55,1.0,1.0,1.0,0.9808591458979914,0.9808591458979914,52721.7650111453,253.14999999999998,0.725390553084835,31.151568882549583,0.03202432864866385,6.6000000000000005,8.972822537728677
2300.0,17000.0,-20.1,20.5,39.1,269.0,54.800000000000004,3179.0,59.7,13.55,67.0,1130.0,72.8,70.4,6691.101826784861,34.2754357259309,20.040052504815364,10.70284865330456,0.7872076007662404,1.0812029681173556,0.5700000000000001,1.0,1.0,1.0,0.9808591458979914,0.9808591458979914,52721.7650111453,253.14999999999998,0.725390553084835,31.151568882549583,0.03202366905300936,7.0,8.972901371755036
2350.0,16990.0,-20.3,20.5,39.900000000000006,271.0,55.0,3191.0,59.7,13.600000000000001,67.0,1124.0,72.4,71.2,6691.16047207083,34.2754357259309,20.040228149221978,10.70284865330456,0.7872076007662404,1.0812029681173556,0.56,1.0,1.0,1.0,0.9808591458979914,0.9808591458979914,52721.7650111453,253.14999999999998,0.725390553084835,31.151568882549583,0.03202301104442618,6.4,8.972980016256425
2400.0,17000.0,-19.700000000000003,19.0,39.400000000000006,269.0,55.300000000000004,3190.0,60.2,13.5,66.4,1128.0,72.9,71.2,6691.218976248757,34.2754357259309,20.040403371005738,10.70284865330456,0.7872076007662404,1.0812029681173556,0.56,1.0,1.0,1.0,0.9808591458979914,0.9808591458979914,52721.7650111453,253.14999999999998,0.725390553084835,31.151568882549583,0.0320223546204334,6.800000000000001,8.973058471529109
2450.0,17000.0,-19.8,20.5,39.400000000000006,268.0,55.2,3193.0,59.7,13.450000000000001,67.2,1129.0,73.5,71.2,6691.277339539223,34.2754357259309,20.04057817082729,10.70284865330456,0.7872076007662404,1.0812029681173556,0.56,1.0,1.0,1.0,0.9808591458979914,0.9808591458979914,52721.7650111453,253.14999999999998,0.725390553084835,31.151568882549583,0.03202169977855391,6.5,8.97313673786889
2500.0,17000.0,-20.1,19.5,40.800000000000004,271.0,55.2,3185.0,60.300000000000004,13.65,67.4,1130.0,73.10000000000001,71.3,6691.335562162469,34.2754357259309,20.040752549346255,10.70284865330456,0.7872076007662404,1.0812029681173556,0.59,1.0,1.0,1.0,0.9808591458979914,0.9808591458979914,52721.7650111453,253.14999999999998,0.725390553084835,31.151568882549583,0.03202104651631448,6.800000000000001,8.973214815571115
2550.0,16980.0,-20.0,19.5,39.5,271.0,55.300000000000004,3194.0,60.1,13.700000000000001,67.10000000000001,1127.0,72.5,71.10000000000001,6691.393644338395,34.2754357259309,20.040926507221247,10.70284865330456,0.7872076007662404,1.0812029681173556,0.5700000000000001,1.0,1.0,1.0,0.9808591458979914,0.9808591458979914,52721.7650111453,253.14999999999998,0.725390553084835,31.151568882549583,0.032020394831245656,6.4,8.973292704930675
2600.0,17000.0,-20.0,21.0,40.400000000000006,270.0,55.0,3189.0,59.900000000000006,13.5,67.0,1125.0,72.5,71.2,6691.451586286559,34.2754357259309,20.04110004510985,10.70284865330456,0.7872076007662404,1.0812029681173556,0.58,1.0,1.0,1.0,0.9808591458979914,0.9808591458979914,52721.7650111453,253.14999999999998,0.725390553084835,31.151568882549583,0.03201974472088189,6.2,8.973370406242003
2650.0,17000.0,-19.700000000000003,20.5,40.400000000000006,270.0,54.800000000000004,3184.0,60.1,13.600000000000001,67.9,1130.0,72.9,70.3,6691.509388226178,34.2754357259309,20.041273163668624,10.70284865330456,0.7872076007662404,1.0812029681173556,0.56,1.0,1.0,1.0,0.9808591458979914,0.9808591458979914,52721.7650111453,253.14999999999998,0.725390553084835,31.151568882549583,0.03201909618276153,6.7,8.97344791979907
2700.0,17000.0,-20.200000000000003,20.0,39.800000000000004,269.0,55.1,3187.0,60.1,13.600000000000001,66.4,1126.0,73.4,70.3,6691.567050376119,34.2754357259309,20.04144586355308,10.70284865330456,0.7872076007662404,1.0812029681173556,0.5,1.0,1.0,1.0,0.9808591458979914,0.9808591458979914,52721.7650111453,253.14999999999998,0.725390553084835,31.151568882549583,0.032018449214426564,6.2,8.973525245895384
2750.0,17000.0,-20.0,20.0,40.5,268.0,55.1,3195.0,59.7,13.55,66.60000000000001,1125.0,72.8,71.60000000000001,6691.624572954927,34.2754357259309,20.041618145417765,10.70284865330456,0.7872076007662404,1.0812029681173556,0.62,1.0,1.0,1.0,0.9808591458979914,0.9808591458979914,52721.7650111453,253.14999999999998,0.725390553084835,31.151568882549583,0.03201780381342291,6.6000000000000005,8.973602384824018
2800.0,17020.0,-20.0,21.0,40.0,270.0,55.1,3201.0,60.300000000000004,13.55,67.7,1126.0,72.7,71.4,6691.681956180796,34.2754357259309,20.04179000991618,10.70284865330456,0.7872076007662404,1.0812029681173556,0.5700000000000001,1.0,1.0,1.0,0.9808591458979914,0.9808591458979914,52721.7650111453,253.14999999999998,0.725390553084835,31.151568882549583,0.032017159977300265,6.800000000000001,8.973679336877572
2850.0,17000.0,-19.900000000000002,20.0,39.2,271.0,54.800000000000004,3183.0,60.0,13.600000000000001,66.7,1129.0,72.4,70.7,6691.739200271584,34.2754357259309,20.041961457700815,10.70284865330456,0.7872076007662404,1.0812029681173556,0.55,1.0,1.0,1.0,0.9808591458979914,0.9808591458979914,52721.7650111453,253.14999999999998,0.725390553084835,31.151568882549583,0.03201651770361214,6.7,8.9737561023482
2900.0,17000.0,-20.3,20.5,40.0,268.0,54.6,3188.0,59.900000000000006,13.600000000000001,67.10000000000001,1127.0,73.2,70.4,6691.796305444812,34.2754357259309,20.042132489423153,10.70284865330456,0.7872076007662404,1.0812029681173556,0.53,1.0,1.0,1.0,0.9808591458979914,0.9808591458979914,52721.7650111453,253.14999999999998,0.725390553084835,31.151568882549583,0.032015876989915856,6.4,8.973832681527602
2950.0,17000.0,-19.6,20.0,39.0,269.0,54.800000000000004,3186.0,59.900000000000006,13.600000000000001,66.9,1129.0,72.7,70.5,6691.853271917661,34.2754357259309,20.042303105733662,10.70284865330456,0.7872076007662404,1.0812029681173556,0.58,1.0,1.0,1.0,0.9808591458979914,0.9808591458979914,52721.7650111453,253.14999999999998,0.725390553084835,31.151568882549583,0.03201523783377252,6.300000000000001,8.973909074707022
3000.0,17000.0,-20.0,20.0,40.6,270.0,55.400000000000006,3187.0,59.6,13.600000000000001,66.4,1125.0,73.10000000000001,71.2,6691.910099906973,34.2754357259309,20.042473307281785,10.70284865330456,0.7872076007662404,1.0812029681173556,0.55,1.0,1.0,1.0,0.9808591458979914,0.9808591458979914,52721.7650111453,253.14999999999998,0.725390553084835,31.151568882549583,0.03201460023274695,6.9,8.97398528217725
3050.0,17010.0,-19.6,20.5,40.5,268.0,54.900000000000006,3185.0,60.0,13.55,67.0,1132.0,72.9,71.10000000000001,6691.966789629266,34.2754357259309,20.042643094715995,10.70284865330456,0.7872076007662404,1.0812029681173556,0.56,1.0,1.0,1.0,0.9808591458979914,0.9808591458979914,52721.7650111453,253.14999999999998,0.725390553084835,31.151568882549583,0.03201396418440782,6.7,8.97406130422864
3100.0,17000.0,-19.900000000000002,20.5,40.7,270.0,55.1,3184.0,60.0,13.65,67.60000000000001,1127.0,73.2,71.2,6692.023341300709,34.2754357259309,20.042812468683735,10.70284865330456,0.7872076007662404,1.0812029681173556,0.6,1.0,1.0,1.0,0.9808591458979914,0.9808591458979914,52721.7650111453,253.14999999999998,0.725390553084835,31.151568882549583,0.032013329686327585,6.800000000000001,8.974137141151077
3150.0,17000.0,-19.900000000000002,18.5,40.2,267.0,54.7,3190.0,60.1,13.5,66.60000000000001,1130.0,72.7,72.0,6692.079755137137,34.2754357259309,20.042981429831435,10.70284865330456,0.7872076007662404,1.0812029681173556,0.5700000000000001,1.0,1.0,1.0,0.9808591458979914,0.9808591458979914,52721.7650111453,253.14999999999998,0.725390553084835,31.151568882549583,0.032012696736082376,6.800000000000001,8.974212793234004
3200.0,17020.0,-20.0,19.5,40.0,270.0,54.7,3187.0,59.800000000000004,13.65,67.10000000000001,1126.0,72.9,71.0,6692.13603135406,34.2754357259309,20.04314997880455,10.70284865330456,0.7872076007662404,1.0812029681173556,0.59,1.0,1.0,1.0,0.9808591458979914,0.9808591458979914,52721.7650111453,253.14999999999998,0.725390553084835,31.151568882549583,0.032012065331252136,6.4,8.974288260766423
3250.0,16990.0,-19.700000000000003,20.0,39.400000000000006,270.0,55.1,3182.0,60.1,13.65,67.3,1128.0,72.4,71.10000000000001,6692.192170166649,34.2754357259309,20.043318116247523,10.70284865330456,0.7872076007662404,1.0812029681173556,0.56,1.0,1.0,1.0,0.9808591458979914,0.9808591458979914,52721.7650111453,253.14999999999998,0.725390553084835,31.151568882549583,0.032011435469420514,6.6000000000000005,8.97436354403688
3300.0,17010.0,-19.6,21.0,40.5,270.0,55.1,3191.0,60.0,13.600000000000001,67.60000000000001,1127.0,72.7,70.7,6692.248171789741,34.2754357259309,20.0434858428038,10.70284865330456,0.7872076007662404,1.0812029681173556,0.59,1.0,1.0,1.0,0.9808591458979914,0.9808591458979914,52721.7650111453,253.14999999999998,0.725390553084835,31.151568882549583,0.032010807148175,6.7,8.974438643333478
3350.0,17000.0,-19.8,20.0,40.300000000000004,270.0,54.800000000000004,3194.0,59.800000000000004,13.5,66.4,1124.0,72.9,70.8,6692.304036437836,34.2754357259309,20.04365315911582,10.70284865330456,0.7872076007662404,1.0812029681173556,0.56,1.0,1.0,1.0,0.9808591458979914,0.9808591458979914,52721.7650111453,253.14999999999998,0.725390553084835,31.151568882549583,0.032010180365106694,6.800000000000001,8.974513558943867
3400.0,17000.0,-19.900000000000002,20.0,40.2,268.0,54.900000000000006,3180.0,60.0,13.600000000000001,67.7,1130.0,73.0,70.7,6692.359764325111,34.2754357259309,20.04382006582504,10.70284865330456,0.7872076007662404,1.0812029681173556,0.58,1.0,1.0,1.0,0.9808591458979914,0.9808591458979914,52721.7650111453,253.14999999999998,0.725390553084835,31.151568882549583,0.032009555117810506,6.6000000000000005,8.974588291155262
3450.0,17000.0,-19.700000000000003,19.5,40.300000000000004,271.0,54.800000000000004,3192.0,60.2,13.600000000000001,66.60000000000001,1125.0,72.7,71.2,6692.415355665406,34.2754357259309,20.043986563571924,10.70284865330456,0.7872076007662404,1.0812029681173556,0.54,1.0,1.0,1.0,0.9808591458979914,0.9808591458979914,52721.7650111453,253.14999999999998,0.725390553084835,31.151568882549583,0.03200893140388506,6.800000000000001,8.974662840254423
3500.0,16990.0,-20.1,20.0,41.0,269.0,55.300000000000004,3189.0,60.1,13.600000000000001,67.3,1126.0,73.4,70.7,6692.47081067223,34.2754357259309,20.044152652995933,10.70284865330456,0.7872076007662404,1.0812029681173556,0.6,1.0,1.0,1.0,0.9808591458979914,0.9808591458979914,52721.7650111453,253.14999999999998,0.725390553084835,31.151568882549583,0.03200830922093267,6.5,8.974737206527674
3550.0,17000.0,-20.3,20.0,40.6,270.0,55.0,3184.0,59.900000000000006,13.5,66.5,1127.0,73.4,72.3,6692.526129558762,34.2754357259309,20.04431833473555,10.70284865330456,0.7872076007662404,1.0812029681173556,0.55,1.0,1.0,1.0,0.9808591458979914,0.9808591458979914,52721.7650111453,253.14999999999998,0.725390553084835,31.151568882549583,0.032007688566559396,7.1000000000000005,8.974811390260891
3600.0,17000.0,-20.0,20.0,40.0,270.0,54.900000000000006,3183.0,59.5,13.65,66.9,1125.0,72.9,71.3,6692.581312537849,34.2754357259309,20.044483609428255,10.70284865330456,0.7872076007662404,1.0812029681173556,0.5700000000000001,1.0,1.0,1.0,0.9808591458979914,0.9808591458979914,52721.7650111453,253.14999999999998,0.725390553084835,31.151568882549583,0.03200706943837495,6.5,8.974885391739507
3650.0,17010.0,-19.5,20.0,40.400000000000006,271.0,55.2,3191.0,60.2,13.65,66.4,1129.0,72.4,70.5,6692.636359822017,34.2754357259309,20.04464847771057,10.70284865330456,0.7872076007662404,1.0812029681173556,0.61,1.0,1.0,1.0,0.9808591458979914,0.9808591458979914,52721.7650111453,253.14999999999998,0.725390553084835,31.151568882549583,0.03200645183399283,6.9,8.974959211248521
3700.0,17020.0,-20.1,19.5,39.900000000000006,270.0,55.0,3193.0,59.900000000000006,13.600000000000001,66.5,1128.0,72.9,70.5,6692.691271623447,34.2754357259309,20.044812940217984,10.70284865330456,0.7872076007662404,1.0812029681173556,0.56,1.0,1.0,1.0,0.9808591458979914,0.9808591458979914,52721.7650111453,253.14999999999998,0.725390553084835,31.151568882549583,0.0320058357510301,6.6000000000000005,8.975032849072475
3750.0,17000.0,-19.5,20.0,39.900000000000006,268.0,54.800000000000004,3187.0,59.800000000000004,13.700000000000001,66.9,1130.0,72.9,70.9,6692.746048154014,34.2754357259309,20.044976997585067,10.70284865330456,0.7872076007662404,1.0812029681173556,0.56,1.0,1.0,1.0,0.9808591458979914,0.9808591458979914,52721.7650111453,253.14999999999998,0.725390553084835,31.151568882549583,0.03200522118710759,6.7,8.975106305495496
3800.0,17020.0,-20.700000000000003,19.0,39.800000000000004,270.0,55.1,3190.0,59.900000000000006,13.65,67.7,1127.0,73.2,71.10000000000001,6692.800689625248,34.2754357259309,20.04514065044536,10.70284865330456,0.7872076007662404,1.0812029681173556,0.55,1.0,1.0,1.0,0.9808591458979914,0.9808591458979914,52721.7650111453,253.14999999999998,0.725390553084835,31.151568882549583,0.032004608139849795,6.9,8.975179580801251
3850.0,17000.0,-20.0,20.5,39.0,269.0,54.800000000000004,3187.0,59.900000000000006,13.5,66.5,1125.0,73.8,71.8,6692.85519624836,34.2754357259309,20.045303899431445,10.70284865330456,0.7872076007662404,1.0812029681173556,0.55,1.0,1.0,1.0,0.9808591458979914,0.9808591458979914,52721.7650111453,253.14999999999998,0.725390553084835,31.151568882549583,0.03200399660688483,6.6000000000000005,8.975252675272976
3900.0,16990.0,-20.6,20.0,39.6,270.0,54.7,3185.0,60.0,13.600000000000001,67.3,1124.0,73.2,70.5,6692.909568234236,34.2754357259309,20.045466745174938,10.70284865330456,0.7872076007662404,1.0812029681173556,0.59,1.0,1.0,1.0,0.9808591458979914,0.9808591458979914,52721.7650111453,253.14999999999998,0.725390553084835,31.151568882549583,0.03200338658584459,6.7,8.975325589193476
3950.0,16980.0,-20.1,20.0,40.2,270.0,55.300000000000004,3192.0,59.900000000000006,13.65,68.2,1132.0,72.5,70.5,6692.963805793426,34.2754357259309,20.04562918830643,10.70284865330456,0.7872076007662404,1.0812029681173556,0.61,1.0,1.0,1.0,0.9808591458979914,0.9808591458979914,52721.7650111453,253.14999999999998,0.725390553084835,31.151568882549583,0.03200277807436449,6.4,8.975398322845102
4000.0,16980.0,-20.1,20.0,40.0,269.0,54.900000000000006,3186.0,59.7,13.75,67.2,1129.0,72.7,70.8,6693.017909136166,34.2754357259309,20.0457912294556,10.70284865330456,0.7872076007662404,1.0812029681173556,0.55,1.0,1.0,1.0,0.9808591458979914,0.9808591458979914,52721.7650111453,253.14999999999998,0.725390553084835,31.151568882549583,0.03200217107008373,6.0,8.975470876509782
4050.0,16980.0,-20.5,19.0,39.5,271.0,55.0,3194.0,60.1,13.65,66.5,1128.0,73.2,70.60000000000001,6693.07187847236,34.2754357259309,20.045952869251103,10.70284865330456,0.7872076007662404,1.0812029681173556,0.58,1.0,1.0,1.0,0.9808591458979914,0.9808591458979914,52721.7650111453,253.14999999999998,0.725390553084835,31.151568882549583,0.03200156557064506,6.800000000000001,8.975543250469006
4100.0,16990.0,-20.3,19.5,40.0,270.0,54.800000000000004,3188.0,60.2,13.65,68.0,1130.0,72.60000000000001,71.8,6693.125714011592,34.2754357259309,20.046114108320655,10.70284865330456,0.7872076007662404,1.0812029681173556,0.55,1.0,1.0,1.0,0.9808591458979914,0.9808591458979914,52721.7650111453,253.14999999999998,0.725390553084835,31.151568882549583,0.03200096157369493,7.0,8.975615445003827
4150.0,17000.0,-20.1,19.0,39.900000000000006,269.0,55.2,3194.0,59.800000000000004,13.600000000000001,66.60000000000001,1125.0,73.2,70.9,6693.179415963118,34.2754357259309,20.046274947290986,10.70284865330456,0.7872076007662404,1.0812029681173556,0.62,1.0,1.0,1.0,0.9808591458979914,0.9808591458979914,52721.7650111453,253.14999999999998,0.725390553084835,31.151568882549583,0.032000359076883346,6.6000000000000005,8.97568746039486
4200.0,17010.0,-20.0,20.5,39.800000000000004,270.0,55.0,3185.0,60.2,13.65,67.4,1131.0,73.4,70.7,6693.23298453588,34.2754357259309,20.04643538678788,10.70284865330456,0.7872076007662404,1.0812029681173556,0.58,1.0,1.0,1.0,0.9808591458979914,0.9808591458979914,52721.7650111453,253.14999999999998,0.725390553084835,31.151568882549583,0.031999758077863975,6.5,8.975759296922305
4250.0,17000.0,-20.200000000000003,21.0,40.1,270.0,55.2,3180.0,59.400000000000006,13.65,67.10000000000001,1127.0,72.4,70.9,6693.286419938489,34.2754357259309,20.046595427436134,10.70284865330456,0.7872076007662404,1.0812029681173556,0.63,1.0,1.0,1.0,0.9808591458979914,0.9808591458979914,52721.7650111453,253.14999999999998,0.725390553084835,31.151568882549583,0.03199915857429419,6.9,8.975830954865915
4300.0,17000.0,-20.1,20.0,39.1,270.0,55.2,3182.0,59.800000000000004,13.5,66.4,1127.0,72.2,71.2,6693.3397223792335,34.2754357259309,20.046755069859582,10.70284865330456,0.7872076007662404,1.0812029681173556,0.59,1.0,1.0,1.0,0.9808591458979914,0.9808591458979914,52721.7650111453,253.14999999999998,0.725390553084835,31.151568882549583,0.03199856056383483,6.6000000000000005,8.975902434505
4350.0,16970.0,-20.3,20.5,38.900000000000006,270.0,54.800000000000004,3192.0,59.800000000000004,13.600000000000001,67.4,1131.0,72.8,71.10000000000001,6693.392892066092,34.2754357259309,20.04691431468112,10.70284865330456,0.7872076007662404,1.0812029681173556,0.52,1.0,1.0,1.0,0.9808591458979914,0.9808591458979914,52721.7650111453,253.14999999999998,0.725390553084835,31.151568882549583,0.03199796404415044,7.0,8.975973736118473
4400.0,16990.0,-20.200000000000003,20.0,39.400000000000006,270.0,55.2,3190.0,59.5,13.600000000000001,67.5,1122.0,72.5,71.4,6693.445929206707,34.2754357259309,20.047073162522647,10.70284865330456,0.7872076007662404,1.0812029681173556,0.5700000000000001,1.0,1.0,1.0,0.9808591458979914,0.9808591458979914,52721.7650111453,253.14999999999998,0.725390553084835,31.151568882549583,0.03199736901290915,6.800000000000001,8.976044859984778
4450.0,17020.0,-19.900000000000002,20.5,41.1,270.0,54.800000000000004,3190.0,60.1,13.55,66.4,1133.0,73.0,70.60000000000001,6693.49883400841,34.2754357259309,20.04723161400513,10.70284865330456,0.7872076007662404,1.0812029681173556,0.59,1.0,1.0,1.0,0.9808591458979914,0.9808591458979914,52721.7650111453,253.14999999999998,0.725390553084835,31.151568882549583,0.03199677546778274,6.7,8.976115806381959
4500.0,17000.0,-19.8,19.5,40.1,272.0,55.1,3187.0,59.800000000000004,13.55,66.9,1126.0,73.2,70.10000000000001,6693.551606678206,34.2754357259309,20.047389669748547,10.70284865330456,0.7872076007662404,1.0812029681173556,0.59,1.0,1.0,1.0,0.9808591458979914,0.9808591458979914,52721.7650111453,253.14999999999998,0.725390553084835,31.151568882549583,0.031996183406446436,6.6000000000000005,8.976186575587608
4550.0,17000.0,-20.3,20.5,40.5,271.0,54.7,3192.0,60.1,13.5,67.0,1128.0,73.10000000000001,71.0,6693.604247422793,34.2754357259309,20.047547330371977,10.70284865330456,0.7872076007662404,1.0812029681173556,0.58,1.0,1.0,1.0,0.9808591458979914,0.9808591458979914,52721.7650111453,253.14999999999998,0.725390553084835,31.151568882549583,0.03199559282657917,7.1000000000000005,8.976257167878915
4600.0,17010.0,-20.900000000000002,20.0,39.900000000000006,269.0,55.0,3193.0,59.7,13.600000000000001,66.5,1125.0,73.4,70.7,6693.656756448537,34.2754357259309,20.047704596493478,10.70284865330456,0.7872076007662404,1.0812029681173556,0.58,1.0,1.0,1.0,0.9808591458979914,0.9808591458979914,52721.7650111453,253.14999999999998,0.725390553084835,31.151568882549583,0.03199500372586339,6.2,8.976327583532617
4650.0,17020.0,-19.8,20.0,40.2,269.0,55.2,3187.0,59.900000000000006,13.55,66.7,1129.0,73.0,71.3,6693.709133961496,34.2754357259309,20.04786146873021,10.70284865330456,0.7872076007662404,1.0812029681173556,0.5700000000000001,1.0,1.0,1.0,0.9808591458979914,0.9808591458979914,52721.7650111453,253.14999999999998,0.725390553084835,31.151568882549583,0.03199441610198511,6.800000000000001,8.976397822825046
4700.0,16990.0,-19.3,19.0,40.5,271.0,54.800000000000004,3197.0,60.300000000000004,13.65,67.0,1126.0,72.8,71.10000000000001,6693.761380167409,34.2754357259309,20.048017947698366,10.70284865330456,0.7872076007662404,1.0812029681173556,0.61,1.0,1.0,1.0,0.9808591458979914,0.9808591458979914,52721.7650111453,253.14999999999998,0.725390553084835,31.151568882549583,0.03199382995263399,6.7,8.976467886032099
4750.0,16990.0,-19.8,20.5,40.300000000000004,271.0,54.900000000000006,3185.0,59.7,13.5,67.10000000000001,1127.0,72.8,69.5,6693.81349527169,34.2754357259309,20.048174034013165,10.70284865330456,0.7872076007662404,1.0812029681173556,0.53,1.0,1.0,1.0,0.9808591458979914,0.9808591458979914,52721.7650111453,253.14999999999998,0.725390553084835,31.151568882549583,0.031993245275503145,7.0,8.976537773429243
4800.0,16990.0,-19.900000000000002,19.5,40.6,270.0,55.1,3198.0,60.5,13.55,66.60000000000001,1126.0,73.10000000000001,70.9,6693.865479479445,34.2754357259309,20.048329728288905,10.70284865330456,0.7872076007662404,1.0812029681173556,0.55,1.0,1.0,1.0,0.9808591458979914,0.9808591458979914,52721.7650111453,253.14999999999998,0.725390553084835,31.151568882549583,0.031992662068289324,7.1000000000000005,8.976607485291526
4850.0,17000.0,-19.3,20.0,40.7,270.0,55.2,3185.0,59.7,13.65,67.60000000000001,1127.0,72.5,70.3,6693.917332995459,34.2754357259309,20.048485031138927,10.70284865330456,0.7872076007662404,1.0812029681173556,0.52,1.0,1.0,1.0,0.9808591458979914,0.9808591458979914,52721.7650111453,253.14999999999998,0.725390553084835,31.151568882549583,0.031992080328692746,6.300000000000001,8.976677021893572
4900.0,17000.0,-19.700000000000003,20.0,39.1,270.0,55.0,3197.0,59.6,13.55,68.0,1128.0,73.10000000000001,71.0,6693.96905602421,34.2754357259309,20.048639943175644,10.70284865330456,0.7872076007662404,1.0812029681173556,0.58,1.0,1.0,1.0,0.9808591458979914,0.9808591458979914,52721.7650111453,253.14999999999998,0.725390553084835,31.151568882549583,0.031991500054417234,6.9,8.976746383509585
4950.0,16990.0,-19.700000000000003,19.5,40.1,270.0,54.900000000000006,3188.0,59.800000000000004,13.5,66.8,1124.0,73.0,70.4,6694.02064876985,34.2754357259309,20.048794465010502,10.70284865330456,0.7872076007662404,1.0812029681173556,0.59,1.0,1.0,1.0,0.9808591458979914,0.9808591458979914,52721.7650111453,253.14999999999998,0.725390553084835,31.151568882549583,0.031990921243170135,6.4,8.976815570413343
5000.0,16990.0,-20.200000000000003,20.5,40.1,270.0,55.1,3180.0,60.0,13.75,67.10000000000001,1127.0,73.10000000000001,71.4,6694.072111436221,34.2754357259309,20.048948597254014,10.70284865330456,0.7872076007662404,1.0812029681173556,0.51,1.0,1.0,1.0,0.9808591458979914,0.9808591458979914,52721.7650111453,253.14999999999998,0.725390553084835,31.151568882549583,0.03199034389266229,6.300000000000001,8.976884582878203
5050.0,17000.0,-20.200000000000003,20.5,39.900000000000006,268.0,54.7,3177.0,59.900000000000006,13.600000000000001,66.7,1130.0,73.3,70.9,6694.123444226859,34.2754357259309,20.04910234051577,10.70284865330456,0.7872076007662404,1.0812029681173556,0.5,1.0,1.0,1.0,0.9808591458979914,0.9808591458979914,52721.7650111453,253.14999999999998,0.725390553084835,31.151568882549583,0.03198976800060807,6.800000000000001,8.976953421177104
5100.0,17010.0,-19.900000000000002,20.5,39.5,272.0,54.800000000000004,3191.0,59.5,13.55,67.9,1126.0,73.2,71.10000000000001,6694.174647344975,34.2754357259309,20.049255695404398,10.70284865330456,0.7872076007662404,1.0812029681173556,0.56,1.0,1.0,1.0,0.9808591458979914,0.9808591458979914,52721.7650111453,253.14999999999998,0.725390553084835,31.151568882549583,0.03198919356472537,7.0,8.977022085582558
5150.0,17000.0,-20.5,19.5,40.2,270.0,54.7,3185.0,59.800000000000004,13.55,66.2,1125.0,72.7,71.3,6694.225720993479,34.2754357259309,20.04940866252762,10.70284865330456,0.7872076007662404,1.0812029681173556,0.59,1.0,1.0,1.0,0.9808591458979914,0.9808591458979914,52721.7650111453,253.14999999999998,0.725390553084835,31.151568882549583,0.03198862058273559,6.7,8.977090576366676
5200.0,17000.0,-20.0,19.5,39.5,269.0,54.900000000000006,3184.0,60.0,13.65,66.0,1127.0,72.8,71.10000000000001,6694.276665374959,34.2754357259309,20.049561242492192,10.70284865330456,0.7872076007662404,1.0812029681173556,0.5700000000000001,1.0,1.0,1.0,0.9808591458979914,0.9808591458979914,52721.7650111453,253.14999999999998,0.725390553084835,31.151568882549583,0.03198804905236368,6.300000000000001,8.977158893801128
5250.0,16980.0,-20.0,20.5,39.1,270.0,55.2,3188.0,60.2,13.55,66.9,1123.0,72.10000000000001,71.4,6694.327480691694,34.2754357259309,20.04971343590395,10.70284865330456,0.7872076007662404,1.0812029681173556,0.54,1.0,1.0,1.0,0.9808591458979914,0.9808591458979914,52721.7650111453,253.14999999999998,0.725390553084835,31.151568882549583,0.03198747897133806,6.6000000000000005,8.977227038157176
5300.0,16980.0,-20.400000000000002,20.0,39.7,270.0,55.1,3190.0,60.1,13.700000000000001,66.3,1127.0,73.3,71.60000000000001,6694.378167145654,34.2754357259309,20.04986524336779,10.70284865330456,0.7872076007662404,1.0812029681173556,0.52,1.0,1.0,1.0,0.9808591458979914,0.9808591458979914,52721.7650111453,253.14999999999998,0.725390553084835,31.151568882549583,0.03198691033739057,6.6000000000000005,8.977295009705665
5350.0,17020.0,-19.8,20.0,39.900000000000006,270.0,55.1,3187.0,60.0,13.600000000000001,66.60000000000001,1128.0,73.9,70.10000000000001,6694.428724938499,34.2754357259309,20.050016665487703,10.70284865330456,0.7872076007662404,1.0812029681173556,0.58,1.0,1.0,1.0,0.9808591458979914,0.9808591458979914,52721.7650111453,253.14999999999998,0.725390553084835,31.151568882549583,0.03198634314825663,6.5,8.977362808717027
5400.0,17010.0,-20.0,20.5,40.5,270.0,55.2,3179.0,60.5,13.600000000000001,67.60000000000001,1124.0,72.60000000000001,71.0,6694.4791542715775,34.2754357259309,20.050167702866723,10.70284865330456,0.7872076007662404,1.0812029681173556,0.5700000000000001,1.0,1.0,1.0,0.9808591458979914,0.9808591458979914,52721.7650111453,253.14999999999998,0.725390553084835,31.151568882549583,0.03198577740167509,6.800000000000001,8.97743043546127
5450.0,17010.0,-20.5,20.5,40.0,270.0,54.7,3190.0,59.300000000000004,13.65,66.10000000000001,1127.0,72.9,71.5,6694.529455345933,34.2754357259309,20.050318356106985,10.70284865330456,0.7872076007662404,1.0812029681173556,0.56,1.0,1.0,1.0,0.9808591458979914,0.9808591458979914,52721.7650111453,253.14999999999998,0.725390553084835,31.151568882549583,0.031985213095388335,6.5,8.977497890208003
5500.0,16990.0,-19.6,20.5,39.800000000000004,270.0,54.7,3190.0,59.5,13.65,67.0,1133.0,72.5,70.9,6694.579628362287,34.2754357259309,20.050468625809657,10.70284865330456,0.7872076007662404,1.0812029681173556,0.62,1.0,1.0,1.0,0.9808591458979914,0.9808591458979914,52721.7650111453,253.14999999999998,0.725390553084835,31.151568882549583,0.03198465022714206,7.0,8.977565173226395
5550.0,16990.0,-19.900000000000002,20.0,40.1,269.0,55.0,3182.0,60.0,13.65,66.8,1123.0,73.3,71.10000000000001,6694.629673521075,34.2754357259309,20.05061851257505,10.70284865330456,0.7872076007662404,1.0812029681173556,0.54,1.0,1.0,1.0,0.9808591458979914,0.9808591458979914,52721.7650111453,253.14999999999998,0.725390553084835,31.151568882549583,0.03198408879468564,6.6000000000000005,8.977632284785233
5600.0,16980.0,-20.3,19.5,40.5,269.0,55.1,3186.0,60.1,13.600000000000001,67.5,1126.0,72.4,70.3,6694.679591022404,34.2754357259309,20.050768017002486,10.70284865330456,0.7872076007662404,1.0812029681173556,0.55,1.0,1.0,1.0,0.9808591458979914,0.9808591458979914,52721.7650111453,253.14999999999998,0.725390553084835,31.151568882549583,0.03198352879577173,6.4,8.977699225152865
5650.0,17000.0,-20.1,21.0,39.300000000000004,270.0,54.800000000000004,3186.0,60.0,13.450000000000001,67.10000000000001,1132.0,72.8,71.10000000000001,6694.729381066083,34.2754357259309,20.050917139690405,10.70284865330456,0.7872076007662404,1.0812029681173556,0.6,1.0,1.0,1.0,0.9808591458979914,0.9808591458979914,52721.7650111453,253.14999999999998,0.725390553084835,31.151568882549583,0.03198297022815651,6.7,8.97776599459724
5700.0,16990.0,-20.700000000000003,20.5,40.0,269.0,55.0,3186.0,59.800000000000004,13.65,66.2,1129.0,72.4,70.60000000000001,6694.779043851616,34.2754357259309,20.051065881236322,10.70284865330456,0.7872076007662404,1.0812029681173556,0.62,1.0,1.0,1.0,0.9808591458979914,0.9808591458979914,52721.7650111453,253.14999999999998,0.725390553084835,31.151568882549583,0.03198241308959962,7.0,8.977832593385894
5750.0,17000.0,-20.3,19.5,40.0,270.0,55.0,3188.0,59.900000000000006,13.5,66.60000000000001,1129.0,72.4,70.9,6694.828579578193,34.2754357259309,20.051214242236824,10.70284865330456,0.7872076007662404,1.0812029681173556,0.54,1.0,1.0,1.0,0.9808591458979914,0.9808591458979914,52721.7650111453,253.14999999999998,0.725390553084835,31.151568882549583,0.03198185737786409,6.7,8.977899021785948
5800.0,17000.0,-19.6,20.5,39.5,271.0,54.800000000000004,3186.0,60.1,13.55,67.5,1125.0,72.7,70.60000000000001,6694.877988444708,34.2754357259309,20.051362223287597,10.70284865330456,0.7872076007662404,1.0812029681173556,0.55,1.0,1.0,1.0,0.9808591458979914,0.9808591458979914,52721.7650111453,253.14999999999998,0.725390553084835,31.151568882549583,0.031981303090716354,7.0,8.977965280064122
5850.0,17010.0,-19.5,21.0,39.6,270.0,54.800000000000004,3185.0,59.800000000000004,13.5,66.3,1127.0,72.5,71.4,6694.927270649748,34.2754357259309,20.05150982498342,10.70284865330456,0.7872076007662404,1.0812029681173556,0.54,1.0,1.0,1.0,0.9808591458979914,0.9808591458979914,52721.7650111453,253.14999999999998,0.725390553084835,31.151568882549583,0.03198075022592641,7.4,8.978031368486725
5900.0,16990.0,-20.0,19.5,40.7,271.0,55.1,3183.0,60.1,13.5,67.8,1129.0,72.9,69.7,6694.976426391582,34.2754357259309,20.051657047918113,10.70284865330456,0.7872076007662404,1.0812029681173556,0.54,1.0,1.0,1.0,0.9808591458979914,0.9808591458979914,52721.7650111453,253.14999999999998,0.725390553084835,31.151568882549583,0.031980198781267545,6.9,8.97809728731964
5950.0,17010.0,-19.700000000000003,19.0,40.1,271.0,54.7,3188.0,60.1,13.55,65.8,1126.0,72.8,70.9,6695.025455868194,34.2754357259309,20.051803892684642,10.70284865330456,0.7872076007662404,1.0812029681173556,0.55,1.0,1.0,1.0,0.9808591458979914,0.9808591458979914,52721.7650111453,253.14999999999998,0.725390553084835,31.151568882549583,0.03197964875451654,6.6000000000000005,8.978163036828365
6000.0,17000.0,-19.900000000000002,20.0,39.800000000000004,270.0,54.6,3190.0,60.0,13.600000000000001,67.5,1122.0,72.2,71.10000000000001,6695.074359277249,34.2754357259309,20.051950359875025,10.70284865330456,0.7872076007662404,1.0812029681173556,0.5700000000000001,1.0,1.0,1.0,0.9808591458979914,0.9808591458979914,52721.7650111453,253.14999999999998,0.725390553084835,31.151568882549583,0.03197910014345346,6.7,8.978228617277978
6050.0,16990.0,-19.8,20.5,40.2,270.0,54.6,3191.0,60.400000000000006,13.65,66.4,1129.0,73.2,71.7,6695.123136816125,34.2754357259309,20.052096450080413,10.70284865330456,0.7872076007662404,1.0812029681173556,0.54,1.0,1.0,1.0,0.9808591458979914,0.9808591458979914,52721.7650111453,253.14999999999998,0.725390553084835,31.151568882549583,0.031978552945861945,6.6000000000000005,8.978294028933162
6100.0,17010.0,-20.0,19.5,40.2,270.0,55.0,3189.0,59.900000000000006,13.700000000000001,66.4,1125.0,72.9,71.4,6695.171788681882,34.2754357259309,20.052242163891002,10.70284865330456,0.7872076007662404,1.0812029681173556,0.52,1.0,1.0,1.0,0.9808591458979914,0.9808591458979914,52721.7650111453,253.14999999999998,0.725390553084835,31.151568882549583,0.03197800715952887,6.4,8.97835927205818
6150.0,16980.0,-20.0,19.5,39.800000000000004,271.0,54.900000000000006,3189.0,59.900000000000006,13.65,67.2,1125.0,72.9,71.5,6695.220315071289,34.2754357259309,20.052387501896128,10.70284865330456,0.7872076007662404,1.0812029681173556,0.58,1.0,1.0,1.0,0.9808591458979914,0.9808591458979914,52721.7650111453,253.14999999999998,0.725390553084835,31.151568882549583,0.03197746278224464,6.300000000000001,8.978424346916901
6200.0,17010.0,-20.3,20.5,40.400000000000006,270.0,55.0,3188.0,60.2,13.55,67.10000000000001,1129.0,72.7,70.60000000000001,6695.268716180803,34.2754357259309,20.052532464684177,10.70284865330456,0.7872076007662404,1.0812029681173556,0.53,1.0,1.0,1.0,0.9808591458979914,0.9808591458979914,52721.7650111453,253.14999999999998,0.725390553084835,31.151568882549583,0.03197691981180295,6.4,8.97848925377278
6250.0,16980.0,-19.8,21.0,40.6,269.0,55.1,3194.0,59.900000000000006,13.600000000000001,65.7,1128.0,72.5,71.10000000000001,6695.31699220659,34.2754357259309,20.052677052842682,10.70284865330456,0.7872076007662404,1.0812029681173556,0.52,1.0,1.0,1.0,0.9808591458979914,0.9808591458979914,52721.7650111453,253.14999999999998,0.725390553084835,31.151568882549583,0.03197637824600094,6.800000000000001,8.978553992888882
6300.0,17010.0,-20.200000000000003,19.5,39.1,270.0,54.900000000000006,3182.0,60.1,13.55,66.3,1125.0,73.3,71.3,6695.3651433445075,34.2754357259309,20.052821266958237,10.70284865330456,0.7872076007662404,1.0812029681173556,0.56,1.0,1.0,1.0,0.9808591458979914,0.9808591458979914,52721.7650111453,253.14999999999998,0.725390553084835,31.151568882549583,0.03197583808263903,6.9,8.978618564527853
6350.0,16990.0,-20.0,20.0,39.800000000000004,270.0,54.800000000000004,3190.0,60.2,13.4,67.60000000000001,1119.0,72.7,71.5,6695.413169790125,34.2754357259309,20.052965107616576,10.70284865330456,0.7872076007662404,1.0812029681173556,0.56,1.0,1.0,1.0,0.9808591458979914,0.9808591458979914,52721.7650111453,253.14999999999998,0.725390553084835,31.151568882549583,0.031975299319521075,6.300000000000001,8.978682968951953
6400.0,16990.0,-19.700000000000003,19.0,40.5,270.0,54.800000000000004,3186.0,59.7,13.65,67.4,1123.0,72.8,70.5,6695.4610717386995,34.2754357259309,20.053108575402508,10.70284865330456,0.7872076007662404,1.0812029681173556,0.61,1.0,1.0,1.0,0.9808591458979914,0.9808591458979914,52721.7650111453,253.14999999999998,0.725390553084835,31.151568882549583,0.0319747619544543,6.4,8.978747206423032
6450.0,17020.0,-20.0,19.5,39.7,269.0,54.7,3189.0,59.6,13.450000000000001,66.7,1122.0,72.60000000000001,70.5,6695.5088493851945,34.2754357259309,20.053251670899943,10.70284865330456,0.7872076007662404,1.0812029681173556,0.54,1.0,1.0,1.0,0.9808591458979914,0.9808591458979914,52721.7650111453,253.14999999999998,0.725390553084835,31.151568882549583,0.03197422598524929,7.2,8.978811277202533
6500.0,17000.0,-19.900000000000002,19.0,39.7,270.0,54.800000000000004,3192.0,59.6,13.600000000000001,66.60000000000001,1127.0,72.7,70.8,6695.556502924275,34.2754357259309,20.05339439469192,10.70284865330456,0.7872076007662404,1.0812029681173556,0.56,1.0,1.0,1.0,0.9808591458979914,0.9808591458979914,52721.7650111453,253.14999999999998,0.725390553084835,31.151568882549583,0.03197369140971995,6.5,8.978875181551512
6550.0,17010.0,-19.900000000000002,20.0,39.800000000000004,271.0,55.0,3187.0,60.0,13.700000000000001,66.10000000000001,1129.0,72.2,71.10000000000001,6695.604032550306,34.2754357259309,20.053536747360564,10.70284865330456,0.7872076007662404,1.0812029681173556,0.61,1.0,1.0,1.0,0.9808591458979914,0.9808591458979914,52721.7650111453,253.14999999999998,0.725390553084835,31.151568882549583,0.03197315822568348,6.800000000000001,8.978938919730611
6600.0,17000.0,-20.200000000000003,20.0,39.900000000000006,269.0,54.900000000000006,3189.0,59.800000000000004,13.55,66.10000000000001,1128.0,73.10000000000001,71.10000000000001,6695.651438457364,34.2754357259309,20.053678729487135,10.70284865330456,0.7872076007662404,1.0812029681173556,0.6,1.0,1.0,1.0,0.9808591458979914,0.9808591458979914,52721.7650111453,253.14999999999998,0.725390553084835,31.151568882549583,0.03197262643096051,6.7,8.979002492000093
6650.0,17000.0,-19.900000000000002,20.0,39.800000000000004,272.0,54.900000000000006,3186.0,60.1,13.600000000000001,66.10000000000001,1130.0,72.9,70.4,6695.698720839218,34.2754357259309,20.053820341651985,10.70284865330456,0.7872076007662404,1.0812029681173556,0.6,1.0,1.0,1.0,0.9808591458979914,0.9808591458979914,52721.7650111453,253.14999999999998,0.725390553084835,31.151568882549583,0.03197209602337501,6.9,8.97906589861981
6700.0,16980.0,-19.5,20.5,40.0,271.0,55.0,3188.0,59.800000000000004,13.65,67.2,1127.0,72.60000000000001,71.0,6695.745879889341,34.2754357259309,20.053961584434564,10.70284865330456,0.7872076007662404,1.0812029681173556,0.56,1.0,1.0,1.0,0.9808591458979914,0.9808591458979914,52721.7650111453,253.14999999999998,0.725390553084835,31.151568882549583,0.03197156700075421,6.4,8.979129139849205
6750.0,16980.0,-19.8,18.5,40.1,270.0,55.300000000000004,3186.0,60.2,13.55,67.0,1129.0,72.7,71.5,6695.792915800917,34.2754357259309,20.054102458413468,10.70284865330456,0.7872076007662404,1.0812029681173556,0.54,1.0,1.0,1.0,0.9808591458979914,0.9808591458979914,52721.7650111453,253.14999999999998,0.725390553084835,31.151568882549583,0.03197103936092866,6.800000000000001,8.979192215947347
6800.0,17010.0,-19.8,21.0,39.7,269.0,54.800000000000004,3191.0,60.1,13.600000000000001,66.2,1129.0,72.5,71.5,6695.839828766833,34.2754357259309,20.0542429641664,10.70284865330456,0.7872076007662404,1.0812029681173556,0.65,1.0,1.0,1.0,0.9808591458979914,0.9808591458979914,52721.7650111453,253.14999999999998,0.725390553084835,31.151568882549583,0.03197051310173233,6.800000000000001,8.9792551271729
6850.0,17010.0,-20.1,19.0,39.800000000000004,269.0,54.7,3195.0,60.1,13.600000000000001,66.7,1126.0,73.2,70.9,6695.8866189796745,34.2754357259309,20.054383102270155,10.70284865330456,0.7872076007662404,1.0812029681173556,0.58,1.0,1.0,1.0,0.9808591458979914,0.9808591458979914,52721.7650111453,253.14999999999998,0.725390553084835,31.151568882549583,0.03196998822100233,6.6000000000000005,8.979317873784124
6900.0,17000.0,-20.400000000000002,19.0,39.900000000000006,270.0,54.7,3188.0,60.0,13.450000000000001,66.4,1128.0,73.0,70.4,6695.933286631744,34.2754357259309,20.05452287330069,10.70284865330456,0.7872076007662404,1.0812029681173556,0.5700000000000001,1.0,1.0,1.0,0.9808591458979914,0.9808591458979914,52721.7650111453,253.14999999999998,0.725390553084835,31.151568882549583,0.0319694647165793,7.0,8.979380456038902
6950.0,17010.0,-20.0,20.0,39.7,270.0,55.0,3191.0,60.0,13.65,67.0,1129.0,73.2,70.60000000000001,6695.979831915032,34.2754357259309,20.054662277833025,10.70284865330456,0.7872076007662404,1.0812029681173556,0.51,1.0,1.0,1.0,0.9808591458979914,0.9808591458979914,52721.7650111453,253.14999999999998,0.725390553084835,31.151568882549583,0.031968942586306934,7.1000000000000005,8.979442874194698
7000.0,17000.0,-20.5,19.5,40.300000000000004,270.0,54.900000000000006,3194.0,59.7,13.55,67.0,1128.0,73.10000000000001,71.4,6696.026255021258,34.2754357259309,20.054801316441356,10.70284865330456,0.7872076007662404,1.0812029681173556,0.5700000000000001,1.0,1.0,1.0,0.9808591458979914,0.9808591458979914,52721.7650111453,253.14999999999998,0.725390553084835,31.151568882549583,0.03196842182803239,6.800000000000001,8.979505128508608
7050.0,17000.0,-20.0,20.0,40.1,271.0,55.1,3189.0,59.800000000000004,13.600000000000001,66.9,1127.0,73.7,70.7,6696.072556141836,34.2754357259309,20.05493998969898,10.70284865330456,0.7872076007662404,1.0812029681173556,0.58,1.0,1.0,1.0,0.9808591458979914,0.9808591458979914,52721.7650111453,253.14999999999998,0.725390553084835,31.151568882549583,0.031967902439606025,7.0,8.979567219237325
7100.0,17000.0,-19.3,20.0,40.1,269.0,54.900000000000006,3189.0,60.300000000000004,13.600000000000001,67.7,1127.0,72.8,72.3,6696.118735467891,34.2754357259309,20.055078298178323,10.70284865330456,0.7872076007662404,1.0812029681173556,0.58,1.0,1.0,1.0,0.9808591458979914,0.9808591458979914,52721.7650111453,253.14999999999998,0.725390553084835,31.151568882549583,0.03196738441888156,6.5,8.979629146637151
7150.0,16990.0,-20.3,20.5,39.900000000000006,270.0,55.0,3191.0,59.7,13.5,67.0,1128.0,73.0,70.60000000000001,6696.16479319025,34.2754357259309,20.05521624245091,10.70284865330456,0.7872076007662404,1.0812029681173556,0.59,1.0,1.0,1.0,0.9808591458979914,0.9808591458979914,52721.7650111453,253.14999999999998,0.725390553084835,31.151568882549583,0.03196686776371591,6.5,8.97969091096399
7200.0,16990.0,-20.3,20.5,40.300000000000004,270.0,55.2,3200.0,59.5,13.55,66.5,1125.0,72.5,70.8,6696.210729499458,34.2754357259309,20.055353823087437,10.70284865330456,0.7872076007662404,1.0812029681173556,0.53,1.0,1.0,1.0,0.9808591458979914,0.9808591458979914,52721.7650111453,253.14999999999998,0.725390553084835,31.151568882549583,0.031966352471969314,6.800000000000001,8.979752512473365
7250.0,17000.0,-19.900000000000002,20.5,40.2,270.0,55.400000000000006,3189.0,59.400000000000006,13.55,65.8,1127.0,72.9,70.7,6696.256544585762,34.2754357259309,20.0554910406577,10.70284865330456,0.7872076007662404,1.0812029681173556,0.63,1.0,1.0,1.0,0.9808591458979914,0.9808591458979914,52721.7650111453,253.14999999999998,0.725390553084835,31.151568882549583,0.031965838541505275,6.800000000000001,8.979813951420399
7300.0,17010.0,-20.3,19.5,40.0,270.0,54.6,3188.0,60.0,13.600000000000001,66.4,1126.0,72.8,71.0,6696.30223863912,34.2754357259309,20.055627895730627,10.70284865330456,0.7872076007662404,1.0812029681173556,0.58,1.0,1.0,1.0,0.9808591458979914,0.9808591458979914,52721.7650111453,253.14999999999998,0.725390553084835,31.151568882549583,0.03196532597019053,7.0,8.979875228059834
7350.0,17000.0,-20.1,20.0,40.2,270.0,55.2,3192.0,60.400000000000006,13.700000000000001,66.4,1127.0,72.9,70.9,6696.347811849203,34.2754357259309,20.055764388874284,10.70284865330456,0.7872076007662404,1.0812029681173556,0.55,1.0,1.0,1.0,0.9808591458979914,0.9808591458979914,52721.7650111453,253.14999999999998,0.725390553084835,31.151568882549583,0.03196481475589502,6.300000000000001,8.979936342646019
7400.0,17000.0,-20.200000000000003,20.0,39.7,269.0,55.0,3189.0,60.2,13.75,67.0,1128.0,72.5,70.3,6696.3932644053975,34.2754357259309,20.055900520655896,10.70284865330456,0.7872076007662404,1.0812029681173556,0.61,1.0,1.0,1.0,0.9808591458979914,0.9808591458979914,52721.7650111453,253.14999999999998,0.725390553084835,31.151568882549583,0.03196430489649209,6.5,8.979997295432927
7450.0,16990.0,-20.0,20.0,39.6,270.0,55.2,3185.0,59.6,13.65,67.2,1125.0,72.4,70.60000000000001,6696.438596496787,34.2754357259309,20.056036291641767,10.70284865330456,0.7872076007662404,1.0812029681173556,0.5700000000000001,1.0,1.0,1.0,0.9808591458979914,0.9808591458979914,52721.7650111453,253.14999999999998,0.725390553084835,31.151568882549583,0.03196379638985819,7.0,8.980058086674122
7500.0,16990.0,-20.0,20.5,39.0,271.0,54.800000000000004,3190.0,60.1,13.65,67.2,1121.0,72.60000000000001,71.0,6696.483808312174,34.2754357259309,20.05617170239737,10.70284865330456,0.7872076007662404,1.0812029681173556,0.56,1.0,1.0,1.0,0.9808591458979914,0.9808591458979914,52721.7650111453,253.14999999999998,0.725390553084835,31.151568882549583,0.031963289233873066,6.800000000000001,8.980118716622792
7550.0,17010.0,-19.8,20.0,39.300000000000004,270.0,55.1,3184.0,60.2,13.65,67.0,1119.0,72.5,71.9,6696.528900040077,34.2754357259309,20.056306753487327,10.70284865330456,0.7872076007662404,1.0812029681173556,0.55,1.0,1.0,1.0,0.9808591458979914,0.9808591458979914,52721.7650111453,253.14999999999998,0.725390553084835,31.151568882549583,0.0319627834264197,6.2,8.980179185531744
7600.0,17010.0,-20.0,20.5,40.1,270.0,55.1,3191.0,60.7,13.65,65.9,1128.0,73.3,71.60000000000001,6696.573871868721,34.2754357259309,20.05644144547537,10.70284865330456,0.7872076007662404,1.0812029681173556,0.55,1.0,1.0,1.0,0.9808591458979914,0.9808591458979914,52721.7650111453,253.14999999999998,0.725390553084835,31.151568882549583,0.03196227896538427,7.0,8.980239493653393
7650.0,17010.0,-19.200000000000003,19.5,39.800000000000004,270.0,54.900000000000006,3185.0,59.2,13.55,67.10000000000001,1126.0,73.60000000000001,71.0,6696.618723986046,34.2754357259309,20.056575778924394,10.70284865330456,0.7872076007662404,1.0812029681173556,0.61,1.0,1.0,1.0,0.9808591458979914,0.9808591458979914,52721.7650111453,253.14999999999998,0.725390553084835,31.151568882549583,0.03196177584865617,6.800000000000001,8.980299641239768
7700.0,17010.0,-19.900000000000002,20.5,40.0,270.0,55.1,3187.0,60.1,13.75,66.7,1128.0,73.4,71.5,6696.66345657971,34.2754357259309,20.056709754396433,10.70284865330456,0.7872076007662404,1.0812029681173556,0.5700000000000001,1.0,1.0,1.0,0.9808591458979914,0.9808591458979914,52721.7650111453,253.14999999999998,0.725390553084835,31.151568882549583,0.03196127407412804,6.1000000000000005,8.980359628542523
7750.0,17010.0,-20.700000000000003,20.5,40.1,271.0,54.800000000000004,3182.0,60.1,13.600000000000001,66.60000000000001,1127.0,73.9,71.4,6696.70806983708,34.2754357259309,20.05684337245266,10.70284865330456,0.7872076007662404,1.0812029681173556,0.6,1.0,1.0,1.0,0.9808591458979914,0.9808591458979914,52721.7650111453,253.14999999999998,0.725390553084835,31.151568882549583,0.03196077363969575,6.9,8.980419455812921
7800.0,17020.0,-20.1,19.0,39.900000000000006,271.0,54.800000000000004,3188.0,59.800000000000004,13.700000000000001,67.3,1128.0,73.10000000000001,71.0,6696.752563945234,34.2754357259309,20.056976633653377,10.70284865330456,0.7872076007662404,1.0812029681173556,0.5700000000000001,1.0,1.0,1.0,0.9808591458979914,0.9808591458979914,52721.7650111453,253.14999999999998,0.725390553084835,31.151568882549583,0.031960274543258366,6.4,8.980479123301839
7850.0,16970.0,-20.0,20.0,40.5,271.0,55.300000000000004,3184.0,59.900000000000006,13.65,68.4,1131.0,73.3,70.8,6696.796939090975,34.2754357259309,20.057109538558066,10.70284865330456,0.7872076007662404,1.0812029681173556,0.54,1.0,1.0,1.0,0.9808591458979914,0.9808591458979914,52721.7650111453,253.14999999999998,0.725390553084835,31.151568882549583,0.03195977678271807,6.9,8.98053863125978
7900.0,16990.0,-20.1,20.0,40.6,270.0,54.5,3190.0,59.800000000000004,13.600000000000001,66.8,1126.0,73.2,70.2,6696.841195460813,34.2754357259309,20.05724208772533,10.70284865330456,0.7872076007662404,1.0812029681173556,0.55,1.0,1.0,1.0,0.9808591458979914,0.9808591458979914,52721.7650111453,253.14999999999998,0.725390553084835,31.151568882549583,0.03195928035598039,6.9,8.98059797993686
7950.0,16990.0,-20.5,20.5,40.400000000000006,270.0,54.6,3191.0,59.5,13.600000000000001,66.3,1124.0,72.8,70.9,6696.8853332409735,34.2754357259309,20.057374281712924,10.70284865330456,0.7872076007662404,1.0812029681173556,0.55,1.0,1.0,1.0,0.9808591458979914,0.9808591458979914,52721.7650111453,253.14999999999998,0.725390553084835,31.151568882549583,0.03195878526095387,6.800000000000001,8.98065716958281
8000.0,16990.0,-19.700000000000003,20.0,39.7,269.0,54.7,3190.0,59.900000000000006,13.450000000000001,66.5,1125.0,73.5,70.10000000000001,6696.929352617412,34.2754357259309,20.057506121077786,10.70284865330456,0.7872076007662404,1.0812029681173556,0.52,1.0,1.0,1.0,0.9808591458979914,0.9808591458979914,52721.7650111453,253.14999999999998,0.725390553084835,31.151568882549583,0.03195829149555041,7.0,8.980716200447004
8050.0,17020.0,-20.200000000000003,19.5,40.2,268.0,54.6,3187.0,60.5,13.55,66.9,1130.0,73.60000000000001,70.7,6696.973253775781,34.2754357259309,20.057637606375945,10.70284865330456,0.7872076007662404,1.0812029681173556,0.5700000000000001,1.0,1.0,1.0,0.9808591458979914,0.9808591458979914,52721.7650111453,253.14999999999998,0.725390553084835,31.151568882549583,0.031957799057684956,7.2,8.980775072778398
8100.0,16980.0,-19.700000000000003,19.5,40.0,270.0,54.800000000000004,3184.0,60.1,13.65,66.8,1127.0,73.10000000000001,70.5,6697.017036901465,34.2754357259309,20.057768738162647,10.70284865330456,0.7872076007662404,1.0812029681173556,0.59,1.0,1.0,1.0,0.9808591458979914,0.9808591458979914,52721.7650111453,253.14999999999998,0.725390553084835,31.151568882549583,0.03195730794527559,6.9,8.980833786825603
8150.0,17030.0,-20.1,20.0,40.300000000000004,271.0,54.900000000000006,3187.0,60.2,13.55,66.60000000000001,1127.0,73.3,70.7,6697.06070217957,34.2754357259309,20.05789951699228,10.70284865330456,0.7872076007662404,1.0812029681173556,0.51,1.0,1.0,1.0,0.9808591458979914,0.9808591458979914,52721.7650111453,253.14999999999998,0.725390553084835,31.151568882549583,0.03195681815624377,6.2,8.980892342836848
8200.0,16980.0,-20.400000000000002,20.0,39.5,269.0,54.800000000000004,3187.0,60.400000000000006,13.65,66.9,1126.0,72.8,71.10000000000001,6697.104249794899,34.2754357259309,20.058029943418337,10.70284865330456,0.7872076007662404,1.0812029681173556,0.58,1.0,1.0,1.0,0.9808591458979914,0.9808591458979914,52721.7650111453,253.14999999999998,0.725390553084835,31.151568882549583,0.031956329688513974,6.5,8.980950741059956
8250.0,17000.0,-20.6,20.0,40.300000000000004,270.0,55.400000000000006,3185.0,60.1,13.600000000000001,66.8,1127.0,72.9,71.4,6697.147679931992,34.2754357259309,20.05816001799352,10.70284865330456,0.7872076007662404,1.0812029681173556,0.61,1.0,1.0,1.0,0.9808591458979914,0.9808591458979914,52721.7650111453,253.14999999999998,0.725390553084835,31.151568882549583,0.03195584254001381,6.7,8.9810089817424
8300.0,17010.0,-20.200000000000003,20.5,39.7,271.0,55.400000000000006,3188.0,59.300000000000004,13.55,67.60000000000001,1128.0,73.0,71.5,6697.190992775106,34.2754357259309,20.058289741269686,10.70284865330456,0.7872076007662404,1.0812029681173556,0.58,1.0,1.0,1.0,0.9808591458979914,0.9808591458979914,52721.7650111453,253.14999999999998,0.725390553084835,31.151568882549583,0.031955356708674096,7.0,8.981067065131272
8350.0,17010.0,-19.5,20.0,40.400000000000006,270.0,54.900000000000006,3195.0,60.1,13.65,66.9,1125.0,72.9,71.7,6697.234188508211,34.2754357259309,20.058419113797832,10.70284865330456,0.7872076007662404,1.0812029681173556,0.58,1.0,1.0,1.0,0.9808591458979914,0.9808591458979914,52721.7650111453,253.14999999999998,0.725390553084835,31.151568882549583,0.03195487219242878,6.300000000000001,8.981124991473283
8400.0,17000.0,-19.5,20.0,39.300000000000004,272.0,55.1,3188.0,59.900000000000006,13.65,66.5,1130.0,73.10000000000001,71.10000000000001,6697.277267315007,34.2754357259309,20.05854813612814,10.70284865330456,0.7872076007662404,1.0812029681173556,0.5700000000000001,1.0,1.0,1.0,0.9808591458979914,0.9808591458979914,52721.7650111453,253.14999999999998,0.725390553084835,31.151568882549583,0.03195438898921498,6.7,8.98118276101477
8450.0,17010.0,-20.3,19.0,40.2,271.0,55.1,3190.0,59.900000000000006,13.65,66.8,1126.0,72.8,72.0,6697.3202293789045,34.2754357259309,20.05867680880994,10.70284865330456,0.7872076007662404,1.0812029681173556,0.51,1.0,1.0,1.0,0.9808591458979914,0.9808591458979914,52721.7650111453,253.14999999999998,0.725390553084835,31.151568882549583,0.031953907096972864,6.800000000000001,8.981240374001699
8500.0,16980.0,-20.0,20.0,39.2,270.0,54.900000000000006,3180.0,60.300000000000004,13.700000000000001,67.7,1128.0,72.9,71.60000000000001,6697.363074883043,34.2754357259309,20.05880513239173,10.70284865330456,0.7872076007662404,1.0812029681173556,0.62,1.0,1.0,1.0,0.9808591458979914,0.9808591458979914,52721.7650111453,253.14999999999998,0.725390553084835,31.151568882549583,0.03195342651364586,7.0,8.98129783067966
8550.0,16990.0,-19.900000000000002,20.0,39.300000000000004,270.0,55.5,3191.0,60.400000000000006,13.600000000000001,66.8,1128.0,72.60000000000001,70.5,6697.405804010277,34.2754357259309,20.05893310742117,10.70284865330456,0.7872076007662404,1.0812029681173556,0.6,1.0,1.0,1.0,0.9808591458979914,0.9808591458979914,52721.7650111453,253.14999999999998,0.725390553084835,31.151568882549583,0.031952947237180444,7.0,8.981355131293862
8600.0,16990.0,-19.700000000000003,20.0,40.1,270.0,55.2,3189.0,60.400000000000006,13.600000000000001,67.2,1125.0,73.7,71.2,6697.448416943187,34.2754357259309,20.059060734445087,10.70284865330456,0.7872076007662404,1.0812029681173556,0.59,1.0,1.0,1.0,0.9808591458979914,0.9808591458979914,52721.7650111453,253.14999999999998,0.725390553084835,31.151568882549583,0.03195246926552618,6.300000000000001,8.981412276089154
8650.0,16990.0,-19.6,20.0,39.2,271.0,54.900000000000006,3194.0,60.0,13.600000000000001,67.5,1125.0,72.60000000000001,70.9,6697.490913864078,34.2754357259309,20.059188014009496,10.70284865330456,0.7872076007662404,1.0812029681173556,0.59,1.0,1.0,1.0,0.9808591458979914,0.9808591458979914,52721.7650111453,253.14999999999998,0.725390553084835,31.151568882549583,0.03195199259663575,6.4,8.981469265310006
8700.0,16980.0,-19.700000000000003,19.5,39.800000000000004,269.0,54.900000000000006,3188.0,60.300000000000004,13.55,67.8,1125.0,72.7,71.7,6697.533294954979,34.2754357259309,20.059314946659583,10.70284865330456,0.7872076007662404,1.0812029681173556,0.5700000000000001,1.0,1.0,1.0,0.9808591458979914,0.9808591458979914,52721.7650111453,253.14999999999998,0.725390553084835,31.151568882549583,0.03195151722846502,6.6000000000000005,8.981526099200527
8750.0,17000.0,-19.6,20.5,39.7,270.0,55.0,3184.0,60.0,13.600000000000001,67.5,1130.0,72.8,70.9,6697.575560397639,34.2754357259309,20.059441532939687,10.70284865330456,0.7872076007662404,1.0812029681173556,0.59,1.0,1.0,1.0,0.9808591458979914,0.9808591458979914,52721.7650111453,253.14999999999998,0.725390553084835,31.151568882549583,0.03195104315897294,6.6000000000000005,8.981582778004443
8800.0,17010.0,-20.0,19.5,39.6,271.0,55.0,3195.0,59.800000000000004,13.600000000000001,68.3,1124.0,72.2,71.60000000000001,6697.617710373525,34.2754357259309,20.059567773393308,10.70284865330456,0.7872076007662404,1.0812029681173556,0.54,1.0,1.0,1.0,0.9808591458979914,0.9808591458979914,52721.7650111453,253.14999999999998,0.725390553084835,31.151568882549583,0.03195057038612155,6.7,8.981639301965107
8850.0,16990.0,-19.900000000000002,19.5,39.900000000000006,270.0,54.800000000000004,3186.0,59.900000000000006,13.5,66.60000000000001,1127.0,72.8,70.8,6697.659745063837,34.2754357259309,20.059693668563146,10.70284865330456,0.7872076007662404,1.0812029681173556,0.5700000000000001,1.0,1.0,1.0,0.9808591458979914,0.9808591458979914,52721.7650111453,253.14999999999998,0.725390553084835,31.151568882549583,0.031950098907875944,6.5,8.981695671325507
8900.0,17010.0,-19.6,20.0,40.2,270.0,55.1,3195.0,60.2,13.450000000000001,67.10000000000001,1130.0,72.8,71.5,6697.7016646495,34.2754357259309,20.059819218991073,10.70284865330456,0.7872076007662404,1.0812029681173556,0.55,1.0,1.0,1.0,0.9808591458979914,0.9808591458979914,52721.7650111453,253.14999999999998,0.725390553084835,31.151568882549583,0.0319496287222043,6.300000000000001,8.981751886328274
8950.0,17000.0,-20.5,20.0,40.5,268.0,54.7,3184.0,60.0,13.55,67.7,1129.0,73.10000000000001,71.10000000000001,6697.743469311165,34.2754357259309,20.05994442521815,10.70284865330456,0.7872076007662404,1.0812029681173556,0.58,1.0,1.0,1.0,0.9808591458979914,0.9808591458979914,52721.7650111453,253.14999999999998,0.725390553084835,31.151568882549583,0.031949159827077994,6.5,8.981807947215659
9000.0,17010.0,-20.3,20.5,40.5,270.0,55.0,3190.0,59.1,13.600000000000001,66.7,1127.0,73.2,70.9,6697.7851592292,34.2754357259309,20.06006928778458,10.70284865330456,0.7872076007662404,1.0812029681173556,0.53,1.0,1.0,1.0,0.9808591458979914,0.9808591458979914,52721.7650111453,253.14999999999998,0.725390553084835,31.151568882549583,0.03194869222047126,6.7,8.981863854229543
9050.0,17000.0,-20.0,20.0,40.400000000000006,269.0,55.0,3194.0,59.5,13.600000000000001,66.5,1126.0,72.60000000000001,70.9,6697.826734583715,34.2754357259309,20.0601938072298,10.70284865330456,0.7872076007662404,1.0812029681173556,0.62,1.0,1.0,1.0,0.9808591458979914,0.9808591458979914,52721.7650111453,253.14999999999998,0.725390553084835,31.151568882549583,0.03194822590036168,6.4,8.981919607611454
9100.0,16990.0,-20.400000000000002,21.0,39.800000000000004,270.0,54.900000000000006,3185.0,59.900000000000006,13.75,67.60000000000001,1125.0,73.10000000000001,70.60000000000001,6697.868195554528,34.2754357259309,20.06031798409237,10.70284865330456,0.7872076007662404,1.0812029681173556,0.51,1.0,1.0,1.0,0.9808591458979914,0.9808591458979914,52721.7650111453,253.14999999999998,0.725390553084835,31.151568882549583,0.03194776086472966,7.0,8.981975207602533
9150.0,17010.0,-19.700000000000003,20.0,39.900000000000006,271.0,55.1,3187.0,59.5,13.600000000000001,67.5,1124.0,73.10000000000001,71.10000000000001,6697.909542321202,34.2754357259309,20.06044181891009,10.70284865330456,0.7872076007662404,1.0812029681173556,0.59,1.0,1.0,1.0,0.9808591458979914,0.9808591458979914,52721.7650111453,253.14999999999998,0.725390553084835,31.151568882549583,0.03194729711155886,6.9,8.98203065444358
9200.0,16990.0,-20.5,19.5,40.400000000000006,270.0,54.900000000000006,3181.0,60.5,13.65,67.3,1129.0,73.10000000000001,70.9,6697.950775063012,34.2754357259309,20.060565312219886,10.70284865330456,0.7872076007662404,1.0812029681173556,0.56,1.0,1.0,1.0,0.9808591458979914,0.9808591458979914,52721.7650111453,253.14999999999998,0.725390553084835,31.151568882549583,0.03194683463883587,6.6000000000000005,8.982085948375001
9250.0,17030.0,-19.8,20.0,40.2,269.0,55.300000000000004,3186.0,60.2,13.65,67.0,1127.0,72.9,71.0,6697.991893958971,34.2754357259309,20.060688464557916,10.70284865330456,0.7872076007662404,1.0812029681173556,0.55,1.0,1.0,1.0,0.9808591458979914,0.9808591458979914,52721.7650111453,253.14999999999998,0.725390553084835,31.151568882549583,0.03194637344455037,6.6000000000000005,8.98214108963686
9300.0,17020.0,-20.0,19.5,39.800000000000004,271.0,55.1,3191.0,59.900000000000006,13.65,66.4,1126.0,73.3,71.4,6698.0328991878205,34.2754357259309,20.06081127645951,10.70284865330456,0.7872076007662404,1.0812029681173556,0.54,1.0,1.0,1.0,0.9808591458979914,0.9808591458979914,52721.7650111453,253.14999999999998,0.725390553084835,31.151568882549583,0.03194591352669506,6.5,8.982196078468851
9350.0,17000.0,-19.5,19.0,40.1,269.0,54.900000000000006,3187.0,59.900000000000006,13.55,66.8,1126.0,72.4,71.4,6698.07379092803,34.2754357259309,20.060933748459195,10.70284865330456,0.7872076007662404,1.0812029681173556,0.59,1.0,1.0,1.0,0.9808591458979914,0.9808591458979914,52721.7650111453,253.14999999999998,0.725390553084835,31.151568882549583,0.03194545488326575,6.9,8.982250915110306
9400.0,16980.0,-19.900000000000002,20.5,39.6,270.0,55.0,3196.0,60.6,13.5,68.3,1125.0,73.3,71.5,6698.114569357793,34.2754357259309,20.06105588109066,10.70284865330456,0.7872076007662404,1.0812029681173556,0.54,1.0,1.0,1.0,0.9808591458979914,0.9808591458979914,52721.7650111453,253.14999999999998,0.725390553084835,31.151568882549583,0.031944997512261285,6.800000000000001,8.982305599800187
9450.0,17000.0,-19.8,20.0,40.5,270.0,55.0,3193.0,60.2,13.65,66.4,1124.0,72.7,70.7,6698.155234655037,34.2754357259309,20.06117767488681,10.70284865330456,0.7872076007662404,1.0812029681173556,0.59,1.0,1.0,1.0,0.9808591458979914,0.9808591458979914,52721.7650111453,253.14999999999998,0.725390553084835,31.151568882549583,0.03194454141168347,6.9,8.982360132777098
9500.0,17000.0,-19.6,20.5,40.1,269.0,55.300000000000004,3188.0,60.0,13.55,66.3,1123.0,73.10000000000001,70.60000000000001,6698.195786997422,34.2754357259309,20.061299130379737,10.70284865330456,0.7872076007662404,1.0812029681173556,0.66,1.0,1.0,1.0,0.9808591458979914,0.9808591458979914,52721.7650111453,253.14999999999998,0.725390553084835,31.151568882549583,0.03194408657953718,6.4,8.982414514279284
9550.0,16980.0,-19.8,21.0,40.0,270.0,54.6,3186.0,59.7,13.450000000000001,66.9,1121.0,72.4,70.7,6698.236226562337,34.2754357259309,20.061420248100724,10.70284865330456,0.7872076007662404,1.0812029681173556,0.54,1.0,1.0,1.0,0.9808591458979914,0.9808591458979914,52721.7650111453,253.14999999999998,0.725390553084835,31.151568882549583,0.03194363301383028,6.800000000000001,8.982468744544626
9600.0,17000.0,-19.700000000000003,20.5,40.5,270.0,55.1,3190.0,60.0,13.55,66.60000000000001,1125.0,73.10000000000001,70.9,6698.276553526902,34.2754357259309,20.06154102858026,10.70284865330456,0.7872076007662404,1.0812029681173556,0.55,1.0,1.0,1.0,0.9808591458979914,0.9808591458979914,52721.7650111453,253.14999999999998,0.725390553084835,31.151568882549583,0.031943180712573654,6.5,8.982522823810646
9650.0,16990.0,-19.700000000000003,20.0,39.7,271.0,54.900000000000006,3183.0,60.300000000000004,13.55,66.5,1127.0,73.3,71.0,6698.3167680679735,34.2754357259309,20.061661472348025,10.70284865330456,0.7872076007662404,1.0812029681173556,0.53,1.0,1.0,1.0,0.9808591458979914,0.9808591458979914,52721.7650111453,253.14999999999998,0.725390553084835,31.151568882549583,0.03194272967378124,6.800000000000001,8.982576752314515
9700.0,16990.0,-19.400000000000002,20.0,39.1,270.0,55.400000000000006,3195.0,60.5,13.5,67.3,1125.0,73.0,70.4,6698.356870362136,34.2754357259309,20.0617815799329,10.70284865330456,0.7872076007662404,1.0812029681173556,0.55,1.0,1.0,1.0,0.9808591458979914,0.9808591458979914,52721.7650111453,253.14999999999998,0.725390553084835,31.151568882549583,0.03194227989547001,6.5,8.982630530293031
9750.0,17010.0,-19.8,20.0,39.5,270.0,54.900000000000006,3192.0,60.400000000000006,13.65,66.3,1120.0,72.3,71.7,6698.396860585699,34.2754357259309,20.06190135186294,10.70284865330456,0.7872076007662404,1.0812029681173556,0.55,1.0,1.0,1.0,0.9808591458979914,0.9808591458979914,52721.7650111453,253.14999999999998,0.725390553084835,31.151568882549583,0.03194183137565984,6.5,8.982684157982636
9800.0,17020.0,-19.6,20.0,39.900000000000006,270.0,55.0,3195.0,60.1,13.65,67.5,1124.0,73.2,70.8,6698.436738914719,34.2754357259309,20.062020788665436,10.70284865330456,0.7872076007662404,1.0812029681173556,0.49,1.0,1.0,1.0,0.9808591458979914,0.9808591458979914,52721.7650111453,253.14999999999998,0.725390553084835,31.151568882549583,0.031941384112373655,6.2,8.982737635619417
9850.0,16990.0,-19.8,20.0,40.1,272.0,54.7,3188.0,60.1,13.55,66.8,1123.0,73.4,70.7,6698.476505524978,34.2754357259309,20.062139890866863,10.70284865330456,0.7872076007662404,1.0812029681173556,0.63,1.0,1.0,1.0,0.9808591458979914,0.9808591458979914,52721.7650111453,253.14999999999998,0.725390553084835,31.151568882549583,0.03194093810363738,6.7,8.982790963439106
9900.0,17010.0,-20.0,20.0,39.800000000000004,270.0,55.1,3185.0,60.0,13.55,68.2,1127.0,73.5,70.9,6698.516160591997,34.2754357259309,20.062258658992906,10.70284865330456,0.7872076007662404,1.0812029681173556,0.5700000000000001,1.0,1.0,1.0,0.9808591458979914,0.9808591458979914,52721.7650111453,253.14999999999998,0.725390553084835,31.151568882549583,0.031940493347479865,6.4,8.982844141677079
9950.0,16990.0,-19.900000000000002,21.0,40.1,271.0,55.1,3195.0,60.0,13.75,66.5,1125.0,72.5,72.2,6698.555704291028,34.2754357259309,20.062377093568454,10.70284865330456,0.7872076007662404,1.0812029681173556,0.59,1.0,1.0,1.0,0.9808591458979914,0.9808591458979914,52721.7650111453,253.14999999999998,0.725390553084835,31.151568882549583,0.03194004984193309,6.6000000000000005,8.982897170568355
10000.0,17010.0,-19.8,21.0,39.400000000000006,270.0,54.900000000000006,3180.0,60.300000000000004,13.600000000000001,67.2,1133.0,72.8,70.8,6698.595136797051,34.2754357259309,20.06249519511758,10.70284865330456,0.7872076007662404,1.0812029681173556,0.5700000000000001,1.0,1.0,1.0,0.9808591458979914,0.9808591458979914,52721.7650111453,253.14999999999998,0.725390553084835,31.151568882549583,0.031939607585031816,6.9,8.982950050347583
10050.0,16990.0,-20.200000000000003,20.5,40.2,268.0,54.800000000000004,3194.0,60.1,13.55,66.7,1127.0,73.2,70.3,6698.6344582848,34.2754357259309,20.062612964163613,10.70284865330456,0.7872076007662404,1.0812029681173556,0.54,1.0,1.0,1.0,0.9808591458979914,0.9808591458979914,52721.7650111453,253.14999999999998,0.725390553084835,31.151568882549583,0.03193916657481391,6.800000000000001,8.983002781249082
10100.0,17000.0,-19.8,19.5,40.1,271.0,55.1,3189.0,60.0,13.55,66.7,1130.0,72.9,70.5,6698.673668928727,34.2754357259309,20.062730401229047,10.70284865330456,0.7872076007662404,1.0812029681173556,0.55,1.0,1.0,1.0,0.9808591458979914,0.9808591458979914,52721.7650111453,253.14999999999998,0.725390553084835,31.151568882549583,0.031938726809320216,6.7,8.983055363506802
10150.0,17000.0,-19.900000000000002,20.5,40.400000000000006,271.0,55.2,3185.0,59.7,13.600000000000001,66.5,1124.0,72.8,70.8,6698.712768903023,34.2754357259309,20.062847506835585,10.70284865330456,0.7872076007662404,1.0812029681173556,0.55,1.0,1.0,1.0,0.9808591458979914,0.9808591458979914,52721.7650111453,253.14999999999998,0.725390553084835,31.151568882549583,0.03193828828659439,6.6000000000000005,8.983107797354334
10200.0,17010.0,-19.900000000000002,21.0,40.1,270.0,55.0,3189.0,60.1,13.75,66.3,1129.0,73.0,70.2,6698.751758381631,34.2754357259309,20.06296428150419,10.70284865330456,0.7872076007662404,1.0812029681173556,0.59,1.0,1.0,1.0,0.9808591458979914,0.9808591458979914,52721.7650111453,253.14999999999998,0.725390553084835,31.151568882549583,0.031937851004683215,7.0,8.983160083024936
10250.0,16990.0,-20.0,19.0,39.5,271.0,54.900000000000006,3184.0,60.1,13.55,66.5,1129.0,72.5,70.5,6698.790637538208,34.2754357259309,20.063080725754975,10.70284865330456,0.7872076007662404,1.0812029681173556,0.5700000000000001,1.0,1.0,1.0,0.9808591458979914,0.9808591458979914,52721.7650111453,253.14999999999998,0.725390553084835,31.151568882549583,0.031937414961636316,6.9,8.983212220751488
10300.0,17010.0,-20.200000000000003,20.5,39.7,271.0,54.800000000000004,3194.0,59.800000000000004,13.75,67.10000000000001,1124.0,72.7,71.4,6698.82940654617,34.2754357259309,20.063196840107324,10.70284865330456,0.7872076007662404,1.0812029681173556,0.6,1.0,1.0,1.0,0.9808591458979914,0.9808591458979914,52721.7650111453,253.14999999999998,0.725390553084835,31.151568882549583,0.03193698015550636,6.7,8.983264210766546
10350.0,17000.0,-19.8,20.0,39.5,269.0,55.0,3193.0,60.5,13.65,66.9,1129.0,72.7,70.9,6698.86806557865,34.2754357259309,20.063312625079778,10.70284865330456,0.7872076007662404,1.0812029681173556,0.54,1.0,1.0,1.0,0.9808591458979914,0.9808591458979914,52721.7650111453,253.14999999999998,0.725390553084835,31.151568882549583,0.031936546584348816,6.4,8.983316053302282
10400.0,17000.0,-19.900000000000002,20.5,40.2,270.0,55.1,3188.0,60.1,13.55,67.0,1129.0,72.7,71.0,6698.906614808545,34.2754357259309,20.063428081190164,10.70284865330456,0.7872076007662404,1.0812029681173556,0.55,1.0,1.0,1.0,0.9808591458979914,0.9808591458979914,52721.7650111453,253.14999999999998,0.725390553084835,31.151568882549583,0.03193611424622224,6.6000000000000005,8.983367748590554
10450.0,16990.0,-19.6,20.5,40.2,272.0,55.0,3201.0,59.900000000000006,13.600000000000001,66.5,1128.0,73.2,70.9,6698.945054408466,34.2754357259309,20.06354320895546,10.70284865330456,0.7872076007662404,1.0812029681173556,0.62,1.0,1.0,1.0,0.9808591458979914,0.9808591458979914,52721.7650111453,253.14999999999998,0.725390553084835,31.151568882549583,0.031935683139188036,6.800000000000001,8.983419296862841
10500.0,17000.0,-20.3,20.0,39.900000000000006,270.0,54.800000000000004,3199.0,59.900000000000006,13.5,66.3,1127.0,73.10000000000001,71.3,6698.983384550776,34.2754357259309,20.063658008891895,10.70284865330456,0.7872076007662404,1.0812029681173556,0.59,1.0,1.0,1.0,0.9808591458979914,0.9808591458979914,52721.7650111453,253.14999999999998,0.725390553084835,31.151568882549583,0.031935253261310546,6.5,8.983470698350281
10550.0,17000.0,-20.3,19.5,39.6,269.0,55.2,3191.0,60.300000000000004,13.600000000000001,67.2,1122.0,73.2,71.10000000000001,6699.021605407575,34.2754357259309,20.06377248151492,10.70284865330456,0.7872076007662404,1.0812029681173556,0.59,1.0,1.0,1.0,0.9808591458979914,0.9808591458979914,52721.7650111453,253.14999999999998,0.725390553084835,31.151568882549583,0.031934824610657074,6.800000000000001,8.983521953283669
10600.0,16990.0,-20.400000000000002,19.5,40.2,271.0,54.7,3184.0,59.800000000000004,13.55,65.9,1123.0,72.60000000000001,71.0,6699.059717150706,34.2754357259309,20.063886627339205,10.70284865330456,0.7872076007662404,1.0812029681173556,0.53,1.0,1.0,1.0,0.9808591458979914,0.9808591458979914,52721.7650111453,253.14999999999998,0.725390553084835,31.151568882549583,0.031934397185297746,6.7,8.983573061893441
10650.0,17010.0,-20.400000000000002,20.0,40.400000000000006,270.0,54.900000000000006,3193.0,59.900000000000006,13.65,67.0,1126.0,73.10000000000001,71.2,6699.097719951753,34.2754357259309,20.06400044687865,10.70284865330456,0.7872076007662404,1.0812029681173556,0.6,1.0,1.0,1.0,0.9808591458979914,0.9808591458979914,52721.7650111453,253.14999999999998,0.725390553084835,31.151568882549583,0.031933970983305686,6.6000000000000005,8.9836240244097
10700.0,17000.0,-20.0,20.5,39.6,271.0,55.1,3183.0,60.400000000000006,13.75,67.3,1130.0,72.9,70.2,6699.135613982033,34.2754357259309,20.064113940646358,10.70284865330456,0.7872076007662404,1.0812029681173556,0.51,1.0,1.0,1.0,0.9808591458979914,0.9808591458979914,52721.7650111453,253.14999999999998,0.725390553084835,31.151568882549583,0.03193354600275691,6.800000000000001,8.983674841062186
10750.0,16990.0,-20.3,20.0,40.2,269.0,54.900000000000006,3194.0,59.7,13.65,66.4,1128.0,73.3,71.4,6699.1733994126125,34.2754357259309,20.064227109154675,10.70284865330456,0.7872076007662404,1.0812029681173556,0.59,1.0,1.0,1.0,0.9808591458979914,0.9808591458979914,52721.7650111453,253.14999999999998,0.725390553084835,31.151568882549583,0.031933122241730345,6.4,8.983725512080301
10800.0,17010.0,-20.3,20.0,40.1,270.0,55.1,3185.0,59.6,13.65,66.8,1130.0,72.9,70.3,6699.211076414298,34.2754357259309,20.06433995291517,10.70284865330456,0.7872076007662404,1.0812029681173556,0.6,1.0,1.0,1.0,0.9808591458979914,0.9808591458979914,52721.7650111453,253.14999999999998,0.725390553084835,31.151568882549583,0.031932699698307726,6.6000000000000005,8.983776037693103
10850.0,17000.0,-20.200000000000003,21.0,39.6,270.0,55.0,3184.0,60.1,13.700000000000001,66.4,1128.0,71.9,71.0,6699.24864515764,34.2754357259309,20.06445247243865,10.70284865330456,0.7872076007662404,1.0812029681173556,0.56,1.0,1.0,1.0,0.9808591458979914,0.9808591458979914,52721.7650111453,253.14999999999998,0.725390553084835,31.151568882549583,0.031932278370573844,6.5,8.983826418129299
10900.0,17010.0,-20.1,20.0,39.800000000000004,268.0,54.800000000000004,3192.0,59.400000000000006,13.55,66.5,1131.0,73.2,70.7,6699.286105812925,34.2754357259309,20.06456466823513,10.70284865330456,0.7872076007662404,1.0812029681173556,0.61,1.0,1.0,1.0,0.9808591458979914,0.9808591458979914,52721.7650111453,253.14999999999998,0.725390553084835,31.151568882549583,0.03193185825661625,6.5,8.983876653617248
10950.0,17010.0,-20.400000000000002,20.5,39.800000000000004,269.0,55.0,3189.0,59.900000000000006,13.65,66.4,1128.0,73.10000000000001,71.0,6699.323458550188,34.2754357259309,20.064676540813867,10.70284865330456,0.7872076007662404,1.0812029681173556,0.55,1.0,1.0,1.0,0.9808591458979914,0.9808591458979914,52721.7650111453,253.14999999999998,0.725390553084835,31.151568882549583,0.03193143935452541,6.7,8.983926744384974
11000.0,17010.0,-19.400000000000002,20.5,40.400000000000006,272.0,55.1,3190.0,60.2,13.55,66.5,1126.0,73.10000000000001,70.9,6699.36070353921,34.2754357259309,20.064788090683358,10.70284865330456,0.7872076007662404,1.0812029681173556,0.5700000000000001,1.0,1.0,1.0,0.9808591458979914,0.9808591458979914,52721.7650111453,253.14999999999998,0.725390553084835,31.151568882549583,0.03193102166239472,7.0,8.983976690660151
11050.0,17010.0,-20.0,19.5,40.5,271.0,54.7,3187.0,60.0,13.65,67.3,1128.0,73.10000000000001,71.0,6699.397840949508,34.2754357259309,20.064899318351316,10.70284865330456,0.7872076007662404,1.0812029681173556,0.55,1.0,1.0,1.0,0.9808591458979914,0.9808591458979914,52721.7650111453,253.14999999999998,0.725390553084835,31.151568882549583,0.031930605178320394,6.6000000000000005,8.98402649267011
11100.0,17000.0,-20.0,19.0,39.800000000000004,270.0,54.900000000000006,3187.0,60.1,13.5,65.7,1126.0,73.2,71.8,6699.4348709503465,34.2754357259309,20.065010224324695,10.70284865330456,0.7872076007662404,1.0812029681173556,0.59,1.0,1.0,1.0,0.9808591458979914,0.9808591458979914,52721.7650111453,253.14999999999998,0.725390553084835,31.151568882549583,0.03193018990040148,6.300000000000001,8.984076150641835
11150.0,17000.0,-19.900000000000002,20.0,40.2,269.0,55.0,3190.0,60.2,13.55,66.5,1120.0,72.7,70.7,6699.471793710745,34.2754357259309,20.065120809109708,10.70284865330456,0.7872076007662404,1.0812029681173556,0.54,1.0,1.0,1.0,0.9808591458979914,0.9808591458979914,52721.7650111453,253.14999999999998,0.725390553084835,31.151568882549583,0.031929775826739996,6.7,8.984125664801985
11200.0,17000.0,-20.700000000000003,20.0,39.6,270.0,54.7,3189.0,59.900000000000006,13.600000000000001,66.8,1126.0,72.4,70.3,6699.508609399454,34.2754357259309,20.065231073211766,10.70284865330456,0.7872076007662404,1.0812029681173556,0.55,1.0,1.0,1.0,0.9808591458979914,0.9808591458979914,52721.7650111453,253.14999999999998,0.725390553084835,31.151568882549583,0.0319293629554407,6.7,8.984175035376857
11250.0,16990.0,-19.8,20.0,39.6,270.0,55.0,3190.0,60.6,13.55,66.7,1128.0,72.9,70.8,6699.5453181849825,34.2754357259309,20.065341017135566,10.70284865330456,0.7872076007662404,1.0812029681173556,0.52,1.0,1.0,1.0,0.9808591458979914,0.9808591458979914,52721.7650111453,253.14999999999998,0.725390553084835,31.151568882549583,0.031928951284611345,6.6000000000000005,8.984224262592427
11300.0,16990.0,-20.5,19.5,39.6,270.0,55.1,3185.0,59.900000000000006,13.450000000000001,66.4,1128.0,73.2,70.60000000000001,6699.581920235569,34.2754357259309,20.065450641384984,10.70284865330456,0.7872076007662404,1.0812029681173556,0.6,1.0,1.0,1.0,0.9808591458979914,0.9808591458979914,52721.7650111453,253.14999999999998,0.725390553084835,31.151568882549583,0.03192854081236241,6.300000000000001,8.984273346674303
11350.0,16990.0,-19.8,21.0,40.2,270.0,54.6,3180.0,60.0,13.55,66.0,1127.0,73.0,71.5,6699.618415719214,34.2754357259309,20.065559946463186,10.70284865330456,0.7872076007662404,1.0812029681173556,0.5700000000000001,1.0,1.0,1.0,0.9808591458979914,0.9808591458979914,52721.7650111453,253.14999999999998,0.725390553084835,31.151568882549583,0.031928131536807285,7.0,8.98432228784778
11400.0,17000.0,-20.0,20.5,39.6,272.0,55.1,3190.0,60.2,13.75,67.2,1123.0,73.4,70.8,6699.654804803658,34.2754357259309,20.065668932872562,10.70284865330456,0.7872076007662404,1.0812029681173556,0.5700000000000001,1.0,1.0,1.0,0.9808591458979914,0.9808591458979914,52721.7650111453,253.14999999999998,0.725390553084835,31.151568882549583,0.03192772345606213,6.4,8.984371086337802
11450.0,17010.0,-20.200000000000003,20.0,39.900000000000006,272.0,55.400000000000006,3189.0,60.0,13.55,67.4,1126.0,72.8,71.5,6699.691087656394,34.2754357259309,20.065777601114753,10.70284865330456,0.7872076007662404,1.0812029681173556,0.55,1.0,1.0,1.0,0.9808591458979914,0.9808591458979914,52721.7650111453,253.14999999999998,0.725390553084835,31.151568882549583,0.03192731656824601,6.7,8.98441974236898
11500.0,16980.0,-19.8,21.0,40.300000000000004,271.0,54.800000000000004,3189.0,59.7,13.600000000000001,67.2,1127.0,72.4,70.3,6699.72726444466,34.2754357259309,20.06588595169065,10.70284865330456,0.7872076007662404,1.0812029681173556,0.53,1.0,1.0,1.0,0.9808591458979914,0.9808591458979914,52721.7650111453,253.14999999999998,0.725390553084835,31.151568882549583,0.031926910871480876,6.800000000000001,8.984468256165579
11550.0,17020.0,-19.6,19.0,40.6,271.0,54.7,3187.0,60.300000000000004,13.65,65.9,1128.0,72.2,70.9,6699.763335335434,34.2754357259309,20.06599398510035,10.70284865330456,0.7872076007662404,1.0812029681173556,0.6,1.0,1.0,1.0,0.9808591458979914,0.9808591458979914,52721.7650111453,253.14999999999998,0.725390553084835,31.151568882549583,0.0319265063638914,6.7,8.984516627951525
11600.0,16990.0,-19.700000000000003,20.5,40.5,271.0,55.2,3191.0,60.1,13.600000000000001,66.60000000000001,1124.0,72.60000000000001,70.9,6699.7993004954515,34.2754357259309,20.066101701843234,10.70284865330456,0.7872076007662404,1.0812029681173556,0.5700000000000001,1.0,1.0,1.0,0.9808591458979914,0.9808591458979914,52721.7650111453,253.14999999999998,0.725390553084835,31.151568882549583,0.03192610304360507,7.1000000000000005,8.98456485795041
11650.0,17000.0,-19.700000000000003,20.5,39.900000000000006,270.0,55.0,3194.0,60.2,13.5,66.8,1131.0,72.8,71.2,6699.835160091203,34.2754357259309,20.066209102417947,10.70284865330456,0.7872076007662404,1.0812029681173556,0.58,1.0,1.0,1.0,0.9808591458979914,0.9808591458979914,52721.7650111453,253.14999999999998,0.725390553084835,31.151568882549583,0.03192570090875225,6.4,8.984612946385505
11700.0,17010.0,-20.400000000000002,19.5,40.400000000000006,270.0,54.900000000000006,3190.0,60.0,13.600000000000001,67.10000000000001,1125.0,72.9,70.9,6699.870914288916,34.2754357259309,20.066316187322347,10.70284865330456,0.7872076007662404,1.0812029681173556,0.52,1.0,1.0,1.0,0.9808591458979914,0.9808591458979914,52721.7650111453,253.14999999999998,0.725390553084835,31.151568882549583,0.03192529995746612,6.5,8.984660893479722
11750.0,17020.0,-19.900000000000002,19.5,39.400000000000006,270.0,55.300000000000004,3188.0,60.400000000000006,13.600000000000001,67.0,1124.0,73.2,70.8,6699.906563254573,34.2754357259309,20.06642295705355,10.70284865330456,0.7872076007662404,1.0812029681173556,0.59,1.0,1.0,1.0,0.9808591458979914,0.9808591458979914,52721.7650111453,253.14999999999998,0.725390553084835,31.151568882549583,0.03192490018788265,6.5,8.984708699455647
11800.0,17000.0,-19.900000000000002,20.0,40.2,270.0,54.900000000000006,3195.0,60.300000000000004,13.55,67.0,1125.0,72.5,71.5,6699.942107153905,34.2754357259309,20.066529412107933,10.70284865330456,0.7872076007662404,1.0812029681173556,0.52,1.0,1.0,1.0,0.9808591458979914,0.9808591458979914,52721.7650111453,253.14999999999998,0.725390553084835,31.151568882549583,0.031924501598140545,6.9,8.984756364535532
11850.0,17000.0,-20.1,20.0,40.2,269.0,55.1,3189.0,59.6,13.600000000000001,67.5,1131.0,73.2,70.4,6699.977546152405,34.2754357259309,20.066635552981147,10.70284865330456,0.7872076007662404,1.0812029681173556,0.58,1.0,1.0,1.0,0.9808591458979914,0.9808591458979914,52721.7650111453,253.14999999999998,0.725390553084835,31.151568882549583,0.031924104186381475,6.9,8.984803888941299
11900.0,17010.0,-19.8,20.0,40.0,270.0,54.6,3190.0,60.1,13.65,65.9,1128.0,73.60000000000001,71.0,6700.012880415296,34.2754357259309,20.066741380168043,10.70284865330456,0.7872076007662404,1.0812029681173556,0.56,1.0,1.0,1.0,0.9808591458979914,0.9808591458979914,52721.7650111453,253.14999999999998,0.725390553084835,31.151568882549583,0.031923707950749766,6.800000000000001,8.984851272894522
11950.0,17020.0,-20.3,20.0,39.7,270.0,55.0,3194.0,60.5,13.65,66.5,1133.0,72.8,70.7,6700.04811010757,34.2754357259309,20.066846894162772,10.70284865330456,0.7872076007662404,1.0812029681173556,0.51,1.0,1.0,1.0,0.9808591458979914,0.9808591458979914,52721.7650111453,253.14999999999998,0.725390553084835,31.151568882549583,0.03192331288939249,7.0,8.984898516616454
12000.0,17010.0,-19.3,19.5,40.6,270.0,55.2,3182.0,60.400000000000006,13.65,66.7,1128.0,72.60000000000001,70.7,6700.0832353939695,34.2754357259309,20.06695209545875,10.70284865330456,0.7872076007662404,1.0812029681173556,0.55,1.0,1.0,1.0,0.9808591458979914,0.9808591458979914,52721.7650111453,253.14999999999998,0.725390553084835,31.151568882549583,0.031922919000459654,6.2,8.984945620328022
12050.0,17010.0,-19.6,19.5,40.1,270.0,55.1,3186.0,59.7,13.65,66.60000000000001,1132.0,72.9,70.5,6700.118256438983,34.2754357259309,20.067056984548618,10.70284865330456,0.7872076007662404,1.0812029681173556,0.6,1.0,1.0,1.0,0.9808591458979914,0.9808591458979914,52721.7650111453,253.14999999999998,0.725390553084835,31.151568882549583,0.03192252628210398,6.9,8.984992584249806
12100.0,17010.0,-19.6,19.5,39.900000000000006,270.0,54.7,3187.0,60.400000000000006,13.600000000000001,65.9,1123.0,73.5,71.0,6700.15317340685,34.2754357259309,20.067161561924287,10.70284865330456,0.7872076007662404,1.0812029681173556,0.55,1.0,1.0,1.0,0.9808591458979914,0.9808591458979914,52721.7650111453,253.14999999999998,0.725390553084835,31.151568882549583,0.03192213473248095,6.6000000000000005,8.985039408602054
12150.0,16980.0,-19.6,20.0,40.5,270.0,55.300000000000004,3189.0,60.300000000000004,13.65,67.10000000000001,1128.0,72.8,72.0,6700.187986461572,34.2754357259309,20.067265828076938,10.70284865330456,0.7872076007662404,1.0812029681173556,0.54,1.0,1.0,1.0,0.9808591458979914,0.9808591458979914,52721.7650111453,253.14999999999998,0.725390553084835,31.151568882549583,0.031921744349748815,6.7,8.985086093604698
12200.0,17000.0,-19.900000000000002,20.0,40.1,270.0,54.7,3188.0,59.7,13.450000000000001,66.8,1128.0,73.10000000000001,71.3,6700.222695766896,34.2754357259309,20.067369783497004,10.70284865330456,0.7872076007662404,1.0812029681173556,0.51,1.0,1.0,1.0,0.9808591458979914,0.9808591458979914,52721.7650111453,253.14999999999998,0.725390553084835,31.151568882549583,0.03192135513206866,6.4,8.985132639477325
12250.0,17020.0,-20.3,20.5,39.7,270.0,54.900000000000006,3191.0,60.0,13.55,66.0,1128.0,72.5,71.2,6700.257301486326,34.2754357259309,20.06747342867418,10.70284865330456,0.7872076007662404,1.0812029681173556,0.65,1.0,1.0,1.0,0.9808591458979914,0.9808591458979914,52721.7650111453,253.14999999999998,0.725390553084835,31.151568882549583,0.03192096707760417,7.0,8.985179046439193
12300.0,17010.0,-20.0,19.0,39.5,271.0,54.800000000000004,3186.0,60.0,13.5,65.9,1127.0,72.60000000000001,70.60000000000001,6700.29180378313,34.2754357259309,20.06757676409746,10.70284865330456,0.7872076007662404,1.0812029681173556,0.54,1.0,1.0,1.0,0.9808591458979914,0.9808591458979914,52721.7650111453,253.14999999999998,0.725390553084835,31.151568882549583,0.03192058018452202,6.800000000000001,8.985225314709254
12350.0,17000.0,-20.0,20.5,39.900000000000006,270.0,55.1,3191.0,60.0,13.600000000000001,66.2,1125.0,73.2,71.2,6700.326202820309,34.2754357259309,20.06767979025504,10.70284865330456,0.7872076007662404,1.0812029681173556,0.58,1.0,1.0,1.0,0.9808591458979914,0.9808591458979914,52721.7650111453,253.14999999999998,0.725390553084835,31.151568882549583,0.03192019445099143,6.800000000000001,8.985271444506091
12400.0,17000.0,-19.8,20.5,40.400000000000006,270.0,55.300000000000004,3189.0,60.2,13.600000000000001,66.8,1125.0,73.2,72.4,6700.36049876064,34.2754357259309,20.06778250763444,10.70284865330456,0.7872076007662404,1.0812029681173556,0.56,1.0,1.0,1.0,0.9808591458979914,0.9808591458979914,52721.7650111453,253.14999999999998,0.725390553084835,31.151568882549583,0.0319198098751845,6.7,8.985317436047994
12450.0,16990.0,-20.1,21.0,39.7,270.0,54.7,3185.0,59.5,13.65,68.3,1126.0,72.3,71.5,6700.3946917666435,34.2754357259309,20.06788491672241,10.70284865330456,0.7872076007662404,1.0812029681173556,0.54,1.0,1.0,1.0,0.9808591458979914,0.9808591458979914,52721.7650111453,253.14999999999998,0.725390553084835,31.151568882549583,0.031919426455276,7.0,8.985363289552904
12500.0,17000.0,-20.200000000000003,20.0,40.300000000000004,270.0,54.900000000000006,3188.0,59.6,13.600000000000001,65.60000000000001,1126.0,73.2,71.2,6700.428782000602,34.2754357259309,20.067987018004995,10.70284865330456,0.7872076007662404,1.0812029681173556,0.58,1.0,1.0,1.0,0.9808591458979914,0.9808591458979914,52721.7650111453,253.14999999999998,0.725390553084835,31.151568882549583,0.03191904418944344,6.7,8.985409005238447
12550.0,17010.0,-19.700000000000003,20.0,40.400000000000006,271.0,54.900000000000006,3183.0,60.1,13.65,67.3,1125.0,72.60000000000001,71.2,6700.462769624557,34.2754357259309,20.068088811967517,10.70284865330456,0.7872076007662404,1.0812029681173556,0.56,1.0,1.0,1.0,0.9808591458979914,0.9808591458979914,52721.7650111453,253.14999999999998,0.725390553084835,31.151568882549583,0.03191866307586711,6.2,8.985454583321925
12600.0,17000.0,-20.6,19.5,40.5,271.0,54.800000000000004,3187.0,60.0,13.700000000000001,66.4,1126.0,73.5,70.8,6700.496654800296,34.2754357259309,20.06819029909453,10.70284865330456,0.7872076007662404,1.0812029681173556,0.59,1.0,1.0,1.0,0.9808591458979914,0.9808591458979914,52721.7650111453,253.14999999999998,0.725390553084835,31.151568882549583,0.03191828311273005,6.300000000000001,8.985500024020293
12650.0,17000.0,-20.5,19.5,40.300000000000004,270.0,54.900000000000006,3185.0,59.900000000000006,13.600000000000001,67.2,1120.0,72.60000000000001,71.10000000000001,6700.530437689371,34.2754357259309,20.068291479869885,10.70284865330456,0.7872076007662404,1.0812029681173556,0.56,1.0,1.0,1.0,0.9808591458979914,0.9808591458979914,52721.7650111453,253.14999999999998,0.725390553084835,31.151568882549583,0.03191790429821794,6.800000000000001,8.9855453275502
12700.0,17000.0,-20.1,19.5,39.900000000000006,271.0,54.900000000000006,3188.0,60.1,13.700000000000001,66.5,1129.0,73.3,71.0,6700.564118453096,34.2754357259309,20.068392354776726,10.70284865330456,0.7872076007662404,1.0812029681173556,0.56,1.0,1.0,1.0,0.9808591458979914,0.9808591458979914,52721.7650111453,253.14999999999998,0.725390553084835,31.151568882549583,0.03191752663051928,6.6000000000000005,8.985590494127973
12750.0,17000.0,-19.700000000000003,20.0,40.1,269.0,54.800000000000004,3197.0,59.900000000000006,13.55,67.5,1128.0,73.10000000000001,70.9,6700.597697252528,34.2754357259309,20.068492924297427,10.70284865330456,0.7872076007662404,1.0812029681173556,0.56,1.0,1.0,1.0,0.9808591458979914,0.9808591458979914,52721.7650111453,253.14999999999998,0.725390553084835,31.151568882549583,0.031917150107825185,6.7,8.985635523969586
12800.0,16980.0,-20.0,20.0,40.7,270.0,54.5,3188.0,60.800000000000004,13.65,66.2,1128.0,72.7,70.3,6700.631174248501,34.2754357259309,20.068593188913685,10.70284865330456,0.7872076007662404,1.0812029681173556,0.56,1.0,1.0,1.0,0.9808591458979914,0.9808591458979914,52721.7650111453,253.14999999999998,0.725390553084835,31.151568882549583,0.031916774728329524,6.7,8.985680417290727
12850.0,16980.0,-20.3,20.0,39.800000000000004,270.0,54.800000000000004,3191.0,59.6,13.700000000000001,65.60000000000001,1124.0,73.10000000000001,71.8,6700.664549601597,34.2754357259309,20.068693149106448,10.70284865330456,0.7872076007662404,1.0812029681173556,0.58,1.0,1.0,1.0,0.9808591458979914,0.9808591458979914,52721.7650111453,253.14999999999998,0.725390553084835,31.151568882549583,0.03191640049022892,6.800000000000001,8.985725174306735
12900.0,17000.0,-20.3,20.0,39.5,269.0,55.1,3184.0,60.1,13.5,66.8,1126.0,73.4,71.2,6700.697823472158,34.2754357259309,20.068792805355947,10.70284865330456,0.7872076007662404,1.0812029681173556,0.6,1.0,1.0,1.0,0.9808591458979914,0.9808591458979914,52721.7650111453,253.14999999999998,0.725390553084835,31.151568882549583,0.03191602739172266,6.5,8.985769795232635
12950.0,17000.0,-20.3,20.0,39.900000000000006,269.0,54.800000000000004,3183.0,59.300000000000004,13.5,67.0,1123.0,72.4,71.9,6700.730996020287,34.2754357259309,20.0688921581417,10.70284865330456,0.7872076007662404,1.0812029681173556,0.55,1.0,1.0,1.0,0.9808591458979914,0.9808591458979914,52721.7650111453,253.14999999999998,0.725390553084835,31.151568882549583,0.03191565543101273,6.800000000000001,8.985814280283126
13000.0,17010.0,-19.8,19.0,39.900000000000006,269.0,55.5,3182.0,59.7,13.5,65.7,1130.0,73.8,70.8,6700.764067405847,34.2754357259309,20.06899120794249,10.70284865330456,0.7872076007662404,1.0812029681173556,0.53,1.0,1.0,1.0,0.9808591458979914,0.9808591458979914,52721.7650111453,253.14999999999998,0.725390553084835,31.151568882549583,0.03191528460630378,6.1000000000000005,8.98585862967259
13050.0,17000.0,-20.1,19.5,40.1,270.0,55.1,3187.0,59.7,13.65,66.60000000000001,1129.0,73.2,70.3,6700.797037788461,34.2754357259309,20.069089955236404,10.70284865330456,0.7872076007662404,1.0812029681173556,0.52,1.0,1.0,1.0,0.9808591458979914,0.9808591458979914,52721.7650111453,253.14999999999998,0.725390553084835,31.151568882549583,0.03191491491580318,6.5,8.985902843615083
13100.0,16990.0,-19.8,20.0,40.400000000000006,270.0,55.0,3193.0,60.1,13.600000000000001,67.5,1127.0,72.8,70.60000000000001,6700.829907327518,34.2754357259309,20.069188400500813,10.70284865330456,0.7872076007662404,1.0812029681173556,0.59,1.0,1.0,1.0,0.9808591458979914,0.9808591458979914,52721.7650111453,253.14999999999998,0.725390553084835,31.151568882549583,0.031914546357721035,7.0,8.98594692232435
13150.0,17000.0,-19.6,19.0,40.0,270.0,54.900000000000006,3198.0,60.0,13.55,66.7,1122.0,72.60000000000001,71.5,6700.86267618216,34.2754357259309,20.069286544212346,10.70284865330456,0.7872076007662404,1.0812029681173556,0.55,1.0,1.0,1.0,0.9808591458979914,0.9808591458979914,52721.7650111453,253.14999999999998,0.725390553084835,31.151568882549583,0.031914178930270064,6.5,8.9859908660138
13200.0,17020.0,-19.6,20.5,39.800000000000004,270.0,54.800000000000004,3184.0,59.7,13.55,66.0,1123.0,73.0,71.10000000000001,6700.895344511292,34.2754357259309,20.069384386846938,10.70284865330456,0.7872076007662404,1.0812029681173556,0.62,1.0,1.0,1.0,0.9808591458979914,0.9808591458979914,52721.7650111453,253.14999999999998,0.725390553084835,31.151568882549583,0.03191381263166569,6.5,8.986034674896533
13250.0,17000.0,-19.900000000000002,20.0,40.300000000000004,271.0,55.1,3187.0,59.900000000000006,13.5,66.10000000000001,1125.0,72.5,71.2,6700.927912473583,34.2754357259309,20.069481928879803,10.70284865330456,0.7872076007662404,1.0812029681173556,0.6,1.0,1.0,1.0,0.9808591458979914,0.9808591458979914,52721.7650111453,253.14999999999998,0.725390553084835,31.151568882549583,0.031913447460125956,6.5,8.986078349185325
13300.0,17000.0,-20.3,20.0,39.7,270.0,54.900000000000006,3192.0,59.900000000000006,13.55,65.9,1128.0,73.2,71.2,6700.960380227471,34.2754357259309,20.069579170785467,10.70284865330456,0.7872076007662404,1.0812029681173556,0.63,1.0,1.0,1.0,0.9808591458979914,0.9808591458979914,52721.7650111453,253.14999999999998,0.725390553084835,31.151568882549583,0.031913083413871696,7.1000000000000005,8.986121889092644
13350.0,17000.0,-20.1,20.0,39.7,271.0,55.1,3189.0,60.2,13.700000000000001,66.7,1127.0,73.4,71.5,6700.992747931142,34.2754357259309,20.0696761130377,10.70284865330456,0.7872076007662404,1.0812029681173556,0.56,1.0,1.0,1.0,0.9808591458979914,0.9808591458979914,52721.7650111453,253.14999999999998,0.725390553084835,31.151568882549583,0.03191272049112627,6.7,8.98616529483062
13400.0,17000.0,-19.900000000000002,19.5,39.400000000000006,269.0,54.800000000000004,3186.0,60.2,13.600000000000001,66.7,1124.0,72.8,71.3,6701.025015742557,34.2754357259309,20.069772756109607,10.70284865330456,0.7872076007662404,1.0812029681173556,0.58,1.0,1.0,1.0,0.9808591458979914,0.9808591458979914,52721.7650111453,253.14999999999998,0.725390553084835,31.151568882549583,0.03191235869011581,6.5,8.986208566611085
13450.0,17000.0,-19.3,20.0,39.7,270.0,55.0,3188.0,60.0,13.5,66.0,1127.0,72.9,70.7,6701.0571838194355,34.2754357259309,20.069869100473557,10.70284865330456,0.7872076007662404,1.0812029681173556,0.56,1.0,1.0,1.0,0.9808591458979914,0.9808591458979914,52721.7650111453,253.14999999999998,0.725390553084835,31.151568882549583,0.031911998009069006,6.7,8.986251704645541
13500.0,17010.0,-20.0,20.0,39.800000000000004,270.0,55.1,3192.0,60.2,13.65,66.60000000000001,1127.0,73.3,70.7,6701.089252319264,34.2754357259309,20.069965146601227,10.70284865330456,0.7872076007662404,1.0812029681173556,0.55,1.0,1.0,1.0,0.9808591458979914,0.9808591458979914,52721.7650111453,253.14999999999998,0.725390553084835,31.151568882549583,0.031911638446217326,6.7,8.98629470914518
13550.0,17000.0,-20.200000000000003,20.0,40.0,268.0,55.0,3188.0,60.0,13.700000000000001,65.9,1125.0,72.0,70.8,6701.121221399286,34.2754357259309,20.070060894963568,10.70284865330456,0.7872076007662404,1.0812029681173556,0.55,1.0,1.0,1.0,0.9808591458979914,0.9808591458979914,52721.7650111453,253.14999999999998,0.725390553084835,31.151568882549583,0.031911279999794734,6.6000000000000005,8.986337580320871
13600.0,17010.0,-19.700000000000003,20.0,39.900000000000006,271.0,55.0,3185.0,59.5,13.55,67.10000000000001,1133.0,72.9,70.60000000000001,6701.153091216521,34.2754357259309,20.070156346030856,10.70284865330456,0.7872076007662404,1.0812029681173556,0.53,1.0,1.0,1.0,0.9808591458979914,0.9808591458979914,52721.7650111453,253.14999999999998,0.725390553084835,31.151568882549583,0.03191092266803789,6.800000000000001,8.98638031838318
13650.0,16980.0,-19.8,20.5,40.2,270.0,55.1,3189.0,59.800000000000004,13.75,66.4,1129.0,72.10000000000001,71.7,6701.184861927747,34.2754357259309,20.07025150027265,10.70284865330456,0.7872076007662404,1.0812029681173556,0.61,1.0,1.0,1.0,0.9808591458979914,0.9808591458979914,52721.7650111453,253.14999999999998,0.725390553084835,31.151568882549583,0.031910566449186155,6.7,8.98642292354235
13700.0,17010.0,-19.8,19.5,40.2,269.0,54.900000000000006,3193.0,60.300000000000004,13.55,66.2,1125.0,73.2,70.5,6701.216533689509,34.2754357259309,20.070346358157803,10.70284865330456,0.7872076007662404,1.0812029681173556,0.58,1.0,1.0,1.0,0.9808591458979914,0.9808591458979914,52721.7650111453,253.14999999999998,0.725390553084835,31.151568882549583,0.0319102113414815,6.9,8.986465396008306
13750.0,17000.0,-19.700000000000003,20.0,39.900000000000006,269.0,55.2,3185.0,60.1,13.600000000000001,66.0,1125.0,73.4,71.10000000000001,6701.2481066581095,34.2754357259309,20.070440920154446,10.70284865330456,0.7872076007662404,1.0812029681173556,0.54,1.0,1.0,1.0,0.9808591458979914,0.9808591458979914,52721.7650111453,253.14999999999998,0.725390553084835,31.151568882549583,0.03190985734316839,6.800000000000001,8.986507735990658
13800.0,17000.0,-19.0,20.0,39.800000000000004,271.0,54.6,3189.0,60.6,13.600000000000001,65.60000000000001,1126.0,73.4,71.2,6701.279580989639,34.2754357259309,20.070535186730076,10.70284865330456,0.7872076007662404,1.0812029681173556,0.54,1.0,1.0,1.0,0.9808591458979914,0.9808591458979914,52721.7650111453,253.14999999999998,0.725390553084835,31.151568882549583,0.031909504452494096,6.5,8.986549943698726
13850.0,16990.0,-19.900000000000002,20.5,40.400000000000006,270.0,54.7,3183.0,60.2,13.5,66.5,1128.0,72.5,70.5,6701.310956839932,34.2754357259309,20.070629158351423,10.70284865330456,0.7872076007662404,1.0812029681173556,0.56,1.0,1.0,1.0,0.9808591458979914,0.9808591458979914,52721.7650111453,253.14999999999998,0.725390553084835,31.151568882549583,0.031909152667708496,6.800000000000001,8.986592019341487
13900.0,17010.0,-19.8,20.0,39.7,269.0,54.900000000000006,3190.0,60.1,13.450000000000001,66.10000000000001,1130.0,72.9,70.3,6701.342234364595,34.2754357259309,20.07072283548453,10.70284865330456,0.7872076007662404,1.0812029681173556,0.64,1.0,1.0,1.0,0.9808591458979914,0.9808591458979914,52721.7650111453,253.14999999999998,0.725390553084835,31.151568882549583,0.03190880198706394,6.7,8.98663396312761
13950.0,17000.0,-19.900000000000002,20.0,39.7,272.0,55.2,3192.0,60.2,13.55,67.4,1125.0,73.0,70.2,6701.373413719012,34.2754357259309,20.070816218594782,10.70284865330456,0.7872076007662404,1.0812029681173556,0.51,1.0,1.0,1.0,0.9808591458979914,0.9808591458979914,52721.7650111453,253.14999999999998,0.725390553084835,31.151568882549583,0.031908452408815575,6.800000000000001,8.98667577526547
14000.0,16990.0,-20.6,20.5,40.800000000000004,271.0,54.900000000000006,3188.0,60.300000000000004,13.65,66.4,1127.0,73.0,71.3,6701.404495058321,34.2754357259309,20.070909308146817,10.70284865330456,0.7872076007662404,1.0812029681173556,0.56,1.0,1.0,1.0,0.9808591458979914,0.9808591458979914,52721.7650111453,253.14999999999998,0.725390553084835,31.151568882549583,0.031908103931220934,6.7,8.98671745596311
14050.0,17020.0,-19.6,20.0,40.7,270.0,55.300000000000004,3191.0,61.0,13.5,66.2,1128.0,73.10000000000001,72.0,6701.435478537445,34.2754357259309,20.071002104604634,10.70284865330456,0.7872076007662404,1.0812029681173556,0.55,1.0,1.0,1.0,0.9808591458979914,0.9808591458979914,52721.7650111453,253.14999999999998,0.725390553084835,31.151568882549583,0.03190775655254041,6.9,8.986759005428285
14100.0,17010.0,-19.8,19.5,40.6,271.0,55.1,3189.0,60.1,13.600000000000001,67.0,1127.0,72.60000000000001,70.5,6701.466364311055,34.2754357259309,20.07109460843148,10.70284865330456,0.7872076007662404,1.0812029681173556,0.54,1.0,1.0,1.0,0.9808591458979914,0.9808591458979914,52721.7650111453,253.14999999999998,0.725390553084835,31.151568882549583,0.03190741027103676,6.800000000000001,8.986800423868411
14150.0,17000.0,-19.900000000000002,20.5,39.7,271.0,54.900000000000006,3187.0,60.1,13.450000000000001,66.10000000000001,1129.0,72.3,71.60000000000001,6701.49715253361,34.2754357259309,20.071186820089963,10.70284865330456,0.7872076007662404,1.0812029681173556,0.61,1.0,1.0,1.0,0.9808591458979914,0.9808591458979914,52721.7650111453,253.14999999999998,0.725390553084835,31.151568882549583,0.03190706508497549,6.6000000000000005,8.986841711490621
14200.0,17000.0,-19.700000000000003,20.0,40.300000000000004,269.0,54.900000000000006,3185.0,60.1,13.700000000000001,66.5,1124.0,72.5,71.2,6701.527843359328,34.2754357259309,20.071278740041972,10.70284865330456,0.7872076007662404,1.0812029681173556,0.62,1.0,1.0,1.0,0.9808591458979914,0.9808591458979914,52721.7650111453,253.14999999999998,0.725390553084835,31.151568882549583,0.03190672099262468,6.800000000000001,8.986882868501727
14250.0,17000.0,-19.8,20.0,39.800000000000004,269.0,55.300000000000004,3178.0,60.2,13.55,66.3,1131.0,72.7,70.7,6701.558436942191,34.2754357259309,20.07137036874869,10.70284865330456,0.7872076007662404,1.0812029681173556,0.56,1.0,1.0,1.0,0.9808591458979914,0.9808591458979914,52721.7650111453,253.14999999999998,0.725390553084835,31.151568882549583,0.031906377992254875,6.800000000000001,8.986923895108218
14300.0,16990.0,-20.5,19.5,40.5,270.0,55.1,3187.0,59.800000000000004,13.700000000000001,66.5,1126.0,73.3,70.7,6701.588933435971,34.2754357259309,20.07146170667066,10.70284865330456,0.7872076007662404,1.0812029681173556,0.55,1.0,1.0,1.0,0.9808591458979914,0.9808591458979914,52721.7650111453,253.14999999999998,0.725390553084835,31.151568882549583,0.03190603608213935,6.7,8.986964791516305
14350.0,17000.0,-19.900000000000002,21.0,40.1,268.0,55.1,3189.0,60.0,13.600000000000001,66.60000000000001,1127.0,73.10000000000001,70.8,6701.619332994192,34.2754357259309,20.0715527542677,10.70284865330456,0.7872076007662404,1.0812029681173556,0.54,1.0,1.0,1.0,0.9808591458979914,0.9808591458979914,52721.7650111453,253.14999999999998,0.725390553084835,31.151568882549583,0.031905695260553917,7.5,8.987005557931871
14400.0,16990.0,-20.0,19.5,40.0,269.0,54.900000000000006,3193.0,60.1,13.65,65.5,1131.0,72.5,71.8,6701.649635770152,34.2754357259309,20.071643511998936,10.70284865330456,0.7872076007662404,1.0812029681173556,0.6,1.0,1.0,1.0,0.9808591458979914,0.9808591458979914,52721.7650111453,253.14999999999998,0.725390553084835,31.151568882549583,0.0319053555257769,6.800000000000001,8.98704619456049
14450.0,16990.0,-19.900000000000002,20.0,40.0,270.0,54.6,3193.0,60.0,13.55,66.2,1128.0,72.60000000000001,69.9,6701.679841916925,34.2754357259309,20.071733980322836,10.70284865330456,0.7872076007662404,1.0812029681173556,0.58,1.0,1.0,1.0,0.9808591458979914,0.9808591458979914,52721.7650111453,253.14999999999998,0.725390553084835,31.151568882549583,0.03190501687608929,6.800000000000001,8.987086701607435
14500.0,17000.0,-20.3,20.0,39.400000000000006,269.0,54.800000000000004,3192.0,59.900000000000006,13.55,67.8,1128.0,73.0,70.8,6701.709951587354,34.2754357259309,20.07182415969716,10.70284865330456,0.7872076007662404,1.0812029681173556,0.55,1.0,1.0,1.0,0.9808591458979914,0.9808591458979914,52721.7650111453,253.14999999999998,0.725390553084835,31.151568882549583,0.03190467930977458,6.2,8.987127079277673
14550.0,17010.0,-19.900000000000002,20.0,39.900000000000006,271.0,54.7,3186.0,59.7,13.700000000000001,67.10000000000001,1121.0,72.4,71.0,6701.739964934053,34.2754357259309,20.071914050579004,10.70284865330456,0.7872076007662404,1.0812029681173556,0.55,1.0,1.0,1.0,0.9808591458979914,0.9808591458979914,52721.7650111453,253.14999999999998,0.725390553084835,31.151568882549583,0.03190434282511878,6.4,8.987167327775865
14600.0,17020.0,-19.900000000000002,20.0,39.7,271.0,54.900000000000006,3187.0,60.2,13.5,67.5,1127.0,73.4,70.5,6701.769882109415,34.2754357259309,20.07200365342478,10.70284865330456,0.7872076007662404,1.0812029681173556,0.54,1.0,1.0,1.0,0.9808591458979914,0.9808591458979914,52721.7650111453,253.14999999999998,0.725390553084835,31.151568882549583,0.0319040074204106,6.4,8.98720744730637
14650.0,17000.0,-20.0,20.0,39.6,269.0,55.0,3187.0,59.800000000000004,13.700000000000001,66.5,1130.0,72.7,71.2,6701.799703265593,34.2754357259309,20.07209296869019,10.70284865330456,0.7872076007662404,1.0812029681173556,0.5700000000000001,1.0,1.0,1.0,0.9808591458979914,0.9808591458979914,52721.7650111453,253.14999999999998,0.725390553084835,31.151568882549583,0.031903673093941126,6.300000000000001,8.987247438073226
14700.0,17020.0,-20.0,20.5,39.7,270.0,54.800000000000004,3193.0,60.1,13.600000000000001,67.4,1130.0,73.2,70.3,6701.829428554525,34.2754357259309,20.0721819968303,10.70284865330456,0.7872076007662404,1.0812029681173556,0.55,1.0,1.0,1.0,0.9808591458979914,0.9808591458979914,52721.7650111453,253.14999999999998,0.725390553084835,31.151568882549583,0.03190333984400419,6.5,8.98728730028019
14750.0,17010.0,-19.900000000000002,19.5,39.900000000000006,269.0,55.0,3182.0,60.2,13.600000000000001,67.7,1129.0,72.8,71.4,6701.859058127913,34.2754357259309,20.07227073829946,10.70284865330456,0.7872076007662404,1.0812029681173556,0.52,1.0,1.0,1.0,0.9808591458979914,0.9808591458979914,52721.7650111453,253.14999999999998,0.725390553084835,31.151568882549583,0.031903007668896,6.5,8.987327034130695
14800.0,17000.0,-20.6,20.0,39.6,270.0,54.800000000000004,3190.0,60.0,13.700000000000001,66.60000000000001,1125.0,72.8,70.4,6701.88859213724,34.2754357259309,20.07235919355136,10.70284865330456,0.7872076007662404,1.0812029681173556,0.58,1.0,1.0,1.0,0.9808591458979914,0.9808591458979914,52721.7650111453,253.14999999999998,0.725390553084835,31.151568882549583,0.03190267656691538,6.800000000000001,8.987366639827883
14850.0,17030.0,-20.200000000000003,20.0,39.800000000000004,270.0,55.1,3188.0,60.300000000000004,13.55,67.2,1128.0,72.9,70.9,6701.918030733759,34.2754357259309,20.072447363039014,10.70284865330456,0.7872076007662404,1.0812029681173556,0.64,1.0,1.0,1.0,0.9808591458979914,0.9808591458979914,52721.7650111453,253.14999999999998,0.725390553084835,31.151568882549583,0.031902346536363625,6.5,8.987406117574587
14900.0,17000.0,-20.200000000000003,21.0,40.400000000000006,269.0,55.1,3189.0,59.800000000000004,13.65,66.8,1127.0,72.9,71.2,6701.947374068503,34.2754357259309,20.07253524721477,10.70284865330456,0.7872076007662404,1.0812029681173556,0.5700000000000001,1.0,1.0,1.0,0.9808591458979914,0.9808591458979914,52721.7650111453,253.14999999999998,0.725390553084835,31.151568882549583,0.03190201757554469,6.7,8.987445467573346
14950.0,16990.0,-19.5,19.5,40.2,270.0,55.400000000000006,3185.0,59.800000000000004,13.55,66.8,1123.0,72.7,70.0,6701.976622292271,34.2754357259309,20.07262284653027,10.70284865330456,0.7872076007662404,1.0812029681173556,0.5700000000000001,1.0,1.0,1.0,0.9808591458979914,0.9808591458979914,52721.7650111453,253.14999999999998,0.725390553084835,31.151568882549583,0.03190168968276496,6.6000000000000005,8.987484690026383
15000.0,16980.0,-19.700000000000003,19.5,40.300000000000004,269.0,55.300000000000004,3191.0,59.7,13.55,66.9,1126.0,72.9,71.7,6702.005775555643,34.2754357259309,20.07271016143651,10.70284865330456,0.7872076007662404,1.0812029681173556,0.54,1.0,1.0,1.0,0.9808591458979914,0.9808591458979914,52721.7650111453,253.14999999999998,0.725390553084835,31.151568882549583,0.03190136285633339,6.7,8.987523785135629
15050.0,17010.0,-19.8,20.0,39.900000000000006,269.0,54.800000000000004,3190.0,60.0,13.600000000000001,67.2,1124.0,72.8,71.10000000000001,6702.034834008971,34.2754357259309,20.072797192383803,10.70284865330456,0.7872076007662404,1.0812029681173556,0.55,1.0,1.0,1.0,0.9808591458979914,0.9808591458979914,52721.7650111453,253.14999999999998,0.725390553084835,31.151568882549583,0.03190103709456137,7.1000000000000005,8.987562753102711
15100.0,17010.0,-19.900000000000002,21.0,39.400000000000006,270.0,55.1,3185.0,60.1,13.5,67.0,1130.0,73.0,70.10000000000001,6702.0637978023915,34.2754357259309,20.072883939821804,10.70284865330456,0.7872076007662404,1.0812029681173556,0.54,1.0,1.0,1.0,0.9808591458979914,0.9808591458979914,52721.7650111453,253.14999999999998,0.725390553084835,31.151568882549583,0.03190071239576293,6.800000000000001,8.987601594128963
15150.0,17000.0,-20.8,20.5,40.1,269.0,55.2,3186.0,59.800000000000004,13.600000000000001,67.60000000000001,1131.0,73.0,71.3,6702.092667085805,34.2754357259309,20.072970404199477,10.70284865330456,0.7872076007662404,1.0812029681173556,0.59,1.0,1.0,1.0,0.9808591458979914,0.9808591458979914,52721.7650111453,253.14999999999998,0.725390553084835,31.151568882549583,0.031900388758254516,6.4,8.987640308415408
15200.0,17010.0,-20.200000000000003,20.0,39.900000000000006,270.0,55.0,3176.0,60.1,13.65,66.8,1127.0,73.5,71.2,6702.121442008898,34.2754357259309,20.07305658596513,10.70284865330456,0.7872076007662404,1.0812029681173556,0.58,1.0,1.0,1.0,0.9808591458979914,0.9808591458979914,52721.7650111453,253.14999999999998,0.725390553084835,31.151568882549583,0.03190006618035518,7.0,8.987678896162773
15250.0,17000.0,-20.3,19.0,39.800000000000004,271.0,54.900000000000006,3192.0,60.0,13.700000000000001,66.4,1128.0,73.10000000000001,71.8,6702.150122721127,34.2754357259309,20.073142485566397,10.70284865330456,0.7872076007662404,1.0812029681173556,0.52,1.0,1.0,1.0,0.9808591458979914,0.9808591458979914,52721.7650111453,253.14999999999998,0.725390553084835,31.151568882549583,0.03189974466038635,6.6000000000000005,8.987717357571487
15300.0,17010.0,-19.5,20.0,39.900000000000006,271.0,55.2,3187.0,60.1,13.700000000000001,67.7,1129.0,72.9,71.0,6702.178709371734,34.2754357259309,20.073228103450255,10.70284865330456,0.7872076007662404,1.0812029681173556,0.58,1.0,1.0,1.0,0.9808591458979914,0.9808591458979914,52721.7650111453,253.14999999999998,0.725390553084835,31.151568882549583,0.03189942419667205,6.7,8.987755692841683
15350.0,17000.0,-20.3,20.5,39.5,270.0,55.0,3196.0,59.900000000000006,13.55,66.2,1131.0,71.9,70.5,6702.20720210973,34.2754357259309,20.073313440063004,10.70284865330456,0.7872076007662404,1.0812029681173556,0.65,1.0,1.0,1.0,0.9808591458979914,0.9808591458979914,52721.7650111453,253.14999999999998,0.725390553084835,31.151568882549583,0.03189910478753873,6.800000000000001,8.987793902173191
15400.0,16990.0,-20.0,20.0,40.300000000000004,271.0,55.1,3186.0,60.2,13.55,65.9,1122.0,72.4,70.60000000000001,6702.235601083917,34.2754357259309,20.073398495850302,10.70284865330456,0.7872076007662404,1.0812029681173556,0.53,1.0,1.0,1.0,0.9808591458979914,0.9808591458979914,52721.7650111453,253.14999999999998,0.725390553084835,31.151568882549583,0.031898786431315454,6.800000000000001,8.987831985765554
15450.0,16990.0,-20.900000000000002,19.5,39.800000000000004,270.0,55.300000000000004,3186.0,60.300000000000004,13.600000000000001,66.5,1125.0,72.9,70.7,6702.263906442854,34.2754357259309,20.073483271257096,10.70284865330456,0.7872076007662404,1.0812029681173556,0.5700000000000001,1.0,1.0,1.0,0.9808591458979914,0.9808591458979914,52721.7650111453,253.14999999999998,0.725390553084835,31.151568882549583,0.0318984691263336,6.6000000000000005,8.987869943817998
15500.0,16990.0,-19.700000000000003,20.0,39.800000000000004,270.0,55.0,3185.0,60.0,13.55,66.0,1123.0,72.8,71.3,6702.292118334903,34.2754357259309,20.07356776672773,10.70284865330456,0.7872076007662404,1.0812029681173556,0.55,1.0,1.0,1.0,0.9808591458979914,0.9808591458979914,52721.7650111453,253.14999999999998,0.725390553084835,31.151568882549583,0.03189815287092719,7.300000000000001,8.987907776529472
15550.0,17010.0,-19.6,20.5,40.7,269.0,54.5,3187.0,60.2,13.600000000000001,66.7,1130.0,73.0,71.4,6702.3202369081855,34.2754357259309,20.073651982705837,10.70284865330456,0.7872076007662404,1.0812029681173556,0.54,1.0,1.0,1.0,0.9808591458979914,0.9808591458979914,52721.7650111453,253.14999999999998,0.725390553084835,31.151568882549583,0.03189783766343266,6.4,8.987945484098615
15600.0,17020.0,-20.0,19.5,39.800000000000004,269.0,54.900000000000006,3183.0,59.5,13.600000000000001,66.2,1130.0,73.0,71.2,6702.348262310612,34.2754357259309,20.07373591963441,10.70284865330456,0.7872076007662404,1.0812029681173556,0.54,1.0,1.0,1.0,0.9808591458979914,0.9808591458979914,52721.7650111453,253.14999999999998,0.725390553084835,31.151568882549583,0.031897523502188836,6.7,8.987983066723778
15650.0,17000.0,-19.8,20.0,40.400000000000006,270.0,55.2,3186.0,59.5,13.600000000000001,67.0,1128.0,73.10000000000001,70.9,6702.376194689879,34.2754357259309,20.073819577955803,10.70284865330456,0.7872076007662404,1.0812029681173556,0.54,1.0,1.0,1.0,0.9808591458979914,0.9808591458979914,52721.7650111453,253.14999999999998,0.725390553084835,31.151568882549583,0.03189721038553717,6.800000000000001,8.988020524603023
15700.0,17010.0,-20.200000000000003,20.5,39.6,270.0,55.300000000000004,3192.0,59.900000000000006,13.600000000000001,66.60000000000001,1120.0,72.60000000000001,71.0,6702.404034193451,34.2754357259309,20.073902958111674,10.70284865330456,0.7872076007662404,1.0812029681173556,0.56,1.0,1.0,1.0,0.9808591458979914,0.9808591458979914,52721.7650111453,253.14999999999998,0.725390553084835,31.151568882549583,0.03189689831182147,6.800000000000001,8.988057857934102
15750.0,17010.0,-20.1,19.5,40.1,270.0,55.0,3187.0,60.7,13.450000000000001,66.3,1127.0,72.60000000000001,71.5,6702.431780968577,34.2754357259309,20.07398606054305,10.70284865330456,0.7872076007662404,1.0812029681173556,0.59,1.0,1.0,1.0,0.9808591458979914,0.9808591458979914,52721.7650111453,253.14999999999998,0.725390553084835,31.151568882549583,0.031896587279388114,6.7,8.988095066914482
15800.0,17000.0,-20.0,20.0,40.0,270.0,55.1,3191.0,59.6,13.5,65.5,1129.0,73.0,71.3,6702.459435162288,34.2754357259309,20.07406888569028,10.70284865330456,0.7872076007662404,1.0812029681173556,0.52,1.0,1.0,1.0,0.9808591458979914,0.9808591458979914,52721.7650111453,253.14999999999998,0.725390553084835,31.151568882549583,0.03189627728658583,7.1000000000000005,8.988132151741333
15850.0,16990.0,-19.900000000000002,20.5,39.6,270.0,55.0,3200.0,60.1,13.700000000000001,67.2,1128.0,72.60000000000001,71.60000000000001,6702.486996921396,34.2754357259309,20.074151433993077,10.70284865330456,0.7872076007662404,1.0812029681173556,0.52,1.0,1.0,1.0,0.9808591458979914,0.9808591458979914,52721.7650111453,253.14999999999998,0.725390553084835,31.151568882549583,0.03189596833176584,7.1000000000000005,8.98816911261153
15900.0,17000.0,-20.8,20.0,40.300000000000004,270.0,55.1,3185.0,59.6,13.600000000000001,66.5,1126.0,73.3,70.60000000000001,6702.5144663924975,34.2754357259309,20.074233705890503,10.70284865330456,0.7872076007662404,1.0812029681173556,0.58,1.0,1.0,1.0,0.9808591458979914,0.9808591458979914,52721.7650111453,253.14999999999998,0.725390553084835,31.151568882549583,0.0318956604132818,6.7,8.988205949721667
15950.0,16980.0,-20.400000000000002,20.0,40.800000000000004,270.0,54.7,3176.0,60.2,13.600000000000001,67.2,1125.0,73.0,71.5,6702.54184372197,34.2754357259309,20.074315701820957,10.70284865330456,0.7872076007662404,1.0812029681173556,0.55,1.0,1.0,1.0,0.9808591458979914,0.9808591458979914,52721.7650111453,253.14999999999998,0.725390553084835,31.151568882549583,0.03189535352948987,6.6000000000000005,8.988242663268036
16000.0,17000.0,-19.8,20.0,40.400000000000006,270.0,54.7,3196.0,59.800000000000004,13.55,66.5,1127.0,72.8,71.0,6702.569129055968,34.2754357259309,20.074397422222184,10.70284865330456,0.7872076007662404,1.0812029681173556,0.5700000000000001,1.0,1.0,1.0,0.9808591458979914,0.9808591458979914,52721.7650111453,253.14999999999998,0.725390553084835,31.151568882549583,0.0318950476787486,6.7,8.988279253446635
16050.0,16970.0,-19.400000000000002,20.0,40.2,269.0,54.900000000000006,3186.0,60.400000000000006,13.55,67.0,1125.0,72.8,70.9,6702.596322540437,34.2754357259309,20.07447886753129,10.70284865330456,0.7872076007662404,1.0812029681173556,0.61,1.0,1.0,1.0,0.9808591458979914,0.9808591458979914,52721.7650111453,253.14999999999998,0.725390553084835,31.151568882549583,0.031894742859419074,6.2,8.988315720453178
16100.0,16980.0,-20.6,19.5,39.7,269.0,54.900000000000006,3180.0,59.7,13.700000000000001,66.8,1127.0,72.60000000000001,70.3,6702.62342432109,34.2754357259309,20.074560038184696,10.70284865330456,0.7872076007662404,1.0812029681173556,0.53,1.0,1.0,1.0,0.9808591458979914,0.9808591458979914,52721.7650111453,253.14999999999998,0.725390553084835,31.151568882549583,0.031894439069864625,6.7,8.988352064483069
16150.0,17010.0,-19.700000000000003,20.5,39.7,270.0,54.900000000000006,3188.0,60.6,13.450000000000001,66.4,1130.0,72.4,70.7,6702.6504345434505,34.2754357259309,20.074640934618238,10.70284865330456,0.7872076007662404,1.0812029681173556,0.55,1.0,1.0,1.0,0.9808591458979914,0.9808591458979914,52721.7650111453,253.14999999999998,0.725390553084835,31.151568882549583,0.03189413630845125,6.6000000000000005,8.988388285731459
16200.0,16980.0,-19.8,20.5,40.2,269.0,55.0,3185.0,59.900000000000006,13.75,66.60000000000001,1124.0,73.0,70.4,6702.677353352793,34.2754357259309,20.07472155726703,10.70284865330456,0.7872076007662404,1.0812029681173556,0.53,1.0,1.0,1.0,0.9808591458979914,0.9808591458979914,52721.7650111453,253.14999999999998,0.725390553084835,31.151568882549583,0.03189383457354717,6.4,8.988424384393163
16250.0,16990.0,-19.700000000000003,20.5,40.2,269.0,54.900000000000006,3189.0,59.800000000000004,13.600000000000001,66.8,1126.0,73.0,71.8,6702.704180894207,34.2754357259309,20.074801906565607,10.70284865330456,0.7872076007662404,1.0812029681173556,0.56,1.0,1.0,1.0,0.9808591458979914,0.9808591458979914,52721.7650111453,253.14999999999998,0.725390553084835,31.151568882549583,0.03189353386352312,7.0,8.98846036066275
16300.0,17010.0,-20.400000000000002,19.5,39.7,269.0,55.0,3191.0,60.400000000000006,13.600000000000001,66.2,1122.0,72.9,71.10000000000001,6702.730917312546,34.2754357259309,20.07488198294782,10.70284865330456,0.7872076007662404,1.0812029681173556,0.5700000000000001,1.0,1.0,1.0,0.9808591458979914,0.9808591458979914,52721.7650111453,253.14999999999998,0.725390553084835,31.151568882549583,0.031893234176752265,7.2,8.988496214734472
16350.0,17010.0,-19.8,19.5,39.800000000000004,270.0,54.800000000000004,3190.0,60.1,13.5,67.2,1127.0,72.3,71.0,6702.7575627524575,34.2754357259309,20.074961786846888,10.70284865330456,0.7872076007662404,1.0812029681173556,0.58,1.0,1.0,1.0,0.9808591458979914,0.9808591458979914,52721.7650111453,253.14999999999998,0.725390553084835,31.151568882549583,0.03189293551161019,6.9,8.9885319468023
16400.0,17000.0,-19.700000000000003,20.0,39.5,269.0,55.2,3193.0,60.1,13.700000000000001,67.10000000000001,1129.0,72.60000000000001,71.9,6702.784117358369,34.2754357259309,20.07504131869538,10.70284865330456,0.7872076007662404,1.0812029681173556,0.58,1.0,1.0,1.0,0.9808591458979914,0.9808591458979914,52721.7650111453,253.14999999999998,0.725390553084835,31.151568882549583,0.03189263786647489,6.6000000000000005,8.988567557059921
16450.0,16990.0,-19.900000000000002,19.0,40.300000000000004,269.0,55.1,3186.0,59.900000000000006,13.55,66.4,1132.0,73.4,71.2,6702.810581274493,34.2754357259309,20.07512057892521,10.70284865330456,0.7872076007662404,1.0812029681173556,0.5700000000000001,1.0,1.0,1.0,0.9808591458979914,0.9808591458979914,52721.7650111453,253.14999999999998,0.725390553084835,31.151568882549583,0.03189234123972672,6.9,8.988603045700723
16500.0,17010.0,-20.200000000000003,20.0,39.300000000000004,271.0,55.400000000000006,3189.0,59.400000000000006,13.65,66.0,1125.0,73.10000000000001,71.2,6702.836954644837,34.2754357259309,20.075199567967687,10.70284865330456,0.7872076007662404,1.0812029681173556,0.55,1.0,1.0,1.0,0.9808591458979914,0.9808591458979914,52721.7650111453,253.14999999999998,0.725390553084835,31.151568882549583,0.03189204562974848,6.5,8.988638412917819
16550.0,17000.0,-20.1,19.5,39.900000000000006,270.0,55.0,3183.0,60.300000000000004,13.4,66.2,1125.0,73.0,71.3,6702.8632376131845,34.2754357259309,20.07527828625345,10.70284865330456,0.7872076007662404,1.0812029681173556,0.6,1.0,1.0,1.0,0.9808591458979914,0.9808591458979914,52721.7650111453,253.14999999999998,0.725390553084835,31.151568882549583,0.031891751034925364,6.5,8.988673658904034
16600.0,17010.0,-19.900000000000002,19.0,40.800000000000004,269.0,55.1,3190.0,60.1,13.55,67.0,1123.0,72.9,70.8,6702.889430323109,34.2754357259309,20.0753567342125,10.70284865330456,0.7872076007662404,1.0812029681173556,0.55,1.0,1.0,1.0,0.9808591458979914,0.9808591458979914,52721.7650111453,253.14999999999998,0.725390553084835,31.151568882549583,0.03189145745364495,6.800000000000001,8.988708783851896
16650.0,17010.0,-20.1,20.5,40.0,269.0,54.900000000000006,3187.0,59.800000000000004,13.65,66.60000000000001,1123.0,72.3,71.3,6702.915532917976,34.2754357259309,20.07543491227423,10.70284865330456,0.7872076007662404,1.0812029681173556,0.54,1.0,1.0,1.0,0.9808591458979914,0.9808591458979914,52721.7650111453,253.14999999999998,0.725390553084835,31.151568882549583,0.031891164884297246,6.800000000000001,8.988743787953664
16700.0,17010.0,-20.400000000000002,19.5,40.7,270.0,54.900000000000006,3185.0,59.800000000000004,13.5,67.0,1125.0,73.3,70.8,6702.94154554093,34.2754357259309,20.075512820867356,10.70284865330456,0.7872076007662404,1.0812029681173556,0.54,1.0,1.0,1.0,0.9808591458979914,0.9808591458979914,52721.7650111453,253.14999999999998,0.725390553084835,31.151568882549583,0.031890873325274634,6.6000000000000005,8.988778671401299
16750.0,16970.0,-20.0,20.0,40.300000000000004,268.0,55.2,3192.0,60.400000000000006,13.600000000000001,67.10000000000001,1123.0,73.2,70.7,6702.967468334904,34.2754357259309,20.075590460419967,10.70284865330456,0.7872076007662404,1.0812029681173556,0.52,1.0,1.0,1.0,0.9808591458979914,0.9808591458979914,52721.7650111453,253.14999999999998,0.725390553084835,31.151568882549583,0.031890582774971823,6.4,8.988813434386474
16800.0,17000.0,-20.200000000000003,20.0,39.300000000000004,268.0,55.300000000000004,3192.0,59.7,13.600000000000001,67.10000000000001,1128.0,73.0,71.60000000000001,6702.993301442627,34.2754357259309,20.075667831359542,10.70284865330456,0.7872076007662404,1.0812029681173556,0.54,1.0,1.0,1.0,0.9808591458979914,0.9808591458979914,52721.7650111453,253.14999999999998,0.725390553084835,31.151568882549583,0.03189029323178605,6.7,8.988848077100592
16850.0,17000.0,-20.1,20.0,40.0,270.0,54.800000000000004,3192.0,59.7,13.600000000000001,66.3,1128.0,72.2,71.5,6703.019045006604,34.2754357259309,20.075744934112887,10.70284865330456,0.7872076007662404,1.0812029681173556,0.55,1.0,1.0,1.0,0.9808591458979914,0.9808591458979914,52721.7650111453,253.14999999999998,0.725390553084835,31.151568882549583,0.03189000469411678,7.0,8.988882599734756
16900.0,16990.0,-20.0,21.0,39.900000000000006,271.0,55.0,3190.0,60.0,13.65,66.10000000000001,1124.0,72.7,71.10000000000001,6703.044699169138,34.2754357259309,20.075821769106206,10.70284865330456,0.7872076007662404,1.0812029681173556,0.56,1.0,1.0,1.0,0.9808591458979914,0.9808591458979914,52721.7650111453,253.14999999999998,0.725390553084835,31.151568882549583,0.03188971716036587,6.9,8.988917002479798
16950.0,17020.0,-20.3,19.5,39.400000000000006,272.0,55.1,3190.0,59.6,13.600000000000001,66.8,1126.0,73.3,72.2,6703.070264072321,34.2754357259309,20.075898336765068,10.70284865330456,0.7872076007662404,1.0812029681173556,0.54,1.0,1.0,1.0,0.9808591458979914,0.9808591458979914,52721.7650111453,253.14999999999998,0.725390553084835,31.151568882549583,0.03188943062893764,6.4,8.988951285526264
17000.0,16990.0,-19.5,20.5,39.900000000000006,270.0,54.800000000000004,3192.0,59.900000000000006,13.600000000000001,66.8,1126.0,72.8,71.10000000000001,6703.095739858029,34.2754357259309,20.075974637514392,10.70284865330456,0.7872076007662404,1.0812029681173556,0.59,1.0,1.0,1.0,0.9808591458979914,0.9808591458979914,52721.7650111453,253.14999999999998,0.725390553084835,31.151568882549583,0.031889145098238696,7.1000000000000005,8.988985449064415
17050.0,17010.0,-19.8,20.0,39.7,271.0,55.0,3183.0,59.900000000000006,13.600000000000001,66.2,1131.0,73.10000000000001,71.7,6703.121126667931,34.2754357259309,20.076050671778482,10.70284865330456,0.7872076007662404,1.0812029681173556,0.5700000000000001,1.0,1.0,1.0,0.9808591458979914,0.9808591458979914,52721.7650111453,253.14999999999998,0.725390553084835,31.151568882549583,0.031888860566678036,6.7,8.989019493284228
17100.0,16990.0,-20.0,20.0,39.5,270.0,54.900000000000006,3190.0,60.1,13.55,66.8,1126.0,71.9,70.8,6703.1464246434825,34.2754357259309,20.076126439981007,10.70284865330456,0.7872076007662404,1.0812029681173556,0.6,1.0,1.0,1.0,0.9808591458979914,0.9808591458979914,52721.7650111453,253.14999999999998,0.725390553084835,31.151568882549583,0.03188857703266702,6.300000000000001,8.989053418375404
17150.0,17000.0,-19.5,19.5,40.0,269.0,55.300000000000004,3188.0,60.0,13.700000000000001,66.9,1125.0,72.7,71.3,6703.171633925935,34.2754357259309,20.076201942545012,10.70284865330456,0.7872076007662404,1.0812029681173556,0.55,1.0,1.0,1.0,0.9808591458979914,0.9808591458979914,52721.7650111453,253.14999999999998,0.725390553084835,31.151568882549583,0.03188829449461937,6.2,8.989087224527358
17200.0,17000.0,-20.400000000000002,21.0,40.1,269.0,54.900000000000006,3181.0,59.7,13.65,67.8,1129.0,72.9,70.8,6703.196754656323,34.2754357259309,20.076277179892905,10.70284865330456,0.7872076007662404,1.0812029681173556,0.54,1.0,1.0,1.0,0.9808591458979914,0.9808591458979914,52721.7650111453,253.14999999999998,0.725390553084835,31.151568882549583,0.03188801295095109,7.2,8.989120911929222
17250.0,17000.0,-19.400000000000002,20.5,39.300000000000004,269.0,54.900000000000006,3188.0,60.0,13.8,65.8,1127.0,73.10000000000001,71.0,6703.221786975481,34.2754357259309,20.076352152446493,10.70284865330456,0.7872076007662404,1.0812029681173556,0.5700000000000001,1.0,1.0,1.0,0.9808591458979914,0.9808591458979914,52721.7650111453,253.14999999999998,0.725390553084835,31.151568882549583,0.031887732400080616,6.4,8.98915448076986
17300.0,17000.0,-19.8,20.0,40.2,271.0,55.2,3189.0,59.6,13.55,66.3,1128.0,72.7,70.60000000000001,6703.246731024028,34.2754357259309,20.076426860626924,10.70284865330456,0.7872076007662404,1.0812029681173556,0.53,1.0,1.0,1.0,0.9808591458979914,0.9808591458979914,52721.7650111453,253.14999999999998,0.725390553084835,31.151568882549583,0.031887452840428716,6.300000000000001,8.989187931237844
17350.0,17000.0,-20.400000000000002,19.5,39.800000000000004,269.0,55.1,3191.0,59.800000000000004,13.55,66.8,1125.0,72.60000000000001,71.60000000000001,6703.271586942376,34.2754357259309,20.076501304854744,10.70284865330456,0.7872076007662404,1.0812029681173556,0.59,1.0,1.0,1.0,0.9808591458979914,0.9808591458979914,52721.7650111453,253.14999999999998,0.725390553084835,31.151568882549583,0.03188717427041844,6.9,8.989221263521467
17400.0,17010.0,-20.6,20.5,40.2,271.0,55.1,3189.0,59.900000000000006,13.600000000000001,66.3,1129.0,72.4,70.8,6703.296354870734,34.2754357259309,20.076575485549878,10.70284865330456,0.7872076007662404,1.0812029681173556,0.63,1.0,1.0,1.0,0.9808591458979914,0.9808591458979914,52721.7650111453,253.14999999999998,0.725390553084835,31.151568882549583,0.031886896688475275,6.5,8.989254477808752
17450.0,17000.0,-20.3,20.0,39.7,270.0,55.2,3186.0,60.2,13.65,67.10000000000001,1127.0,74.0,71.60000000000001,6703.32103494909,34.2754357259309,20.076649403131597,10.70284865330456,0.7872076007662404,1.0812029681173556,0.58,1.0,1.0,1.0,0.9808591458979914,0.9808591458979914,52721.7650111453,253.14999999999998,0.725390553084835,31.151568882549583,0.03188662009302697,6.5,8.98928757428743
17500.0,17000.0,-19.6,21.0,40.6,271.0,54.7,3190.0,59.6,13.5,66.60000000000001,1128.0,73.2,71.3,6703.345627317238,34.2754357259309,20.076723058018587,10.70284865330456,0.7872076007662404,1.0812029681173556,0.58,1.0,1.0,1.0,0.9808591458979914,0.9808591458979914,52721.7650111453,253.14999999999998,0.725390553084835,31.151568882549583,0.031886344482503555,6.5,8.989320553144964
17550.0,17000.0,-20.400000000000002,19.0,40.300000000000004,269.0,55.2,3193.0,59.800000000000004,13.65,66.10000000000001,1122.0,73.0,70.8,6703.370132114762,34.2754357259309,20.076796450628912,10.70284865330456,0.7872076007662404,1.0812029681173556,0.55,1.0,1.0,1.0,0.9808591458979914,0.9808591458979914,52721.7650111453,253.14999999999998,0.725390553084835,31.151568882549583,0.031886069855337464,7.2,8.989353414568539
17600.0,16980.0,-19.900000000000002,19.5,40.400000000000006,270.0,55.1,3185.0,59.800000000000004,13.65,67.5,1128.0,72.60000000000001,71.2,6703.394549481039,34.2754357259309,20.076869581380002,10.70284865330456,0.7872076007662404,1.0812029681173556,0.64,1.0,1.0,1.0,0.9808591458979914,0.9808591458979914,52721.7650111453,253.14999999999998,0.725390553084835,31.151568882549583,0.03188579620996346,6.7,8.989386158745063
17650.0,17020.0,-20.200000000000003,20.0,40.2,270.0,54.800000000000004,3185.0,60.300000000000004,13.700000000000001,67.4,1131.0,73.0,70.9,6703.418879555234,34.2754357259309,20.076942450688666,10.70284865330456,0.7872076007662404,1.0812029681173556,0.61,1.0,1.0,1.0,0.9808591458979914,0.9808591458979914,52721.7650111453,253.14999999999998,0.725390553084835,31.151568882549583,0.031885523544818564,6.9,8.98941878586116
17700.0,16990.0,-20.3,20.0,39.900000000000006,270.0,55.2,3191.0,60.400000000000006,13.450000000000001,66.60000000000001,1129.0,72.4,70.7,6703.443122476313,34.2754357259309,20.077015058971106,10.70284865330456,0.7872076007662404,1.0812029681173556,0.54,1.0,1.0,1.0,0.9808591458979914,0.9808591458979914,52721.7650111453,253.14999999999998,0.725390553084835,31.151568882549583,0.03188525185834216,6.7,8.989451296103185
17750.0,17020.0,-19.400000000000002,19.5,40.2,270.0,55.1,3190.0,60.1,13.700000000000001,67.10000000000001,1124.0,73.2,71.5,6703.467278383032,34.2754357259309,20.07708740664291,10.70284865330456,0.7872076007662404,1.0812029681173556,0.58,1.0,1.0,1.0,0.9808591458979914,0.9808591458979914,52721.7650111453,253.14999999999998,0.725390553084835,31.151568882549583,0.031884981148975894,7.0,8.989483689657215
17800.0,17000.0,-19.900000000000002,20.0,39.2,270.0,54.900000000000006,3184.0,60.400000000000006,13.65,66.4,1125.0,73.0,71.5,6703.491347413948,34.2754357259309,20.077159494119048,10.70284865330456,0.7872076007662404,1.0812029681173556,0.54,1.0,1.0,1.0,0.9808591458979914,0.9808591458979914,52721.7650111453,253.14999999999998,0.725390553084835,31.151568882549583,0.03188471141516382,6.7,8.989515966709053
17850.0,17010.0,-20.6,20.0,39.800000000000004,270.0,54.900000000000006,3189.0,60.6,13.55,66.60000000000001,1132.0,72.7,72.0,6703.515329707397,34.2754357259309,20.07723132181385,10.70284865330456,0.7872076007662404,1.0812029681173556,0.5700000000000001,1.0,1.0,1.0,0.9808591458979914,0.9808591458979914,52721.7650111453,253.14999999999998,0.725390553084835,31.151568882549583,0.031884442655352126,7.1000000000000005,8.989548127444214
17900.0,17010.0,-19.900000000000002,20.0,39.800000000000004,270.0,55.2,3188.0,59.900000000000006,13.600000000000001,67.0,1130.0,72.7,70.7,6703.539225401533,34.2754357259309,20.07730289014109,10.70284865330456,0.7872076007662404,1.0812029681173556,0.58,1.0,1.0,1.0,0.9808591458979914,0.9808591458979914,52721.7650111453,253.14999999999998,0.725390553084835,31.151568882549583,0.03188417486798944,7.1000000000000005,8.989580172047965
17950.0,17010.0,-20.400000000000002,20.0,39.6,270.0,55.300000000000004,3183.0,59.5,13.55,66.60000000000001,1128.0,73.10000000000001,71.60000000000001,6703.5630346342905,34.2754357259309,20.077374199513883,10.70284865330456,0.7872076007662404,1.0812029681173556,0.51,1.0,1.0,1.0,0.9808591458979914,0.9808591458979914,52721.7650111453,253.14999999999998,0.725390553084835,31.151568882549583,0.031883908051526674,7.0,8.989612100705278
18000.0,17000.0,-19.8,19.5,40.0,270.0,55.2,3182.0,60.0,13.5,66.7,1129.0,73.4,70.8,6703.586757543399,34.2754357259309,20.077445250344734,10.70284865330456,0.7872076007662404,1.0812029681173556,0.59,1.0,1.0,1.0,0.9808591458979914,0.9808591458979914,52721.7650111453,253.14999999999998,0.725390553084835,31.151568882549583,0.03188364220441695,7.0,8.98964391360085
18050.0,16980.0,-19.8,20.5,39.900000000000006,269.0,55.2,3184.0,59.900000000000006,13.600000000000001,66.9,1125.0,72.7,71.10000000000001,6703.610394266393,34.2754357259309,20.077516043045563,10.70284865330456,0.7872076007662404,1.0812029681173556,0.6,1.0,1.0,1.0,0.9808591458979914,0.9808591458979914,52721.7650111453,253.14999999999998,0.725390553084835,31.151568882549583,0.03188337732511574,7.300000000000001,8.98967561091912
18100.0,16980.0,-19.900000000000002,19.5,40.400000000000006,269.0,54.900000000000006,3186.0,60.0,13.600000000000001,66.7,1127.0,72.4,71.4,6703.6339449406,34.2754357259309,20.07758657802767,10.70284865330456,0.7872076007662404,1.0812029681173556,0.5700000000000001,1.0,1.0,1.0,0.9808591458979914,0.9808591458979914,52721.7650111453,253.14999999999998,0.725390553084835,31.151568882549583,0.03188311341208081,7.0,8.989707192844243
18150.0,16990.0,-20.5,20.0,40.5,270.0,55.0,3185.0,60.5,13.5,66.0,1128.0,72.3,71.7,6703.657409703139,34.2754357259309,20.077656855701733,10.70284865330456,0.7872076007662404,1.0812029681173556,0.59,1.0,1.0,1.0,0.9808591458979914,0.9808591458979914,52721.7650111453,253.14999999999998,0.725390553084835,31.151568882549583,0.03188285046377217,6.9,8.989738659560103
18200.0,17010.0,-20.0,19.5,39.900000000000006,269.0,55.1,3192.0,60.400000000000006,13.600000000000001,67.0,1126.0,72.7,71.3,6703.680788690932,34.2754357259309,20.077726876477833,10.70284865330456,0.7872076007662404,1.0812029681173556,0.56,1.0,1.0,1.0,0.9808591458979914,0.9808591458979914,52721.7650111453,253.14999999999998,0.725390553084835,31.151568882549583,0.031882588478652114,6.800000000000001,8.989770011250314
18250.0,16990.0,-20.3,20.5,40.400000000000006,269.0,55.1,3186.0,60.0,13.700000000000001,66.9,1129.0,73.60000000000001,70.7,6703.7040820407,34.2754357259309,20.077796640765456,10.70284865330456,0.7872076007662404,1.0812029681173556,0.54,1.0,1.0,1.0,0.9808591458979914,0.9808591458979914,52721.7650111453,253.14999999999998,0.725390553084835,31.151568882549583,0.03188232745518524,6.5,8.98980124809822
18300.0,17000.0,-20.700000000000003,20.0,39.800000000000004,271.0,55.1,3186.0,60.2,13.65,66.0,1126.0,72.10000000000001,70.5,6703.727289888955,34.2754357259309,20.077866148973463,10.70284865330456,0.7872076007662404,1.0812029681173556,0.54,1.0,1.0,1.0,0.9808591458979914,0.9808591458979914,52721.7650111453,253.14999999999998,0.725390553084835,31.151568882549583,0.03188206739183836,6.7,8.989832370286887
18350.0,16990.0,-20.1,19.5,40.1,270.0,55.1,3188.0,59.5,13.55,66.2,1126.0,72.9,71.8,6703.7504123720155,34.2754357259309,20.077935401510125,10.70284865330456,0.7872076007662404,1.0812029681173556,0.59,1.0,1.0,1.0,0.9808591458979914,0.9808591458979914,52721.7650111453,253.14999999999998,0.725390553084835,31.151568882549583,0.031881808287080635,6.5,8.98986337799912
18400.0,17010.0,-19.8,19.5,40.300000000000004,270.0,54.7,3190.0,60.1,13.600000000000001,66.4,1125.0,73.10000000000001,71.0,6703.773449625989,34.2754357259309,20.078004398783094,10.70284865330456,0.7872076007662404,1.0812029681173556,0.5700000000000001,1.0,1.0,1.0,0.9808591458979914,0.9808591458979914,52721.7650111453,253.14999999999998,0.725390553084835,31.151568882549583,0.031881550139383444,6.800000000000001,8.989894271417445
18450.0,16990.0,-20.3,19.0,40.2,269.0,55.0,3190.0,60.2,13.5,66.4,1131.0,73.5,71.5,6703.796401786788,34.2754357259309,20.078073141199425,10.70284865330456,0.7872076007662404,1.0812029681173556,0.58,1.0,1.0,1.0,0.9808591458979914,0.9808591458979914,52721.7650111453,253.14999999999998,0.725390553084835,31.151568882549583,0.03188129294722038,6.5,8.98992505072412
18500.0,17010.0,-20.0,20.5,39.7,270.0,55.0,3189.0,60.1,13.55,65.60000000000001,1131.0,73.8,71.3,6703.819268990124,34.2754357259309,20.078141629165586,10.70284865330456,0.7872076007662404,1.0812029681173556,0.53,1.0,1.0,1.0,0.9808591458979914,0.9808591458979914,52721.7650111453,253.14999999999998,0.725390553084835,31.151568882549583,0.03188103670906736,6.5,8.989955716101138
18550.0,17010.0,-19.6,19.5,40.0,270.0,55.2,3187.0,59.5,13.65,67.10000000000001,1127.0,73.10000000000001,70.8,6703.842051371509,34.2754357259309,20.078209863087437,10.70284865330456,0.7872076007662404,1.0812029681173556,0.54,1.0,1.0,1.0,0.9808591458979914,0.9808591458979914,52721.7650111453,253.14999999999998,0.725390553084835,31.151568882549583,0.03188078142340252,7.0,8.989986267730222
18600.0,17000.0,-19.8,21.0,39.6,270.0,55.0,3186.0,60.2,13.600000000000001,65.8,1127.0,73.0,71.5,6703.864749066251,34.2754357259309,20.078277843370227,10.70284865330456,0.7872076007662404,1.0812029681173556,0.58,1.0,1.0,1.0,0.9808591458979914,0.9808591458979914,52721.7650111453,253.14999999999998,0.725390553084835,31.151568882549583,0.031880527088706215,6.800000000000001,8.990016705792824
18650.0,17000.0,-20.1,19.5,40.1,270.0,55.300000000000004,3194.0,60.2,13.600000000000001,66.4,1124.0,72.8,71.10000000000001,6703.887362209462,34.2754357259309,20.078345570418623,10.70284865330456,0.7872076007662404,1.0812029681173556,0.5700000000000001,1.0,1.0,1.0,0.9808591458979914,0.9808591458979914,52721.7650111453,253.14999999999998,0.725390553084835,31.151568882549583,0.031880273703461144,6.800000000000001,8.990047030470132
18700.0,17010.0,-20.200000000000003,19.5,40.6,271.0,54.900000000000006,3188.0,60.0,13.600000000000001,66.7,1133.0,73.0,71.4,6703.909890936046,34.2754357259309,20.07841304463667,10.70284865330456,0.7872076007662404,1.0812029681173556,0.52,1.0,1.0,1.0,0.9808591458979914,0.9808591458979914,52721.7650111453,253.14999999999998,0.725390553084835,31.151568882549583,0.03188002126615211,6.6000000000000005,8.990077241943057
18750.0,17010.0,-19.900000000000002,18.0,40.300000000000004,272.0,54.6,3194.0,59.2,13.65,66.4,1121.0,73.10000000000001,71.60000000000001,6703.932335380725,34.2754357259309,20.078480266427853,10.70284865330456,0.7872076007662404,1.0812029681173556,0.58,1.0,1.0,1.0,0.9808591458979914,0.9808591458979914,52721.7650111453,253.14999999999998,0.725390553084835,31.151568882549583,0.03187976977526628,6.9,8.99010734039226
18800.0,17000.0,-20.6,20.5,40.7,271.0,54.6,3182.0,59.7,13.5,66.4,1128.0,72.4,71.4,6703.954695678004,34.2754357259309,20.078547236195032,10.70284865330456,0.7872076007662404,1.0812029681173556,0.58,1.0,1.0,1.0,0.9808591458979914,0.9808591458979914,52721.7650111453,253.14999999999998,0.725390553084835,31.151568882549583,0.031879519229292996,6.6000000000000005,8.990137325998118
18850.0,17000.0,-20.6,20.0,40.0,270.0,55.1,3189.0,59.900000000000006,13.600000000000001,67.0,1127.0,73.0,71.0,6703.9769719621945,34.2754357259309,20.078613954340465,10.70284865330456,0.7872076007662404,1.0812029681173556,0.55,1.0,1.0,1.0,0.9808591458979914,0.9808591458979914,52721.7650111453,253.14999999999998,0.725390553084835,31.151568882549583,0.03187926962672383,6.800000000000001,8.990167198940743
18900.0,16990.0,-19.900000000000002,20.0,39.900000000000006,270.0,54.900000000000006,3182.0,60.1,13.600000000000001,66.9,1126.0,73.60000000000001,70.9,6703.999164367419,34.2754357259309,20.078680421265858,10.70284865330456,0.7872076007662404,1.0812029681173556,0.54,1.0,1.0,1.0,0.9808591458979914,0.9808591458979914,52721.7650111453,253.14999999999998,0.725390553084835,31.151568882549583,0.031879020966052544,6.5,8.990196959399999
18950.0,16980.0,-19.5,20.5,40.2,269.0,55.400000000000006,3187.0,59.900000000000006,13.700000000000001,66.8,1132.0,73.0,70.9,6704.021273027591,34.2754357259309,20.07874663737228,10.70284865330456,0.7872076007662404,1.0812029681173556,0.55,1.0,1.0,1.0,0.9808591458979914,0.9808591458979914,52721.7650111453,253.14999999999998,0.725390553084835,31.151568882549583,0.031878773245775274,6.2,8.99022660755546
19000.0,17000.0,-19.700000000000003,20.5,40.0,269.0,55.0,3192.0,60.1,13.600000000000001,65.9,1129.0,71.8,71.3,6704.043298076424,34.2754357259309,20.078812603060214,10.70284865330456,0.7872076007662404,1.0812029681173556,0.64,1.0,1.0,1.0,0.9808591458979914,0.9808591458979914,52721.7650111453,253.14999999999998,0.725390553084835,31.151568882549583,0.03187852646439023,6.300000000000001,8.990256143586448
19050.0,17000.0,-20.0,20.0,40.400000000000006,270.0,55.0,3192.0,60.0,13.8,66.5,1127.0,72.3,70.8,6704.065239647445,34.2754357259309,20.078878318729572,10.70284865330456,0.7872076007662404,1.0812029681173556,0.6,1.0,1.0,1.0,0.9808591458979914,0.9808591458979914,52721.7650111453,253.14999999999998,0.725390553084835,31.151568882549583,0.03187828062039788,6.4,8.990285567672018
19100.0,16970.0,-20.0,20.5,40.0,270.0,54.6,3190.0,60.2,13.450000000000001,67.10000000000001,1129.0,73.3,71.4,6704.087097873976,34.2754357259309,20.07894378477966,10.70284865330456,0.7872076007662404,1.0812029681173556,0.59,1.0,1.0,1.0,0.9808591458979914,0.9808591458979914,52721.7650111453,253.14999999999998,0.725390553084835,31.151568882549583,0.03187803571230084,6.800000000000001,8.99031487999096
19150.0,17010.0,-20.5,19.0,39.7,270.0,55.1,3190.0,60.300000000000004,13.700000000000001,65.9,1127.0,72.60000000000001,71.0,6704.108872889153,34.2754357259309,20.079009001609226,10.70284865330456,0.7872076007662404,1.0812029681173556,0.58,1.0,1.0,1.0,0.9808591458979914,0.9808591458979914,52721.7650111453,253.14999999999998,0.725390553084835,31.151568882549583,0.03187779173860405,5.9,8.990344080721812
19200.0,17030.0,-19.8,19.5,40.800000000000004,270.0,55.0,3186.0,60.5,13.600000000000001,66.5,1130.0,73.10000000000001,71.0,6704.130564825901,34.2754357259309,20.07907396961638,10.70284865330456,0.7872076007662404,1.0812029681173556,0.6,1.0,1.0,1.0,0.9808591458979914,0.9808591458979914,52721.7650111453,253.14999999999998,0.725390553084835,31.151568882549583,0.03187754869781461,7.300000000000001,8.99037317004283
19250.0,17000.0,-20.0,20.0,40.5,270.0,54.900000000000006,3182.0,59.6,13.55,66.4,1131.0,73.10000000000001,70.60000000000001,6704.152173816958,34.2754357259309,20.079138689198682,10.70284865330456,0.7872076007662404,1.0812029681173556,0.54,1.0,1.0,1.0,0.9808591458979914,0.9808591458979914,52721.7650111453,253.14999999999998,0.725390553084835,31.151568882549583,0.03187730658844179,7.0,8.990402148132018
19300.0,17010.0,-20.0,20.0,40.400000000000006,269.0,55.1,3197.0,60.1,13.55,66.60000000000001,1126.0,72.4,71.4,6704.1736999948635,34.2754357259309,20.079203160753085,10.70284865330456,0.7872076007662404,1.0812029681173556,0.6,1.0,1.0,1.0,0.9808591458979914,0.9808591458979914,52721.7650111453,253.14999999999998,0.725390553084835,31.151568882549583,0.031877065408997096,6.6000000000000005,8.990431015167113
19350.0,17000.0,-20.3,20.0,39.800000000000004,269.0,55.400000000000006,3190.0,60.2,13.65,66.8,1126.0,73.0,70.9,6704.195143491962,34.2754357259309,20.079267384675973,10.70284865330456,0.7872076007662404,1.0812029681173556,0.58,1.0,1.0,1.0,0.9808591458979914,0.9808591458979914,52721.7650111453,253.14999999999998,0.725390553084835,31.151568882549583,0.03187682515799427,6.800000000000001,8.990459771325591
19400.0,17000.0,-20.400000000000002,20.0,39.900000000000006,268.0,55.1,3192.0,60.800000000000004,13.55,66.10000000000001,1124.0,73.0,71.2,6704.216504440401,34.2754357259309,20.079331361363124,10.70284865330456,0.7872076007662404,1.0812029681173556,0.54,1.0,1.0,1.0,0.9808591458979914,0.9808591458979914,52721.7650111453,253.14999999999998,0.725390553084835,31.151568882549583,0.03187658583394911,6.7,8.990488416784668
19450.0,16980.0,-19.700000000000003,19.5,40.0,269.0,54.900000000000006,3187.0,60.0,13.65,67.2,1129.0,73.3,71.8,6704.237782972137,34.2754357259309,20.079395091209754,10.70284865330456,0.7872076007662404,1.0812029681173556,0.58,1.0,1.0,1.0,0.9808591458979914,0.9808591458979914,52721.7650111453,253.14999999999998,0.725390553084835,31.151568882549583,0.03187634743537976,6.7,8.990516951721295
19500.0,17010.0,-19.700000000000003,20.5,39.400000000000006,269.0,54.900000000000006,3191.0,60.0,13.700000000000001,67.2,1130.0,73.3,70.5,6704.258979218927,34.2754357259309,20.079458574610484,10.70284865330456,0.7872076007662404,1.0812029681173556,0.58,1.0,1.0,1.0,0.9808591458979914,0.9808591458979914,52721.7650111453,253.14999999999998,0.725390553084835,31.151568882549583,0.03187610996080642,6.6000000000000005,8.990545376312166
19550.0,16980.0,-20.1,20.5,40.2,272.0,55.0,3198.0,60.1,13.600000000000001,65.60000000000001,1130.0,72.7,70.7,6704.28009331234,34.2754357259309,20.07952181195936,10.70284865330456,0.7872076007662404,1.0812029681173556,0.61,1.0,1.0,1.0,0.9808591458979914,0.9808591458979914,52721.7650111453,253.14999999999998,0.725390553084835,31.151568882549583,0.031875873408751546,7.0,8.990573690733715
19600.0,17010.0,-20.1,20.0,40.0,271.0,55.300000000000004,3190.0,60.6,13.65,66.2,1129.0,73.5,72.10000000000001,6704.301125383746,34.2754357259309,20.07958480364984,10.70284865330456,0.7872076007662404,1.0812029681173556,0.6,1.0,1.0,1.0,0.9808591458979914,0.9808591458979914,52721.7650111453,253.14999999999998,0.725390553084835,31.151568882549583,0.03187563777773983,6.7,8.990601895162111
19650.0,17000.0,-19.8,21.0,40.2,270.0,55.0,3187.0,60.0,13.600000000000001,67.4,1126.0,72.9,70.60000000000001,6704.322075564316,34.2754357259309,20.079647550074792,10.70284865330456,0.7872076007662404,1.0812029681173556,0.59,1.0,1.0,1.0,0.9808591458979914,0.9808591458979914,52721.7650111453,253.14999999999998,0.725390553084835,31.151568882549583,0.03187540306629795,7.0,8.99062998977326
19700.0,17020.0,-19.900000000000002,20.5,39.900000000000006,270.0,55.1,3189.0,60.0,13.65,66.2,1126.0,73.5,72.4,6704.342943985046,34.2754357259309,20.079710051626545,10.70284865330456,0.7872076007662404,1.0812029681173556,0.53,1.0,1.0,1.0,0.9808591458979914,0.9808591458979914,52721.7650111453,253.14999999999998,0.725390553084835,31.151568882549583,0.031875169272954945,6.4,8.990657974742827
19750.0,16990.0,-20.0,20.5,40.2,270.0,55.1,3186.0,59.900000000000006,13.600000000000001,65.4,1124.0,72.5,71.4,6704.3637307767185,34.2754357259309,20.079772308696803,10.70284865330456,0.7872076007662404,1.0812029681173556,0.5700000000000001,1.0,1.0,1.0,0.9808591458979914,0.9808591458979914,52721.7650111453,253.14999999999998,0.725390553084835,31.151568882549583,0.031874936396241914,6.9,8.990685850246194
19800.0,16980.0,-20.400000000000002,20.5,38.900000000000006,271.0,54.6,3192.0,59.7,13.65,68.3,1121.0,73.2,70.2,6704.384436069935,34.2754357259309,20.079834321676717,10.70284865330456,0.7872076007662404,1.0812029681173556,0.58,1.0,1.0,1.0,0.9808591458979914,0.9808591458979914,52721.7650111453,253.14999999999998,0.725390553084835,31.151568882549583,0.031874704434692154,6.7,8.990713616458505
19850.0,17000.0,-20.3,20.5,39.400000000000006,271.0,54.900000000000006,3183.0,60.5,13.600000000000001,67.5,1130.0,72.60000000000001,71.0,6704.405059995103,34.2754357259309,20.07989609095686,10.70284865330456,0.7872076007662404,1.0812029681173556,0.5700000000000001,1.0,1.0,1.0,0.9808591458979914,0.9808591458979914,52721.7650111453,253.14999999999998,0.725390553084835,31.151568882549583,0.031874473386841094,7.1000000000000005,8.990741273554635
19900.0,17010.0,-19.900000000000002,20.0,40.0,271.0,55.0,3187.0,59.800000000000004,13.55,65.5,1125.0,73.4,71.0,6704.425602682438,34.2754357259309,20.07995761692724,10.70284865330456,0.7872076007662404,1.0812029681173556,0.59,1.0,1.0,1.0,0.9808591458979914,0.9808591458979914,52721.7650111453,253.14999999999998,0.725390553084835,31.151568882549583,0.03187424325122638,6.1000000000000005,8.990768821709203
19950.0,17010.0,-20.0,20.0,40.1,270.0,54.6,3192.0,60.1,13.55,65.8,1123.0,73.0,71.9,6704.446064261961,34.2754357259309,20.08001889997726,10.70284865330456,0.7872076007662404,1.0812029681173556,0.5700000000000001,1.0,1.0,1.0,0.9808591458979914,0.9808591458979914,52721.7650111453,253.14999999999998,0.725390553084835,31.151568882549583,0.0318740140263878,6.4,8.990796261096575
20000.0,17000.0,-20.0,20.5,40.2,268.0,55.1,3184.0,59.6,13.600000000000001,66.60000000000001,1123.0,73.2,71.4,6704.466444863496,34.2754357259309,20.080079940495764,10.70284865330456,0.7872076007662404,1.0812029681173556,0.5700000000000001,1.0,1.0,1.0,0.9808591458979914,0.9808591458979914,52721.7650111453,253.14999999999998,0.725390553084835,31.151568882549583,0.03187378571086724,6.5,8.990823591890845
20050.0,16990.0,-19.700000000000003,19.0,40.400000000000006,270.0,55.0,3182.0,60.0,13.65,65.60000000000001,1128.0,72.9,70.7,6702.2391143678515,34.26842351694235,20.07340901824203,10.70065902070208,0.7870465506118943,1.0812029681173556,0.59,1.0,1.0,1.0,0.9808591458979914,0.9808591458979914,52710.97897657936,253.14999999999998,0.7252421229839465,31.151568882549583,0.0318735567685083,6.2,8.987836697149577
20100.0,17010.0,-19.5,20.5,40.2,270.0,54.900000000000006,3187.0,60.2,13.55,66.8,1132.0,72.9,70.4,6700.012211960342,34.261412469636596,20.06673937812522,10.698469750846705,0.786885527138041,1.0812029681173556,0.53,1.0,1.0,1.0,0.9808591458979914,0.9808591458979914,52700.194728889786,253.14999999999998,0.7250937174728401,31.151568882549583,0.0318733271998511,6.9,8.984850376483058
20150.0,17010.0,-19.700000000000003,19.5,40.300000000000004,270.0,54.900000000000006,3187.0,59.6,13.75,66.3,1129.0,72.7,70.5,6697.785737545746,34.25440258386639,20.06007101986014,10.696280843692456,0.7867245303412991,1.0812029681173556,0.56,1.0,1.0,1.0,0.9808591458979914,0.9808591458979914,52689.412267850144,253.14999999999998,0.7249453365483997,31.151568882549583,0.03187309700543505,7.0,8.981864629763598
20200.0,17010.0,-20.3,20.0,40.2,271.0,55.1,3191.0,60.2,13.5,65.8,1124.0,72.4,71.5,6695.559691028922,34.247393859484525,20.05340394316184,10.694092299193368,0.7865635602182875,1.0812029681173556,0.58,1.0,1.0,1.0,0.9808591458979914,0.9808591458979914,52678.631593233986,253.14999999999998,0.724796980207509,31.151568882549583,0.03187286618579894,6.7,8.978879456863606
20250.0,16990.0,-19.400000000000002,19.5,40.800000000000004,269.0,54.800000000000004,3180.0,60.1,13.5,65.7,1123.0,73.2,71.4,6693.334072314761,34.240386296343736,20.046738147745465,10.691904117303457,0.7864026167656241,1.0812029681173556,0.62,1.0,1.0,1.0,0.9808591458979914,0.9808591458979914,52667.85270481479,253.14999999999998,0.724648648447051,31.151568882549583,0.03187263474148076,6.5,8.975894857655542
20300.0,17030.0,-20.400000000000002,20.0,39.800000000000004,270.0,55.2,3192.0,59.7,13.65,66.3,1126.0,72.7,70.8,6691.108881308271,34.23337989429689,20.040073633326507,10.689716297976775,0.7862416999799293,1.0812029681173556,0.62,1.0,1.0,1.0,0.9808591458979914,0.9808591458979914,52657.07560236621,253.14999999999998,0.7245003412639107,31.151568882549583,0.03187240267301777,6.800000000000001,8.972910832012017
20350.0,17040.0,-20.1,21.0,40.5,269.0,54.900000000000006,3188.0,60.0,13.55,66.60000000000001,1131.0,72.5,70.5,6688.88411791449,34.22637465319676,20.03341039962056,10.687528841167353,0.786080809857822,1.0812029681173556,0.55,1.0,1.0,1.0,0.9808591458979914,0.9808591458979914,52646.30028566183,253.14999999999998,0.7243520586549724,31.151568882549583,0.031872169980946566,6.6000000000000005,8.969927379805691
20400.0,17060.0,-19.700000000000003,20.5,39.900000000000006,270.0,54.7,3192.0,60.1,13.700000000000001,66.2,1127.0,73.0,71.5,6686.659782038544,34.21937057289619,20.02674844634347,10.68534174682924,0.7859199463959228,1.0812029681173556,0.52,1.0,1.0,1.0,0.9808591458979914,0.9808591458979914,52635.52675447529,253.14999999999998,0.7242038006171211,31.151568882549583,0.03187193666580301,6.9,8.966944500909328
20450.0,17040.0,-20.3,19.0,39.900000000000006,271.0,55.300000000000004,3190.0,60.6,13.600000000000001,66.9,1126.0,72.7,70.7,6684.4358735856185,34.21236765324802,20.020087773211262,10.683155014916482,0.7857591095908512,1.0812029681173556,0.5,1.0,1.0,1.0,0.9808591458979914,0.9808591458979914,52624.75500858021,253.14999999999998,0.7240555671472412,31.151568882549583,0.03187170272812231,7.0,8.963962195195787
20500.0,17040.0,-20.200000000000003,19.5,39.900000000000006,271.0,55.400000000000006,3182.0,59.900000000000006,13.5,66.9,1128.0,72.7,71.10000000000001,6682.212392460956,34.20536589410509,20.013428379940137,10.680968645383125,0.7855982994392277,1.0812029681173556,0.55,1.0,1.0,1.0,0.9808591458979914,0.9808591458979914,52613.985047750255,253.14999999999998,0.7239073582422185,31.151568882549583,0.03187146816843883,7.1000000000000005,8.960980462537991
20550.0,17060.0,-19.8,18.5,40.0,272.0,55.300000000000004,3181.0,59.900000000000006,13.5,67.4,1128.0,72.60000000000001,71.10000000000001,6679.989338569893,34.198365295320286,20.006770266246576,10.678782638183234,0.7854375159376734,1.0812029681173556,0.49,1.0,1.0,1.0,0.9808591458979914,0.9808591458979914,52603.21687175911,253.14999999999998,0.7237591738989384,31.151568882549583,0.031871232987286335,6.4,8.957999302808998
20600.0,17060.0,-19.700000000000003,19.0,39.800000000000004,271.0,54.7,3189.0,60.0,13.700000000000001,66.2,1126.0,73.2,70.4,6677.766711817814,34.19136585674648,20.0001134318472,10.676596993270866,0.7852767590828094,1.0812029681173556,0.56,1.0,1.0,1.0,0.9808591458979914,0.9808591458979914,52592.45048038049,253.14999999999998,0.7236110141142869,31.151568882549583,0.03187099718519782,6.6000000000000005,8.955018715881927
20650.0,17060.0,-19.700000000000003,20.5,39.7,270.0,55.300000000000004,3185.0,60.0,13.600000000000001,66.3,1123.0,73.4,70.7,6675.544512110171,34.184367578236554,19.993457876458834,10.674411710600085,0.7851160288712565,1.0812029681173556,0.6,1.0,1.0,1.0,0.9808591458979914,0.9808591458979914,52581.685873388094,253.14999999999998,0.7234628788851497,31.151568882549583,0.031870760762705584,6.5,8.952038701629982
20700.0,17060.0,-19.6,20.5,40.1,271.0,54.900000000000006,3188.0,59.800000000000004,13.65,65.9,1131.0,72.8,71.10000000000001,6673.322739352499,34.177370459643434,19.98680359979856,10.67222679012496,0.7849553252996372,1.0812029681173556,0.59,1.0,1.0,1.0,0.9808591458979914,0.9808591458979914,52570.92305055569,253.14999999999998,0.7233147682084138,31.151568882549583,0.03187052372034129,6.7,8.94905925992649
20750.0,17070.0,-20.0,20.5,39.7,270.0,55.0,3192.0,60.0,13.700000000000001,66.2,1126.0,72.9,70.4,6671.1013934503735,34.17037450082002,19.98015060158356,10.670042231799561,0.7847946483645728,1.0812029681173556,0.53,1.0,1.0,1.0,0.9808591458979914,0.9808591458979914,52560.16201165702,253.14999999999998,0.7231666820809654,31.151568882549583,0.031870286058635795,6.5,8.946080390644822
20800.0,17090.0,-20.0,20.0,40.5,271.0,55.300000000000004,3185.0,59.900000000000006,13.700000000000001,66.5,1126.0,73.2,71.60000000000001,6668.880474309461,34.16337970161925,19.973498881531317,10.667858035577966,0.7846339980626857,1.0812029681173556,0.55,1.0,1.0,1.0,0.9808591458979914,0.9808591458979914,52549.40275646587,253.14999999999998,0.7230186204996915,31.151568882549583,0.03187004777811925,6.7,8.943102093658474
20850.0,17100.0,-20.3,20.0,39.6,269.0,54.900000000000006,3190.0,59.900000000000006,13.55,66.4,1124.0,73.10000000000001,71.60000000000001,6666.659981835488,34.15638606189407,19.96684843935947,10.665674201414257,0.7844733743905987,1.0812029681173556,0.56,1.0,1.0,1.0,0.9808591458979914,0.9808591458979914,52538.64528475605,253.14999999999998,0.7228705834614796,31.151568882549583,0.03186980887932121,6.6000000000000005,8.940124368841026
20900.0,17090.0,-20.6,20.5,41.2,270.0,55.0,3191.0,60.5,13.65,65.0,1128.0,73.8,71.4,6664.439915934241,34.14939358149745,19.96019927478585,10.663490729262518,0.7843127773449348,1.0812029681173558,0.53,1.0,1.0,0.9999999999999996,0.9808591458979913,0.9808591458979913,52527.88959630138,253.14999999999998,0.7227225709632169,31.151568882549583,0.03186956936277042,6.7,8.937147216066137
20950.0,17080.0,-19.6,19.5,40.0,269.0,54.900000000000006,3194.0,60.0,13.55,65.60000000000001,1122.0,72.5,71.10000000000001,6662.220276511576,34.14240226028233,19.953551387528496,10.661307619076833,0.7841522069223164,1.0812029681173556,0.59,1.0,1.0,1.0,0.9808591458979914,0.9808591458979914,52517.13569087569,253.14999999999998,0.7225745830017912,31.151568882549583,0.03186932922899502,6.5,8.934170635207554
21000.0,17120.0,-20.200000000000003,20.0,39.6,271.0,55.400000000000006,3181.0,59.900000000000006,13.700000000000001,65.4,1128.0,73.3,71.10000000000001,6660.001063473411,34.135412098101696,19.94690477730562,10.659124870811297,0.7839916631193673,1.0812029681173556,0.58,1.0,1.0,1.0,0.9808591458979914,0.9808591458979914,52506.38356825286,253.14999999999998,0.7224266195740907,31.151568882549583,0.031869088478522316,7.1000000000000005,8.931194626139114
21050.0,17130.0,-20.0,19.5,39.6,271.0,54.7,3187.0,60.0,13.55,66.5,1133.0,72.9,70.9,6657.782276725753,34.128423094808575,19.940259443835718,10.656942484420009,0.7838311459327115,1.0812029681173556,0.6,1.0,1.0,1.0,0.9808591458979914,0.9808591458979914,52495.633228206745,253.14999999999998,0.7222786806770034,31.151568882549583,0.031868847111879005,6.7,8.928219188734769
21100.0,17130.0,-19.900000000000002,20.0,39.300000000000004,269.0,54.6,3190.0,59.6,13.700000000000001,66.3,1126.0,72.60000000000001,71.4,6655.563916174654,34.12143525025596,19.93361538683741,10.654760459857066,0.783670655358973,1.0812029681173556,0.54,1.0,1.0,1.0,0.9808591458979914,0.9808591458979914,52484.884670511274,253.14999999999998,0.7221307663074182,31.151568882549583,0.03186860512959106,6.4,8.925244322868535
21150.0,17130.0,-19.900000000000002,20.0,40.300000000000004,270.0,55.1,3185.0,60.6,13.55,67.2,1126.0,73.2,71.4,6653.34598172623,34.114448564296865,19.926972606029512,10.652578797076576,0.7835101913947758,1.0812029681173558,0.6,1.0,1.0,0.9999999999999996,0.9808591458979913,0.9808591458979913,52474.13789494035,253.14999999999998,0.7219828764622239,31.151568882549583,0.03186836253218381,6.4,8.92227002841451
21200.0,17130.0,-19.400000000000002,20.0,40.0,270.0,54.900000000000006,3195.0,59.7,13.55,67.3,1128.0,73.7,70.8,6651.128473286683,34.10746303678434,19.920331101131097,10.650397496032648,0.7833497540367451,1.0812029681173556,0.5700000000000001,1.0,1.0,1.0,0.9808591458979914,0.9808591458979914,52463.39290126794,253.14999999999998,0.7218350111383096,31.151568882549583,0.03186811932018177,6.5,8.91929630524691
21250.0,17130.0,-20.5,20.5,40.1,270.0,54.900000000000006,3185.0,60.2,13.5,66.60000000000001,1132.0,73.4,70.3,6648.911390762251,34.100478667571394,19.913690871861345,10.648216556679387,0.7831893432815049,1.0812029681173556,0.55,1.0,1.0,1.0,0.9808591458979914,0.9808591458979914,52452.649689267964,253.14999999999998,0.7216871703325646,31.151568882549583,0.03186787549410886,6.800000000000001,8.916323153239995
21300.0,17130.0,-20.400000000000002,20.0,40.0,272.0,54.900000000000006,3193.0,59.6,13.5,66.7,1130.0,72.60000000000001,71.10000000000001,6646.694734059268,34.09349545651112,19.907051917939715,10.646035978970911,0.7830289591256807,1.0812029681173556,0.52,1.0,1.0,1.0,0.9808591458979914,0.9808591458979914,52441.90825871439,253.14999999999998,0.7215393540418782,31.151568882549583,0.03186763105448826,6.6000000000000005,8.91335057226816
21350.0,17150.0,-20.1,20.0,39.5,269.0,55.400000000000006,3189.0,59.7,13.55,65.3,1124.0,73.4,71.0,6644.478503084133,34.086513403456614,19.900414239085883,10.643855762861355,0.7828686015658991,1.0812029681173556,0.62,1.0,1.0,1.0,0.9808591458979914,0.9808591458979914,52431.168609381304,253.14999999999998,0.7213915622631413,31.151568882549583,0.031867386001842475,6.6000000000000005,8.910378562205885
21400.0,17140.0,-19.8,18.5,40.1,270.0,55.300000000000004,3192.0,59.7,13.700000000000001,66.10000000000001,1125.0,73.0,71.0,6642.262697743285,34.079532508260925,19.89377783501962,10.64167590830483,0.782708270598785,1.0812029681173556,0.61,1.0,1.0,1.0,0.9808591458979914,0.9808591458979914,52420.43074104266,253.14999999999998,0.7212437949932435,31.151568882549583,0.03186714033669327,6.7,8.907407122927701
21450.0,17150.0,-19.700000000000003,20.5,40.300000000000004,271.0,55.1,3189.0,60.400000000000006,13.600000000000001,66.3,1131.0,73.5,71.10000000000001,6640.047317943245,34.07255277077715,19.88714270546096,10.639496415255465,0.7825479662209643,1.0812029681173556,0.55,1.0,1.0,1.0,0.9808591458979914,0.9808591458979914,52409.694653472514,253.14999999999998,0.7210960522290754,31.151568882549583,0.03186689405956177,7.0,8.904436254308251
21500.0,17160.0,-19.900000000000002,20.0,40.1,270.0,54.900000000000006,3189.0,60.1,13.55,66.8,1130.0,73.3,70.9,6637.832363590611,34.06557419085844,19.88050885013016,10.6373172836674,0.782387688429064,1.0812029681173556,0.59,1.0,1.0,1.0,0.9808591458979914,0.9808591458979914,52398.96034644493,253.14999999999998,0.7209483339675279,31.151568882549583,0.03186664717096841,6.7,8.901465956222282
21550.0,17140.0,-19.8,20.0,41.0,271.0,55.1,3189.0,60.0,13.55,65.3,1125.0,72.9,70.0,6635.617834592022,34.05859676835788,19.873876268747594,10.63513851349477,0.7822274372197107,1.0812029681173556,0.55,1.0,1.0,1.0,0.9808591458979914,0.9808591458979914,52388.22781973399,253.14999999999998,0.720800640205492,31.151568882549583,0.031866399671432885,6.6000000000000005,8.898496228544595
21600.0,17160.0,-20.200000000000003,20.0,40.7,271.0,54.900000000000006,3188.0,60.0,13.55,65.8,1129.0,72.8,70.5,6633.403730854198,34.051620503128625,19.867244961033897,10.63296010469171,0.782067212589531,1.0812029681173556,0.56,1.0,1.0,1.0,0.9808591458979914,0.9808591458979914,52377.49707311377,253.14999999999998,0.7206529709398586,31.151568882549583,0.031866151561474196,6.7,8.895527071150097
21650.0,17140.0,-20.0,20.5,40.2,272.0,55.300000000000004,3194.0,60.800000000000004,13.65,66.4,1129.0,72.7,71.10000000000001,6631.1900522839305,34.044645395023835,19.8606149267099,10.630782057212373,0.7819070145351529,1.0812029681173556,0.54,1.0,1.0,1.0,0.9808591458979914,0.9808591458979914,52366.768106358424,253.14999999999998,0.7205053261675198,31.151568882549583,0.03186590284161079,6.7,8.892558483913797
21700.0,17160.0,-20.200000000000003,20.0,39.900000000000006,268.0,54.7,3184.0,59.7,13.600000000000001,66.4,1130.0,73.2,71.60000000000001,6628.976798788044,34.037671443896635,19.85398616549654,10.6286043710109,0.7817468430532031,1.0812029681173556,0.58,1.0,1.0,1.0,0.9808591458979914,0.9808591458979914,52356.04091924207,253.14999999999998,0.7203577058853674,31.151568882549583,0.031865653512360224,6.7,8.889590466710743
21750.0,17190.0,-19.700000000000003,20.0,40.5,268.0,54.900000000000006,3187.0,60.300000000000004,13.700000000000001,65.4,1130.0,72.5,70.5,6626.76397027348,34.03069864960024,19.847358677115103,10.626427046041448,0.78158669814031,1.0812029681173556,0.56,1.0,1.0,1.0,0.9808591458979914,0.9808591458979914,52345.31551153888,253.14999999999998,0.7202101100902935,31.151568882549583,0.03186540357423948,6.5,8.886623019416142
21800.0,17160.0,-19.8,20.5,40.400000000000006,270.0,55.0,3188.0,60.5,13.4,65.7,1127.0,72.5,70.9,6624.551566647205,34.023727011987845,19.840732461286954,10.624250082258174,0.7814265797931018,1.0812029681173556,0.56,1.0,1.0,1.0,0.9808591458979914,0.9808591458979914,52334.59188302301,253.14999999999998,0.7200625387791901,31.151568882549583,0.03186515302776488,6.5,8.883656141905236
21850.0,17190.0,-19.8,20.0,39.800000000000004,270.0,55.0,3181.0,60.1,13.55,67.0,1128.0,73.3,70.60000000000001,6622.339587816259,34.016756530912616,19.834107517733678,10.622073479615239,0.7812664880082072,1.0812029681173556,0.55,1.0,1.0,1.0,0.9808591458979914,0.9808591458979914,52323.87003346869,253.14999999999998,0.7199149919489505,31.151568882549583,0.031864901873451965,6.300000000000001,8.88068983405336
21900.0,17180.0,-19.6,20.5,39.5,270.0,55.0,3191.0,59.5,13.5,66.60000000000001,1122.0,72.8,71.2,6620.128033687756,34.00978720622779,19.82748384617707,10.619897238066807,0.7811064227822545,1.0812029681173558,0.58,1.0,1.0,0.9999999999999996,0.9808591458979913,0.9808591458979913,52313.14996265011,253.14999999999998,0.7197674695964673,31.151568882549583,0.03186465011181572,6.6000000000000005,8.877724095735955
21950.0,17190.0,-19.700000000000003,20.0,39.7,270.0,55.1,3195.0,60.2,13.700000000000001,65.9,1126.0,72.8,71.0,6617.916904168869,34.00281903778661,19.820861446339116,10.61772135756705,0.780946384111873,1.0812029681173556,0.53,1.0,1.0,1.0,0.9808591458979914,0.9808591458979914,52302.43167034154,253.14999999999998,0.7196199717186339,31.151568882549583,0.031864397743370326,6.9,8.874758926828537
22000.0,17210.0,-20.1,20.5,40.1,271.0,54.7,3188.0,60.0,13.65,65.9,1121.0,72.5,71.0,6615.706199166834,33.99585202544229,19.81424031794198,10.615545838070137,0.780786371993692,1.0812029681173556,0.5700000000000001,1.0,1.0,1.0,0.9808591458979914,0.9808591458979914,52291.7151563172,253.14999999999998,0.7194724983123435,31.151568882549583,0.03186414476862934,7.0,8.87179432720671
22050.0,17210.0,-20.0,20.0,40.400000000000006,270.0,55.0,3184.0,60.400000000000006,13.600000000000001,65.8,1127.0,73.10000000000001,71.0,6613.49591858896,33.9888861690481,19.807620460708055,10.613370679530249,0.7806263864243415,1.0812029681173556,0.55,1.0,1.0,1.0,0.9808591458979914,0.9808591458979914,52281.00042035141,253.14999999999998,0.7193250493744903,31.151568882549583,0.03186389118810557,6.4,8.868830296746168
22100.0,17210.0,-20.1,20.0,39.5,270.0,55.0,3187.0,60.1,13.65,66.7,1128.0,72.8,70.8,6611.286062342611,33.98192146845729,19.801001874359894,10.61119588190156,0.7804664274004509,1.0812029681173556,0.53,1.0,1.0,1.0,0.9808591458979914,0.9808591458979914,52270.28746221844,253.14999999999998,0.7191776249019679,31.151568882549583,0.03186363700231126,6.5,8.86586683532269
22150.0,17220.0,-20.200000000000003,20.0,39.6,269.0,55.2,3186.0,59.7,13.5,66.5,1130.0,72.8,71.0,6609.076630335224,33.974957923523164,19.794384558620262,10.609021445138263,0.7803064949186509,1.0812029681173556,0.6,1.0,1.0,1.0,0.9808591458979914,0.9808591458979914,52259.57628169261,253.14999999999998,0.7190302248916708,31.151568882549583,0.03186338221175792,6.2,8.862903942812142
22200.0,17240.0,-19.3,18.5,40.0,269.0,54.900000000000006,3187.0,60.2,13.600000000000001,65.7,1126.0,73.10000000000001,70.5,6606.867622474286,33.967995534098975,19.787768513212082,10.606847369194538,0.7801465889755714,1.0812029681173556,0.51,1.0,1.0,1.0,0.9808591458979914,0.9808591458979914,52248.866878548244,253.14999999999998,0.7188828493404935,31.151568882549583,0.0318631268169563,7.1000000000000005,8.859941619090467
22250.0,17220.0,-20.0,20.0,40.2,271.0,55.1,3182.0,59.6,13.55,66.10000000000001,1123.0,73.2,70.5,6604.659038667374,33.96103430003808,19.781153737858553,10.604673654024593,0.7799867095678444,1.0812029681173556,0.61,1.0,1.0,1.0,0.9808591458979914,0.9808591458979914,52238.159252559744,253.14999999999998,0.7187354982453312,31.151568882549583,0.031862870818416614,7.1000000000000005,8.856979864033722
22300.0,17230.0,-19.900000000000002,19.5,40.2,270.0,54.800000000000004,3187.0,59.900000000000006,13.55,66.8,1125.0,73.5,70.4,6602.4508788221165,33.95407422119379,19.774540232283005,10.602500299582617,0.7798268566921007,1.0812029681173556,0.61,1.0,1.0,1.0,0.9808591458979914,0.9808591458979914,52227.45340350147,253.14999999999998,0.718588171603079,31.151568882549583,0.031862614216648336,6.300000000000001,8.854018677518036
22350.0,17230.0,-20.1,20.0,40.300000000000004,271.0,55.2,3187.0,60.1,13.55,65.7,1124.0,72.8,71.2,6600.243142846182,33.9471152974194,19.76792799620891,10.600327305822809,0.7796670303449711,1.0812029681173556,0.51,1.0,1.0,1.0,0.9808591458979914,0.9808591458979914,52216.74933114782,253.14999999999998,0.7184408694106321,31.151568882549583,0.03186235701216017,6.6000000000000005,8.85105805941959
22400.0,17260.0,-19.700000000000003,19.5,39.400000000000006,270.0,54.5,3193.0,59.900000000000006,13.700000000000001,65.2,1129.0,72.9,70.9,6598.035830647354,33.94015752856829,19.76131702936008,10.598154672699382,0.7795072305230879,1.0812029681173556,0.52,1.0,1.0,1.0,0.9808591458979914,0.9808591458979914,52206.04703527321,253.14999999999998,0.7182935916648864,31.151568882549583,0.031862099205460355,6.7,8.848098009614715
22450.0,17250.0,-19.5,20.5,39.800000000000004,269.0,54.7,3194.0,59.800000000000004,13.700000000000001,66.60000000000001,1128.0,72.8,71.4,6595.828942133432,33.93320091449381,19.754707331460367,10.59598240016654,0.7793474572230833,1.0812029681173556,0.56,1.0,1.0,1.0,0.9808591458979914,0.9808591458979914,52195.34651565206,253.14999999999998,0.7181463383627376,31.151568882549583,0.03186184079705624,6.5,8.845138527979776
22500.0,17260.0,-20.0,19.5,40.2,270.0,55.1,3187.0,59.6,13.700000000000001,67.2,1129.0,72.8,70.9,6593.6224772123,33.9262454550493,19.748098902233878,10.59381048817849,0.7791877104415887,1.0812029681173556,0.6,1.0,1.0,1.0,0.9808591458979914,0.9808591458979914,52184.647772058845,253.14999999999998,0.7179991095010819,31.151568882549583,0.031861581787454636,6.5,8.842179614391238
22550.0,17250.0,-19.400000000000002,20.0,40.7,269.0,55.1,3197.0,60.0,13.600000000000001,65.60000000000001,1130.0,72.60000000000001,71.0,6591.416435791919,33.91929115008819,19.741491741404964,10.591638936689462,0.7790279901752379,1.0812029681173556,0.53,1.0,1.0,1.0,0.9808591458979914,0.9808591458979914,52173.950804268046,253.14999999999998,0.7178519050768162,31.151568882549583,0.031861322177161616,7.0,8.83922126872568
22600.0,17270.0,-20.0,19.5,40.6,270.0,54.800000000000004,3181.0,59.800000000000004,13.5,65.9,1129.0,72.8,71.3,6589.210817780291,33.91233799946384,19.734885848698077,10.58946774565367,0.7788682964206632,1.0812029681173556,0.54,1.0,1.0,1.0,0.9808591458979914,0.9808591458979914,52163.25561205414,253.14999999999998,0.7177047250868369,31.151568882549583,0.03186106196668262,6.6000000000000005,8.836263490859727
22650.0,17290.0,-20.1,20.0,39.400000000000006,271.0,54.900000000000006,3193.0,60.0,13.65,66.7,1126.0,73.3,70.7,6587.005623085484,33.905386003029655,19.728281223837882,10.587296915025336,0.7787086291744978,1.0812029681173558,0.59,1.0,1.0,0.9999999999999996,0.9808591458979913,0.9808591458979913,52152.56219519166,253.14999999999998,0.7175575695280412,31.151568882549583,0.03186080115652239,6.5,8.833306280670097
22700.0,17270.0,-20.1,20.0,39.6,270.0,55.0,3186.0,60.0,13.600000000000001,65.9,1127.0,72.60000000000001,72.3,6584.800851615657,33.8984351606391,19.721677866549314,10.5851264447587,0.7785489884333755,1.0812029681173556,0.59,1.0,1.0,1.0,0.9808591458979914,0.9808591458979914,52141.87055345515,253.14999999999998,0.7174104383973265,31.151568882549583,0.03186053974718506,6.7,8.830349638033628
22750.0,17290.0,-20.6,18.5,39.800000000000004,269.0,55.0,3189.0,60.300000000000004,13.5,66.5,1127.0,73.0,70.8,6582.59650327899,33.891485472145575,19.715075776557367,10.58295633480799,0.77838937419393,1.0812029681173556,0.6,1.0,1.0,1.0,0.9808591458979914,0.9808591458979914,52131.18068661914,253.14999999999998,0.7172633316915902,31.151568882549583,0.03186027773917398,6.6000000000000005,8.827393562827192
22800.0,17300.0,-20.200000000000003,20.5,40.0,270.0,55.1,3187.0,59.2,13.4,67.0,1130.0,73.60000000000001,71.10000000000001,6580.392577983768,33.88453693740254,19.708474953587356,10.580786585127441,0.7782297864527952,1.0812029681173556,0.52,1.0,1.0,1.0,0.9808591458979914,0.9808591458979914,52120.49259445823,253.14999999999998,0.7171162494077303,31.151568882549583,0.03186001513299192,6.5,8.824438054927793
22850.0,17290.0,-20.3,21.0,40.900000000000006,270.0,55.0,3183.0,60.5,13.600000000000001,66.10000000000001,1128.0,72.7,71.2,6578.189075638308,33.877589556263445,19.70187539736468,10.578617195671299,0.7780702252066058,1.0812029681173556,0.52,1.0,1.0,1.0,0.9808591458979914,0.9808591458979914,52109.806276747,253.14999999999998,0.7169691915426449,31.151568882549583,0.031859751929140964,6.800000000000001,8.821483114212485
22900.0,17290.0,-19.6,20.0,39.900000000000006,269.0,55.2,3185.0,59.900000000000006,13.600000000000001,66.3,1123.0,72.8,71.5,6575.985996151014,33.87064332858178,19.695277107615013,10.576448166393806,0.7779106904519965,1.0812029681173556,0.55,1.0,1.0,1.0,0.9808591458979914,0.9808591458979914,52099.12173326008,253.14999999999998,0.7168221580932326,31.151568882549583,0.03185948812812252,6.5,8.818528740558433
22950.0,17300.0,-20.0,19.5,40.0,271.0,54.800000000000004,3187.0,59.6,13.65,66.2,1125.0,72.9,70.5,6573.783339430338,33.86369825421102,19.688680084064163,10.574279497249218,0.7777511821856024,1.0812029681173556,0.53,1.0,1.0,1.0,0.9808591458979914,0.9808591458979914,52088.43896377209,253.14999999999998,0.7166751490563917,31.151568882549583,0.03185922373043736,6.2,8.815574933842873
23000.0,17290.0,-19.6,19.5,40.2,269.0,55.2,3184.0,60.0,13.600000000000001,67.60000000000001,1128.0,72.7,71.4,6571.581105384794,33.85675433300466,19.68208432643813,10.572111188191782,0.7775917004040585,1.0812029681173556,0.63,1.0,1.0,1.0,0.9808591458979914,0.9808591458979914,52077.757968057704,253.14999999999998,0.7165281644290217,31.151568882549583,0.031858958736585584,6.2,8.812621693943116
23050.0,17290.0,-20.1,20.0,39.900000000000006,269.0,55.300000000000004,3183.0,59.900000000000006,13.65,66.2,1124.0,72.4,71.0,6569.379293922967,33.84981156481622,19.675489834463118,10.569943239175757,0.7774322451040003,1.0812029681173556,0.54,1.0,1.0,1.0,0.9808591458979914,0.9808591458979914,52067.07874589159,253.14999999999998,0.7163812042080213,31.151568882549583,0.03185869314706657,6.6000000000000005,8.809669020736578
23100.0,17290.0,-19.700000000000003,20.0,40.1,271.0,54.900000000000006,3185.0,59.800000000000004,13.600000000000001,66.2,1125.0,72.2,70.8,6567.177904953513,33.84286994949923,19.668896607865552,10.567775650155408,0.7772728162820643,1.0812029681173556,0.5700000000000001,1.0,1.0,1.0,0.9808591458979914,0.9808591458979914,52056.40129704844,253.14999999999998,0.7162342683902905,31.151568882549583,0.031858426962379074,6.6000000000000005,8.80671691410076
23150.0,17330.0,-19.400000000000002,20.5,40.6,271.0,55.300000000000004,3196.0,60.300000000000004,13.65,66.10000000000001,1127.0,72.8,71.4,6564.976938385123,33.8359294869072,19.662304646371958,10.565608421084992,0.7771134139348858,1.0812029681173556,0.54,1.0,1.0,1.0,0.9808591458979914,0.9808591458979914,52045.72562130296,253.14999999999998,0.7160873569727285,31.151568882549583,0.03185816018302126,6.5,8.803765373913217
23200.0,17290.0,-19.5,20.0,40.2,271.0,55.1,3194.0,59.6,13.75,66.9,1127.0,73.4,70.5,6562.776394126586,33.828990176893726,19.655713949709156,10.563441551918794,0.7769540380591023,1.0812029681173556,0.55,1.0,1.0,1.0,0.9808591458979914,0.9808591458979914,52035.05171842991,253.14999999999998,0.7159404699522359,31.151568882549583,0.031857892809490515,6.9,8.800814400051635
23250.0,17300.0,-19.8,20.5,40.800000000000004,269.0,55.300000000000004,3186.0,59.900000000000006,13.5,65.60000000000001,1128.0,72.5,71.5,6560.576272086729,33.82205201931234,19.649124517604083,10.561275042611072,0.7767946886513499,1.0812029681173556,0.54,1.0,1.0,1.0,0.9808591458979914,0.9808591458979914,52024.379588204014,253.14999999999998,0.7157936073257126,31.151568882549583,0.03185762484228365,6.300000000000001,8.797863992393745
23300.0,17320.0,-19.900000000000002,20.0,40.0,271.0,55.2,3187.0,59.7,13.600000000000001,66.5,1123.0,72.60000000000001,70.7,6558.37657217445,33.81511501401663,19.642536349783885,10.559108893116115,0.776635365708266,1.0812029681173556,0.55,1.0,1.0,1.0,0.9808591458979914,0.9808591458979914,52013.709230400076,253.14999999999998,0.7156467690900596,31.151568882549583,0.03185735628189678,6.4,8.794914150817382
23350.0,17340.0,-20.5,19.0,39.900000000000006,270.0,54.7,3186.0,59.900000000000006,13.55,66.3,1125.0,73.4,71.3,6556.1772942987145,33.80817916086019,19.635949445975903,10.556943103388203,0.776476069226488,1.0812029681173556,0.54,1.0,1.0,1.0,0.9808591458979914,0.9808591458979914,52003.04064479288,253.14999999999998,0.7154999552421777,31.151568882549583,0.03185708712882533,6.6000000000000005,8.791964875200462
23400.0,17340.0,-19.6,19.5,40.300000000000004,270.0,55.300000000000004,3194.0,60.1,13.600000000000001,66.5,1126.0,73.5,71.10000000000001,6553.978438368526,33.80124445969657,19.629363805907612,10.554777673381606,0.7763167992026525,1.0812029681173556,0.55,1.0,1.0,1.0,0.9808591458979914,0.9808591458979914,51992.373831157194,253.14999999999998,0.7153531657789671,31.151568882549583,0.03185681738356417,6.4,8.789016165420962
23450.0,17330.0,-19.8,19.5,40.400000000000006,269.0,55.0,3193.0,59.400000000000006,13.75,66.0,1127.0,73.10000000000001,71.4,6551.780004292993,33.79431091037946,19.62277942930678,10.55261260305064,0.776157555633399,1.0812029681173556,0.5700000000000001,1.0,1.0,1.0,0.9808591458979914,0.9808591458979914,51981.708789267934,253.14999999999998,0.7152064006973308,31.151568882549583,0.03185654704660738,6.800000000000001,8.78606802135699
23500.0,17360.0,-19.5,20.5,40.800000000000004,271.0,54.6,3199.0,59.800000000000004,13.700000000000001,66.2,1130.0,72.7,71.4,6549.581991981261,33.787378512762466,19.616196315901302,10.550447892349585,0.7759983385153654,1.0812029681173556,0.55,1.0,1.0,1.0,0.9808591458979914,0.9808591458979914,51971.04551889992,253.14999999999998,0.7150596599941696,31.151568882549583,0.0318562761184485,6.9,8.783120442886712
23550.0,17360.0,-19.700000000000003,19.0,40.0,270.0,55.0,3192.0,59.900000000000006,13.600000000000001,66.9,1121.0,73.10000000000001,70.9,6547.384401342529,33.78044726669921,19.60961446541922,10.548283541232738,0.7758391478451896,1.0812029681173556,0.53,1.0,1.0,1.0,0.9808591458979914,0.9808591458979914,51960.384019828016,253.14999999999998,0.7149129436663858,31.151568882549583,0.031856004599580386,6.6000000000000005,8.78017342988836
23600.0,17370.0,-19.700000000000003,20.0,40.400000000000006,271.0,55.0,3186.0,59.800000000000004,13.65,66.2,1124.0,72.3,71.5,6545.187232286078,33.77351717204336,19.60303387758883,10.546119549654405,0.7756799836195111,1.0812029681173556,0.54,1.0,1.0,1.0,0.9808591458979914,0.9808591458979914,51949.72429182712,253.14999999999998,0.7147662517108813,31.151568882549583,0.03185573249049521,6.6000000000000005,8.777226982240277
23650.0,17380.0,-20.400000000000002,20.0,39.900000000000006,270.0,55.2,3183.0,60.2,13.65,66.10000000000001,1127.0,73.10000000000001,71.3,6542.990484721238,33.766588228648594,19.596454552138574,10.543955917568892,0.7755208458349689,1.0812029681173556,0.58,1.0,1.0,1.0,0.9808591458979914,0.9808591458979914,51939.06633467215,253.14999999999998,0.7146195841245587,31.151568882549583,0.03185545979168447,6.7,8.774281099820875
23700.0,17360.0,-19.700000000000003,20.5,40.1,269.0,55.0,3189.0,59.7,13.55,65.4,1128.0,73.0,70.3,6540.7941585574135,33.75966043636858,19.589876488797117,10.541792644930508,0.7753617344882023,1.0812029681173556,0.5700000000000001,1.0,1.0,1.0,0.9808591458979914,0.9808591458979914,51928.41014813804,253.14999999999998,0.7144729409043211,31.151568882549583,0.03185518650363915,6.5,8.771335782508663
23750.0,17380.0,-20.1,19.5,39.7,270.0,55.0,3189.0,59.900000000000006,13.55,66.0,1133.0,72.60000000000001,70.8,6538.598253704044,33.75273379505698,19.58329968729322,10.539629731693564,0.775202649575851,1.0812029681173556,0.66,1.0,1.0,1.0,0.9808591458979914,0.9808591458979914,51917.75573199973,253.14999999999998,0.714326322047071,31.151568882549583,0.03185491262684936,6.6000000000000005,8.768391030182197
23800.0,17360.0,-19.700000000000003,19.5,40.400000000000006,270.0,54.900000000000006,3195.0,60.2,13.65,66.5,1126.0,73.10000000000001,71.7,6536.402770070675,33.74580830456755,19.57672414735598,10.53746717781238,0.7750435910945551,1.0812029681173556,0.56,1.0,1.0,1.0,0.9808591458979914,0.9808591458979914,51907.103086032206,253.14999999999998,0.7141797275497122,31.151568882549583,0.03185463816180477,7.0,8.765446842720177
23850.0,17400.0,-19.900000000000002,20.0,40.1,269.0,55.0,3189.0,59.900000000000006,13.600000000000001,66.2,1129.0,73.10000000000001,71.2,6534.207707566869,33.73888396475397,19.570149868714527,10.535304983241279,0.774884559040955,1.0812029681173556,0.52,1.0,1.0,1.0,0.9808591458979914,0.9808591458979914,51896.45221001046,253.14999999999998,0.7140331574091481,31.151568882549583,0.03185436310899432,7.0,8.762503220001324
23900.0,17390.0,-20.0,20.0,39.800000000000004,271.0,55.300000000000004,3190.0,60.0,13.65,66.2,1126.0,73.0,70.9,6532.013066102286,33.73196077547001,19.56357685109829,10.53314314793459,0.7747255534116916,1.0812029681173556,0.5700000000000001,1.0,1.0,1.0,0.9808591458979914,0.9808591458979914,51885.8031037095,253.14999999999998,0.7138866116222826,31.151568882549583,0.03185408746890625,6.6000000000000005,8.759560161904487
23950.0,17400.0,-20.200000000000003,20.5,39.6,270.0,54.900000000000006,3184.0,60.300000000000004,13.55,65.8,1130.0,72.7,71.0,6529.818845586621,33.72503873656937,19.557005094236807,10.530981671846638,0.7745665742034052,1.0812029681173558,0.53,1.0,1.0,0.9999999999999996,0.9808591458979913,0.9808591458979913,51875.155766904354,253.14999999999998,0.7137400901860198,31.151568882549583,0.03185381124202824,6.7,8.756617668308571
24000.0,17410.0,-19.8,20.5,40.0,270.0,54.800000000000004,3194.0,60.2,13.55,66.2,1126.0,72.5,71.2,6527.625045929647,33.71811784790584,19.550434597859837,10.528820554931759,0.7744076214127374,1.0812029681173556,0.55,1.0,1.0,1.0,0.9808591458979914,0.9808591458979914,51864.510199370074,253.14999999999998,0.7135935930972641,31.151568882549583,0.031853534428847294,6.300000000000001,8.753675739092577
24050.0,17390.0,-20.5,20.0,40.0,269.0,55.1,3188.0,60.2,13.600000000000001,65.7,1127.0,72.5,71.4,6525.431667041194,33.711198109333175,19.54386536169733,10.526659797144292,0.77424869503633,1.0812029681173556,0.53,1.0,1.0,1.0,0.9808591458979914,0.9808591458979914,51853.86640088176,253.14999999999998,0.7134471203529206,31.151568882549583,0.03185325702984968,6.800000000000001,8.75073437413558
24100.0,17410.0,-19.700000000000003,19.5,39.7,270.0,55.2,3195.0,60.0,13.700000000000001,66.0,1130.0,72.60000000000001,71.3,6523.238708831159,33.704279520705185,19.537297385479413,10.52449939843858,0.7740897950708243,1.0812029681173556,0.49,1.0,1.0,1.0,0.9808591458979914,0.9808591458979914,51843.224371214455,253.14999999999998,0.7133006719498935,31.151568882549583,0.03185297904552121,6.2,8.74779357331676
24150.0,17420.0,-20.400000000000002,20.0,40.400000000000006,270.0,54.800000000000004,3186.0,59.7,13.600000000000001,66.3,1126.0,73.5,70.7,6521.046171209478,33.69736208187562,19.53073066893635,10.522339358768967,0.7739309215128626,1.0812029681173556,0.6,1.0,1.0,1.0,0.9808591458979914,0.9808591458979914,51832.58411014331,253.14999999999998,0.7131542478850887,31.151568882549583,0.031852700476346855,6.300000000000001,8.744853336515336
24200.0,17420.0,-19.6,20.5,39.800000000000004,270.0,55.1,3186.0,60.2,13.75,66.5,1128.0,73.10000000000001,70.4,6518.854054086177,33.690445792698306,19.524165211798664,10.5201796780898,0.7737720743590871,1.0812029681173556,0.5700000000000001,1.0,1.0,1.0,0.9808591458979914,0.9808591458979914,51821.94561744344,253.14999999999998,0.7130078481554115,31.151568882549583,0.03185242132281111,6.300000000000001,8.741913663610646
24250.0,17420.0,-19.3,20.0,39.7,271.0,54.800000000000004,3187.0,60.400000000000006,13.600000000000001,65.3,1128.0,72.8,71.9,6516.662357371324,33.68353065302706,19.517601013797,10.51802035635544,0.7736132536061406,1.0812029681173556,0.54,1.0,1.0,1.0,0.9808591458979914,0.9808591458979914,51811.308892889996,253.14999999999998,0.7128614727577676,31.151568882549583,0.03185214158539775,6.800000000000001,8.738974554482093
24300.0,17450.0,-20.200000000000003,20.0,40.2,269.0,55.1,3187.0,59.900000000000006,13.600000000000001,66.2,1127.0,72.7,70.8,6514.471080975055,33.67661666271573,19.511038074662224,10.515861393520238,0.7734544592506662,1.0812029681173556,0.56,1.0,1.0,1.0,0.9808591458979914,0.9808591458979914,51800.67393625813,253.14999999999998,0.7127151216890627,31.151568882549583,0.031851861264589894,6.5,8.736036009009169
24350.0,17430.0,-19.900000000000002,19.0,39.7,270.0,54.800000000000004,3195.0,60.0,13.600000000000001,65.9,1127.0,72.5,71.0,6512.280224807573,33.66970382161817,19.504476394125383,10.513702789538565,0.7732956912893074,1.0812029681173556,0.53,1.0,1.0,1.0,0.9808591458979914,0.9808591458979914,51790.04074732307,253.14999999999998,0.7125687949462038,31.151568882549583,0.031851580360870026,6.4,8.733098027071453
24400.0,17410.0,-20.3,20.5,40.300000000000004,271.0,55.300000000000004,3191.0,59.900000000000006,13.5,66.9,1127.0,73.8,70.9,6510.089788779135,33.66279212958822,19.497915971917696,10.511544544364781,0.7731369497187074,1.0812029681173556,0.62,1.0,1.0,1.0,0.9808591458979914,0.9808591458979914,51779.409325860026,253.14999999999998,0.7124224925260975,31.151568882549583,0.031851298874720047,6.5,8.730160608548596
24450.0,17460.0,-19.5,19.5,39.800000000000004,269.0,54.800000000000004,3191.0,59.900000000000006,13.600000000000001,66.5,1122.0,73.4,70.9,6507.899772800059,33.655881586479765,19.49135680777056,10.509386657953266,0.7729782345355107,1.0812029681173556,0.58,1.0,1.0,1.0,0.9808591458979914,0.9808591458979914,51768.77967164421,253.14999999999998,0.7122762144256503,31.151568882549583,0.03185101680662115,6.7,8.727223753320335
24500.0,17470.0,-20.0,19.0,40.0,270.0,54.800000000000004,3189.0,59.900000000000006,13.5,66.60000000000001,1125.0,72.8,70.9,6505.710176780725,33.648972192146694,19.48479890141557,10.507229130258382,0.7728195457363608,1.0812029681173556,0.6,1.0,1.0,1.0,0.9808591458979914,0.9808591458979914,51758.15178445088,253.14999999999998,0.7121299606417695,31.151568882549583,0.03185073415705396,6.5,8.72428746126649
24550.0,17460.0,-20.1,20.0,40.5,271.0,55.1,3191.0,59.6,13.55,66.10000000000001,1125.0,72.5,70.2,6503.5210006315765,33.64206394644292,19.478242252584486,10.505071961234517,0.7726608833179027,1.0812029681173556,0.52,1.0,1.0,1.0,0.9808591458979914,0.9808591458979914,51747.525664055305,253.14999999999998,0.7119837311713625,31.151568882549583,0.03185045092649834,6.4,8.721351732266958
24600.0,17460.0,-20.200000000000003,20.0,39.800000000000004,271.0,55.0,3191.0,60.1,13.5,66.10000000000001,1124.0,72.9,70.7,6501.332244263107,33.6351568492223,19.471686861009246,10.502915150836044,0.7725022472767805,1.0812029681173556,0.5700000000000001,1.0,1.0,1.0,0.9808591458979914,0.9808591458979914,51736.90131023276,253.14999999999998,0.7118375260113369,31.151568882549583,0.03185016711543369,6.2,8.718416566201713
24650.0,17470.0,-19.8,20.5,39.7,270.0,55.0,3195.0,59.6,13.55,67.9,1126.0,72.3,70.8,6499.143907585887,33.62825090033881,19.465132726422006,10.500758699017357,0.77234363760964,1.0812029681173556,0.48,1.0,1.0,1.0,0.9808591458979914,0.9808591458979914,51726.27872275858,253.14999999999998,0.7116913451586008,31.151568882549583,0.03184988272433862,6.6000000000000005,8.715481962950827
24700.0,17480.0,-20.3,20.0,40.400000000000006,269.0,54.7,3187.0,59.800000000000004,13.600000000000001,65.4,1127.0,72.9,71.4,6496.955990510529,33.621346099646345,19.458579848555036,10.49860260573284,0.7721850543131259,1.0812029681173556,0.56,1.0,1.0,1.0,0.9808591458979914,0.9808591458979914,51715.65790140806,253.14999999999998,0.7115451886100622,31.151568882549583,0.03184959775369124,6.5,8.71254792239443
24750.0,17460.0,-19.8,20.0,39.900000000000006,271.0,54.900000000000006,3194.0,60.400000000000006,13.65,65.60000000000001,1121.0,73.3,71.10000000000001,6494.76849294773,33.614442446998915,19.452028227140882,10.496446870936897,0.7720264973838846,1.0812029681173556,0.54,1.0,1.0,1.0,0.9808591458979914,0.9808591458979914,51705.038845956595,253.14999999999998,0.71139905636263,31.151568882549583,0.03184931220396897,6.800000000000001,8.709614444412766
24800.0,17470.0,-20.1,20.5,39.6,270.0,55.2,3189.0,60.400000000000006,13.700000000000001,66.2,1121.0,72.5,71.5,6492.58141480822,33.60753994225043,19.445477861912178,10.49429149458392,0.7718679668185614,1.0812029681173554,0.51,1.0,1.0,0.9999999999999996,0.9808591458979914,0.9808591458979914,51694.42155617951,253.14999999999998,0.7112529484132126,31.151568882549583,0.03184902607564854,6.4,8.70668152888612
24850.0,17490.0,-19.6,19.5,39.7,270.0,55.1,3188.0,60.300000000000004,13.55,66.2,1128.0,72.8,71.5,6490.394756002807,33.60063858525489,19.438928752601782,10.492136476628309,0.7717094626138028,1.0812029681173556,0.56,1.0,1.0,1.0,0.9808591458979914,0.9808591458979914,51683.80603185223,253.14999999999998,0.7111068647587194,31.151568882549583,0.03184873936920611,6.7,8.703749175694885
24900.0,17490.0,-19.900000000000002,19.5,39.7,271.0,55.1,3184.0,60.1,13.450000000000001,65.8,1129.0,72.9,71.2,6488.208516442361,33.59373837586628,19.432380898942753,10.489981817024477,0.7715509847662555,1.0812029681173556,0.47000000000000003,1.0,1.0,1.0,0.9808591458979914,0.9808591458979914,51673.192272750144,253.14999999999998,0.7109608053960594,31.151568882549583,0.031848452085117225,6.4,8.700817384719535
24950.0,17500.0,-19.900000000000002,20.5,39.900000000000006,270.0,54.7,3188.0,59.6,13.450000000000001,65.5,1131.0,72.8,71.2,6486.022696037797,33.5868393139386,19.425834300668278,10.48782751572683,0.7713925332725661,1.0812029681173556,0.54,1.0,1.0,1.0,0.9808591458979914,0.9808591458979914,51662.580278648675,253.14999999999998,0.7108147703221424,31.151568882549583,0.031848164223856744,6.0,8.697886155840607
25000.0,17510.0,-20.6,19.5,40.0,270.0,54.900000000000006,3181.0,59.800000000000004,13.55,65.7,1129.0,72.5,71.2,6483.837294700109,33.57994139932586,19.419288957511785,10.485673572689784,0.7712341081293818,1.0812029681173556,0.56,1.0,1.0,1.0,0.9808591458979914,0.9808591458979914,51651.97004932328,253.14999999999998,0.7106687595338781,31.151568882549583,0.03184787578589896,6.7,8.69495548893874
25050.0,17500.0,-19.8,20.0,40.2,269.0,54.5,3190.0,60.1,13.65,65.8,1131.0,72.8,71.3,6481.652312340326,33.573044631882084,19.412744869206797,10.483519987867757,0.7710757093333498,1.0812029681173556,0.58,1.0,1.0,1.0,0.9808591458979914,0.9808591458979914,51641.36158454943,253.14999999999998,0.7105227730281768,31.151568882549583,0.03184758677171753,6.9,8.692025383894624
25100.0,17510.0,-20.200000000000003,19.5,40.6,270.0,55.1,3201.0,60.1,13.5,66.0,1124.0,72.8,70.9,6479.467748869562,33.56614901146132,19.406202035487098,10.481366761215172,0.7709173368811183,1.0812029681173556,0.54,1.0,1.0,1.0,0.9808591458979914,0.9808591458979914,51630.75488410261,253.14999999999998,0.7103768108019489,31.151568882549583,0.03184729718178544,6.1000000000000005,8.68909584058906
25150.0,17530.0,-19.900000000000002,20.0,40.300000000000004,270.0,55.1,3191.0,60.0,13.65,66.60000000000001,1127.0,72.8,71.9,6477.283604198982,33.55925453791764,19.399660456086632,10.47921389268646,0.7707589907693353,1.0812029681173556,0.54,1.0,1.0,1.0,0.9808591458979914,0.9808591458979914,51620.14994775832,253.14999999999998,0.7102308728521051,31.151568882549583,0.03184700701657503,6.6000000000000005,8.68616685890292
25200.0,17520.0,-20.200000000000003,19.5,39.900000000000006,270.0,54.7,3186.0,60.1,13.700000000000001,66.5,1120.0,73.10000000000001,70.8,6475.099878239809,33.55236121110509,19.3931201307395,10.477061382236045,0.7706006709946487,1.0812029681173556,0.5700000000000001,1.0,1.0,1.0,0.9808591458979914,0.9808591458979914,51609.54677529211,253.14999999999998,0.7100849591755564,31.151568882549583,0.03184671627655812,6.5,8.683238438717149
25250.0,17520.0,-20.0,20.0,40.5,270.0,55.2,3192.0,60.2,13.450000000000001,66.8,1126.0,73.2,70.60000000000001,6472.9165709033205,33.54546903087773,19.38658105917998,10.474909229818364,0.7704423775537074,1.0812029681173556,0.52,1.0,1.0,1.0,0.9808591458979914,0.9808591458979914,51598.9453664795,253.14999999999998,0.7099390697692137,31.151568882549583,0.03184642496220584,7.0,8.680310579912772
25300.0,17520.0,-19.6,20.0,39.800000000000004,270.0,54.7,3188.0,59.7,13.55,66.7,1128.0,72.4,71.5,6470.73368210086,33.538577997089675,19.380043241142545,10.472757435387853,0.77028411044316,1.0812029681173556,0.56,1.0,1.0,1.0,0.9808591458979914,0.9808591458979914,51588.34572109607,253.14999999999998,0.7097932046299888,31.151568882549583,0.031846133073988626,6.300000000000001,8.677383282370897
25350.0,17540.0,-20.0,19.5,40.7,270.0,55.0,3187.0,60.400000000000006,13.55,65.2,1125.0,73.4,71.5,6468.551211743837,33.53168810959502,19.373506676361856,10.470605998898955,0.7701258696596558,1.0812029681173556,0.55,1.0,1.0,1.0,0.9808591458979914,0.9808591458979914,51577.747838917385,253.14999999999998,0.7096473637547932,31.151568882549583,0.031845840612376476,6.800000000000001,8.67445654597272
25400.0,17550.0,-20.1,20.0,40.1,269.0,55.0,3190.0,59.5,13.600000000000001,66.0,1129.0,72.3,70.9,6466.369159743716,33.524799368247926,19.36697136457276,10.468454920306133,0.7699676551998454,1.0812029681173556,0.54,1.0,1.0,1.0,0.9808591458979914,0.9808591458979914,51567.15171971912,253.14999999999998,0.7095015471405399,31.151568882549583,0.031845547577838584,6.7,8.67153037059952
25450.0,17540.0,-19.5,20.5,39.800000000000004,270.0,54.900000000000006,3192.0,59.6,13.55,66.4,1130.0,72.10000000000001,71.8,6464.187526012004,33.51791177290245,19.3604373055102,10.466304199563815,0.769809467060377,1.0812029681173556,0.55,1.0,1.0,1.0,0.9808591458979914,0.9808591458979914,51556.55736327683,253.14999999999998,0.70935575478414,31.151568882549583,0.031845253970843604,6.0,8.66860475613262
25500.0,17510.0,-20.5,20.0,40.0,271.0,54.900000000000006,3184.0,59.900000000000006,13.600000000000001,66.3,1125.0,73.2,70.8,6462.0063104602905,33.511025323412774,19.353904498909397,10.464153836626462,0.769651305237901,1.0812029681173556,0.53,1.0,1.0,1.0,0.9808591458979914,0.9808591458979914,51545.964769366146,253.14999999999998,0.7092099866825063,31.151568882549583,0.031844959791859605,6.300000000000001,8.665679702453458
25550.0,17570.0,-20.0,19.5,40.400000000000006,272.0,55.0,3193.0,60.300000000000004,13.55,66.2,1124.0,72.8,70.8,6459.825513000213,33.50414001963306,19.3473729445057,10.46200383144854,0.7694931697290686,1.0812029681173556,0.55,1.0,1.0,1.0,0.9808591458979914,0.9808591458979914,51535.37393776281,253.14999999999998,0.7090642428325523,31.151568882549583,0.03184466504135396,6.300000000000001,8.662755209443546
25600.0,17560.0,-19.8,20.0,39.300000000000004,269.0,54.7,3189.0,60.2,13.600000000000001,65.7,1128.0,72.8,70.5,6457.645133543469,33.49725586141746,19.34084264203464,10.459854183984504,0.7693350605305297,1.0812029681173556,0.58,1.0,1.0,1.0,0.9808591458979914,0.9808591458979914,51524.78486824247,253.14999999999998,0.7089185232311909,31.151568882549583,0.03184436971979348,6.7,8.659831276984463
25650.0,17580.0,-20.200000000000003,20.5,39.800000000000004,271.0,54.900000000000006,3187.0,59.300000000000004,13.55,66.2,1126.0,73.5,70.5,6455.465172001823,33.490372848620176,19.33431359123195,10.457704894188828,0.7691769776389359,1.0812029681173556,0.54,1.0,1.0,1.0,0.9808591458979914,0.9808591458979914,51514.197560580826,253.14999999999998,0.7087728278753354,31.151568882549583,0.03184407382764437,6.2,8.656907904957885
25700.0,17560.0,-19.700000000000003,20.5,39.7,269.0,54.800000000000004,3194.0,60.300000000000004,13.600000000000001,65.3,1124.0,73.0,71.4,6453.285628287081,33.483490981095386,19.32778579183348,10.455555962015977,0.7690189210509379,1.0812029681173556,0.49,1.0,1.0,1.0,0.9808591458979914,0.9808591458979914,51503.61201455361,253.14999999999998,0.7086271567618994,31.151568882549583,0.03184377736537214,6.4,8.653985093245542
25750.0,17590.0,-20.1,20.5,40.300000000000004,269.0,54.900000000000006,3188.0,59.7,13.55,67.0,1124.0,73.3,70.9,6451.106502311131,33.47661025869731,19.321259243575344,10.453407387420432,0.7688608907631881,1.0812029681173556,0.56,1.0,1.0,1.0,0.9808591458979914,0.9808591458979914,51493.02822993657,253.14999999999998,0.708481509887797,31.151568882549583,0.03184348033344173,6.6000000000000005,8.651062841729274
25800.0,17570.0,-19.8,19.0,40.2,268.0,55.0,3192.0,60.2,13.5,65.4,1125.0,73.0,70.10000000000001,6448.927793985899,33.46973068128016,19.314733946193744,10.451259170356668,0.7687028867723374,1.0812029681173556,0.56,1.0,1.0,1.0,0.9808591458979914,0.9808591458979914,51482.44620650547,253.14999999999998,0.7083358872499423,31.151568882549583,0.03184318273231752,6.5,8.648141150290972
25850.0,17580.0,-19.8,20.0,39.800000000000004,268.0,55.0,3185.0,59.800000000000004,13.65,67.0,1127.0,73.10000000000001,70.4,6446.749503223378,33.46285224869816,19.308209899425105,10.449111310779163,0.7685449090750384,1.0812029681173556,0.56,1.0,1.0,1.0,0.9808591458979914,0.9808591458979914,51471.865944036086,253.14999999999998,0.70819028884525,31.151568882549583,0.03184288456246314,6.4,8.645220018812616
25900.0,17600.0,-20.200000000000003,20.0,40.400000000000006,270.0,54.800000000000004,3199.0,59.7,13.600000000000001,66.3,1128.0,72.8,71.0,6444.571629935628,33.455974960805584,19.30168710300604,10.44696380864241,0.7683869576679434,1.0812029681173556,0.55,1.0,1.0,1.0,0.9808591458979914,0.9808591458979914,51461.28744230422,253.14999999999998,0.7080447146706347,31.151568882549583,0.03184258582434179,6.2,8.642299447176276
25950.0,17620.0,-20.1,20.5,39.900000000000006,270.0,54.900000000000006,3182.0,60.0,13.55,66.8,1124.0,72.7,70.7,6442.394174034751,33.449098817456665,19.295165556673293,10.4448166639009,0.7682290325477055,1.0812029681173556,0.6,1.0,1.0,1.0,0.9808591458979914,0.9808591458979914,51450.71070108572,253.14999999999998,0.7078991647230115,31.151568882549583,0.031842286518415905,6.2,8.639379435264082
26000.0,17610.0,-19.700000000000003,20.0,39.400000000000006,269.0,55.2,3183.0,60.1,13.600000000000001,66.3,1128.0,72.60000000000001,70.60000000000001,6440.2171354329175,33.442223818505674,19.288645260163815,10.442669876509123,0.7680711337109772,1.0812029681173556,0.58,1.0,1.0,1.0,0.9808591458979914,0.9808591458979914,51440.13572015641,253.14999999999998,0.7077536389992958,31.151568882549583,0.031841986645147355,6.300000000000001,8.636459982958252
26050.0,17570.0,-19.8,19.5,40.2,271.0,55.0,3192.0,60.0,13.700000000000001,65.5,1127.0,73.2,71.0,6438.040514042362,33.43534996380692,19.28212621321474,10.440523446421587,0.7679132611544125,1.0812029681173556,0.59,1.0,1.0,1.0,0.9808591458979914,0.9808591458979914,51429.56249929215,253.14999999999998,0.707608137496403,31.151568882549583,0.03184168620499742,6.300000000000001,8.633541090141089
26100.0,17630.0,-19.400000000000002,20.0,40.2,271.0,54.800000000000004,3183.0,60.400000000000006,13.600000000000001,66.0,1127.0,72.10000000000001,71.0,6435.864309775362,33.42847725321467,19.275608415563344,10.438377373592784,0.7677554148746644,1.0812029681173556,0.53,1.0,1.0,1.0,0.9808591458979914,0.9808591458979914,51418.99103826883,253.14999999999998,0.7074626602112489,31.151568882549583,0.03184138519842678,6.7,8.630622756694956
26150.0,17630.0,-19.8,20.0,39.400000000000006,270.0,55.1,3193.0,60.6,13.5,65.9,1125.0,73.0,71.10000000000001,6433.6885225442675,33.42160568658326,19.269091866947107,10.436231657977231,0.7675975948683874,1.0812029681173556,0.55,1.0,1.0,1.0,0.9808591458979914,0.9808591458979914,51408.42133686237,253.14999999999998,0.7073172071407501,31.151568882549583,0.03184108362589544,6.7,8.627704982502314
26200.0,17610.0,-20.3,19.5,39.900000000000006,269.0,55.0,3188.0,59.800000000000004,13.65,66.10000000000001,1130.0,72.8,71.10000000000001,6431.513152261477,33.414735263767,19.26257656710366,10.434086299529428,0.767439801132235,1.0812029681173556,0.54,1.0,1.0,1.0,0.9808591458979914,0.9808591458979914,51397.85339484866,253.14999999999998,0.7071717782818224,31.151568882549583,0.03184078148786291,6.4,8.624787767445687
26250.0,17630.0,-20.1,20.5,39.7,271.0,54.900000000000006,3192.0,60.0,13.700000000000001,65.4,1123.0,72.7,70.4,6429.338198839455,33.40786598462023,19.256062515770832,10.431941298203899,0.7672820336628623,1.0812029681173556,0.51,1.0,1.0,1.0,0.9808591458979914,0.9808591458979914,51387.28721200366,253.14999999999998,0.7070263736313829,31.151568882549583,0.03184047878478795,6.6000000000000005,8.621871111407685
26300.0,17630.0,-20.1,20.0,39.800000000000004,271.0,54.900000000000006,3183.0,60.2,13.600000000000001,67.3,1126.0,73.2,71.60000000000001,6427.163662190719,33.4009978489973,19.249549712686612,10.429796653955163,0.7671242924569244,1.0812029681173556,0.54,1.0,1.0,1.0,0.9808591458979914,0.9808591458979914,51376.722788103354,253.14999999999998,0.7068809931863486,31.151568882549583,0.031840175517128894,6.2,8.618955014270998
26350.0,17640.0,-19.8,19.5,39.5,268.0,55.1,3187.0,60.0,13.5,65.4,1126.0,72.7,71.2,6424.9895422278405,33.39413085675257,19.243038157589147,10.427652366737739,0.7669665775110757,1.0812029681173556,0.5700000000000001,1.0,1.0,1.0,0.9808591458979914,0.9808591458979914,51366.16012292369,253.14999999999998,0.7067356369436364,31.151568882549583,0.03183987168534333,7.0,8.61603947591838
26400.0,17640.0,-19.700000000000003,19.5,39.300000000000004,270.0,54.7,3188.0,59.800000000000004,13.450000000000001,67.10000000000001,1126.0,72.3,71.60000000000001,6422.81583886345,33.38726500774039,19.236527850216767,10.425508436506146,0.7668088888219712,1.0812029681173556,0.53,1.0,1.0,1.0,0.9808591458979914,0.9808591458979914,51355.59921624064,253.14999999999998,0.7065903049001634,31.151568882549583,0.03183956728988818,6.7,8.613124496232665
26450.0,17640.0,-20.200000000000003,20.0,40.2,271.0,55.0,3190.0,60.2,13.600000000000001,66.0,1123.0,73.10000000000001,71.10000000000001,6420.642552010268,33.380400301815214,19.230018790308062,10.423364863214939,0.7666512263862686,1.0812029681173556,0.54,1.0,1.0,1.0,0.9808591458979914,0.9808591458979914,51345.04006783035,253.14999999999998,0.7064449970528489,31.151568882549583,0.03183926233121996,6.7,8.610210075096811
26500.0,17630.0,-19.5,20.0,40.1,270.0,54.7,3188.0,60.1,13.65,66.0,1121.0,72.4,72.10000000000001,6418.469681581015,33.373536738831376,19.223510977601627,10.421221646818632,0.7664935902006218,1.0812029681173554,0.52,1.0,1.0,0.9999999999999996,0.9808591458979914,0.9808591458979914,51334.48267746874,253.14999999999998,0.7062997133986094,31.151568882549583,0.031838956809794455,6.800000000000001,8.607296212393774
26550.0,17640.0,-20.0,20.5,39.7,271.0,55.0,3190.0,59.900000000000006,13.65,67.0,1127.0,73.5,70.8,6416.297227488507,33.366674318643305,19.217004411836346,10.419078787271765,0.7663359802616878,1.0812029681173556,0.58,1.0,1.0,1.0,0.9808591458979914,0.9808591458979914,51323.92704493189,253.14999999999998,0.7061544539343634,31.151568882549583,0.03183865072606693,6.5,8.604382908006638
26600.0,17650.0,-19.900000000000002,20.0,39.7,270.0,55.0,3188.0,60.0,13.600000000000001,65.9,1127.0,72.7,72.4,6414.125189645607,33.35981304110543,19.210499092751242,10.416936284528887,0.7661783965661233,1.0812029681173556,0.51,1.0,1.0,1.0,0.9808591458979914,0.9808591458979914,51313.37316999592,253.14999999999998,0.7060092186570301,31.151568882549583,0.03183834408049192,6.300000000000001,8.601470161818552
26650.0,17660.0,-19.400000000000002,19.5,40.2,270.0,55.1,3193.0,60.400000000000006,13.55,66.2,1122.0,72.9,70.7,6411.953567965254,33.352952906072225,19.20399502008556,10.414794138544552,0.7660208391105856,1.0812029681173554,0.55,1.0,1.0,0.9999999999999996,0.9808591458979914,0.9808591458979914,51302.82105243692,253.14999999999998,0.7058640075635283,31.151568882549583,0.031838036873523434,6.0,8.598557973712765
26700.0,17670.0,-20.5,20.0,39.5,269.0,55.2,3191.0,60.300000000000004,13.700000000000001,65.60000000000001,1131.0,72.4,71.5,6409.782362360421,33.34609391339811,19.19749219357866,10.412652349273303,0.7658633078917314,1.0812029681173556,0.54,1.0,1.0,1.0,0.9808591458979914,0.9808591458979914,51292.270692031016,253.14999999999998,0.7057188206507768,31.151568882549583,0.03183772910561496,6.2,8.595646343572572
26750.0,17680.0,-19.700000000000003,20.5,40.1,270.0,55.1,3190.0,60.2,13.600000000000001,66.60000000000001,1123.0,72.9,70.4,6407.611572744135,33.339236062937545,19.190990612970047,10.410510916669692,0.7657058029062179,1.0812029681173556,0.56,1.0,1.0,1.0,0.9808591458979914,0.9808591458979914,51281.72208855432,253.14999999999998,0.7055736579156952,31.151568882549583,0.03183742077721925,6.800000000000001,8.59273527128134
26800.0,17670.0,-20.0,20.5,39.2,270.0,55.1,3177.0,59.7,13.65,66.7,1128.0,73.2,71.2,6405.441199029505,33.33237935454502,19.184490277999483,10.408369840688284,0.7655483241507035,1.0812029681173556,0.5700000000000001,1.0,1.0,1.0,0.9808591458979914,0.9808591458979914,51271.17524178302,253.14999999999998,0.7054285193552029,31.151568882549583,0.031837111888788586,6.300000000000001,8.589824756722546
26850.0,17690.0,-20.200000000000003,20.5,40.6,271.0,54.900000000000006,3185.0,60.400000000000006,13.65,66.3,1125.0,73.10000000000001,70.60000000000001,6403.271241129668,33.325523788075,19.17799118840681,10.406229121283639,0.7653908716218458,1.0812029681173556,0.5700000000000001,1.0,1.0,1.0,0.9808591458979914,0.9808591458979914,51260.63015149329,253.14999999999998,0.7052834049662202,31.151568882549583,0.031836802440774546,6.7,8.586914799779708
26900.0,17710.0,-19.8,19.5,40.1,272.0,54.800000000000004,3188.0,60.400000000000006,13.65,67.60000000000001,1125.0,72.60000000000001,71.7,6401.101698957848,33.31866936338203,19.171493343932134,10.404088758410326,0.7652334453163033,1.0812029681173556,0.52,1.0,1.0,1.0,0.9808591458979914,0.9808591458979914,51250.08681746132,253.14999999999998,0.705138314745667,31.151568882549583,0.03183649243362816,6.4,8.584005400336455
26950.0,17690.0,-19.700000000000003,20.5,40.2,270.0,55.2,3204.0,60.2,13.600000000000001,65.3,1125.0,72.8,70.8,6398.932572427304,33.31181608032059,19.164996744315655,10.401948752022914,0.7650760452307346,1.0812029681173556,0.55,1.0,1.0,1.0,0.9808591458979914,0.9808591458979914,51239.54523946333,253.14999999999998,0.7049932486904639,31.151568882549583,0.03183618186779986,6.800000000000001,8.581096558276464
27000.0,17710.0,-20.0,19.5,40.5,270.0,54.7,3191.0,60.300000000000004,13.450000000000001,65.60000000000001,1127.0,73.2,70.8,6396.763861451363,33.304963938745225,19.158501389297793,10.39980910207598,0.7649186713617988,1.0812029681173556,0.53,1.0,1.0,1.0,0.9808591458979914,0.9808591458979914,51229.00541727557,253.14999999999998,0.7048482067975317,31.151568882549583,0.031835870743739496,6.6000000000000005,8.578188273483507
27050.0,17700.0,-19.8,19.5,39.5,271.0,55.1,3192.0,59.800000000000004,13.55,66.9,1123.0,73.4,71.8,6394.595565943408,33.298112938510485,19.152007278619127,10.397669808524105,0.764761323706155,1.0812029681173556,0.58,1.0,1.0,1.0,0.9808591458979914,0.9808591458979914,51218.46735067429,253.14999999999998,0.7047031890637913,31.151568882549583,0.03183555906189624,6.2,8.575280545841428
27100.0,17700.0,-20.1,19.5,39.6,271.0,55.1,3184.0,60.2,13.65,67.0,1128.0,73.3,71.3,6392.427685816873,33.29126307947091,19.145514412020386,10.395530871321867,0.7646040022604629,1.0812029681173558,0.58,1.0,1.0,0.9999999999999996,0.9808591458979913,0.9808591458979913,51207.93103943578,253.14999999999998,0.7045581954861643,31.151568882549583,0.031835246822718787,6.1000000000000005,8.572373375234143
27150.0,17710.0,-20.0,20.0,40.2,271.0,55.1,3188.0,59.800000000000004,13.65,66.3,1124.0,72.8,70.2,6390.260220985255,33.28441436148106,19.139022789242492,10.393392290423856,0.764446707021382,1.0812029681173556,0.56,1.0,1.0,1.0,0.9808591458979914,0.9808591458979914,51197.396483336335,253.14999999999998,0.704413226061572,31.151568882549583,0.03183493402665522,6.300000000000001,8.569466761545646
27200.0,17710.0,-19.5,19.5,40.300000000000004,272.0,55.2,3188.0,59.7,13.5,65.8,1125.0,72.7,70.9,6388.093171362103,33.27756678439553,19.13253241002652,10.391254065784665,0.7642894379855727,1.0812029681173556,0.55,1.0,1.0,1.0,0.9808591458979914,0.9808591458979914,51186.86368215225,253.14999999999998,0.7042682807869362,31.151568882549583,0.03183462067415298,6.5,8.566560704660008
27250.0,17710.0,-20.200000000000003,20.0,39.900000000000006,271.0,55.0,3182.0,60.1,13.65,66.0,1124.0,73.5,70.60000000000001,6385.926536861029,33.27072034806892,19.12604327411374,10.389116197358886,0.7641321951496955,1.0812029681173556,0.5700000000000001,1.0,1.0,1.0,0.9808591458979914,0.9808591458979914,51176.33263565989,253.14999999999998,0.704123359659179,31.151568882549583,0.03183430676565892,6.4,8.563655204461378
27300.0,17740.0,-19.5,20.5,39.800000000000004,271.0,54.900000000000006,3189.0,59.6,13.5,66.10000000000001,1128.0,72.3,71.4,6383.760317395694,33.26387505235582,19.11955538124556,10.386978685101122,0.763974978510411,1.0812029681173556,0.53,1.0,1.0,1.0,0.9808591458979914,0.9808591458979914,51165.803343635605,253.14999999999998,0.7039784626752231,31.151568882549583,0.03183399230161937,6.7,8.560750260833975
27350.0,17730.0,-20.3,20.0,39.6,271.0,55.0,3188.0,60.2,13.55,65.3,1128.0,72.5,70.60000000000001,6381.594512879821,33.257030897110866,19.11306873116358,10.384841528965975,0.7638177880643802,1.0812029681173556,0.58,1.0,1.0,1.0,0.9808591458979914,0.9808591458979914,51155.27580585578,253.14999999999998,0.7038335898319911,31.151568882549583,0.03183367728248003,6.5,8.557845873662098
27400.0,17720.0,-20.200000000000003,19.5,40.7,271.0,54.900000000000006,3191.0,59.6,13.55,66.10000000000001,1128.0,72.9,71.2,6379.42912322718,33.250187882188655,19.106583323609534,10.382704728908047,0.7636606238082643,1.0812029681173556,0.56,1.0,1.0,1.0,0.9808591458979914,0.9808591458979914,51144.7500220968,253.14999999999998,0.7036887411264057,31.151568882549583,0.031833361708685934,6.300000000000001,8.554942042830113
27450.0,17740.0,-20.1,20.0,40.2,270.0,54.800000000000004,3184.0,60.1,13.700000000000001,66.2,1126.0,73.0,70.5,6377.264148351616,33.24334600744386,19.100099158325392,10.380568284881953,0.7635034857387248,1.0812029681173556,0.59,1.0,1.0,1.0,0.9808591458979914,0.9808591458979914,51134.22599213508,253.14999999999998,0.7035439165553901,31.151568882549583,0.03183304558068169,6.4,8.552038768222486
27500.0,17740.0,-20.0,19.5,40.5,270.0,55.0,3191.0,59.800000000000004,13.600000000000001,66.2,1123.0,73.0,71.10000000000001,6375.099588167017,33.236505272731144,19.09361623505324,10.378432196842311,0.7633463738524242,1.0812029681173556,0.56,1.0,1.0,1.0,0.9808591458979914,0.9808591458979914,51123.70371574706,253.14999999999998,0.7033991161158678,31.151568882549583,0.03183272889891119,6.4,8.549136049723733
27550.0,17760.0,-19.6,19.5,39.900000000000006,271.0,55.1,3190.0,60.800000000000004,13.65,66.7,1126.0,72.60000000000001,71.0,6372.93544258732,33.22966567790515,19.087134553535318,10.376296464743739,0.7631892881460242,1.0812029681173556,0.58,1.0,1.0,1.0,0.9808591458979914,0.9808591458979914,51113.18319270922,253.14999999999998,0.7032543398047629,31.151568882549583,0.03183241166381782,6.5,8.546233887218449
27600.0,17760.0,-20.1,20.0,39.900000000000006,271.0,55.2,3184.0,60.2,13.55,66.3,1126.0,73.5,70.9,6370.77171152653,33.22282722282056,19.080654113514075,10.374161088540852,0.7630322286161868,1.0812029681173556,0.56,1.0,1.0,1.0,0.9808591458979914,0.9808591458979914,51102.66442279797,253.14999999999998,0.7031095876189986,31.151568882549583,0.03183209387584429,6.5,8.543332280591308
27650.0,17750.0,-20.0,20.0,39.800000000000004,270.0,55.2,3186.0,60.2,13.600000000000001,65.2,1128.0,72.4,71.4,6368.608394898729,33.215989907332144,19.074174914732172,10.372026068188296,0.7628751952595764,1.0812029681173556,0.54,1.0,1.0,1.0,0.9808591458979914,0.9808591458979914,51092.14740578992,253.14999999999998,0.7029648595555006,31.151568882549583,0.031831775535432864,6.4,8.540431229727094
27700.0,17750.0,-20.0,20.5,39.7,270.0,55.1,3190.0,59.300000000000004,13.75,66.4,1129.0,72.9,70.2,6366.445492617994,33.2091537312945,19.067696956932277,10.36989140364068,0.7627181880728542,1.0812029681173556,0.5700000000000001,1.0,1.0,1.0,0.9808591458979914,0.9808591458979914,51081.63214146145,253.14999999999998,0.7028201556111916,31.151568882549583,0.031831456643025086,6.2,8.537530734510582
27750.0,17780.0,-20.1,20.0,39.7,271.0,54.800000000000004,3197.0,60.7,13.700000000000001,66.8,1127.0,73.3,71.10000000000001,6364.283004598516,33.20231869456241,19.061220239857384,10.367757094852651,0.7625612070526844,1.0812029681173556,0.51,1.0,1.0,1.0,0.9808591458979914,0.9808591458979914,51071.11862958919,253.14999999999998,0.7026754757829978,31.151568882549583,0.031831137199062005,6.7,8.534630794826702
27800.0,17790.0,-20.0,19.5,39.800000000000004,269.0,55.2,3182.0,60.1,13.55,65.2,1128.0,72.8,71.5,6362.120930754525,33.19548479699062,19.054744763250614,10.365623141778856,0.7624042521957313,1.0812029681173556,0.52,1.0,1.0,1.0,0.9808591458979914,0.9808591458979914,51060.60686994969,253.14999999999998,0.7025308200678444,31.151568882549583,0.03183081720398403,6.2,8.531731410560434
27850.0,17760.0,-20.6,21.0,40.800000000000004,270.0,54.800000000000004,3187.0,60.300000000000004,13.55,66.2,1127.0,72.7,70.8,6359.959271000294,33.18865203843384,19.048270526855212,10.363489544373927,0.7622473234986579,1.0812029681173556,0.56,1.0,1.0,1.0,0.9808591458979914,0.9808591458979914,51050.096862319486,253.14999999999998,0.7023861884626559,31.151568882549583,0.031830496658231,6.1000000000000005,8.528832581596815
27900.0,17800.0,-20.1,20.0,40.6,270.0,55.2,3181.0,59.900000000000006,13.600000000000001,67.2,1122.0,72.9,71.8,6357.798025250172,33.18182041874686,19.04179753041464,10.361356302592512,0.762090420958129,1.0812029681173558,0.53,1.0,1.0,0.9999999999999996,0.9808591458979913,0.9808591458979913,51039.58860647519,253.14999999999998,0.7022415809643584,31.151568882549583,0.03183017556224225,6.300000000000001,8.525934307820988
27950.0,17800.0,-19.900000000000002,21.0,40.2,271.0,54.900000000000006,3185.0,59.900000000000006,13.5,66.3,1126.0,72.7,71.4,6355.637193418542,33.17498993778444,19.035325773672486,10.359223416389268,0.7619335445708089,1.0812029681173556,0.52,1.0,1.0,1.0,0.9808591458979914,0.9808591458979914,51029.082102193424,253.14999999999998,0.7020969975698779,31.151568882549583,0.03182985391645647,6.5,8.523036589118133
28000.0,17790.0,-19.6,20.0,40.300000000000004,270.0,55.1,3189.0,59.5,13.65,66.0,1129.0,73.2,70.7,6353.476775419852,33.16816059540136,19.028855256372513,10.357090885718845,0.7617766943333625,1.0812029681173556,0.53,1.0,1.0,1.0,0.9808591458979914,0.9808591458979914,51018.577349250816,253.14999999999998,0.7019524382761404,31.151568882549583,0.03182953172131174,6.5,8.52013942537353
28050.0,17800.0,-19.700000000000003,20.0,40.400000000000006,270.0,55.1,3187.0,60.1,13.700000000000001,66.0,1128.0,72.9,71.2,6351.316771168615,33.16133239145243,19.022385978258686,10.354958710535902,0.7616198702424547,1.0812029681173556,0.6,1.0,1.0,1.0,0.9808591458979914,0.9808591458979914,51008.074347424015,253.14999999999998,0.7018079030800725,31.151568882549583,0.0318292089772456,6.7,8.517242816472537
28100.0,17810.0,-19.900000000000002,19.5,39.900000000000006,270.0,55.2,3191.0,59.7,13.65,66.0,1124.0,73.4,71.8,6349.1571805793865,33.15450532579245,19.015917939075095,10.352826890795106,0.7614630722947512,1.0812029681173556,0.56,1.0,1.0,1.0,0.9808591458979914,0.9808591458979914,50997.573096489694,253.14999999999998,0.7016633919786006,31.151568882549583,0.03182888568469508,6.5,8.514346762300569
28150.0,17820.0,-19.6,20.5,39.5,272.0,55.2,3186.0,59.7,13.65,65.9,1128.0,73.2,70.8,6346.998003566783,33.14767939827626,19.009451138566014,10.350695426451125,0.761306300486918,1.0812029681173556,0.52,1.0,1.0,1.0,0.9808591458979914,0.9808591458979914,50987.07359622456,253.14999999999998,0.7015189049686522,31.151568882549583,0.031828561844096555,6.4,8.511451262743128
28200.0,17810.0,-19.900000000000002,19.5,39.900000000000006,271.0,55.1,3185.0,59.6,13.600000000000001,66.4,1128.0,72.7,71.3,6344.839240045467,33.14085460875866,19.002985576475854,10.348564317458623,0.7611495548156204,1.0812029681173556,0.6,1.0,1.0,1.0,0.9808591458979914,0.9808591458979914,50976.57584640531,253.14999999999998,0.7013744420471543,31.151568882549583,0.03182823745588579,6.4,8.508556317685771
28250.0,17810.0,-19.900000000000002,21.0,39.5,270.0,55.0,3189.0,60.1,13.700000000000001,66.10000000000001,1130.0,72.9,70.9,6342.680889930179,33.134030957094545,18.99652125254926,10.346433563772283,0.7609928352775253,1.0812029681173554,0.53,1.0,1.0,0.9999999999999996,0.9808591458979914,0.9808591458979914,50966.07984680869,253.14999999999998,0.7012300032110345,31.151568882549583,0.031827912520498054,5.9,8.505661927014168
28300.0,17830.0,-19.400000000000002,20.0,40.300000000000004,270.0,55.0,3192.0,60.6,13.700000000000001,66.5,1127.0,73.0,70.7,6340.522953135697,33.12720844313877,18.990058166530996,10.344303165346785,0.7608361418692995,1.0812029681173556,0.51,1.0,1.0,1.0,0.9808591458979914,0.9808591458979914,50955.585597211444,253.14999999999998,0.7010855884572206,31.151568882549583,0.03182758703836804,6.1000000000000005,8.502768090614033
28350.0,17840.0,-20.1,19.5,40.0,270.0,54.800000000000004,3187.0,59.900000000000006,13.55,66.60000000000001,1122.0,72.2,71.10000000000001,6338.36542957685,33.12038706674619,18.983596318165965,10.34217312213681,0.7606794745876094,1.0812029681173556,0.56,1.0,1.0,1.0,0.9808591458979914,0.9808591458979914,50945.09309739035,253.14999999999998,0.7009411977826409,31.151568882549583,0.03182726100992982,6.4,8.499874808371148
28400.0,17830.0,-20.3,20.0,39.800000000000004,271.0,54.900000000000006,3188.0,60.7,13.600000000000001,66.4,1129.0,73.2,71.3,6336.2083191685315,33.1135668277717,18.97713570719927,10.34004343409704,0.7605228334291222,1.0812029681173556,0.56,1.0,1.0,1.0,0.9808591458979914,0.9808591458979914,50934.60234712219,253.14999999999998,0.7007968311842232,31.151568882549583,0.03182693443561692,6.4,8.496982080171385
28450.0,17840.0,-19.900000000000002,21.0,40.5,270.0,55.2,3185.0,59.900000000000006,13.65,66.9,1125.0,72.7,72.2,6334.051621825689,33.1067477260702,18.970676333376183,10.337914101182175,0.7603662183905057,1.0812029681173556,0.56,1.0,1.0,1.0,0.9808591458979914,0.9808591458979914,50924.113346183796,253.14999999999998,0.7006524886588968,31.151568882549583,0.031826607315862336,6.800000000000001,8.494089905900687
28500.0,17850.0,-19.900000000000002,20.0,40.400000000000006,271.0,54.800000000000004,3187.0,60.300000000000004,13.600000000000001,65.7,1129.0,73.3,70.9,6331.895337463312,33.09992976149658,18.964218196442086,10.335785123346897,0.7602096294684267,1.0812029681173556,0.56,1.0,1.0,1.0,0.9808591458979914,0.9808591458979914,50913.626094351945,253.14999999999998,0.7005081702035898,31.151568882549583,0.031826279651098376,6.0,8.491198285445051
28550.0,17840.0,-20.0,20.0,39.6,269.0,54.800000000000004,3190.0,59.400000000000006,13.55,64.9,1128.0,72.3,71.10000000000001,6329.739465996481,33.09311293390583,18.957761296142653,10.333656500545924,0.7600530666595552,1.0812029681173558,0.6,1.0,1.0,0.9999999999999996,0.9808591458979913,0.9808591458979913,50903.14059140356,253.14999999999998,0.7003638758152322,31.151568882549583,0.03182595144175698,6.7,8.488307218690602
28600.0,17840.0,-19.900000000000002,19.5,39.5,270.0,55.2,3191.0,59.800000000000004,13.65,64.7,1125.0,72.60000000000001,71.2,6327.584007340295,33.08629724315288,18.951305632223594,10.331528232733959,0.7598965299605588,1.0812029681173556,0.55,1.0,1.0,1.0,0.9808591458979914,0.9808591458979914,50892.65683711553,253.14999999999998,0.7002196054907539,31.151568882549583,0.031825622688269294,6.300000000000001,8.485416705523484
28650.0,17860.0,-20.0,20.5,40.1,270.0,55.1,3192.0,59.800000000000004,13.600000000000001,66.7,1124.0,73.5,70.4,6325.428961409901,33.07948268909259,18.944851204430773,10.329400319865684,0.7597400193681048,1.0812029681173556,0.54,1.0,1.0,1.0,0.9808591458979914,0.9808591458979914,50882.174831264616,253.14999999999998,0.7000753592270827,31.151568882549583,0.031825293391066,6.1000000000000005,8.482526745829906
28700.0,17900.0,-20.1,19.5,39.900000000000006,270.0,54.900000000000006,3188.0,58.900000000000006,13.600000000000001,66.0,1130.0,73.4,71.0,6323.274328120546,33.07266927158004,18.938398012510355,10.327272761895836,0.759583534878864,1.0812029681173556,0.58,1.0,1.0,1.0,0.9808591458979914,0.9808591458979914,50871.69457362785,253.14999999999998,0.6999311370211504,31.151568882549583,0.031824963550577276,6.0,8.479637339496215
28750.0,17880.0,-20.200000000000003,19.5,39.900000000000006,271.0,55.0,3194.0,59.800000000000004,13.65,65.60000000000001,1127.0,73.0,71.4,6321.120107387482,33.06585699047013,18.931946056208517,10.325145558779116,0.7594270764895044,1.0812029681173556,0.56,1.0,1.0,1.0,0.9808591458979914,0.9808591458979914,50861.21606398211,253.14999999999998,0.6997869388698864,31.151568882549583,0.03182463316723258,6.1000000000000005,8.476748486408761
28800.0,17890.0,-19.5,19.5,39.300000000000004,270.0,54.900000000000006,3188.0,60.2,13.55,65.9,1127.0,73.4,71.10000000000001,6318.966299126059,33.059045845617895,18.92549533527173,10.323018710470254,0.7592706441966964,1.0812029681173556,0.51,1.0,1.0,1.0,0.9808591458979914,0.9808591458979914,50850.73930210437,253.14999999999998,0.6996427647702216,31.151568882549583,0.031824302241460975,6.0,8.47386018645403
28850.0,17890.0,-20.3,19.0,40.300000000000004,271.0,54.900000000000006,3190.0,60.1,13.65,66.4,1120.0,72.8,71.4,6316.812903251643,33.052235836878324,18.91904584944651,10.320892216923967,0.7591142379971095,1.0812029681173556,0.54,1.0,1.0,1.0,0.9808591458979914,0.9808591458979914,50840.26428777158,253.14999999999998,0.6994986147190865,31.151568882549583,0.0318239707736908,6.300000000000001,8.470972439518519
28900.0,17900.0,-20.0,21.0,40.5,270.0,55.0,3177.0,59.900000000000006,13.5,66.10000000000001,1127.0,73.2,71.8,6314.659919679682,33.045426964106426,18.912597598479625,10.318766078094985,0.7589578578874139,1.0812029681173556,0.55,1.0,1.0,1.0,0.9808591458979914,0.9808591458979914,50829.79102076074,253.14999999999998,0.6993544887134125,31.151568882549583,0.031823638764349974,6.9,8.468085245488849
28950.0,17900.0,-20.400000000000002,19.5,39.900000000000006,270.0,54.800000000000004,3187.0,60.0,13.55,66.5,1129.0,73.3,71.0,6312.507348325663,33.03861922715725,18.90615058211795,10.316640293938041,0.7588015038642801,1.0812029681173556,0.59,1.0,1.0,1.0,0.9808591458979914,0.9808591458979914,50819.31950084886,253.14999999999998,0.6992103867501308,31.151568882549583,0.03182330621386577,6.0,8.46519860425168
29000.0,17880.0,-20.400000000000002,20.0,40.5,270.0,54.900000000000006,3188.0,60.2,13.55,65.7,1124.0,72.7,71.7,6310.355189105133,33.03181262588583,18.89970480010855,10.314514864407869,0.7586451759243791,1.0812029681173556,0.55,1.0,1.0,1.0,0.9808591458979914,0.9808591458979914,50808.849727812965,253.14999999999998,0.699066308826173,31.151568882549583,0.03182297312266496,6.1000000000000005,8.462312515693766
29050.0,17920.0,-20.200000000000003,20.5,40.6,270.0,54.7,3198.0,60.1,13.55,66.60000000000001,1129.0,73.4,70.8,6308.203441933676,33.02500716014718,18.893260252198598,10.312389789459202,0.7584888740643809,1.0812029681173556,0.56,1.0,1.0,1.0,0.9808591458979914,0.9808591458979914,50798.3817014301,253.14999999999998,0.698922254938471,31.151568882549583,0.03182263949117361,6.0,8.459426979701899
29100.0,17920.0,-20.0,20.0,39.900000000000006,270.0,54.800000000000004,3192.0,60.400000000000006,13.55,66.3,1128.0,72.9,70.4,6306.052106726977,33.018202829796444,18.886816938135567,10.31026506904679,0.7583325982809581,1.0812029681173556,0.51,1.0,1.0,1.0,0.9808591458979914,0.9808591458979914,50787.91542147734,253.14999999999998,0.6987782250839569,31.151568882549583,0.03182230531981745,6.1000000000000005,8.456541996163013
29150.0,17890.0,-19.6,20.0,40.0,268.0,54.6,3188.0,60.6,13.55,66.5,1126.0,72.9,71.7,6303.9011834007115,33.01139963468864,18.8803748576669,10.308140703125378,0.7581763485707812,1.0812029681173556,0.54,1.0,1.0,1.0,0.9808591458979914,0.9808591458979914,50777.45088773176,253.14999999999998,0.6986342192595631,31.151568882549583,0.03182197060902144,6.1000000000000005,8.453657564964022
29200.0,17940.0,-20.0,20.5,39.7,271.0,55.1,3190.0,60.0,13.55,66.0,1126.0,73.3,71.0,6301.750671870661,33.00459757467889,18.87393401054036,10.30601669164972,0.758020124930523,1.0812029681173556,0.51,1.0,1.0,1.0,0.9808591458979914,0.9808591458979914,50766.98809997048,253.14999999999998,0.6984902374622226,31.151568882549583,0.03182163535921009,5.9,8.450773685991994
29250.0,17900.0,-19.8,19.5,40.1,270.0,55.0,3190.0,60.0,13.4,65.8,1128.0,73.5,72.0,6299.6005720526355,32.997796649622295,18.8674943965038,10.303893034574573,0.7578639273568554,1.0812029681173556,0.51,1.0,1.0,1.0,0.9808591458979914,0.9808591458979914,50756.527057970634,253.14999999999998,0.6983462796888682,31.151568882549583,0.03182129957080736,6.2,8.447890359134025
29300.0,17910.0,-19.5,20.5,40.1,270.0,55.300000000000004,3193.0,60.300000000000004,13.65,65.8,1129.0,73.2,71.0,6297.450883862504,32.990996859373965,18.86105601530524,10.301769731854689,0.7577077558464507,1.0812029681173556,0.54,1.0,1.0,1.0,0.9808591458979914,0.9808591458979914,50746.067761509345,253.14999999999998,0.698202345936433,31.151568882549583,0.031820963244236576,6.6000000000000005,8.445007584277297
29350.0,17950.0,-20.200000000000003,20.0,40.1,270.0,54.900000000000006,3196.0,60.1,13.65,67.0,1126.0,72.9,70.5,6295.301607216188,32.98419820378905,18.854618866692867,10.299646783444835,0.7575516103959817,1.0812029681173556,0.55,1.0,1.0,1.0,0.9808591458979914,0.9808591458979914,50735.6102103638,253.14999999999998,0.6980584362018507,31.151568882549583,0.03182062637992058,5.9,8.442125361309053
29400.0,17950.0,-19.900000000000002,20.0,40.0,271.0,54.800000000000004,3189.0,60.2,13.450000000000001,66.4,1123.0,72.9,70.5,6293.152742029669,32.97740068272268,18.848182950415037,10.297524189299782,0.7573954910021219,1.0812029681173556,0.59,1.0,1.0,1.0,0.9808591458979914,0.9808591458979914,50725.15440431118,253.14999999999998,0.6979145504820551,31.151568882549583,0.03182028897828162,6.0,8.439243690116626
29450.0,17930.0,-20.0,20.0,39.400000000000006,270.0,54.6,3184.0,59.800000000000004,13.65,66.8,1130.0,72.9,69.9,6291.004288218974,32.970604296030025,18.841748266220254,10.295401949374302,0.7572393976615446,1.0812029681173556,0.56,1.0,1.0,1.0,0.9808591458979914,0.9808591458979914,50714.70034312869,253.14999999999998,0.6977706887739801,31.151568882549583,0.03181995103974143,6.7,8.43636257058741
29500.0,17960.0,-19.900000000000002,19.5,39.800000000000004,272.0,54.7,3184.0,60.300000000000004,13.55,65.3,1131.0,73.10000000000001,70.9,6288.856245700177,32.96380904356623,18.835314813857156,10.293280063623163,0.7570833303709229,1.0812029681173554,0.52,1.0,1.0,0.9999999999999996,0.9808591458979914,0.9808591458979914,50704.24802659355,253.14999999999998,0.6976268510745601,31.151568882549583,0.031819612564721135,6.800000000000001,8.433482002608853
29550.0,17950.0,-19.6,20.5,39.800000000000004,270.0,55.300000000000004,3194.0,59.400000000000006,13.65,65.9,1124.0,73.0,70.5,6286.708614389432,32.95701492518652,18.828882593074617,10.291158532001154,0.7569272891269317,1.0812029681173556,0.54,1.0,1.0,1.0,0.9808591458979914,0.9808591458979914,50693.79745448303,253.14999999999998,0.69748303738073,31.151568882549583,0.031819273553641336,6.1000000000000005,8.430601986068517
29600.0,17950.0,-20.0,19.5,40.6,270.0,55.400000000000006,3188.0,59.800000000000004,13.700000000000001,65.60000000000001,1126.0,73.2,70.5,6284.561394202913,32.95022194074604,18.822451603621584,10.289037354463046,0.7567712739262442,1.0812029681173556,0.5700000000000001,1.0,1.0,1.0,0.9808591458979914,0.9808591458979914,50683.34862657436,253.14999999999998,0.6973392476894242,31.151568882549583,0.0318189340069221,6.4,8.42772252085399
29650.0,17980.0,-19.700000000000003,20.5,40.0,269.0,55.400000000000006,3182.0,59.6,13.65,67.0,1127.0,73.3,70.10000000000001,6282.414585056869,32.94343009010002,18.816021845247214,10.286916530963635,0.7566152847655356,1.0812029681173554,0.54,1.0,1.0,0.9999999999999996,0.9808591458979914,0.9808591458979914,50672.901542644846,253.14999999999998,0.6971954819975781,31.151568882549583,0.031818593924982916,5.800000000000001,8.424843606852964
29700.0,17980.0,-20.5,19.5,40.2,271.0,55.0,3191.0,60.2,13.600000000000001,65.3,1128.0,73.10000000000001,71.60000000000001,6280.268186867599,32.9366393731037,18.80959331770082,10.28479606145771,0.7564593216414807,1.0812029681173556,0.56,1.0,1.0,1.0,0.9808591458979914,0.9808591458979914,50662.45620247176,253.14999999999998,0.6970517403021267,31.151568882549583,0.031818253308242686,6.0,8.421965243953188
29750.0,17980.0,-20.0,20.0,39.900000000000006,269.0,55.2,3183.0,59.7,13.55,66.9,1130.0,72.3,71.8,6278.122199551457,32.92984978961231,18.80316602073188,10.282675945900072,0.7563033845507547,1.0812029681173556,0.59,1.0,1.0,1.0,0.9808591458979914,0.9808591458979914,50652.01260583248,253.14999999999998,0.6969080226000064,31.151568882549583,0.03181791215711986,6.0,8.419087432042495
29800.0,17950.0,-20.0,20.5,40.6,269.0,55.400000000000006,3179.0,59.900000000000006,13.55,66.7,1130.0,73.2,70.5,6275.976623024841,32.9230613394811,18.796739954090004,10.28055618424552,0.7561474734900336,1.0812029681173556,0.58,1.0,1.0,1.0,0.9808591458979914,0.9808591458979914,50641.57075250437,253.14999999999998,0.6967643288881533,31.151568882549583,0.03181757047203227,6.4,8.416210171008773
29850.0,17960.0,-20.6,20.5,39.900000000000006,269.0,55.0,3190.0,60.0,13.5,67.10000000000001,1129.0,72.8,71.0,6273.831457204191,32.916274022565275,18.79031511752493,10.278436776448842,0.7559915884559915,1.0812029681173556,0.56,1.0,1.0,1.0,0.9808591458979914,0.9808591458979914,50631.130642264674,253.14999999999998,0.6966206591635024,31.151568882549583,0.03181722825339721,6.0,8.413333460739963
29900.0,17990.0,-20.400000000000002,20.0,39.5,269.0,55.300000000000004,3189.0,60.1,13.450000000000001,65.60000000000001,1128.0,73.0,70.10000000000001,6271.686702006033,32.90948783872017,18.78389151078665,10.276317722464864,0.7558357294453059,1.0812029681173556,0.56,1.0,1.0,1.0,0.9808591458979914,0.9808591458979914,50620.69227489089,253.14999999999998,0.6964770134229913,31.151568882549583,0.03181688550163137,6.4,8.410457301124131
29950.0,18010.0,-20.200000000000003,19.0,39.6,269.0,55.1,3178.0,59.900000000000006,13.700000000000001,66.0,1129.0,72.3,70.3,6269.542357346931,32.90270278780106,18.777469133625267,10.274199022248391,0.7556798964546527,1.0812029681173556,0.59,1.0,1.0,1.0,0.9808591458979914,0.9808591458979914,50610.255650160376,253.14999999999998,0.6963333916635565,31.151568882549583,0.03181654221715103,6.300000000000001,8.407581692049382
30000.0,18000.0,-20.3,20.0,39.5,271.0,55.5,3190.0,59.800000000000004,13.4,65.0,1131.0,72.60000000000001,70.9,6267.398423143486,32.89591886966323,18.771047985791004,10.272080675754237,0.7555240894807084,1.0812029681173556,0.5700000000000001,1.0,1.0,1.0,0.9808591458979914,0.9808591458979914,50599.820767850564,253.14999999999998,0.6961897938821349,31.151568882549583,0.03181619840037177,6.6000000000000005,8.40470663340388
30050.0,18000.0,-20.1,20.0,39.7,270.0,55.1,3189.0,60.6,13.65,66.7,1124.0,73.10000000000001,70.8,6265.2548993123755,32.88913608416199,18.7646280670343,10.269962682937223,0.7553683085201501,1.0812029681173556,0.56,1.0,1.0,1.0,0.9808591458979914,0.9808591458979914,50589.3876277389,253.14999999999998,0.6960462200756641,31.151568882549583,0.031815854051708746,6.4,8.401832125075883
30100.0,18010.0,-19.3,20.5,40.5,271.0,55.400000000000006,3183.0,60.400000000000006,13.55,65.60000000000001,1128.0,73.3,70.60000000000001,6263.111785770317,32.88235443115267,18.75820937710573,10.267845043752171,0.755212553569655,1.0812029681173556,0.53,1.0,1.0,1.0,0.9808591458979914,0.9808591458979914,50578.95622960283,253.14999999999998,0.6959026702410812,31.151568882549583,0.03181550917157647,6.300000000000001,8.39895816695371
30150.0,18010.0,-19.700000000000003,21.5,40.2,269.0,54.7,3187.0,59.7,13.65,66.2,1126.0,73.60000000000001,70.8,6260.9690824340805,32.875573910490616,18.751791915756012,10.265727758153911,0.7550568246259005,1.0812029681173556,0.55,1.0,1.0,1.0,0.9808591458979914,0.9808591458979914,50568.52657321985,253.14999999999998,0.6957591443753246,31.151568882549583,0.03181516376038902,6.4,8.39608475892575
30200.0,18030.0,-19.6,20.0,40.400000000000006,269.0,55.2,3192.0,60.5,13.5,65.4,1129.0,72.0,71.4,6258.826789220483,32.86879452203115,18.74537568273601,10.26361082609727,0.7549011216855642,1.0812029681173556,0.58,1.0,1.0,1.0,0.9808591458979914,0.9808591458979914,50558.09865836746,253.14999999999998,0.695615642475332,31.151568882549583,0.03181481781855982,6.1000000000000005,8.393211900880452
30250.0,18020.0,-20.3,19.5,39.800000000000004,269.0,54.900000000000006,3187.0,59.900000000000006,13.75,65.7,1128.0,72.7,70.8,6256.684906046412,32.862016265629656,18.738960677796804,10.261494247537087,0.7547454447453245,1.0812029681173556,0.5,1.0,1.0,1.0,0.9808591458979914,0.9808591458979914,50547.672484823175,253.14999999999998,0.6954721645380422,31.151568882549583,0.03181447134650181,5.9,8.39033959270636
30300.0,18020.0,-19.900000000000002,20.5,39.300000000000004,270.0,54.7,3187.0,60.300000000000004,13.55,65.9,1131.0,73.10000000000001,70.8,6254.543432828802,32.85523914114153,18.732546900689606,10.259378022428205,0.75458979380186,1.0812029681173556,0.55,1.0,1.0,1.0,0.9808591458979914,0.9808591458979914,50537.24805236455,253.14999999999998,0.6953287105603936,31.151568882549583,0.03181412434462739,6.0,8.387467834292082
30350.0,18040.0,-19.8,19.5,40.1,270.0,55.1,3192.0,60.1,13.55,66.5,1125.0,72.5,69.5,6252.402369484616,32.84846314842211,18.72613435116572,10.257262150725456,0.7544341688518487,1.0812029681173556,0.55,1.0,1.0,1.0,0.9808591458979914,0.9808591458979914,50526.82536076912,253.14999999999998,0.6951852805393249,31.151568882549583,0.031813776813348384,6.0,8.38459662552626
30400.0,18040.0,-20.6,19.5,40.2,269.0,55.1,3186.0,60.0,13.65,66.5,1127.0,72.60000000000001,70.9,6250.261715930908,32.841688287326846,18.71972302897672,10.255146632383704,0.7542785698919705,1.0812029681173556,0.5700000000000001,1.0,1.0,1.0,0.9808591458979914,0.9808591458979914,50516.404409814495,253.14999999999998,0.6950418744717759,31.151568882549583,0.031813428753076176,6.0,8.381725966297667
30450.0,18040.0,-20.1,20.0,39.6,269.0,55.1,3192.0,59.5,13.600000000000001,66.60000000000001,1128.0,72.8,70.7,6248.121472084737,32.834914557711095,18.713312933874196,10.253031467357783,0.7541229969189034,1.0812029681173556,0.55,1.0,1.0,1.0,0.9808591458979914,0.9808591458979914,50505.98519927825,253.14999999999998,0.6948984923546857,31.151568882549583,0.03181308016422143,6.300000000000001,8.378855856495075
30500.0,18050.0,-20.0,19.5,40.2,270.0,55.0,3189.0,60.5,13.55,66.7,1125.0,73.3,71.7,6245.981637863271,32.82814195943034,18.706904065610058,10.250916655602557,0.753967449929328,1.0812029681173556,0.54,1.0,1.0,1.0,0.9808591458979914,0.9808591458979914,50495.567728938026,253.14999999999998,0.6947551341849941,31.151568882549583,0.03181273104719449,6.7,8.375986296007405
30550.0,18060.0,-20.3,20.0,40.5,271.0,54.800000000000004,3188.0,60.1,13.55,67.4,1127.0,72.9,71.7,6243.842213183674,32.82137049233998,18.700496423936215,10.248802197072886,0.7538119289199238,1.0812029681173556,0.54,1.0,1.0,1.0,0.9808591458979914,0.9808591458979914,50485.15199857144,253.14999999999998,0.6946117999596412,31.151568882549583,0.03181238140240491,6.5,8.373117284723572
30600.0,18040.0,-20.1,20.5,40.6,269.0,54.800000000000004,3191.0,59.800000000000004,13.600000000000001,66.5,1126.0,72.2,70.5,6241.703197963209,32.81460015629549,18.69409000860487,10.246688091723632,0.753656433887371,1.0812029681173556,0.55,1.0,1.0,1.0,0.9808591458979914,0.9808591458979914,50474.73800795618,253.14999999999998,0.6944684896755673,31.151568882549583,0.03181203123026192,5.800000000000001,8.370248822532623
30650.0,18060.0,-20.400000000000002,21.0,40.900000000000006,269.0,55.1,3185.0,59.900000000000006,13.700000000000001,65.7,1126.0,72.60000000000001,71.7,6239.564592119156,32.80783095115232,18.68768481936827,10.24457433950966,0.7535009648283498,1.0812029681173556,0.45,1.0,1.0,1.0,0.9808591458979914,0.9808591458979914,50464.32575686987,253.14999999999998,0.6943252033297125,31.151568882549583,0.03181168053117416,6.1000000000000005,8.36738090932363
30700.0,18070.0,-20.200000000000003,20.5,40.5,269.0,55.400000000000006,3183.0,60.400000000000006,13.600000000000001,65.60000000000001,1126.0,72.9,71.2,6237.426395568872,32.801062876765975,18.681280855978894,10.242460940385852,0.7533455217395418,1.0812029681173556,0.52,1.0,1.0,1.0,0.9808591458979914,0.9808591458979914,50453.915245090306,253.14999999999998,0.6941819409190189,31.151568882549583,0.03181132930554962,6.2,8.364513544985769
30750.0,18070.0,-20.400000000000002,19.5,39.5,270.0,55.1,3189.0,60.6,13.450000000000001,66.2,1127.0,73.2,71.5,6235.288608229738,32.79429593299189,18.6748781181893,10.240347894307062,0.7531901046176265,1.0812029681173556,0.54,1.0,1.0,1.0,0.9808591458979914,0.9808591458979914,50443.506472395085,253.14999999999998,0.6940387024404258,31.151568882549583,0.031810977553795895,6.300000000000001,8.361646729408244
30800.0,18070.0,-19.8,19.0,40.300000000000004,270.0,54.900000000000006,3187.0,60.0,13.700000000000001,67.9,1130.0,72.7,71.4,6233.151230019225,32.787530119685634,18.66847660575231,10.238235201228196,0.7530347134592869,1.0812029681173556,0.5700000000000001,1.0,1.0,1.0,0.9808591458979914,0.9808591458979914,50433.09943856205,253.14999999999998,0.6938954878908762,31.151568882549583,0.031810625276320066,6.0,8.358780462480382
30850.0,18070.0,-20.0,20.5,39.400000000000006,269.0,55.1,3189.0,60.400000000000006,13.5,67.3,1123.0,72.2,71.10000000000001,6231.014260854814,32.78076543670269,18.662076318420777,10.23612286110412,0.7528793482612035,1.0812029681173556,0.51,1.0,1.0,1.0,0.9808591458979914,0.9808591458979914,50422.694143368906,253.14999999999998,0.693752297267311,31.151568882549583,0.03181027247352849,6.2,8.355914744091523
30900.0,18090.0,-20.0,19.5,40.2,270.0,55.2,3188.0,59.7,13.5,65.8,1124.0,72.4,71.4,6228.87770065407,32.774001883898585,18.655677255947808,10.234010873889725,0.7527240090200588,1.0812029681173556,0.49,1.0,1.0,1.0,0.9808591458979914,0.9808591458979914,50412.290586593444,253.14999999999998,0.6936091305666723,31.151568882549583,0.03180991914582718,6.6000000000000005,8.353049574131122
30950.0,18100.0,-20.0,19.5,40.300000000000004,270.0,54.900000000000006,3189.0,59.5,13.5,65.3,1128.0,72.9,71.7,6226.741549334592,32.76723946112887,18.6492794180866,10.231899239539905,0.7525686957325346,1.0812029681173556,0.52,1.0,1.0,1.0,0.9808591458979914,0.9808591458979914,50401.88876801346,253.14999999999998,0.6934659877859021,31.151568882549583,0.031809565293621556,6.4,8.350184952488675
31000.0,18100.0,-20.3,20.0,40.0,269.0,55.0,3188.0,60.0,13.55,65.10000000000001,1127.0,72.60000000000001,70.60000000000001,6224.605806814028,32.76047816824908,18.64288280459052,10.22978795800955,0.7524134083953136,1.0812029681173558,0.54,1.0,1.0,0.9999999999999996,0.9808591458979913,0.9808591458979913,50391.48868740677,253.14999999999998,0.6933228689219432,31.151568882549583,0.03180921091731642,6.4,8.347320879053749
31050.0,18110.0,-20.1,19.5,40.300000000000004,268.0,55.2,3181.0,59.6,13.55,67.2,1131.0,73.2,71.3,6222.470473010105,32.75371800511482,18.63648741521315,10.227677029253568,0.7522581470050786,1.0812029681173556,0.49,1.0,1.0,1.0,0.9808591458979914,0.9808591458979914,50381.0903445512,253.14999999999998,0.6931797739717379,31.151568882549583,0.0318088560173162,6.300000000000001,8.344457353716011
31100.0,18100.0,-20.200000000000003,20.0,39.800000000000004,271.0,54.6,3189.0,59.7,13.55,66.10000000000001,1124.0,73.0,71.0,6220.335547840557,32.746958971581634,18.630093249708104,10.225566453226854,0.7521029115585126,1.0812029681173556,0.53,1.0,1.0,1.0,0.9808591458979914,0.9808591458979914,50370.69373922462,253.14999999999998,0.6930367029322295,31.151568882549583,0.031808500594024666,6.1000000000000005,8.341594376365144
31150.0,18110.0,-20.200000000000003,20.0,39.900000000000006,270.0,55.300000000000004,3190.0,59.900000000000006,13.600000000000001,65.3,1126.0,72.8,70.5,6218.201031223208,32.74020106750512,18.623700307829257,10.223456229884317,0.751947702052299,1.0812029681173556,0.56,1.0,1.0,1.0,0.9808591458979914,0.9808591458979914,50360.2988712049,253.14999999999998,0.6928936558003612,31.151568882549583,0.03180814464784515,6.1000000000000005,8.338731946890947
31200.0,18120.0,-20.200000000000003,21.5,39.7,268.0,54.7,3191.0,60.400000000000006,13.55,66.7,1129.0,72.8,71.0,6216.066923075913,32.7334442927409,18.617308589330587,10.221346359180876,0.7517925184831217,1.0812029681173556,0.55,1.0,1.0,1.0,0.9808591458979914,0.9808591458979914,50349.90574026994,253.14999999999998,0.6927506325730767,31.151568882549583,0.03180778817918037,6.4,8.335870065183261
31250.0,18130.0,-20.200000000000003,20.0,40.800000000000004,270.0,55.2,3191.0,60.1,13.600000000000001,66.5,1129.0,73.0,70.8,6213.933223316585,32.72668864714458,18.61091809396624,10.219236841071435,0.7516373608476642,1.0812029681173556,0.56,1.0,1.0,1.0,0.9808591458979914,0.9808591458979914,50339.51434619764,253.14999999999998,0.6926076332473194,31.151568882549583,0.031807431188432635,6.2,8.333008731132008
31300.0,18130.0,-19.200000000000003,19.0,40.400000000000006,269.0,55.0,3199.0,59.7,13.55,65.9,1125.0,73.2,70.9,6211.799931863184,32.7199341305718,18.6045288214905,10.217127675510921,0.7514822291426113,1.0812029681173556,0.5700000000000001,1.0,1.0,1.0,0.9808591458979914,0.9808591458979914,50329.12468876595,253.14999999999998,0.6924646578200339,31.151568882549583,0.03180707367600359,5.9,8.330147944627168
31350.0,18110.0,-20.1,19.0,40.6,269.0,54.800000000000004,3190.0,59.800000000000004,13.5,67.10000000000001,1124.0,72.8,71.0,6209.667048633719,32.71318074287818,18.59814077165781,10.215018862454253,0.7513271233646471,1.0812029681173556,0.5700000000000001,1.0,1.0,1.0,0.9808591458979914,0.9808591458979914,50318.736767752824,253.14999999999998,0.6923217062881643,31.151568882549583,0.03180671564229439,6.300000000000001,8.32728770555879
31400.0,18130.0,-20.1,20.0,40.300000000000004,269.0,55.400000000000006,3185.0,60.0,13.5,65.10000000000001,1125.0,72.60000000000001,70.9,6207.534573546268,32.70642848391941,18.591753944222802,10.21291040185636,0.7511720435104566,1.0812029681173556,0.52,1.0,1.0,1.0,0.9808591458979914,0.9808591458979914,50308.35058293623,253.14999999999998,0.6921787786486552,31.151568882549583,0.03180635708770573,6.4,8.324428013817018
31450.0,18140.0,-20.3,20.0,40.400000000000006,270.0,55.0,3183.0,59.7,13.5,66.7,1128.0,72.60000000000001,70.9,6205.402506518937,32.699677353551145,18.58536833894021,10.21080229367218,0.7510169895767255,1.0812029681173556,0.52,1.0,1.0,1.0,0.9808591458979914,0.9808591458979914,50297.96613409417,253.14999999999998,0.6920358748984514,31.151568882549583,0.03180599801263774,6.0,8.321568869292026
31500.0,18160.0,-20.1,21.0,40.5,271.0,55.1,3187.0,60.2,13.55,66.9,1128.0,73.0,71.2,6203.270847469895,32.69292735162907,18.578983955564937,10.20869453785664,0.7508619615601385,1.0812029681173556,0.6,1.0,1.0,1.0,0.9808591458979914,0.9808591458979914,50287.583421004645,253.14999999999998,0.6918929950344984,31.151568882549583,0.03180563841748997,5.800000000000001,8.31871027187408
31550.0,18180.0,-20.0,19.5,39.7,269.0,55.1,3184.0,60.1,13.700000000000001,65.5,1126.0,72.5,70.9,6201.139596317358,32.68617847800887,18.572600793852047,10.20658713436468,0.7507069594573815,1.0812029681173558,0.62,1.0,1.0,0.9999999999999996,0.9808591458979913,0.9808591458979913,50277.2024434457,253.14999999999998,0.6917501390537415,31.151568882549583,0.03180527830266159,6.4,8.315852221453504
31600.0,18160.0,-20.200000000000003,20.0,40.1,270.0,55.1,3185.0,59.7,13.600000000000001,65.2,1129.0,72.9,70.2,6199.008752979588,32.679430732546265,18.566218853556727,10.204480083151244,0.7505519832651405,1.0812029681173556,0.55,1.0,1.0,1.0,0.9808591458979914,0.9808591458979914,50266.82320119537,253.14999999999998,0.6916073069531262,31.151568882549583,0.031804917668551126,5.800000000000001,8.312994717920688
31650.0,18170.0,-20.1,21.0,40.400000000000006,269.0,54.6,3185.0,59.6,13.700000000000001,65.9,1129.0,72.8,71.10000000000001,6196.8783173749025,32.672684115096956,18.559838134434337,10.202373384171281,0.7503970329801021,1.0812029681173556,0.55,1.0,1.0,1.0,0.9808591458979914,0.9808591458979914,50256.445694031754,253.14999999999998,0.6914644987295988,31.151568882549583,0.03180455651555662,6.5,8.310137761166091
31700.0,18170.0,-20.3,21.0,39.900000000000006,270.0,54.400000000000006,3191.0,60.0,13.600000000000001,65.7,1125.0,72.8,71.4,6194.748289421674,32.665938625516695,18.5534586362404,10.20026703737974,0.7502421085989525,1.0812029681173556,0.5700000000000001,1.0,1.0,1.0,0.9808591458979914,0.9808591458979914,50246.069921732924,253.14999999999998,0.6913217143801054,31.151568882549583,0.03180419484407555,6.1000000000000005,8.307281351080254
31750.0,18190.0,-20.0,19.5,40.1,269.0,55.0,3182.0,59.7,13.450000000000001,65.8,1131.0,72.9,71.5,6192.618669038325,32.659194263661234,18.54708035873059,10.19816104273158,0.7500872101183791,1.0812029681173556,0.62,1.0,1.0,1.0,0.9808591458979914,0.9808591458979914,50235.695884077,253.14999999999998,0.6911789539015926,31.151568882549583,0.03180383265450497,6.300000000000001,8.304425487553775
31800.0,18170.0,-20.200000000000003,20.0,39.7,270.0,55.2,3192.0,59.5,13.55,65.60000000000001,1128.0,73.3,72.5,6190.489456143307,32.652451029386285,18.540703301660663,10.19605540018175,0.749932337535068,1.0812029681173556,0.53,1.0,1.0,1.0,0.9808591458979914,0.9808591458979914,50225.32358084207,253.14999999999998,0.6910362172910064,31.151568882549583,0.0318034699472413,6.1000000000000005,8.301570170477298
31850.0,18190.0,-20.200000000000003,20.0,39.800000000000004,268.0,55.0,3188.0,60.400000000000006,13.600000000000001,65.10000000000001,1126.0,72.2,70.5,6188.360650655161,32.645708922547676,18.534327464786653,10.193950109685227,0.7497774908457081,1.0812029681173554,0.5700000000000001,1.0,1.0,0.9999999999999996,0.9808591458979914,0.9808591458979914,50214.95301180636,253.14999999999998,0.6908935045452952,31.151568882549583,0.03180310672268058,6.1000000000000005,8.298715399741585
31900.0,18200.0,-20.6,20.0,39.800000000000004,271.0,55.1,3191.0,60.5,13.55,66.7,1124.0,72.5,71.5,6186.232252492454,32.63896794300121,18.527952847864658,10.19184517119698,0.7496226700469875,1.0812029681173556,0.5,1.0,1.0,1.0,0.9808591458979914,0.9808591458979914,50204.584176748045,253.14999999999998,0.6907508156614062,31.151568882549583,0.03180274298121815,6.300000000000001,8.295861175237432
31950.0,18200.0,-19.700000000000003,20.0,40.0,270.0,54.900000000000006,3186.0,60.1,13.600000000000001,65.60000000000001,1127.0,73.5,70.9,6184.104261573797,32.63222809060263,18.521579450650922,10.189740584671972,0.7494678751355929,1.0812029681173556,0.53,1.0,1.0,1.0,0.9808591458979914,0.9808591458979914,50194.217075445245,253.14999999999998,0.6906081506362861,31.151568882549583,0.031802378723249036,5.800000000000001,8.293007496855694
32000.0,18200.0,-19.8,20.5,40.0,271.0,55.1,3193.0,60.300000000000004,13.700000000000001,65.8,1124.0,73.10000000000001,71.5,6181.976677817845,32.62548936520772,18.51520727290181,10.187636350065166,0.7493131061082123,1.0812029681173556,0.59,1.0,1.0,1.0,0.9808591458979914,0.9808591458979914,50183.85170767617,253.14999999999998,0.6904655094668828,31.151568882549583,0.03180201394916756,6.5,8.290154364487286
32050.0,18230.0,-19.8,20.0,39.400000000000006,270.0,54.900000000000006,3189.0,60.0,13.65,65.8,1129.0,72.0,71.2,6179.849501143343,32.618751766672375,18.508836314373966,10.185532467331559,0.7491583629615357,1.0812029681173556,0.58,1.0,1.0,1.0,0.9808591458979914,0.9808591458979914,50173.48807321911,253.14999999999998,0.6903228921501452,31.151568882549583,0.031801648659367625,6.6000000000000005,8.287301778023247
32100.0,18220.0,-19.5,20.0,40.0,270.0,55.0,3185.0,59.800000000000004,13.5,66.2,1127.0,72.8,70.9,6177.722731469055,32.61201529485239,18.50246657482408,10.183428936426134,0.7490036456922519,1.0812029681173556,0.56,1.0,1.0,1.0,0.9808591458979914,0.9808591458979914,50163.12617185229,253.14999999999998,0.6901802986830214,31.151568882549583,0.03180128285424264,6.4,8.284449737354633
32150.0,18200.0,-20.400000000000002,20.5,39.400000000000006,270.0,55.300000000000004,3195.0,60.2,13.65,67.2,1121.0,72.8,71.60000000000001,6175.596368713797,32.60527994960364,18.496098054009007,10.181325757303872,0.7488489542970497,1.0812029681173556,0.54,1.0,1.0,1.0,0.9808591458979914,0.9808591458979914,50152.76600335397,253.14999999999998,0.6900377290624602,31.151568882549583,0.03180091653418544,6.5,8.281598242372576
32200.0,18220.0,-19.900000000000002,20.0,39.800000000000004,270.0,55.1,3185.0,60.300000000000004,13.65,66.5,1124.0,72.3,71.10000000000001,6173.47041279644,32.598545730781964,18.489730751685762,10.179222929919765,0.7486942887726188,1.0812029681173556,0.63,1.0,1.0,1.0,0.9808591458979914,0.9808591458979914,50142.40756750244,253.14999999999998,0.6898951832854102,31.151568882549583,0.03180054969958834,6.5,8.278747292968282
32250.0,18220.0,-19.900000000000002,20.5,39.5,271.0,55.0,3188.0,60.0,13.700000000000001,65.4,1123.0,73.0,70.10000000000001,6171.344863635907,32.59181263824325,18.483364667611518,10.177120454228813,0.7485396491156493,1.0812029681173556,0.54,1.0,1.0,1.0,0.9808591458979914,0.9808591458979914,50132.05086407603,253.14999999999998,0.6897526613488212,31.151568882549583,0.031800182350843226,6.5,8.275896889033024
32300.0,18240.0,-19.700000000000003,20.5,41.0,270.0,55.1,3187.0,60.300000000000004,13.600000000000001,66.9,1126.0,73.4,71.4,6169.219721151156,32.58508067184336,18.47699980154355,10.175018330186008,0.7483850353228307,1.0812029681173556,0.54,1.0,1.0,1.0,0.9808591458979914,0.9808591458979914,50121.69589285304,253.14999999999998,0.6896101632496421,31.151568882549583,0.0317998144883414,6.300000000000001,8.273047030458123
32350.0,18240.0,-19.900000000000002,20.0,39.7,270.0,54.7,3192.0,59.6,13.600000000000001,66.3,1129.0,72.3,71.10000000000001,6167.094985261216,32.57834983143822,18.470636153239344,10.172916557746358,0.7482304473908541,1.0812029681173556,0.56,1.0,1.0,1.0,0.9808591458979914,0.9808591458979914,50111.34265361183,253.14999999999998,0.689467688984823,31.151568882549583,0.031799446112473644,6.2,8.270197717134996
32400.0,18260.0,-20.200000000000003,19.0,40.300000000000004,270.0,54.6,3188.0,60.400000000000006,13.5,67.3,1125.0,72.9,70.5,6164.970655885158,32.57162011688374,18.464273722456525,10.17081513686487,0.7480758853164101,1.0812029681173556,0.55,1.0,1.0,1.0,0.9808591458979914,0.9808591458979914,50100.991146130764,253.14999999999998,0.6893252385513139,31.151568882549583,0.03179907722363031,6.1000000000000005,8.267348948955116
32450.0,18230.0,-19.1,20.0,39.800000000000004,271.0,55.400000000000006,3193.0,59.6,13.600000000000001,64.7,1129.0,72.3,70.7,6162.846732942082,32.56489152803582,18.457912508952788,10.168714067496552,0.7479213490961891,1.0812029681173556,0.55,1.0,1.0,1.0,0.9808591458979914,0.9808591458979914,50090.64137018823,253.14999999999998,0.6891828119460649,31.151568882549583,0.03179870782220111,6.300000000000001,8.264500725809992
32500.0,18250.0,-19.5,20.5,40.300000000000004,269.0,55.300000000000004,3185.0,60.5,13.75,66.2,1129.0,71.8,71.10000000000001,6160.723216351174,32.55816406475043,18.451552512486096,10.166613349596421,0.7477668387268832,1.0812029681173558,0.58,1.0,1.0,0.9999999999999996,0.9808591458979913,0.9808591458979913,50080.29332556263,253.14999999999998,0.6890404091660269,31.151568882549583,0.03179833790857537,6.4,8.261653047591253
32550.0,18240.0,-20.1,18.5,40.2,268.0,55.2,3193.0,59.900000000000006,13.65,65.7,1128.0,72.5,71.5,6158.600106031648,32.551437726883506,18.445193732814484,10.164512983119499,0.7476123542051837,1.0812029681173556,0.5,1.0,1.0,1.0,0.9808591458979914,0.9808591458979914,50069.947012032404,253.14999999999998,0.6888980302081507,31.151568882549583,0.03179796748314189,5.7,8.25880591419056
32600.0,18260.0,-20.1,20.0,39.7,272.0,55.0,3189.0,60.1,13.65,66.2,1128.0,73.2,70.2,6156.477401902759,32.544712514291014,18.43883616969613,10.162412968020803,0.7474578955277822,1.0812029681173556,0.49,1.0,1.0,1.0,0.9808591458979914,0.9808591458979914,50059.602429375984,253.14999999999998,0.6887556750693873,31.151568882549583,0.03179759654628887,6.1000000000000005,8.255959325499639
32650.0,18260.0,-19.8,20.0,40.2,269.0,55.0,3183.0,60.1,13.450000000000001,66.10000000000001,1123.0,72.8,71.60000000000001,6154.355103883822,32.537988426828896,18.432479822889377,10.160313304255357,0.7473034626913707,1.0812029681173556,0.55,1.0,1.0,1.0,0.9808591458979914,0.9808591458979914,50049.259577371806,253.14999999999998,0.6886133437466876,31.151568882549583,0.031797225098404124,5.7,8.253113281410284
32700.0,18260.0,-20.400000000000002,19.0,40.0,270.0,55.1,3191.0,60.0,13.600000000000001,65.2,1126.0,72.5,70.7,6152.23321189422,32.53126546435321,18.42612469215277,10.158213991778211,0.7471490556926431,1.0812029681173556,0.55,1.0,1.0,1.0,0.9808591458979914,0.9808591458979914,50038.918455798455,253.14999999999998,0.6884710362370047,31.151568882549583,0.03179685313987484,6.1000000000000005,8.250267781814388
32750.0,18310.0,-20.400000000000002,20.0,39.400000000000006,270.0,54.900000000000006,3192.0,59.900000000000006,13.600000000000001,65.60000000000001,1123.0,72.7,71.0,6150.11172585335,32.52454362671991,18.419770777244903,10.156115030544385,0.746994674528291,1.0812029681173558,0.55,1.0,1.0,0.9999999999999996,0.9808591458979913,0.9808591458979913,50028.57906443434,253.14999999999998,0.6883287525372892,31.151568882549583,0.03179648067108777,6.300000000000001,8.247422826603861
32800.0,18280.0,-20.1,19.0,40.2,269.0,55.1,3194.0,59.900000000000006,13.5,65.8,1128.0,72.8,70.9,6147.99064568068,32.517822913785025,18.41341807792458,10.154016420508913,0.7468403191950072,1.0812029681173556,0.56,1.0,1.0,1.0,0.9808591458979914,0.9808591458979914,50018.241403058,253.14999999999998,0.6881864926444934,31.151568882549583,0.03179610769242922,6.300000000000001,8.244578415670707
32850.0,18280.0,-20.5,20.0,39.7,270.0,55.0,3181.0,60.0,13.65,66.2,1127.0,72.2,71.8,6145.869971295716,32.51110332540456,18.407066593950717,10.15191816162685,0.7466859896894857,1.0812029681173558,0.56,1.0,1.0,0.9999999999999996,0.9808591458979913,0.9808591458979913,50007.905471448,253.14999999999998,0.6880442565555703,31.151568882549583,0.03179573420428478,5.800000000000001,8.241734548906981
32900.0,18280.0,-19.900000000000002,20.5,39.800000000000004,271.0,54.6,3184.0,59.400000000000006,13.55,66.8,1132.0,73.0,70.8,6143.749702618031,32.50438486143458,18.400716325082435,10.149820253853239,0.74653168600842,1.0812029681173556,0.54,1.0,1.0,1.0,0.9808591458979914,0.9808591458979914,49997.57126938291,253.14999999999998,0.6879020442674726,31.151568882549583,0.03179536020703976,6.300000000000001,8.238891226204833
32950.0,18280.0,-20.200000000000003,20.5,39.6,269.0,55.0,3190.0,59.800000000000004,13.600000000000001,66.2,1132.0,72.9,71.10000000000001,6141.629839567231,32.497667521731145,18.394367271078956,10.147722697143134,0.7463774081485045,1.0812029681173556,0.59,1.0,1.0,1.0,0.9808591458979914,0.9808591458979914,49987.238796641315,253.14999999999998,0.6877598557771533,31.151568882549583,0.03179498570107892,6.0,8.236048447456449
33000.0,18280.0,-19.900000000000002,20.5,40.1,270.0,54.7,3188.0,60.400000000000006,13.5,65.7,1126.0,72.7,71.3,6139.510382062968,32.4909513061503,18.38801943169963,10.145625491451584,0.7462231561064325,1.0812029681173556,0.56,1.0,1.0,1.0,0.9808591458979914,0.9808591458979914,49976.90805300179,253.14999999999998,0.6876176910815653,31.151568882549583,0.031794610686786406,6.2,8.233206212554082
33050.0,18290.0,-20.5,20.0,39.800000000000004,271.0,55.400000000000006,3196.0,59.7,13.65,66.4,1129.0,72.8,71.8,6137.391330024951,32.484236214548126,18.38167280670398,10.143528636733652,0.7460689298788993,1.0812029681173556,0.54,1.0,1.0,1.0,0.9808591458979914,0.9808591458979914,49966.57903824298,253.14999999999998,0.6874755501776625,31.151568882549583,0.031794235164545985,6.2,8.23036452139006
33100.0,18290.0,-19.8,20.0,40.2,270.0,55.0,3188.0,60.2,13.600000000000001,65.0,1128.0,72.60000000000001,70.5,6135.272683372944,32.47752224678074,18.375327395851702,10.1414321329444,0.7459147294625994,1.0812029681173556,0.51,1.0,1.0,1.0,0.9808591458979914,0.9808591458979914,49956.25175214352,253.14999999999998,0.6873334330623988,31.151568882549583,0.031793859134740886,6.2,8.227523373856785
33150.0,18310.0,-20.6,20.0,40.5,270.0,55.0,3193.0,60.2,13.65,64.2,1131.0,73.10000000000001,72.4,6133.154442026737,32.4708094027042,18.368983198902566,10.139335980038897,0.745760554854228,1.0812029681173556,0.52,1.0,1.0,1.0,0.9808591458979914,0.9808591458979914,49945.92619448207,253.14999999999998,0.687191339732728,31.151568882549583,0.031793482597753754,5.7,8.224682769846696
33200.0,18320.0,-20.1,20.5,40.400000000000006,270.0,55.0,3190.0,59.900000000000006,13.55,66.5,1130.0,73.3,71.10000000000001,6131.036605906197,32.46409768217465,18.362640215616565,10.13724017797221,0.7456064060504806,1.0812029681173556,0.48,1.0,1.0,1.0,0.9808591458979914,0.9808591458979914,49935.60236503732,253.14999999999998,0.6870492701856046,31.151568882549583,0.031793105553966874,6.1000000000000005,8.221842709252329
33250.0,18320.0,-20.0,19.5,40.0,269.0,54.7,3193.0,59.7,13.600000000000001,66.4,1129.0,73.2,71.3,6128.9191749312195,32.45738708504823,18.35629844575379,10.135144726699416,0.7454522830480528,1.0812029681173556,0.5700000000000001,1.0,1.0,1.0,0.9808591458979914,0.9808591458979914,49925.280263587956,253.14999999999998,0.6869072244179831,31.151568882549583,0.03179272800376197,6.5,8.219003191966264
33300.0,18340.0,-20.5,19.5,40.300000000000004,269.0,55.300000000000004,3188.0,60.0,13.65,65.7,1127.0,73.2,70.4,6126.80214902175,32.45067761118106,18.34995788907447,10.133049626175595,0.7452981858436404,1.0812029681173558,0.54,1.0,1.0,0.9999999999999996,0.9808591458979913,0.9808591458979913,49914.959889912716,253.14999999999998,0.6867652024268187,31.151568882549583,0.0317923499475202,6.300000000000001,8.216164217881149
33350.0,18340.0,-19.5,19.0,39.300000000000004,271.0,55.2,3188.0,60.1,13.65,65.3,1125.0,73.0,71.60000000000001,6124.685528097798,32.443969260429306,18.343618545339034,10.130954876355828,0.74514411443394,1.0812029681173556,0.51,1.0,1.0,1.0,0.9808591458979914,0.9808591458979914,49904.64124379033,253.14999999999998,0.6866232042090663,31.151568882549583,0.031791971385622314,6.1000000000000005,8.21332578688971
33400.0,18340.0,-19.900000000000002,20.0,39.800000000000004,271.0,54.900000000000006,3187.0,59.5,13.55,66.10000000000001,1128.0,73.10000000000001,71.4,6122.5693120794,32.43726203264912,18.33728041430799,10.1288604771952,0.744990068815648,1.0812029681173556,0.61,1.0,1.0,1.0,0.9808591458979914,0.9808591458979914,49894.32432499956,253.14999999999998,0.6864812297616816,31.151568882549583,0.03179159231844854,5.9,8.210487898884718
33450.0,18330.0,-20.3,19.5,39.6,270.0,55.300000000000004,3195.0,60.2,13.75,65.60000000000001,1123.0,73.3,70.2,6120.4535008866615,32.43055592769671,18.330943495742048,10.126766428648809,0.7448360489854615,1.0812029681173556,0.52,1.0,1.0,1.0,0.9808591458979914,0.9808591458979914,49884.00913331919,253.14999999999998,0.6863392790816202,31.151568882549583,0.031791212746378646,6.300000000000001,8.20765055375903
33500.0,18350.0,-20.0,19.5,40.0,271.0,55.0,3185.0,59.6,13.55,66.10000000000001,1128.0,72.60000000000001,70.10000000000001,6118.338094439716,32.42385094542825,18.32460778940201,10.124672730671744,0.7446820549400777,1.0812029681173556,0.56,1.0,1.0,1.0,0.9808591458979914,0.9808591458979914,49873.69566852801,253.14999999999998,0.6861973521658379,31.151568882549583,0.031790832669791866,5.9,8.204813751405549
33550.0,18360.0,-20.200000000000003,19.5,40.1,272.0,55.1,3189.0,60.1,13.450000000000001,65.2,1121.0,73.5,71.9,6116.223092658752,32.417147085699945,18.318273295048833,10.122579383219104,0.7445280866761936,1.0812029681173556,0.56,1.0,1.0,1.0,0.9808591458979914,0.9808591458979914,49863.38393040485,253.14999999999998,0.6860554490112912,31.151568882549583,0.03179045208906689,6.2,8.201977491717239
33600.0,18340.0,-20.1,21.0,40.1,270.0,54.6,3194.0,60.0,13.450000000000001,65.3,1124.0,72.9,71.3,6114.108495464024,32.41044434836803,18.311940012443678,10.120486386245995,0.7443741441905075,1.0812029681173556,0.53,1.0,1.0,1.0,0.9808591458979914,0.9808591458979914,49853.07391872854,253.14999999999998,0.6859135696149365,31.151568882549583,0.031790071004582005,6.300000000000001,8.199141774587165
33650.0,18370.0,-19.700000000000003,20.0,41.2,270.0,54.800000000000004,3184.0,59.900000000000006,13.5,66.0,1122.0,73.0,70.5,6111.994302775807,32.40374273328872,18.305607941347773,10.118393739707525,0.7442202274797174,1.0812029681173558,0.53,1.0,1.0,0.9999999999999996,0.9808591458979913,0.9808591458979913,49842.76563327795,253.14999999999998,0.6857717139737308,31.151568882549583,0.031789689416714915,6.300000000000001,8.196306599908414
33700.0,18400.0,-20.3,20.0,39.7,269.0,54.900000000000006,3192.0,59.900000000000006,13.75,66.10000000000001,1124.0,72.8,70.8,6109.880514514444,32.39704224031828,18.299277081522533,10.116301443558797,0.7440663365405212,1.0812029681173556,0.5700000000000001,1.0,1.0,1.0,0.9808591458979914,0.9808591458979914,49832.459073831946,253.14999999999998,0.6856298820846309,31.151568882549583,0.031789307325842925,5.7,8.19347196757416
33750.0,18360.0,-20.200000000000003,20.5,40.5,271.0,55.1,3188.0,60.2,13.5,64.7,1128.0,72.60000000000001,71.10000000000001,6107.767130600311,32.39034286931293,18.292947432729488,10.114209497754931,0.7439124713696178,1.0812029681173556,0.55,1.0,1.0,1.0,0.9808591458979914,0.9808591458979914,49822.154240169424,253.14999999999998,0.6854880739445942,31.151568882549583,0.031788924732342766,6.2,8.190637877477629
33800.0,18390.0,-19.700000000000003,20.0,39.800000000000004,270.0,54.900000000000006,3188.0,60.800000000000004,13.600000000000001,66.10000000000001,1125.0,73.3,71.5,6105.654150953847,32.383644620128976,18.286618994730347,10.112117902251047,0.7437586319637062,1.0812029681173556,0.5700000000000001,1.0,1.0,1.0,0.9808591458979914,0.9808591458979914,49811.851132069314,253.14999999999998,0.6853462895505785,31.151568882549583,0.031788541636590784,6.2,8.18780432951213
33850.0,18400.0,-19.6,20.0,40.0,271.0,54.800000000000004,3186.0,60.0,13.450000000000001,66.3,1125.0,72.8,71.10000000000001,6103.541575495523,32.376947492622676,18.28029176728692,10.110026657002265,0.7436048183194855,1.0812029681173556,0.54,1.0,1.0,1.0,0.9808591458979914,0.9808591458979914,49801.54974931054,253.14999999999998,0.6852045288995415,31.151568882549583,0.0317881580389627,6.0,8.184971323571007
33900.0,18390.0,-20.0,20.0,39.7,271.0,54.6,3188.0,59.900000000000006,13.65,64.9,1126.0,72.9,71.7,6101.429404145873,32.370251486650346,18.273965750161203,10.107935761963716,0.7434510304336555,1.0812029681173556,0.55,1.0,1.0,1.0,0.9808591458979914,0.9808591458979914,49791.250091672075,253.14999999999998,0.6850627919884414,31.151568882549583,0.03178777393983381,5.800000000000001,8.1821388595477
33950.0,18390.0,-19.700000000000003,19.5,40.0,270.0,54.900000000000006,3199.0,59.900000000000006,13.65,65.4,1128.0,73.2,70.9,6099.317636825468,32.363556602068286,18.267640943115303,10.105845217090527,0.7432972683029156,1.0812029681173556,0.54,1.0,1.0,1.0,0.9808591458979914,0.9808591458979914,49780.95215893287,253.14999999999998,0.6849210788142366,31.151568882549583,0.031787389339578975,5.9,8.17930693733569
34000.0,18390.0,-19.700000000000003,19.5,39.0,271.0,54.800000000000004,3187.0,60.5,13.600000000000001,65.7,1124.0,72.3,71.10000000000001,6097.20627345492,32.35686283873279,18.261317345911454,10.103755022337827,0.7431435319239659,1.0812029681173556,0.55,1.0,1.0,1.0,0.9808591458979914,0.9808591458979914,49770.655950871915,253.14999999999998,0.6847793893738853,31.151568882549583,0.031787004238572475,6.2,8.176475556828517
34050.0,18400.0,-20.0,19.0,40.2,270.0,55.400000000000006,3188.0,59.7,13.600000000000001,65.60000000000001,1128.0,72.9,70.5,6095.095313954918,32.35017019650024,18.254994958312118,10.101665177660767,0.7429898212935072,1.0812029681173556,0.49,1.0,1.0,1.0,0.9808591458979914,0.9808591458979914,49760.361467268274,253.14999999999998,0.6846377236643475,31.151568882549583,0.03178661863718812,6.2,8.173644717919826
34100.0,18430.0,-20.0,20.5,40.400000000000006,270.0,54.800000000000004,3189.0,60.400000000000006,13.65,66.3,1126.0,72.8,71.10000000000001,6092.984758246169,32.343478675226955,18.248673780079802,10.099575683014486,0.7428361364082402,1.0812029681173556,0.54,1.0,1.0,1.0,0.9808591458979914,0.9808591458979914,49750.068707900944,253.14999999999998,0.6844960816825817,31.151568882549583,0.031786232535799284,6.4,8.170814420503277
34150.0,18390.0,-20.0,20.0,39.5,271.0,54.900000000000006,3187.0,60.6,13.65,66.2,1128.0,72.9,72.2,6090.874606249437,32.3367882747693,18.2423538109772,10.097486538354126,0.7426824772648656,1.0812029681173556,0.5700000000000001,1.0,1.0,1.0,0.9808591458979914,0.9808591458979914,49739.777672549,253.14999999999998,0.6843544634255477,31.151568882549583,0.03178584593477882,5.9,8.167984664472622
34200.0,18400.0,-19.8,20.0,39.400000000000006,270.0,54.900000000000006,3191.0,60.1,13.55,66.2,1126.0,72.8,70.9,6088.764857885536,32.330098994983636,18.236035050767143,10.095397743634843,0.7425288438600848,1.0812029681173556,0.58,1.0,1.0,1.0,0.9808591458979914,0.9808591458979914,49729.4883609915,253.14999999999998,0.6842128688902052,31.151568882549583,0.0317854588344991,6.0,8.165155449721663
34250.0,18440.0,-19.5,19.5,38.800000000000004,271.0,54.900000000000006,3185.0,59.800000000000004,13.55,66.60000000000001,1127.0,73.4,71.4,6086.655513075325,32.32341083572638,18.229717499212605,10.09330929881179,0.7423752361905995,1.0812029681173556,0.53,1.0,1.0,1.0,0.9808591458979914,0.9808591458979914,49719.20077300754,253.14999999999998,0.6840712980735142,31.151568882549583,0.03178507123533198,6.0,8.162326776144273
34300.0,18440.0,-19.700000000000003,20.5,39.900000000000006,270.0,55.1,3187.0,59.7,13.55,65.7,1129.0,73.4,70.5,6084.546571739705,32.31672379685387,18.223401156076676,10.091221203840117,0.7422216542531109,1.0812029681173556,0.52,1.0,1.0,1.0,0.9808591458979914,0.9808591458979914,49708.91490837623,253.14999999999998,0.6839297509724348,31.151568882549583,0.03178468313764894,6.0,8.159498643634379
34350.0,18440.0,-20.1,20.0,39.400000000000006,270.0,55.0,3186.0,59.900000000000006,13.65,65.2,1125.0,73.4,71.2,6082.438033799632,32.31003787822258,18.217086021122622,10.089133458675002,0.7420680980443222,1.0812029681173556,0.56,1.0,1.0,1.0,0.9808591458979914,0.9808591458979914,49698.63076687672,253.14999999999998,0.6837882275839279,31.151568882549583,0.03178429454182081,6.2,8.156671052085983
34400.0,18440.0,-20.1,20.5,40.5,271.0,54.800000000000004,3194.0,59.900000000000006,13.55,65.7,1129.0,73.10000000000001,71.0,6080.329899176108,32.30335307968889,18.210772094113842,10.0870460632716,0.7419145675609349,1.0812029681173556,0.5700000000000001,1.0,1.0,1.0,0.9808591458979914,0.9808591458979914,49688.34834828815,253.14999999999998,0.6836467279049543,31.151568882549583,0.03178390544821805,6.1000000000000005,8.153844001393145
34450.0,18440.0,-20.200000000000003,20.0,40.0,269.0,55.2,3186.0,60.5,13.5,65.7,1125.0,72.60000000000001,70.9,6078.222167790182,32.296669401109256,18.204459374813872,10.084959017585087,0.7417610627996523,1.0812029681173558,0.6,1.0,1.0,0.9999999999999996,0.9808591458979913,0.9808591458979913,49678.06765238969,253.14999999999998,0.6835052519324749,31.151568882549583,0.03178351585721063,6.1000000000000005,8.151017491449991
34500.0,18440.0,-20.5,19.0,39.800000000000004,269.0,55.0,3179.0,60.0,13.65,66.8,1122.0,72.60000000000001,70.7,6076.114839562946,32.28998684234013,18.198147862986385,10.082872321570639,0.7416075837571773,1.0812029681173556,0.55,1.0,1.0,1.0,0.9808591458979914,0.9808591458979914,49667.78867896054,253.14999999999998,0.6833637996634513,31.151568882549583,0.03178312576916798,5.800000000000001,8.148191522150702
34550.0,18480.0,-20.0,20.0,40.6,270.0,55.1,3185.0,59.6,13.55,67.10000000000001,1129.0,73.0,70.7,6074.007914415544,32.28330540323795,18.1918375583952,10.080785975183428,0.7414541304302131,1.0812029681173556,0.5700000000000001,1.0,1.0,1.0,0.9808591458979914,0.9808591458979914,49657.5114277799,253.14999999999998,0.6832223710948451,31.151568882549583,0.03178273518445916,5.7,8.145366093389534
34600.0,18440.0,-20.200000000000003,21.0,40.800000000000004,270.0,54.900000000000006,3182.0,60.0,13.600000000000001,66.3,1129.0,72.8,71.4,6071.90139226916,32.27662508365921,18.18552846080426,10.078699978378642,0.7413007028154637,1.0812029681173556,0.52,1.0,1.0,1.0,0.9808591458979914,0.9808591458979914,49647.23589862701,253.14999999999998,0.6830809662236181,31.151568882549583,0.03178234410345263,6.2,8.14254120506079
34650.0,18460.0,-19.900000000000002,20.0,40.0,271.0,54.7,3184.0,59.900000000000006,13.5,65.5,1126.0,73.4,71.2,6069.795273045028,32.26994588346038,18.179220569977662,10.076614331111463,0.7411473009096323,1.0812029681173556,0.5700000000000001,1.0,1.0,1.0,0.9808591458979914,0.9808591458979914,49636.96209128112,253.14999999999998,0.6829395850467327,31.151568882549583,0.031781952526516395,6.1000000000000005,8.139716857058843
34700.0,18460.0,-19.900000000000002,20.5,40.5,270.0,54.7,3182.0,59.900000000000006,13.450000000000001,66.9,1128.0,72.7,70.60000000000001,6067.689556664438,32.263267802497985,18.172913885679666,10.074529033337086,0.7409939247094238,1.0812029681173556,0.5700000000000001,1.0,1.0,1.0,0.9808591458979914,0.9808591458979914,49626.6900055215,253.14999999999998,0.6827982275611512,31.151568882549583,0.03178156045401809,5.800000000000001,8.136893049278145
34750.0,18460.0,-20.200000000000003,20.0,40.2,271.0,55.2,3188.0,60.300000000000004,13.55,64.7,1125.0,72.60000000000001,70.9,6065.584243048703,32.25659084062849,18.1666084076746,10.072444085010696,0.740840574211542,1.0812029681173556,0.51,1.0,1.0,1.0,0.9808591458979914,0.9808591458979914,49616.41964112741,253.14999999999998,0.6826568937638361,31.151568882549583,0.031781167886324735,6.0,8.13406978161317
34800.0,18490.0,-19.5,19.0,39.5,269.0,55.2,3188.0,59.800000000000004,13.65,66.4,1127.0,72.60000000000001,71.3,6063.479332119211,32.24991499770847,18.160304135727028,10.070359486087504,0.7406872494126924,1.0812029681173556,0.53,1.0,1.0,1.0,0.9808591458979914,0.9808591458979914,49606.15099787821,253.14999999999998,0.682515583651751,31.151568882549583,0.031780774823802975,6.0,8.131247053958505
34850.0,18480.0,-19.700000000000003,20.0,40.400000000000006,271.0,55.1,3186.0,60.300000000000004,13.65,67.3,1128.0,73.2,71.3,6061.374823797388,32.24324027359448,18.154001069601605,10.068275236522718,0.7405339503095805,1.0812029681173556,0.54,1.0,1.0,1.0,0.9808591458979914,0.9808591458979914,49595.884075553244,253.14999999999998,0.6823742972218594,31.151568882549583,0.03178038126681881,6.0,8.128424866208773
34900.0,18490.0,-19.8,20.5,40.1,270.0,54.900000000000006,3183.0,60.5,13.55,66.4,1128.0,73.0,71.10000000000001,6059.2707180046855,32.236566668142984,18.147699209063084,10.066191336271517,0.74038067689891,1.0812029681173558,0.52,1.0,1.0,0.9999999999999996,0.9808591458979913,0.9808591458979913,49585.61887393176,253.14999999999998,0.6822330344711234,31.151568882549583,0.03177998721573795,5.800000000000001,8.125603218258645
34950.0,18520.0,-20.0,20.5,40.6,270.0,55.1,3189.0,59.7,13.600000000000001,66.10000000000001,1126.0,72.8,71.10000000000001,6057.167014662633,32.22989418121062,18.14139855387644,10.06410778528914,0.7402274291773882,1.0812029681173558,0.6,1.0,1.0,0.9999999999999996,0.9808591458979913,0.9808591458979913,49575.35539279323,253.14999999999998,0.6820917953965083,31.151568882549583,0.03177959267092562,5.6000000000000005,8.122782110002884
35000.0,18510.0,-20.1,19.5,39.900000000000006,271.0,55.1,3189.0,60.300000000000004,13.700000000000001,66.3,1126.0,73.10000000000001,71.4,6055.063713692781,32.22322281265393,18.135099103806716,10.062024583530784,0.74007420714172,1.0812029681173556,0.52,1.0,1.0,1.0,0.9808591458979914,0.9808591458979914,49565.093631916985,253.14999999999998,0.6819505799949775,31.151568882549583,0.031779197632746434,5.7,8.119961541336293
35050.0,18480.0,-20.0,20.0,39.5,271.0,55.0,3194.0,60.1,13.5,66.0,1129.0,72.7,70.4,6057.518643548022,32.23077218150923,18.142451693031667,10.064381949690395,0.7402475943042173,1.0812029681173556,0.54,1.0,1.0,1.0,0.9808591458979914,0.9808591458979914,49565.093631916985,253.10999999999999,0.6820588010781367,31.151568882549583,0.03177882122599737,5.800000000000001,8.123253651370769
35100.0,18510.0,-20.200000000000003,21.0,39.2,270.0,55.300000000000004,3185.0,60.0,13.55,65.4,1128.0,72.5,71.10000000000001,6059.972861880316,32.238324498645746,18.149802151223856,10.066740236480394,0.7404210491802049,1.0812029681173556,0.56,1.0,1.0,1.0,0.9808591458979914,0.9808591458979914,49565.093631916985,253.07,0.6821670549828858,31.151568882549583,0.0317784634314322,6.0,8.12654480723874
35150.0,18490.0,-19.8,20.5,39.6,269.0,54.800000000000004,3191.0,60.1,13.65,65.60000000000001,1125.0,73.2,70.9,6062.4263709176275,32.24587976567569,18.1571504850561,10.069099444404205,0.7405945718067105,1.0812029681173556,0.55,1.0,1.0,1.0,0.9808591458979914,0.9808591458979914,49565.093631916985,253.02999999999997,0.6822753417285597,31.151568882549583,0.031778124229873264,5.7,8.129835011927957
35200.0,18490.0,-19.8,19.5,40.300000000000004,268.0,54.900000000000006,3188.0,60.5,13.5,66.2,1130.0,72.7,71.0,6064.879172882175,32.25343798421236,18.164496701184017,10.071459573965605,0.7407681622207872,1.0812029681173556,0.55,1.0,1.0,1.0,0.9808591458979914,0.9808591458979914,49565.093631916985,252.98999999999998,0.6823836613344967,31.151568882549583,0.03177780360221119,5.7,8.133124268418456
35250.0,18490.0,-19.8,20.5,39.900000000000006,270.0,55.1,3191.0,59.800000000000004,13.700000000000001,66.60000000000001,1129.0,72.60000000000001,70.7,6067.331269990499,32.260999155870294,18.171840806246205,10.073820625668743,0.7409418204595158,1.0812029681173556,0.53,1.0,1.0,1.0,0.9808591458979914,0.9808591458979914,49565.093631916985,252.95,0.6824920138200388,31.151568882549583,0.03177750152940476,6.1000000000000005,8.13641257968266
35300.0,18480.0,-20.1,20.5,40.2,269.0,54.800000000000004,3190.0,60.0,13.65,66.10000000000001,1130.0,72.5,71.3,6069.782664453416,32.26856328226507,18.179182806864134,10.076182600018102,0.7411155465600018,1.0812029681173556,0.53,1.0,1.0,1.0,0.9808591458979914,0.9808591458979914,49565.093631916985,252.90999999999997,0.6826003992045313,31.151568882549583,0.031777217992480566,6.0,8.13969994868532
35350.0,18510.0,-20.0,20.5,40.2,270.0,54.900000000000006,3181.0,60.400000000000006,13.55,66.10000000000001,1129.0,72.5,70.7,6072.2333584761,32.27613036501348,18.18652270964236,10.078545497518544,0.7412893405593782,1.0812029681173556,0.59,1.0,1.0,1.0,0.9808591458979914,0.9808591458979914,49565.093631916985,252.86999999999998,0.6827088175073232,31.151568882549583,0.03177695297253297,6.1000000000000005,8.14298637838362
35400.0,18490.0,-20.3,20.5,40.400000000000006,269.0,55.300000000000004,3192.0,60.0,13.5,66.4,1128.0,72.4,71.10000000000001,6074.683354258051,32.28370040573339,18.193860521168457,10.080909318675257,0.7414632024948026,1.0812029681173556,0.64,1.0,1.0,1.0,0.9808591458979914,0.9808591458979914,49565.093631916985,252.82999999999998,0.6828172687477674,31.151568882549583,0.03177670645072372,6.1000000000000005,8.146271871727132
35450.0,18490.0,-20.700000000000003,21.0,40.300000000000004,271.0,55.0,3193.0,59.7,13.600000000000001,65.9,1130.0,73.0,70.9,6077.132653993148,32.291273406043864,18.201196248013158,10.083274063993814,0.74163713240346,1.0812029681173556,0.54,1.0,1.0,1.0,0.9808591458979914,0.9808591458979914,49565.093631916985,252.78999999999996,0.6829257529452202,31.151568882549583,0.03177647840828206,5.7,8.149556431657892
35500.0,18470.0,-20.1,20.0,39.900000000000006,271.0,55.300000000000004,3191.0,60.6,13.65,65.9,1128.0,72.5,71.60000000000001,6079.5812598696275,32.29884936756504,18.208529896730298,10.08563973398012,0.7418111303225607,1.0812029681173556,0.47000000000000003,1.0,1.0,1.0,0.9808591458979914,0.9808591458979914,49565.093631916985,252.74999999999997,0.6830342701190415,31.151568882549583,0.03177626882650413,5.9,8.152840061110368
35550.0,18500.0,-20.700000000000003,20.0,40.7,271.0,54.900000000000006,3187.0,59.6,13.65,65.60000000000001,1122.0,73.0,71.4,6082.02917407015,32.306428291918245,18.21586147385701,10.08800632914045,0.7419851962893418,1.0812029681173558,0.5700000000000001,1.0,1.0,0.9999999999999996,0.9808591458979913,0.9808591458979913,49565.093631916985,252.70999999999998,0.683142820288595,31.151568882549583,0.03177607768675307,6.1000000000000005,8.156122763011552
35600.0,18500.0,-19.900000000000002,20.0,40.300000000000004,270.0,55.1,3183.0,59.900000000000006,13.5,65.4,1130.0,72.7,71.5,6084.47639877179,32.31401018072594,18.223190985913696,10.090373849981432,0.7421593303410663,1.0812029681173556,0.59,1.0,1.0,1.0,0.9808591458979914,0.9808591458979914,49565.093631916985,252.67,0.6832514034732478,31.151568882549583,0.031775904970458686,6.1000000000000005,8.159404540280946
35650.0,18510.0,-20.3,20.0,40.300000000000004,271.0,54.900000000000006,3185.0,59.7,13.65,66.4,1126.0,72.2,70.8,6086.92293614604,32.321595035611686,18.23051843940405,10.092742297010044,0.742333532515023,1.0812029681173556,0.56,1.0,1.0,1.0,0.9808591458979914,0.9808591458979914,49565.093631916985,252.62999999999997,0.6833600196923716,31.151568882549583,0.03177575065911723,6.1000000000000005,8.162685395830563
35700.0,18500.0,-20.700000000000003,20.5,40.1,270.0,55.0,3190.0,60.1,13.55,66.0,1129.0,73.3,71.4,6089.368788358883,32.32918285820028,18.237843840815245,10.095111670733639,0.7425078028485285,1.0812029681173556,0.51,1.0,1.0,1.0,0.9808591458979914,0.9808591458979914,49565.093631916985,252.58999999999997,0.6834686689653403,31.151568882549583,0.03177561473429136,5.9,8.16596533256503
35750.0,18490.0,-20.5,20.0,39.6,269.0,54.6,3176.0,60.0,13.75,66.8,1124.0,73.0,70.4,6091.813957570734,32.33677365011755,18.245167196617796,10.097481971659906,0.7426821413789239,1.0812029681173556,0.5,1.0,1.0,1.0,0.9808591458979914,0.9808591458979914,49565.093631916985,252.54999999999998,0.6835773513115332,31.151568882549583,0.03177549717760974,5.800000000000001,8.169244353381506
35800.0,18500.0,-20.700000000000003,20.0,40.300000000000004,270.0,55.0,3184.0,59.6,13.5,66.10000000000001,1126.0,72.3,71.10000000000001,6094.258445936524,32.344367412990565,18.25248851326579,10.099853200296902,0.7428565481435773,1.0812029681173556,0.51,1.0,1.0,1.0,0.9808591458979914,0.9808591458979914,49565.093631916985,252.51,0.6836860667503323,31.151568882549583,0.031775397970767005,6.5,8.172522461169798
35850.0,18490.0,-20.5,20.5,39.6,270.0,55.1,3189.0,60.1,13.5,66.10000000000001,1126.0,73.0,71.60000000000001,6096.7022556056845,32.351964148447486,18.25980779719683,10.10222535715305,0.7430310231798837,1.0812029681173556,0.56,1.0,1.0,1.0,0.9808591458979914,0.9808591458979914,49565.093631916985,252.46999999999997,0.6837948153011236,31.151568882549583,0.03177531709552351,6.2,8.175799658812336
35900.0,18510.0,-20.5,20.5,40.0,270.0,55.2,3186.0,59.6,13.65,65.60000000000001,1124.0,73.10000000000001,71.9,6099.14538872216,32.359563858117625,18.2671250548321,10.104598442737108,0.7432055665252634,1.0812029681173556,0.49,1.0,1.0,1.0,0.9808591458979914,0.9808591458979914,49565.093631916985,252.42999999999998,0.6839035969832972,31.151568882549583,0.03177525453370501,6.4,8.17907594918419
35950.0,18470.0,-20.900000000000002,21.0,39.900000000000006,270.0,55.2,3182.0,60.0,13.600000000000001,66.9,1124.0,72.8,70.7,6101.587847424464,32.36716654363146,18.274440292576514,10.106972457558218,0.7433801782171638,1.0812029681173556,0.51,1.0,1.0,1.0,0.9808591458979914,0.9808591458979914,49565.093631916985,252.39,0.6840124118162467,31.151568882549583,0.03177521026720268,6.4,8.182351335153154
36000.0,18500.0,-21.0,19.5,39.800000000000004,270.0,54.7,3187.0,59.900000000000006,13.55,65.8,1128.0,72.7,71.10000000000001,6104.029633845655,32.374772206620634,18.281753516818647,10.109347402125868,0.743554858293059,1.0812029681173556,0.61,1.0,1.0,1.0,0.9808591458979914,0.9808591458979914,49565.093631916985,252.34999999999997,0.6841212598193699,31.151568882549583,0.03177518427797278,6.6000000000000005,8.1856258195797
36050.0,18490.0,-21.1,19.5,40.400000000000006,270.0,55.0,3196.0,60.0,13.65,66.0,1125.0,73.3,70.7,6106.47075011337,32.3823808487179,18.289064733930832,10.111723276949906,0.7437296067904484,1.0812029681173556,0.58,1.0,1.0,1.0,0.9808591458979914,0.9808591458979914,49565.093631916985,252.30999999999997,0.684230141012068,31.151568882549583,0.031775176548036535,6.0,8.18889940531703
36100.0,18490.0,-21.200000000000003,19.5,39.800000000000004,268.0,55.0,3186.0,60.2,13.65,65.3,1126.0,72.8,71.9,6108.911198349842,32.38999247155717,18.296373950269228,10.11410008254054,0.7439044237468587,1.0812029681173556,0.52,1.0,1.0,1.0,0.9808591458979914,0.9808591458979914,49565.093631916985,252.26999999999998,0.6843390554137462,31.151568882549583,0.031775187059479945,5.9,8.192172095211106
36150.0,18490.0,-21.400000000000002,20.0,40.1,271.0,55.2,3198.0,60.0,13.600000000000001,64.9,1129.0,73.0,71.5,6111.350980671916,32.39760707677354,18.30368117217384,10.116477819408338,0.7440793091998429,1.0812029681173556,0.51,1.0,1.0,1.0,0.9808591458979914,0.9808591458979914,49565.093631916985,252.22999999999996,0.6844480030438141,31.151568882549583,0.03177521579445347,6.2,8.195443892100654
36200.0,18500.0,-20.900000000000002,19.5,40.5,272.0,54.800000000000004,3191.0,59.1,13.65,64.60000000000001,1126.0,72.5,71.10000000000001,6113.790099191075,32.40522466600323,18.31098640596863,10.118856488064234,0.7442542631869804,1.0812029681173558,0.5700000000000001,1.0,1.0,0.9999999999999996,0.9808591458979913,0.9808591458979913,49565.093631916985,252.18999999999997,0.6845569839216847,31.151568882549583,0.031775262735172026,5.6000000000000005,8.198714798817216
36250.0,18500.0,-21.1,21.0,40.2,269.0,54.900000000000006,3195.0,60.2,13.55,65.60000000000001,1126.0,72.7,70.3,6116.228556013431,32.412845240883605,18.31828965796147,10.121236089019508,0.7444292857458767,1.0812029681173556,0.52,1.0,1.0,1.0,0.9808591458979914,0.9808591458979914,49565.093631916985,252.14999999999998,0.684665998066775,31.151568882549583,0.03177532786391469,6.5,8.201984818185132
36300.0,18500.0,-21.1,20.0,40.900000000000006,270.0,55.2,3186.0,59.900000000000006,13.600000000000001,65.3,1126.0,73.2,70.8,6118.666353239788,32.42046880305325,18.32559093444432,10.123616622785821,0.7446043769141653,1.0812029681173556,0.54,1.0,1.0,1.0,0.9808591458979914,0.9808591458979914,49565.093631916985,252.10999999999999,0.6847750454985058,31.151568882549583,0.03177541116302448,6.300000000000001,8.205253953021622
36350.0,18490.0,-20.700000000000003,20.0,39.900000000000006,268.0,54.900000000000006,3190.0,60.5,13.65,66.4,1124.0,72.9,71.8,6121.1034929656,32.42809535415181,18.332890241693143,10.125998089875175,0.7447795367295044,1.0812029681173556,0.52,1.0,1.0,1.0,0.9808591458979914,0.9808591458979914,49565.093631916985,252.07,0.6848841262363026,31.151568882549583,0.031775512614908186,6.4,8.20852220613673
36400.0,18510.0,-21.0,20.0,39.6,271.0,55.1,3190.0,59.900000000000006,13.600000000000001,65.8,1128.0,73.2,70.8,6123.539977281055,32.43572489582017,18.340187585968103,10.128380490799954,0.7449547652295803,1.0812029681173556,0.5,1.0,1.0,1.0,0.9808591458979914,0.9808591458979914,49565.093631916985,252.02999999999997,0.6849932402995942,31.151568882549583,0.031775632202036316,6.1000000000000005,8.211789580333441
36450.0,18480.0,-21.200000000000003,19.5,40.2,272.0,54.6,3197.0,59.900000000000006,13.600000000000001,64.9,1129.0,72.9,71.10000000000001,6125.97580827102,32.44335742970032,18.347482973513447,10.130763826072876,0.7451300624521042,1.0812029681173556,0.49,1.0,1.0,1.0,0.9808591458979914,0.9808591458979914,49565.093631916985,251.98999999999998,0.6851023877078134,31.151568882549583,0.03177576990694274,6.1000000000000005,8.215056078407603
36500.0,18510.0,-21.3,20.5,40.5,269.0,55.300000000000004,3189.0,60.0,13.600000000000001,65.8,1120.0,72.9,70.5,6128.410988015116,32.45099295743543,18.3547764105577,10.133148096207048,0.7453054284348157,1.0812029681173556,0.59,1.0,1.0,1.0,0.9808591458979914,0.9808591458979914,49565.093631916985,251.95,0.6852115684803974,31.151568882549583,0.031775925712224505,6.5,8.218321703148032
36550.0,18510.0,-21.3,19.5,39.7,272.0,54.900000000000006,3179.0,60.300000000000004,13.700000000000001,66.7,1130.0,73.3,71.2,6130.845518587722,32.45863148066985,18.362067903313694,10.135533301715926,0.7454808632154803,1.0812029681173556,0.48,1.0,1.0,1.0,0.9808591458979914,0.9808591458979914,49565.093631916985,251.90999999999997,0.6853207826367875,31.151568882549583,0.0317760996005418,6.1000000000000005,8.221586457336507
36600.0,18510.0,-21.3,20.0,39.6,269.0,55.400000000000006,3196.0,60.0,13.600000000000001,65.10000000000001,1129.0,73.5,70.4,6133.279402057959,32.466273001049046,18.369357457978502,10.137919443113331,0.74565636683189,1.0812029681173556,0.56,1.0,1.0,1.0,0.9808591458979914,0.9808591458979914,49565.093631916985,251.86999999999998,0.6854300301964286,31.151568882549583,0.03177629155461765,6.300000000000001,8.224850343747764
36650.0,18510.0,-20.8,21.0,39.900000000000006,271.0,55.0,3186.0,60.1,13.65,65.8,1125.0,72.8,70.9,6135.71264048975,32.47391752021969,18.376645080733642,10.140306520913448,0.7458319393218638,1.0812029681173558,0.52,1.0,1.0,0.9999999999999996,0.9808591458979913,0.9808591458979913,49565.093631916985,251.82999999999998,0.6855393111787701,31.151568882549583,0.03177650155723783,6.2,8.228113365149564
36700.0,18510.0,-21.1,19.5,39.800000000000004,271.0,55.0,3189.0,59.900000000000006,13.700000000000001,66.4,1130.0,72.9,70.7,6138.145235941798,32.4815650398296,18.383930777744986,10.142694535630824,0.746007580723247,1.0812029681173556,0.6,1.0,1.0,1.0,0.9808591458979914,0.9808591458979914,49565.093631916985,251.78999999999996,0.6856486256032652,31.151568882549583,0.03177672959125049,6.4,8.23137552430267
36750.0,18490.0,-21.0,19.5,40.6,271.0,54.800000000000004,3191.0,60.2,13.8,65.3,1131.0,72.9,70.60000000000001,6140.577190467645,32.48921556152774,18.39121455516296,10.145083487780369,0.7461832910739122,1.0812029681173556,0.54,1.0,1.0,1.0,0.9808591458979914,0.9808591458979914,49565.093631916985,251.74999999999997,0.6857579734893714,31.151568882549583,0.03177697563956621,6.1000000000000005,8.234636823960921
36800.0,18490.0,-21.3,20.5,40.1,270.0,55.0,3188.0,60.1,13.65,65.9,1123.0,72.7,71.3,6143.00850611565,32.496869086964274,18.39849641912246,10.147473377877358,0.7463590704117585,1.0812029681173558,0.58,1.0,1.0,0.9999999999999996,0.9808591458979913,0.9808591458979913,49565.093631916985,251.70999999999998,0.6858673548565505,31.151568882549583,0.03177723968515767,6.5,8.23789726687121
36850.0,18520.0,-21.400000000000002,20.5,39.400000000000006,270.0,54.800000000000004,3188.0,60.900000000000006,13.600000000000001,65.2,1128.0,72.7,70.7,6145.439184929028,32.50452561779051,18.40577637574297,10.149864206437432,0.7465349187747116,1.0812029681173556,0.61,1.0,1.0,1.0,0.9808591458979914,0.9808591458979914,49565.093631916985,251.67,0.6859767697242681,31.151568882549583,0.0317775217110595,6.4,8.241156855773527
36900.0,18500.0,-21.6,20.0,40.6,270.0,54.400000000000006,3198.0,60.1,13.600000000000001,66.3,1128.0,73.2,71.0,6147.8692289458495,32.51218515565891,18.413054431128586,10.15225597397659,0.7467108362007242,1.0812029681173554,0.51,1.0,1.0,0.9999999999999996,0.9808591458979914,0.9808591458979914,49565.093631916985,251.62999999999997,0.6860862181119944,31.151568882549583,0.031777821700368095,6.2,8.244415593400964
36950.0,18520.0,-21.700000000000003,19.5,40.5,270.0,54.900000000000006,3187.0,60.0,13.5,65.4,1127.0,73.0,71.8,6150.298640199083,32.51984770222315,18.4203305913681,10.154648681011206,0.746886822727776,1.0812029681173556,0.6,1.0,1.0,1.0,0.9808591458979914,0.9808591458979914,49565.093631916985,251.58999999999997,0.6861957000392033,31.151568882549583,0.03177813963624144,6.5,8.247673482479776
37000.0,18510.0,-21.6,19.5,40.0,270.0,55.2,3191.0,60.0,13.65,66.4,1129.0,72.9,70.8,6152.727420716586,32.52751325913803,18.427604862535006,10.15704232805801,0.7470628783938732,1.0812029681173556,0.52,1.0,1.0,1.0,0.9808591458979914,0.9808591458979914,49565.093631916985,251.54999999999998,0.6863052155253735,31.151568882549583,0.03177847550189899,6.0,8.250930525729355
37050.0,18500.0,-21.5,19.5,39.800000000000004,270.0,54.800000000000004,3190.0,59.900000000000006,13.55,65.7,1128.0,72.60000000000001,71.0,6155.155572521132,32.535181828059564,18.43487725068758,10.159436915634103,0.7472390032370493,1.0812029681173556,0.56,1.0,1.0,1.0,0.9808591458979914,0.9808591458979914,49565.093631916985,251.51,0.6864147645899872,31.151568882549583,0.031778829280621465,6.0,8.254186725862288
37100.0,18480.0,-22.1,20.0,39.5,270.0,55.300000000000004,3183.0,59.900000000000006,13.75,65.9,1126.0,72.9,71.4,6157.583097630412,32.54285341064487,18.442147761868863,10.161832444256946,0.7474151972953642,1.0812029681173556,0.6,1.0,1.0,1.0,0.9808591458979914,0.9808591458979914,49565.093631916985,251.46999999999997,0.6865243472525316,31.151568882549583,0.03177920095575052,6.0,8.257442085584335
37150.0,18490.0,-22.1,20.0,39.400000000000006,270.0,54.800000000000004,3193.0,59.800000000000004,13.600000000000001,64.7,1127.0,72.5,71.0,6160.00999805709,32.55052800855231,18.44941640210684,10.164228914444376,0.7475914606069052,1.0812029681173556,0.61,1.0,1.0,1.0,0.9808591458979914,0.9808591458979914,49565.093631916985,251.42999999999998,0.6866339635324978,31.151568882549583,0.0317795905106889,6.4,8.26069660759452
37200.0,18500.0,-20.8,19.5,40.5,269.0,55.0,3183.0,60.1,13.600000000000001,65.5,1130.0,72.7,71.3,6162.436275808767,32.558205623441395,18.456683177414344,10.166626326714585,0.7477677932097864,1.0812029681173556,0.5700000000000001,1.0,1.0,1.0,0.9808591458979914,0.9808591458979914,49565.093631916985,251.39,0.6867436134493813,31.151568882549583,0.03177999792889983,5.800000000000001,8.263950294585074
37250.0,18490.0,-21.8,20.5,40.6,270.0,54.900000000000006,3185.0,60.1,13.600000000000001,65.5,1127.0,73.10000000000001,70.9,6164.861932888039,32.56588625697279,18.463948093789206,10.169024681586142,0.7479441951421486,1.0812029681173556,0.52,1.0,1.0,1.0,0.9808591458979914,0.9808591458979914,49565.093631916985,251.34999999999997,0.6868532970226817,31.151568882549583,0.031780423193907274,6.300000000000001,8.267203149241519
37300.0,18460.0,-22.0,19.5,40.5,270.0,54.900000000000006,3188.0,59.800000000000004,13.55,65.7,1126.0,72.8,70.7,6167.286971292481,32.573569910808345,18.471211157214228,10.171423979577973,0.7481206664421599,1.0812029681173558,0.51,1.0,1.0,0.9999999999999996,0.9808591458979913,0.9808591458979913,49565.093631916985,251.30999999999997,0.6869630142719032,31.151568882549583,0.03178086628929539,6.2,8.270455174242644
37350.0,18500.0,-22.3,20.5,40.300000000000004,271.0,55.1,3191.0,60.7,13.55,65.0,1123.0,73.5,72.10000000000001,6169.7113930147,32.581256586611104,18.478472373657326,10.173824221209381,0.7482972071480154,1.0812029681173556,0.52,1.0,1.0,1.0,0.9808591458979914,0.9808591458979914,49565.093631916985,251.26999999999998,0.6870727652165541,31.151568882549583,0.031781327198708666,6.0,8.273706372260573
37400.0,18500.0,-21.5,19.5,39.2,272.0,55.1,3190.0,59.900000000000006,13.65,64.8,1125.0,73.0,70.0,6172.1352000423085,32.58894628604528,18.48573174907146,10.176225407000029,0.7484738172979372,1.0812029681173556,0.54,1.0,1.0,1.0,0.9808591458979914,0.9808591458979914,49565.093631916985,251.22999999999996,0.6871825498761477,31.151568882549583,0.031781805905851494,6.1000000000000005,8.276956745960737
37450.0,18500.0,-22.1,19.5,39.300000000000004,270.0,54.900000000000006,3183.0,60.0,13.600000000000001,65.4,1122.0,73.2,70.60000000000001,6174.558394357976,32.596639010776265,18.492989289394778,10.178627537469954,0.7486504969301744,1.0812029681173556,0.55,1.0,1.0,1.0,0.9808591458979914,0.9808591458979914,49565.093631916985,251.18999999999997,0.6872923682702005,31.151568882549583,0.03178230239448815,6.0,8.280206298001934
37500.0,18500.0,-21.6,20.5,40.5,270.0,55.1,3181.0,59.900000000000006,13.600000000000001,66.4,1126.0,73.0,71.3,6176.980977939413,32.604334762470586,18.500245000550592,10.18103061313955,0.7488272460830029,1.0812029681173556,0.58,1.0,1.0,1.0,0.9808591458979914,0.9808591458979914,49565.093631916985,251.14999999999998,0.6874022204182344,31.151568882549583,0.031782816648442576,6.1000000000000005,8.283455031036311
37550.0,18510.0,-22.5,19.0,39.1,271.0,55.1,3192.0,59.800000000000004,13.55,65.60000000000001,1131.0,73.5,71.60000000000001,6179.402952759428,32.612033542796055,18.507498888447525,10.183434634529602,0.7490040647947269,1.0812029681173556,0.56,1.0,1.0,1.0,0.9808591458979914,0.9808591458979914,49565.093631916985,251.10999999999999,0.6875121063397754,31.151568882549583,0.0317833486515983,6.5,8.286702947709449
37600.0,18500.0,-22.200000000000003,20.0,39.6,270.0,54.800000000000004,3192.0,60.2,13.700000000000001,64.7,1132.0,72.4,70.60000000000001,6181.8243207858895,32.61973535342157,18.514750958979395,10.185839602161243,0.7491809531036763,1.0812029681173556,0.53,1.0,1.0,1.0,0.9808591458979914,0.9808591458979914,49565.093631916985,251.07,0.6876220260543542,31.151568882549583,0.03178389838789797,6.5,8.289950050660293
37650.0,18500.0,-22.200000000000003,19.5,39.400000000000006,271.0,55.2,3194.0,60.1,13.4,64.9,1128.0,72.8,70.9,6184.245083981794,32.62744019601723,18.52200121802544,10.188245516555982,0.7493579110482088,1.0812029681173556,0.51,1.0,1.0,1.0,0.9808591458979914,0.9808591458979914,49565.093631916985,251.02999999999997,0.6877319795815056,31.151568882549583,0.03178446584134367,6.4,8.293196342521266
37700.0,18510.0,-22.0,19.5,40.1,269.0,55.0,3178.0,59.5,13.55,67.10000000000001,1122.0,72.5,71.3,6186.665244305228,32.63514807225434,18.529249671450188,10.190652378235693,0.749534938666709,1.0812029681173556,0.6,1.0,1.0,1.0,0.9808591458979914,0.9808591458979914,49565.093631916985,250.98999999999998,0.6878419669407687,31.151568882549583,0.031785050995996184,6.2,8.296441825918198
37750.0,18510.0,-22.3,19.5,40.0,269.0,55.1,3182.0,60.300000000000004,13.600000000000001,65.5,1123.0,72.60000000000001,71.8,6189.084803709458,32.6428589838054,18.53649632510373,10.193060187722637,0.7497120359975895,1.0812029681173556,0.54,1.0,1.0,1.0,0.9808591458979914,0.9808591458979914,49565.093631916985,250.95,0.6879519881516878,31.151568882549583,0.03178565383597532,6.300000000000001,8.299686503470458
37800.0,18490.0,-22.200000000000003,19.5,40.0,270.0,55.1,3185.0,59.900000000000006,13.65,65.5,1126.0,73.60000000000001,70.7,6191.503764142861,32.65057293234407,18.54374118482151,10.195468945539428,0.7498892030792895,1.0812029681173556,0.58,1.0,1.0,1.0,0.9808591458979914,0.9808591458979914,49565.093631916985,250.90999999999997,0.6880620432338113,31.151568882549583,0.03178627434545952,5.9,8.30293037779086
37850.0,18510.0,-22.1,19.5,39.5,268.0,54.900000000000006,3190.0,59.7,13.600000000000001,64.8,1126.0,72.5,71.10000000000001,6193.922127548989,32.65828991954518,18.550984256424535,10.197878652209049,0.7500664399502751,1.0812029681173556,0.53,1.0,1.0,1.0,0.9808591458979914,0.9808591458979914,49565.093631916985,250.86999999999998,0.6881721322066918,31.151568882549583,0.03178691250868553,5.9,8.306173451485746
37900.0,18490.0,-22.6,19.5,40.400000000000006,270.0,54.6,3186.0,60.300000000000004,13.55,66.60000000000001,1125.0,73.10000000000001,71.7,6196.339895866588,32.666009947084774,18.558225545719406,10.200289308254865,0.75024374664904,1.0812029681173556,0.56,1.0,1.0,1.0,0.9808591458979914,0.9808591458979914,49565.093631916985,250.82999999999998,0.6882822550898872,31.151568882549583,0.03178756830994866,5.9,8.309415727155013
37950.0,18490.0,-22.0,19.5,40.400000000000006,270.0,55.0,3183.0,59.800000000000004,13.55,65.8,1127.0,73.10000000000001,70.9,6198.757071029595,32.67373301664013,18.56546505849831,10.202700914200614,0.7504211232141064,1.0812029681173558,0.52,1.0,1.0,0.9999999999999996,0.9808591458979913,0.9808591458979913,49565.093631916985,250.78999999999996,0.6883924119029595,31.151568882549583,0.0317882417336022,6.2,8.312657207392109
38000.0,18490.0,-22.1,20.0,39.900000000000006,270.0,55.0,3182.0,59.7,13.65,65.7,1123.0,73.0,70.9,6201.173654967142,32.6814591298896,18.572702800539076,10.205113470570392,0.7505985696840215,1.0812029681173556,0.52,1.0,1.0,1.0,0.9808591458979914,0.9808591458979914,49565.093631916985,250.74999999999997,0.6885026026654751,31.151568882549583,0.03178893276405743,5.9,8.315897894784039
38050.0,18510.0,-23.0,19.5,40.0,271.0,55.1,3185.0,60.5,13.5,65.8,1128.0,72.60000000000001,71.5,6203.589649603621,32.68918828851286,18.5799387776053,10.20752697788868,0.7507760860973621,1.0812029681173556,0.53,1.0,1.0,1.0,0.9808591458979914,0.9808591458979914,49565.093631916985,250.70999999999998,0.6886128273970058,31.151568882549583,0.03178964138578356,6.4,8.31913779191145
38100.0,18480.0,-22.400000000000002,20.0,40.5,270.0,55.2,3190.0,60.0,13.65,66.10000000000001,1128.0,72.10000000000001,70.7,6206.005056858622,32.69692049419064,18.58717299544622,10.209941436680316,0.7509536724927303,1.0812029681173556,0.59,1.0,1.0,1.0,0.9808591458979914,0.9808591458979914,49565.093631916985,250.67,0.6887230861171272,31.151568882549583,0.03179036758330739,5.9,8.32237690134855
38150.0,18510.0,-22.3,19.5,39.2,270.0,55.400000000000006,3185.0,59.800000000000004,13.55,66.4,1126.0,72.7,71.9,6208.419878647029,32.704655748605006,18.594405459796967,10.212356847470529,0.7511313289087576,1.0812029681173556,0.56,1.0,1.0,1.0,0.9808591458979914,0.9808591458979914,49565.093631916985,250.62999999999997,0.6888333788454198,31.151568882549583,0.031791111341213256,6.0,8.32561522566324
38200.0,18490.0,-22.200000000000003,20.0,39.400000000000006,269.0,54.800000000000004,3183.0,59.400000000000006,13.5,65.10000000000001,1126.0,73.5,71.0,6210.8341168789675,32.712394053439105,18.601636176378427,10.214773210784909,0.7513090553841016,1.0812029681173556,0.54,1.0,1.0,1.0,0.9808591458979914,0.9808591458979914,49565.093631916985,250.58999999999997,0.688943705601469,31.151568882549583,0.03179187264414267,6.300000000000001,8.328852767417033
38250.0,18500.0,-22.5,20.0,40.0,272.0,55.2,3184.0,60.1,13.55,65.9,1123.0,72.5,71.3,6213.247773459876,32.720135410377324,18.608865150897447,10.21719052714942,0.7514868519574477,1.0812029681173556,0.58,1.0,1.0,1.0,0.9808591458979914,0.9808591458979914,49565.093631916985,250.54999999999998,0.6890540664048648,31.151568882549583,0.031792651476794505,6.300000000000001,8.332089529165163
38300.0,18510.0,-22.5,20.0,39.800000000000004,271.0,55.2,3188.0,60.0,13.700000000000001,65.60000000000001,1127.0,73.10000000000001,71.10000000000001,6215.660850290475,32.72787982110526,18.61609238904674,10.219608797090402,0.751664718667509,1.0812029681173556,0.52,1.0,1.0,1.0,0.9808591458979914,0.9808591458979914,49565.093631916985,250.51,0.6891644612752015,31.151568882549583,0.031793447823924535,6.300000000000001,8.335325513456532
38350.0,18500.0,-22.1,20.5,39.800000000000004,271.0,55.1,3194.0,59.800000000000004,13.600000000000001,65.60000000000001,1127.0,72.60000000000001,71.4,6218.073349266808,32.73562728730969,18.62331789650502,10.222028021134571,0.7518426555530257,1.0812029681173556,0.56,1.0,1.0,1.0,0.9808591458979914,0.9808591458979914,49565.093631916985,250.46999999999997,0.6892748902320787,31.151568882549583,0.03179426167034542,6.5,8.338560722833776
38400.0,18500.0,-22.8,20.5,39.7,271.0,55.2,3193.0,60.1,13.55,65.7,1128.0,72.7,71.8,6220.485272280242,32.743377810678574,18.630541678936982,10.224448199809013,0.7520206626527658,1.0812029681173556,0.5700000000000001,1.0,1.0,1.0,0.9808591458979914,0.9808591458979914,49565.093631916985,250.42999999999998,0.6893853532951005,31.151568882549583,0.031795093000926436,6.0,8.34179515983325
38450.0,18520.0,-22.700000000000003,19.5,39.7,271.0,55.400000000000006,3192.0,60.400000000000006,13.700000000000001,66.0,1128.0,73.10000000000001,71.5,6222.896621217493,32.75113139290108,18.637763741993396,10.226869333641183,0.7521987400055246,1.0812029681173556,0.53,1.0,1.0,1.0,0.9808591458979914,0.9808591458979914,49565.093631916985,250.39,0.6894958504838756,31.151568882549583,0.031795941800593475,6.4,8.345028826985082
38500.0,18520.0,-22.8,20.0,40.2,269.0,54.7,3193.0,59.900000000000006,13.600000000000001,65.3,1130.0,73.2,71.0,6225.307397960642,32.75888803566762,18.64498409131116,10.22929142315893,0.7523768876501254,1.0812029681173556,0.51,1.0,1.0,1.0,0.9808591458979914,0.9808591458979914,49565.093631916985,250.34999999999997,0.6896063818180177,31.151568882549583,0.031796808054328725,6.1000000000000005,8.348261726813181
38550.0,18510.0,-22.8,20.0,40.1,271.0,55.0,3190.0,59.7,13.75,65.4,1127.0,73.10000000000001,70.9,6227.717604387131,32.766647740669725,18.65220273251326,10.231714468890454,0.7525551056254185,1.0812029681173556,0.55,1.0,1.0,1.0,0.9808591458979914,0.9808591458979914,49565.093631916985,250.30999999999997,0.6897169473171455,31.151568882549583,0.03179769174717058,6.2,8.351493861835232
38600.0,18490.0,-22.700000000000003,19.0,40.7,271.0,55.1,3181.0,59.800000000000004,13.700000000000001,68.10000000000001,1130.0,73.3,71.4,6230.127242369804,32.774410509600195,18.659419671208926,10.234138471364346,0.7527333939702823,1.0812029681173556,0.52,1.0,1.0,1.0,0.9808591458979914,0.9808591458979914,49565.093631916985,250.26999999999998,0.6898275470008816,31.151568882549583,0.031798592864213514,6.5,8.354725234562755
38650.0,18490.0,-23.3,19.5,40.400000000000006,270.0,55.0,3188.0,59.7,13.55,65.2,1123.0,72.7,70.60000000000001,6232.536313776897,32.78217634415302,18.66663491299358,10.236563431109573,0.7529117527236227,1.0812029681173556,0.5700000000000001,1.0,1.0,1.0,0.9808591458979914,0.9808591458979914,49565.093631916985,250.22999999999996,0.6899381808888548,31.151568882549583,0.03179951139060787,6.4,8.357955847501096
38700.0,18480.0,-23.0,21.0,39.6,270.0,55.0,3193.0,60.1,13.55,65.7,1127.0,72.9,70.5,6234.944820472064,32.78994524602337,18.673848463448923,10.238989348655469,0.753090181924373,1.0812029681173556,0.59,1.0,1.0,1.0,0.9808591458979914,0.9808591458979914,49565.093631916985,250.18999999999997,0.6900488490006974,31.151568882549583,0.03180044731155972,6.5,8.361185703149449
38750.0,18490.0,-23.1,20.0,39.5,269.0,54.900000000000006,3187.0,59.6,13.600000000000001,66.3,1129.0,72.9,70.2,6237.352764314396,32.797717216907635,18.681060328142987,10.241416224531747,0.7532686816114944,1.0812029681173556,0.5700000000000001,1.0,1.0,1.0,0.9808591458979914,0.9808591458979914,49565.093631916985,250.14999999999998,0.6901595513560476,31.151568882549583,0.0318014006123307,6.300000000000001,8.364414804000893
38800.0,18510.0,-22.400000000000002,19.5,38.900000000000006,269.0,55.1,3188.0,59.6,13.5,65.4,1124.0,73.10000000000001,70.9,6239.760147158433,32.805492258503435,18.688270512630176,10.243844059268506,0.7534472518239761,1.0812029681173556,0.53,1.0,1.0,1.0,0.9808591458979914,0.9808591458979914,49565.093631916985,250.10999999999999,0.6902702879745478,31.151568882549583,0.03180237127823794,6.1000000000000005,8.367643152542403
38850.0,18500.0,-23.1,20.0,40.1,270.0,54.800000000000004,3185.0,59.900000000000006,13.75,64.8,1126.0,73.0,71.0,6242.166970854158,32.81327037250956,18.695479022451245,10.246272853396212,0.7536258926008348,1.0812029681173556,0.58,1.0,1.0,1.0,0.9808591458979914,0.9808591458979914,49565.093631916985,250.07,0.690381058875846,31.151568882549583,0.03180335929465366,6.2,8.370870751254843
38900.0,18500.0,-22.900000000000002,21.0,40.6,270.0,55.0,3189.0,60.0,13.55,66.2,1127.0,72.9,70.5,6244.573237247047,32.82105156062602,18.702685863133453,10.248702607445704,0.7538046039811143,1.0812029681173556,0.55,1.0,1.0,1.0,0.9808591458979914,0.9808591458979914,49565.093631916985,250.02999999999997,0.6904918640795944,31.151568882549583,0.03180436464700539,5.800000000000001,8.374097602613036
38950.0,18490.0,-23.3,20.0,40.800000000000004,270.0,55.300000000000004,3191.0,60.300000000000004,13.75,65.2,1125.0,73.2,71.10000000000001,6246.9789481780435,32.82883582455402,18.70989104019048,10.251133321948217,0.7539833860038871,1.0812029681173556,0.56,1.0,1.0,1.0,0.9808591458979914,0.9808591458979914,49565.093631916985,249.98999999999998,0.6906027036054505,31.151568882549583,0.03180538732077551,6.2,8.37732370908572
39000.0,18490.0,-22.700000000000003,19.5,40.300000000000004,270.0,54.7,3185.0,59.800000000000004,13.65,65.4,1127.0,72.4,72.3,6249.384105483617,32.836623165996045,18.717094559122607,10.253564997435351,0.7541622387082536,1.0812029681173556,0.55,1.0,1.0,1.0,0.9808591458979914,0.9808591458979914,49565.093631916985,249.95,0.6907135774730769,31.151568882549583,0.0318064273015012,6.4,8.38054907313564
39050.0,18490.0,-23.400000000000002,21.0,39.2,270.0,54.800000000000004,3187.0,59.800000000000004,13.55,65.60000000000001,1121.0,72.8,71.10000000000001,6251.788710995732,32.8444135866557,18.724296425416625,10.25599763443908,0.754341162133341,1.0812029681173556,0.51,1.0,1.0,1.0,0.9808591458979914,0.9808591458979914,49565.093631916985,249.90999999999997,0.6908244857021408,31.151568882549583,0.0318074845747743,6.6000000000000005,8.383773697219498
39100.0,18490.0,-23.3,19.5,40.0,271.0,55.5,3191.0,60.300000000000004,13.700000000000001,65.7,1131.0,73.2,71.2,6254.192766541894,32.85220708823785,18.731496644545967,10.258431233491768,0.7545201563183052,1.0812029681173556,0.56,1.0,1.0,1.0,0.9808591458979914,0.9808591458979914,49565.093631916985,249.86999999999998,0.6909354283123148,31.151568882549583,0.031808559126241184,5.800000000000001,8.386997583788013
39150.0,18500.0,-23.8,19.0,40.1,269.0,55.0,3189.0,60.1,13.55,66.10000000000001,1127.0,73.10000000000001,70.5,6256.596273945149,32.86000367244856,18.738695221970705,10.260865795126149,0.7546992213023294,1.0812029681173556,0.54,1.0,1.0,1.0,0.9808591458979914,0.9808591458979914,49565.093631916985,249.82999999999998,0.6910464053232763,31.151568882549583,0.03180965094160254,6.5,8.390220735285924
39200.0,18510.0,-23.6,19.5,39.6,269.0,54.7,3188.0,60.2,13.55,65.5,1126.0,73.3,70.8,6258.999235024104,32.86780334099516,18.745892163137633,10.263301319875348,0.7548783571246258,1.0812029681173556,0.53,1.0,1.0,1.0,0.9808591458979914,0.9808591458979914,49565.093631916985,249.78999999999996,0.6911574167547079,31.151568882549583,0.03181076000661319,6.0,8.393443154152024
39250.0,18490.0,-23.200000000000003,20.0,40.0,271.0,55.300000000000004,3182.0,60.2,13.600000000000001,65.3,1128.0,72.3,71.9,6261.401651592931,32.8756060955861,18.753087473480242,10.265737808272853,0.7550575638244331,1.0812029681173556,0.56,1.0,1.0,1.0,0.9808591458979914,0.9808591458979914,49565.093631916985,249.74999999999997,0.6912684626262969,31.151568882549583,0.031811886307082066,6.0,8.396664842819153
39300.0,18490.0,-23.900000000000002,20.0,39.800000000000004,269.0,55.2,3193.0,60.0,13.55,65.8,1127.0,72.5,70.8,6263.803525461393,32.88341193793112,18.760281158418838,10.26817526085255,0.7552368414410189,1.0812029681173556,0.54,1.0,1.0,1.0,0.9808591458979914,0.9808591458979914,49565.093631916985,249.70999999999998,0.6913795429577358,31.151568882549583,0.031813029828872005,6.300000000000001,8.399885803714238
39350.0,18500.0,-23.400000000000002,19.0,40.300000000000004,270.0,55.5,3187.0,60.1,13.8,65.7,1127.0,72.60000000000001,71.9,6266.20485843485,32.891220869741154,18.767473223360515,10.270613678148688,0.7554161900136784,1.0812029681173558,0.51,1.0,1.0,0.9999999999999996,0.9808591458979913,0.9808591458979913,49565.093631916985,249.67,0.6914906577687228,31.151568882549583,0.031814190557899545,6.4,8.403106039258304
39400.0,18490.0,-23.6,19.5,40.5,270.0,54.800000000000004,3193.0,59.800000000000004,13.600000000000001,66.10000000000001,1128.0,72.2,71.5,6268.605652314279,32.899032892728385,18.774663673699262,10.273053060695915,0.7555956095817352,1.0812029681173556,0.55,1.0,1.0,1.0,0.9808591458979914,0.9808591458979914,49565.093631916985,249.62999999999997,0.6916018070789605,31.151568882549583,0.03181536848013482,6.2,8.406325551866495
39450.0,18500.0,-24.0,20.0,39.5,270.0,55.0,3193.0,59.800000000000004,13.700000000000001,66.10000000000001,1126.0,72.5,70.4,6271.005908896273,32.90684800860616,18.781852514815927,10.275493409029242,0.7557751001845402,1.0812029681173556,0.56,1.0,1.0,1.0,0.9808591458979914,0.9808591458979914,49565.093631916985,249.58999999999997,0.6917129909081566,31.151568882549583,0.03181656358160139,6.1000000000000005,8.409544343948081
39500.0,18510.0,-23.8,19.5,40.1,269.0,55.0,3192.0,60.0,13.600000000000001,65.7,1123.0,73.10000000000001,71.2,6273.40562997307,32.91466621908908,18.78903975207832,10.27793472368407,0.7559546618614729,1.0812029681173556,0.58,1.0,1.0,1.0,0.9808591458979914,0.9808591458979914,49565.093631916985,249.54999999999998,0.6918242092760245,31.151568882549583,0.03181777584837619,6.4,8.412762417906487
39550.0,18500.0,-23.3,20.0,40.1,270.0,55.1,3187.0,60.5,13.75,66.10000000000001,1131.0,72.4,70.4,6275.804817332565,32.922487525892976,18.796225390841236,10.280377005196186,0.7561342946519406,1.0812029681173556,0.54,1.0,1.0,1.0,0.9808591458979914,0.9808591458979914,49565.093631916985,249.51,0.6919354622022824,31.151568882549583,0.03181900526658922,6.300000000000001,8.415979776139316
39600.0,18500.0,-24.200000000000003,20.5,40.900000000000006,271.0,55.2,3189.0,59.7,13.600000000000001,66.8,1126.0,72.8,71.7,6278.203472758311,32.93031193073488,18.803409436446476,10.28282025410175,0.7563139985953792,1.0812029681173556,0.59,1.0,1.0,1.0,0.9808591458979914,0.9808591458979914,49565.093631916985,249.46999999999997,0.6920467497066538,31.151568882549583,0.031820251822423554,6.1000000000000005,8.41919642103835
39650.0,18500.0,-23.900000000000002,20.0,40.400000000000006,269.0,55.2,3189.0,60.7,13.600000000000001,65.5,1128.0,72.8,70.2,6280.601598029551,32.93813943533308,18.810591894222917,10.285264470937312,0.7564937737312522,1.0812029681173556,0.54,1.0,1.0,1.0,0.9808591458979914,0.9808591458979914,49565.093631916985,249.42999999999998,0.6921580718088673,31.151568882549583,0.031821515502115004,6.2,8.422412354989588
39700.0,18480.0,-23.8,19.0,39.900000000000006,270.0,55.0,3187.0,60.0,13.55,65.60000000000001,1127.0,72.60000000000001,71.3,6282.999194921218,32.94597004140705,18.81777276948655,10.2877096562398,0.7566736200990511,1.0812029681173556,0.56,1.0,1.0,1.0,0.9808591458979914,0.9808591458979914,49565.093631916985,249.39,0.6922694285286568,31.151568882549583,0.0318227962919522,6.2,8.425627580373252
39750.0,18530.0,-23.8,20.0,39.800000000000004,269.0,55.1,3186.0,59.800000000000004,13.55,65.0,1123.0,72.8,71.60000000000001,6285.3962652039445,32.953803750677515,18.824952067540462,10.290155810546525,0.7568535377382963,1.0812029681173556,0.56,1.0,1.0,1.0,0.9808591458979914,0.9808591458979914,49565.093631916985,249.34999999999997,0.6923808198857615,31.151568882549583,0.03182409417827638,6.7,8.428842099563795
39800.0,18510.0,-23.700000000000003,21.0,40.0,270.0,55.0,3195.0,60.0,13.55,65.9,1125.0,73.10000000000001,71.3,6287.792810644089,32.961640564866435,18.832129793674955,10.292602934395182,0.7570335266885357,1.0812029681173554,0.54,1.0,1.0,0.9999999999999996,0.9808591458979914,0.9808591458979914,49565.093631916985,249.30999999999997,0.6924922458999259,31.151568882549583,0.031825409147481006,6.4,8.432055914929936
39850.0,18480.0,-23.8,20.0,41.1,270.0,54.900000000000006,3183.0,60.400000000000006,13.55,65.10000000000001,1128.0,73.10000000000001,71.4,6290.188833003749,32.96948048569698,18.839305953167564,10.29505102832385,0.7572135869893457,1.0812029681173556,0.55,1.0,1.0,1.0,0.9808591458979914,0.9808591458979914,49565.093631916985,249.26999999999998,0.6926037065908993,31.151568882549583,0.031826741186012024,6.300000000000001,8.43526902883469
39900.0,18500.0,-23.8,20.0,40.400000000000006,270.0,54.800000000000004,3188.0,60.2,13.450000000000001,64.5,1129.0,73.5,70.5,6292.584334040758,32.977323514893556,18.846480551283054,10.297500092871,0.7573937186803312,1.0812029681173556,0.55,1.0,1.0,1.0,0.9808591458979914,0.9808591458979914,49565.093631916985,249.22999999999996,0.6927152019784373,31.151568882549583,0.03182809028036736,6.2,8.438481443635338
39950.0,18500.0,-23.900000000000002,19.5,39.6,270.0,55.0,3184.0,60.2,13.55,65.3,1128.0,72.9,71.5,6294.979315508714,32.985169654181796,18.853653593273503,10.299950128575468,0.7575739218011249,1.0812029681173556,0.52,1.0,1.0,1.0,0.9808591458979914,0.9808591458979914,49565.093631916985,249.18999999999997,0.6928267320822996,31.151568882549583,0.03182945641709702,5.9,8.441693161683496
40000.0,18500.0,-24.0,19.5,39.400000000000006,270.0,54.800000000000004,3183.0,60.300000000000004,13.55,66.2,1127.0,73.0,71.0,6297.373779156988,32.99301890528858,18.86082508437833,10.302401135976496,0.757754196391388,1.0812029681173556,0.47000000000000003,1.0,1.0,1.0,0.9808591458979914,0.9808591458979914,49565.093631916985,249.14999999999998,0.6929382969222522,31.151568882549583,0.031830839582802875,6.0,8.444904185325106
40050.0,18500.0,-23.900000000000002,19.0,40.0,269.0,55.0,3188.0,60.2,13.65,65.8,1129.0,72.8,72.5,6299.767726730726,33.000871269941996,18.867995029824304,10.30485311561369,0.7579345424908098,1.0812029681173556,0.51,1.0,1.0,1.0,0.9808591458979914,0.9808591458979914,49565.093631916985,249.10999999999999,0.6930498965180657,31.151568882549583,0.03183223976413839,6.2,8.44811451690044
40100.0,18510.0,-23.8,20.0,40.300000000000004,268.0,55.300000000000004,3188.0,60.400000000000006,13.450000000000001,65.7,1126.0,73.10000000000001,71.3,6302.161159970895,33.00872674987139,18.875163434825666,10.307306068027069,0.7581149601391087,1.0812029681173556,0.56,1.0,1.0,1.0,0.9808591458979914,0.9808591458979914,49565.093631916985,249.07,0.693161530889517,31.151568882549583,0.031833656947808674,6.0,8.451324158744171
40150.0,18500.0,-24.200000000000003,20.0,40.400000000000006,270.0,54.7,3189.0,60.800000000000004,13.700000000000001,63.800000000000004,1127.0,73.2,71.0,6304.55408061425,33.01658534680733,18.882330304584055,10.309759993757007,0.7582954493760304,1.0812029681173556,0.54,1.0,1.0,1.0,0.9808591458979914,0.9808591458979914,49565.093631916985,249.02999999999997,0.6932732000563876,31.151568882549583,0.03183509112057026,6.2,8.454533113185322
40200.0,18510.0,-24.5,20.5,40.0,269.0,55.2,3182.0,59.800000000000004,13.55,66.8,1125.0,72.2,70.8,6306.946490393382,33.02444706248163,18.889495644288633,10.312214893344281,0.7584760102413495,1.0812029681173556,0.56,1.0,1.0,1.0,0.9808591458979914,0.9808591458979914,49565.093631916985,248.98999999999998,0.6933849040384644,31.151568882549583,0.03183654226923093,6.5,8.457741382547333
40250.0,18530.0,-23.8,20.0,39.6,271.0,54.900000000000006,3186.0,59.900000000000006,13.5,65.3,1126.0,73.2,70.9,6309.338391036718,33.03231189862732,18.896659459116094,10.314670767330057,0.7586566427748693,1.0812029681173556,0.51,1.0,1.0,1.0,0.9808591458979914,0.9808591458979914,49565.093631916985,248.95,0.6934966428555406,31.151568882549583,0.03183801038064959,5.9,8.46094896914806
40300.0,18500.0,-24.200000000000003,19.5,39.800000000000004,270.0,55.300000000000004,3185.0,60.0,13.65,65.10000000000001,1127.0,72.9,70.5,6311.729784268542,33.0401798569787,18.903821754230712,10.31712761625588,0.7588373470164215,1.0812029681173556,0.56,1.0,1.0,1.0,0.9808591458979914,0.9808591458979914,49565.093631916985,248.90999999999997,0.6936084165274138,31.151568882549583,0.03183949544173621,6.300000000000001,8.4641558752998
40350.0,18510.0,-24.6,20.0,40.6,272.0,55.300000000000004,3184.0,60.1,13.55,65.7,1125.0,72.3,70.9,6314.120671808979,33.048050939271285,18.910982534784324,10.31958544066368,0.7590181230058654,1.0812029681173556,0.5700000000000001,1.0,1.0,1.0,0.9808591458979914,0.9808591458979914,49565.093631916985,248.86999999999998,0.6937202250738875,31.151568882549583,0.031840997439451534,6.4,8.467362103309277
40400.0,18500.0,-24.200000000000003,20.0,40.2,270.0,55.0,3195.0,60.0,13.600000000000001,65.60000000000001,1126.0,72.8,71.2,6316.511055374059,33.055925147241844,18.918141805916484,10.322044241095785,0.7591989707830898,1.0812029681173556,0.54,1.0,1.0,1.0,0.9808591458979914,0.9808591458979914,49565.093631916985,248.82999999999998,0.6938320685147711,31.151568882549583,0.031842516360807205,6.300000000000001,8.470567655477721
40450.0,18490.0,-24.3,20.5,39.900000000000006,268.0,55.1,3189.0,59.7,13.65,64.7,1130.0,72.9,70.0,6318.900936675669,33.063802482628375,18.925299572754348,10.324504018094904,0.7593798903880119,1.0812029681173556,0.56,1.0,1.0,1.0,0.9808591458979914,0.9808591458979914,49565.093631916985,248.78999999999996,0.6939439468698787,31.151568882549583,0.03184405219286525,6.2,8.473772534100807
40500.0,18490.0,-24.6,20.0,39.800000000000004,269.0,55.300000000000004,3187.0,59.800000000000004,13.5,66.0,1124.0,73.0,70.8,6321.290317421617,33.07168294717012,18.932455840412857,10.326964772204128,0.7595608818605766,1.0812029681173558,0.54,1.0,1.0,0.9999999999999996,0.9808591458979913,0.9808591458979913,49565.093631916985,248.74999999999997,0.6940558601590304,31.151568882549583,0.0318456049227382,6.0,8.476976741468738
40550.0,18490.0,-24.400000000000002,20.0,39.7,270.0,55.2,3182.0,60.0,13.55,64.9,1128.0,72.7,70.5,6323.679199315632,33.0795665426076,18.939610613994724,10.329426503966953,0.7597419452407584,1.0812029681173556,0.59,1.0,1.0,1.0,0.9808591458979914,0.9808591458979914,49565.093631916985,248.70999999999998,0.6941678084020517,31.151568882549583,0.03184717453758896,6.6000000000000005,8.48018027986625
40600.0,18480.0,-24.900000000000002,20.5,39.900000000000006,271.0,55.1,3190.0,59.7,13.65,64.7,1130.0,73.10000000000001,70.7,6326.0675840573385,33.0874532706825,18.946763898590376,10.331889213927242,0.7599230805685596,1.0812029681173556,0.58,1.0,1.0,1.0,0.9808591458979914,0.9808591458979914,49565.093631916985,248.67,0.6942797916187742,31.151568882549583,0.03184876102463058,6.9,8.483383151572573
40650.0,18500.0,-24.3,20.0,40.0,269.0,55.0,3189.0,60.5,13.450000000000001,65.3,1130.0,72.8,71.0,6328.455473342329,33.09534313313787,18.953915699278173,10.334352902629272,0.7601042878840122,1.0812029681173556,0.53,1.0,1.0,1.0,0.9808591458979914,0.9808591458979914,49565.093631916985,248.62999999999997,0.6943918098290341,31.151568882549583,0.031850364371126164,6.1000000000000005,8.48658535886153
40700.0,18480.0,-24.700000000000003,19.5,40.0,269.0,54.900000000000006,3187.0,60.0,13.55,64.9,1127.0,73.3,71.2,6330.842868862125,33.10323613171788,18.96106602112426,10.336817570617683,0.760285567227175,1.0812029681173556,0.53,1.0,1.0,1.0,0.9808591458979914,0.9808591458979914,49565.093631916985,248.58999999999997,0.6945038630526736,31.151568882549583,0.03185198456438869,6.300000000000001,8.489786904001487
40750.0,18480.0,-24.6,20.0,39.6,269.0,54.900000000000006,3192.0,60.300000000000004,13.55,65.2,1126.0,73.2,71.2,6333.229772304226,33.11113226816803,18.96821486918276,10.339283218437528,0.7604669186381374,1.0812029681173556,0.56,1.0,1.0,1.0,0.9808591458979914,0.9808591458979914,49565.093631916985,248.54999999999998,0.6946159513095412,31.151568882549583,0.03185362159178094,6.5,8.492987789255412
40800.0,18490.0,-24.200000000000003,20.0,39.7,270.0,55.2,3187.0,60.300000000000004,13.55,65.0,1129.0,72.60000000000001,71.5,6335.616185352095,33.11903154423505,18.975362248495692,10.341749846634235,0.7606483421570164,1.0812029681173556,0.56,1.0,1.0,1.0,0.9808591458979914,0.9808591458979914,49565.093631916985,248.51,0.6947280746194899,31.151568882549583,0.031855275440715265,6.1000000000000005,8.496188016880868
40850.0,18500.0,-24.8,20.0,40.800000000000004,270.0,55.1,3188.0,60.0,13.600000000000001,65.0,1128.0,72.8,70.60000000000001,6338.002109685196,33.126933961666914,18.982508164093097,10.344217455753629,0.7608298378239581,1.0812029681173554,0.58,1.0,1.0,0.9999999999999996,0.9808591458979914,0.9808591458979914,49565.093631916985,248.46999999999997,0.6948402330023793,31.151568882549583,0.03185694609865355,6.4,8.499387589130043
40900.0,18500.0,-24.3,19.0,40.5,269.0,55.0,3186.0,59.7,13.700000000000001,66.60000000000001,1126.0,73.0,71.10000000000001,6340.387546978992,33.134839522212864,18.98965262099304,10.346686046341924,0.7610114056791372,1.0812029681173556,0.6,1.0,1.0,1.0,0.9808591458979914,0.9808591458979914,49565.093631916985,248.42999999999998,0.6949524264780741,31.151568882549583,0.03185863355310706,5.800000000000001,8.502586508249768
40950.0,18500.0,-25.0,19.0,39.900000000000006,271.0,54.900000000000006,3192.0,60.400000000000006,13.600000000000001,65.60000000000001,1123.0,72.7,71.5,6342.772498904941,33.14274822762336,18.996795624201596,10.349155618945725,0.7611930457627569,1.0812029681173556,0.55,1.0,1.0,1.0,0.9808591458979914,0.9808591458979914,49565.093631916985,248.39,0.6950646550664447,31.151568882549583,0.031860337791636335,6.4,8.505784776481505
41000.0,18500.0,-24.1,20.0,40.6,270.0,55.300000000000004,3183.0,60.1,13.55,65.60000000000001,1130.0,73.10000000000001,71.7,6345.156967130539,33.15066007965014,19.003937178712956,10.351626174112027,0.7613747581150497,1.0812029681173556,0.53,1.0,1.0,1.0,0.9808591458979914,0.9808591458979914,49565.093631916985,248.34999999999997,0.6951769187873676,31.151568882549583,0.031862058801850904,6.1000000000000005,8.508982396061395
41050.0,18500.0,-24.8,20.0,39.6,271.0,54.900000000000006,3194.0,60.0,13.65,65.8,1125.0,73.10000000000001,72.10000000000001,6347.540953319318,33.15857508004619,19.01107728950945,10.35409771238822,0.7615565427762766,1.0812029681173556,0.56,1.0,1.0,1.0,0.9808591458979914,0.9808591458979914,49565.093631916985,248.30999999999997,0.6952892176607247,31.151568882549583,0.031863796571409427,6.6000000000000005,8.512179369220272
41100.0,18510.0,-24.8,20.0,40.2,271.0,54.7,3189.0,59.900000000000006,13.55,66.3,1125.0,72.4,71.5,6349.924459130856,33.166493230565784,19.018215961561573,10.356570234322088,0.7617383997867279,1.0812029681173556,0.51,1.0,1.0,1.0,0.9808591458979914,0.9808591458979914,49565.093631916985,248.26999999999998,0.6954015517064039,31.151568882549583,0.03186555108801923,5.9,8.51537569818366
41150.0,18510.0,-24.900000000000002,20.0,39.800000000000004,269.0,54.800000000000004,3187.0,59.6,13.600000000000001,65.2,1127.0,73.0,71.3,6352.307486220796,33.1744145329644,19.025353199828015,10.359043740461804,0.7619203291867221,1.0812029681173556,0.5700000000000001,1.0,1.0,1.0,0.9808591458979914,0.9808591458979914,49565.093631916985,248.22999999999996,0.6955139209442984,31.151568882549583,0.03186732233943643,6.300000000000001,8.518571385171812
41200.0,18500.0,-24.900000000000002,19.0,40.300000000000004,270.0,55.1,3183.0,59.900000000000006,13.5,65.9,1123.0,72.60000000000001,71.4,6354.690036240845,33.1823389889988,19.032489009255695,10.361518231355927,0.7621023310166068,1.0812029681173556,0.53,1.0,1.0,1.0,0.9808591458979914,0.9808591458979914,49565.093631916985,248.18999999999997,0.6956263253943077,31.151568882549583,0.03186911031346579,6.1000000000000005,8.521766432399698
41250.0,18510.0,-24.700000000000003,20.5,40.300000000000004,270.0,55.0,3186.0,60.1,13.55,65.2,1128.0,73.3,71.3,6357.072110838797,33.190266600427,19.039623394779802,10.363993707553423,0.762284405316759,1.0812029681173556,0.61,1.0,1.0,1.0,0.9808591458979914,0.9808591458979914,49565.093631916985,248.14999999999998,0.6957387650763368,31.151568882549583,0.031870914997960374,6.2,8.524960842077045
41300.0,18480.0,-24.8,19.5,39.900000000000006,269.0,54.800000000000004,3182.0,59.900000000000006,13.55,65.5,1130.0,73.2,70.3,6359.453711658552,33.19819736900829,19.04675636132387,10.366470169603637,0.7624665521275837,1.0812029681173556,0.5700000000000001,1.0,1.0,1.0,0.9808591458979914,0.9808591458979914,49565.093631916985,248.10999999999999,0.6958512400102966,31.151568882549583,0.03187273638082162,6.4,8.528154616408353
41350.0,18500.0,-25.1,20.0,39.7,270.0,55.2,3186.0,59.7,13.600000000000001,64.8,1123.0,72.8,71.8,6361.834840340106,33.206131296503195,19.053887913799734,10.368947618056323,0.7626487714895157,1.0812029681173554,0.55,1.0,1.0,0.9999999999999996,0.9808591458979914,0.9808591458979914,49565.093631916985,248.07,0.6959637502161039,31.151568882549583,0.03187457444999928,6.4,8.53134775759289
41400.0,18470.0,-25.0,20.0,39.7,270.0,55.0,3184.0,60.1,13.700000000000001,65.3,1125.0,72.9,71.5,6364.2154985195875,33.21406838467356,19.06101805710765,10.371426053461626,0.7628310634430191,1.0812029681173556,0.52,1.0,1.0,1.0,0.9808591458979914,0.9808591458979914,49565.093631916985,248.02999999999997,0.6960762957136815,31.151568882549583,0.03187642919349092,6.5,8.534540267824738
41450.0,18490.0,-25.1,19.5,39.800000000000004,271.0,54.7,3190.0,60.5,13.65,64.7,1124.0,72.7,71.2,6366.595687829244,33.2220086352824,19.068146796136244,10.373905476370068,0.7630134280285855,1.0812029681173556,0.56,1.0,1.0,1.0,0.9808591458979914,0.9808591458979914,49565.093631916985,247.98999999999998,0.6961888765229574,31.151568882549583,0.03187830059934221,6.0,8.537732149292772
41500.0,18490.0,-25.400000000000002,20.0,40.800000000000004,269.0,54.800000000000004,3184.0,60.2,13.600000000000001,64.9,1126.0,72.60000000000001,71.2,6368.9754098974745,33.22995205009406,19.075274135762626,10.376385887332585,0.763195865286737,1.0812029681173556,0.63,1.0,1.0,1.0,0.9808591458979914,0.9808591458979914,49565.093631916985,247.95,0.6963014926638662,31.151568882549583,0.031880188655646666,6.5,8.540923404180713
41550.0,18500.0,-25.400000000000002,19.5,40.300000000000004,271.0,54.900000000000006,3193.0,60.0,13.65,65.60000000000001,1126.0,72.60000000000001,71.0,6371.35466634884,33.23789863087419,19.082400080852405,10.378867286900514,0.7633783752580247,1.0812029681173556,0.58,1.0,1.0,1.0,0.9808591458979914,0.9808591458979914,49565.093631916985,247.90999999999997,0.6964141441563484,31.151568882549583,0.03188209335054526,6.2,8.544114034667121
41600.0,18510.0,-25.6,20.5,40.1,269.0,55.0,3192.0,59.6,13.5,65.4,1132.0,72.7,71.3,6373.733458804045,33.24584837938957,19.08952463625964,10.381349675625557,0.7635609579830271,1.0812029681173554,0.56,1.0,1.0,0.9999999999999996,0.9808591458979914,0.9808591458979914,49565.093631916985,247.86999999999998,0.6965268310203498,31.151568882549583,0.03188401467222676,6.2,8.5473040429254
41650.0,18500.0,-25.400000000000002,20.0,39.300000000000004,270.0,55.2,3189.0,60.300000000000004,13.65,65.4,1125.0,72.8,70.3,6376.111788879997,33.25380129740839,19.096647806827015,10.383833054059842,0.7637436135023543,1.0812029681173556,0.55,1.0,1.0,1.0,0.9808591458979914,0.9808591458979914,49565.093631916985,247.82999999999998,0.6966395532758229,31.151568882549583,0.03188595260892723,6.4,8.550493431123854
41700.0,18520.0,-25.200000000000003,19.5,39.400000000000006,270.0,55.2,3187.0,60.2,13.600000000000001,65.9,1123.0,73.5,70.5,6378.489658189788,33.26175738670003,19.10376959738579,10.386317422755885,0.763926341856644,1.0812029681173556,0.58,1.0,1.0,1.0,0.9808591458979914,0.9808591458979914,49565.093631916985,247.78999999999996,0.6967523109427257,31.151568882549583,0.03188790714893004,6.300000000000001,8.553682201425671
41750.0,18500.0,-25.5,20.0,40.2,271.0,55.300000000000004,3190.0,60.5,13.600000000000001,66.10000000000001,1128.0,72.7,71.2,6380.867068342698,33.26971664903516,19.110890012755807,10.388802782266584,0.7641091430865627,1.0812029681173556,0.5700000000000001,1.0,1.0,1.0,0.9808591458979914,0.9808591458979914,49565.093631916985,247.74999999999997,0.6968651040410223,31.151568882549583,0.03188987828056567,6.4,8.556870355988925
41800.0,18500.0,-25.200000000000003,20.0,38.800000000000004,271.0,54.900000000000006,3185.0,59.7,13.55,65.10000000000001,1125.0,72.7,71.3,6383.244020944253,33.27767908618574,19.118009057745667,10.391289133145259,0.764292017232808,1.0812029681173556,0.62,1.0,1.0,1.0,0.9808591458979914,0.9808591458979914,49565.093631916985,247.70999999999998,0.6969779325906827,31.151568882549583,0.031891865992211776,6.6000000000000005,8.560057896966663
41850.0,18510.0,-25.6,20.0,40.2,269.0,54.900000000000006,3192.0,60.300000000000004,13.600000000000001,64.7,1126.0,72.4,71.10000000000001,6385.620517596161,33.285644699924966,19.125126737152534,10.393776475945604,0.7644749643361046,1.0812029681173556,0.56,1.0,1.0,1.0,0.9808591458979914,0.9808591458979914,49565.093631916985,247.67,0.6970907966116833,31.151568882549583,0.031893870272292915,6.300000000000001,8.563244826506804
41900.0,18500.0,-25.400000000000002,20.0,39.5,270.0,55.1,3195.0,59.900000000000006,13.65,66.0,1126.0,73.3,71.7,6387.996559896405,33.293613492027355,19.132243055762416,10.39626481122173,0.7646579844372079,1.0812029681173556,0.6,1.0,1.0,1.0,0.9808591458979914,0.9808591458979914,49565.093631916985,247.62999999999997,0.6972036961240061,31.151568882549583,0.03189589110928031,6.5,8.566431146752278
41950.0,18530.0,-25.700000000000003,21.0,40.300000000000004,271.0,54.900000000000006,3192.0,60.400000000000006,13.5,65.3,1122.0,72.9,70.60000000000001,6390.372149439181,33.30158546426862,19.139358018349974,10.398754139528126,0.7648410775769013,1.0812029681173556,0.55,1.0,1.0,1.0,0.9808591458979914,0.9808591458979914,49565.093631916985,247.58999999999997,0.6973166311476392,31.151568882549583,0.03189792849169196,7.1000000000000005,8.56961685984093
42000.0,18520.0,-26.0,20.5,40.300000000000004,270.0,55.0,3189.0,59.6,13.5,65.5,1127.0,72.7,70.7,6392.747287814984,33.309560618425856,19.146471629678793,10.401244461419704,0.7650242437959994,1.0812029681173556,0.55,1.0,1.0,1.0,0.9808591458979914,0.9808591458979914,49565.093631916985,247.54999999999998,0.6974296017025772,31.151568882549583,0.03189998240809244,6.6000000000000005,8.572801967905649
42050.0,18500.0,-25.1,19.5,40.1,270.0,55.1,3185.0,60.6,13.5,66.5,1127.0,73.10000000000001,71.7,6395.12197661054,33.31753895627734,19.15358389450116,10.40373577745175,0.7652074831353439,1.0812029681173556,0.58,1.0,1.0,1.0,0.9808591458979914,0.9808591458979914,49565.093631916985,247.51,0.6975426078088204,31.151568882549583,0.03190205284709275,6.2,8.575986473074266
42100.0,18510.0,-25.1,19.5,40.800000000000004,270.0,54.900000000000006,3185.0,59.900000000000006,13.450000000000001,65.2,1126.0,72.5,71.4,6397.496217408878,33.32552047960269,19.160694817558305,10.406228088179967,0.7653907956358079,1.0812029681173556,0.55,1.0,1.0,1.0,0.9808591458979914,0.9808591458979914,49565.093631916985,247.46999999999997,0.6976556494863753,31.151568882549583,0.031904139797350066,6.2,8.579170377469653
42150.0,18500.0,-25.6,20.0,39.7,270.0,55.0,3184.0,59.900000000000006,13.65,65.8,1126.0,73.2,70.60000000000001,6399.8700117893195,33.333505190182755,19.167804403580334,10.408721394160445,0.765574181338292,1.0812029681173556,0.53,1.0,1.0,1.0,0.9808591458979914,0.9808591458979914,49565.093631916985,247.42999999999998,0.6977687267552547,31.151568882549583,0.03190624324756788,6.300000000000001,8.582353683209714
42200.0,18520.0,-25.700000000000003,20.0,40.6,270.0,55.400000000000006,3186.0,59.7,13.600000000000001,65.3,1125.0,73.8,71.2,6402.243361327492,33.34149308979972,19.1749126572863,10.411215695949682,0.7657576402837277,1.0812029681173556,0.5700000000000001,1.0,1.0,1.0,0.9808591458979914,0.9808591458979914,49565.093631916985,247.39,0.6978818396354771,31.151568882549583,0.031908363186495724,6.300000000000001,8.585536392407393
42250.0,18490.0,-25.5,19.0,39.5,270.0,55.300000000000004,3187.0,60.1,13.600000000000001,66.2,1123.0,73.2,70.9,6404.616267595322,33.349484180237,19.182019583384175,10.413710994104576,0.7659411725130753,1.0812029681173556,0.58,1.0,1.0,1.0,0.9808591458979914,0.9808591458979914,49565.093631916985,247.34999999999997,0.6979949881470678,31.151568882549583,0.031910499602929035,6.2,8.588718507170679
42300.0,18500.0,-25.900000000000002,19.5,39.5,270.0,55.0,3185.0,59.900000000000006,13.450000000000001,65.2,1129.0,73.2,71.0,6406.988732161081,33.357478463279314,19.18912518657098,10.416207289182422,0.7661247780673244,1.0812029681173556,0.56,1.0,1.0,1.0,0.9808591458979914,0.9808591458979914,49565.093631916985,247.30999999999997,0.698108172310058,31.151568882549583,0.031912652485709084,6.2,8.591900029602654
42350.0,18520.0,-25.200000000000003,20.0,41.0,269.0,54.7,3186.0,59.900000000000006,13.75,65.2,1125.0,72.60000000000001,71.60000000000001,6409.360756589369,33.36547594071266,19.196229471532735,10.41870458174091,0.7663084569874943,1.0812029681173558,0.59,1.0,1.0,0.9999999999999996,0.9808591458979913,0.9808591458979913,49565.093631916985,247.26999999999998,0.6982213921444849,31.151568882549583,0.03191482182372287,6.300000000000001,8.595080961801477
42400.0,18480.0,-26.200000000000003,21.0,40.300000000000004,270.0,55.400000000000006,3196.0,60.0,13.600000000000001,65.10000000000001,1126.0,72.4,70.3,6411.732342441139,33.37347661432435,19.203332442944543,10.421202872338151,0.7664922093146341,1.0812029681173556,0.5,1.0,1.0,1.0,0.9808591458979914,0.9808591458979914,49565.093631916985,247.22999999999996,0.6983346476703921,31.151568882549583,0.03191700760590293,6.7,8.598261305860417
42450.0,18480.0,-25.400000000000002,19.5,40.7,270.0,54.7,3194.0,60.400000000000006,13.55,65.2,1125.0,72.9,71.10000000000001,6414.103491273695,33.381480485902934,19.210434105470576,10.423702161532631,0.7666760350898215,1.0812029681173556,0.55,1.0,1.0,1.0,0.9808591458979914,0.9808591458979914,49565.093631916985,247.18999999999997,0.6984479389078294,31.151568882549583,0.03191920982122728,6.0,8.601441063867851
42500.0,18490.0,-25.8,20.0,39.900000000000006,269.0,54.900000000000006,3194.0,59.7,13.65,65.4,1128.0,72.7,70.9,6416.474204640721,33.38948755723826,19.217534463764167,10.42620244988326,0.7668599343541651,1.0812029681173556,0.56,1.0,1.0,1.0,0.9808591458979914,0.9808591458979914,49565.093631916985,247.14999999999998,0.6985612658768532,31.151568882549583,0.03192142845871927,6.300000000000001,8.6046202379073
42550.0,18500.0,-25.900000000000002,21.0,40.1,268.0,55.2,3188.0,60.6,13.700000000000001,65.10000000000001,1129.0,72.7,71.0,6418.8444840922775,33.39749783012149,19.22463352246779,10.428703737949338,0.7670439071488018,1.0812029681173556,0.58,1.0,1.0,1.0,0.9808591458979914,0.9808591458979914,49565.093631916985,247.10999999999999,0.6986746285975255,31.151568882549583,0.031923663507447506,6.7,8.607798830057426
42600.0,18510.0,-26.0,21.0,39.900000000000006,269.0,54.7,3194.0,60.0,13.600000000000001,65.10000000000001,1126.0,72.7,71.3,6421.21433117482,33.405511306345055,19.23173128621313,10.431206026290573,0.7672279535148989,1.0812029681173556,0.55,1.0,1.0,1.0,0.9808591458979914,0.9808591458979914,49565.093631916985,247.07,0.6987880270899154,31.151568882549583,0.03192591495652564,6.5,8.610976842392057
42650.0,18500.0,-26.200000000000003,19.5,39.400000000000006,272.0,55.300000000000004,3194.0,59.800000000000004,13.600000000000001,64.9,1124.0,72.7,71.7,6423.583747431211,33.41352798770271,19.23882775962111,10.433709315467079,0.7674120734936536,1.0812029681173556,0.58,1.0,1.0,1.0,0.9808591458979914,0.9808591458979914,49565.093631916985,247.02999999999997,0.6989014613740978,31.151568882549583,0.0319281827951124,6.2,8.614154276980203
42700.0,18500.0,-25.900000000000002,19.5,40.0,270.0,55.1,3189.0,59.800000000000004,13.55,64.7,1123.0,72.9,71.4,6425.95273440071,33.421547875989425,19.24592294730185,10.436213606039354,0.7675962671262911,1.0812029681173556,0.51,1.0,1.0,1.0,0.9808591458979914,0.9808591458979914,49565.093631916985,246.98999999999998,0.6990149314701538,31.151568882549583,0.03193046701241124,6.5,8.617331135886042
42750.0,18510.0,-26.700000000000003,20.0,40.7,270.0,54.6,3191.0,59.800000000000004,13.65,65.0,1127.0,72.7,71.0,6428.321293619031,33.429570973001546,19.253016853854863,10.438718898568329,0.7677805344540688,1.0812029681173556,0.54,1.0,1.0,1.0,0.9808591458979914,0.9808591458979914,49565.093631916985,246.95,0.6991284373981715,31.151568882549583,0.03193276759767059,6.4,8.620507421168993
42800.0,18490.0,-26.1,20.0,39.400000000000006,271.0,55.0,3189.0,60.2,13.600000000000001,66.10000000000001,1126.0,73.3,71.10000000000001,6430.6894266182935,33.437597280536686,19.260109483868895,10.441225193615322,0.767964875518272,1.0812029681173556,0.5700000000000001,1.0,1.0,1.0,0.9808591458979914,0.9808591458979914,49565.093631916985,246.90999999999997,0.6992419791782449,31.151568882549583,0.03193508454018329,6.5,8.623683134883665
42850.0,18510.0,-26.0,20.0,39.7,270.0,54.800000000000004,3184.0,59.400000000000006,13.5,66.60000000000001,1125.0,73.60000000000001,71.2,6433.057134927077,33.44562680039371,19.26720084192209,10.44373249174205,0.7681492903602157,1.0812029681173556,0.56,1.0,1.0,1.0,0.9808591458979914,0.9808591458979914,49565.093631916985,246.86999999999998,0.6993555568304741,31.151568882549583,0.03193741782928682,6.1000000000000005,8.626858279079908
42900.0,18500.0,-25.700000000000003,21.0,40.1,269.0,54.800000000000004,3185.0,60.400000000000006,13.700000000000001,65.5,1126.0,73.5,70.5,6435.42442007042,33.45365953437284,19.27429093258198,10.446240793510649,0.7683337790212459,1.0812029681173556,0.56,1.0,1.0,1.0,0.9808591458979914,0.9808591458979914,49565.093631916985,246.82999999999998,0.6994691703749666,31.151568882549583,0.03193976745436307,6.6000000000000005,8.630032855802835
42950.0,18490.0,-26.5,19.5,40.6,272.0,55.0,3187.0,59.800000000000004,13.600000000000001,65.0,1127.0,73.10000000000001,70.8,6437.791283569822,33.46169548427556,19.281379760405503,10.448750099483652,0.7685183415427373,1.0812029681173556,0.55,1.0,1.0,1.0,0.9808591458979914,0.9808591458979914,49565.093631916985,246.78999999999996,0.6995828198318352,31.151568882549583,0.03194213340483816,6.4,8.633206867092802
43000.0,18500.0,-26.5,20.5,39.300000000000004,271.0,55.0,3191.0,60.2,13.55,64.8,1124.0,72.8,71.4,6440.157726943266,33.46973465190465,19.288467329939067,10.451260410223997,0.7687029779660951,1.0812029681173558,0.54,1.0,1.0,0.9999999999999996,0.9808591458979913,0.9808591458979913,49565.093631916985,246.74999999999997,0.6996965052211999,31.151568882549583,0.03194451567018238,6.6000000000000005,8.63638031498546
43050.0,18470.0,-26.5,20.5,39.900000000000006,269.0,54.900000000000006,3176.0,59.7,13.65,65.0,1126.0,72.10000000000001,70.2,6442.523751705237,33.477777039064236,19.2955536457186,10.453771726295031,0.7688876883327539,1.0812029681173556,0.59,1.0,1.0,1.0,0.9808591458979914,0.9808591458979914,49565.093631916985,246.70999999999998,0.6998102265631868,31.151568882549583,0.031946914239910244,6.6000000000000005,8.639553201511758
43100.0,18480.0,-26.700000000000003,20.0,39.5,268.0,55.0,3191.0,60.2,13.65,64.4,1127.0,72.8,71.0,6444.88935936668,33.48582264755968,19.30263871226942,10.456284048260509,0.7690724726841782,1.0812029681173554,0.55,1.0,1.0,0.9999999999999996,0.9808591458979914,0.9808591458979914,49565.093631916985,246.67,0.6999239838779289,31.151568882549583,0.03194932910358002,6.300000000000001,8.642725528697905
43150.0,18460.0,-26.200000000000003,20.0,39.400000000000006,270.0,54.900000000000006,3187.0,59.800000000000004,13.65,64.9,1124.0,73.3,70.9,6447.254551435084,33.493871479197686,19.309722534106516,10.458797376684583,0.7692573310618629,1.0812029681173556,0.55,1.0,1.0,1.0,0.9808591458979914,0.9808591458979914,49565.093631916985,246.62999999999997,0.7000377771855651,31.151568882549583,0.03195176025079385,6.6000000000000005,8.645897298565478
43200.0,18490.0,-26.700000000000003,20.0,39.400000000000006,270.0,54.800000000000004,3192.0,60.2,13.600000000000001,64.4,1127.0,72.5,71.0,6449.619329414458,33.501923535786254,19.31680511573443,10.461311712131822,0.769442263507332,1.0812029681173556,0.49,1.0,1.0,1.0,0.9808591458979914,0.9808591458979914,49565.093631916985,246.58999999999997,0.7001516065062412,31.151568882549583,0.03195420767119768,6.1000000000000005,8.649068513131377
43250.0,18510.0,-26.5,20.0,39.6,269.0,55.0,3187.0,60.5,13.600000000000001,65.4,1123.0,72.8,71.10000000000001,6451.983694805325,33.509978819134695,19.323886461647277,10.4638270551672,0.7696272700621406,1.0812029681173556,0.55,1.0,1.0,1.0,0.9808591458979914,0.9808591458979914,49565.093631916985,246.54999999999998,0.7002654718601098,31.151568882549583,0.03195667135448099,6.300000000000001,8.652239174407839
43300.0,18500.0,-26.200000000000003,20.0,40.5,270.0,55.2,3186.0,59.900000000000006,13.600000000000001,65.7,1129.0,73.0,71.4,6454.347649104755,33.51803733105359,19.330966576328823,10.466343406356092,0.7698123507678722,1.0812029681173556,0.54,1.0,1.0,1.0,0.9808591458979914,0.9808591458979914,49565.093631916985,246.51,0.7003793732673294,31.151568882549583,0.03195915129037679,6.7,8.65540928440246
43350.0,18510.0,-26.5,20.0,40.300000000000004,269.0,55.0,3190.0,59.6,13.65,64.60000000000001,1126.0,72.9,70.60000000000001,6456.71119380638,33.52609907335488,19.33804546425255,10.468860766264298,0.7699975056661423,1.0812029681173556,0.56,1.0,1.0,1.0,0.9808591458979914,0.9808591458979914,49565.093631916985,246.46999999999997,0.7004933107480655,31.151568882549583,0.03196164746866141,6.5,8.658578845118232
43400.0,18490.0,-26.5,19.5,40.900000000000006,270.0,54.800000000000004,3184.0,60.300000000000004,13.55,64.5,1129.0,72.8,71.3,6459.074330400376,33.53416404785175,19.345123129881575,10.471379135458,0.7701827347985943,1.0812029681173556,0.59,1.0,1.0,1.0,0.9808591458979914,0.9808591458979914,49565.093631916985,246.42999999999998,0.7006072843224903,31.151568882549583,0.03196415987915461,6.5,8.661747858553513
43450.0,18530.0,-27.3,19.5,39.900000000000006,272.0,55.400000000000006,3194.0,59.800000000000004,13.55,64.8,1125.0,73.5,70.9,6461.437060373501,33.54223225635877,19.352199577668777,10.473898514503807,0.7703680382069032,1.0812029681173556,0.55,1.0,1.0,1.0,0.9808591458979914,0.9808591458979914,49565.093631916985,246.39,0.7007212940107821,31.151568882549583,0.031966688511719146,6.7,8.664916326702073
43500.0,18480.0,-26.8,19.5,39.900000000000006,270.0,54.900000000000006,3189.0,60.1,13.600000000000001,65.60000000000001,1125.0,73.2,70.9,6463.799385209096,33.55030370069176,19.35927481205682,10.476418903968737,0.7705534159327736,1.0812029681173556,0.54,1.0,1.0,1.0,0.9808591458979914,0.9808591458979914,49565.093631916985,246.34999999999997,0.7008353398331267,31.151568882549583,0.031969233356260895,6.300000000000001,8.668084251553102
43550.0,18500.0,-26.3,20.0,39.5,271.0,54.900000000000006,3190.0,59.800000000000004,13.700000000000001,65.0,1130.0,72.60000000000001,70.8,6466.161306387096,33.558378382667875,19.366348837478146,10.478940304420211,0.7707388680179401,1.0812029681173556,0.6,1.0,1.0,1.0,0.9808591458979914,0.9808591458979914,49565.093631916985,246.30999999999997,0.7009494218097154,31.151568882549583,0.031971794402728675,6.5,8.671251635091226
43600.0,18530.0,-26.900000000000002,20.0,40.800000000000004,269.0,54.7,3185.0,60.2,13.5,65.7,1128.0,73.60000000000001,71.5,6468.5228253840305,33.566456304105564,19.373421658355007,10.481462716426064,0.7709243945041675,1.0812029681173556,0.5700000000000001,1.0,1.0,1.0,0.9808591458979914,0.9808591458979914,49565.093631916985,246.26999999999998,0.7010635399607472,31.151568882549583,0.03197437164111409,6.800000000000001,8.674418479296493
43650.0,18510.0,-27.0,19.5,39.800000000000004,270.0,55.0,3180.0,59.900000000000006,13.600000000000001,65.60000000000001,1131.0,73.0,70.5,6470.883943673054,33.57453746682462,19.380493279099547,10.48398614055454,0.771109995433251,1.0812029681173556,0.5,1.0,1.0,1.0,0.9808591458979914,0.9808591458979914,49565.093631916985,246.22999999999996,0.7011776943064272,31.151568882549583,0.03197696506145155,6.6000000000000005,8.67758478614444
43700.0,18490.0,-26.700000000000003,20.5,39.400000000000006,270.0,55.300000000000004,3192.0,59.400000000000006,13.55,64.5,1128.0,73.10000000000001,69.60000000000001,6473.24466272393,33.58262187264613,19.387563704113745,10.486510577374288,0.7712956708470153,1.0812029681173556,0.55,1.0,1.0,1.0,0.9808591458979914,0.9808591458979914,49565.093631916985,246.18999999999997,0.7012918848669675,31.151568882549583,0.03197957465381801,6.7,8.680750557606045
43750.0,18500.0,-26.900000000000002,20.0,39.6,270.0,55.0,3191.0,60.2,13.600000000000001,66.0,1126.0,72.4,71.2,6475.6049840030655,33.590709523392505,19.39463293778955,10.489036027454379,0.7714814207873165,1.0812029681173556,0.56,1.0,1.0,1.0,0.9808591458979914,0.9808591458979914,49565.093631916985,246.14999999999998,0.7014061116625866,31.151568882549583,0.03198220040833294,6.6000000000000005,8.683915795647792
43800.0,18480.0,-26.5,20.5,39.900000000000006,269.0,55.2,3184.0,60.7,13.55,66.3,1126.0,73.5,70.60000000000001,6477.9649089735,33.59880042088743,19.401700984508793,10.491562491364279,0.7716672452960393,1.0812029681173556,0.56,1.0,1.0,1.0,0.9808591458979914,0.9808591458979914,49565.093631916985,246.10999999999999,0.7015203747135101,31.151568882549583,0.03198484231515813,6.7,8.687080502231643
43850.0,18510.0,-26.700000000000003,20.0,40.0,271.0,54.900000000000006,3191.0,59.900000000000006,13.600000000000001,65.4,1125.0,72.8,71.0,6480.324439094949,33.60689456695599,19.40876784864337,10.494089969673885,0.7718531444151003,1.0812029681173556,0.56,1.0,1.0,1.0,0.9808591458979914,0.9808591458979914,49565.093631916985,246.07,0.7016346740399705,31.151568882549583,0.031987500364497885,6.9,8.690244679315109
43900.0,18510.0,-27.0,19.5,39.7,272.0,54.800000000000004,3189.0,60.1,13.55,64.7,1125.0,72.7,70.60000000000001,6482.68357582377,33.61499196342456,19.415833534555123,10.496618462953498,0.7720391181864461,1.0812029681173556,0.6,1.0,1.0,1.0,0.9808591458979914,0.9808591458979914,49565.093631916985,246.02999999999997,0.7017490096622063,31.151568882549583,0.031990174546598436,6.5,8.693408328851193
43950.0,18490.0,-27.1,20.5,39.900000000000006,271.0,54.7,3193.0,60.0,13.600000000000001,64.9,1124.0,72.3,70.60000000000001,6485.042320612989,33.62309261212076,19.422898046595904,10.499147971773818,0.7722251666520522,1.0812029681173556,0.58,1.0,1.0,1.0,0.9808591458979914,0.9808591458979914,49565.093631916985,245.98999999999998,0.7018633816004635,31.151568882549583,0.03199286485174821,6.2,8.696571452788431
44000.0,18480.0,-27.5,20.0,39.900000000000006,270.0,55.2,3193.0,60.6,13.5,64.8,1129.0,72.8,71.4,6487.400674912343,33.63119651487365,19.429961389107717,10.501678496705983,0.7724112898539264,1.0812029681173556,0.56,1.0,1.0,1.0,0.9808591458979914,0.9808591458979914,49565.093631916985,245.95,0.7019777898749948,31.151568882549583,0.03199557127027761,6.9,8.699734053070951
44050.0,18510.0,-26.900000000000002,20.0,40.0,270.0,54.7,3194.0,60.2,13.55,66.10000000000001,1125.0,72.3,71.5,6489.758640168223,33.63930367351352,19.437023566422553,10.504210038321519,0.7725974878341054,1.0812029681173556,0.52,1.0,1.0,1.0,0.9808591458979914,0.9808591458979914,49565.093631916985,245.90999999999997,0.7020922345060595,31.151568882549583,0.031998293792558835,6.4,8.70289613163839
44100.0,18500.0,-27.1,20.5,40.2,270.0,54.800000000000004,3190.0,59.5,13.700000000000001,64.4,1126.0,72.5,70.60000000000001,6492.116217823759,33.64741408987203,19.444084582862626,10.506742597192384,0.7727837606346571,1.0812029681173556,0.56,1.0,1.0,1.0,0.9808591458979914,0.9808591458979914,49565.093631916985,245.86999999999998,0.702206715513924,31.151568882549583,0.032001032409005856,6.4,8.706057690426018
44150.0,18510.0,-27.200000000000003,20.0,39.900000000000006,271.0,55.2,3184.0,59.800000000000004,13.65,65.5,1124.0,73.2,70.5,6494.473409318774,33.65552776578216,19.451144442740247,10.50927617389094,0.7729701082976799,1.0812029681173556,0.6,1.0,1.0,1.0,0.9808591458979914,0.9808591458979914,49565.093631916985,245.82999999999998,0.7023212329188615,31.151568882549583,0.0320037871100743,6.6000000000000005,8.709218731364663
44200.0,18490.0,-27.5,19.5,40.1,270.0,54.800000000000004,3183.0,60.2,13.600000000000001,65.3,1128.0,72.7,71.0,6496.830216089822,33.66364470307821,19.458203150357942,10.51181076898997,0.7731565308653019,1.0812029681173556,0.64,1.0,1.0,1.0,0.9808591458979914,0.9808591458979914,49565.093631916985,245.78999999999996,0.702435786741152,31.151568882549583,0.03200655788626136,6.800000000000001,8.712379256380773
44250.0,18500.0,-27.5,18.5,40.400000000000006,271.0,54.900000000000006,3183.0,59.7,13.65,65.2,1129.0,73.0,71.4,6499.1866395701745,33.67176490359579,19.465260710008405,10.514346383062655,0.773343028379682,1.0812029681173556,0.5700000000000001,1.0,1.0,1.0,0.9808591458979914,0.9808591458979914,49565.093631916985,245.74999999999997,0.7025503770010826,31.151568882549583,0.03200934472810556,6.7,8.715539267396396
44300.0,18470.0,-27.8,20.0,40.400000000000006,272.0,55.0,3186.0,59.400000000000006,13.65,64.9,1134.0,72.7,72.0,6501.542681189866,33.67988836917188,19.472317125974627,10.516883016682614,0.7735296008830104,1.0812029681173556,0.58,1.0,1.0,1.0,0.9808591458979914,0.9808591458979914,49565.093631916985,245.70999999999998,0.7026650037189469,31.151568882549583,0.03201214762618688,6.2,8.718698766329235
44350.0,18500.0,-27.200000000000003,20.0,40.300000000000004,271.0,55.1,3188.0,59.6,13.600000000000001,65.4,1122.0,73.0,70.9,6503.898342375668,33.688015101644744,19.479372402529837,10.519420670423868,0.7737162484175067,1.0812029681173556,0.52,1.0,1.0,1.0,0.9808591458979914,0.9808591458979914,49565.093631916985,245.67,0.7027796669150461,31.151568882549583,0.032014966571126506,6.4,8.72185775509262
44400.0,18500.0,-26.900000000000002,20.0,40.400000000000006,270.0,54.6,3191.0,59.800000000000004,13.55,64.60000000000001,1127.0,73.3,71.4,6506.253624551115,33.69614510285402,19.486426543937558,10.521959344860857,0.7739029710254222,1.0812029681173556,0.61,1.0,1.0,1.0,0.9808591458979914,0.9808591458979914,49565.093631916985,245.62999999999997,0.7028943666096878,31.151568882549583,0.032017801553586675,6.9,8.725016235595536
44450.0,18480.0,-27.900000000000002,19.0,40.300000000000004,269.0,54.900000000000006,3188.0,60.1,13.5,64.5,1127.0,73.4,70.9,6508.608529136514,33.704278374640644,19.49347955445166,10.524499040568433,0.7740897687490375,1.0812029681173556,0.54,1.0,1.0,1.0,0.9808591458979914,0.9808591458979914,49565.093631916985,245.58999999999997,0.703009102823187,31.151568882549583,0.03202065256427071,6.0,8.72817420974265
44500.0,18510.0,-27.8,19.5,39.300000000000004,269.0,54.800000000000004,3187.0,59.6,13.600000000000001,65.10000000000001,1132.0,72.3,71.0,6510.96305754895,33.712414918846896,19.500531438316347,10.527039758121866,0.7742766416306647,1.0812029681173556,0.56,1.0,1.0,1.0,0.9808591458979914,0.9808591458979914,49565.093631916985,245.54999999999998,0.7031238755758654,31.151568882549583,0.03202351959392282,6.300000000000001,8.731331679434293
44550.0,18500.0,-27.400000000000002,20.0,40.6,268.0,54.800000000000004,3194.0,60.300000000000004,13.65,66.0,1122.0,73.2,71.5,6513.317211202306,33.7205547373164,19.507582199766247,10.529581498096846,0.7744635897126464,1.0812029681173556,0.54,1.0,1.0,1.0,0.9808591458979914,0.9808591458979914,49565.093631916985,245.51,0.7032386848880517,31.151568882549583,0.03202640263332803,7.2,8.734488646566517
44600.0,18500.0,-28.3,20.0,39.7,271.0,55.1,3186.0,60.5,13.65,64.8,1127.0,73.10000000000001,70.7,6515.670991507257,33.72869783189412,19.514631843026375,10.53212426106948,0.774650613037356,1.0812029681173556,0.55,1.0,1.0,1.0,0.9808591458979914,0.9808591458979914,49565.093631916985,245.46999999999997,0.703353530780082,31.151568882549583,0.03202930167331205,6.5,8.737645113031062
44650.0,18490.0,-28.400000000000002,20.0,39.2,269.0,54.6,3182.0,60.1,13.600000000000001,65.10000000000001,1124.0,72.7,71.10000000000001,6518.024399871286,33.736844204426305,19.521680372312183,10.534668047616286,0.7748377116471972,1.0812029681173556,0.56,1.0,1.0,1.0,0.9808591458979914,0.9808591458979914,49565.093631916985,245.42999999999998,0.703468413272299,31.151568882549583,0.03203221670474129,6.7,8.740801080715393
44700.0,18510.0,-27.8,19.0,39.7,270.0,54.800000000000004,3184.0,60.0,13.75,65.0,1127.0,72.5,71.5,6520.377437698694,33.74499385676062,19.528727791829596,10.537212858314208,0.7750248855846045,1.0812029681173556,0.59,1.0,1.0,1.0,0.9808591458979914,0.9808591458979914,49565.093631916985,245.39,0.703583332385053,31.151568882549583,0.032035147718522526,6.7,8.743956551502704
44750.0,18520.0,-27.900000000000002,20.0,40.7,271.0,54.6,3190.0,59.800000000000004,13.65,65.5,1123.0,73.0,71.0,6522.730106390623,33.75314679074604,19.535774105775076,10.539758693740602,0.7752121348920437,1.0812029681173556,0.5700000000000001,1.0,1.0,1.0,0.9808591458979914,0.9808591458979914,49565.093631916985,245.34999999999997,0.703698288138701,31.151568882549583,0.03203809470560303,6.7,8.747111527271954
44800.0,18520.0,-27.700000000000003,20.0,40.5,272.0,55.2,3189.0,60.1,13.600000000000001,65.3,1132.0,72.7,71.5,6525.082407345034,33.76130300823282,19.542819318335553,10.542305554473243,0.7753994596120106,1.0812029681173556,0.56,1.0,1.0,1.0,0.9808591458979914,0.9808591458979914,49565.093631916985,245.30999999999997,0.7038132805536067,31.151568882549583,0.03204105765697039,6.2,8.750266009897837
44850.0,18500.0,-28.0,20.5,40.0,269.0,55.300000000000004,3193.0,60.5,13.600000000000001,65.2,1129.0,72.7,71.0,6527.434341956744,33.76946251107265,19.549863433688557,10.54485344109033,0.7755868597870325,1.0812029681173556,0.56,1.0,1.0,1.0,0.9808591458979914,0.9808591458979914,49565.093631916985,245.26999999999998,0.7039283096501421,31.151568882549583,0.03204403656365237,6.2,8.753420001250834
44900.0,18500.0,-28.0,20.0,40.1,271.0,54.800000000000004,3187.0,59.800000000000004,13.55,64.9,1126.0,73.10000000000001,71.10000000000001,6529.785911617424,33.777625301118526,19.556906456002178,10.54740235417048,0.7757743354596672,1.0812029681173556,0.53,1.0,1.0,1.0,0.9808591458979914,0.9808591458979914,49565.093631916985,245.22999999999996,0.7040433754486856,31.151568882549583,0.03204703141671678,6.9,8.756573503197199
44950.0,18510.0,-28.200000000000003,20.5,40.1,270.0,55.1,3188.0,60.2,13.600000000000001,65.0,1122.0,73.10000000000001,70.7,6532.137117715611,33.785791380224744,19.563948389435126,10.54995229429272,0.775961886672503,1.0812029681173556,0.58,1.0,1.0,1.0,0.9808591458979914,0.9808591458979914,49565.093631916985,245.18999999999997,0.7041584779696223,31.151568882549583,0.03205004220727154,6.7,8.759726517598988
45000.0,18500.0,-27.700000000000003,20.0,40.1,270.0,55.300000000000004,3186.0,59.900000000000006,13.5,65.7,1125.0,72.8,70.60000000000001,6534.487961636718,33.793960750247024,19.57098923813676,10.552503262036511,0.7761495134681602,1.0812029681173556,0.56,1.0,1.0,1.0,0.9808591458979914,0.9808591458979914,49565.093631916985,245.14999999999998,0.7042736172333457,31.151568882549583,0.03205306892646437,6.2,8.762879046314072
45050.0,18470.0,-27.8,19.0,40.300000000000004,271.0,55.0,3194.0,60.0,13.700000000000001,65.0,1121.0,72.9,71.8,6534.218853113337,33.793960750247024,19.570183249963563,10.552503262036511,0.7761495134681602,1.0812029681173556,0.58,1.0,1.0,1.0,0.9808591458979914,0.9808591458979914,49565.093631916985,245.14999999999998,0.7042736172333457,31.151568882549583,0.032056093243449976,6.4,8.762518166402048
45100.0,18500.0,-27.700000000000003,20.0,41.1,270.0,55.2,3191.0,59.800000000000004,13.55,65.8,1127.0,73.10000000000001,70.10000000000001,6533.949958172517,33.793960750247024,19.5693779014766,10.552503262036511,0.7761495134681602,1.0812029681173556,0.58,1.0,1.0,1.0,0.9808591458979914,0.9808591458979914,49565.093631916985,245.14999999999998,0.7042736172333457,31.151568882549583,0.03205911516018142,6.6000000000000005,8.76215757290851
45150.0,18500.0,-27.900000000000002,20.0,39.800000000000004,270.0,54.900000000000006,3197.0,60.300000000000004,13.55,66.4,1126.0,72.9,71.3,6533.681276640609,33.793960750247024,19.568573192155792,10.552503262036511,0.7761495134681602,1.0812029681173556,0.5,1.0,1.0,1.0,0.9808591458979914,0.9808591458979914,49565.093631916985,245.14999999999998,0.7042736172333457,31.151568882549583,0.03206213467861097,6.5,8.761797265600592
45200.0,18490.0,-27.900000000000002,20.0,40.0,270.0,55.2,3190.0,60.0,13.600000000000001,66.3,1127.0,72.8,69.9,6533.412808344037,33.793960750247024,19.567769121481266,10.552503262036511,0.7761495134681602,1.0812029681173556,0.52,1.0,1.0,1.0,0.9808591458979914,0.9808591458979914,49565.093631916985,245.14999999999998,0.7042736172333457,31.151568882549583,0.03206515180068989,6.4,8.76143724424552
45250.0,18500.0,-28.200000000000003,20.0,39.800000000000004,269.0,55.1,3194.0,59.7,13.600000000000001,64.10000000000001,1123.0,72.7,71.5,6533.144553109312,33.793960750247024,19.566965688933422,10.552503262036511,0.7761495134681602,1.0812029681173556,0.54,1.0,1.0,1.0,0.9808591458979914,0.9808591458979914,49565.093631916985,245.14999999999998,0.7042736172333457,31.151568882549583,0.032068166528368386,6.300000000000001,8.76107750861065
45300.0,18500.0,-28.0,19.5,40.800000000000004,270.0,55.0,3187.0,60.1,13.700000000000001,66.2,1125.0,73.3,71.2,6532.876510763036,33.793960750247024,19.566162893992924,10.552503262036511,0.7761495134681602,1.0812029681173556,0.59,1.0,1.0,1.0,0.9808591458979914,0.9808591458979914,49565.093631916985,245.14999999999998,0.7042736172333457,31.151568882549583,0.0320711788635959,6.5,8.760718058463448
45350.0,18500.0,-27.700000000000003,20.5,40.6,270.0,55.0,3179.0,59.5,13.55,64.5,1129.0,72.5,70.60000000000001,6532.608681131887,33.793960750247024,19.565360736140676,10.552503262036511,0.7761495134681602,1.0812029681173556,0.55,1.0,1.0,1.0,0.9808591458979914,0.9808591458979914,49565.093631916985,245.14999999999998,0.7042736172333457,31.151568882549583,0.03207418880832077,6.800000000000001,8.760358893571485
45400.0,18490.0,-27.8,20.0,40.400000000000006,271.0,55.0,3182.0,59.900000000000006,13.600000000000001,65.4,1125.0,73.3,70.9,6532.341064042635,33.793960750247024,19.564559214857834,10.552503262036511,0.7761495134681602,1.0812029681173556,0.53,1.0,1.0,1.0,0.9808591458979914,0.9808591458979914,49565.093631916985,245.14999999999998,0.7042736172333457,31.151568882549583,0.03207719636449049,6.4,8.760000013702454
45450.0,18520.0,-27.8,20.5,39.6,269.0,54.900000000000006,3189.0,59.900000000000006,13.55,65.0,1125.0,72.9,71.4,6532.0736593221245,33.793960750247024,19.56375832962581,10.552503262036511,0.7761495134681602,1.0812029681173556,0.52,1.0,1.0,1.0,0.9808591458979914,0.9808591458979914,49565.093631916985,245.14999999999998,0.7042736172333457,31.151568882549583,0.03208020153405156,6.6000000000000005,8.759641418624156
45500.0,18520.0,-28.0,19.5,40.400000000000006,269.0,55.0,3184.0,59.400000000000006,13.600000000000001,64.4,1127.0,73.3,71.8,6531.806466797291,33.793960750247024,19.562958079926258,10.552503262036511,0.7761495134681602,1.0812029681173556,0.56,1.0,1.0,1.0,0.9808591458979914,0.9808591458979914,49565.093631916985,245.14999999999998,0.7042736172333457,31.151568882549583,0.032083204318949544,6.800000000000001,8.759283108104503
45550.0,18500.0,-28.1,19.0,40.7,269.0,55.300000000000004,3191.0,59.7,13.600000000000001,66.5,1131.0,72.8,70.5,6531.539486295155,33.793960750247024,19.5621584652411,10.552503262036511,0.7761495134681602,1.0812029681173556,0.56,1.0,1.0,1.0,0.9808591458979914,0.9808591458979914,49565.093631916985,245.14999999999998,0.7042736172333457,31.151568882549583,0.03208620472112899,6.5,8.75892508191153
45600.0,18510.0,-27.8,19.0,40.2,270.0,55.0,3189.0,60.400000000000006,13.65,64.7,1127.0,72.8,70.0,6531.27271764282,33.793960750247024,19.56135948505251,10.552503262036511,0.7761495134681602,1.0812029681173556,0.56,1.0,1.0,1.0,0.9808591458979914,0.9808591458979914,49565.093631916985,245.14999999999998,0.7042736172333457,31.151568882549583,0.03208920274253363,7.0,8.758567339813375
45650.0,18480.0,-28.0,20.0,40.1,269.0,54.7,3183.0,60.400000000000006,13.55,64.9,1132.0,72.7,71.0,6531.006160667472,33.793960750247024,19.560561138842907,10.552503262036511,0.7761495134681602,1.0812029681173556,0.59,1.0,1.0,1.0,0.9808591458979914,0.9808591458979914,49565.093631916985,245.14999999999998,0.7042736172333457,31.151568882549583,0.03209219838510608,6.800000000000001,8.758209881578294
45700.0,18480.0,-28.200000000000003,20.0,40.800000000000004,269.0,54.900000000000006,3190.0,60.2,13.65,64.7,1126.0,73.0,71.5,6530.739815196387,33.793960750247024,19.55976342609497,10.552503262036511,0.7761495134681602,1.0812029681173556,0.55,1.0,1.0,1.0,0.9808591458979914,0.9808591458979914,49565.093631916985,245.14999999999998,0.7042736172333457,31.151568882549583,0.03209519165078807,6.5,8.75785270697466
45750.0,18490.0,-27.400000000000002,20.0,40.400000000000006,270.0,55.0,3182.0,59.400000000000006,13.700000000000001,65.2,1127.0,72.5,70.4,6530.473681056928,33.793960750247024,19.55896634629165,10.552503262036511,0.7761495134681602,1.0812029681173556,0.59,1.0,1.0,1.0,0.9808591458979914,0.9808591458979914,49565.093631916985,245.14999999999998,0.7042736172333457,31.151568882549583,0.03209818254152039,7.0,8.757495815770964
45800.0,18490.0,-27.8,20.0,40.0,271.0,54.900000000000006,3193.0,60.1,13.600000000000001,66.0,1128.0,72.9,71.5,6530.207758076535,33.793960750247024,19.558169898916127,10.552503262036511,0.7761495134681602,1.0812029681173556,0.6,1.0,1.0,1.0,0.9808591458979914,0.9808591458979914,49565.093631916985,245.14999999999998,0.7042736172333457,31.151568882549583,0.03210117105924281,6.800000000000001,8.757139207735797
45850.0,18450.0,-27.900000000000002,20.0,40.0,270.0,55.1,3191.0,59.900000000000006,13.700000000000001,65.60000000000001,1128.0,73.10000000000001,71.4,6529.9420460827405,33.793960750247024,19.55737408345185,10.552503262036511,0.7761495134681602,1.0812029681173556,0.59,1.0,1.0,1.0,0.9808591458979914,0.9808591458979914,49565.093631916985,245.14999999999998,0.7042736172333457,31.151568882549583,0.03210415720589421,6.5,8.756782882637877
45900.0,18510.0,-27.900000000000002,21.0,40.400000000000006,269.0,55.5,3180.0,60.2,13.55,66.3,1128.0,72.7,70.7,6529.676544903157,33.793960750247024,19.55657889938252,10.552503262036511,0.7761495134681602,1.0812029681173556,0.54,1.0,1.0,1.0,0.9808591458979914,0.9808591458979914,49565.093631916985,245.14999999999998,0.7042736172333457,31.151568882549583,0.03210714098341245,6.5,8.756426840246032
45950.0,18500.0,-28.200000000000003,20.0,40.2,269.0,54.7,3190.0,60.2,13.65,65.5,1131.0,73.3,72.2,6529.41125436549,33.793960750247024,19.5557843461921,10.552503262036511,0.7761495134681602,1.0812029681173556,0.65,1.0,1.0,1.0,0.9808591458979914,0.9808591458979914,49565.093631916985,245.14999999999998,0.7042736172333457,31.151568882549583,0.032110122393734467,6.1000000000000005,8.75607108032921
46000.0,18470.0,-28.0,20.5,40.0,271.0,54.900000000000006,3186.0,59.800000000000004,13.600000000000001,65.7,1126.0,72.8,71.10000000000001,6529.1461742975225,33.793960750247024,19.554990423364803,10.552503262036511,0.7761495134681602,1.0812029681173556,0.55,1.0,1.0,1.0,0.9808591458979914,0.9808591458979914,49565.093631916985,245.14999999999998,0.7042736172333457,31.151568882549583,0.032113101438796164,6.800000000000001,8.755715602656464
46050.0,18490.0,-28.3,20.0,40.2,269.0,55.300000000000004,3196.0,59.800000000000004,13.700000000000001,63.7,1130.0,72.60000000000001,71.3,6528.881304527133,33.793960750247024,19.55419713038512,10.552503262036511,0.7761495134681602,1.0812029681173556,0.53,1.0,1.0,1.0,0.9808591458979914,0.9808591458979914,49565.093631916985,245.14999999999998,0.7042736172333457,31.151568882549583,0.03211607812053254,6.5,8.755360406996976
46100.0,18490.0,-28.0,21.0,40.0,272.0,54.900000000000006,3194.0,59.5,13.600000000000001,64.8,1131.0,73.0,69.8,6528.616644882276,33.793960750247024,19.553404466737764,10.552503262036511,0.7761495134681602,1.0812029681173556,0.52,1.0,1.0,1.0,0.9808591458979914,0.9808591458979914,49565.093631916985,245.14999999999998,0.7042736172333457,31.151568882549583,0.03211905244087763,6.300000000000001,8.75500549312003
46150.0,18510.0,-27.700000000000003,20.0,39.800000000000004,271.0,54.800000000000004,3190.0,60.1,13.600000000000001,65.4,1127.0,73.10000000000001,70.2,6528.352195190997,33.793960750247024,19.552612431907733,10.552503262036511,0.7761495134681602,1.0812029681173556,0.58,1.0,1.0,1.0,0.9808591458979914,0.9808591458979914,49565.093631916985,245.14999999999998,0.7042736172333457,31.151568882549583,0.03212202440176445,6.800000000000001,8.754650860795032
46200.0,18500.0,-27.8,20.0,40.400000000000006,270.0,54.800000000000004,3192.0,59.5,13.600000000000001,64.9,1126.0,73.0,70.5,6528.0879552814295,33.793960750247024,19.551821025380274,10.552503262036511,0.7761495134681602,1.0812029681173556,0.58,1.0,1.0,1.0,0.9808591458979914,0.9808591458979914,49565.093631916985,245.14999999999998,0.7042736172333457,31.151568882549583,0.03212499400512507,6.5,8.754296509791503
46250.0,18490.0,-27.6,20.0,40.300000000000004,271.0,55.300000000000004,3191.0,59.900000000000006,13.5,65.3,1130.0,73.10000000000001,69.10000000000001,6527.82392498179,33.793960750247024,19.551030246640895,10.552503262036511,0.7761495134681602,1.0812029681173556,0.59,1.0,1.0,1.0,0.9808591458979914,0.9808591458979914,49565.093631916985,245.14999999999998,0.7042736172333457,31.151568882549583,0.03212796125289059,6.800000000000001,8.75394243987908
46300.0,18500.0,-27.700000000000003,20.5,39.7,271.0,54.7,3188.0,60.0,13.55,65.3,1130.0,73.4,71.2,6527.560104120383,33.793960750247024,19.55024009517536,10.552503262036511,0.7761495134681602,1.0812029681173556,0.51,1.0,1.0,1.0,0.9808591458979914,0.9808591458979914,49565.093631916985,245.14999999999998,0.7042736172333457,31.151568882549583,0.032130926146991166,6.2,8.753588650827517
46350.0,18500.0,-28.0,20.0,40.800000000000004,270.0,55.1,3192.0,60.0,13.8,64.60000000000001,1125.0,72.60000000000001,71.60000000000001,6527.2964925255965,33.793960750247024,19.54945057046969,10.552503262036511,0.7761495134681602,1.0812029681173556,0.58,1.0,1.0,1.0,0.9808591458979914,0.9808591458979914,49565.093631916985,245.14999999999998,0.7042736172333457,31.151568882549583,0.03213388868935587,6.4,8.753235142406675
46400.0,18490.0,-27.6,20.0,40.6,270.0,55.1,3190.0,59.800000000000004,13.600000000000001,64.4,1128.0,73.2,71.3,6527.033090025917,33.793960750247024,19.548661672010198,10.552503262036511,0.7761495134681602,1.0812029681173556,0.58,1.0,1.0,1.0,0.9808591458979914,0.9808591458979914,49565.093631916985,245.14999999999998,0.7042736172333457,31.151568882549583,0.03213684888191293,6.5,8.752881914386556
46450.0,18520.0,-27.700000000000003,20.5,40.6,270.0,55.1,3191.0,59.7,13.5,64.3,1127.0,72.8,70.10000000000001,6526.769896449901,33.793960750247024,19.5478733992834,10.552503262036511,0.7761495134681602,1.0812029681173556,0.5700000000000001,1.0,1.0,1.0,0.9808591458979914,0.9808591458979914,49565.093631916985,245.14999999999998,0.7042736172333457,31.151568882549583,0.03213980672658953,6.5,8.752528966537248
46500.0,18510.0,-27.400000000000002,20.0,39.7,271.0,55.0,3187.0,59.7,13.55,65.0,1129.0,73.10000000000001,71.7,6526.506911626201,33.793960750247024,19.547085751776105,10.552503262036511,0.7761495134681602,1.0812029681173556,0.58,1.0,1.0,1.0,0.9808591458979914,0.9808591458979914,49565.093631916985,245.14999999999998,0.7042736172333457,31.151568882549583,0.03214276222531185,6.6000000000000005,8.752176298628969
46550.0,18500.0,-28.3,19.5,39.7,268.0,54.800000000000004,3195.0,60.1,13.55,65.4,1122.0,73.0,71.5,6526.244135383561,33.793960750247024,19.546298728975398,10.552503262036511,0.7761495134681602,1.0812029681173556,0.56,1.0,1.0,1.0,0.9808591458979914,0.9808591458979914,49565.093631916985,245.14999999999998,0.7042736172333457,31.151568882549583,0.032145715380005165,6.1000000000000005,8.751823910432064
46600.0,18500.0,-27.6,20.0,39.400000000000006,272.0,54.7,3187.0,59.7,13.5,64.8,1129.0,73.4,70.60000000000001,6525.9815675508,33.793960750247024,19.545512330368588,10.552503262036511,0.7761495134681602,1.0812029681173556,0.53,1.0,1.0,1.0,0.9808591458979914,0.9808591458979914,49565.093631916985,245.14999999999998,0.7042736172333457,31.151568882549583,0.03214866619259368,6.6000000000000005,8.751471801716974
46650.0,18510.0,-27.900000000000002,20.0,40.0,270.0,55.0,3193.0,60.7,13.600000000000001,65.10000000000001,1128.0,72.7,71.2,6525.719207956835,33.793960750247024,19.544726555443276,10.552503262036511,0.7761495134681602,1.0812029681173556,0.5700000000000001,1.0,1.0,1.0,0.9808591458979914,0.9808591458979914,49565.093631916985,245.14999999999998,0.7042736172333457,31.151568882549583,0.03215161466500069,6.4,8.751119972254275
46700.0,18510.0,-28.0,19.5,40.1,270.0,55.2,3192.0,60.0,13.55,65.10000000000001,1128.0,73.10000000000001,71.0,6525.457056430668,33.793960750247024,19.543941403687317,10.552503262036511,0.7761495134681602,1.0812029681173556,0.56,1.0,1.0,1.0,0.9808591458979914,0.9808591458979914,49565.093631916985,245.14999999999998,0.7042736172333457,31.151568882549583,0.03215456079914848,6.800000000000001,8.750768421814655
46750.0,18490.0,-27.200000000000003,20.5,39.5,270.0,55.2,3187.0,59.6,13.5,65.4,1123.0,72.4,71.10000000000001,6525.1951128013825,33.793960750247024,19.54315687458881,10.552503262036511,0.7761495134681602,1.0812029681173556,0.55,1.0,1.0,1.0,0.9808591458979914,0.9808591458979914,49565.093631916985,245.14999999999998,0.7042736172333457,31.151568882549583,0.03215750459695835,6.4,8.75041715016891
46800.0,18490.0,-28.400000000000002,20.0,39.7,270.0,55.1,3187.0,59.800000000000004,13.450000000000001,65.3,1127.0,72.8,70.3,6524.933376898157,33.793960750247024,19.54237296763614,10.552503262036511,0.7761495134681602,1.0812029681173556,0.56,1.0,1.0,1.0,0.9808591458979914,0.9808591458979914,49565.093631916985,245.14999999999998,0.7042736172333457,31.151568882549583,0.032160446060350546,6.6000000000000005,8.750066157087968
46850.0,18500.0,-27.5,20.5,40.0,271.0,55.0,3189.0,60.400000000000006,13.55,65.10000000000001,1130.0,73.0,70.60000000000001,6524.671848550256,33.793960750247024,19.54158968231795,10.552503262036511,0.7761495134681602,1.0812029681173556,0.51,1.0,1.0,1.0,0.9808591458979914,0.9808591458979914,49565.093631916985,245.14999999999998,0.7042736172333457,31.151568882549583,0.032163385191244453,6.0,8.749715442342865
46900.0,18520.0,-27.900000000000002,19.5,40.1,269.0,54.900000000000006,3185.0,59.6,13.450000000000001,64.10000000000001,1129.0,72.60000000000001,71.10000000000001,6524.41052758703,33.793960750247024,19.54080701812314,10.552503262036511,0.7761495134681602,1.0812029681173556,0.59,1.0,1.0,1.0,0.9808591458979914,0.9808591458979914,49565.093631916985,245.14999999999998,0.7042736172333457,31.151568882549583,0.03216632199155834,6.5,8.749365005704759
46950.0,18500.0,-27.900000000000002,20.0,40.5,272.0,55.300000000000004,3180.0,59.900000000000006,13.600000000000001,65.4,1123.0,72.3,71.4,6524.14941383792,33.793960750247024,19.54002497454088,10.552503262036511,0.7761495134681602,1.0812029681173556,0.54,1.0,1.0,1.0,0.9808591458979914,0.9808591458979914,49565.093631916985,245.14999999999998,0.7042736172333457,31.151568882549583,0.032169256463209596,6.2,8.749014846944927
47000.0,18490.0,-27.900000000000002,19.5,40.1,269.0,54.7,3194.0,60.1,13.55,64.8,1131.0,73.10000000000001,71.4,6523.888507132454,33.793960750247024,19.539243551060597,10.552503262036511,0.7761495134681602,1.0812029681173556,0.54,1.0,1.0,1.0,0.9808591458979914,0.9808591458979914,49565.093631916985,245.14999999999998,0.7042736172333457,31.151568882549583,0.032172188608114556,6.5,8.748664965834763
47050.0,18500.0,-28.1,20.0,39.800000000000004,270.0,54.7,3191.0,60.1,13.600000000000001,65.4,1126.0,72.7,71.10000000000001,6523.627807300244,33.793960750247024,19.53846274717198,10.552503262036511,0.7761495134681602,1.0812029681173556,0.58,1.0,1.0,1.0,0.9808591458979914,0.9808591458979914,49565.093631916985,245.14999999999998,0.7042736172333457,31.151568882549583,0.03217511842818856,6.4,8.748315362145773
47100.0,18490.0,-28.0,19.5,40.6,270.0,55.0,3185.0,60.2,13.55,64.7,1129.0,73.10000000000001,69.5,6523.367314170999,33.793960750247024,19.537682562365,10.552503262036511,0.7761495134681602,1.0812029681173556,0.56,1.0,1.0,1.0,0.9808591458979914,0.9808591458979914,49565.093631916985,245.14999999999998,0.7042736172333457,31.151568882549583,0.03217804592534597,6.6000000000000005,8.747966035649593
47150.0,18500.0,-27.900000000000002,19.0,38.900000000000006,269.0,55.1,3175.0,59.7,13.450000000000001,64.9,1132.0,72.9,70.7,6523.107027574506,33.793960750247024,19.536902996129864,10.552503262036511,0.7761495134681602,1.0812029681173556,0.59,1.0,1.0,1.0,0.9808591458979914,0.9808591458979914,49565.093631916985,245.14999999999998,0.7042736172333457,31.151568882549583,0.032180971101500165,6.5,8.747616986117965
47200.0,18500.0,-27.700000000000003,20.0,40.1,270.0,54.900000000000006,3192.0,59.900000000000006,13.700000000000001,64.4,1131.0,73.10000000000001,70.3,6522.846947340651,33.793960750247024,19.536124047957077,10.552503262036511,0.7761495134681602,1.0812029681173556,0.58,1.0,1.0,1.0,0.9808591458979914,0.9808591458979914,49565.093631916985,245.14999999999998,0.7042736172333457,31.151568882549583,0.03218389395856349,6.4,8.747268213322762
47250.0,18500.0,-28.1,20.0,40.400000000000006,270.0,54.800000000000004,3184.0,60.1,13.600000000000001,64.7,1131.0,73.2,70.5,6522.587073299401,33.793960750247024,19.535345717337382,10.552503262036511,0.7761495134681602,1.0812029681173556,0.54,1.0,1.0,1.0,0.9808591458979914,0.9808591458979914,49565.093631916985,245.14999999999998,0.7042736172333457,31.151568882549583,0.03218681449844731,6.5,8.746919717035963
47300.0,18500.0,-27.6,20.5,40.0,271.0,55.2,3189.0,60.1,13.65,65.4,1125.0,72.7,70.60000000000001,6522.3274052808165,33.793960750247024,19.534568003761805,10.552503262036511,0.7761495134681602,1.0812029681173556,0.54,1.0,1.0,1.0,0.9808591458979914,0.9808591458979914,49565.093631916985,245.14999999999998,0.7042736172333457,31.151568882549583,0.032189732723062046,6.2,8.74657149702968
47350.0,18510.0,-27.900000000000002,19.5,39.900000000000006,270.0,55.0,3184.0,59.6,13.65,64.10000000000001,1126.0,72.8,70.7,6522.067943115041,33.793960750247024,19.533790906721624,10.552503262036511,0.7761495134681602,1.0812029681173556,0.5700000000000001,1.0,1.0,1.0,0.9808591458979914,0.9808591458979914,49565.093631916985,245.14999999999998,0.7042736172333457,31.151568882549583,0.03219264863431704,6.9,8.746223553076133
47400.0,18480.0,-27.700000000000003,18.5,40.6,268.0,55.5,3187.0,60.400000000000006,13.65,64.8,1126.0,72.60000000000001,71.2,6521.80868663231,33.793960750247024,19.533014425708384,10.552503262036511,0.7761495134681602,1.0812029681173556,0.55,1.0,1.0,1.0,0.9808591458979914,0.9808591458979914,49565.093631916985,245.14999999999998,0.7042736172333457,31.151568882549583,0.03219556223412062,6.300000000000001,8.745875884947662
47450.0,18510.0,-28.3,20.0,40.0,269.0,54.900000000000006,3195.0,59.900000000000006,13.55,64.9,1128.0,72.60000000000001,71.0,6521.549635662955,33.793960750247024,19.532238560213926,10.552503262036511,0.7761495134681602,1.0812029681173556,0.5700000000000001,1.0,1.0,1.0,0.9808591458979914,0.9808591458979914,49565.093631916985,245.14999999999998,0.7042736172333457,31.151568882549583,0.03219847352438018,6.1000000000000005,8.745528492416735
47500.0,18520.0,-27.5,19.5,39.6,270.0,54.7,3194.0,59.900000000000006,13.700000000000001,64.60000000000001,1127.0,73.4,70.60000000000001,6521.290790037387,33.793960750247024,19.531463309730327,10.552503262036511,0.7761495134681602,1.0812029681173556,0.5700000000000001,1.0,1.0,1.0,0.9808591458979914,0.9808591458979914,49565.093631916985,245.14999999999998,0.7042736172333457,31.151568882549583,0.03220138250700208,6.800000000000001,8.745181375255937
47550.0,18490.0,-28.400000000000002,19.5,40.2,270.0,55.2,3187.0,59.6,13.450000000000001,66.8,1128.0,73.0,70.9,6521.03214958611,33.793960750247024,19.530688673749943,10.552503262036511,0.7761495134681602,1.0812029681173556,0.52,1.0,1.0,1.0,0.9808591458979914,0.9808591458979914,49565.093631916985,245.14999999999998,0.7042736172333457,31.151568882549583,0.03220428918389168,6.300000000000001,8.744834533237965
47600.0,18520.0,-27.8,19.5,39.5,270.0,54.900000000000006,3197.0,59.900000000000006,13.5,65.0,1128.0,72.5,71.0,6520.773714139716,33.793960750247024,19.529914651765385,10.552503262036511,0.7761495134681602,1.0812029681173556,0.6,1.0,1.0,1.0,0.9808591458979914,0.9808591458979914,49565.093631916985,245.14999999999998,0.7042736172333457,31.151568882549583,0.032207193556953284,6.6000000000000005,8.744487966135642
47650.0,18490.0,-28.1,19.0,39.900000000000006,270.0,54.800000000000004,3196.0,60.2,13.450000000000001,64.0,1124.0,73.5,71.2,6520.5154835288895,33.793960750247024,19.529141243269553,10.552503262036511,0.7761495134681602,1.0812029681173556,0.61,1.0,1.0,1.0,0.9808591458979914,0.9808591458979914,49565.093631916985,245.14999999999998,0.7042736172333457,31.151568882549583,0.032210095628090296,6.5,8.744141673721911
47700.0,18500.0,-28.400000000000002,20.0,39.900000000000006,270.0,55.300000000000004,3188.0,60.400000000000006,13.5,66.60000000000001,1126.0,73.2,71.2,6520.257457584402,33.793960750247024,19.5283684477556,10.552503262036511,0.7761495134681602,1.0812029681173556,0.55,1.0,1.0,1.0,0.9808591458979914,0.9808591458979914,49565.093631916985,245.14999999999998,0.7042736172333457,31.151568882549583,0.032212995399205004,6.7,8.743795655769835
47750.0,18510.0,-28.200000000000003,19.5,40.0,270.0,55.300000000000004,3191.0,60.0,13.65,63.800000000000004,1125.0,73.0,71.3,6519.999636137115,33.793960750247024,19.527596264716955,10.552503262036511,0.7761495134681602,1.0812029681173556,0.5700000000000001,1.0,1.0,1.0,0.9808591458979914,0.9808591458979914,49565.093631916985,245.14999999999998,0.7042736172333457,31.151568882549583,0.03221589287219871,6.9,8.743449912052595
47800.0,18510.0,-28.1,20.0,40.2,270.0,55.300000000000004,3184.0,60.1,13.65,64.8,1126.0,72.9,71.10000000000001,6519.742019017985,33.793960750247024,19.52682469364732,10.552503262036511,0.7761495134681602,1.0812029681173556,0.55,1.0,1.0,1.0,0.9808591458979914,0.9808591458979914,49565.093631916985,245.14999999999998,0.7042736172333457,31.151568882549583,0.032218788048971776,6.300000000000001,8.743104442343498
47850.0,18510.0,-27.900000000000002,20.5,40.300000000000004,272.0,55.2,3185.0,60.1,13.55,64.8,1123.0,72.8,71.0,6519.484606058047,33.793960750247024,19.52605373404065,10.552503262036511,0.7761495134681602,1.0812029681173556,0.56,1.0,1.0,1.0,0.9808591458979914,0.9808591458979914,49565.093631916985,245.14999999999998,0.7042736172333457,31.151568882549583,0.032221680931423476,6.2,8.742759246415963
47900.0,18480.0,-27.400000000000002,20.0,39.7,270.0,55.400000000000006,3191.0,59.2,13.8,63.900000000000006,1126.0,72.5,70.4,6519.2273970884335,33.793960750247024,19.525283385391177,10.552503262036511,0.7761495134681602,1.0812029681173556,0.5700000000000001,1.0,1.0,1.0,0.9808591458979914,0.9808591458979914,49565.093631916985,245.14999999999998,0.7042736172333457,31.151568882549583,0.03222457152145212,6.0,8.742414324043532
47950.0,18500.0,-27.6,19.5,39.400000000000006,270.0,54.900000000000006,3186.0,59.6,13.65,65.4,1124.0,72.60000000000001,70.8,6518.970391940366,33.793960750247024,19.5245136471934,10.552503262036511,0.7761495134681602,1.0812029681173556,0.53,1.0,1.0,1.0,0.9808591458979914,0.9808591458979914,49565.093631916985,245.14999999999998,0.7042736172333457,31.151568882549583,0.03222745982095494,6.6000000000000005,8.742069674999872
48000.0,18520.0,-28.0,19.5,40.2,270.0,55.0,3190.0,60.2,13.600000000000001,65.0,1132.0,73.4,71.10000000000001,6518.71359044516,33.793960750247024,19.52374451894211,10.552503262036511,0.7761495134681602,1.0812029681173556,0.56,1.0,1.0,1.0,0.9808591458979914,0.9808591458979914,49565.093631916985,245.14999999999998,0.7042736172333457,31.151568882549583,0.03223034583182819,6.300000000000001,8.741725299058768
48050.0,18510.0,-27.900000000000002,19.5,39.900000000000006,269.0,55.2,3191.0,60.1,13.600000000000001,64.60000000000001,1122.0,72.5,70.4,6518.456992434216,33.793960750247024,19.522976000132342,10.552503262036511,0.7761495134681602,1.0812029681173556,0.53,1.0,1.0,1.0,0.9808591458979914,0.9808591458979914,49565.093631916985,245.14999999999998,0.7042736172333457,31.151568882549583,0.0322332295559671,6.6000000000000005,8.741381195994133
48100.0,18510.0,-28.0,20.5,39.7,270.0,55.0,3193.0,60.0,13.600000000000001,64.0,1125.0,73.3,69.7,6518.200597739028,33.793960750247024,19.52220809025942,10.552503262036511,0.7761495134681602,1.0812029681173556,0.6,1.0,1.0,1.0,0.9808591458979914,0.9808591458979914,49565.093631916985,245.14999999999998,0.7042736172333457,31.151568882549583,0.03223611099526593,6.6000000000000005,8.741037365579992
48150.0,18490.0,-28.200000000000003,21.0,40.6,270.0,55.0,3186.0,60.0,13.55,65.0,1131.0,72.9,70.2,6517.944406191177,33.793960750247024,19.52144078881892,10.552503262036511,0.7761495134681602,1.0812029681173556,0.52,1.0,1.0,1.0,0.9808591458979914,0.9808591458979914,49565.093631916985,245.14999999999998,0.7042736172333457,31.151568882549583,0.03223899015161788,6.5,8.740693807590494
48200.0,18490.0,-27.900000000000002,19.0,40.300000000000004,269.0,55.0,3187.0,60.5,13.600000000000001,66.2,1128.0,73.4,70.60000000000001,6517.688417622335,33.793960750247024,19.520674095306696,10.552503262036511,0.7761495134681602,1.0812029681173556,0.5700000000000001,1.0,1.0,1.0,0.9808591458979914,0.9808591458979914,49565.093631916985,245.14999999999998,0.7042736172333457,31.151568882549583,0.0322418670269151,6.800000000000001,8.740350521799904
48250.0,18510.0,-27.8,20.0,39.900000000000006,271.0,55.300000000000004,3186.0,59.800000000000004,13.55,65.5,1125.0,73.2,71.0,6517.43263186427,33.793960750247024,19.519908009218888,10.552503262036511,0.7761495134681602,1.0812029681173556,0.54,1.0,1.0,1.0,0.9808591458979914,0.9808591458979914,49565.093631916985,245.14999999999998,0.7042736172333457,31.151568882549583,0.032244741623048745,6.9,8.740007507982623
48300.0,18480.0,-27.5,20.0,39.2,271.0,55.2,3187.0,59.7,13.5,66.4,1125.0,72.5,70.8,6517.177048748836,33.793960750247024,19.51914253005189,10.552503262036511,0.7761495134681602,1.0812029681173556,0.51,1.0,1.0,1.0,0.9808591458979914,0.9808591458979914,49565.093631916985,245.14999999999998,0.7042736172333457,31.151568882549583,0.032247613941909024,6.300000000000001,8.739664765913163
48350.0,18510.0,-27.8,20.0,40.0,270.0,55.0,3185.0,59.800000000000004,13.55,64.60000000000001,1130.0,73.2,70.2,6516.921668107975,33.793960750247024,19.518377657302374,10.552503262036511,0.7761495134681602,1.0812029681173556,0.52,1.0,1.0,1.0,0.9808591458979914,0.9808591458979914,49565.093631916985,245.14999999999998,0.7042736172333457,31.151568882549583,0.03225048398538499,6.5,8.739322295366158
48400.0,18530.0,-28.3,20.0,40.0,270.0,54.900000000000006,3193.0,60.1,13.65,65.3,1129.0,73.5,71.4,6516.666489773726,33.793960750247024,19.517613390467282,10.552503262036511,0.7761495134681602,1.0812029681173556,0.63,1.0,1.0,1.0,0.9808591458979914,0.9808591458979914,49565.093631916985,245.14999999999998,0.7042736172333457,31.151568882549583,0.03225335175536472,6.800000000000001,8.738980096116363
48450.0,18490.0,-27.700000000000003,20.5,40.800000000000004,269.0,55.1,3186.0,60.2,13.600000000000001,65.3,1123.0,73.2,70.8,6516.411513578224,33.793960750247024,19.516849729043855,10.552503262036511,0.7761495134681602,1.0812029681173556,0.5700000000000001,1.0,1.0,1.0,0.9808591458979914,0.9808591458979914,49565.093631916985,245.14999999999998,0.7042736172333457,31.151568882549583,0.03225621725373535,7.0,8.73863816793867
48500.0,18500.0,-27.900000000000002,20.0,40.1,272.0,55.0,3186.0,60.6,13.55,64.0,1125.0,72.5,69.8,6516.156739353677,33.793960750247024,19.51608667252955,10.552503262036511,0.7761495134681602,1.0812029681173556,0.55,1.0,1.0,1.0,0.9808591458979914,0.9808591458979914,49565.093631916985,245.14999999999998,0.7042736172333457,31.151568882549583,0.03225908048238284,6.5,8.73829651060807
48550.0,18510.0,-27.8,20.5,39.6,271.0,55.300000000000004,3190.0,60.1,13.5,65.60000000000001,1131.0,73.10000000000001,70.4,6515.902166932406,33.793960750247024,19.515324220422166,10.552503262036511,0.7761495134681602,1.0812029681173556,0.56,1.0,1.0,1.0,0.9808591458979914,0.9808591458979914,49565.093631916985,245.14999999999998,0.7042736172333457,31.151568882549583,0.03226194144319221,6.4,8.737955123899695
48600.0,18500.0,-27.8,20.0,40.400000000000006,270.0,54.800000000000004,3186.0,59.800000000000004,13.600000000000001,66.10000000000001,1132.0,73.2,70.8,6515.647796146806,33.793960750247024,19.51456237221972,10.552503262036511,0.7761495134681602,1.0812029681173556,0.52,1.0,1.0,1.0,0.9808591458979914,0.9808591458979914,49565.093631916985,245.14999999999998,0.7042736172333457,31.151568882549583,0.03226480013804755,6.6000000000000005,8.73761400758879
48650.0,18490.0,-27.5,19.0,40.2,269.0,55.0,3191.0,60.300000000000004,13.600000000000001,65.4,1125.0,73.0,71.2,6515.393626829368,33.793960750247024,19.51380112742052,10.552503262036511,0.7761495134681602,1.0812029681173556,0.5700000000000001,1.0,1.0,1.0,0.9808591458979914,0.9808591458979914,49565.093631916985,245.14999999999998,0.7042736172333457,31.151568882549583,0.03226765656883168,6.4,8.73727316145072
48700.0,18500.0,-27.700000000000003,19.5,39.6,270.0,54.900000000000006,3183.0,60.400000000000006,13.5,64.8,1125.0,72.8,70.2,6515.1396588126845,33.793960750247024,19.51304048552317,10.552503262036511,0.7761495134681602,1.0812029681173556,0.58,1.0,1.0,1.0,0.9808591458979914,0.9808591458979914,49565.093631916985,245.14999999999998,0.7042736172333457,31.151568882549583,0.0322705107374266,6.5,8.736932585260988
48750.0,18510.0,-28.200000000000003,21.0,39.2,269.0,55.400000000000006,3190.0,60.1,13.65,65.3,1128.0,72.60000000000001,71.10000000000001,6514.885891929427,33.793960750247024,19.51228044602652,10.552503262036511,0.7761495134681602,1.0812029681173556,0.58,1.0,1.0,1.0,0.9808591458979914,0.9808591458979914,49565.093631916985,245.14999999999998,0.7042736172333457,31.151568882549583,0.03227336264571316,6.9,8.7365922787952
48800.0,18520.0,-27.900000000000002,19.5,40.7,269.0,55.1,3187.0,59.900000000000006,13.65,65.10000000000001,1128.0,72.7,70.60000000000001,6514.6323260123645,33.793960750247024,19.511521008429707,10.552503262036511,0.7761495134681602,1.0812029681173556,0.54,1.0,1.0,1.0,0.9808591458979914,0.9808591458979914,49565.093631916985,245.14999999999998,0.7042736172333457,31.151568882549583,0.03227621229557127,6.5,8.736252241829101
48850.0,18500.0,-27.400000000000002,20.0,39.1,271.0,55.1,3188.0,59.900000000000006,13.55,66.10000000000001,1127.0,72.3,70.8,6514.378960894357,33.793960750247024,19.51076217223214,10.552503262036511,0.7761495134681602,1.0812029681173556,0.6,1.0,1.0,1.0,0.9808591458979914,0.9808591458979914,49565.093631916985,245.14999999999998,0.7042736172333457,31.151568882549583,0.03227905968887969,6.6000000000000005,8.735912474138551
48900.0,18490.0,-28.3,19.5,40.6,270.0,54.7,3190.0,60.0,13.55,64.3,1124.0,73.3,70.8,6514.125796408357,33.793960750247024,19.51000393693351,10.552503262036511,0.7761495134681602,1.0812029681173556,0.58,1.0,1.0,1.0,0.9808591458979914,0.9808591458979914,49565.093631916985,245.14999999999998,0.7042736172333457,31.151568882549583,0.032281904827516195,6.6000000000000005,8.735572975499535
48950.0,18500.0,-28.1,20.0,40.5,271.0,54.800000000000004,3188.0,60.300000000000004,13.75,66.0,1125.0,73.4,70.7,6513.872832387413,33.793960750247024,19.509246302033795,10.552503262036511,0.7761495134681602,1.0812029681173556,0.59,1.0,1.0,1.0,0.9808591458979914,0.9808591458979914,49565.093631916985,245.14999999999998,0.7042736172333457,31.151568882549583,0.03228474771335758,6.7,8.73523374568817
49000.0,18480.0,-27.8,20.5,40.0,270.0,54.7,3191.0,60.1,13.55,64.7,1127.0,72.8,70.7,6513.620068664656,33.793960750247024,19.50848926703321,10.552503262036511,0.7761495134681602,1.0812029681173556,0.51,1.0,1.0,1.0,0.9808591458979914,0.9808591458979914,49565.093631916985,245.14999999999998,0.7042736172333457,31.151568882549583,0.03228758834827957,6.9,8.734894784480678
49050.0,18500.0,-28.3,19.0,40.400000000000006,270.0,55.0,3192.0,60.300000000000004,13.600000000000001,64.8,1126.0,73.10000000000001,71.4,6513.367505073314,33.793960750247024,19.507732831432264,10.552503262036511,0.7761495134681602,1.0812029681173556,0.56,1.0,1.0,1.0,0.9808591458979914,0.9808591458979914,49565.093631916985,245.14999999999998,0.7042736172333457,31.151568882549583,0.03229042673415679,6.9,8.734556091653415
49100.0,18500.0,-27.900000000000002,21.0,40.7,271.0,54.800000000000004,3197.0,60.0,13.600000000000001,63.6,1128.0,72.60000000000001,70.9,6513.115141446712,33.793960750247024,19.506976994731776,10.552503262036511,0.7761495134681602,1.0812029681173556,0.53,1.0,1.0,1.0,0.9808591458979914,0.9808591458979914,49565.093631916985,245.14999999999998,0.7042736172333457,31.151568882549583,0.032293262872862945,7.0,8.73421766698287
49150.0,18510.0,-27.3,19.5,40.6,269.0,55.0,3186.0,59.900000000000006,13.55,64.4,1124.0,72.8,70.7,6512.862977618258,33.793960750247024,19.506221756432783,10.552503262036511,0.7761495134681602,1.0812029681173556,0.6,1.0,1.0,1.0,0.9808591458979914,0.9808591458979914,49565.093631916985,245.14999999999998,0.7042736172333457,31.151568882549583,0.03229609676627061,6.6000000000000005,8.733879510245636
49200.0,18510.0,-28.400000000000002,20.0,40.300000000000004,270.0,54.800000000000004,3192.0,59.800000000000004,13.55,65.2,1127.0,72.8,70.4,6512.611013421459,33.793960750247024,19.50546711603664,10.552503262036511,0.7761495134681602,1.0812029681173556,0.53,1.0,1.0,1.0,0.9808591458979914,0.9808591458979914,49565.093631916985,245.14999999999998,0.7042736172333457,31.151568882549583,0.032298928416251316,6.4,8.733541621218444
49250.0,18510.0,-27.900000000000002,20.5,40.2,270.0,54.7,3185.0,59.800000000000004,13.55,65.5,1129.0,73.7,70.3,6512.359248689914,33.793960750247024,19.504713073044975,10.552503262036511,0.7761495134681602,1.0812029681173556,0.61,1.0,1.0,1.0,0.9808591458979914,0.9808591458979914,49565.093631916985,245.14999999999998,0.7042736172333457,31.151568882549583,0.0323017578246756,6.9,8.73320399967815
49300.0,18500.0,-27.8,20.5,40.0,270.0,54.900000000000006,3179.0,60.0,13.55,64.3,1128.0,72.4,71.10000000000001,6512.107683257314,33.793960750247024,19.50395962695968,10.552503262036511,0.7761495134681602,1.0812029681173556,0.58,1.0,1.0,1.0,0.9808591458979914,0.9808591458979914,49565.093631916985,245.14999999999998,0.7042736172333457,31.151568882549583,0.03230458499341294,6.4,8.732866645401725
49350.0,18500.0,-28.3,20.5,40.1,270.0,55.1,3186.0,59.5,13.65,65.3,1126.0,73.10000000000001,71.3,6511.856316957441,33.793960750247024,19.50320677728293,10.552503262036511,0.7761495134681602,1.0812029681173556,0.59,1.0,1.0,1.0,0.9808591458979914,0.9808591458979914,49565.093631916985,245.14999999999998,0.7042736172333457,31.151568882549583,0.032307409924331745,6.4,8.732529558166268
49400.0,18480.0,-28.400000000000002,20.0,40.6,269.0,54.900000000000006,3186.0,59.800000000000004,13.600000000000001,64.10000000000001,1130.0,72.9,71.9,6511.605149624173,33.793960750247024,19.502454523517184,10.552503262036511,0.7761495134681602,1.0812029681173556,0.53,1.0,1.0,1.0,0.9808591458979914,0.9808591458979914,49565.093631916985,245.14999999999998,0.7042736172333457,31.151568882549583,0.032310232619299446,6.9,8.73219273774901
49450.0,18520.0,-28.1,20.0,39.6,269.0,55.0,3188.0,59.5,13.75,64.8,1127.0,72.7,70.5,6511.354181091473,33.793960750247024,19.501702865165157,10.552503262036511,0.7761495134681602,1.0812029681173556,0.55,1.0,1.0,1.0,0.9808591458979914,0.9808591458979914,49565.093631916985,245.14999999999998,0.7042736172333457,31.151568882549583,0.032313053080182355,6.5,8.731856183927288
49500.0,18500.0,-27.700000000000003,20.0,40.300000000000004,270.0,55.0,3187.0,60.300000000000004,13.600000000000001,64.8,1126.0,72.9,70.7,6511.103411193408,33.793960750247024,19.500951801729876,10.552503262036511,0.7761495134681602,1.0812029681173556,0.56,1.0,1.0,1.0,0.9808591458979914,0.9808591458979914,49565.093631916985,245.14999999999998,0.7042736172333457,31.151568882549583,0.032315871308845744,6.4,8.731519896478584
49550.0,18510.0,-27.700000000000003,21.0,39.800000000000004,271.0,54.6,3192.0,59.6,13.55,65.10000000000001,1125.0,72.7,70.4,6510.852839764135,33.793960750247024,19.50020133271463,10.552503262036511,0.7761495134681602,1.0812029681173556,0.58,1.0,1.0,1.0,0.9808591458979914,0.9808591458979914,49565.093631916985,245.14999999999998,0.7042736172333457,31.151568882549583,0.032318687307153884,6.300000000000001,8.7311838751805
49600.0,18500.0,-28.1,20.5,40.300000000000004,269.0,55.2,3186.0,60.1,13.55,65.10000000000001,1133.0,73.0,70.4,6510.602466637897,33.793960750247024,19.499451457622982,10.552503262036511,0.7761495134681602,1.0812029681173556,0.55,1.0,1.0,1.0,0.9808591458979914,0.9808591458979914,49565.093631916985,245.14999999999998,0.7042736172333457,31.151568882549583,0.03232150107696993,6.1000000000000005,8.730848119810753
49650.0,18520.0,-27.900000000000002,19.5,39.6,270.0,55.2,3184.0,60.300000000000004,13.600000000000001,64.3,1126.0,73.60000000000001,69.9,6510.352291649042,33.793960750247024,19.49870217595879,10.552503262036511,0.7761495134681602,1.0812029681173556,0.54,1.0,1.0,1.0,0.9808591458979914,0.9808591458979914,49565.093631916985,245.14999999999998,0.7042736172333457,31.151568882549583,0.03232431262015604,6.7,8.7305126301472
49700.0,18500.0,-28.200000000000003,20.5,40.400000000000006,270.0,54.900000000000006,3187.0,60.1,13.5,65.7,1131.0,72.9,70.8,6510.102314632004,33.793960750247024,19.497953487226184,10.552503262036511,0.7761495134681602,1.0812029681173556,0.6,1.0,1.0,1.0,0.9808591458979914,0.9808591458979914,49565.093631916985,245.14999999999998,0.7042736172333457,31.151568882549583,0.03232712193857331,7.0,8.73017740596781
49750.0,18520.0,-28.5,20.0,40.2,270.0,55.400000000000006,3195.0,59.800000000000004,13.600000000000001,64.4,1126.0,72.9,71.10000000000001,6509.852535421308,33.793960750247024,19.497205390929558,10.552503262036511,0.7761495134681602,1.0812029681173556,0.53,1.0,1.0,1.0,0.9808591458979914,0.9808591458979914,49565.093631916985,245.14999999999998,0.7042736172333457,31.151568882549583,0.0323299290340818,5.9,8.729842447050682
49800.0,18480.0,-28.3,19.5,40.1,269.0,54.800000000000004,3185.0,59.7,13.55,64.5,1129.0,72.60000000000001,70.5,6509.602953851577,33.793960750247024,19.496457886573605,10.552503262036511,0.7761495134681602,1.0812029681173556,0.54,1.0,1.0,1.0,0.9808591458979914,0.9808591458979914,49565.093631916985,245.14999999999998,0.7042736172333457,31.151568882549583,0.03233273390854045,6.7,8.729507753174042
49850.0,18500.0,-27.700000000000003,19.5,40.0,270.0,54.800000000000004,3188.0,60.5,13.55,64.8,1124.0,72.4,70.2,6509.353569757529,33.793960750247024,19.495710973663304,10.552503262036511,0.7761495134681602,1.0812029681173556,0.55,1.0,1.0,1.0,0.9808591458979914,0.9808591458979914,49565.093631916985,245.14999999999998,0.7042736172333457,31.151568882549583,0.032335536563807235,6.4,8.729173324116243
49900.0,18500.0,-28.5,19.5,40.2,269.0,54.900000000000006,3190.0,59.800000000000004,13.600000000000001,64.0,1129.0,73.10000000000001,70.7,6509.104382973972,33.793960750247024,19.494964651703892,10.552503262036511,0.7761495134681602,1.0812029681173556,0.59,1.0,1.0,1.0,0.9808591458979914,0.9808591458979914,49565.093631916985,245.14999999999998,0.7042736172333457,31.151568882549583,0.03233833700173905,6.4,8.728839159655758
49950.0,18490.0,-27.6,21.0,39.7,270.0,55.2,3188.0,60.2,13.65,64.5,1128.0,72.9,70.0,6508.855393335804,33.793960750247024,19.49421892020089,10.552503262036511,0.7761495134681602,1.0812029681173556,0.53,1.0,1.0,1.0,0.9808591458979914,0.9808591458979914,49565.093631916985,245.14999999999998,0.7042736172333457,31.151568882549583,0.03234113522419169,6.300000000000001,8.72850525957118
50000.0,18510.0,-27.700000000000003,20.5,40.2,270.0,55.1,3190.0,60.1,13.5,64.4,1124.0,73.3,71.4,6508.606600678029,33.793960750247024,19.493473778660125,10.552503262036511,0.7761495134681602,1.0812029681173556,0.5,1.0,1.0,1.0,0.9808591458979914,0.9808591458979914,49565.093631916985,245.14999999999998,0.7042736172333457,31.151568882549583,0.03234393123301997,6.9,8.728171623641252
50050.0,18500.0,-27.700000000000003,20.5,40.6,270.0,54.7,3188.0,60.2,13.600000000000001,65.3,1127.0,72.7,70.10000000000001,6508.358004835732,33.793960750247024,19.49272922658767,10.552503262036511,0.7761495134681602,1.0812029681173556,0.55,1.0,1.0,1.0,0.9808591458979914,0.9808591458979914,49565.093631916985,245.14999999999998,0.7042736172333457,31.151568882549583,0.03234672503007756,6.6000000000000005,8.727838251644814
50100.0,18480.0,-28.200000000000003,19.0,39.800000000000004,271.0,54.800000000000004,3191.0,60.900000000000006,13.700000000000001,64.9,1129.0,72.5,69.8,6508.1096056441,33.793960750247024,19.491985263489916,10.552503262036511,0.7761495134681602,1.0812029681173556,0.56,1.0,1.0,1.0,0.9808591458979914,0.9808591458979914,49565.093631916985,245.14999999999998,0.7042736172333457,31.151568882549583,0.03234951661721711,6.6000000000000005,8.727505143360853
50150.0,18510.0,-28.200000000000003,20.0,40.1,270.0,55.0,3185.0,60.1,13.600000000000001,64.60000000000001,1129.0,73.3,71.0,6507.861402938412,33.793960750247024,19.491241888873507,10.552503262036511,0.7761495134681602,1.0812029681173556,0.53,1.0,1.0,1.0,0.9808591458979914,0.9808591458979914,49565.093631916985,245.14999999999998,0.7042736172333457,31.151568882549583,0.03235230599629022,6.5,8.727172298568469
50200.0,18490.0,-28.0,19.5,40.5,271.0,55.2,3193.0,59.900000000000006,13.55,65.9,1127.0,72.5,71.10000000000001,6507.613396554041,33.793960750247024,19.49049910224539,10.552503262036511,0.7761495134681602,1.0812029681173556,0.5700000000000001,1.0,1.0,1.0,0.9808591458979914,0.9808591458979914,49565.093631916985,245.14999999999998,0.7042736172333457,31.151568882549583,0.03235509316914742,6.9,8.726839717046902
50250.0,18500.0,-28.0,21.0,39.400000000000006,270.0,54.800000000000004,3180.0,60.300000000000004,13.55,65.4,1128.0,73.2,70.4,6507.365586326456,33.793960750247024,19.48975690311278,10.552503262036511,0.7761495134681602,1.0812029681173556,0.54,1.0,1.0,1.0,0.9808591458979914,0.9808591458979914,49565.093631916985,245.14999999999998,0.7042736172333457,31.151568882549583,0.03235787813763821,6.5,8.726507398575505
50300.0,18510.0,-28.0,19.5,39.5,270.0,54.900000000000006,3188.0,59.900000000000006,13.55,65.0,1128.0,73.60000000000001,71.0,6507.117972091215,33.793960750247024,19.489015290983176,10.552503262036511,0.7761495134681602,1.0812029681173556,0.61,1.0,1.0,1.0,0.9808591458979914,0.9808591458979914,49565.093631916985,245.14999999999998,0.7042736172333457,31.151568882549583,0.03236066090361095,6.300000000000001,8.726175342933761
50350.0,18480.0,-28.0,20.5,40.300000000000004,271.0,54.5,3193.0,60.1,13.5,65.3,1127.0,73.10000000000001,71.10000000000001,6506.870553683978,33.793960750247024,19.488274265364367,10.552503262036511,0.7761495134681602,1.0812029681173556,0.5700000000000001,1.0,1.0,1.0,0.9808591458979914,0.9808591458979914,49565.093631916985,245.14999999999998,0.7042736172333457,31.151568882549583,0.03236344146891307,6.1000000000000005,8.725843549901288
50400.0,18500.0,-28.5,20.5,40.6,269.0,54.900000000000006,3185.0,59.900000000000006,13.600000000000001,64.60000000000001,1129.0,73.3,71.2,6506.623330940491,33.793960750247024,19.487533825764416,10.552503262036511,0.7761495134681602,1.0812029681173556,0.53,1.0,1.0,1.0,0.9808591458979914,0.9808591458979914,49565.093631916985,245.14999999999998,0.7042736172333457,31.151568882549583,0.032366219835390765,6.9,8.725512019257817
50450.0,18520.0,-27.5,20.0,39.7,269.0,54.800000000000004,3188.0,60.300000000000004,13.700000000000001,64.60000000000001,1127.0,72.9,70.3,6506.376303696603,33.793960750247024,19.486793971691682,10.552503262036511,0.7761495134681602,1.0812029681173556,0.58,1.0,1.0,1.0,0.9808591458979914,0.9808591458979914,49565.093631916985,245.14999999999998,0.7042736172333457,31.151568882549583,0.03236899600488936,6.6000000000000005,8.72518075078322
50500.0,18500.0,-27.900000000000002,20.5,40.2,269.0,55.2,3189.0,59.900000000000006,13.600000000000001,65.0,1130.0,72.60000000000001,71.3,6506.129471788246,33.793960750247024,19.486054702654773,10.552503262036511,0.7761495134681602,1.0812029681173556,0.56,1.0,1.0,1.0,0.9808591458979914,0.9808591458979914,49565.093631916985,245.14999999999998,0.7042736172333457,31.151568882549583,0.03237176997925291,6.4,8.724849744257474
50550.0,18490.0,-28.3,19.0,40.300000000000004,272.0,54.7,3185.0,60.2,13.600000000000001,65.3,1127.0,72.7,70.5,6505.882835051464,33.793960750247024,19.485316018162642,10.552503262036511,0.7761495134681602,1.0812029681173556,0.49,1.0,1.0,1.0,0.9808591458979914,0.9808591458979914,49565.093631916985,245.14999999999998,0.7042736172333457,31.151568882549583,0.03237454176032455,6.2,8.724518999460715
50600.0,18510.0,-27.6,20.5,40.2,268.0,54.900000000000006,3194.0,60.5,13.700000000000001,64.7,1124.0,72.9,70.60000000000001,6505.636393322381,33.793960750247024,19.48457791772447,10.552503262036511,0.7761495134681602,1.0812029681173556,0.61,1.0,1.0,1.0,0.9808591458979914,0.9808591458979914,49565.093631916985,245.14999999999998,0.7042736172333457,31.151568882549583,0.0323773113499463,6.6000000000000005,8.72418851617318
50650.0,18500.0,-28.0,20.0,40.300000000000004,269.0,54.800000000000004,3194.0,59.5,13.700000000000001,63.7,1125.0,73.3,70.60000000000001,6505.390146437223,33.793960750247024,19.48384040084975,10.552503262036511,0.7761495134681602,1.0812029681173556,0.52,1.0,1.0,1.0,0.9808591458979914,0.9808591458979914,49565.093631916985,245.14999999999998,0.7042736172333457,31.151568882549583,0.03238007874995915,6.6000000000000005,8.723858294175244
50700.0,18500.0,-28.0,19.5,40.0,270.0,55.5,3187.0,59.900000000000006,13.55,65.9,1123.0,73.10000000000001,70.5,6505.144094232304,33.793960750247024,19.48310346704824,10.552503262036511,0.7761495134681602,1.0812029681173556,0.52,1.0,1.0,1.0,0.9808591458979914,0.9808591458979914,49565.093631916985,245.14999999999998,0.7042736172333457,31.151568882549583,0.03238284396220288,6.300000000000001,8.723528333247405
50750.0,18500.0,-28.200000000000003,20.0,40.7,270.0,54.7,3185.0,59.900000000000006,13.55,64.9,1128.0,73.60000000000001,70.60000000000001,6504.898236544049,33.793960750247024,19.482367115830026,10.552503262036511,0.7761495134681602,1.0812029681173556,0.53,1.0,1.0,1.0,0.9808591458979914,0.9808591458979914,49565.093631916985,245.14999999999998,0.7042736172333457,31.151568882549583,0.03238560698851641,6.800000000000001,8.723198633170302
50800.0,18520.0,-27.900000000000002,20.0,40.2,270.0,54.6,3191.0,60.300000000000004,13.700000000000001,64.4,1128.0,73.0,70.60000000000001,6504.652573208957,33.793960750247024,19.48163134670542,10.552503262036511,0.7761495134681602,1.0812029681173556,0.56,1.0,1.0,1.0,0.9808591458979914,0.9808591458979914,49565.093631916985,245.14999999999998,0.7042736172333457,31.151568882549583,0.03238836783073749,6.5,8.722869193724677
50850.0,18500.0,-27.8,20.5,39.7,270.0,54.900000000000006,3186.0,59.5,13.600000000000001,65.10000000000001,1127.0,73.0,70.8,6504.407104063631,33.793960750247024,19.48089615918504,10.552503262036511,0.7761495134681602,1.0812029681173556,0.6,1.0,1.0,1.0,0.9808591458979914,0.9808591458979914,49565.093631916985,245.14999999999998,0.7042736172333457,31.151568882549583,0.03239112649070268,6.4,8.722540014691411
50900.0,18490.0,-28.0,21.0,39.5,271.0,55.2,3179.0,60.1,13.65,64.7,1125.0,72.7,70.4,6504.16182894478,33.793960750247024,19.480161552779823,10.552503262036511,0.7761495134681602,1.0812029681173556,0.55,1.0,1.0,1.0,0.9808591458979914,0.9808591458979914,49565.093631916985,245.14999999999998,0.7042736172333457,31.151568882549583,0.032393882970247624,6.4,8.722211095851529
50950.0,18500.0,-27.6,19.5,39.300000000000004,271.0,55.0,3187.0,60.0,13.600000000000001,64.5,1128.0,72.60000000000001,70.4,6503.916747689198,33.793960750247024,19.47942752700097,10.552503262036511,0.7761495134681602,1.0812029681173556,0.49,1.0,1.0,1.0,0.9808591458979914,0.9808591458979914,49565.093631916985,245.14999999999998,0.7042736172333457,31.151568882549583,0.032396637271206924,6.800000000000001,8.721882436986169
51000.0,18500.0,-27.8,20.0,40.2,270.0,55.1,3185.0,59.6,13.600000000000001,64.4,1131.0,73.10000000000001,70.2,6503.671860133767,33.793960750247024,19.47869408135993,10.552503262036511,0.7761495134681602,1.0812029681173556,0.55,1.0,1.0,1.0,0.9808591458979914,0.9808591458979914,49565.093631916985,245.14999999999998,0.7042736172333457,31.151568882549583,0.03239938939541402,6.5,8.721554037876585
51050.0,18500.0,-27.900000000000002,20.0,39.400000000000006,268.0,54.900000000000006,3191.0,59.900000000000006,13.700000000000001,64.8,1130.0,73.4,71.10000000000001,6503.427166115475,33.793960750247024,19.477961215368477,10.552503262036511,0.7761495134681602,1.0812029681173556,0.52,1.0,1.0,1.0,0.9808591458979914,0.9808591458979914,49565.093631916985,245.14999999999998,0.7042736172333457,31.151568882549583,0.032402139344701215,6.5,8.721225898304176
51100.0,18510.0,-27.900000000000002,20.5,39.400000000000006,272.0,54.800000000000004,3180.0,59.900000000000006,13.4,64.10000000000001,1133.0,72.8,69.8,6503.182665471409,33.793960750247024,19.477228928538686,10.552503262036511,0.7761495134681602,1.0812029681173556,0.56,1.0,1.0,1.0,0.9808591458979914,0.9808591458979914,49565.093631916985,245.14999999999998,0.7042736172333457,31.151568882549583,0.03240488712089991,6.300000000000001,8.72089801805047
51150.0,18510.0,-28.200000000000003,20.0,39.5,272.0,55.1,3188.0,59.900000000000006,13.55,64.3,1125.0,73.5,70.3,6502.938358038739,33.793960750247024,19.47649722038288,10.552503262036511,0.7761495134681602,1.0812029681173556,0.5,1.0,1.0,1.0,0.9808591458979914,0.9808591458979914,49565.093631916985,245.14999999999998,0.7042736172333457,31.151568882549583,0.03240763272584021,6.2,8.720570396897111
51200.0,18510.0,-28.1,20.0,40.5,269.0,55.1,3186.0,60.2,13.55,64.60000000000001,1129.0,73.2,70.5,6502.694243654747,33.793960750247024,19.4757660904137,10.552503262036511,0.7761495134681602,1.0812029681173556,0.55,1.0,1.0,1.0,0.9808591458979914,0.9808591458979914,49565.093631916985,245.14999999999998,0.7042736172333457,31.151568882549583,0.03241037616135143,6.9,8.72024303462589
51250.0,18510.0,-28.1,19.5,40.400000000000006,270.0,55.0,3189.0,60.1,13.600000000000001,65.5,1130.0,73.10000000000001,71.2,6502.450322156788,33.793960750247024,19.47503553814403,10.552503262036511,0.7761495134681602,1.0812029681173556,0.56,1.0,1.0,1.0,0.9808591458979914,0.9808591458979914,49565.093631916985,245.14999999999998,0.7042736172333457,31.151568882549583,0.03241311742926153,6.7,8.719915931018697
51300.0,18510.0,-27.700000000000003,20.5,40.300000000000004,272.0,54.900000000000006,3188.0,59.900000000000006,13.55,63.6,1130.0,72.60000000000001,70.60000000000001,6502.206593382335,33.793960750247024,19.474305563087093,10.552503262036511,0.7761495134681602,1.0812029681173556,0.52,1.0,1.0,1.0,0.9808591458979914,0.9808591458979914,49565.093631916985,245.14999999999998,0.7042736172333457,31.151568882549583,0.03241585653139748,6.7,8.71958908585758
51350.0,18490.0,-28.3,20.0,39.7,270.0,55.0,3192.0,59.800000000000004,13.55,64.8,1128.0,73.5,70.0,6501.96305716895,33.793960750247024,19.473576164756384,10.552503262036511,0.7761495134681602,1.0812029681173556,0.55,1.0,1.0,1.0,0.9808591458979914,0.9808591458979914,49565.093631916985,245.14999999999998,0.7042736172333457,31.151568882549583,0.032418593469585255,6.800000000000001,8.719262498924707
51400.0,18520.0,-28.3,19.5,40.2,270.0,54.800000000000004,3189.0,60.5,13.5,65.7,1126.0,73.10000000000001,71.3,6501.719713354286,33.793960750247024,19.472847342665666,10.552503262036511,0.7761495134681602,1.0812029681173556,0.5700000000000001,1.0,1.0,1.0,0.9808591458979914,0.9808591458979914,49565.093631916985,245.14999999999998,0.7042736172333457,31.151568882549583,0.032421328245649694,6.4,8.718936170002365
51450.0,18510.0,-28.0,20.5,39.900000000000006,271.0,54.7,3184.0,59.6,13.600000000000001,63.900000000000006,1125.0,72.60000000000001,71.3,6501.476561776094,33.793960750247024,19.472119096329006,10.552503262036511,0.7761495134681602,1.0812029681173556,0.53,1.0,1.0,1.0,0.9808591458979914,0.9808591458979914,49565.093631916985,245.14999999999998,0.7042736172333457,31.151568882549583,0.03242406086141452,6.2,8.718610098872979
51500.0,18500.0,-27.5,20.0,40.0,271.0,55.2,3190.0,59.800000000000004,13.65,64.0,1125.0,73.5,71.2,6501.233602272225,33.793960750247024,19.47139142526075,10.552503262036511,0.7761495134681602,1.0812029681173556,0.5700000000000001,1.0,1.0,1.0,0.9808591458979914,0.9808591458979914,49565.093631916985,245.14999999999998,0.7042736172333457,31.151568882549583,0.03242679131870242,6.0,8.7182842853191
51550.0,18490.0,-28.200000000000003,20.0,39.5,270.0,55.400000000000006,3190.0,60.1,13.5,63.800000000000004,1124.0,72.4,70.60000000000001,6500.9908346806205,33.793960750247024,19.47066432897554,10.552503262036511,0.7761495134681602,1.0812029681173556,0.5700000000000001,1.0,1.0,1.0,0.9808591458979914,0.9808591458979914,49565.093631916985,245.14999999999998,0.7042736172333457,31.151568882549583,0.03242951961933497,6.300000000000001,8.717958729123406
51600.0,18500.0,-27.5,21.0,40.300000000000004,270.0,55.1,3194.0,59.400000000000006,13.700000000000001,64.4,1126.0,72.8,70.7,6500.748258839325,33.793960750247024,19.469937806988312,10.552503262036511,0.7761495134681602,1.0812029681173556,0.53,1.0,1.0,1.0,0.9808591458979914,0.9808591458979914,49565.093631916985,245.14999999999998,0.7042736172333457,31.151568882549583,0.032432245765132726,6.4,8.717633430068712
51650.0,18510.0,-27.900000000000002,20.0,39.900000000000006,271.0,55.2,3192.0,60.1,13.65,65.3,1134.0,73.4,70.5,6500.505874586468,33.793960750247024,19.46921185881425,10.552503262036511,0.7761495134681602,1.0812029681173556,0.53,1.0,1.0,1.0,0.9808591458979914,0.9808591458979914,49565.093631916985,245.14999999999998,0.7042736172333457,31.151568882549583,0.032434969757915,6.4,8.717308387937946
51700.0,18500.0,-27.8,19.5,40.5,269.0,54.7,3188.0,59.7,13.5,64.4,1125.0,73.0,70.2,6500.263681760296,33.793960750247024,19.46848648396891,10.552503262036511,0.7761495134681602,1.0812029681173556,0.54,1.0,1.0,1.0,0.9808591458979914,0.9808591458979914,49565.093631916985,245.14999999999998,0.7042736172333457,31.151568882549583,0.03243769159950019,6.5,8.716983602514192
51750.0,18510.0,-27.5,20.0,40.1,270.0,55.1,3190.0,60.400000000000006,13.450000000000001,64.60000000000001,1128.0,72.9,70.10000000000001,6500.021680199131,33.793960750247024,19.467761681968053,10.552503262036511,0.7761495134681602,1.0812029681173556,0.52,1.0,1.0,1.0,0.9808591458979914,0.9808591458979914,49565.093631916985,245.14999999999998,0.7042736172333457,31.151568882549583,0.03244041129170563,6.7,8.71665907358064
51800.0,18490.0,-28.5,20.5,40.2,270.0,54.800000000000004,3188.0,60.400000000000006,13.5,63.800000000000004,1125.0,72.9,70.3,6499.779869741395,33.793960750247024,19.467037452327748,10.552503262036511,0.7761495134681602,1.0812029681173556,0.58,1.0,1.0,1.0,0.9808591458979914,0.9808591458979914,49565.093631916985,245.14999999999998,0.7042736172333457,31.151568882549583,0.032443128836347375,6.800000000000001,8.716334800920606
51850.0,18500.0,-27.8,20.0,40.0,269.0,54.800000000000004,3183.0,60.0,13.600000000000001,63.900000000000006,1127.0,72.7,70.0,6499.538250225618,33.793960750247024,19.466313794564392,10.552503262036511,0.7761495134681602,1.0812029681173556,0.54,1.0,1.0,1.0,0.9808591458979914,0.9808591458979914,49565.093631916985,245.14999999999998,0.7042736172333457,31.151568882549583,0.03244584423524054,6.2,8.71601078431756
51900.0,18510.0,-28.0,20.5,39.800000000000004,270.0,55.400000000000006,3182.0,60.400000000000006,13.700000000000001,65.2,1126.0,73.5,70.4,6499.296821490418,33.793960750247024,19.46559070819464,10.552503262036511,0.7761495134681602,1.0812029681173556,0.54,1.0,1.0,1.0,0.9808591458979914,0.9808591458979914,49565.093631916985,245.14999999999998,0.7042736172333457,31.151568882549583,0.03244855749019907,6.4,8.71568702355508
51950.0,18490.0,-28.3,20.5,39.7,270.0,54.7,3189.0,59.7,13.5,64.7,1130.0,73.10000000000001,70.8,6499.055583374512,33.793960750247024,19.46486819273544,10.552503262036511,0.7761495134681602,1.0812029681173556,0.56,1.0,1.0,1.0,0.9808591458979914,0.9808591458979914,49565.093631916985,245.14999999999998,0.7042736172333457,31.151568882549583,0.03245126860303594,6.4,8.715363518416888
52000.0,18510.0,-28.200000000000003,20.5,40.5,269.0,54.900000000000006,3186.0,59.6,13.55,65.5,1124.0,73.4,70.3,6498.814535716711,33.793960750247024,19.464146247704036,10.552503262036511,0.7761495134681602,1.0812029681173556,0.62,1.0,1.0,1.0,0.9808591458979914,0.9808591458979914,49565.093631916985,245.14999999999998,0.7042736172333457,31.151568882549583,0.03245397757556287,6.300000000000001,8.715040268686824
52050.0,18500.0,-28.3,19.5,40.5,270.0,55.2,3183.0,60.2,13.55,63.900000000000006,1128.0,73.0,70.5,6498.573678355932,33.793960750247024,19.463424872617967,10.552503262036511,0.7761495134681602,1.0812029681173556,0.58,1.0,1.0,1.0,0.9808591458979914,0.9808591458979914,49565.093631916985,245.14999999999998,0.7042736172333457,31.151568882549583,0.03245668440959066,6.7,8.714717274148873
52100.0,18520.0,-28.3,21.0,40.800000000000004,270.0,54.7,3183.0,59.900000000000006,13.75,64.7,1125.0,72.7,69.8,6498.333011131175,33.793960750247024,19.46270406699504,10.552503262036511,0.7761495134681602,1.0812029681173556,0.59,1.0,1.0,1.0,0.9808591458979914,0.9808591458979914,49565.093631916985,245.14999999999998,0.7042736172333457,31.151568882549583,0.03245938910692888,6.5,8.714394534587129
52150.0,18530.0,-27.8,20.5,39.900000000000006,269.0,54.800000000000004,3183.0,60.300000000000004,13.55,65.3,1127.0,72.9,69.9,6498.092533881549,33.793960750247024,19.46198383035338,10.552503262036511,0.7761495134681602,1.0812029681173556,0.5700000000000001,1.0,1.0,1.0,0.9808591458979914,0.9808591458979914,49565.093631916985,245.14999999999998,0.7042736172333457,31.151568882549583,0.03246209166938608,6.4,8.714072049785836
52200.0,18510.0,-28.200000000000003,20.5,40.7,270.0,55.2,3191.0,60.6,13.600000000000001,65.10000000000001,1127.0,72.7,69.9,6497.852246446252,33.793960750247024,19.461264162211386,10.552503262036511,0.7761495134681602,1.0812029681173556,0.6,1.0,1.0,1.0,0.9808591458979914,0.9808591458979914,49565.093631916985,245.14999999999998,0.7042736172333457,31.151568882549583,0.032464792098769735,6.2,8.713749819529353
52250.0,18510.0,-27.900000000000002,20.5,39.800000000000004,269.0,55.1,3187.0,59.6,13.75,64.2,1124.0,72.9,71.10000000000001,6497.612148664583,33.793960750247024,19.460545062087743,10.552503262036511,0.7761495134681602,1.0812029681173556,0.5,1.0,1.0,1.0,0.9808591458979914,0.9808591458979914,49565.093631916985,245.14999999999998,0.7042736172333457,31.151568882549583,0.03246749039688618,6.800000000000001,8.71342784360218
52300.0,18490.0,-27.900000000000002,19.5,40.800000000000004,270.0,54.900000000000006,3187.0,60.0,13.600000000000001,65.0,1127.0,72.5,70.3,6497.372240375939,33.793960750247024,19.45982652950145,10.552503262036511,0.7761495134681602,1.0812029681173556,0.58,1.0,1.0,1.0,0.9808591458979914,0.9808591458979914,49565.093631916985,245.14999999999998,0.7042736172333457,31.151568882549583,0.032470186565540675,6.300000000000001,8.713106121788943
52350.0,18510.0,-28.0,20.0,40.5,269.0,54.900000000000006,3193.0,60.5,13.75,64.7,1128.0,73.2,71.10000000000001,6497.13252141981,33.793960750247024,19.459108563971764,10.552503262036511,0.7761495134681602,1.0812029681173556,0.5700000000000001,1.0,1.0,1.0,0.9808591458979914,0.9808591458979914,49565.093631916985,245.14999999999998,0.7042736172333457,31.151568882549583,0.03247288060653735,6.7,8.712784653874394
52400.0,18510.0,-27.8,19.5,39.900000000000006,270.0,54.800000000000004,3182.0,59.900000000000006,13.600000000000001,64.8,1128.0,73.0,70.4,6496.89299163579,33.793960750247024,19.458391165018277,10.552503262036511,0.7761495134681602,1.0812029681173556,0.53,1.0,1.0,1.0,0.9808591458979914,0.9808591458979914,49565.093631916985,245.14999999999998,0.7042736172333457,31.151568882549583,0.03247557252167931,6.7,8.712463439643429
52450.0,18500.0,-28.1,20.0,39.7,270.0,54.900000000000006,3187.0,60.2,13.600000000000001,65.60000000000001,1130.0,73.60000000000001,70.8,6496.6536508635645,33.793960750247024,19.45767433216083,10.552503262036511,0.7761495134681602,1.0812029681173556,0.58,1.0,1.0,1.0,0.9808591458979914,0.9808591458979914,49565.093631916985,245.14999999999998,0.7042736172333457,31.151568882549583,0.03247826231276855,6.4,8.712142478881058
52500.0,18510.0,-28.200000000000003,19.5,40.6,269.0,55.1,3185.0,60.300000000000004,13.700000000000001,65.0,1130.0,73.0,71.60000000000001,6496.414498942914,33.793960750247024,19.456958064919572,10.552503262036511,0.7761495134681602,1.0812029681173556,0.58,1.0,1.0,1.0,0.9808591458979914,0.9808591458979914,49565.093631916985,245.14999999999998,0.7042736172333457,31.151568882549583,0.03248094998160588,6.300000000000001,8.711821771372428
52550.0,18500.0,-28.0,20.0,39.300000000000004,270.0,54.7,3178.0,59.900000000000006,13.55,64.2,1119.0,72.7,70.4,6496.175535713731,33.793960750247024,19.456242362814965,10.552503262036511,0.7761495134681602,1.0812029681173556,0.54,1.0,1.0,1.0,0.9808591458979914,0.9808591458979914,49565.093631916985,245.14999999999998,0.7042736172333457,31.151568882549583,0.03248363552999115,6.6000000000000005,8.711501316902828
52600.0,18520.0,-27.8,20.5,40.400000000000006,269.0,55.1,3192.0,59.900000000000006,13.55,65.0,1123.0,72.60000000000001,70.2,6495.936761015984,33.793960750247024,19.45552722536772,10.552503262036511,0.7761495134681602,1.0812029681173556,0.5700000000000001,1.0,1.0,1.0,0.9808591458979914,0.9808591458979914,49565.093631916985,245.14999999999998,0.7042736172333457,31.151568882549583,0.03248631895972298,6.6000000000000005,8.711181115257656
52650.0,18510.0,-28.3,19.5,40.2,269.0,54.900000000000006,3181.0,60.1,13.700000000000001,64.10000000000001,1130.0,72.9,69.60000000000001,6495.698174689759,33.793960750247024,19.454812652098884,10.552503262036511,0.7761495134681602,1.0812029681173556,0.53,1.0,1.0,1.0,0.9808591458979914,0.9808591458979914,49565.093631916985,245.14999999999998,0.7042736172333457,31.151568882549583,0.03248900027259898,6.300000000000001,8.710861166222461
52700.0,18500.0,-27.900000000000002,21.0,39.400000000000006,270.0,54.800000000000004,3183.0,60.0,13.600000000000001,63.6,1127.0,72.5,70.5,6495.459776575228,33.793960750247024,19.454098642529768,10.552503262036511,0.7761495134681602,1.0812029681173556,0.6,1.0,1.0,1.0,0.9808591458979914,0.9808591458979914,49565.093631916985,245.14999999999998,0.7042736172333457,31.151568882549583,0.032491679470415584,6.6000000000000005,8.710541469582912
52750.0,18500.0,-28.1,20.0,40.2,270.0,55.0,3189.0,59.6,13.55,65.10000000000001,1129.0,73.0,71.2,6495.221566512668,33.793960750247024,19.453385196181998,10.552503262036511,0.7761495134681602,1.0812029681173556,0.58,1.0,1.0,1.0,0.9808591458979914,0.9808591458979914,49565.093631916985,245.14999999999998,0.7042736172333457,31.151568882549583,0.03249435655496826,6.4,8.710222025124818
52800.0,18490.0,-27.6,20.5,40.7,272.0,54.7,3183.0,59.1,13.65,65.10000000000001,1127.0,72.5,70.4,6494.983544342442,33.793960750247024,19.452672312577455,10.552503262036511,0.7761495134681602,1.0812029681173556,0.5700000000000001,1.0,1.0,1.0,0.9808591458979914,0.9808591458979914,49565.093631916985,245.14999999999998,0.7042736172333457,31.151568882549583,0.032497031528051196,6.7,8.709902832634102
52850.0,18500.0,-27.8,20.0,40.5,271.0,54.800000000000004,3194.0,60.400000000000006,13.65,64.9,1131.0,72.4,71.10000000000001,6494.74570990503,33.793960750247024,19.451959991238375,10.552503262036511,0.7761495134681602,1.0812029681173556,0.55,1.0,1.0,1.0,0.9808591458979914,0.9808591458979914,49565.093631916985,245.14999999999998,0.7042736172333457,31.151568882549583,0.032499704391457655,6.800000000000001,8.709583891896845
52900.0,18500.0,-28.400000000000002,20.0,40.400000000000006,270.0,54.900000000000006,3186.0,60.2,13.700000000000001,63.400000000000006,1134.0,73.0,70.8,6494.508063040987,33.793960750247024,19.45124823168721,10.552503262036511,0.7761495134681602,1.0812029681173556,0.55,1.0,1.0,1.0,0.9808591458979914,0.9808591458979914,49565.093631916985,245.14999999999998,0.7042736172333457,31.151568882549583,0.03250237514697963,6.5,8.709265202699225
52950.0,18500.0,-28.3,19.5,40.5,269.0,55.1,3187.0,59.7,13.75,64.10000000000001,1124.0,72.9,70.10000000000001,6494.270603590986,33.793960750247024,19.450537033446775,10.552503262036511,0.7761495134681602,1.0812029681173556,0.56,1.0,1.0,1.0,0.9808591458979914,0.9808591458979914,49565.093631916985,245.14999999999998,0.7042736172333457,31.151568882549583,0.03250504379640811,6.5,8.708946764827585
53000.0,18500.0,-28.0,19.5,40.300000000000004,270.0,54.900000000000006,3194.0,60.0,13.65,65.4,1130.0,73.2,70.5,6494.033331395792,33.793960750247024,19.449826396040155,10.552503262036511,0.7761495134681602,1.0812029681173556,0.56,1.0,1.0,1.0,0.9808591458979914,0.9808591458979914,49565.093631916985,245.14999999999998,0.7042736172333457,31.151568882549583,0.03250771034153302,6.4,8.708628578068385
53050.0,18470.0,-27.8,20.0,40.300000000000004,270.0,55.1,3183.0,59.6,13.4,64.60000000000001,1125.0,72.60000000000001,70.60000000000001,6493.796246296256,33.793960750247024,19.449116318990693,10.552503262036511,0.7761495134681602,1.0812029681173556,0.55,1.0,1.0,1.0,0.9808591458979914,0.9808591458979914,49565.093631916985,245.14999999999998,0.7042736172333457,31.151568882549583,0.03251037478414314,6.1000000000000005,8.708310642208206
53100.0,18530.0,-28.0,19.5,39.7,270.0,55.0,3194.0,60.0,13.75,64.4,1128.0,73.3,71.10000000000001,6493.55934813334,33.793960750247024,19.448406801822067,10.552503262036511,0.7761495134681602,1.0812029681173556,0.6,1.0,1.0,1.0,0.9808591458979914,0.9808591458979914,49565.093631916985,245.14999999999998,0.7042736172333457,31.151568882549583,0.03251303712602608,6.4,8.707992957033772
53150.0,18500.0,-28.700000000000003,20.0,40.400000000000006,271.0,55.0,3195.0,59.900000000000006,13.55,64.4,1124.0,73.2,70.60000000000001,6493.322636748103,33.793960750247024,19.447697844058244,10.552503262036511,0.7761495134681602,1.0812029681173556,0.58,1.0,1.0,1.0,0.9808591458979914,0.9808591458979914,49565.093631916985,245.14999999999998,0.7042736172333457,31.151568882549583,0.032515697368968345,6.4,8.707675522331941
53200.0,18500.0,-28.6,20.0,40.0,269.0,55.0,3187.0,60.5,13.5,64.9,1124.0,72.8,70.60000000000001,6493.086111981706,33.793960750247024,19.446989445223494,10.552503262036511,0.7761495134681602,1.0812029681173556,0.55,1.0,1.0,1.0,0.9808591458979914,0.9808591458979914,49565.093631916985,245.14999999999998,0.7042736172333457,31.151568882549583,0.03251835551475547,6.5,8.707358337889708
53250.0,18500.0,-28.1,20.5,39.900000000000006,270.0,55.1,3189.0,60.2,13.600000000000001,64.9,1126.0,72.60000000000001,69.7,6492.849773675397,33.793960750247024,19.44628160484235,10.552503262036511,0.7761495134681602,1.0812029681173556,0.51,1.0,1.0,1.0,0.9808591458979914,0.9808591458979914,49565.093631916985,245.14999999999998,0.7042736172333457,31.151568882549583,0.03252101156517179,6.9,8.707041403494182
53300.0,18470.0,-27.6,19.5,40.5,268.0,55.0,3194.0,60.2,13.55,63.5,1124.0,73.4,70.3,6492.613621670528,33.793960750247024,19.44557432243966,10.552503262036511,0.7761495134681602,1.0812029681173556,0.56,1.0,1.0,1.0,0.9808591458979914,0.9808591458979914,49565.093631916985,245.14999999999998,0.7042736172333457,31.151568882549583,0.0325236655220005,6.6000000000000005,8.706724718932612
53350.0,18480.0,-27.900000000000002,20.0,40.1,270.0,54.7,3187.0,60.2,13.600000000000001,64.7,1129.0,72.9,70.5,6492.377655808552,33.793960750247024,19.44486759754057,10.552503262036511,0.7761495134681602,1.0812029681173556,0.55,1.0,1.0,1.0,0.9808591458979914,0.9808591458979914,49565.093631916985,245.14999999999998,0.7042736172333457,31.151568882549583,0.03252631738702379,6.7,8.706408283992385
53400.0,18500.0,-28.1,19.5,40.400000000000006,269.0,55.0,3198.0,60.2,13.700000000000001,64.3,1130.0,73.0,70.60000000000001,6492.141875931015,33.793960750247024,19.444161429670505,10.552503262036511,0.7761495134681602,1.0812029681173556,0.62,1.0,1.0,1.0,0.9808591458979914,0.9808591458979914,49565.093631916985,245.14999999999998,0.7042736172333457,31.151568882549583,0.03252896716202264,6.4,8.70609209846101
53450.0,18500.0,-28.3,20.5,39.800000000000004,271.0,54.7,3191.0,59.800000000000004,13.65,64.60000000000001,1126.0,72.8,70.0,6491.906281879567,33.793960750247024,19.443455818355197,10.552503262036511,0.7761495134681602,1.0812029681173556,0.59,1.0,1.0,1.0,0.9808591458979914,0.9808591458979914,49565.093631916985,245.14999999999998,0.7042736172333457,31.151568882549583,0.03253161484877696,6.2,8.705776162126137
53500.0,18500.0,-27.900000000000002,21.0,40.0,270.0,55.1,3180.0,59.6,13.55,64.2,1123.0,73.3,70.60000000000001,6491.670873495955,33.793960750247024,19.44275076312068,10.552503262036511,0.7761495134681602,1.0812029681173556,0.56,1.0,1.0,1.0,0.9808591458979914,0.9808591458979914,49565.093631916985,245.14999999999998,0.7042736172333457,31.151568882549583,0.032534260449065516,6.300000000000001,8.705460474775546
53550.0,18500.0,-27.8,20.0,40.2,269.0,55.0,3193.0,60.400000000000006,13.700000000000001,64.8,1127.0,72.8,69.5,6491.4356506220265,33.793960750247024,19.442046263493282,10.552503262036511,0.7761495134681602,1.0812029681173556,0.52,1.0,1.0,1.0,0.9808591458979914,0.9808591458979914,49565.093631916985,245.14999999999998,0.7042736172333457,31.151568882549583,0.032536903964666075,6.4,8.70514503619715
53600.0,18500.0,-27.6,20.5,39.7,271.0,54.900000000000006,3191.0,60.2,13.700000000000001,64.3,1129.0,72.3,71.10000000000001,6491.200613099719,33.793960750247024,19.4413423189996,10.552503262036511,0.7761495134681602,1.0812029681173556,0.56,1.0,1.0,1.0,0.9808591458979914,0.9808591458979914,49565.093631916985,245.14999999999998,0.7042736172333457,31.151568882549583,0.03253954539735518,6.5,8.704829846178985
53650.0,18480.0,-28.1,20.5,39.800000000000004,271.0,55.0,3193.0,60.1,13.55,64.7,1131.0,73.10000000000001,70.4,6490.965760771078,33.793960750247024,19.44063892916655,10.552503262036511,0.7761495134681602,1.0812029681173556,0.63,1.0,1.0,1.0,0.9808591458979914,0.9808591458979914,49565.093631916985,245.14999999999998,0.7042736172333457,31.151568882549583,0.032542184748908326,6.800000000000001,8.704514904509232
53700.0,18510.0,-27.900000000000002,20.5,40.300000000000004,268.0,55.1,3188.0,59.900000000000006,13.600000000000001,63.7,1122.0,73.4,70.7,6490.731093478242,33.793960750247024,19.43993609352134,10.552503262036511,0.7761495134681602,1.0812029681173556,0.49,1.0,1.0,1.0,0.9808591458979914,0.9808591458979914,49565.093631916985,245.14999999999998,0.7042736172333457,31.151568882549583,0.032544822021099845,6.300000000000001,8.704200210976191
53750.0,18510.0,-28.1,20.5,40.400000000000006,269.0,55.0,3187.0,59.6,13.5,64.10000000000001,1125.0,73.10000000000001,70.9,6490.496611063455,33.793960750247024,19.439233811591482,10.552503262036511,0.7761495134681602,1.0812029681173556,0.58,1.0,1.0,1.0,0.9808591458979914,0.9808591458979914,49565.093631916985,245.14999999999998,0.7042736172333457,31.151568882549583,0.032547457215702916,6.7,8.703885765368316
53800.0,18500.0,-27.8,20.0,39.800000000000004,272.0,54.5,3181.0,60.1,13.600000000000001,63.800000000000004,1124.0,72.60000000000001,70.9,6490.26231336906,33.793960750247024,19.438532082904793,10.552503262036511,0.7761495134681602,1.0812029681173556,0.6,1.0,1.0,1.0,0.9808591458979914,0.9808591458979914,49565.093631916985,245.14999999999998,0.7042736172333457,31.151568882549583,0.032550090334489794,6.9,8.703571567474178
53850.0,18480.0,-28.400000000000002,19.5,40.5,270.0,55.0,3189.0,60.0,13.5,64.9,1126.0,72.5,70.7,6490.028200237488,33.793960750247024,19.43783090698934,10.552503262036511,0.7761495134681602,1.0812029681173556,0.55,1.0,1.0,1.0,0.9808591458979914,0.9808591458979914,49565.093631916985,245.14999999999998,0.7042736172333457,31.151568882549583,0.03255272137923139,6.5,8.703257617082476
53900.0,18500.0,-27.700000000000003,20.0,39.6,270.0,55.1,3190.0,60.300000000000004,13.55,65.0,1123.0,72.9,70.3,6489.794271511282,33.793960750247024,19.43713028337354,10.552503262036511,0.7761495134681602,1.0812029681173556,0.6,1.0,1.0,1.0,0.9808591458979914,0.9808591458979914,49565.093631916985,245.14999999999998,0.7042736172333457,31.151568882549583,0.03255535035169765,6.5,8.702943913982061
53950.0,18510.0,-28.5,20.0,39.7,272.0,54.900000000000006,3189.0,60.0,13.5,64.3,1128.0,73.0,69.3,6489.560527033074,33.793960750247024,19.436430211586078,10.552503262036511,0.7761495134681602,1.0812029681173556,0.54,1.0,1.0,1.0,0.9808591458979914,0.9808591458979914,49565.093631916985,245.14999999999998,0.7042736172333457,31.151568882549583,0.03255797725365739,6.7,8.702630457961893
54000.0,18510.0,-27.6,19.5,40.5,270.0,55.300000000000004,3188.0,59.400000000000006,13.65,64.3,1126.0,72.5,71.2,6489.3269666456,33.793960750247024,19.43573069115593,10.552503262036511,0.7761495134681602,1.0812029681173556,0.55,1.0,1.0,1.0,0.9808591458979914,0.9808591458979914,49565.093631916985,245.14999999999998,0.7042736172333457,31.151568882549583,0.03256060208687821,6.9,8.702317248811083
54050.0,18490.0,-28.3,20.5,40.0,270.0,54.7,3187.0,60.1,13.5,64.3,1126.0,73.0,71.2,6489.093590191698,33.793960750247024,19.4350317216124,10.552503262036511,0.7761495134681602,1.0812029681173556,0.55,1.0,1.0,1.0,0.9808591458979914,0.9808591458979914,49565.093631916985,245.14999999999998,0.7042736172333457,31.151568882549583,0.032563224853126765,6.300000000000001,8.702004286318873
54100.0,18530.0,-28.1,20.0,39.900000000000006,270.0,55.0,3192.0,60.1,13.65,65.2,1127.0,73.10000000000001,71.0,6488.860397514293,33.793960750247024,19.43433330248504,10.552503262036511,0.7761495134681602,1.0812029681173556,0.53,1.0,1.0,1.0,0.9808591458979914,0.9808591458979914,49565.093631916985,245.14999999999998,0.7042736172333457,31.151568882549583,0.03256584555416842,7.1000000000000005,8.701691570274619
54150.0,18490.0,-28.1,19.5,39.5,271.0,55.5,3186.0,60.1,13.600000000000001,65.2,1133.0,73.5,70.3,6488.627388456428,33.793960750247024,19.43363543330376,10.552503262036511,0.7761495134681602,1.0812029681173556,0.58,1.0,1.0,1.0,0.9808591458979914,0.9808591458979914,49565.093631916985,245.14999999999998,0.7042736172333457,31.151568882549583,0.03256846419176749,6.6000000000000005,8.70137910046784
54200.0,18500.0,-28.3,19.5,40.5,271.0,55.0,3189.0,60.400000000000006,13.5,64.3,1132.0,73.10000000000001,69.8,6488.394562861234,33.793960750247024,19.432938113598734,10.552503262036511,0.7761495134681602,1.0812029681173556,0.56,1.0,1.0,1.0,0.9808591458979914,0.9808591458979914,49565.093631916985,245.14999999999998,0.7042736172333457,31.151568882549583,0.03257108076768717,6.7,8.701066876688172
54250.0,18470.0,-27.900000000000002,20.0,39.300000000000004,270.0,55.0,3188.0,59.900000000000006,13.5,63.7,1125.0,73.3,70.5,6488.161920571942,33.793960750247024,19.432241342900433,10.552503262036511,0.7761495134681602,1.0812029681173556,0.56,1.0,1.0,1.0,0.9808591458979914,0.9808591458979914,49565.093631916985,245.14999999999998,0.7042736172333457,31.151568882549583,0.032573695283689606,6.2,8.700754898725386
54300.0,18500.0,-27.8,20.5,39.800000000000004,268.0,54.900000000000006,3186.0,59.7,13.55,65.10000000000001,1127.0,73.3,69.60000000000001,6487.929461431881,33.793960750247024,19.43154512073962,10.552503262036511,0.7761495134681602,1.0812029681173556,0.55,1.0,1.0,1.0,0.9808591458979914,0.9808591458979914,49565.093631916985,245.14999999999998,0.7042736172333457,31.151568882549583,0.0325763077415357,6.0,8.70044316636938
54350.0,18490.0,-28.3,20.5,40.2,271.0,54.900000000000006,3184.0,59.7,13.600000000000001,65.7,1128.0,72.8,70.3,6487.697185284483,33.793960750247024,19.430849446647375,10.552503262036511,0.7761495134681602,1.0812029681173556,0.56,1.0,1.0,1.0,0.9808591458979914,0.9808591458979914,49565.093631916985,245.14999999999998,0.7042736172333457,31.151568882549583,0.03257891814298535,7.0,8.700131679410198
54400.0,18510.0,-27.900000000000002,20.0,40.1,270.0,54.900000000000006,3185.0,60.300000000000004,13.600000000000001,65.10000000000001,1131.0,73.10000000000001,70.60000000000001,6487.4650919732785,33.793960750247024,19.430154320155065,10.552503262036511,0.7761495134681602,1.0812029681173556,0.66,1.0,1.0,1.0,0.9808591458979914,0.9808591458979914,49565.093631916985,245.14999999999998,0.7042736172333457,31.151568882549583,0.03258152648979724,6.5,8.699820437638007
54450.0,18490.0,-28.1,21.0,39.5,269.0,55.2,3187.0,60.0,13.65,64.10000000000001,1123.0,72.5,70.7,6487.2331813419,33.793960750247024,19.42945974079436,10.552503262036511,0.7761495134681602,1.0812029681173556,0.5700000000000001,1.0,1.0,1.0,0.9808591458979914,0.9808591458979914,49565.093631916985,245.14999999999998,0.7042736172333457,31.151568882549583,0.03258413278372902,6.300000000000001,8.699509440843114
54500.0,18490.0,-28.1,20.5,39.7,269.0,54.800000000000004,3187.0,60.1,13.75,64.7,1127.0,73.3,70.7,6487.001453234072,33.793960750247024,19.428765708097217,10.552503262036511,0.7761495134681602,1.0812029681173556,0.54,1.0,1.0,1.0,0.9808591458979914,0.9808591458979914,49565.093631916985,245.14999999999998,0.7042736172333457,31.151568882549583,0.032586737026537145,7.1000000000000005,8.699198688815956
54550.0,18500.0,-27.900000000000002,20.5,40.1,271.0,54.900000000000006,3192.0,60.0,13.65,64.4,1126.0,73.2,70.60000000000001,6486.769907493626,33.793960750247024,19.428072221595905,10.552503262036511,0.7761495134681602,1.0812029681173556,0.54,1.0,1.0,1.0,0.9808591458979914,0.9808591458979914,49565.093631916985,245.14999999999998,0.7042736172333457,31.151568882549583,0.032589339219977025,6.800000000000001,8.698888181347105
54600.0,18510.0,-28.0,20.0,40.1,271.0,54.7,3190.0,60.2,13.450000000000001,64.7,1129.0,73.2,70.8,6486.53854396449,33.793960750247024,19.427379280822976,10.552503262036511,0.7761495134681602,1.0812029681173556,0.55,1.0,1.0,1.0,0.9808591458979914,0.9808591458979914,49565.093631916985,245.14999999999998,0.7042736172333457,31.151568882549583,0.03259193936580282,6.2,8.698577918227262
54650.0,18480.0,-27.700000000000003,20.5,40.5,269.0,55.2,3182.0,59.7,13.600000000000001,65.0,1131.0,72.9,69.9,6486.3073624906965,33.793960750247024,19.42668688531131,10.552503262036511,0.7761495134681602,1.0812029681173556,0.53,1.0,1.0,1.0,0.9808591458979914,0.9808591458979914,49565.093631916985,245.14999999999998,0.7042736172333457,31.151568882549583,0.03259453746576769,6.300000000000001,8.698267899247274
54700.0,18530.0,-27.8,20.5,39.900000000000006,270.0,55.1,3186.0,59.900000000000006,13.55,64.3,1127.0,72.7,70.5,6486.076362916372,33.793960750247024,19.42599503459406,10.552503262036511,0.7761495134681602,1.0812029681173556,0.5700000000000001,1.0,1.0,1.0,0.9808591458979914,0.9808591458979914,49565.093631916985,245.14999999999998,0.7042736172333457,31.151568882549583,0.0325971335216236,6.4,8.697958124198115
54750.0,18490.0,-28.0,19.5,40.0,271.0,54.7,3197.0,60.0,13.600000000000001,64.10000000000001,1130.0,72.9,70.2,6485.845545085746,33.793960750247024,19.42530372820469,10.552503262036511,0.7761495134681602,1.0812029681173556,0.54,1.0,1.0,1.0,0.9808591458979914,0.9808591458979914,49565.093631916985,245.14999999999998,0.7042736172333457,31.151568882549583,0.03259972753512145,6.4,8.69764859287089
54800.0,18510.0,-27.900000000000002,20.0,39.7,269.0,54.900000000000006,3190.0,60.2,13.65,64.60000000000001,1128.0,72.9,69.5,6485.614908843147,33.793960750247024,19.424612965676953,10.552503262036511,0.7761495134681602,1.0812029681173556,0.55,1.0,1.0,1.0,0.9808591458979914,0.9808591458979914,49565.093631916985,245.14999999999998,0.7042736172333457,31.151568882549583,0.03260231950801099,6.4,8.697339305056836
54850.0,18490.0,-28.200000000000003,20.0,39.5,269.0,55.300000000000004,3182.0,59.900000000000006,13.5,64.10000000000001,1126.0,72.60000000000001,70.7,6485.384454032998,33.793960750247024,19.4239227465449,10.552503262036511,0.7761495134681602,1.0812029681173556,0.6,1.0,1.0,1.0,0.9808591458979914,0.9808591458979914,49565.093631916985,245.14999999999998,0.7042736172333457,31.151568882549583,0.03260490944204085,6.7,8.697030260547333
54900.0,18510.0,-28.400000000000002,20.0,40.2,271.0,55.400000000000006,3193.0,60.300000000000004,13.8,64.60000000000001,1126.0,73.0,69.9,6485.154180499834,33.793960750247024,19.423233070342903,10.552503262036511,0.7761495134681602,1.0812029681173556,0.56,1.0,1.0,1.0,0.9808591458979914,0.9808591458979914,49565.093631916985,245.14999999999998,0.7042736172333457,31.151568882549583,0.03260749733895853,6.1000000000000005,8.696721459133888
54950.0,18490.0,-28.0,20.5,40.400000000000006,269.0,55.400000000000006,3189.0,60.1,13.5,64.2,1130.0,73.0,70.4,6484.924088088279,33.793960750247024,19.422543936605607,10.552503262036511,0.7761495134681602,1.0812029681173556,0.5700000000000001,1.0,1.0,1.0,0.9808591458979914,0.9808591458979914,49565.093631916985,245.14999999999998,0.7042736172333457,31.151568882549583,0.03261008320051034,6.1000000000000005,8.696412900608145
55000.0,18500.0,-27.6,20.5,39.900000000000006,271.0,54.7,3184.0,60.6,13.65,64.4,1127.0,72.7,70.5,6484.694176643065,33.793960750247024,19.42185534486798,10.552503262036511,0.7761495134681602,1.0812029681173556,0.5700000000000001,1.0,1.0,1.0,0.9808591458979914,0.9808591458979914,49565.093631916985,245.14999999999998,0.7042736172333457,31.151568882549583,0.032612667028441567,6.5,8.696104584761883
55050.0,18490.0,-27.900000000000002,19.5,39.6,271.0,55.400000000000006,3196.0,60.2,13.600000000000001,64.5,1128.0,72.8,71.0,6484.464446009019,33.793960750247024,19.421167294665274,10.552503262036511,0.7761495134681602,1.0812029681173556,0.5,1.0,1.0,1.0,0.9808591458979914,0.9808591458979914,49565.093631916985,245.14999999999998,0.7042736172333457,31.151568882549583,0.03261524882449637,6.4,8.695796511387016
55100.0,18510.0,-28.200000000000003,20.0,40.2,271.0,54.7,3183.0,59.7,13.5,63.7,1125.0,73.4,70.2,6484.234896031067,33.793960750247024,19.420479785533036,10.552503262036511,0.7761495134681602,1.0812029681173556,0.56,1.0,1.0,1.0,0.9808591458979914,0.9808591458979914,49565.093631916985,245.14999999999998,0.7042736172333457,31.151568882549583,0.03261782859041769,6.2,8.695488680275583
55150.0,18510.0,-27.400000000000002,19.5,40.7,270.0,55.0,3190.0,60.1,13.75,64.8,1128.0,72.8,70.8,6484.0055265542405,33.793960750247024,19.419792817007135,10.552503262036511,0.7761495134681602,1.0812029681173556,0.53,1.0,1.0,1.0,0.9808591458979914,0.9808591458979914,49565.093631916985,245.14999999999998,0.7042736172333457,31.151568882549583,0.032620406327947375,6.5,8.69518109121977
55200.0,18530.0,-28.700000000000003,20.0,40.1,270.0,55.0,3189.0,59.900000000000006,13.600000000000001,64.2,1132.0,72.9,70.60000000000001,6483.776337423672,33.793960750247024,19.419106388623735,10.552503262036511,0.7761495134681602,1.0812029681173556,0.54,1.0,1.0,1.0,0.9808591458979914,0.9808591458979914,49565.093631916985,245.14999999999998,0.7042736172333457,31.151568882549583,0.03262298203882619,6.7,8.694873744011893
55250.0,18510.0,-27.900000000000002,19.5,39.7,271.0,54.800000000000004,3191.0,59.7,13.65,64.10000000000001,1125.0,72.7,70.10000000000001,6483.5473284845875,33.793960750247024,19.418420499919282,10.552503262036511,0.7761495134681602,1.0812029681173556,0.5700000000000001,1.0,1.0,1.0,0.9808591458979914,0.9808591458979914,49565.093631916985,245.14999999999998,0.7042736172333457,31.151568882549583,0.03262555572479368,6.5,8.694566638444403
55300.0,18490.0,-28.0,19.5,40.300000000000004,271.0,55.0,3189.0,60.5,13.600000000000001,64.0,1128.0,72.60000000000001,70.2,6483.318499582322,33.793960750247024,19.417735150430556,10.552503262036511,0.7761495134681602,1.0812029681173556,0.54,1.0,1.0,1.0,0.9808591458979914,0.9808591458979914,49565.093631916985,245.14999999999998,0.7042736172333457,31.151568882549583,0.03262812738758843,6.300000000000001,8.694259774309886
55350.0,18500.0,-27.700000000000003,20.5,40.400000000000006,270.0,54.900000000000006,3179.0,60.1,13.450000000000001,63.400000000000006,1127.0,73.10000000000001,70.10000000000001,6483.089850562297,33.793960750247024,19.41705033969458,10.552503262036511,0.7761495134681602,1.0812029681173556,0.61,1.0,1.0,1.0,0.9808591458979914,0.9808591458979914,49565.093631916985,245.14999999999998,0.7042736172333457,31.151568882549583,0.03263069702894771,6.6000000000000005,8.693953151401052
55400.0,18500.0,-27.6,21.0,40.2,269.0,54.900000000000006,3183.0,60.0,13.5,64.3,1128.0,72.3,69.7,6482.8613812700505,33.793960750247024,19.41636606724874,10.552503262036511,0.7761495134681602,1.0812029681173556,0.55,1.0,1.0,1.0,0.9808591458979914,0.9808591458979914,49565.093631916985,245.14999999999998,0.7042736172333457,31.151568882549583,0.032633264650607764,6.5,8.693646769510764
55450.0,18490.0,-28.1,19.5,39.400000000000006,270.0,55.0,3187.0,60.0,13.65,64.9,1125.0,72.4,71.0,6482.633091551209,33.793960750247024,19.415682332630688,10.552503262036511,0.7761495134681602,1.0812029681173556,0.5700000000000001,1.0,1.0,1.0,0.9808591458979914,0.9808591458979914,49565.093631916985,245.14999999999998,0.7042736172333457,31.151568882549583,0.03263583025430369,6.2,8.693340628432003
55500.0,18500.0,-27.700000000000003,21.0,40.1,271.0,54.800000000000004,3188.0,59.900000000000006,13.600000000000001,65.5,1128.0,72.60000000000001,69.7,6482.404981251506,33.793960750247024,19.414999135378388,10.552503262036511,0.7761495134681602,1.0812029681173556,0.61,1.0,1.0,1.0,0.9808591458979914,0.9808591458979914,49565.093631916985,245.14999999999998,0.7042736172333457,31.151568882549583,0.032638393841769434,6.6000000000000005,8.693034727957894
55550.0,18510.0,-28.1,20.0,39.6,270.0,54.800000000000004,3187.0,59.800000000000004,13.350000000000001,64.3,1125.0,72.9,70.3,6482.177050216773,33.793960750247024,19.414316475030095,10.552503262036511,0.7761495134681602,1.0812029681173556,0.61,1.0,1.0,1.0,0.9808591458979914,0.9808591458979914,49565.093631916985,245.14999999999998,0.7042736172333457,31.151568882549583,0.03264095541473783,6.6000000000000005,8.692729067881698
55600.0,18500.0,-27.8,20.5,40.2,270.0,55.1,3179.0,60.6,13.700000000000001,64.60000000000001,1123.0,73.4,70.0,6481.949298292943,33.793960750247024,19.41363435112438,10.552503262036511,0.7761495134681602,1.0812029681173556,0.58,1.0,1.0,1.0,0.9808591458979914,0.9808591458979914,49565.093631916985,245.14999999999998,0.7042736172333457,31.151568882549583,0.03264351497494054,6.2,8.692423647996804
55650.0,18530.0,-28.400000000000002,20.0,39.2,270.0,54.900000000000006,3193.0,59.900000000000006,13.700000000000001,63.900000000000006,1126.0,72.9,70.60000000000001,6481.7217253260515,33.793960750247024,19.412952763200114,10.552503262036511,0.7761495134681602,1.0812029681173556,0.5700000000000001,1.0,1.0,1.0,0.9808591458979914,0.9808591458979914,49565.093631916985,245.14999999999998,0.7042736172333457,31.151568882549583,0.03264607252410813,6.7,8.692118468096742
55700.0,18500.0,-27.8,19.5,40.2,271.0,54.7,3190.0,60.2,13.700000000000001,64.9,1127.0,73.10000000000001,70.0,6481.494331162232,33.793960750247024,19.412271710796457,10.552503262036511,0.7761495134681602,1.0812029681173556,0.55,1.0,1.0,1.0,0.9808591458979914,0.9808591458979914,49565.093631916985,245.14999999999998,0.7042736172333457,31.151568882549583,0.03264862806397008,6.1000000000000005,8.691813527975176
55750.0,18520.0,-27.8,19.5,40.1,271.0,55.2,3185.0,59.1,13.600000000000001,64.0,1129.0,73.3,70.9,6481.267115647718,33.793960750247024,19.41159119345288,10.552503262036511,0.7761495134681602,1.0812029681173556,0.61,1.0,1.0,1.0,0.9808591458979914,0.9808591458979914,49565.093631916985,245.14999999999998,0.7042736172333457,31.151568882549583,0.03265118159625464,6.800000000000001,8.691508827425903
55800.0,18520.0,-27.6,20.5,40.0,269.0,55.5,3189.0,60.400000000000006,13.55,65.10000000000001,1121.0,72.8,70.3,6481.040078628845,33.793960750247024,19.41091121070915,10.552503262036511,0.7761495134681602,1.0812029681173556,0.5700000000000001,1.0,1.0,1.0,0.9808591458979914,0.9808591458979914,49565.093631916985,245.14999999999998,0.7042736172333457,31.151568882549583,0.03265373312268894,6.7,8.691204366242854
55850.0,18490.0,-27.8,20.5,40.900000000000006,271.0,54.900000000000006,3183.0,60.5,13.65,64.5,1123.0,72.60000000000001,70.60000000000001,6480.813219952051,33.793960750247024,19.410231762105347,10.552503262036511,0.7761495134681602,1.0812029681173556,0.5700000000000001,1.0,1.0,1.0,0.9808591458979914,0.9808591458979914,49565.093631916985,245.14999999999998,0.7042736172333457,31.151568882549583,0.032656282644999035,6.0,8.690900144220102
55900.0,18510.0,-28.5,20.5,40.1,270.0,55.2,3190.0,60.400000000000006,13.600000000000001,64.60000000000001,1126.0,73.10000000000001,71.2,6480.586539463878,33.793960750247024,19.409552847181853,10.552503262036511,0.7761495134681602,1.0812029681173556,0.55,1.0,1.0,1.0,0.9808591458979914,0.9808591458979914,49565.093631916985,245.14999999999998,0.7042736172333457,31.151568882549583,0.03265883016490988,6.6000000000000005,8.69059616115185
55950.0,18490.0,-28.6,20.0,40.1,270.0,54.7,3190.0,60.1,13.55,63.7,1126.0,73.2,70.5,6480.360037010952,33.793960750247024,19.408874465479315,10.552503262036511,0.7761495134681602,1.0812029681173556,0.53,1.0,1.0,1.0,0.9808591458979914,0.9808591458979914,49565.093631916985,245.14999999999998,0.7042736172333457,31.151568882549583,0.032661375684145136,6.5,8.690292416832428
56000.0,18510.0,-28.3,20.0,40.5,269.0,55.2,3195.0,59.900000000000006,13.55,65.10000000000001,1126.0,72.10000000000001,70.3,6480.133712440022,33.793960750247024,19.40819661653874,10.552503262036511,0.7761495134681602,1.0812029681173556,0.5700000000000001,1.0,1.0,1.0,0.9808591458979914,0.9808591458979914,49565.093631916985,245.14999999999998,0.7042736172333457,31.151568882549583,0.03266391920442749,6.7,8.689988911056318
56050.0,18490.0,-28.1,20.5,40.0,269.0,55.2,3188.0,60.300000000000004,13.5,64.4,1128.0,72.9,69.7,6479.907565597923,33.793960750247024,19.407519299901395,10.552503262036511,0.7761495134681602,1.0812029681173556,0.49,1.0,1.0,1.0,0.9808591458979914,0.9808591458979914,49565.093631916985,245.14999999999998,0.7042736172333457,31.151568882549583,0.03266646072747842,6.9,8.689685643618127
56100.0,18500.0,-27.6,20.5,40.2,270.0,55.1,3194.0,60.0,13.75,63.6,1123.0,73.3,69.9,6479.6815963315985,33.793960750247024,19.406842515108867,10.552503262036511,0.7761495134681602,1.0812029681173556,0.62,1.0,1.0,1.0,0.9808591458979914,0.9808591458979914,49565.093631916985,245.14999999999998,0.7042736172333457,31.151568882549583,0.03266900025501827,6.800000000000001,8.689382614312601
56150.0,18520.0,-27.700000000000003,19.5,39.300000000000004,271.0,54.7,3195.0,60.2,13.600000000000001,64.7,1128.0,72.9,71.0,6479.455804488088,33.793960750247024,19.40616626170304,10.552503262036511,0.7761495134681602,1.0812029681173556,0.6,1.0,1.0,1.0,0.9808591458979914,0.9808591458979914,49565.093631916985,245.14999999999998,0.7042736172333457,31.151568882549583,0.03267153778876622,6.5,8.689079822934616
56200.0,18490.0,-27.6,19.0,40.2,271.0,54.800000000000004,3192.0,60.0,13.55,65.0,1124.0,73.3,69.3,6479.23018991454,33.793960750247024,19.40549053922611,10.552503262036511,0.7761495134681602,1.0812029681173556,0.5700000000000001,1.0,1.0,1.0,0.9808591458979914,0.9808591458979914,49565.093631916985,245.14999999999998,0.7042736172333457,31.151568882549583,0.03267407333044039,6.5,8.688777269279196
56250.0,18490.0,-27.900000000000002,20.0,40.400000000000006,270.0,55.1,3190.0,59.900000000000006,13.55,64.60000000000001,1127.0,73.4,70.3,6479.004752458191,33.793960750247024,19.404815347220563,10.552503262036511,0.7761495134681602,1.0812029681173556,0.5700000000000001,1.0,1.0,1.0,0.9808591458979914,0.9808591458979914,49565.093631916985,245.14999999999998,0.7042736172333457,31.151568882549583,0.03267660688175773,6.1000000000000005,8.688474953141485
56300.0,18510.0,-28.200000000000003,19.5,40.7,271.0,55.2,3190.0,60.0,13.600000000000001,64.9,1130.0,72.9,71.3,6478.77949196639,33.793960750247024,19.404140685229187,10.552503262036511,0.7761495134681602,1.0812029681173556,0.55,1.0,1.0,1.0,0.9808591458979914,0.9808591458979914,49565.093631916985,245.14999999999998,0.7042736172333457,31.151568882549583,0.03267913844443401,6.1000000000000005,8.68817287431677
56350.0,18480.0,-28.5,20.0,39.900000000000006,271.0,55.0,3192.0,60.0,13.600000000000001,64.10000000000001,1131.0,72.4,70.4,6478.554408286584,33.793960750247024,19.403466552795088,10.552503262036511,0.7761495134681602,1.0812029681173556,0.56,1.0,1.0,1.0,0.9808591458979914,0.9808591458979914,49565.093631916985,245.14999999999998,0.7042736172333457,31.151568882549583,0.03268166802018388,6.7,8.687871032600475
56400.0,18500.0,-28.0,20.0,40.6,270.0,55.400000000000006,3189.0,60.0,13.600000000000001,64.8,1125.0,73.0,70.3,6478.32950126632,33.793960750247024,19.402792949461666,10.552503262036511,0.7761495134681602,1.0812029681173556,0.5700000000000001,1.0,1.0,1.0,0.9808591458979914,0.9808591458979914,49565.093631916985,245.14999999999998,0.7042736172333457,31.151568882549583,0.03268419561072091,6.6000000000000005,8.687569427788162
56450.0,18500.0,-28.0,21.0,40.2,272.0,55.0,3192.0,59.800000000000004,13.700000000000001,64.0,1128.0,72.9,70.5,6478.104770753248,33.793960750247024,19.402119874772627,10.552503262036511,0.7761495134681602,1.0812029681173556,0.55,1.0,1.0,1.0,0.9808591458979914,0.9808591458979914,49565.093631916985,245.14999999999998,0.7042736172333457,31.151568882549583,0.03268672121775748,6.300000000000001,8.687268059675521
56500.0,18500.0,-27.5,20.0,39.5,271.0,54.800000000000004,3191.0,60.2,13.65,65.60000000000001,1125.0,73.2,70.9,6477.880216595114,33.793960750247024,19.401447328271963,10.552503262036511,0.7761495134681602,1.0812029681173556,0.54,1.0,1.0,1.0,0.9808591458979914,0.9808591458979914,49565.093631916985,245.14999999999998,0.7042736172333457,31.151568882549583,0.032689244843004776,6.300000000000001,8.68696692805838
56550.0,18500.0,-27.900000000000002,19.5,40.2,269.0,55.300000000000004,3190.0,60.6,13.65,64.3,1125.0,73.10000000000001,70.3,6477.655838639775,33.793960750247024,19.400775309504002,10.552503262036511,0.7761495134681602,1.0812029681173556,0.6,1.0,1.0,1.0,0.9808591458979914,0.9808591458979914,49565.093631916985,245.14999999999998,0.7042736172333457,31.151568882549583,0.03269176648817298,6.2,8.686666032732711
56600.0,18520.0,-27.6,20.0,40.7,269.0,55.0,3183.0,60.6,13.5,63.6,1125.0,73.4,70.8,6477.431636735179,33.793960750247024,19.400103818013353,10.552503262036511,0.7761495134681602,1.0812029681173556,0.56,1.0,1.0,1.0,0.9808591458979914,0.9808591458979914,49565.093631916985,245.14999999999998,0.7042736172333457,31.151568882549583,0.03269428615497105,6.7,8.686365373494612
56650.0,18500.0,-27.900000000000002,21.0,39.900000000000006,269.0,55.1,3191.0,60.0,13.65,64.3,1127.0,73.10000000000001,70.4,6477.207610729381,33.793960750247024,19.39943285334492,10.552503262036511,0.7761495134681602,1.0812029681173556,0.61,1.0,1.0,1.0,0.9808591458979914,0.9808591458979914,49565.093631916985,245.14999999999998,0.7042736172333457,31.151568882549583,0.032696803845106814,6.6000000000000005,8.686064950140315
56700.0,18500.0,-27.8,20.5,40.300000000000004,271.0,54.7,3178.0,60.400000000000006,13.65,64.4,1129.0,73.60000000000001,71.0,6476.983760470534,33.793960750247024,19.398762415043933,10.552503262036511,0.7761495134681602,1.0812029681173556,0.59,1.0,1.0,1.0,0.9808591458979914,0.9808591458979914,49565.093631916985,245.14999999999998,0.7042736172333457,31.151568882549583,0.032699319560286905,6.300000000000001,8.685764762466196
56750.0,18490.0,-28.700000000000003,20.5,40.400000000000006,271.0,55.1,3188.0,59.800000000000004,13.55,64.3,1125.0,73.60000000000001,69.60000000000001,6476.760085806903,33.793960750247024,19.398092502655924,10.552503262036511,0.7761495134681602,1.0812029681173556,0.55,1.0,1.0,1.0,0.9808591458979914,0.9808591458979914,49565.093631916985,245.14999999999998,0.7042736172333457,31.151568882549583,0.0327018333022169,6.0,8.685464810268773
56800.0,18500.0,-28.0,20.0,39.6,270.0,54.900000000000006,3188.0,60.6,13.600000000000001,64.7,1126.0,72.7,70.3,6476.53658658684,33.793960750247024,19.397423115726717,10.552503262036511,0.7761495134681602,1.0812029681173556,0.64,1.0,1.0,1.0,0.9808591458979914,0.9808591458979914,49565.093631916985,245.14999999999998,0.7042736172333457,31.151568882549583,0.032704345072601226,6.4,8.685165093344684
56850.0,18500.0,-28.200000000000003,18.5,39.7,272.0,55.1,3195.0,59.900000000000006,13.450000000000001,63.800000000000004,1128.0,73.10000000000001,70.3,6476.313262658805,33.793960750247024,19.396754253802442,10.552503262036511,0.7761495134681602,1.0812029681173556,0.54,1.0,1.0,1.0,0.9808591458979914,0.9808591458979914,49565.093631916985,245.14999999999998,0.7042736172333457,31.151568882549583,0.032706854873143135,6.7,8.68486561149071
56900.0,18490.0,-27.900000000000002,20.0,39.900000000000006,269.0,54.900000000000006,3196.0,60.300000000000004,13.65,63.900000000000006,1123.0,73.4,70.7,6476.090113871361,33.793960750247024,19.396085916429534,10.552503262036511,0.7761495134681602,1.0812029681173556,0.56,1.0,1.0,1.0,0.9808591458979914,0.9808591458979914,49565.093631916985,245.14999999999998,0.7042736172333457,31.151568882549583,0.032709362705544746,6.4,8.684566364503773
56950.0,18480.0,-27.700000000000003,20.5,39.7,269.0,55.2,3186.0,60.5,13.600000000000001,64.2,1127.0,72.8,70.8,6475.867140073168,33.793960750247024,19.395418103154732,10.552503262036511,0.7761495134681602,1.0812029681173556,0.59,1.0,1.0,1.0,0.9808591458979914,0.9808591458979914,49565.093631916985,245.14999999999998,0.7042736172333457,31.151568882549583,0.03271186857150704,6.7,8.684267352180921
57000.0,18500.0,-28.1,20.0,39.800000000000004,271.0,55.2,3188.0,59.7,13.700000000000001,64.5,1127.0,73.5,70.0,6475.644341112991,33.793960750247024,19.39475081352508,10.552503262036511,0.7761495134681602,1.0812029681173556,0.55,1.0,1.0,1.0,0.9808591458979914,0.9808591458979914,49565.093631916985,245.14999999999998,0.7042736172333457,31.151568882549583,0.032714372472729854,6.4,8.683968574319344
57050.0,18480.0,-27.900000000000002,19.5,39.800000000000004,269.0,54.900000000000006,3185.0,60.1,13.600000000000001,64.4,1133.0,72.9,70.60000000000001,6475.421716839699,33.793960750247024,19.394084047087933,10.552503262036511,0.7761495134681602,1.0812029681173556,0.58,1.0,1.0,1.0,0.9808591458979914,0.9808591458979914,49565.093631916985,245.14999999999998,0.7042736172333457,31.151568882549583,0.03271687441091186,6.5,8.683670030716373
57100.0,18500.0,-28.0,20.0,39.800000000000004,270.0,55.0,3180.0,60.400000000000006,13.75,64.5,1129.0,73.4,69.60000000000001,6475.199267102258,33.793960750247024,19.393417803390946,10.552503262036511,0.7761495134681602,1.0812029681173556,0.59,1.0,1.0,1.0,0.9808591458979914,0.9808591458979914,49565.093631916985,245.14999999999998,0.7042736172333457,31.151568882549583,0.03271937438775063,6.4,8.683371721169472
57150.0,18530.0,-28.0,20.5,39.900000000000006,272.0,54.900000000000006,3193.0,60.2,13.600000000000001,64.5,1125.0,72.10000000000001,70.8,6474.976991749737,33.793960750247024,19.39275208198207,10.552503262036511,0.7761495134681602,1.0812029681173556,0.55,1.0,1.0,1.0,0.9808591458979914,0.9808591458979914,49565.093631916985,245.14999999999998,0.7042736172333457,31.151568882549583,0.03272187240494254,6.800000000000001,8.683073645476233
57200.0,18500.0,-27.6,20.5,39.0,270.0,54.900000000000006,3193.0,60.2,13.65,64.2,1125.0,72.8,69.4,6474.754890631308,33.793960750247024,19.392086882409576,10.552503262036511,0.7761495134681602,1.0812029681173556,0.54,1.0,1.0,1.0,0.9808591458979914,0.9808591458979914,49565.093631916985,245.14999999999998,0.7042736172333457,31.151568882549583,0.032724368464182856,6.1000000000000005,8.682775803434398
57250.0,18480.0,-27.900000000000002,20.5,40.0,270.0,54.800000000000004,3187.0,59.800000000000004,13.600000000000001,63.5,1129.0,72.8,70.4,6474.5329635962435,33.793960750247024,19.391422204222028,10.552503262036511,0.7761495134681602,1.0812029681173556,0.59,1.0,1.0,1.0,0.9808591458979914,0.9808591458979914,49565.093631916985,245.14999999999998,0.7042736172333457,31.151568882549583,0.03272686256716571,6.6000000000000005,8.682478194841835
57300.0,18510.0,-28.6,20.0,40.400000000000006,270.0,55.400000000000006,3195.0,60.1,13.600000000000001,63.800000000000004,1126.0,72.8,70.0,6474.311210493918,33.793960750247024,19.390758046968298,10.552503262036511,0.7761495134681602,1.0812029681173556,0.53,1.0,1.0,1.0,0.9808591458979914,0.9808591458979914,49565.093631916985,245.14999999999998,0.7042736172333457,31.151568882549583,0.03272935471558409,6.6000000000000005,8.682180819496555
57350.0,18520.0,-27.700000000000003,20.0,40.400000000000006,270.0,55.0,3188.0,59.900000000000006,13.65,64.5,1125.0,72.7,70.4,6474.089631173805,33.793960750247024,19.390094410197555,10.552503262036511,0.7761495134681602,1.0812029681173556,0.5700000000000001,1.0,1.0,1.0,0.9808591458979914,0.9808591458979914,49565.093631916985,245.14999999999998,0.7042736172333457,31.151568882549583,0.03273184491112983,6.4,8.681883677196696
57400.0,18490.0,-27.6,20.5,39.2,271.0,55.0,3189.0,60.300000000000004,13.700000000000001,65.0,1128.0,72.5,69.2,6473.868225485484,33.793960750247024,19.389431293459282,10.552503262036511,0.7761495134681602,1.0812029681173556,0.59,1.0,1.0,1.0,0.9808591458979914,0.9808591458979914,49565.093631916985,245.14999999999998,0.7042736172333457,31.151568882549583,0.03273433315549355,6.800000000000001,8.681586767740544
57450.0,18490.0,-28.1,19.5,39.800000000000004,271.0,55.0,3187.0,60.800000000000004,13.5,64.7,1124.0,72.9,70.3,6473.646993278636,33.793960750247024,19.388768696303273,10.552503262036511,0.7761495134681602,1.0812029681173556,0.59,1.0,1.0,1.0,0.9808591458979914,0.9808591458979914,49565.093631916985,245.14999999999998,0.7042736172333457,31.151568882549583,0.03273681945036486,6.4,8.681290090926517
57500.0,18500.0,-28.1,19.5,40.300000000000004,270.0,55.1,3188.0,59.900000000000006,13.700000000000001,65.0,1131.0,73.10000000000001,70.9,6473.425934403041,33.793960750247024,19.388106618279615,10.552503262036511,0.7761495134681602,1.0812029681173556,0.55,1.0,1.0,1.0,0.9808591458979914,0.9808591458979914,49565.093631916985,245.14999999999998,0.7042736172333457,31.151568882549583,0.032739303797432076,6.4,8.680993646553167
57550.0,18510.0,-27.700000000000003,20.0,39.6,270.0,54.900000000000006,3195.0,60.2,13.55,63.7,1125.0,72.8,70.2,6473.205048708587,33.793960750247024,19.387445058938717,10.552503262036511,0.7761495134681602,1.0812029681173556,0.59,1.0,1.0,1.0,0.9808591458979914,0.9808591458979914,49565.093631916985,245.14999999999998,0.7042736172333457,31.151568882549583,0.03274178619838245,6.2,8.68069743441919
57600.0,18530.0,-28.3,19.5,40.7,271.0,55.0,3190.0,60.1,13.600000000000001,63.6,1121.0,72.7,71.10000000000001,6472.984336045258,33.793960750247024,19.38678401783127,10.552503262036511,0.7761495134681602,1.0812029681173556,0.62,1.0,1.0,1.0,0.9808591458979914,0.9808591458979914,49565.093631916985,245.14999999999998,0.7042736172333457,31.151568882549583,0.032744266654902154,6.4,8.680401454323412
57650.0,18490.0,-27.900000000000002,20.0,40.2,268.0,55.6,3193.0,59.900000000000006,13.55,65.0,1128.0,73.0,70.5,6472.763796263135,33.793960750247024,19.386123494508276,10.552503262036511,0.7761495134681602,1.0812029681173556,0.56,1.0,1.0,1.0,0.9808591458979914,0.9808591458979914,49565.093631916985,245.14999999999998,0.7042736172333457,31.151568882549583,0.03274674516867606,6.6000000000000005,8.68010570606479
57700.0,18510.0,-27.900000000000002,20.0,40.6,269.0,54.800000000000004,3188.0,59.800000000000004,13.55,65.10000000000001,1127.0,72.3,70.0,6472.543429212417,33.793960750247024,19.385463488521065,10.552503262036511,0.7761495134681602,1.0812029681173556,0.56,1.0,1.0,1.0,0.9808591458979914,0.9808591458979914,49565.093631916985,245.14999999999998,0.7042736172333457,31.151568882549583,0.03274922174138798,6.5,8.679810189442437
57750.0,18510.0,-27.8,20.0,39.5,270.0,54.900000000000006,3187.0,60.2,13.600000000000001,64.9,1126.0,73.5,70.60000000000001,6472.323234743391,33.793960750247024,19.384803999421244,10.552503262036511,0.7761495134681602,1.0812029681173556,0.56,1.0,1.0,1.0,0.9808591458979914,0.9808591458979914,49565.093631916985,245.14999999999998,0.7042736172333457,31.151568882549583,0.03275169637472056,6.6000000000000005,8.679514904255583
57800.0,18490.0,-28.6,19.5,40.300000000000004,270.0,55.0,3185.0,59.400000000000006,13.700000000000001,64.2,1126.0,72.7,70.9,6472.103212706455,33.793960750247024,19.384145026760752,10.552503262036511,0.7761495134681602,1.0812029681173556,0.59,1.0,1.0,1.0,0.9808591458979914,0.9808591458979914,49565.093631916985,245.14999999999998,0.7042736172333457,31.151568882549583,0.03275416907035534,6.2,8.679219850303612
57850.0,18510.0,-28.0,19.5,39.900000000000006,269.0,54.7,3191.0,59.900000000000006,13.65,64.5,1128.0,72.3,69.8,6471.883362952099,33.793960750247024,19.3834865700918,10.552503262036511,0.7761495134681602,1.0812029681173556,0.58,1.0,1.0,1.0,0.9808591458979914,0.9808591458979914,49565.093631916985,245.14999999999998,0.7042736172333457,31.151568882549583,0.03275663982997263,6.2,8.678925027386024
57900.0,18500.0,-28.400000000000002,20.0,40.6,271.0,54.6,3192.0,60.5,13.8,64.60000000000001,1124.0,73.10000000000001,71.0,6471.663685330925,33.793960750247024,19.38282862896694,10.552503262036511,0.7761495134681602,1.0812029681173556,0.56,1.0,1.0,1.0,0.9808591458979914,0.9808591458979914,49565.093631916985,245.14999999999998,0.7042736172333457,31.151568882549583,0.03275910865525168,6.7,8.678630435302477
57950.0,18490.0,-27.900000000000002,19.0,39.6,270.0,54.900000000000006,3183.0,59.900000000000006,13.600000000000001,64.3,1127.0,73.2,70.10000000000001,6471.444179693631,33.793960750247024,19.38217120293901,10.552503262036511,0.7761495134681602,1.0812029681173556,0.6,1.0,1.0,1.0,0.9808591458979914,0.9808591458979914,49565.093631916985,245.14999999999998,0.7042736172333457,31.151568882549583,0.032761575547870535,6.2,8.678336073852753
58000.0,18520.0,-27.6,20.0,39.900000000000006,270.0,55.1,3193.0,59.6,13.65,63.1,1127.0,73.5,69.5,6471.224845891019,33.793960750247024,19.381514291561153,10.552503262036511,0.7761495134681602,1.0812029681173556,0.51,1.0,1.0,1.0,0.9808591458979914,0.9808591458979914,49565.093631916985,245.14999999999998,0.7042736172333457,31.151568882549583,0.032764040509506126,6.5,8.678041942836774
58050.0,18520.0,-27.900000000000002,19.0,39.300000000000004,270.0,54.800000000000004,3189.0,60.1,13.55,65.4,1128.0,73.4,70.7,6471.005683773992,33.793960750247024,19.380857894386818,10.552503262036511,0.7761495134681602,1.0812029681173556,0.56,1.0,1.0,1.0,0.9808591458979914,0.9808591458979914,49565.093631916985,245.14999999999998,0.7042736172333457,31.151568882549583,0.032766503541834184,6.4,8.6777480420546
58100.0,18500.0,-27.8,19.5,40.7,269.0,55.0,3187.0,59.900000000000006,13.75,64.10000000000001,1126.0,72.7,70.2,6470.786693193558,33.793960750247024,19.38020201096977,10.552503262036511,0.7761495134681602,1.0812029681173556,0.56,1.0,1.0,1.0,0.9808591458979914,0.9808591458979914,49565.093631916985,245.14999999999998,0.7042736172333457,31.151568882549583,0.03276896464652936,6.2,8.677454371306426
58150.0,18490.0,-27.8,20.5,40.0,270.0,54.900000000000006,3186.0,59.7,13.5,63.900000000000006,1129.0,72.8,70.0,6470.567874000823,33.793960750247024,19.37954664086407,10.552503262036511,0.7761495134681602,1.0812029681173556,0.55,1.0,1.0,1.0,0.9808591458979914,0.9808591458979914,49565.093631916985,245.14999999999998,0.7042736172333457,31.151568882549583,0.03277142382526506,6.800000000000001,8.677160930392585
58200.0,18490.0,-27.900000000000002,20.0,40.0,270.0,55.0,3192.0,60.0,13.700000000000001,64.4,1123.0,73.2,70.4,6470.349226047005,33.793960750247024,19.37889178362411,10.552503262036511,0.7761495134681602,1.0812029681173556,0.56,1.0,1.0,1.0,0.9808591458979914,0.9808591458979914,49565.093631916985,245.14999999999998,0.7042736172333457,31.151568882549583,0.032773881079713664,6.4,8.676867719113554
58250.0,18470.0,-28.6,21.0,39.800000000000004,271.0,54.7,3184.0,60.2,13.600000000000001,64.60000000000001,1127.0,72.9,69.9,6470.130749183409,33.793960750247024,19.378237438804543,10.552503262036511,0.7761495134681602,1.0812029681173556,0.52,1.0,1.0,1.0,0.9808591458979914,0.9808591458979914,49565.093631916985,245.14999999999998,0.7042736172333457,31.151568882549583,0.03277633641154624,6.800000000000001,8.676574737269936
58300.0,18520.0,-28.3,19.5,39.900000000000006,270.0,55.0,3190.0,60.0,13.600000000000001,65.8,1126.0,73.60000000000001,70.9,6469.912443261458,33.793960750247024,19.37758360596038,10.552503262036511,0.7761495134681602,1.0812029681173556,0.58,1.0,1.0,1.0,0.9808591458979914,0.9808591458979914,49565.093631916985,245.14999999999998,0.7042736172333457,31.151568882549583,0.03277878982243287,6.0,8.67628198466248
58350.0,18500.0,-28.1,20.0,39.6,271.0,55.2,3193.0,59.900000000000006,13.5,64.5,1131.0,73.0,70.4,6469.6943081326635,33.793960750247024,19.376930284646885,10.552503262036511,0.7761495134681602,1.0812029681173556,0.55,1.0,1.0,1.0,0.9808591458979914,0.9808591458979914,49565.093631916985,245.14999999999998,0.7042736172333457,31.151568882549583,0.03278124131404241,6.300000000000001,8.675989461092065
58400.0,18510.0,-28.0,20.0,40.2,270.0,55.1,3185.0,59.7,13.600000000000001,64.3,1126.0,73.10000000000001,70.7,6469.476343648647,33.793960750247024,19.37627747441967,10.552503262036511,0.7761495134681602,1.0812029681173556,0.6,1.0,1.0,1.0,0.9808591458979914,0.9808591458979914,49565.093631916985,245.14999999999998,0.7042736172333457,31.151568882549583,0.03278369088804262,6.800000000000001,8.67569716635971
58450.0,18480.0,-28.3,20.0,40.0,270.0,54.900000000000006,3187.0,60.1,13.5,65.7,1127.0,73.3,69.9,6469.258549661126,33.793960750247024,19.375625174834617,10.552503262036511,0.7761495134681602,1.0812029681173556,0.58,1.0,1.0,1.0,0.9808591458979914,0.9808591458979914,49565.093631916985,245.14999999999998,0.7042736172333457,31.151568882549583,0.03278613854609995,6.5,8.675405100266564
58500.0,18510.0,-28.0,21.0,39.400000000000006,271.0,55.0,3184.0,60.6,13.75,63.1,1127.0,73.2,70.4,6469.040926021936,33.793960750247024,19.37497338544797,10.552503262036511,0.7761495134681602,1.0812029681173556,0.61,1.0,1.0,1.0,0.9808591458979914,0.9808591458979914,49565.093631916985,245.14999999999998,0.7042736172333457,31.151568882549583,0.032788584289879845,6.800000000000001,8.675113262613937
58550.0,18500.0,-27.3,20.5,39.900000000000006,270.0,55.2,3185.0,59.900000000000006,13.600000000000001,64.5,1126.0,72.5,70.8,6468.823472582999,33.793960750247024,19.374322105816237,10.552503262036511,0.7761495134681602,1.0812029681173556,0.55,1.0,1.0,1.0,0.9808591458979914,0.9808591458979914,49565.093631916985,245.14999999999998,0.7042736172333457,31.151568882549583,0.03279102812104661,7.0,8.674821653203255
58600.0,18500.0,-27.6,20.5,40.5,270.0,55.0,3193.0,60.7,13.600000000000001,64.8,1127.0,73.2,70.2,6468.606189196341,33.793960750247024,19.373671335496223,10.552503262036511,0.7761495134681602,1.0812029681173556,0.5,1.0,1.0,1.0,0.9808591458979914,0.9808591458979914,49565.093631916985,245.14999999999998,0.7042736172333457,31.151568882549583,0.03279347004126327,6.4,8.674530271836078
58650.0,18510.0,-28.200000000000003,20.5,40.1,270.0,55.2,3191.0,60.1,13.65,64.4,1123.0,72.8,69.3,6468.389075714098,33.793960750247024,19.373021074045077,10.552503262036511,0.7761495134681602,1.0812029681173556,0.58,1.0,1.0,1.0,0.9808591458979914,0.9808591458979914,49565.093631916985,245.14999999999998,0.7042736172333457,31.151568882549583,0.03279591005219181,6.7,8.674239118314121
58700.0,18510.0,-27.8,20.5,39.400000000000006,270.0,54.7,3187.0,60.5,13.65,64.7,1127.0,72.60000000000001,70.3,6468.1721319885055,33.793960750247024,19.37237132102024,10.552503262036511,0.7761495134681602,1.0812029681173556,0.59,1.0,1.0,1.0,0.9808591458979914,0.9808591458979914,49565.093631916985,245.14999999999998,0.7042736172333457,31.151568882549583,0.032798348155493026,6.6000000000000005,8.673948192439227
58750.0,18480.0,-27.900000000000002,19.0,40.300000000000004,269.0,54.800000000000004,3192.0,60.2,13.600000000000001,65.60000000000001,1129.0,72.8,70.4,6467.955357871899,33.793960750247024,19.371722075979445,10.552503262036511,0.7761495134681602,1.0812029681173556,0.55,1.0,1.0,1.0,0.9808591458979914,0.9808591458979914,49565.093631916985,245.14999999999998,0.7042736172333457,31.151568882549583,0.03280078435282658,6.800000000000001,8.673657494013375
58800.0,18500.0,-27.900000000000002,19.5,40.0,270.0,54.800000000000004,3187.0,60.1,13.600000000000001,63.400000000000006,1126.0,72.8,70.3,6467.738753216715,33.793960750247024,19.37107333848074,10.552503262036511,0.7761495134681602,1.0812029681173556,0.56,1.0,1.0,1.0,0.9808591458979914,0.9808591458979914,49565.093631916985,245.14999999999998,0.7042736172333457,31.151568882549583,0.03280321864585097,6.4,8.67336702283868
58850.0,18490.0,-28.0,20.5,40.1,271.0,55.2,3194.0,60.400000000000006,13.700000000000001,63.6,1129.0,73.4,70.9,6467.522317875496,33.793960750247024,19.37042510808249,10.552503262036511,0.7761495134681602,1.0812029681173556,0.54,1.0,1.0,1.0,0.9808591458979914,0.9808591458979914,49565.093631916985,245.14999999999998,0.7042736172333457,31.151568882549583,0.032805651036223536,6.6000000000000005,8.673076778717398
58900.0,18500.0,-27.400000000000002,19.5,39.7,269.0,55.0,3197.0,60.0,13.600000000000001,64.60000000000001,1127.0,73.10000000000001,70.4,6467.306051700887,33.793960750247024,19.369777384343354,10.552503262036511,0.7761495134681602,1.0812029681173556,0.54,1.0,1.0,1.0,0.9808591458979914,0.9808591458979914,49565.093631916985,245.14999999999998,0.7042736172333457,31.151568882549583,0.0328080815256004,6.4,8.672786761451924
58950.0,18510.0,-27.700000000000003,20.5,40.1,270.0,55.2,3186.0,59.800000000000004,13.600000000000001,63.5,1128.0,73.3,69.8,6467.089954545639,33.793960750247024,19.36913016682232,10.552503262036511,0.7761495134681602,1.0812029681173556,0.5700000000000001,1.0,1.0,1.0,0.9808591458979914,0.9808591458979914,49565.093631916985,245.14999999999998,0.7042736172333457,31.151568882549583,0.03281051011563665,6.300000000000001,8.672496970844794
59000.0,18490.0,-27.400000000000002,19.5,39.5,270.0,55.1,3191.0,60.6,13.55,63.900000000000006,1131.0,73.3,70.60000000000001,6466.874026262598,33.793960750247024,19.36848345507866,10.552503262036511,0.7761495134681602,1.0812029681173556,0.54,1.0,1.0,1.0,0.9808591458979914,0.9808591458979914,49565.093631916985,245.14999999999998,0.7042736172333457,31.151568882549583,0.03281293680798612,6.7,8.67220740669867
59050.0,18510.0,-27.900000000000002,19.5,40.0,271.0,54.800000000000004,3185.0,59.800000000000004,13.55,64.3,1129.0,73.10000000000001,70.2,6466.65826670472,33.793960750247024,19.367837248671968,10.552503262036511,0.7761495134681602,1.0812029681173556,0.5700000000000001,1.0,1.0,1.0,0.9808591458979914,0.9808591458979914,49565.093631916985,245.14999999999998,0.7042736172333457,31.151568882549583,0.03281536160430162,6.6000000000000005,8.671918068816364
59100.0,18480.0,-27.700000000000003,19.5,39.800000000000004,270.0,55.0,3190.0,60.0,13.600000000000001,65.2,1129.0,73.10000000000001,70.5,6466.442675725049,33.793960750247024,19.36719154716211,10.552503262036511,0.7761495134681602,1.0812029681173556,0.54,1.0,1.0,1.0,0.9808591458979914,0.9808591458979914,49565.093631916985,245.14999999999998,0.7042736172333457,31.151568882549583,0.03281778450623459,7.0,8.671628957000806
59150.0,18490.0,-27.900000000000002,20.0,39.900000000000006,270.0,54.800000000000004,3193.0,59.6,13.65,64.7,1126.0,73.2,70.10000000000001,6466.2272531767585,33.793960750247024,19.366546350109335,10.552503262036511,0.7761495134681602,1.0812029681173556,0.53,1.0,1.0,1.0,0.9808591458979914,0.9808591458979914,49565.093631916985,245.14999999999998,0.7042736172333457,31.151568882549583,0.03282020551543557,6.2,8.671340071055097
59200.0,18510.0,-27.8,20.0,39.800000000000004,270.0,54.900000000000006,3181.0,60.0,13.65,64.3,1131.0,72.60000000000001,69.8,6466.011998913095,33.793960750247024,19.36590165707411,10.552503262036511,0.7761495134681602,1.0812029681173556,0.56,1.0,1.0,1.0,0.9808591458979914,0.9808591458979914,49565.093631916985,245.14999999999998,0.7042736172333457,31.151568882549583,0.032822624633553794,6.5,8.67105141078244
59250.0,18480.0,-27.8,20.0,39.2,270.0,54.800000000000004,3187.0,59.6,13.65,65.3,1128.0,72.2,70.3,6465.796912787423,33.793960750247024,19.365257467617262,10.552503262036511,0.7761495134681602,1.0812029681173556,0.55,1.0,1.0,1.0,0.9808591458979914,0.9808591458979914,49565.093631916985,245.14999999999998,0.7042736172333457,31.151568882549583,0.032825041862237295,6.2,8.67076297598619
59300.0,18500.0,-27.700000000000003,19.5,39.300000000000004,268.0,54.900000000000006,3188.0,59.800000000000004,13.55,64.60000000000001,1128.0,73.0,70.60000000000001,6465.581994653214,33.793960750247024,19.364613781299926,10.552503262036511,0.7761495134681602,1.0812029681173556,0.54,1.0,1.0,1.0,0.9808591458979914,0.9808591458979914,49565.093631916985,245.14999999999998,0.7042736172333457,31.151568882549583,0.03282745720313308,6.2,8.670474766469853
59350.0,18490.0,-28.200000000000003,19.0,39.800000000000004,271.0,55.2,3190.0,60.0,13.700000000000001,63.6,1125.0,73.4,70.2,6465.367244364034,33.793960750247024,19.363970597683537,10.552503262036511,0.7761495134681602,1.0812029681173556,0.54,1.0,1.0,1.0,0.9808591458979914,0.9808591458979914,49565.093631916985,245.14999999999998,0.7042736172333457,31.151568882549583,0.0328298706578869,6.6000000000000005,8.670186782037058
59400.0,18490.0,-28.200000000000003,19.5,40.1,270.0,55.300000000000004,3187.0,59.900000000000006,13.700000000000001,64.8,1127.0,72.4,69.8,6465.152661773555,33.793960750247024,19.363327916329833,10.552503262036511,0.7761495134681602,1.0812029681173556,0.53,1.0,1.0,1.0,0.9808591458979914,0.9808591458979914,49565.093631916985,245.14999999999998,0.7042736172333457,31.151568882549583,0.03283228222814347,6.5,8.669899022491574
59450.0,18490.0,-27.5,19.0,39.5,270.0,55.1,3178.0,59.5,13.600000000000001,65.10000000000001,1132.0,72.8,70.10000000000001,6464.938246735545,33.793960750247024,19.362685736800845,10.552503262036511,0.7761495134681602,1.0812029681173556,0.54,1.0,1.0,1.0,0.9808591458979914,0.9808591458979914,49565.093631916985,245.14999999999998,0.7042736172333457,31.151568882549583,0.03283469191554623,6.6000000000000005,8.669611487637301
59500.0,18520.0,-27.6,20.0,39.7,270.0,55.300000000000004,3187.0,59.5,13.55,64.10000000000001,1122.0,73.10000000000001,70.4,6464.723999103883,33.793960750247024,19.362044058658935,10.552503262036511,0.7761495134681602,1.0812029681173556,0.62,1.0,1.0,1.0,0.9808591458979914,0.9808591458979914,49565.093631916985,245.14999999999998,0.7042736172333457,31.151568882549583,0.03283709972173752,6.1000000000000005,8.669324177278291
59550.0,18510.0,-27.700000000000003,20.5,39.6,269.0,55.0,3189.0,59.800000000000004,13.700000000000001,64.0,1122.0,72.9,70.4,6464.509918732549,33.793960750247024,19.361402881466766,10.552503262036511,0.7761495134681602,1.0812029681173556,0.5700000000000001,1.0,1.0,1.0,0.9808591458979914,0.9808591458979914,49565.093631916985,245.14999999999998,0.7042736172333457,31.151568882549583,0.03283950564835844,6.5,8.669037091218723
59600.0,18520.0,-28.3,20.0,40.6,268.0,55.0,3193.0,60.400000000000006,13.65,64.60000000000001,1124.0,73.5,69.5,6464.296005475628,33.793960750247024,19.360762204787328,10.552503262036511,0.7761495134681602,1.0812029681173556,0.53,1.0,1.0,1.0,0.9808591458979914,0.9808591458979914,49565.093631916985,245.14999999999998,0.7042736172333457,31.151568882549583,0.03284190969704909,6.6000000000000005,8.668750229262928
59650.0,18490.0,-27.900000000000002,20.0,40.7,270.0,54.900000000000006,3191.0,59.800000000000004,13.65,64.3,1128.0,72.4,69.0,6464.082259187299,33.793960750247024,19.36012202818388,10.552503262036511,0.7761495134681602,1.0812029681173556,0.52,1.0,1.0,1.0,0.9808591458979914,0.9808591458979914,49565.093631916985,245.14999999999998,0.7042736172333457,31.151568882549583,0.03284431186944833,6.9,8.668463591215353
59700.0,18490.0,-27.8,19.5,39.900000000000006,270.0,55.300000000000004,3191.0,60.1,13.700000000000001,63.900000000000006,1130.0,73.3,70.60000000000001,6463.86867972185,33.793960750247024,19.35948235122,10.552503262036511,0.7761495134681602,1.0812029681173556,0.56,1.0,1.0,1.0,0.9808591458979914,0.9808591458979914,49565.093631916985,245.14999999999998,0.7042736172333457,31.151568882549583,0.03284671216719384,6.4,8.668177176880596
59750.0,18490.0,-28.200000000000003,19.5,40.1,270.0,55.1,3190.0,59.7,13.5,64.10000000000001,1125.0,72.7,71.0,6463.655266933673,33.793960750247024,19.3588431734596,10.552503262036511,0.7761495134681602,1.0812029681173556,0.51,1.0,1.0,1.0,0.9808591458979914,0.9808591458979914,49565.093631916985,245.14999999999998,0.7042736172333457,31.151568882549583,0.03284911059192213,7.0,8.667890986063396
59800.0,18500.0,-27.700000000000003,20.5,40.2,271.0,54.800000000000004,3188.0,59.7,13.5,63.800000000000004,1132.0,72.9,71.10000000000001,6463.442020677264,33.793960750247024,19.358204494466882,10.552503262036511,0.7761495134681602,1.0812029681173556,0.62,1.0,1.0,1.0,0.9808591458979914,0.9808591458979914,49565.093631916985,245.14999999999998,0.7042736172333457,31.151568882549583,0.032851507145268674,7.2,8.667605018568626
59850.0,18520.0,-27.3,20.0,40.1,270.0,55.0,3189.0,60.2,13.55,63.400000000000006,1128.0,72.7,69.8,6463.228940807211,33.793960750247024,19.35756631380634,10.552503262036511,0.7761495134681602,1.0812029681173556,0.56,1.0,1.0,1.0,0.9808591458979914,0.9808591458979914,49565.093631916985,245.14999999999998,0.7042736172333457,31.151568882549583,0.032853901828867674,6.4,8.667319274201287
59900.0,18510.0,-28.0,20.5,40.1,270.0,55.0,3183.0,60.1,13.65,64.8,1124.0,72.4,69.9,6463.016027178216,33.793960750247024,19.3569286310428,10.552503262036511,0.7761495134681602,1.0812029681173556,0.6,1.0,1.0,1.0,0.9808591458979914,0.9808591458979914,49565.093631916985,245.14999999999998,0.7042736172333457,31.151568882549583,0.03285629464435216,6.5,8.667033752766532
59950.0,18490.0,-28.400000000000002,19.5,39.7,271.0,55.2,3184.0,60.2,13.65,63.5,1127.0,73.10000000000001,70.2,6462.803279645083,33.793960750247024,19.35629144574139,10.552503262036511,0.7761495134681602,1.0812029681173556,0.51,1.0,1.0,1.0,0.9808591458979914,0.9808591458979914,49565.093631916985,245.14999999999998,0.7042736172333457,31.151568882549583,0.032858685593354066,6.5,8.66674845406965
60000.0,18510.0,-27.5,19.5,39.800000000000004,270.0,55.1,3189.0,60.2,13.5,64.5,1125.0,72.9,71.0,6462.59069806272,33.793960750247024,19.35565475746756,10.552503262036511,0.7761495134681602,1.0812029681173556,0.52,1.0,1.0,1.0,0.9808591458979914,0.9808591458979914,49565.093631916985,245.14999999999998,0.7042736172333457,31.151568882549583,0.032861074677504196,6.4,8.666463377916068
