time_ms,true_engine_rpm,true_cht_c,true_egt_c,true_oil_temp_c,true_oil_press_psi,true_afr,true_brake_power_kw,true_engine_torque_nm,true_vibration_g_rms,true_cooling_health,true_lubrication_health,true_injector_health,true_combustion_health,true_overall_health,active_fault_count,primary_fault,max_fault_severity,latent_fin_fouling_factor,latent_radiator_blockage_ratio,latent_coolant_leak_fraction,latent_bearing_clearance_wear,latent_pump_wear_factor,latent_viscosity_loss_ratio,latent_boundary_scuffing_severity,latent_clogging_fraction,latent_leakage_fraction,latent_misfire_fraction,latent_timing_retard_deg
0,3188.380659805561,67.22141218327334,1126.85,70.87068315432498,72.91248325705376,13.595967115773249,6.688247716699579,20.031504358718614,0.5667334574294779,1.0,1.0,1.0,0.9808591458979914,0.9808591458979914,0,nominal,0.0,0.0,0.0,0.0,0.0,0.0,0.0,0.0,0.0,0.0,0.0,0.0
50,3188.380659805561,67.21901306630548,1126.85,70.871407534024,72.91244765872513,13.595967115773249,6.688313097465189,20.03170017609063,0.5667334574294779,1.0,1.0,1.0,0.9808591458979914,0.9808591458979914,0,nominal,0.0,0.0,0.0,0.0,0.0,0.0,0.0,0.0,0.0,0.0,0.0,0.0
100,3188.380659805561,67.21661497771134,1126.85,70.87213025531025,72.91241214198686,13.595967115773249,6.688378326594686,20.031895539307904,0.5667334574294779,1.0,1.0,1.0,0.9808591458979914,0.9808591458979914,0,nominal,0.0,0.0,0.0,0.0,0.0,0.0,0.0,0.0,0.0,0.0,0.0,0.0
150,3188.380659805561,67.21421791698458,1126.85,70.87285132065364,72.91237670671612,13.595967115773249,6.688443404325099,20.032090449080336,0.5667334574294779,1.0,1.0,1.0,0.9808591458979914,0.9808591458979914,0,nominal,0.0,0.0,0.0,0.0,0.0,0.0,0.0,0.0,0.0,0.0,0.0,0.0
200,3188.380659805561,67.21182188361905,1126.85,70.87357073252059,72.91234135279015,13.595967115773249,6.688508330893083,20.032284906116715,0.5667334574294779,1.0,1.0,1.0,0.9808591458979914,0.9808591458979914,0,nominal,0.0,0.0,0.0,0.0,0.0,0.0,0.0,0.0,0.0,0.0,0.0,0.0
250,3188.380659805561,67.20942687710897,1126.85,70.8742884933742,72.91230608008645,13.595967115773249,6.6885731065349106,20.032478911124688,0.5667334574294779,1.0,1.0,1.0,0.9808591458979914,0.9808591458979914,0,nominal,0.0,0.0,0.0,0.0,0.0,0.0,0.0,0.0,0.0,0.0,0.0,0.0
300,3188.380659805561,67.20703289694887,1126.85,70.87500460567406,72.91227088848264,13.595967115773249,6.688637731486503,20.032672464810847,0.5667334574294779,1.0,1.0,1.0,0.9808591458979914,0.9808591458979914,0,nominal,0.0,0.0,0.0,0.0,0.0,0.0,0.0,0.0,0.0,0.0,0.0,0.0
350,3188.380659805561,67.2046399426336,1126.85,70.87571907187635,72.91223577785657,13.595967115773249,6.688702205983394,20.03286556788062,0.5667334574294779,1.0,1.0,1.0,0.9808591458979914,0.9808591458979914,0,nominal,0.0,0.0,0.0,0.0,0.0,0.0,0.0,0.0,0.0,0.0,0.0,0.0
400,3188.380659805561,67.20224801365833,1126.85,70.87643189443389,72.9122007480862,13.595967115773249,6.688766530260754,20.03305822103835,0.5667334574294779,1.0,1.0,1.0,0.9808591458979914,0.9808591458979914,0,nominal,0.0,0.0,0.0,0.0,0.0,0.0,0.0,0.0,0.0,0.0,0.0,0.0
450,3188.380659805561,67.19985710951852,1126.85,70.87714307579603,72.91216579904977,13.595967115773249,6.688830704553393,20.0332504249873,0.5667334574294779,1.0,1.0,1.0,0.9808591458979914,0.9808591458979914,0,nominal,0.0,0.0,0.0,0.0,0.0,0.0,0.0,0.0,0.0,0.0,0.0,0.0
500,3188.380659805561,67.19746722971001,1126.85,70.87785261840867,72.9121309306256,13.595967115773249,6.688894729095743,20.033442180429606,0.5667334574294779,1.0,1.0,1.0,0.9808591458979914,0.9808591458979914,0,nominal,0.0,0.0,0.0,0.0,0.0,0.0,0.0,0.0,0.0,0.0,0.0,0.0
550,3188.380659805561,67.1950783737289,1126.85,70.87856052471437,72.91209614269223,13.595967115773249,6.688958604121868,20.033633488066286,0.5667334574294779,1.0,1.0,1.0,0.9808591458979914,0.9808591458979914,0,nominal,0.0,0.0,0.0,0.0,0.0,0.0,0.0,0.0,0.0,0.0,0.0,0.0
600,3188.380659805561,67.19269054107167,1126.85,70.87926679715235,72.91206143512844,13.595967115773249,6.689022329865468,20.033824348597292,0.5667334574294779,1.0,1.0,1.0,0.9808591458979914,0.9808591458979914,0,nominal,0.0,0.0,0.0,0.0,0.0,0.0,0.0,0.0,0.0,0.0,0.0,0.0
650,3188.380659805561,67.19030373123508,1126.85,70.8799714381583,72.91202680781305,13.595967115773249,6.6890859065598836,20.034014762721473,0.5667334574294779,1.0,1.0,1.0,0.9808591458979914,0.9808591458979914,0,nominal,0.0,0.0,0.0,0.0,0.0,0.0,0.0,0.0,0.0,0.0,0.0,0.0
700,3188.380659805561,67.18791794371623,1126.85,70.88067445016463,72.91199226062517,13.595967115773249,6.689149334438084,20.03420473113659,0.5667334574294779,1.0,1.0,1.0,0.9808591458979914,0.9808591458979914,0,nominal,0.0,0.0,0.0,0.0,0.0,0.0,0.0,0.0,0.0,0.0,0.0,0.0
750,3188.380659805561,67.18553317801246,1126.85,70.8813758356003,72.91195779344406,13.595967115773249,6.689212613732678,20.034394254539308,0.5667334574294779,1.0,1.0,1.0,0.9808591458979914,0.9808591458979914,0,nominal,0.0,0.0,0.0,0.0,0.0,0.0,0.0,0.0,0.0,0.0,0.0,0.0
800,3188.380659805561,67.18314943362157,1126.85,70.8820755968909,72.91192340614914,13.595967115773249,6.689275744675899,20.034583333625168,0.5667334574294779,1.0,1.0,1.0,0.9808591458979914,0.9808591458979914,0,nominal,0.0,0.0,0.0,0.0,0.0,0.0,0.0,0.0,0.0,0.0,0.0,0.0
850,3188.380659805561,67.18076671004155,1126.85,70.88277373645872,72.91188909862002,13.595967115773249,6.689338727499627,20.034771969088666,0.5667334574294779,1.0,1.0,1.0,0.9808591458979914,0.9808591458979914,0,nominal,0.0,0.0,0.0,0.0,0.0,0.0,0.0,0.0,0.0,0.0,0.0,0.0
900,3188.380659805561,67.17838500677078,1126.85,70.88347025672255,72.91185487073648,13.595967115773249,6.689401562435381,20.034960161623207,0.5667334574294779,1.0,1.0,1.0,0.9808591458979914,0.9808591458979914,0,nominal,0.0,0.0,0.0,0.0,0.0,0.0,0.0,0.0,0.0,0.0,0.0,0.0
950,3188.380659805561,67.1760043233079,1126.85,70.8841651600979,72.91182072237848,13.595967115773249,6.6894642497143115,20.03514791192109,0.5667334574294779,1.0,1.0,1.0,0.9808591458979914,0.9808591458979914,0,nominal,0.0,0.0,0.0,0.0,0.0,0.0,0.0,0.0,0.0,0.0,0.0,0.0
1000,3188.380659805561,67.17362465915193,1126.85,70.88485844899691,72.91178665342615,13.595967115773249,6.689526789567211,20.03533522067355,0.5667334574294779,1.0,1.0,1.0,0.9808591458979914,0.9808591458979914,0,nominal,0.0,0.0,0.0,0.0,0.0,0.0,0.0,0.0,0.0,0.0,0.0,0.0
1050,3188.380659805561,67.17124601380215,1126.85,70.88555012582839,72.9117526637598,13.595967115773249,6.6895891822245055,20.035522088570715,0.5667334574294779,1.0,1.0,1.0,0.9808591458979914,0.9808591458979914,0,nominal,0.0,0.0,0.0,0.0,0.0,0.0,0.0,0.0,0.0,0.0,0.0,0.0
1100,3188.380659805561,67.16886838675822,1126.85,70.88624019299772,72.9117187532599,13.595967115773249,6.689651427916275,20.03570851630169,0.5667334574294779,1.0,1.0,1.0,0.9808591458979914,0.9808591458979914,0,nominal,0.0,0.0,0.0,0.0,0.0,0.0,0.0,0.0,0.0,0.0,0.0,0.0
1150,3188.380659805561,67.16649177752004,1126.85,70.88692865290699,72.91168492180715,13.595967115773249,6.689713526872224,20.03589450455443,0.5667334574294779,1.0,1.0,1.0,0.9808591458979914,0.9808591458979914,0,nominal,0.0,0.0,0.0,0.0,0.0,0.0,0.0,0.0,0.0,0.0,0.0,0.0
1200,3188.380659805561,67.16411618558789,1126.85,70.88761550795493,72.91165116928237,13.595967115773249,6.689775479321703,20.03608005401587,0.5667334574294779,1.0,1.0,1.0,0.9808591458979914,0.9808591458979914,0,nominal,0.0,0.0,0.0,0.0,0.0,0.0,0.0,0.0,0.0,0.0,0.0,0.0
1250,3188.380659805561,67.16174161046234,1126.85,70.88830076053699,72.91161749556655,13.595967115773249,6.6898372854937085,20.03626516537184,0.5667334574294779,1.0,1.0,1.0,0.9808591458979914,0.9808591458979914,0,nominal,0.0,0.0,0.0,0.0,0.0,0.0,0.0,0.0,0.0,0.0,0.0,0.0
1300,3188.380659805561,67.15936805164426,1126.85,70.88898441304525,72.91158390054089,13.595967115773249,6.689898945616881,20.03644983930714,0.5667334574294779,1.0,1.0,1.0,0.9808591458979914,0.9808591458979914,0,nominal,0.0,0.0,0.0,0.0,0.0,0.0,0.0,0.0,0.0,0.0,0.0,0.0
1350,3188.380659805561,67.1569955086349,1126.85,70.88966646786838,72.91155038408674,13.595967115773249,6.689960459919496,20.036634076505454,0.5667334574294779,1.0,1.0,1.0,0.9808591458979914,0.9808591458979914,0,nominal,0.0,0.0,0.0,0.0,0.0,0.0,0.0,0.0,0.0,0.0,0.0,0.0
1400,3188.380659805561,67.15462398093575,1126.85,70.89034692739187,72.91151694608563,13.595967115773249,6.690021828629476,20.036817877649415,0.5667334574294779,1.0,1.0,1.0,0.9808591458979914,0.9808591458979914,0,nominal,0.0,0.0,0.0,0.0,0.0,0.0,0.0,0.0,0.0,0.0,0.0,0.0
1450,3188.380659805561,67.15225346804863,1126.85,70.89102579399781,72.91148358641925,13.595967115773249,6.6900830519743915,20.037001243420615,0.5667334574294779,1.0,1.0,1.0,0.9808591458979914,0.9808591458979914,0,nominal,0.0,0.0,0.0,0.0,0.0,0.0,0.0,0.0,0.0,0.0,0.0,0.0
1500,3188.380659805561,67.1498839694757,1126.85,70.89170307006498,72.91145030496952,13.595967115773249,6.690144130181449,20.037184174499533,0.5667334574294779,1.0,1.0,1.0,0.9808591458979914,0.9808591458979914,0,nominal,0.0,0.0,0.0,0.0,0.0,0.0,0.0,0.0,0.0,0.0,0.0,0.0
1550,3188.380659805561,67.14751548471935,1126.85,70.89237875796891,72.91141710161844,13.595967115773249,6.69020506347751,20.037366671565632,0.5667334574294779,1.0,1.0,1.0,0.9808591458979914,0.9808591458979914,0,nominal,0.0,0.0,0.0,0.0,0.0,0.0,0.0,0.0,0.0,0.0,0.0,0.0
1600,3188.380659805561,67.14514801328244,1126.85,70.89305286008175,72.91138397624825,13.595967115773249,6.690265852089085,20.037548735297314,0.5667334574294779,1.0,1.0,1.0,0.9808591458979914,0.9808591458979914,0,nominal,0.0,0.0,0.0,0.0,0.0,0.0,0.0,0.0,0.0,0.0,0.0,0.0
1650,3188.380659805561,67.14278155466803,1126.85,70.89372537877239,72.91135092874136,13.595967115773249,6.690326496242315,20.037730366371882,0.5667334574294779,1.0,1.0,1.0,0.9808591458979914,0.9808591458979914,0,nominal,0.0,0.0,0.0,0.0,0.0,0.0,0.0,0.0,0.0,0.0,0.0,0.0
1700,3188.380659805561,67.1404161083795,1126.85,70.89439631640641,72.91131795898029,13.595967115773249,6.690386996163003,20.03791156546562,0.5667334574294779,1.0,1.0,1.0,0.9808591458979914,0.9808591458979914,0,nominal,0.0,0.0,0.0,0.0,0.0,0.0,0.0,0.0,0.0,0.0,0.0,0.0
1750,3188.380659805561,67.13805167392059,1126.85,70.89506567534613,72.91128506684782,13.595967115773249,6.690447352076593,20.03809233325374,0.5667334574294779,1.0,1.0,1.0,0.9808591458979914,0.9808591458979914,0,nominal,0.0,0.0,0.0,0.0,0.0,0.0,0.0,0.0,0.0,0.0,0.0,0.0
1800,3188.380659805561,67.13568825079534,1126.85,70.89573345795054,72.91125225222684,13.595967115773249,6.690507564208182,20.038272670410418,0.5667334574294779,1.0,1.0,1.0,0.9808591458979914,0.9808591458979914,0,nominal,0.0,0.0,0.0,0.0,0.0,0.0,0.0,0.0,0.0,0.0,0.0,0.0
1850,3188.380659805561,67.13332583850809,1126.85,70.8963996665754,72.91121951500043,13.595967115773249,6.6905676327825105,20.03845257760875,0.5667334574294779,1.0,1.0,1.0,0.9808591458979914,0.9808591458979914,0,nominal,0.0,0.0,0.0,0.0,0.0,0.0,0.0,0.0,0.0,0.0,0.0,0.0
1900,3188.380659805561,67.13096443656343,1126.85,70.89706430357319,72.91118685505184,13.595967115773249,6.690627558023976,20.03863205552082,0.5667334574294779,1.0,1.0,1.0,0.9808591458979914,0.9808591458979914,0,nominal,0.0,0.0,0.0,0.0,0.0,0.0,0.0,0.0,0.0,0.0,0.0,0.0
1950,3188.380659805561,67.12860404446639,1126.85,70.89772737129312,72.91115427226447,13.595967115773249,6.690687340156621,20.038811104817647,0.5667334574294779,1.0,1.0,1.0,0.9808591458979914,0.9808591458979914,0,nominal,0.0,0.0,0.0,0.0,0.0,0.0,0.0,0.0,0.0,0.0,0.0,0.0
2000,3188.380659805561,67.12624466172224,1126.85,70.89838887208106,72.91112176652192,13.595967115773249,6.690746979404147,20.038989726169216,0.5667334574294779,1.0,1.0,1.0,0.9808591458979914,0.9808591458979914,0,nominal,0.0,0.0,0.0,0.0,0.0,0.0,0.0,0.0,0.0,0.0,0.0,0.0
2050,3188.380659805561,67.12388628783651,1126.85,70.8990488082797,72.91108933770795,13.595967115773249,6.690806475989893,20.039167920244434,0.5667334574294779,1.0,1.0,1.0,0.9808591458979914,0.9808591458979914,0,nominal,0.0,0.0,0.0,0.0,0.0,0.0,0.0,0.0,0.0,0.0,0.0,0.0
2100,3188.380659805561,67.12152892231518,1126.85,70.8997071822285,72.9110569857065,13.595967115773249,6.690865830136866,20.039345687711215,0.5667334574294779,1.0,1.0,1.0,0.9808591458979914,0.9808591458979914,0,nominal,0.0,0.0,0.0,0.0,0.0,0.0,0.0,0.0,0.0,0.0,0.0,0.0
2150,3188.380659805561,67.11917256466444,1126.85,70.90036399626354,72.91102471040162,13.595967115773249,6.690925042067718,20.039523029236406,0.5667334574294779,1.0,1.0,1.0,0.9808591458979914,0.9808591458979914,0,nominal,0.0,0.0,0.0,0.0,0.0,0.0,0.0,0.0,0.0,0.0,0.0,0.0
2200,3188.380659805561,67.11681721439078,1126.85,70.90101925271779,72.91099251167763,13.595967115773249,6.69098411200475,20.039699945485808,0.5667334574294779,1.0,1.0,1.0,0.9808591458979914,0.9808591458979914,0,nominal,0.0,0.0,0.0,0.0,0.0,0.0,0.0,0.0,0.0,0.0,0.0,0.0
2250,3188.380659805561,67.11446287100102,1126.85,70.90167295392087,72.91096038941893,13.595967115773249,6.6910430401699275,20.039876437124217,0.5667334574294779,1.0,1.0,1.0,0.9808591458979914,0.9808591458979914,0,nominal,0.0,0.0,0.0,0.0,0.0,0.0,0.0,0.0,0.0,0.0,0.0,0.0
2300,3188.380659805561,67.11210953400234,1126.85,70.90232510219926,72.91092834351014,13.595967115773249,6.691101826784862,20.040052504815364,0.5667334574294779,1.0,1.0,1.0,0.9808591458979914,0.9808591458979914,0,nominal,0.0,0.0,0.0,0.0,0.0,0.0,0.0,0.0,0.0,0.0,0.0,0.0
2350,3188.380659805561,67.10975720290219,1126.85,70.90297569987615,72.91089637383602,13.595967115773249,6.69116047207083,20.040228149221978,0.5667334574294779,1.0,1.0,1.0,0.9808591458979914,0.9808591458979914,0,nominal,0.0,0.0,0.0,0.0,0.0,0.0,0.0,0.0,0.0,0.0,0.0,0.0
2400,3188.380659805561,67.10740587720835,1126.85,70.9036247492715,72.9108644802815,13.595967115773249,6.691218976248757,20.040403371005738,0.5667334574294779,1.0,1.0,1.0,0.9808591458979914,0.9808591458979914,0,nominal,0.0,0.0,0.0,0.0,0.0,0.0,0.0,0.0,0.0,0.0,0.0,0.0
2450,3188.380659805561,67.10505555642885,1126.85,70.90427225270207,72.91083266273169,13.595967115773249,6.691277339539223,20.04057817082729,0.5667334574294779,1.0,1.0,1.0,0.9808591458979914,0.9808591458979914,0,nominal,0.0,0.0,0.0,0.0,0.0,0.0,0.0,0.0,0.0,0.0,0.0,0.0
2500,3188.380659805561,67.10270624007211,1126.85,70.90491821248133,72.91080092107187,13.595967115773249,6.691335562162469,20.040752549346255,0.5667334574294779,1.0,1.0,1.0,0.9808591458979914,0.9808591458979914,0,nominal,0.0,0.0,0.0,0.0,0.0,0.0,0.0,0.0,0.0,0.0,0.0,0.0
2550,3188.380659805561,67.10035792764677,1126.85,70.90556263091969,72.91076925518746,13.595967115773249,6.691393644338395,20.040926507221247,0.5667334574294779,1.0,1.0,1.0,0.9808591458979914,0.9808591458979914,0,nominal,0.0,0.0,0.0,0.0,0.0,0.0,0.0,0.0,0.0,0.0,0.0,0.0
2600,3188.380659805561,67.09801061866187,1126.85,70.90620551032418,72.91073766496407,13.595967115773249,6.69145158628656,20.04110004510985,0.5667334574294779,1.0,1.0,1.0,0.9808591458979914,0.9808591458979914,0,nominal,0.0,0.0,0.0,0.0,0.0,0.0,0.0,0.0,0.0,0.0,0.0,0.0
2650,3188.380659805561,67.09566431262675,1126.85,70.90684685299868,72.9107061502875,13.595967115773249,6.691509388226178,20.041273163668624,0.5667334574294779,1.0,1.0,1.0,0.9808591458979914,0.9808591458979914,0,nominal,0.0,0.0,0.0,0.0,0.0,0.0,0.0,0.0,0.0,0.0,0.0,0.0
2700,3188.380659805561,67.09331900905096,1126.85,70.90748666124392,72.91067471104364,13.595967115773249,6.691567050376119,20.04144586355308,0.5667334574294779,1.0,1.0,1.0,0.9808591458979914,0.9808591458979914,0,nominal,0.0,0.0,0.0,0.0,0.0,0.0,0.0,0.0,0.0,0.0,0.0,0.0
2750,3188.380659805561,67.09097470744445,1126.85,70.9081249373574,72.91064334711861,13.595967115773249,6.691624572954927,20.041618145417765,0.5667334574294779,1.0,1.0,1.0,0.9808591458979914,0.9808591458979914,0,nominal,0.0,0.0,0.0,0.0,0.0,0.0,0.0,0.0,0.0,0.0,0.0,0.0
2800,3188.380659805561,67.08863140731751,1126.85,70.90876168363343,72.91061205839868,13.595967115773249,6.691681956180796,20.04179000991618,0.5667334574294779,1.0,1.0,1.0,0.9808591458979914,0.9808591458979914,0,nominal,0.0,0.0,0.0,0.0,0.0,0.0,0.0,0.0,0.0,0.0,0.0,0.0
2850,3188.380659805561,67.08628910818061,1126.85,70.90939690236314,72.9105808447703,13.595967115773249,6.691739200271584,20.041961457700815,0.5667334574294779,1.0,1.0,1.0,0.9808591458979914,0.9808591458979914,0,nominal,0.0,0.0,0.0,0.0,0.0,0.0,0.0,0.0,0.0,0.0,0.0,0.0
2900,3188.380659805561,67.08394780954461,1126.85,70.91003059583443,72.91054970612004,13.595967115773249,6.691796305444812,20.042132489423153,0.5667334574294779,1.0,1.0,1.0,0.9808591458979914,0.9808591458979914,0,nominal,0.0,0.0,0.0,0.0,0.0,0.0,0.0,0.0,0.0,0.0,0.0,0.0
2950,3188.380659805561,67.08160751092072,1126.85,70.91066276633205,72.91051864233467,13.595967115773249,6.691853271917661,20.042303105733662,0.5667334574294779,1.0,1.0,1.0,0.9808591458979914,0.9808591458979914,0,nominal,0.0,0.0,0.0,0.0,0.0,0.0,0.0,0.0,0.0,0.0,0.0,0.0
3000,3188.380659805561,67.07926821182036,1126.85,70.91129341613765,72.91048765330113,13.595967115773249,6.691910099906973,20.042473307281785,0.5667334574294779,1.0,1.0,1.0,0.9808591458979914,0.9808591458979914,0,nominal,0.0,0.0,0.0,0.0,0.0,0.0,0.0,0.0,0.0,0.0,0.0,0.0
3050,3188.380659805561,67.07692991175531,1126.85,70.91192254752957,72.91045673890649,13.595967115773249,6.691966789629266,20.042643094715995,0.5667334574294779,1.0,1.0,1.0,0.9808591458979914,0.9808591458979914,0,nominal,0.0,0.0,0.0,0.0,0.0,0.0,0.0,0.0,0.0,0.0,0.0,0.0
3100,3188.380659805561,67.07459261023763,1126.85,70.91255016278308,72.910425899038,13.595967115773249,6.692023341300709,20.042812468683735,0.5667334574294779,1.0,1.0,1.0,0.9808591458979914,0.9808591458979914,0,nominal,0.0,0.0,0.0,0.0,0.0,0.0,0.0,0.0,0.0,0.0,0.0,0.0
3150,3188.380659805561,67.0722563067797,1126.85,70.91317626417026,72.91039513358311,13.595967115773249,6.692079755137137,20.042981429831435,0.5667334574294779,1.0,1.0,1.0,0.9808591458979914,0.9808591458979914,0,nominal,0.0,0.0,0.0,0.0,0.0,0.0,0.0,0.0,0.0,0.0,0.0,0.0
3200,3188.380659805561,67.06992100089428,1126.85,70.91380085396008,72.91036444242937,13.595967115773249,6.69213603135406,20.04314997880455,0.5667334574294779,1.0,1.0,1.0,0.9808591458979914,0.9808591458979914,0,nominal,0.0,0.0,0.0,0.0,0.0,0.0,0.0,0.0,0.0,0.0,0.0,0.0
3250,3188.380659805561,67.06758669209432,1126.85,70.91442393441832,72.91033382546453,13.595967115773249,6.692192170166649,20.043318116247523,0.5667334574294779,1.0,1.0,1.0,0.9808591458979914,0.9808591458979914,0,nominal,0.0,0.0,0.0,0.0,0.0,0.0,0.0,0.0,0.0,0.0,0.0,0.0
3300,3188.380659805561,67.06525337989308,1126.85,70.91504550780758,72.9103032825765,13.595967115773249,6.692248171789741,20.0434858428038,0.5667334574294779,1.0,1.0,1.0,0.9808591458979914,0.9808591458979914,0,nominal,0.0,0.0,0.0,0.0,0.0,0.0,0.0,0.0,0.0,0.0,0.0,0.0
3350,3188.380659805561,67.0629210638042,1126.85,70.91566557638737,72.91027281365336,13.595967115773249,6.692304036437836,20.04365315911582,0.5667334574294779,1.0,1.0,1.0,0.9808591458979914,0.9808591458979914,0,nominal,0.0,0.0,0.0,0.0,0.0,0.0,0.0,0.0,0.0,0.0,0.0,0.0
3400,3188.380659805561,67.06058974334161,1126.85,70.91628414241404,72.91024241858332,13.595967115773249,6.692359764325111,20.04382006582504,0.5667334574294779,1.0,1.0,1.0,0.9808591458979914,0.9808591458979914,0,nominal,0.0,0.0,0.0,0.0,0.0,0.0,0.0,0.0,0.0,0.0,0.0,0.0
3450,3188.380659805561,67.05825941801953,1126.85,70.91690120814081,72.91021209725477,13.595967115773249,6.692415355665406,20.043986563571924,0.5667334574294779,1.0,1.0,1.0,0.9808591458979914,0.9808591458979914,0,nominal,0.0,0.0,0.0,0.0,0.0,0.0,0.0,0.0,0.0,0.0,0.0,0.0
3500,3188.380659805561,67.05593008735246,1126.85,70.91751677581777,72.91018184955628,13.595967115773249,6.69247081067223,20.044152652995933,0.5667334574294779,1.0,1.0,1.0,0.9808591458979914,0.9808591458979914,0,nominal,0.0,0.0,0.0,0.0,0.0,0.0,0.0,0.0,0.0,0.0,0.0,0.0
3550,3188.380659805561,67.0536017508552,1126.85,70.91813084769188,72.91015167537657,13.595967115773249,6.692526129558762,20.04431833473555,0.5667334574294779,1.0,1.0,1.0,0.9808591458979914,0.9808591458979914,0,nominal,0.0,0.0,0.0,0.0,0.0,0.0,0.0,0.0,0.0,0.0,0.0,0.0
3600,3188.380659805561,67.0512744080429,1126.85,70.91874342600698,72.91012157460449,13.595967115773249,6.692581312537849,20.044483609428255,0.5667334574294779,1.0,1.0,1.0,0.9808591458979914,0.9808591458979914,0,nominal,0.0,0.0,0.0,0.0,0.0,0.0,0.0,0.0,0.0,0.0,0.0,0.0
3650,3188.380659805561,67.04894805843105,1126.85,70.91935451300378,72.9100915471291,13.595967115773249,6.692636359822017,20.04464847771057,0.5667334574294779,1.0,1.0,1.0,0.9808591458979914,0.9808591458979914,0,nominal,0.0,0.0,0.0,0.0,0.0,0.0,0.0,0.0,0.0,0.0,0.0,0.0
3700,3188.380659805561,67.04662270153534,1126.85,70.91996411091992,72.91006159283957,13.595967115773249,6.692691271623447,20.044812940217984,0.5667334574294779,1.0,1.0,1.0,0.9808591458979914,0.9808591458979914,0,nominal,0.0,0.0,0.0,0.0,0.0,0.0,0.0,0.0,0.0,0.0,0.0,0.0
3750,3188.380659805561,67.0442983368718,1126.85,70.92057222198991,72.91003171162528,13.595967115773249,6.692746048154014,20.044976997585067,0.5667334574294779,1.0,1.0,1.0,0.9808591458979914,0.9808591458979914,0,nominal,0.0,0.0,0.0,0.0,0.0,0.0,0.0,0.0,0.0,0.0,0.0,0.0
3800,3188.380659805561,67.04197496395676,1126.85,70.92117884844515,72.91000190337574,13.595967115773249,6.6928006896252485,20.04514065044536,0.5667334574294779,1.0,1.0,1.0,0.9808591458979914,0.9808591458979914,0,nominal,0.0,0.0,0.0,0.0,0.0,0.0,0.0,0.0,0.0,0.0,0.0,0.0
3850,3188.380659805561,67.03965258230693,1126.85,70.92178399251401,72.90997216798064,13.595967115773249,6.69285519624836,20.045303899431445,0.5667334574294779,1.0,1.0,1.0,0.9808591458979914,0.9808591458979914,0,nominal,0.0,0.0,0.0,0.0,0.0,0.0,0.0,0.0,0.0,0.0,0.0,0.0
3900,3188.380659805561,67.0373311914392,1126.85,70.92238765642162,72.9099425053298,13.595967115773249,6.692909568234236,20.045466745174938,0.5667334574294779,1.0,1.0,1.0,0.9808591458979914,0.9808591458979914,0,nominal,0.0,0.0,0.0,0.0,0.0,0.0,0.0,0.0,0.0,0.0,0.0,0.0
3950,3188.380659805561,67.03501079087084,1126.85,70.92298984239017,72.90991291531321,13.595967115773249,6.692963805793426,20.04562918830643,0.5667334574294779,1.0,1.0,1.0,0.9808591458979914,0.9808591458979914,0,nominal,0.0,0.0,0.0,0.0,0.0,0.0,0.0,0.0,0.0,0.0,0.0,0.0
4000,3188.380659805561,67.03269138011939,1126.85,70.92359055263864,72.90988339782105,13.595967115773249,6.693017909136166,20.0457912294556,0.5667334574294779,1.0,1.0,1.0,0.9808591458979914,0.9808591458979914,0,nominal,0.0,0.0,0.0,0.0,0.0,0.0,0.0,0.0,0.0,0.0,0.0,0.0
4050,3188.380659805561,67.03037295870274,1126.85,70.92418978938304,72.9098539527436,13.595967115773249,6.69307187847236,20.045952869251103,0.5667334574294779,1.0,1.0,1.0,0.9808591458979914,0.9808591458979914,0,nominal,0.0,0.0,0.0,0.0,0.0,0.0,0.0,0.0,0.0,0.0,0.0,0.0
4100,3188.380659805561,67.02805552613904,1126.85,70.9247875548362,72.90982457997134,13.595967115773249,6.693125714011592,20.046114108320655,0.5667334574294779,1.0,1.0,1.0,0.9808591458979914,0.9808591458979914,0,nominal,0.0,0.0,0.0,0.0,0.0,0.0,0.0,0.0,0.0,0.0,0.0,0.0
4150,3188.380659805561,67.02573908194677,1126.85,70.92538385120798,72.90979527939493,13.595967115773249,6.693179415963118,20.046274947290986,0.5667334574294779,1.0,1.0,1.0,0.9808591458979914,0.9808591458979914,0,nominal,0.0,0.0,0.0,0.0,0.0,0.0,0.0,0.0,0.0,0.0,0.0,0.0
4200,3188.380659805561,67.02342362564463,1126.85,70.92597868070516,72.90976605090512,13.595967115773249,6.69323298453588,20.04643538678788,0.5667334574294779,1.0,1.0,1.0,0.9808591458979914,0.9808591458979914,0,nominal,0.0,0.0,0.0,0.0,0.0,0.0,0.0,0.0,0.0,0.0,0.0,0.0
4250,3188.380659805561,67.02110915675172,1126.85,70.92657204553132,72.90973689439288,13.595967115773249,6.69328641993849,20.046595427436134,0.5667334574294779,1.0,1.0,1.0,0.9808591458979914,0.9808591458979914,0,nominal,0.0,0.0,0.0,0.0,0.0,0.0,0.0,0.0,0.0,0.0,0.0,0.0
4300,3188.380659805561,67.01879567478738,1126.85,70.92716394788715,72.90970780974928,13.595967115773249,6.693339722379234,20.046755069859582,0.5667334574294779,1.0,1.0,1.0,0.9808591458979914,0.9808591458979914,0,nominal,0.0,0.0,0.0,0.0,0.0,0.0,0.0,0.0,0.0,0.0,0.0,0.0
4350,3188.380659805561,67.01648317927129,1126.85,70.92775438997023,72.9096787968656,13.595967115773249,6.693392892066092,20.04691431468112,0.5667334574294779,1.0,1.0,1.0,0.9808591458979914,0.9808591458979914,0,nominal,0.0,0.0,0.0,0.0,0.0,0.0,0.0,0.0,0.0,0.0,0.0,0.0
4400,3188.380659805561,67.01417166972345,1126.85,70.92834337397505,72.90964985563328,13.595967115773249,6.693445929206707,20.047073162522647,0.5667334574294779,1.0,1.0,1.0,0.9808591458979914,0.9808591458979914,0,nominal,0.0,0.0,0.0,0.0,0.0,0.0,0.0,0.0,0.0,0.0,0.0,0.0
4450,3188.380659805561,67.01186114566406,1126.85,70.92893090209304,72.90962098594383,13.595967115773249,6.69349883400841,20.04723161400513,0.5667334574294779,1.0,1.0,1.0,0.9808591458979914,0.9808591458979914,0,nominal,0.0,0.0,0.0,0.0,0.0,0.0,0.0,0.0,0.0,0.0,0.0,0.0
4500,3188.380659805561,67.00955160661368,1126.85,70.92951697651267,72.90959218768903,13.595967115773249,6.693551606678206,20.047389669748547,0.5667334574294779,1.0,1.0,1.0,0.9808591458979914,0.9808591458979914,0,nominal,0.0,0.0,0.0,0.0,0.0,0.0,0.0,0.0,0.0,0.0,0.0,0.0
4550,3188.380659805561,67.00724305209326,1126.85,70.93010159941934,72.90956346076076,13.595967115773249,6.693604247422793,20.047547330371977,0.5667334574294779,1.0,1.0,1.0,0.9808591458979914,0.9808591458979914,0,nominal,0.0,0.0,0.0,0.0,0.0,0.0,0.0,0.0,0.0,0.0,0.0,0.0
4600,3188.380659805561,67.00493548162387,1126.85,70.93068477299539,72.90953480505104,13.595967115773249,6.6936567564485365,20.047704596493478,0.5667334574294779,1.0,1.0,1.0,0.9808591458979914,0.9808591458979914,0,nominal,0.0,0.0,0.0,0.0,0.0,0.0,0.0,0.0,0.0,0.0,0.0,0.0
4650,3188.380659805561,67.00262889472702,1126.85,70.93126649942019,72.90950622045206,13.595967115773249,6.693709133961496,20.04786146873021,0.5667334574294779,1.0,1.0,1.0,0.9808591458979914,0.9808591458979914,0,nominal,0.0,0.0,0.0,0.0,0.0,0.0,0.0,0.0,0.0,0.0,0.0,0.0
4700,3188.380659805561,67.00032329092448,1126.85,70.93184678086999,72.90947770685621,13.595967115773249,6.693761380167409,20.048017947698366,0.5667334574294779,1.0,1.0,1.0,0.9808591458979914,0.9808591458979914,0,nominal,0.0,0.0,0.0,0.0,0.0,0.0,0.0,0.0,0.0,0.0,0.0,0.0
4750,3188.380659805561,66.99801866973826,1126.85,70.93242561951809,72.90944926415595,13.595967115773249,6.69381349527169,20.048174034013165,0.5667334574294779,1.0,1.0,1.0,0.9808591458979914,0.9808591458979914,0,nominal,0.0,0.0,0.0,0.0,0.0,0.0,0.0,0.0,0.0,0.0,0.0,0.0
4800,3188.380659805561,66.99571503069075,1126.85,70.93300301753476,72.90942089224396,13.595967115773249,6.693865479479444,20.048329728288905,0.5667334574294779,1.0,1.0,1.0,0.9808591458979914,0.9808591458979914,0,nominal,0.0,0.0,0.0,0.0,0.0,0.0,0.0,0.0,0.0,0.0,0.0,0.0
4850,3188.380659805561,66.99341237330458,1126.85,70.93357897708728,72.90939259101307,13.595967115773249,6.6939173329954595,20.048485031138927,0.5667334574294779,1.0,1.0,1.0,0.9808591458979914,0.9808591458979914,0,nominal,0.0,0.0,0.0,0.0,0.0,0.0,0.0,0.0,0.0,0.0,0.0,0.0
4900,3188.380659805561,66.99111069710273,1126.85,70.9341535003399,72.90936436035624,13.595967115773249,6.693969056024209,20.048639943175644,0.5667334574294779,1.0,1.0,1.0,0.9808591458979914,0.9808591458979914,0,nominal,0.0,0.0,0.0,0.0,0.0,0.0,0.0,0.0,0.0,0.0,0.0,0.0
4950,3188.380659805561,66.98881000160844,1126.85,70.93472658945382,72.90933620016656,13.595967115773249,6.6940206487698495,20.048794465010502,0.5667334574294779,1.0,1.0,1.0,0.9808591458979914,0.9808591458979914,0,nominal,0.0,0.0,0.0,0.0,0.0,0.0,0.0,0.0,0.0,0.0,0.0,0.0
5000,3188.380659805561,66.98651028634526,1126.85,70.93529824658731,72.90930811033738,13.595967115773249,6.694072111436221,20.048948597254014,0.5667334574294779,1.0,1.0,1.0,0.9808591458979914,0.9808591458979914,0,nominal,0.0,0.0,0.0,0.0,0.0,0.0,0.0,0.0,0.0,0.0,0.0,0.0
5050,3188.380659805561,66.98421155083707,1126.85,70.93586847389565,72.90928009076205,13.595967115773249,6.694123444226859,20.04910234051577,0.5667334574294779,1.0,1.0,1.0,0.9808591458979914,0.9808591458979914,0,nominal,0.0,0.0,0.0,0.0,0.0,0.0,0.0,0.0,0.0,0.0,0.0,0.0
5100,3188.380659805561,66.98191379460798,1126.85,70.93643727353111,72.90925214133419,13.595967115773249,6.694174647344974,20.049255695404398,0.5667334574294779,1.0,1.0,1.0,0.9808591458979914,0.9808591458979914,0,nominal,0.0,0.0,0.0,0.0,0.0,0.0,0.0,0.0,0.0,0.0,0.0,0.0
5150,3188.380659805561,66.97961701718242,1126.85,70.93700464764294,72.90922426194756,13.595967115773249,6.694225720993479,20.04940866252762,0.5667334574294779,1.0,1.0,1.0,0.9808591458979914,0.9808591458979914,0,nominal,0.0,0.0,0.0,0.0,0.0,0.0,0.0,0.0,0.0,0.0,0.0,0.0
5200,3188.380659805561,66.97732121808514,1126.85,70.93757059837742,72.909196452496,13.595967115773249,6.694276665374959,20.049561242492192,0.5667334574294779,1.0,1.0,1.0,0.9808591458979914,0.9808591458979914,0,nominal,0.0,0.0,0.0,0.0,0.0,0.0,0.0,0.0,0.0,0.0,0.0,0.0
5250,3188.380659805561,66.97502639684114,1126.85,70.93813512787784,72.9091687128736,13.595967115773249,6.694327480691694,20.04971343590395,0.5667334574294779,1.0,1.0,1.0,0.9808591458979914,0.9808591458979914,0,nominal,0.0,0.0,0.0,0.0,0.0,0.0,0.0,0.0,0.0,0.0,0.0,0.0
5300,3188.380659805561,66.9727325529758,1126.85,70.93869823828459,72.90914104297451,13.595967115773249,6.694378167145653,20.04986524336779,0.5667334574294779,1.0,1.0,1.0,0.9808591458979914,0.9808591458979914,0,nominal,0.0,0.0,0.0,0.0,0.0,0.0,0.0,0.0,0.0,0.0,0.0,0.0
5350,3188.380659805561,66.97043968601474,1126.85,70.93925993173502,72.9091134426931,13.595967115773249,6.694428724938499,20.050016665487703,0.5667334574294779,1.0,1.0,1.0,0.9808591458979914,0.9808591458979914,0,nominal,0.0,0.0,0.0,0.0,0.0,0.0,0.0,0.0,0.0,0.0,0.0,0.0
5400,3188.380659805561,66.96814779548384,1126.85,70.93982021036356,72.90908591192388,13.595967115773249,6.694479154271577,20.050167702866723,0.5667334574294779,1.0,1.0,1.0,0.9808591458979914,0.9808591458979914,0,nominal,0.0,0.0,0.0,0.0,0.0,0.0,0.0,0.0,0.0,0.0,0.0,0.0
5450,3188.380659805561,66.96585688090937,1126.85,70.94037907630161,72.90905845056146,13.595967115773249,6.694529455345933,20.050318356106985,0.5667334574294779,1.0,1.0,1.0,0.9808591458979914,0.9808591458979914,0,nominal,0.0,0.0,0.0,0.0,0.0,0.0,0.0,0.0,0.0,0.0,0.0,0.0
5500,3188.380659805561,66.96356694181776,1126.85,70.94093653167772,72.90903105850067,13.595967115773249,6.694579628362287,20.050468625809657,0.5667334574294779,1.0,1.0,1.0,0.9808591458979914,0.9808591458979914,0,nominal,0.0,0.0,0.0,0.0,0.0,0.0,0.0,0.0,0.0,0.0,0.0,0.0
5550,3188.380659805561,66.9612779777359,1126.85,70.94149257861739,72.90900373563646,13.595967115773249,6.694629673521075,20.05061851257505,0.5667334574294779,1.0,1.0,1.0,0.9808591458979914,0.9808591458979914,0,nominal,0.0,0.0,0.0,0.0,0.0,0.0,0.0,0.0,0.0,0.0,0.0,0.0
5600,3188.380659805561,66.95898998819081,1126.85,70.9420472192432,72.90897648186395,13.595967115773249,6.694679591022403,20.050768017002486,0.5667334574294779,1.0,1.0,1.0,0.9808591458979914,0.9808591458979914,0,nominal,0.0,0.0,0.0,0.0,0.0,0.0,0.0,0.0,0.0,0.0,0.0,0.0
5650,3188.380659805561,66.95670297270993,1126.85,70.94260045567484,72.90894929707834,13.595967115773249,6.694729381066083,20.050917139690405,0.5667334574294779,1.0,1.0,1.0,0.9808591458979914,0.9808591458979914,0,nominal,0.0,0.0,0.0,0.0,0.0,0.0,0.0,0.0,0.0,0.0,0.0,0.0
5700,3188.380659805561,66.95441693082097,1126.85,70.94315229002893,72.90892218117506,13.595967115773249,6.694779043851616,20.051065881236322,0.5667334574294779,1.0,1.0,1.0,0.9808591458979914,0.9808591458979914,0,nominal,0.0,0.0,0.0,0.0,0.0,0.0,0.0,0.0,0.0,0.0,0.0,0.0
5750,3188.380659805561,66.95213186205189,1126.85,70.94370272441932,72.90889513404967,13.595967115773249,6.694828579578193,20.051214242236824,0.5667334574294779,1.0,1.0,1.0,0.9808591458979914,0.9808591458979914,0,nominal,0.0,0.0,0.0,0.0,0.0,0.0,0.0,0.0,0.0,0.0,0.0,0.0
5800,3188.380659805561,66.94984776593094,1126.85,70.94425176095683,72.90886815559787,13.595967115773249,6.694877988444707,20.051362223287597,0.5667334574294779,1.0,1.0,1.0,0.9808591458979914,0.9808591458979914,0,nominal,0.0,0.0,0.0,0.0,0.0,0.0,0.0,0.0,0.0,0.0,0.0,0.0
5850,3188.380659805561,66.94756464198673,1126.85,70.94479940174932,72.90884124571551,13.595967115773249,6.694927270649748,20.05150982498342,0.5667334574294779,1.0,1.0,1.0,0.9808591458979914,0.9808591458979914,0,nominal,0.0,0.0,0.0,0.0,0.0,0.0,0.0,0.0,0.0,0.0,0.0,0.0
5900,3188.380659805561,66.94528248974808,1126.85,70.94534564890182,72.9088144042986,13.595967115773249,6.694976426391582,20.051657047918113,0.5667334574294779,1.0,1.0,1.0,0.9808591458979914,0.9808591458979914,0,nominal,0.0,0.0,0.0,0.0,0.0,0.0,0.0,0.0,0.0,0.0,0.0,0.0
5950,3188.380659805561,66.94300130874416,1126.85,70.94589050451634,72.90878763124326,13.595967115773249,6.695025455868193,20.051803892684642,0.5667334574294779,1.0,1.0,1.0,0.9808591458979914,0.9808591458979914,0,nominal,0.0,0.0,0.0,0.0,0.0,0.0,0.0,0.0,0.0,0.0,0.0,0.0
6000,3188.380659805561,66.94072109850441,1126.85,70.94643397069211,72.90876092644582,13.595967115773249,6.695074359277249,20.051950359875025,0.5667334574294779,1.0,1.0,1.0,0.9808591458979914,0.9808591458979914,0,nominal,0.0,0.0,0.0,0.0,0.0,0.0,0.0,0.0,0.0,0.0,0.0,0.0
6050,3188.380659805561,66.93844185855863,1126.85,70.94697604952529,72.90873428980274,13.595967115773249,6.695123136816125,20.052096450080413,0.5667334574294779,1.0,1.0,1.0,0.9808591458979914,0.9808591458979914,0,nominal,0.0,0.0,0.0,0.0,0.0,0.0,0.0,0.0,0.0,0.0,0.0,0.0
6100,3188.380659805561,66.93616358843678,1126.85,70.94751674310925,72.90870772121056,13.595967115773249,6.695171788681883,20.052242163891002,0.5667334574294779,1.0,1.0,1.0,0.9808591458979914,0.9808591458979914,0,nominal,0.0,0.0,0.0,0.0,0.0,0.0,0.0,0.0,0.0,0.0,0.0,0.0
6150,3188.380659805561,66.93388628766922,1126.85,70.9480560535344,72.90868122056607,13.595967115773249,6.695220315071289,20.052387501896128,0.5667334574294779,1.0,1.0,1.0,0.9808591458979914,0.9808591458979914,0,nominal,0.0,0.0,0.0,0.0,0.0,0.0,0.0,0.0,0.0,0.0,0.0,0.0
6200,3188.380659805561,66.93160995578654,1126.85,70.94859398288827,72.90865478776615,13.595967115773249,6.695268716180802,20.052532464684177,0.5667334574294779,1.0,1.0,1.0,0.9808591458979914,0.9808591458979914,0,nominal,0.0,0.0,0.0,0.0,0.0,0.0,0.0,0.0,0.0,0.0,0.0,0.0
6250,3188.380659805561,66.92933459231972,1126.85,70.94913053325547,72.90862842270784,13.595967115773249,6.69531699220659,20.052677052842682,0.5667334574294779,1.0,1.0,1.0,0.9808591458979914,0.9808591458979914,0,nominal,0.0,0.0,0.0,0.0,0.0,0.0,0.0,0.0,0.0,0.0,0.0,0.0
6300,3188.380659805561,66.92706019679986,1126.85,70.94966570671778,72.90860212528833,13.595967115773249,6.695365143344508,20.052821266958237,0.5667334574294779,1.0,1.0,1.0,0.9808591458979914,0.9808591458979914,0,nominal,0.0,0.0,0.0,0.0,0.0,0.0,0.0,0.0,0.0,0.0,0.0,0.0
6350,3188.380659805561,66.92478676875851,1126.85,70.95019950535408,72.90857589540494,13.595967115773249,6.6954131697901245,20.052965107616576,0.5667334574294779,1.0,1.0,1.0,0.9808591458979914,0.9808591458979914,0,nominal,0.0,0.0,0.0,0.0,0.0,0.0,0.0,0.0,0.0,0.0,0.0,0.0
6400,3188.380659805561,66.92251430772745,1126.85,70.95073193124028,72.90854973295517,13.595967115773249,6.695461071738699,20.053108575402508,0.5667334574294779,1.0,1.0,1.0,0.9808591458979914,0.9808591458979914,0,nominal,0.0,0.0,0.0,0.0,0.0,0.0,0.0,0.0,0.0,0.0,0.0,0.0
6450,3188.380659805561,66.92024281323876,1126.85,70.95126298644948,72.90852363783662,13.595967115773249,6.695508849385194,20.053251670899943,0.5667334574294779,1.0,1.0,1.0,0.9808591458979914,0.9808591458979914,0,nominal,0.0,0.0,0.0,0.0,0.0,0.0,0.0,0.0,0.0,0.0,0.0,0.0
6500,3188.380659805561,66.91797228482477,1126.85,70.9517926730519,72.90849760994709,13.595967115773249,6.695556502924275,20.05339439469192,0.5667334574294779,1.0,1.0,1.0,0.9808591458979914,0.9808591458979914,0,nominal,0.0,0.0,0.0,0.0,0.0,0.0,0.0,0.0,0.0,0.0,0.0,0.0
6550,3188.380659805561,66.91570272201818,1126.85,70.95232099311494,72.90847164918452,13.595967115773249,6.695604032550306,20.053536747360564,0.5667334574294779,1.0,1.0,1.0,0.9808591458979914,0.9808591458979914,0,nominal,0.0,0.0,0.0,0.0,0.0,0.0,0.0,0.0,0.0,0.0,0.0,0.0
6600,3188.380659805561,66.91343412435185,1126.85,70.95284794870304,72.90844575544692,13.595967115773249,6.6956514384573635,20.053678729487135,0.5667334574294779,1.0,1.0,1.0,0.9808591458979914,0.9808591458979914,0,nominal,0.0,0.0,0.0,0.0,0.0,0.0,0.0,0.0,0.0,0.0,0.0,0.0
6650,3188.380659805561,66.9111664913591,1126.85,70.9533735418778,72.90841992863253,13.595967115773249,6.695698720839219,20.053820341651985,0.5667334574294779,1.0,1.0,1.0,0.9808591458979914,0.9808591458979914,0,nominal,0.0,0.0,0.0,0.0,0.0,0.0,0.0,0.0,0.0,0.0,0.0,0.0
6700,3188.380659805561,66.9088998225734,1126.85,70.95389777469802,72.90839416863972,13.595967115773249,6.6957458798893414,20.053961584434564,0.5667334574294779,1.0,1.0,1.0,0.9808591458979914,0.9808591458979914,0,nominal,0.0,0.0,0.0,0.0,0.0,0.0,0.0,0.0,0.0,0.0,0.0,0.0
6750,3188.380659805561,66.9066341175286,1126.85,70.95442064921957,72.90836847536697,13.595967115773249,6.695792915800918,20.054102458413468,0.5667334574294779,1.0,1.0,1.0,0.9808591458979914,0.9808591458979914,0,nominal,0.0,0.0,0.0,0.0,0.0,0.0,0.0,0.0,0.0,0.0,0.0,0.0
6800,3188.380659805561,66.90436937575879,1126.85,70.95494216749552,72.90834284871293,13.595967115773249,6.695839828766833,20.0542429641664,0.5667334574294779,1.0,1.0,1.0,0.9808591458979914,0.9808591458979914,0,nominal,0.0,0.0,0.0,0.0,0.0,0.0,0.0,0.0,0.0,0.0,0.0,0.0
6850,3188.380659805561,66.90210559679832,1126.85,70.95546233157609,72.90831728857641,13.595967115773249,6.695886618979674,20.054383102270155,0.5667334574294779,1.0,1.0,1.0,0.9808591458979914,0.9808591458979914,0,nominal,0.0,0.0,0.0,0.0,0.0,0.0,0.0,0.0,0.0,0.0,0.0,0.0
6900,3188.380659805561,66.89984278018193,1126.85,70.95598114350861,72.90829179485632,13.595967115773249,6.695933286631743,20.05452287330069,0.5667334574294779,1.0,1.0,1.0,0.9808591458979914,0.9808591458979914,0,nominal,0.0,0.0,0.0,0.0,0.0,0.0,0.0,0.0,0.0,0.0,0.0,0.0
6950,3188.380659805561,66.89758092544452,1126.85,70.95649860533763,72.90826636745179,13.595967115773249,6.695979831915032,20.054662277833025,0.5667334574294779,1.0,1.0,1.0,0.9808591458979914,0.9808591458979914,0,nominal,0.0,0.0,0.0,0.0,0.0,0.0,0.0,0.0,0.0,0.0,0.0,0.0
7000,3188.380659805561,66.89532003212139,1126.85,70.95701471910485,72.90824100626199,13.595967115773249,6.696026255021258,20.054801316441356,0.5667334574294779,1.0,1.0,1.0,0.9808591458979914,0.9808591458979914,0,nominal,0.0,0.0,0.0,0.0,0.0,0.0,0.0,0.0,0.0,0.0,0.0,0.0
7050,3188.380659805561,66.89306009974808,1126.85,70.95752948684913,72.90821571118632,13.595967115773249,6.696072556141836,20.05493998969898,0.5667334574294779,1.0,1.0,1.0,0.9808591458979914,0.9808591458979914,0,nominal,0.0,0.0,0.0,0.0,0.0,0.0,0.0,0.0,0.0,0.0,0.0,0.0
7100,3188.380659805561,66.89080112786041,1126.85,70.95804291060648,72.90819048212427,13.595967115773249,6.696118735467891,20.055078298178323,0.5667334574294779,1.0,1.0,1.0,0.9808591458979914,0.9808591458979914,0,nominal,0.0,0.0,0.0,0.0,0.0,0.0,0.0,0.0,0.0,0.0,0.0,0.0
7150,3188.380659805561,66.88854311599448,1126.85,70.95855499241014,72.90816531897552,13.595967115773249,6.69616479319025,20.05521624245091,0.5667334574294779,1.0,1.0,1.0,0.9808591458979914,0.9808591458979914,0,nominal,0.0,0.0,0.0,0.0,0.0,0.0,0.0,0.0,0.0,0.0,0.0,0.0
7200,3188.380659805561,66.88628606368673,1126.85,70.9590657342905,72.90814022163987,13.595967115773249,6.696210729499458,20.055353823087437,0.5667334574294779,1.0,1.0,1.0,0.9808591458979914,0.9808591458979914,0,nominal,0.0,0.0,0.0,0.0,0.0,0.0,0.0,0.0,0.0,0.0,0.0,0.0
7250,3188.380659805561,66.88402997047382,1126.85,70.95957513827517,72.90811519001723,13.595967115773249,6.696256544585761,20.0554910406577,0.5667334574294779,1.0,1.0,1.0,0.9808591458979914,0.9808591458979914,0,nominal,0.0,0.0,0.0,0.0,0.0,0.0,0.0,0.0,0.0,0.0,0.0,0.0
7300,3188.380659805561,66.88177483589277,1126.85,70.96008320638884,72.90809022400772,13.595967115773249,6.69630223863912,20.055627895730627,0.5667334574294779,1.0,1.0,1.0,0.9808591458979914,0.9808591458979914,0,nominal,0.0,0.0,0.0,0.0,0.0,0.0,0.0,0.0,0.0,0.0,0.0,0.0
7350,3188.380659805561,66.87952065948082,1126.85,70.96058994065356,72.90806532351154,13.595967115773249,6.696347811849203,20.055764388874284,0.5667334574294779,1.0,1.0,1.0,0.9808591458979914,0.9808591458979914,0,nominal,0.0,0.0,0.0,0.0,0.0,0.0,0.0,0.0,0.0,0.0,0.0,0.0
7400,3188.380659805561,66.87726744077548,1126.85,70.96109534308846,72.90804048842908,13.595967115773249,6.696393264405398,20.055900520655896,0.5667334574294779,1.0,1.0,1.0,0.9808591458979914,0.9808591458979914,0,nominal,0.0,0.0,0.0,0.0,0.0,0.0,0.0,0.0,0.0,0.0,0.0,0.0
7450,3188.380659805561,66.87501517931469,1126.85,70.96159941570988,72.90801571866085,13.595967115773249,6.696438596496787,20.056036291641767,0.5667334574294779,1.0,1.0,1.0,0.9808591458979914,0.9808591458979914,0,nominal,0.0,0.0,0.0,0.0,0.0,0.0,0.0,0.0,0.0,0.0,0.0,0.0
7500,3188.380659805561,66.87276387463646,1126.85,70.9621021605314,72.9079910141075,13.595967115773249,6.696483808312174,20.05617170239737,0.5667334574294779,1.0,1.0,1.0,0.9808591458979914,0.9808591458979914,0,nominal,0.0,0.0,0.0,0.0,0.0,0.0,0.0,0.0,0.0,0.0,0.0,0.0
7550,3188.380659805561,66.8705135262793,1126.85,70.96260357956379,72.90796637466981,13.595967115773249,6.696528900040077,20.056306753487327,0.5667334574294779,1.0,1.0,1.0,0.9808591458979914,0.9808591458979914,0,nominal,0.0,0.0,0.0,0.0,0.0,0.0,0.0,0.0,0.0,0.0,0.0,0.0
7600,3188.380659805561,66.86826413378185,1126.85,70.96310367481504,72.90794180024872,13.595967115773249,6.696573871868721,20.05644144547537,0.5667334574294779,1.0,1.0,1.0,0.9808591458979914,0.9808591458979914,0,nominal,0.0,0.0,0.0,0.0,0.0,0.0,0.0,0.0,0.0,0.0,0.0,0.0
7650,3188.380659805561,66.86601569668306,1126.85,70.96360244829037,72.90791729074533,13.595967115773249,6.696618723986045,20.056575778924394,0.5667334574294779,1.0,1.0,1.0,0.9808591458979914,0.9808591458979914,0,nominal,0.0,0.0,0.0,0.0,0.0,0.0,0.0,0.0,0.0,0.0,0.0,0.0
7700,3188.380659805561,66.86376821452222,1126.85,70.9640999019922,72.90789284606085,13.595967115773249,6.69666345657971,20.056709754396433,0.5667334574294779,1.0,1.0,1.0,0.9808591458979914,0.9808591458979914,0,nominal,0.0,0.0,0.0,0.0,0.0,0.0,0.0,0.0,0.0,0.0,0.0,0.0
7750,3188.380659805561,66.8615216868389,1126.85,70.96459603792016,72.90786846609663,13.595967115773249,6.69670806983708,20.05684337245266,0.5667334574294779,1.0,1.0,1.0,0.9808591458979914,0.9808591458979914,0,nominal,0.0,0.0,0.0,0.0,0.0,0.0,0.0,0.0,0.0,0.0,0.0,0.0
7800,3188.380659805561,66.85927611317294,1126.85,70.96509085807111,72.90784415075417,13.595967115773249,6.6967525639452345,20.056976633653377,0.5667334574294779,1.0,1.0,1.0,0.9808591458979914,0.9808591458979914,0,nominal,0.0,0.0,0.0,0.0,0.0,0.0,0.0,0.0,0.0,0.0,0.0,0.0
7850,3188.380659805561,66.85703149306443,1126.85,70.96558436443922,72.90781989993512,13.595967115773249,6.696796939090975,20.057109538558066,0.5667334574294779,1.0,1.0,1.0,0.9808591458979914,0.9808591458979914,0,nominal,0.0,0.0,0.0,0.0,0.0,0.0,0.0,0.0,0.0,0.0,0.0,0.0
7900,3188.380659805561,66.85478782605378,1126.85,70.96607655901579,72.90779571354125,13.595967115773249,6.696841195460813,20.05724208772533,0.5667334574294779,1.0,1.0,1.0,0.9808591458979914,0.9808591458979914,0,nominal,0.0,0.0,0.0,0.0,0.0,0.0,0.0,0.0,0.0,0.0,0.0,0.0
7950,3188.380659805561,66.85254511168165,1126.85,70.96656744378942,72.90777159147449,13.595967115773249,6.6968853332409735,20.057374281712924,0.5667334574294779,1.0,1.0,1.0,0.9808591458979914,0.9808591458979914,0,nominal,0.0,0.0,0.0,0.0,0.0,0.0,0.0,0.0,0.0,0.0,0.0,0.0
8000,3188.380659805561,66.85030334948908,1126.85,70.96705702074593,72.90774753363687,13.595967115773249,6.6969293526174125,20.057506121077786,0.5667334574294779,1.0,1.0,1.0,0.9808591458979914,0.9808591458979914,0,nominal,0.0,0.0,0.0,0.0,0.0,0.0,0.0,0.0,0.0,0.0,0.0,0.0
8050,3188.380659805561,66.84806253901723,1126.85,70.96754529186842,72.90772353993063,13.595967115773249,6.696973253775781,20.057637606375945,0.5667334574294779,1.0,1.0,1.0,0.9808591458979914,0.9808591458979914,0,nominal,0.0,0.0,0.0,0.0,0.0,0.0,0.0,0.0,0.0,0.0,0.0,0.0
8100,3188.380659805561,66.84582267980772,1126.85,70.96803225913726,72.90769961025808,13.595967115773249,6.697017036901465,20.057768738162647,0.5667334574294779,1.0,1.0,1.0,0.9808591458979914,0.9808591458979914,0,nominal,0.0,0.0,0.0,0.0,0.0,0.0,0.0,0.0,0.0,0.0,0.0,0.0
8150,3188.380659805561,66.84358377140234,1126.85,70.96851792452998,72.9076757445217,13.595967115773249,6.69706070217957,20.05789951699228,0.5667334574294779,1.0,1.0,1.0,0.9808591458979914,0.9808591458979914,0,nominal,0.0,0.0,0.0,0.0,0.0,0.0,0.0,0.0,0.0,0.0,0.0,0.0
8200,3188.380659805561,66.84134581334314,1126.85,70.96900229002142,72.90765194262411,13.595967115773249,6.697104249794899,20.058029943418337,0.5667334574294779,1.0,1.0,1.0,0.9808591458979914,0.9808591458979914,0,nominal,0.0,0.0,0.0,0.0,0.0,0.0,0.0,0.0,0.0,0.0,0.0,0.0
8250,3188.380659805561,66.83910880517254,1126.85,70.96948535758372,72.90762820446807,13.595967115773249,6.697147679931992,20.05816001799352,0.5667334574294779,1.0,1.0,1.0,0.9808591458979914,0.9808591458979914,0,nominal,0.0,0.0,0.0,0.0,0.0,0.0,0.0,0.0,0.0,0.0,0.0,0.0
8300,3188.380659805561,66.83687274643324,1126.85,70.96996712918627,72.90760452995646,13.595967115773249,6.697190992775106,20.058289741269686,0.5667334574294779,1.0,1.0,1.0,0.9808591458979914,0.9808591458979914,0,nominal,0.0,0.0,0.0,0.0,0.0,0.0,0.0,0.0,0.0,0.0,0.0,0.0
8350,3188.380659805561,66.83463763666816,1126.85,70.97044760679569,72.90758091899231,13.595967115773249,6.697234188508212,20.058419113797832,0.5667334574294779,1.0,1.0,1.0,0.9808591458979914,0.9808591458979914,0,nominal,0.0,0.0,0.0,0.0,0.0,0.0,0.0,0.0,0.0,0.0,0.0,0.0
8400,3188.380659805561,66.83240347542056,1126.85,70.9709267923759,72.90755737147879,13.595967115773249,6.697277267315006,20.05854813612814,0.5667334574294779,1.0,1.0,1.0,0.9808591458979914,0.9808591458979914,0,nominal,0.0,0.0,0.0,0.0,0.0,0.0,0.0,0.0,0.0,0.0,0.0,0.0
8450,3188.380659805561,66.83017026223388,1126.85,70.97140468788814,72.90753388731922,13.595967115773249,6.697320229378905,20.05867680880994,0.5667334574294779,1.0,1.0,1.0,0.9808591458979914,0.9808591458979914,0,nominal,0.0,0.0,0.0,0.0,0.0,0.0,0.0,0.0,0.0,0.0,0.0,0.0
8500,3188.380659805561,66.82793799665194,1126.85,70.97188129529081,72.90751046641704,13.595967115773249,6.697363074883043,20.05880513239173,0.5667334574294779,1.0,1.0,1.0,0.9808591458979914,0.9808591458979914,0,nominal,0.0,0.0,0.0,0.0,0.0,0.0,0.0,0.0,0.0,0.0,0.0,0.0
8550,3188.380659805561,66.82570667821886,1126.85,70.97235661653974,72.9074871086758,13.595967115773249,6.697405804010277,20.05893310742117,0.5667334574294779,1.0,1.0,1.0,0.9808591458979914,0.9808591458979914,0,nominal,0.0,0.0,0.0,0.0,0.0,0.0,0.0,0.0,0.0,0.0,0.0,0.0
8600,3188.380659805561,66.82347630647894,1126.85,70.972830653588,72.90746381399924,13.595967115773249,6.697448416943187,20.059060734445087,0.5667334574294779,1.0,1.0,1.0,0.9808591458979914,0.9808591458979914,0,nominal,0.0,0.0,0.0,0.0,0.0,0.0,0.0,0.0,0.0,0.0,0.0,0.0
8650,3188.380659805561,66.82124688097684,1126.85,70.97330340838596,72.90744058229122,13.595967115773249,6.697490913864078,20.059188014009496,0.5667334574294779,1.0,1.0,1.0,0.9808591458979914,0.9808591458979914,0,nominal,0.0,0.0,0.0,0.0,0.0,0.0,0.0,0.0,0.0,0.0,0.0,0.0
8700,3188.380659805561,66.8190184012575,1126.85,70.97377488288123,72.90741741345572,13.595967115773249,6.6975332949549795,20.059314946659583,0.5667334574294779,1.0,1.0,1.0,0.9808591458979914,0.9808591458979914,0,nominal,0.0,0.0,0.0,0.0,0.0,0.0,0.0,0.0,0.0,0.0,0.0,0.0
8750,3188.380659805561,66.81679086686609,1126.85,70.97424507901877,72.90739430739686,13.595967115773249,6.697575560397639,20.059441532939687,0.5667334574294779,1.0,1.0,1.0,0.9808591458979914,0.9808591458979914,0,nominal,0.0,0.0,0.0,0.0,0.0,0.0,0.0,0.0,0.0,0.0,0.0,0.0
8800,3188.380659805561,66.81456427734804,1126.85,70.97471399874081,72.90737126401892,13.595967115773249,6.6976177103735255,20.059567773393308,0.5667334574294779,1.0,1.0,1.0,0.9808591458979914,0.9808591458979914,0,nominal,0.0,0.0,0.0,0.0,0.0,0.0,0.0,0.0,0.0,0.0,0.0,0.0
8850,3188.380659805561,66.81233863224918,1126.85,70.97518164398696,72.90734828322627,13.595967115773249,6.697659745063837,20.059693668563146,0.5667334574294779,1.0,1.0,1.0,0.9808591458979914,0.9808591458979914,0,nominal,0.0,0.0,0.0,0.0,0.0,0.0,0.0,0.0,0.0,0.0,0.0,0.0
8900,3188.380659805561,66.8101139311155,1126.85,70.9756480166941,72.9073253649235,13.595967115773249,6.6977016646495,20.059819218991073,0.5667334574294779,1.0,1.0,1.0,0.9808591458979914,0.9808591458979914,0,nominal,0.0,0.0,0.0,0.0,0.0,0.0,0.0,0.0,0.0,0.0,0.0,0.0
8950,3188.380659805561,66.80789017349332,1126.85,70.97611311879638,72.90730250901521,13.595967115773249,6.697743469311165,20.05994442521815,0.5667334574294779,1.0,1.0,1.0,0.9808591458979914,0.9808591458979914,0,nominal,0.0,0.0,0.0,0.0,0.0,0.0,0.0,0.0,0.0,0.0,0.0,0.0
9000,3188.380659805561,66.80566735892927,1126.85,70.9765769522254,72.90727971540623,13.595967115773249,6.6977851592292,20.06006928778458,0.5667334574294779,1.0,1.0,1.0,0.9808591458979914,0.9808591458979914,0,nominal,0.0,0.0,0.0,0.0,0.0,0.0,0.0,0.0,0.0,0.0,0.0,0.0
9050,3188.380659805561,66.80344548697019,1126.85,70.97703951890992,72.90725698400153,13.595967115773249,6.697826734583715,20.0601938072298,0.5667334574294779,1.0,1.0,1.0,0.9808591458979914,0.9808591458979914,0,nominal,0.0,0.0,0.0,0.0,0.0,0.0,0.0,0.0,0.0,0.0,0.0,0.0
9100,3188.380659805561,66.80122455716327,1126.85,70.97750082077619,72.90723431470616,13.595967115773249,6.697868195554528,20.06031798409237,0.5667334574294779,1.0,1.0,1.0,0.9808591458979914,0.9808591458979914,0,nominal,0.0,0.0,0.0,0.0,0.0,0.0,0.0,0.0,0.0,0.0,0.0,0.0
9150,3188.380659805561,66.79900456905585,1126.85,70.97796085974761,72.90721170742532,13.595967115773249,6.697909542321202,20.06044181891009,0.5667334574294779,1.0,1.0,1.0,0.9808591458979914,0.9808591458979914,0,nominal,0.0,0.0,0.0,0.0,0.0,0.0,0.0,0.0,0.0,0.0,0.0,0.0
9200,3188.380659805561,66.7967855221957,1126.85,70.9784196377451,72.90718916206438,13.595967115773249,6.697950775063012,20.060565312219886,0.5667334574294779,1.0,1.0,1.0,0.9808591458979914,0.9808591458979914,0,nominal,0.0,0.0,0.0,0.0,0.0,0.0,0.0,0.0,0.0,0.0,0.0,0.0
9250,3188.380659805561,66.7945674161308,1126.85,70.97887715668679,72.9071666785288,13.595967115773249,6.697991893958971,20.060688464557916,0.5667334574294779,1.0,1.0,1.0,0.9808591458979914,0.9808591458979914,0,nominal,0.0,0.0,0.0,0.0,0.0,0.0,0.0,0.0,0.0,0.0,0.0,0.0
9300,3188.380659805561,66.79235025040941,1126.85,70.97933341848824,72.90714425672418,13.595967115773249,6.698032899187821,20.06081127645951,0.5667334574294779,1.0,1.0,1.0,0.9808591458979914,0.9808591458979914,0,nominal,0.0,0.0,0.0,0.0,0.0,0.0,0.0,0.0,0.0,0.0,0.0,0.0
9350,3188.380659805561,66.79013402458008,1126.85,70.97978842506228,72.90712189655629,13.595967115773249,6.69807379092803,20.060933748459195,0.5667334574294779,1.0,1.0,1.0,0.9808591458979914,0.9808591458979914,0,nominal,0.0,0.0,0.0,0.0,0.0,0.0,0.0,0.0,0.0,0.0,0.0,0.0
9400,3188.380659805561,66.78791873819165,1126.85,70.98024217831909,72.90709959793101,13.595967115773249,6.698114569357792,20.06105588109066,0.5667334574294779,1.0,1.0,1.0,0.9808591458979914,0.9808591458979914,0,nominal,0.0,0.0,0.0,0.0,0.0,0.0,0.0,0.0,0.0,0.0,0.0,0.0
9450,3188.380659805561,66.78570439079317,1126.85,70.98069468016627,72.90707736075433,13.595967115773249,6.698155234655037,20.06117767488681,0.5667334574294779,1.0,1.0,1.0,0.9808591458979914,0.9808591458979914,0,nominal,0.0,0.0,0.0,0.0,0.0,0.0,0.0,0.0,0.0,0.0,0.0,0.0
9500,3188.380659805561,66.78349098193405,1126.85,70.98114593250875,72.90705518493242,13.595967115773249,6.698195786997422,20.061299130379737,0.5667334574294779,1.0,1.0,1.0,0.9808591458979914,0.9808591458979914,0,nominal,0.0,0.0,0.0,0.0,0.0,0.0,0.0,0.0,0.0,0.0,0.0,0.0
9550,3188.380659805561,66.78127851116392,1126.85,70.98159593724881,72.90703307037154,13.595967115773249,6.6982362265623365,20.061420248100724,0.5667334574294779,1.0,1.0,1.0,0.9808591458979914,0.9808591458979914,0,nominal,0.0,0.0,0.0,0.0,0.0,0.0,0.0,0.0,0.0,0.0,0.0,0.0
9600,3188.380659805561,66.77906697803269,1126.85,70.98204469628615,72.9070110169781,13.595967115773249,6.6982765535269015,20.06154102858026,0.5667334574294779,1.0,1.0,1.0,0.9808591458979914,0.9808591458979914,0,nominal,0.0,0.0,0.0,0.0,0.0,0.0,0.0,0.0,0.0,0.0,0.0,0.0
9650,3188.380659805561,66.77685638209056,1126.85,70.98249221151775,72.90698902465866,13.595967115773249,6.698316768067974,20.061661472348025,0.5667334574294779,1.0,1.0,1.0,0.9808591458979914,0.9808591458979914,0,nominal,0.0,0.0,0.0,0.0,0.0,0.0,0.0,0.0,0.0,0.0,0.0,0.0
9700,3188.380659805561,66.77464672288801,1126.85,70.98293848483797,72.90696709331989,13.595967115773249,6.698356870362136,20.0617815799329,0.5667334574294779,1.0,1.0,1.0,0.9808591458979914,0.9808591458979914,0,nominal,0.0,0.0,0.0,0.0,0.0,0.0,0.0,0.0,0.0,0.0,0.0,0.0
9750,3188.380659805561,66.7724379999758,1126.85,70.98338351813862,72.90694522286859,13.595967115773249,6.698396860585699,20.06190135186294,0.5667334574294779,1.0,1.0,1.0,0.9808591458979914,0.9808591458979914,0,nominal,0.0,0.0,0.0,0.0,0.0,0.0,0.0,0.0,0.0,0.0,0.0,0.0
9800,3188.380659805561,66.770230212905,1126.85,70.98382731330884,72.90692341321171,13.595967115773249,6.698436738914719,20.062020788665436,0.5667334574294779,1.0,1.0,1.0,0.9808591458979914,0.9808591458979914,0,nominal,0.0,0.0,0.0,0.0,0.0,0.0,0.0,0.0,0.0,0.0,0.0,0.0
9850,3188.380659805561,66.76802336122688,1126.85,70.98426987223513,72.90690166425632,13.595967115773249,6.698476505524978,20.062139890866863,0.5667334574294779,1.0,1.0,1.0,0.9808591458979914,0.9808591458979914,0,nominal,0.0,0.0,0.0,0.0,0.0,0.0,0.0,0.0,0.0,0.0,0.0,0.0
9900,3188.380659805561,66.765817444493,1126.85,70.98471119680147,72.90687997590963,13.595967115773249,6.698516160591996,20.062258658992906,0.5667334574294779,1.0,1.0,1.0,0.9808591458979914,0.9808591458979914,0,nominal,0.0,0.0,0.0,0.0,0.0,0.0,0.0,0.0,0.0,0.0,0.0,0.0
9950,3188.380659805561,66.7636124622552,1126.85,70.98515128888909,72.90685834807897,13.595967115773249,6.698555704291028,20.062377093568454,0.5667334574294779,1.0,1.0,1.0,0.9808591458979914,0.9808591458979914,0,nominal,0.0,0.0,0.0,0.0,0.0,0.0,0.0,0.0,0.0,0.0,0.0,0.0
10000,3188.380659805561,66.76140841406567,1126.85,70.98559015037677,72.90683678067178,13.595967115773249,6.698595136797051,20.06249519511758,0.5667334574294779,1.0,1.0,1.0,0.9808591458979914,0.9808591458979914,0,nominal,0.0,0.0,0.0,0.0,0.0,0.0,0.0,0.0,0.0,0.0,0.0,0.0
10050,3188.380659805561,66.75920529947678,1126.85,70.98602778314057,72.90681527359571,13.595967115773249,6.6986344582848,20.062612964163613,0.5667334574294779,1.0,1.0,1.0,0.9808591458979914,0.9808591458979914,0,nominal,0.0,0.0,0.0,0.0,0.0,0.0,0.0,0.0,0.0,0.0,0.0,0.0
10100,3188.380659805561,66.75700311804121,1126.85,70.98646418905395,72.90679382675845,13.595967115773249,6.698673668928727,20.062730401229047,0.5667334574294779,1.0,1.0,1.0,0.9808591458979914,0.9808591458979914,0,nominal,0.0,0.0,0.0,0.0,0.0,0.0,0.0,0.0,0.0,0.0,0.0,0.0
10150,3188.380659805561,66.7548018693119,1126.85,70.9868993699879,72.90677244006787,13.595967115773249,6.6987127689030235,20.062847506835585,0.5667334574294779,1.0,1.0,1.0,0.9808591458979914,0.9808591458979914,0,nominal,0.0,0.0,0.0,0.0,0.0,0.0,0.0,0.0,0.0,0.0,0.0,0.0
10200,3188.380659805561,66.75260155284212,1126.85,70.98733332781069,72.90675111343194,13.595967115773249,6.698751758381631,20.06296428150419,0.5667334574294779,1.0,1.0,1.0,0.9808591458979914,0.9808591458979914,0,nominal,0.0,0.0,0.0,0.0,0.0,0.0,0.0,0.0,0.0,0.0,0.0,0.0
10250,3188.380659805561,66.7504021681853,1126.85,70.98776606438804,72.90672984675881,13.595967115773249,6.698790637538208,20.063080725754975,0.5667334574294779,1.0,1.0,1.0,0.9808591458979914,0.9808591458979914,0,nominal,0.0,0.0,0.0,0.0,0.0,0.0,0.0,0.0,0.0,0.0,0.0,0.0
10300,3188.380659805561,66.74820371489528,1126.85,70.98819758158311,72.90670863995669,13.595967115773249,6.69882940654617,20.063196840107324,0.5667334574294779,1.0,1.0,1.0,0.9808591458979914,0.9808591458979914,0,nominal,0.0,0.0,0.0,0.0,0.0,0.0,0.0,0.0,0.0,0.0,0.0,0.0
10350,3188.380659805561,66.74600619252607,1126.85,70.98862788125649,72.906687492934,13.595967115773249,6.69886806557865,20.063312625079778,0.5667334574294779,1.0,1.0,1.0,0.9808591458979914,0.9808591458979914,0,nominal,0.0,0.0,0.0,0.0,0.0,0.0,0.0,0.0,0.0,0.0,0.0,0.0
10400,3188.380659805561,66.743809600632,1126.85,70.98905696526612,72.90666640559922,13.595967115773249,6.6989066148085445,20.063428081190164,0.5667334574294779,1.0,1.0,1.0,0.9808591458979914,0.9808591458979914,0,nominal,0.0,0.0,0.0,0.0,0.0,0.0,0.0,0.0,0.0,0.0,0.0,0.0
10450,3188.380659805561,66.74161393876761,1126.85,70.98948483546741,72.90664537786101,13.595967115773249,6.698945054408465,20.06354320895546,0.5667334574294779,1.0,1.0,1.0,0.9808591458979914,0.9808591458979914,0,nominal,0.0,0.0,0.0,0.0,0.0,0.0,0.0,0.0,0.0,0.0,0.0,0.0
10500,3188.380659805561,66.73941920648781,1126.85,70.98991149371324,72.9066244096281,13.595967115773249,6.698983384550775,20.063658008891895,0.5667334574294779,1.0,1.0,1.0,0.9808591458979914,0.9808591458979914,0,nominal,0.0,0.0,0.0,0.0,0.0,0.0,0.0,0.0,0.0,0.0,0.0,0.0
10550,3188.380659805561,66.73722540334774,1126.85,70.99033694185385,72.90660350080941,13.595967115773249,6.699021605407576,20.06377248151492,0.5667334574294779,1.0,1.0,1.0,0.9808591458979914,0.9808591458979914,0,nominal,0.0,0.0,0.0,0.0,0.0,0.0,0.0,0.0,0.0,0.0,0.0,0.0
10600,3188.380659805561,66.73503252890282,1126.85,70.99076118173701,72.90658265131397,13.595967115773249,6.699059717150706,20.063886627339205,0.5667334574294779,1.0,1.0,1.0,0.9808591458979914,0.9808591458979914,0,nominal,0.0,0.0,0.0,0.0,0.0,0.0,0.0,0.0,0.0,0.0,0.0,0.0
10650,3188.380659805561,66.73284058270872,1126.85,70.99118421520785,72.90656186105092,13.595967115773249,6.6990977199517525,20.06400044687865,0.5667334574294779,1.0,1.0,1.0,0.9808591458979914,0.9808591458979914,0,nominal,0.0,0.0,0.0,0.0,0.0,0.0,0.0,0.0,0.0,0.0,0.0,0.0
10700,3188.380659805561,66.73064956432137,1126.85,70.99160604410895,72.90654112992952,13.595967115773249,6.699135613982032,20.064113940646358,0.5667334574294779,1.0,1.0,1.0,0.9808591458979914,0.9808591458979914,0,nominal,0.0,0.0,0.0,0.0,0.0,0.0,0.0,0.0,0.0,0.0,0.0,0.0
10750,3188.380659805561,66.728459473297,1126.85,70.99202667028038,72.90652045785922,13.595967115773249,6.699173399412612,20.064227109154675,0.5667334574294779,1.0,1.0,1.0,0.9808591458979914,0.9808591458979914,0,nominal,0.0,0.0,0.0,0.0,0.0,0.0,0.0,0.0,0.0,0.0,0.0,0.0
10800,3188.380659805561,66.7262703091921,1126.85,70.99244609555967,72.90649984474953,13.595967115773249,6.699211076414298,20.06433995291517,0.5667334574294779,1.0,1.0,1.0,0.9808591458979914,0.9808591458979914,0,nominal,0.0,0.0,0.0,0.0,0.0,0.0,0.0,0.0,0.0,0.0,0.0,0.0
10850,3188.380659805561,66.72408207156343,1126.85,70.99286432178172,72.90647929051012,13.595967115773249,6.69924864515764,20.06445247243865,0.5667334574294779,1.0,1.0,1.0,0.9808591458979914,0.9808591458979914,0,nominal,0.0,0.0,0.0,0.0,0.0,0.0,0.0,0.0,0.0,0.0,0.0,0.0
10900,3188.380659805561,66.72189475996805,1126.85,70.993281350779,72.90645879505078,13.595967115773249,6.6992861058129245,20.06456466823513,0.5667334574294779,1.0,1.0,1.0,0.9808591458979914,0.9808591458979914,0,nominal,0.0,0.0,0.0,0.0,0.0,0.0,0.0,0.0,0.0,0.0,0.0,0.0
10950,3188.380659805561,66.71970837396327,1126.85,70.99369718438135,72.90643835828143,13.595967115773249,6.699323458550188,20.064676540813867,0.5667334574294779,1.0,1.0,1.0,0.9808591458979914,0.9808591458979914,0,nominal,0.0,0.0,0.0,0.0,0.0,0.0,0.0,0.0,0.0,0.0,0.0,0.0
11000,3188.380659805561,66.71752291310668,1126.85,70.99411182441611,72.90641798011212,13.595967115773249,6.6993607035392095,20.064788090683358,0.5667334574294779,1.0,1.0,1.0,0.9808591458979914,0.9808591458979914,0,nominal,0.0,0.0,0.0,0.0,0.0,0.0,0.0,0.0,0.0,0.0,0.0,0.0
11050,3188.380659805561,66.71533837695608,1126.85,70.99452527270807,72.90639766045302,13.595967115773249,6.699397840949508,20.064899318351316,0.5667334574294779,1.0,1.0,1.0,0.9808591458979914,0.9808591458979914,0,nominal,0.0,0.0,0.0,0.0,0.0,0.0,0.0,0.0,0.0,0.0,0.0,0.0
11100,3188.380659805561,66.71315476506959,1126.85,70.99493753107959,72.90637739921443,13.595967115773249,6.699434870950347,20.065010224324695,0.5667334574294779,1.0,1.0,1.0,0.9808591458979914,0.9808591458979914,0,nominal,0.0,0.0,0.0,0.0,0.0,0.0,0.0,0.0,0.0,0.0,0.0,0.0
11150,3188.380659805561,66.71097207700564,1126.85,70.99534860135037,72.90635719630679,13.595967115773249,6.699471793710745,20.065120809109708,0.5667334574294779,1.0,1.0,1.0,0.9808591458979914,0.9808591458979914,0,nominal,0.0,0.0,0.0,0.0,0.0,0.0,0.0,0.0,0.0,0.0,0.0,0.0
11200,3188.380659805561,66.70879031232283,1126.85,70.99575848533772,72.90633705164062,13.595967115773249,6.699508609399454,20.065231073211766,0.5667334574294779,1.0,1.0,1.0,0.9808591458979914,0.9808591458979914,0,nominal,0.0,0.0,0.0,0.0,0.0,0.0,0.0,0.0,0.0,0.0,0.0,0.0
11250,3188.380659805561,66.70660947058013,1126.85,70.99616718485629,72.90631696512662,13.595967115773249,6.699545318184983,20.065341017135566,0.5667334574294779,1.0,1.0,1.0,0.9808591458979914,0.9808591458979914,0,nominal,0.0,0.0,0.0,0.0,0.0,0.0,0.0,0.0,0.0,0.0,0.0,0.0
11300,3188.380659805561,66.70442955133672,1126.85,70.99657470171832,72.90629693667559,13.595967115773249,6.699581920235569,20.065450641384984,0.5667334574294779,1.0,1.0,1.0,0.9808591458979914,0.9808591458979914,0,nominal,0.0,0.0,0.0,0.0,0.0,0.0,0.0,0.0,0.0,0.0,0.0,0.0
11350,3188.380659805561,66.70225055415204,1126.85,70.99698103773352,72.90627696619846,13.595967115773249,6.699618415719214,20.065559946463186,0.5667334574294779,1.0,1.0,1.0,0.9808591458979914,0.9808591458979914,0,nominal,0.0,0.0,0.0,0.0,0.0,0.0,0.0,0.0,0.0,0.0,0.0,0.0
11400,3188.380659805561,66.70007247858587,1126.85,70.99738619470912,72.9062570536063,13.595967115773249,6.699654804803658,20.065668932872562,0.5667334574294779,1.0,1.0,1.0,0.9808591458979914,0.9808591458979914,0,nominal,0.0,0.0,0.0,0.0,0.0,0.0,0.0,0.0,0.0,0.0,0.0,0.0
11450,3188.380659805561,66.69789532419816,1126.85,70.99779017444979,72.90623719881027,13.595967115773249,6.699691087656395,20.065777601114753,0.5667334574294779,1.0,1.0,1.0,0.9808591458979914,0.9808591458979914,0,nominal,0.0,0.0,0.0,0.0,0.0,0.0,0.0,0.0,0.0,0.0,0.0,0.0
11500,3188.380659805561,66.69571909054918,1126.85,70.99819297875769,72.90621740172169,13.595967115773249,6.69972726444466,20.06588595169065,0.5667334574294779,1.0,1.0,1.0,0.9808591458979914,0.9808591458979914,0,nominal,0.0,0.0,0.0,0.0,0.0,0.0,0.0,0.0,0.0,0.0,0.0,0.0
11550,3188.380659805561,66.69354377719952,1126.85,70.99859460943253,72.90619766225198,13.595967115773249,6.699763335335434,20.06599398510035,0.5667334574294779,1.0,1.0,1.0,0.9808591458979914,0.9808591458979914,0,nominal,0.0,0.0,0.0,0.0,0.0,0.0,0.0,0.0,0.0,0.0,0.0,0.0
11600,3188.380659805561,66.69136938370991,1126.85,70.9989950682716,72.90617798031272,13.595967115773249,6.699799300495451,20.066101701843234,0.5667334574294779,1.0,1.0,1.0,0.9808591458979914,0.9808591458979914,0,nominal,0.0,0.0,0.0,0.0,0.0,0.0,0.0,0.0,0.0,0.0,0.0,0.0
11650,3188.380659805561,66.68919590964146,1126.85,70.99939435706955,72.90615835581556,13.595967115773249,6.699835160091203,20.066209102417947,0.5667334574294779,1.0,1.0,1.0,0.9808591458979914,0.9808591458979914,0,nominal,0.0,0.0,0.0,0.0,0.0,0.0,0.0,0.0,0.0,0.0,0.0,0.0
11700,3188.380659805561,66.68702335455555,1126.85,70.9997924776186,72.90613878867234,13.595967115773249,6.6998709142889155,20.066316187322347,0.5667334574294779,1.0,1.0,1.0,0.9808591458979914,0.9808591458979914,0,nominal,0.0,0.0,0.0,0.0,0.0,0.0,0.0,0.0,0.0,0.0,0.0,0.0
11750,3188.380659805561,66.6848517180137,1126.85,71.00018943170852,72.90611927879496,13.595967115773249,6.699906563254572,20.06642295705355,0.5667334574294779,1.0,1.0,1.0,0.9808591458979914,0.9808591458979914,0,nominal,0.0,0.0,0.0,0.0,0.0,0.0,0.0,0.0,0.0,0.0,0.0,0.0
11800,3188.380659805561,66.68268099957788,1126.85,71.00058522112664,72.90609982609548,13.595967115773249,6.699942107153905,20.066529412107933,0.5667334574294779,1.0,1.0,1.0,0.9808591458979914,0.9808591458979914,0,nominal,0.0,0.0,0.0,0.0,0.0,0.0,0.0,0.0,0.0,0.0,0.0,0.0
11850,3188.380659805561,66.68051119881017,1126.85,71.00097984765767,72.9060804304861,13.595967115773249,6.699977546152405,20.066635552981147,0.5667334574294779,1.0,1.0,1.0,0.9808591458979914,0.9808591458979914,0,nominal,0.0,0.0,0.0,0.0,0.0,0.0,0.0,0.0,0.0,0.0,0.0,0.0
11900,3188.380659805561,66.67834231527297,1126.85,71.001373313084,72.90606109187908,13.595967115773249,6.700012880415296,20.066741380168043,0.5667334574294779,1.0,1.0,1.0,0.9808591458979914,0.9808591458979914,0,nominal,0.0,0.0,0.0,0.0,0.0,0.0,0.0,0.0,0.0,0.0,0.0,0.0
11950,3188.380659805561,66.67617434852895,1126.85,71.0017656191855,72.90604181018688,13.595967115773249,6.70004811010757,20.066846894162772,0.5667334574294779,1.0,1.0,1.0,0.9808591458979914,0.9808591458979914,0,nominal,0.0,0.0,0.0,0.0,0.0,0.0,0.0,0.0,0.0,0.0,0.0,0.0
12000,3188.380659805561,66.67400729814108,1126.85,71.00215676773956,72.90602258532203,13.595967115773249,6.700083235393969,20.06695209545875,0.5667334574294779,1.0,1.0,1.0,0.9808591458979914,0.9808591458979914,0,nominal,0.0,0.0,0.0,0.0,0.0,0.0,0.0,0.0,0.0,0.0,0.0,0.0
12050,3188.380659805561,66.67184116367252,1126.85,71.00254676052111,72.90600341719723,13.595967115773249,6.700118256438983,20.067056984548618,0.5667334574294779,1.0,1.0,1.0,0.9808591458979914,0.9808591458979914,0,nominal,0.0,0.0,0.0,0.0,0.0,0.0,0.0,0.0,0.0,0.0,0.0,0.0
12100,3188.380659805561,66.66967594468679,1126.85,71.00293559930259,72.90598430572523,13.595967115773249,6.70015317340685,20.067161561924287,0.5667334574294779,1.0,1.0,1.0,0.9808591458979914,0.9808591458979914,0,nominal,0.0,0.0,0.0,0.0,0.0,0.0,0.0,0.0,0.0,0.0,0.0,0.0
12150,3188.380659805561,66.66751164074759,1126.85,71.0033232858541,72.90596525081898,13.595967115773249,6.7001879864615725,20.067265828076938,0.5667334574294779,1.0,1.0,1.0,0.9808591458979914,0.9808591458979914,0,nominal,0.0,0.0,0.0,0.0,0.0,0.0,0.0,0.0,0.0,0.0,0.0,0.0
12200,3188.380659805561,66.66534825141895,1126.85,71.00370982194312,72.90594625239152,13.595967115773249,6.700222695766897,20.067369783497004,0.5667334574294779,1.0,1.0,1.0,0.9808591458979914,0.9808591458979914,0,nominal,0.0,0.0,0.0,0.0,0.0,0.0,0.0,0.0,0.0,0.0,0.0,0.0
12250,3188.380659805561,66.6631857762651,1126.85,71.00409520933488,72.90592731035598,13.595967115773249,6.700257301486325,20.06747342867418,0.5667334574294779,1.0,1.0,1.0,0.9808591458979914,0.9808591458979914,0,nominal,0.0,0.0,0.0,0.0,0.0,0.0,0.0,0.0,0.0,0.0,0.0,0.0
12300,3188.380659805561,66.66102421485061,1126.85,71.00447944979197,72.90590842462568,13.595967115773249,6.70029180378313,20.06757676409746,0.5667334574294779,1.0,1.0,1.0,0.9808591458979914,0.9808591458979914,0,nominal,0.0,0.0,0.0,0.0,0.0,0.0,0.0,0.0,0.0,0.0,0.0,0.0
12350,3188.380659805561,66.65886356674025,1126.85,71.00486254507473,72.90588959511399,13.595967115773249,6.7003262028203086,20.06767979025504,0.5667334574294779,1.0,1.0,1.0,0.9808591458979914,0.9808591458979914,0,nominal,0.0,0.0,0.0,0.0,0.0,0.0,0.0,0.0,0.0,0.0,0.0,0.0
12400,3188.380659805561,66.6567038314991,1126.85,71.00524449694086,72.90587082173448,13.595967115773249,6.700360498760641,20.06778250763444,0.5667334574294779,1.0,1.0,1.0,0.9808591458979914,0.9808591458979914,0,nominal,0.0,0.0,0.0,0.0,0.0,0.0,0.0,0.0,0.0,0.0,0.0,0.0
12450,3188.380659805561,66.65454500869248,1126.85,71.0056253071458,72.90585210440076,13.595967115773249,6.700394691766643,20.06788491672241,0.5667334574294779,1.0,1.0,1.0,0.9808591458979914,0.9808591458979914,0,nominal,0.0,0.0,0.0,0.0,0.0,0.0,0.0,0.0,0.0,0.0,0.0,0.0
12500,3188.380659805561,66.65238709788593,1126.85,71.0060049774425,72.90583344302664,13.595967115773249,6.700428782000602,20.067987018004995,0.5667334574294779,1.0,1.0,1.0,0.9808591458979914,0.9808591458979914,0,nominal,0.0,0.0,0.0,0.0,0.0,0.0,0.0,0.0,0.0,0.0,0.0,0.0
12550,3188.380659805561,66.65023009864535,1126.85,71.00638350958144,72.90581483752598,13.595967115773249,6.700462769624557,20.068088811967517,0.5667334574294779,1.0,1.0,1.0,0.9808591458979914,0.9808591458979914,0,nominal,0.0,0.0,0.0,0.0,0.0,0.0,0.0,0.0,0.0,0.0,0.0,0.0
12600,3188.380659805561,66.64807401053685,1126.85,71.00676090531073,72.9057962878128,13.595967115773249,6.700496654800296,20.06819029909453,0.5667334574294779,1.0,1.0,1.0,0.9808591458979914,0.9808591458979914,0,nominal,0.0,0.0,0.0,0.0,0.0,0.0,0.0,0.0,0.0,0.0,0.0,0.0
12650,3188.380659805561,66.64591883312681,1126.85,71.00713716637603,72.90577779380125,13.595967115773249,6.700530437689371,20.068291479869885,0.5667334574294779,1.0,1.0,1.0,0.9808591458979914,0.9808591458979914,0,nominal,0.0,0.0,0.0,0.0,0.0,0.0,0.0,0.0,0.0,0.0,0.0,0.0
12700,3188.380659805561,66.64376456598183,1126.85,71.00751229452055,72.90575935540558,13.595967115773249,6.700564118453096,20.068392354776726,0.5667334574294779,1.0,1.0,1.0,0.9808591458979914,0.9808591458979914,0,nominal,0.0,0.0,0.0,0.0,0.0,0.0,0.0,0.0,0.0,0.0,0.0,0.0
12750,3188.380659805561,66.64161120866885,1126.85,71.00788629148519,72.90574097254014,13.595967115773249,6.700597697252528,20.068492924297427,0.5667334574294779,1.0,1.0,1.0,0.9808591458979914,0.9808591458979914,0,nominal,0.0,0.0,0.0,0.0,0.0,0.0,0.0,0.0,0.0,0.0,0.0,0.0
12800,3188.380659805561,66.63945876075502,1126.85,71.00825915900839,72.90572264511947,13.595967115773249,6.700631174248501,20.068593188913685,0.5667334574294779,1.0,1.0,1.0,0.9808591458979914,0.9808591458979914,0,nominal,0.0,0.0,0.0,0.0,0.0,0.0,0.0,0.0,0.0,0.0,0.0,0.0
12850,3188.380659805561,66.63730722180782,1126.85,71.00863089882614,72.90570437305816,13.595967115773249,6.700664549601597,20.068693149106448,0.5667334574294779,1.0,1.0,1.0,0.9808591458979914,0.9808591458979914,0,nominal,0.0,0.0,0.0,0.0,0.0,0.0,0.0,0.0,0.0,0.0,0.0,0.0
12900,3188.380659805561,66.63515659139489,1126.85,71.00900151267206,72.90568615627093,13.595967115773249,6.700697823472158,20.068792805355947,0.5667334574294779,1.0,1.0,1.0,0.9808591458979914,0.9808591458979914,0,nominal,0.0,0.0,0.0,0.0,0.0,0.0,0.0,0.0,0.0,0.0,0.0,0.0
12950,3188.380659805561,66.63300686908417,1126.85,71.00937100227736,72.90566799467265,13.595967115773249,6.700730996020288,20.0688921581417,0.5667334574294779,1.0,1.0,1.0,0.9808591458979914,0.9808591458979914,0,nominal,0.0,0.0,0.0,0.0,0.0,0.0,0.0,0.0,0.0,0.0,0.0,0.0
13000,3188.380659805561,66.63085805444393,1126.85,71.00973936937089,72.90564988817832,13.595967115773249,6.700764067405847,20.06899120794249,0.5667334574294779,1.0,1.0,1.0,0.9808591458979914,0.9808591458979914,0,nominal,0.0,0.0,0.0,0.0,0.0,0.0,0.0,0.0,0.0,0.0,0.0,0.0
13050,3188.380659805561,66.62871014704263,1126.85,71.01010661567909,72.90563183670301,13.595967115773249,6.700797037788461,20.069089955236404,0.5667334574294779,1.0,1.0,1.0,0.9808591458979914,0.9808591458979914,0,nominal,0.0,0.0,0.0,0.0,0.0,0.0,0.0,0.0,0.0,0.0,0.0,0.0
13100,3188.380659805561,66.62656314644897,1126.85,71.01047274292597,72.90561384016193,13.595967115773249,6.700829907327519,20.069188400500813,0.5667334574294779,1.0,1.0,1.0,0.9808591458979914,0.9808591458979914,0,nominal,0.0,0.0,0.0,0.0,0.0,0.0,0.0,0.0,0.0,0.0,0.0,0.0
13150,3188.380659805561,66.62441705223199,1126.85,71.0108377528332,72.90559589847044,13.595967115773249,6.70086267618216,20.069286544212346,0.5667334574294779,1.0,1.0,1.0,0.9808591458979914,0.9808591458979914,0,nominal,0.0,0.0,0.0,0.0,0.0,0.0,0.0,0.0,0.0,0.0,0.0,0.0
13200,3188.380659805561,66.62227186396092,1126.85,71.01120164712,72.90557801154394,13.595967115773249,6.700895344511292,20.069384386846938,0.5667334574294779,1.0,1.0,1.0,0.9808591458979914,0.9808591458979914,0,nominal,0.0,0.0,0.0,0.0,0.0,0.0,0.0,0.0,0.0,0.0,0.0,0.0
13250,3188.380659805561,66.62012758120528,1126.85,71.01156442750334,72.90556017929806,13.595967115773249,6.700927912473583,20.069481928879803,0.5667334574294779,1.0,1.0,1.0,0.9808591458979914,0.9808591458979914,0,nominal,0.0,0.0,0.0,0.0,0.0,0.0,0.0,0.0,0.0,0.0,0.0,0.0
13300,3188.380659805561,66.61798420353489,1126.85,71.01192609569767,72.90554240164846,13.595967115773249,6.700960380227471,20.069579170785467,0.5667334574294779,1.0,1.0,1.0,0.9808591458979914,0.9808591458979914,0,nominal,0.0,0.0,0.0,0.0,0.0,0.0,0.0,0.0,0.0,0.0,0.0,0.0
13350,3188.380659805561,66.61584173051978,1126.85,71.01228665341517,72.90552467851096,13.595967115773249,6.700992747931142,20.0696761130377,0.5667334574294779,1.0,1.0,1.0,0.9808591458979914,0.9808591458979914,0,nominal,0.0,0.0,0.0,0.0,0.0,0.0,0.0,0.0,0.0,0.0,0.0,0.0
13400,3188.380659805561,66.61370016173021,1126.85,71.01264610236558,72.90550700980147,13.595967115773249,6.701025015742557,20.069772756109607,0.5667334574294779,1.0,1.0,1.0,0.9808591458979914,0.9808591458979914,0,nominal,0.0,0.0,0.0,0.0,0.0,0.0,0.0,0.0,0.0,0.0,0.0,0.0
13450,3188.380659805561,66.61155949673679,1126.85,71.0130044442563,72.90548939543604,13.595967115773249,6.701057183819436,20.069869100473557,0.5667334574294779,1.0,1.0,1.0,0.9808591458979914,0.9808591458979914,0,nominal,0.0,0.0,0.0,0.0,0.0,0.0,0.0,0.0,0.0,0.0,0.0,0.0
13500,3188.380659805561,66.60941973511035,1126.85,71.01336168079234,72.90547183533084,13.595967115773249,6.701089252319265,20.069965146601227,0.5667334574294779,1.0,1.0,1.0,0.9808591458979914,0.9808591458979914,0,nominal,0.0,0.0,0.0,0.0,0.0,0.0,0.0,0.0,0.0,0.0,0.0,0.0
13550,3188.380659805561,66.60728087642195,1126.85,71.01371781367641,72.90545432940213,13.595967115773249,6.701121221399286,20.070060894963568,0.5667334574294779,1.0,1.0,1.0,0.9808591458979914,0.9808591458979914,0,nominal,0.0,0.0,0.0,0.0,0.0,0.0,0.0,0.0,0.0,0.0,0.0,0.0
13600,3188.380659805561,66.60514292024294,1126.85,71.01407284460885,72.90543687756634,13.595967115773249,6.701153091216521,20.070156346030856,0.5667334574294779,1.0,1.0,1.0,0.9808591458979914,0.9808591458979914,0,nominal,0.0,0.0,0.0,0.0,0.0,0.0,0.0,0.0,0.0,0.0,0.0,0.0
13650,3188.380659805561,66.60300586614488,1126.85,71.01442677528757,72.90541947973996,13.595967115773249,6.701184861927747,20.07025150027265,0.5667334574294779,1.0,1.0,1.0,0.9808591458979914,0.9808591458979914,0,nominal,0.0,0.0,0.0,0.0,0.0,0.0,0.0,0.0,0.0,0.0,0.0,0.0
13700,3188.380659805561,66.6008697136997,1126.85,71.01477960740823,72.90540213583962,13.595967115773249,6.701216533689509,20.070346358157803,0.5667334574294779,1.0,1.0,1.0,0.9808591458979914,0.9808591458979914,0,nominal,0.0,0.0,0.0,0.0,0.0,0.0,0.0,0.0,0.0,0.0,0.0,0.0
13750,3188.380659805561,66.59873446247946,1126.85,71.01513134266412,72.9053848457821,13.595967115773249,6.7012481066581095,20.070440920154446,0.5667334574294779,1.0,1.0,1.0,0.9808591458979914,0.9808591458979914,0,nominal,0.0,0.0,0.0,0.0,0.0,0.0,0.0,0.0,0.0,0.0,0.0,0.0
13800,3188.380659805561,66.59660011205654,1126.85,71.01548198274611,72.90536760948423,13.595967115773249,6.701279580989639,20.070535186730076,0.5667334574294779,1.0,1.0,1.0,0.9808591458979914,0.9808591458979914,0,nominal,0.0,0.0,0.0,0.0,0.0,0.0,0.0,0.0,0.0,0.0,0.0,0.0
13850,3188.380659805561,66.59446666200364,1126.85,71.01583152934279,72.905350426863,13.595967115773249,6.701310956839932,20.070629158351423,0.5667334574294779,1.0,1.0,1.0,0.9808591458979914,0.9808591458979914,0,nominal,0.0,0.0,0.0,0.0,0.0,0.0,0.0,0.0,0.0,0.0,0.0,0.0
13900,3188.380659805561,66.59233411189359,1126.85,71.01617998414042,72.9053332978355,13.595967115773249,6.701342234364596,20.07072283548453,0.5667334574294779,1.0,1.0,1.0,0.9808591458979914,0.9808591458979914,0,nominal,0.0,0.0,0.0,0.0,0.0,0.0,0.0,0.0,0.0,0.0,0.0,0.0
13950,3188.380659805561,66.59020246129955,1126.85,71.01652734882288,72.90531622231897,13.595967115773249,6.701373413719012,20.070816218594782,0.5667334574294779,1.0,1.0,1.0,0.9808591458979914,0.9808591458979914,0,nominal,0.0,0.0,0.0,0.0,0.0,0.0,0.0,0.0,0.0,0.0,0.0,0.0
14000,3188.380659805561,66.58807170979497,1126.85,71.01687362507181,72.90529920023074,13.595967115773249,6.701404495058321,20.070909308146817,0.5667334574294779,1.0,1.0,1.0,0.9808591458979914,0.9808591458979914,0,nominal,0.0,0.0,0.0,0.0,0.0,0.0,0.0,0.0,0.0,0.0,0.0,0.0
14050,3188.380659805561,66.58594185695347,1126.85,71.01721881456638,72.90528223148821,13.595967115773249,6.701435478537445,20.071002104604634,0.5667334574294779,1.0,1.0,1.0,0.9808591458979914,0.9808591458979914,0,nominal,0.0,0.0,0.0,0.0,0.0,0.0,0.0,0.0,0.0,0.0,0.0,0.0
14100,3188.380659805561,66.583812902349,1126.85,71.01756291898357,72.90526531600901,13.595967115773249,6.701466364311055,20.07109460843148,0.5667334574294779,1.0,1.0,1.0,0.9808591458979914,0.9808591458979914,0,nominal,0.0,0.0,0.0,0.0,0.0,0.0,0.0,0.0,0.0,0.0,0.0,0.0
14150,3188.380659805561,66.58168484555569,1126.85,71.017905939998,72.90524845371077,13.595967115773249,6.70149715253361,20.071186820089963,0.5667334574294779,1.0,1.0,1.0,0.9808591458979914,0.9808591458979914,0,nominal,0.0,0.0,0.0,0.0,0.0,0.0,0.0,0.0,0.0,0.0,0.0,0.0
14200,3188.380659805561,66.57955768614801,1126.85,71.01824787928189,72.9052316445113,13.595967115773249,6.701527843359328,20.071278740041972,0.5667334574294779,1.0,1.0,1.0,0.9808591458979914,0.9808591458979914,0,nominal,0.0,0.0,0.0,0.0,0.0,0.0,0.0,0.0,0.0,0.0,0.0,0.0
14250,3188.380659805561,66.57743142370072,1126.85,71.01858873850529,72.90521488832852,13.595967115773249,6.701558436942191,20.07137036874869,0.5667334574294779,1.0,1.0,1.0,0.9808591458979914,0.9808591458979914,0,nominal,0.0,0.0,0.0,0.0,0.0,0.0,0.0,0.0,0.0,0.0,0.0,0.0
14300,3188.380659805561,66.57530605778868,1126.85,71.01892851933582,72.90519818508042,13.595967115773249,6.70158893343597,20.07146170667066,0.5667334574294779,1.0,1.0,1.0,0.9808591458979914,0.9808591458979914,0,nominal,0.0,0.0,0.0,0.0,0.0,0.0,0.0,0.0,0.0,0.0,0.0,0.0
14350,3188.380659805561,66.57318158798716,1126.85,71.01926722343882,72.90518153468517,13.595967115773249,6.701619332994191,20.0715527542677,0.5667334574294779,1.0,1.0,1.0,0.9808591458979914,0.9808591458979914,0,nominal,0.0,0.0,0.0,0.0,0.0,0.0,0.0,0.0,0.0,0.0,0.0,0.0
14400,3188.380659805561,66.5710580138716,1126.85,71.01960485247736,72.90516493706103,13.595967115773249,6.701649635770152,20.071643511998936,0.5667334574294779,1.0,1.0,1.0,0.9808591458979914,0.9808591458979914,0,nominal,0.0,0.0,0.0,0.0,0.0,0.0,0.0,0.0,0.0,0.0,0.0,0.0
14450,3188.380659805561,66.56893533501767,1126.85,71.01994140811212,72.90514839212634,13.595967115773249,6.701679841916925,20.071733980322836,0.5667334574294779,1.0,1.0,1.0,0.9808591458979914,0.9808591458979914,0,nominal,0.0,0.0,0.0,0.0,0.0,0.0,0.0,0.0,0.0,0.0,0.0,0.0
14500,3188.380659805561,66.56681355100142,1126.85,71.02027689200162,72.90513189979957,13.595967115773249,6.701709951587354,20.07182415969716,0.5667334574294779,1.0,1.0,1.0,0.9808591458979914,0.9808591458979914,0,nominal,0.0,0.0,0.0,0.0,0.0,0.0,0.0,0.0,0.0,0.0,0.0,0.0
14550,3188.380659805561,66.56469266139902,1126.85,71.02061130580199,72.90511545999937,13.595967115773249,6.701739964934053,20.071914050579004,0.5667334574294779,1.0,1.0,1.0,0.9808591458979914,0.9808591458979914,0,nominal,0.0,0.0,0.0,0.0,0.0,0.0,0.0,0.0,0.0,0.0,0.0,0.0
14600,3188.380659805561,66.562572665787,1126.85,71.02094465116704,72.9050990726444,13.595967115773249,6.701769882109415,20.07200365342478,0.5667334574294779,1.0,1.0,1.0,0.9808591458979914,0.9808591458979914,0,nominal,0.0,0.0,0.0,0.0,0.0,0.0,0.0,0.0,0.0,0.0,0.0,0.0
14650,3188.380659805561,66.5604535637421,1126.85,71.02127692974841,72.90508273765353,13.595967115773249,6.701799703265593,20.07209296869019,0.5667334574294779,1.0,1.0,1.0,0.9808591458979914,0.9808591458979914,0,nominal,0.0,0.0,0.0,0.0,0.0,0.0,0.0,0.0,0.0,0.0,0.0,0.0
14700,3188.380659805561,66.55833535484129,1126.85,71.0216081431953,72.90506645494567,13.595967115773249,6.701829428554525,20.0721819968303,0.5667334574294779,1.0,1.0,1.0,0.9808591458979914,0.9808591458979914,0,nominal,0.0,0.0,0.0,0.0,0.0,0.0,0.0,0.0,0.0,0.0,0.0,0.0
14750,3188.380659805561,66.55621803866183,1126.85,71.02193829315473,72.90505022443986,13.595967115773249,6.701859058127913,20.07227073829946,0.5667334574294779,1.0,1.0,1.0,0.9808591458979914,0.9808591458979914,0,nominal,0.0,0.0,0.0,0.0,0.0,0.0,0.0,0.0,0.0,0.0,0.0,0.0
14800,3188.380659805561,66.55410161478125,1126.85,71.02226738127143,72.90503404605529,13.595967115773249,6.70188859213724,20.07235919355136,0.5667334574294779,1.0,1.0,1.0,0.9808591458979914,0.9808591458979914,0,nominal,0.0,0.0,0.0,0.0,0.0,0.0,0.0,0.0,0.0,0.0,0.0,0.0
14850,3188.380659805561,66.55198608277726,1126.85,71.02259540918789,72.90501791971123,13.595967115773249,6.70191803073376,20.072447363039014,0.5667334574294779,1.0,1.0,1.0,0.9808591458979914,0.9808591458979914,0,nominal,0.0,0.0,0.0,0.0,0.0,0.0,0.0,0.0,0.0,0.0,0.0,0.0
14900,3188.380659805561,66.54987144222792,1126.85,71.0229223785442,72.90500184532708,13.595967115773249,6.701947374068504,20.07253524721477,0.5667334574294779,1.0,1.0,1.0,0.9808591458979914,0.9808591458979914,0,nominal,0.0,0.0,0.0,0.0,0.0,0.0,0.0,0.0,0.0,0.0,0.0,0.0
14950,3188.380659805561,66.54775769271146,1126.85,71.02324829097824,72.90498582282233,13.595967115773249,6.701976622292271,20.07262284653027,0.5667334574294779,1.0,1.0,1.0,0.9808591458979914,0.9808591458979914,0,nominal,0.0,0.0,0.0,0.0,0.0,0.0,0.0,0.0,0.0,0.0,0.0,0.0
15000,3188.380659805561,66.54564483380642,1126.85,71.0235731481257,72.9049698521166,13.595967115773249,6.702005775555643,20.07271016143651,0.5667334574294779,1.0,1.0,1.0,0.9808591458979914,0.9808591458979914,0,nominal,0.0,0.0,0.0,0.0,0.0,0.0,0.0,0.0,0.0,0.0,0.0,0.0
15050,3188.380659805561,66.5435328650916,1126.85,71.02389695161992,72.90495393312962,13.595967115773249,6.7020348340089715,20.072797192383803,0.5667334574294779,1.0,1.0,1.0,0.9808591458979914,0.9808591458979914,0,nominal,0.0,0.0,0.0,0.0,0.0,0.0,0.0,0.0,0.0,0.0,0.0,0.0
15100,3188.380659805561,66.54142178614597,1126.85,71.024219703092,72.90493806578122,13.595967115773249,6.702063797802391,20.072883939821804,0.5667334574294779,1.0,1.0,1.0,0.9808591458979914,0.9808591458979914,0,nominal,0.0,0.0,0.0,0.0,0.0,0.0,0.0,0.0,0.0,0.0,0.0,0.0
15150,3188.380659805561,66.53931159654888,1126.85,71.0245414041708,72.90492224999139,13.595967115773249,6.702092667085806,20.072970404199477,0.5667334574294779,1.0,1.0,1.0,0.9808591458979914,0.9808591458979914,0,nominal,0.0,0.0,0.0,0.0,0.0,0.0,0.0,0.0,0.0,0.0,0.0,0.0
15200,3188.380659805561,66.53720229587981,1126.85,71.02486205648285,72.90490648568017,13.595967115773249,6.702121442008898,20.07305658596513,0.5667334574294779,1.0,1.0,1.0,0.9808591458979914,0.9808591458979914,0,nominal,0.0,0.0,0.0,0.0,0.0,0.0,0.0,0.0,0.0,0.0,0.0,0.0
15250,3188.380659805561,66.53509388371856,1126.85,71.02518166165254,72.90489077276774,13.595967115773249,6.702150122721127,20.073142485566397,0.5667334574294779,1.0,1.0,1.0,0.9808591458979914,0.9808591458979914,0,nominal,0.0,0.0,0.0,0.0,0.0,0.0,0.0,0.0,0.0,0.0,0.0,0.0
15300,3188.380659805561,66.53298635964518,1126.85,71.02550022130191,72.90487511117438,13.595967115773249,6.702178709371734,20.073228103450255,0.5667334574294779,1.0,1.0,1.0,0.9808591458979914,0.9808591458979914,0,nominal,0.0,0.0,0.0,0.0,0.0,0.0,0.0,0.0,0.0,0.0,0.0,0.0
15350,3188.380659805561,66.53087972323993,1126.85,71.02581773705089,72.90485950082052,13.595967115773249,6.70220720210973,20.073313440063004,0.5667334574294779,1.0,1.0,1.0,0.9808591458979914,0.9808591458979914,0,nominal,0.0,0.0,0.0,0.0,0.0,0.0,0.0,0.0,0.0,0.0,0.0,0.0
15400,3188.380659805561,66.52877397408338,1126.85,71.026134210517,72.90484394162664,13.595967115773249,6.702235601083917,20.073398495850302,0.5667334574294779,1.0,1.0,1.0,0.9808591458979914,0.9808591458979914,0,nominal,0.0,0.0,0.0,0.0,0.0,0.0,0.0,0.0,0.0,0.0,0.0,0.0
15450,3188.380659805561,66.52666911175635,1126.85,71.02644964331563,72.9048284335134,13.595967115773249,6.702263906442854,20.073483271257096,0.5667334574294779,1.0,1.0,1.0,0.9808591458979914,0.9808591458979914,0,nominal,0.0,0.0,0.0,0.0,0.0,0.0,0.0,0.0,0.0,0.0,0.0,0.0
15500,3188.380659805561,66.52456513583985,1126.85,71.02676403705988,72.9048129764015,13.595967115773249,6.702292118334903,20.07356776672773,0.5667334574294779,1.0,1.0,1.0,0.9808591458979914,0.9808591458979914,0,nominal,0.0,0.0,0.0,0.0,0.0,0.0,0.0,0.0,0.0,0.0,0.0,0.0
15550,3188.380659805561,66.52246204591518,1126.85,71.02707739336063,72.90479757021181,13.595967115773249,6.702320236908186,20.073651982705837,0.5667334574294779,1.0,1.0,1.0,0.9808591458979914,0.9808591458979914,0,nominal,0.0,0.0,0.0,0.0,0.0,0.0,0.0,0.0,0.0,0.0,0.0,0.0
15600,3188.380659805561,66.5203598415639,1126.85,71.02738971382661,72.90478221486526,13.595967115773249,6.702348262310612,20.07373591963441,0.5667334574294779,1.0,1.0,1.0,0.9808591458979914,0.9808591458979914,0,nominal,0.0,0.0,0.0,0.0,0.0,0.0,0.0,0.0,0.0,0.0,0.0,0.0
15650,3188.380659805561,66.51825852236777,1126.85,71.02770100006421,72.90476691028296,13.595967115773249,6.702376194689879,20.073819577955803,0.5667334574294779,1.0,1.0,1.0,0.9808591458979914,0.9808591458979914,0,nominal,0.0,0.0,0.0,0.0,0.0,0.0,0.0,0.0,0.0,0.0,0.0,0.0
15700,3188.380659805561,66.51615808790888,1126.85,71.02801125367762,72.90475165638604,13.595967115773249,6.70240403419345,20.073902958111674,0.5667334574294779,1.0,1.0,1.0,0.9808591458979914,0.9808591458979914,0,nominal,0.0,0.0,0.0,0.0,0.0,0.0,0.0,0.0,0.0,0.0,0.0,0.0
15750,3188.380659805561,66.51405853776953,1126.85,71.02832047626885,72.90473645309581,13.595967115773249,6.702431780968578,20.07398606054305,0.5667334574294779,1.0,1.0,1.0,0.9808591458979914,0.9808591458979914,0,nominal,0.0,0.0,0.0,0.0,0.0,0.0,0.0,0.0,0.0,0.0,0.0,0.0
15800,3188.380659805561,66.51195987153227,1126.85,71.02862866943764,72.90472130033368,13.595967115773249,6.702459435162289,20.07406888569028,0.5667334574294779,1.0,1.0,1.0,0.9808591458979914,0.9808591458979914,0,nominal,0.0,0.0,0.0,0.0,0.0,0.0,0.0,0.0,0.0,0.0,0.0,0.0
15850,3188.380659805561,66.50986208877993,1126.85,71.02893583478158,72.90470619802115,13.595967115773249,6.702486996921396,20.074151433993077,0.5667334574294779,1.0,1.0,1.0,0.9808591458979914,0.9808591458979914,0,nominal,0.0,0.0,0.0,0.0,0.0,0.0,0.0,0.0,0.0,0.0,0.0,0.0
15900,3188.380659805561,66.5077651890955,1126.85,71.02924197389603,72.90469114607981,13.595967115773249,6.702514466392498,20.074233705890503,0.5667334574294779,1.0,1.0,1.0,0.9808591458979914,0.9808591458979914,0,nominal,0.0,0.0,0.0,0.0,0.0,0.0,0.0,0.0,0.0,0.0,0.0,0.0
15950,3188.380659805561,66.50566917206231,1126.85,71.0295470883741,72.90467614443142,13.595967115773249,6.70254184372197,20.074315701820957,0.5667334574294779,1.0,1.0,1.0,0.9808591458979914,0.9808591458979914,0,nominal,0.0,0.0,0.0,0.0,0.0,0.0,0.0,0.0,0.0,0.0,0.0,0.0
16000,3188.380659805561,66.50357403726395,1126.85,71.02985117980671,72.90466119299782,13.595967115773249,6.702569129055968,20.074397422222184,0.5667334574294779,1.0,1.0,1.0,0.9808591458979914,0.9808591458979914,0,nominal,0.0,0.0,0.0,0.0,0.0,0.0,0.0,0.0,0.0,0.0,0.0,0.0
16050,3188.380659805561,66.50147978428419,1126.85,71.03015424978258,72.90464629170093,13.595967115773249,6.702596322540437,20.07447886753129,0.5667334574294779,1.0,1.0,1.0,0.9808591458979914,0.9808591458979914,0,nominal,0.0,0.0,0.0,0.0,0.0,0.0,0.0,0.0,0.0,0.0,0.0,0.0
16100,3188.380659805561,66.49938641270711,1126.85,71.03045629988827,72.90463144046281,13.595967115773249,6.70262342432109,20.074560038184696,0.5667334574294779,1.0,1.0,1.0,0.9808591458979914,0.9808591458979914,0,nominal,0.0,0.0,0.0,0.0,0.0,0.0,0.0,0.0,0.0,0.0,0.0,0.0
16150,3188.380659805561,66.49729392211697,1126.85,71.03075733170806,72.90461663920564,13.595967115773249,6.70265043454345,20.074640934618238,0.5667334574294779,1.0,1.0,1.0,0.9808591458979914,0.9808591458979914,0,nominal,0.0,0.0,0.0,0.0,0.0,0.0,0.0,0.0,0.0,0.0,0.0,0.0
16200,3188.380659805561,66.49520231209834,1126.85,71.03105734682413,72.90460188785168,13.595967115773249,6.702677353352793,20.07472155726703,0.5667334574294779,1.0,1.0,1.0,0.9808591458979914,0.9808591458979914,0,nominal,0.0,0.0,0.0,0.0,0.0,0.0,0.0,0.0,0.0,0.0,0.0,0.0
16250,3188.380659805561,66.493111582236,1126.85,71.03135634681644,72.90458718632331,13.595967115773249,6.702704180894207,20.074801906565607,0.5667334574294779,1.0,1.0,1.0,0.9808591458979914,0.9808591458979914,0,nominal,0.0,0.0,0.0,0.0,0.0,0.0,0.0,0.0,0.0,0.0,0.0,0.0
16300,3188.380659805561,66.49102173211497,1126.85,71.03165433326274,72.90457253454304,13.595967115773249,6.702730917312546,20.07488198294782,0.5667334574294779,1.0,1.0,1.0,0.9808591458979914,0.9808591458979914,0,nominal,0.0,0.0,0.0,0.0,0.0,0.0,0.0,0.0,0.0,0.0,0.0,0.0
16350,3188.380659805561,66.4889327613206,1126.85,71.03195130773855,72.90455793243343,13.595967115773249,6.702757562752457,20.074961786846888,0.5667334574294779,1.0,1.0,1.0,0.9808591458979914,0.9808591458979914,0,nominal,0.0,0.0,0.0,0.0,0.0,0.0,0.0,0.0,0.0,0.0,0.0,0.0
16400,3188.380659805561,66.48684466943843,1126.85,71.03224727181731,72.90454337991723,13.595967115773249,6.7027841173583695,20.07504131869538,0.5667334574294779,1.0,1.0,1.0,0.9808591458979914,0.9808591458979914,0,nominal,0.0,0.0,0.0,0.0,0.0,0.0,0.0,0.0,0.0,0.0,0.0,0.0
16450,3188.380659805561,66.48475745605424,1126.85,71.03254222707022,72.90452887691723,13.595967115773249,6.702810581274494,20.07512057892521,0.5667334574294779,1.0,1.0,1.0,0.9808591458979914,0.9808591458979914,0,nominal,0.0,0.0,0.0,0.0,0.0,0.0,0.0,0.0,0.0,0.0,0.0,0.0
16500,3188.380659805561,66.48267112075405,1126.85,71.03283617506634,72.90451442335633,13.595967115773249,6.7028369546448365,20.075199567967687,0.5667334574294779,1.0,1.0,1.0,0.9808591458979914,0.9808591458979914,0,nominal,0.0,0.0,0.0,0.0,0.0,0.0,0.0,0.0,0.0,0.0,0.0,0.0
16550,3188.380659805561,66.48058566312415,1126.85,71.03312911737254,72.90450001915762,13.595967115773249,6.702863237613185,20.07527828625345,0.5667334574294779,1.0,1.0,1.0,0.9808591458979914,0.9808591458979914,0,nominal,0.0,0.0,0.0,0.0,0.0,0.0,0.0,0.0,0.0,0.0,0.0,0.0
16600,3188.380659805561,66.47850108275105,1126.85,71.0334210555535,72.90448566424419,13.595967115773249,6.7028894303231095,20.0753567342125,0.5667334574294779,1.0,1.0,1.0,0.9808591458979914,0.9808591458979914,0,nominal,0.0,0.0,0.0,0.0,0.0,0.0,0.0,0.0,0.0,0.0,0.0,0.0
16650,3188.380659805561,66.47641737922157,1126.85,71.03371199117174,72.9044713585393,13.595967115773249,6.7029155329179755,20.07543491227423,0.5667334574294779,1.0,1.0,1.0,0.9808591458979914,0.9808591458979914,0,nominal,0.0,0.0,0.0,0.0,0.0,0.0,0.0,0.0,0.0,0.0,0.0,0.0
16700,3188.380659805561,66.47433455212274,1126.85,71.03400192578766,72.90445710196627,13.595967115773249,6.70294154554093,20.075512820867356,0.5667334574294779,1.0,1.0,1.0,0.9808591458979914,0.9808591458979914,0,nominal,0.0,0.0,0.0,0.0,0.0,0.0,0.0,0.0,0.0,0.0,0.0,0.0
16750,3188.380659805561,66.47225260104182,1126.85,71.03429086095946,72.90444289444862,13.595967115773249,6.702967468334904,20.075590460419967,0.5667334574294779,1.0,1.0,1.0,0.9808591458979914,0.9808591458979914,0,nominal,0.0,0.0,0.0,0.0,0.0,0.0,0.0,0.0,0.0,0.0,0.0,0.0
16800,3188.380659805561,66.47017152556634,1126.85,71.03457879824316,72.90442873590987,13.595967115773249,6.702993301442627,20.075667831359542,0.5667334574294779,1.0,1.0,1.0,0.9808591458979914,0.9808591458979914,0,nominal,0.0,0.0,0.0,0.0,0.0,0.0,0.0,0.0,0.0,0.0,0.0,0.0
16850,3188.380659805561,66.46809132528404,1126.85,71.03486573919264,72.9044146262737,13.595967115773249,6.703019045006604,20.075744934112887,0.5667334574294779,1.0,1.0,1.0,0.9808591458979914,0.9808591458979914,0,nominal,0.0,0.0,0.0,0.0,0.0,0.0,0.0,0.0,0.0,0.0,0.0,0.0
16900,3188.380659805561,66.46601199978295,1126.85,71.03515168535972,72.9044005654639,13.595967115773249,6.703044699169138,20.075821769106206,0.5667334574294779,1.0,1.0,1.0,0.9808591458979914,0.9808591458979914,0,nominal,0.0,0.0,0.0,0.0,0.0,0.0,0.0,0.0,0.0,0.0,0.0,0.0
16950,3188.380659805561,66.46393354865131,1126.85,71.03543663829396,72.90438655340436,13.595967115773249,6.703070264072321,20.075898336765068,0.5667334574294779,1.0,1.0,1.0,0.9808591458979914,0.9808591458979914,0,nominal,0.0,0.0,0.0,0.0,0.0,0.0,0.0,0.0,0.0,0.0,0.0,0.0
17000,3188.380659805561,66.46185597147769,1126.85,71.0357205995428,72.90437259001905,13.595967115773249,6.703095739858029,20.075974637514392,0.5667334574294779,1.0,1.0,1.0,0.9808591458979914,0.9808591458979914,0,nominal,0.0,0.0,0.0,0.0,0.0,0.0,0.0,0.0,0.0,0.0,0.0,0.0
17050,3188.380659805561,66.45977926785076,1126.85,71.03600357065153,72.90435867523209,13.595967115773249,6.703121126667931,20.076050671778482,0.5667334574294779,1.0,1.0,1.0,0.9808591458979914,0.9808591458979914,0,nominal,0.0,0.0,0.0,0.0,0.0,0.0,0.0,0.0,0.0,0.0,0.0,0.0
17100,3188.380659805561,66.45770343735956,1126.85,71.03628555316334,72.90434480896768,13.595967115773249,6.703146424643482,20.076126439981007,0.5667334574294779,1.0,1.0,1.0,0.9808591458979914,0.9808591458979914,0,nominal,0.0,0.0,0.0,0.0,0.0,0.0,0.0,0.0,0.0,0.0,0.0,0.0
17150,3188.380659805561,66.45562847959332,1126.85,71.03656654861925,72.90433099115012,13.595967115773249,6.703171633925935,20.076201942545012,0.5667334574294779,1.0,1.0,1.0,0.9808591458979914,0.9808591458979914,0,nominal,0.0,0.0,0.0,0.0,0.0,0.0,0.0,0.0,0.0,0.0,0.0,0.0
17200,3188.380659805561,66.45355439414152,1126.85,71.03684655855818,72.90431722170382,13.595967115773249,6.7031967546563225,20.076277179892905,0.5667334574294779,1.0,1.0,1.0,0.9808591458979914,0.9808591458979914,0,nominal,0.0,0.0,0.0,0.0,0.0,0.0,0.0,0.0,0.0,0.0,0.0,0.0
17250,3188.380659805561,66.45148118059387,1126.85,71.0371255845169,72.90430350055333,13.595967115773249,6.703221786975481,20.076352152446493,0.5667334574294779,1.0,1.0,1.0,0.9808591458979914,0.9808591458979914,0,nominal,0.0,0.0,0.0,0.0,0.0,0.0,0.0,0.0,0.0,0.0,0.0,0.0
17300,3188.380659805561,66.44940883854036,1126.85,71.03740362803,72.90428982762323,13.595967115773249,6.703246731024028,20.076426860626924,0.5667334574294779,1.0,1.0,1.0,0.9808591458979914,0.9808591458979914,0,nominal,0.0,0.0,0.0,0.0,0.0,0.0,0.0,0.0,0.0,0.0,0.0,0.0
17350,3188.380659805561,66.44733736757127,1126.85,71.03768069063005,72.90427620283829,13.595967115773249,6.7032715869423765,20.076501304854744,0.5667334574294779,1.0,1.0,1.0,0.9808591458979914,0.9808591458979914,0,nominal,0.0,0.0,0.0,0.0,0.0,0.0,0.0,0.0,0.0,0.0,0.0,0.0
17400,3188.380659805561,66.44526676727696,1126.85,71.03795677384738,72.90426262612334,13.595967115773249,6.703296354870734,20.076575485549878,0.5667334574294779,1.0,1.0,1.0,0.9808591458979914,0.9808591458979914,0,nominal,0.0,0.0,0.0,0.0,0.0,0.0,0.0,0.0,0.0,0.0,0.0,0.0
17450,3188.380659805561,66.44319703724824,1126.85,71.03823187921029,72.90424909740331,13.595967115773249,6.70332103494909,20.076649403131597,0.5667334574294779,1.0,1.0,1.0,0.9808591458979914,0.9808591458979914,0,nominal,0.0,0.0,0.0,0.0,0.0,0.0,0.0,0.0,0.0,0.0,0.0,0.0
17500,3188.380659805561,66.441128177076,1126.85,71.03850600824495,72.90423561660326,13.595967115773249,6.703345627317238,20.076723058018587,0.5667334574294779,1.0,1.0,1.0,0.9808591458979914,0.9808591458979914,0,nominal,0.0,0.0,0.0,0.0,0.0,0.0,0.0,0.0,0.0,0.0,0.0,0.0
17550,3188.380659805561,66.43906018635141,1126.85,71.03877916247541,72.90422218364833,13.595967115773249,6.703370132114762,20.076796450628912,0.5667334574294779,1.0,1.0,1.0,0.9808591458979914,0.9808591458979914,0,nominal,0.0,0.0,0.0,0.0,0.0,0.0,0.0,0.0,0.0,0.0,0.0,0.0
17600,3188.380659805561,66.43699306466596,1126.85,71.03905134342358,72.90420879846377,13.595967115773249,6.703394549481039,20.076869581380002,0.5667334574294779,1.0,1.0,1.0,0.9808591458979914,0.9808591458979914,0,nominal,0.0,0.0,0.0,0.0,0.0,0.0,0.0,0.0,0.0,0.0,0.0,0.0
17650,3188.380659805561,66.43492681161132,1126.85,71.03932255260929,72.90419546097496,13.595967115773249,6.703418879555233,20.076942450688666,0.5667334574294779,1.0,1.0,1.0,0.9808591458979914,0.9808591458979914,0,nominal,0.0,0.0,0.0,0.0,0.0,0.0,0.0,0.0,0.0,0.0,0.0,0.0
17700,3188.380659805561,66.43286142677937,1126.85,71.03959279155026,72.90418217110735,13.595967115773249,6.703443122476313,20.077015058971106,0.5667334574294779,1.0,1.0,1.0,0.9808591458979914,0.9808591458979914,0,nominal,0.0,0.0,0.0,0.0,0.0,0.0,0.0,0.0,0.0,0.0,0.0,0.0
17750,3188.380659805561,66.43079690976236,1126.85,71.03986206176211,72.9041689287865,13.595967115773249,6.703467278383032,20.07708740664291,0.5667334574294779,1.0,1.0,1.0,0.9808591458979914,0.9808591458979914,0,nominal,0.0,0.0,0.0,0.0,0.0,0.0,0.0,0.0,0.0,0.0,0.0,0.0
17800,3188.380659805561,66.42873326015263,1126.85,71.04013036475834,72.90415573393811,13.595967115773249,6.703491347413948,20.077159494119048,0.5667334574294779,1.0,1.0,1.0,0.9808591458979914,0.9808591458979914,0,nominal,0.0,0.0,0.0,0.0,0.0,0.0,0.0,0.0,0.0,0.0,0.0,0.0
17850,3188.380659805561,66.42667047754287,1126.85,71.04039770205043,72.90414258648792,13.595967115773249,6.703515329707397,20.07723132181385,0.5667334574294779,1.0,1.0,1.0,0.9808591458979914,0.9808591458979914,0,nominal,0.0,0.0,0.0,0.0,0.0,0.0,0.0,0.0,0.0,0.0,0.0,0.0
17900,3188.380659805561,66.42460856152599,1126.85,71.04066407514767,72.90412948636184,13.595967115773249,6.703539225401533,20.07730289014109,0.5667334574294779,1.0,1.0,1.0,0.9808591458979914,0.9808591458979914,0,nominal,0.0,0.0,0.0,0.0,0.0,0.0,0.0,0.0,0.0,0.0,0.0,0.0
17950,3188.380659805561,66.42254751169509,1126.85,71.04092948555729,72.90411643348583,13.595967115773249,6.703563034634291,20.077374199513883,0.5667334574294779,1.0,1.0,1.0,0.9808591458979914,0.9808591458979914,0,nominal,0.0,0.0,0.0,0.0,0.0,0.0,0.0,0.0,0.0,0.0,0.0,0.0
18000,3188.380659805561,66.42048732764351,1126.85,71.04119393478447,72.90410342778596,13.595967115773249,6.703586757543398,20.077445250344734,0.5667334574294779,1.0,1.0,1.0,0.9808591458979914,0.9808591458979914,0,nominal,0.0,0.0,0.0,0.0,0.0,0.0,0.0,0.0,0.0,0.0,0.0,0.0
18050,3188.380659805561,66.41842800896495,1126.85,71.0414574243323,72.90409046918846,13.595967115773249,6.703610394266393,20.077516043045563,0.5667334574294779,1.0,1.0,1.0,0.9808591458979914,0.9808591458979914,0,nominal,0.0,0.0,0.0,0.0,0.0,0.0,0.0,0.0,0.0,0.0,0.0,0.0
18100,3188.380659805561,66.41636955525325,1126.85,71.0417199557017,72.9040775576196,13.595967115773249,6.7036339449405995,20.07758657802767,0.5667334574294779,1.0,1.0,1.0,0.9808591458979914,0.9808591458979914,0,nominal,0.0,0.0,0.0,0.0,0.0,0.0,0.0,0.0,0.0,0.0,0.0,0.0
18150,3188.380659805561,66.4143119661025,1126.85,71.04198153039164,72.90406469300578,13.595967115773249,6.703657409703139,20.077656855701733,0.5667334574294779,1.0,1.0,1.0,0.9808591458979914,0.9808591458979914,0,nominal,0.0,0.0,0.0,0.0,0.0,0.0,0.0,0.0,0.0,0.0,0.0,0.0
18200,3188.380659805561,66.41225524110706,1126.85,71.04224214989893,72.90405187527348,13.595967115773249,6.7036807886909315,20.077726876477833,0.5667334574294779,1.0,1.0,1.0,0.9808591458979914,0.9808591458979914,0,nominal,0.0,0.0,0.0,0.0,0.0,0.0,0.0,0.0,0.0,0.0,0.0,0.0
18250,3188.380659805561,66.41019937986147,1126.85,71.04250181571831,72.90403910434934,13.595967115773249,6.7037040820407,20.077796640765456,0.5667334574294779,1.0,1.0,1.0,0.9808591458979914,0.9808591458979914,0,nominal,0.0,0.0,0.0,0.0,0.0,0.0,0.0,0.0,0.0,0.0,0.0,0.0
18300,3188.380659805561,66.4081443819606,1126.85,71.0427605293425,72.90402638016,13.595967115773249,6.703727289888955,20.077866148973463,0.5667334574294779,1.0,1.0,1.0,0.9808591458979914,0.9808591458979914,0,nominal,0.0,0.0,0.0,0.0,0.0,0.0,0.0,0.0,0.0,0.0,0.0,0.0
18350,3188.380659805561,66.4060902469995,1126.85,71.0430182922621,72.90401370263233,13.595967115773249,6.703750412372015,20.077935401510125,0.5667334574294779,1.0,1.0,1.0,0.9808591458979914,0.9808591458979914,0,nominal,0.0,0.0,0.0,0.0,0.0,0.0,0.0,0.0,0.0,0.0,0.0,0.0
18400,3188.380659805561,66.4040369745735,1126.85,71.04327510596568,72.90400107169317,13.595967115773249,6.703773449625989,20.078004398783094,0.5667334574294779,1.0,1.0,1.0,0.9808591458979914,0.9808591458979914,0,nominal,0.0,0.0,0.0,0.0,0.0,0.0,0.0,0.0,0.0,0.0,0.0,0.0
18450,3188.380659805561,66.40198456427811,1126.85,71.04353097193973,72.90398848726959,13.595967115773249,6.703796401786788,20.078073141199425,0.5667334574294779,1.0,1.0,1.0,0.9808591458979914,0.9808591458979914,0,nominal,0.0,0.0,0.0,0.0,0.0,0.0,0.0,0.0,0.0,0.0,0.0,0.0
18500,3188.380659805561,66.39993301570917,1126.85,71.04378589166868,72.90397594928866,13.595967115773249,6.703819268990125,20.078141629165586,0.5667334574294779,1.0,1.0,1.0,0.9808591458979914,0.9808591458979914,0,nominal,0.0,0.0,0.0,0.0,0.0,0.0,0.0,0.0,0.0,0.0,0.0,0.0
18550,3188.380659805561,66.39788232846263,1126.85,71.04403986663493,72.9039634576776,13.595967115773249,6.703842051371509,20.078209863087437,0.5667334574294779,1.0,1.0,1.0,0.9808591458979914,0.9808591458979914,0,nominal,0.0,0.0,0.0,0.0,0.0,0.0,0.0,0.0,0.0,0.0,0.0,0.0
18600,3188.380659805561,66.3958325021348,1126.85,71.04429289831882,72.90395101236372,13.595967115773249,6.70386474906625,20.078277843370227,0.5667334574294779,1.0,1.0,1.0,0.9808591458979914,0.9808591458979914,0,nominal,0.0,0.0,0.0,0.0,0.0,0.0,0.0,0.0,0.0,0.0,0.0,0.0
18650,3188.380659805561,66.39378353632219,1126.85,71.0445449881986,72.90393861327445,13.595967115773249,6.7038873622094615,20.078345570418623,0.5667334574294779,1.0,1.0,1.0,0.9808591458979914,0.9808591458979914,0,nominal,0.0,0.0,0.0,0.0,0.0,0.0,0.0,0.0,0.0,0.0,0.0,0.0
18700,3188.380659805561,66.39173543062157,1126.85,71.04479613775055,72.90392626033729,13.595967115773249,6.703909890936046,20.07841304463667,0.5667334574294779,1.0,1.0,1.0,0.9808591458979914,0.9808591458979914,0,nominal,0.0,0.0,0.0,0.0,0.0,0.0,0.0,0.0,0.0,0.0,0.0,0.0
18750,3188.380659805561,66.38968818462985,1126.85,71.0450463484488,72.90391395347986,13.595967115773249,6.703932335380725,20.078480266427853,0.5667334574294779,1.0,1.0,1.0,0.9808591458979914,0.9808591458979914,0,nominal,0.0,0.0,0.0,0.0,0.0,0.0,0.0,0.0,0.0,0.0,0.0,0.0
18800,3188.380659805561,66.3876417979443,1126.85,71.04529562176555,72.90390169262987,13.595967115773249,6.7039546956780045,20.078547236195032,0.5667334574294779,1.0,1.0,1.0,0.9808591458979914,0.9808591458979914,0,nominal,0.0,0.0,0.0,0.0,0.0,0.0,0.0,0.0,0.0,0.0,0.0,0.0
18850,3188.380659805561,66.38559627016241,1126.85,71.04554395917086,72.90388947771515,13.595967115773249,6.703976971962194,20.078613954340465,0.5667334574294779,1.0,1.0,1.0,0.9808591458979914,0.9808591458979914,0,nominal,0.0,0.0,0.0,0.0,0.0,0.0,0.0,0.0,0.0,0.0,0.0,0.0
18900,3188.380659805561,66.38355160088184,1126.85,71.04579136213283,72.90387730866361,13.595967115773249,6.70399916436742,20.078680421265858,0.5667334574294779,1.0,1.0,1.0,0.9808591458979914,0.9808591458979914,0,nominal,0.0,0.0,0.0,0.0,0.0,0.0,0.0,0.0,0.0,0.0,0.0,0.0
18950,3188.380659805561,66.38150778970055,1126.85,71.04603783211746,72.90386518540328,13.595967115773249,6.704021273027591,20.07874663737228,0.5667334574294779,1.0,1.0,1.0,0.9808591458979914,0.9808591458979914,0,nominal,0.0,0.0,0.0,0.0,0.0,0.0,0.0,0.0,0.0,0.0,0.0,0.0
19000,3188.380659805561,66.3794648362167,1126.85,71.04628337058875,72.90385310786226,13.595967115773249,6.704043298076424,20.078812603060214,0.5667334574294779,1.0,1.0,1.0,0.9808591458979914,0.9808591458979914,0,nominal,0.0,0.0,0.0,0.0,0.0,0.0,0.0,0.0,0.0,0.0,0.0,0.0
19050,3188.380659805561,66.37742274002869,1126.85,71.04652797900872,72.90384107596878,13.595967115773249,6.704065239647445,20.078878318729572,0.5667334574294779,1.0,1.0,1.0,0.9808591458979914,0.9808591458979914,0,nominal,0.0,0.0,0.0,0.0,0.0,0.0,0.0,0.0,0.0,0.0,0.0,0.0
19100,3188.380659805561,66.37538150073522,1126.85,71.04677165883732,72.90382908965117,13.595967115773249,6.704087097873976,20.07894378477966,0.5667334574294779,1.0,1.0,1.0,0.9808591458979914,0.9808591458979914,0,nominal,0.0,0.0,0.0,0.0,0.0,0.0,0.0,0.0,0.0,0.0,0.0,0.0
19150,3188.380659805561,66.37334111793513,1126.85,71.04701441153247,72.90381714883783,13.595967115773249,6.704108872889153,20.079009001609226,0.5667334574294779,1.0,1.0,1.0,0.9808591458979914,0.9808591458979914,0,nominal,0.0,0.0,0.0,0.0,0.0,0.0,0.0,0.0,0.0,0.0,0.0,0.0
19200,3188.380659805561,66.37130159122756,1126.85,71.04725623855006,72.9038052534573,13.595967115773249,6.704130564825901,20.07907396961638,0.5667334574294779,1.0,1.0,1.0,0.9808591458979914,0.9808591458979914,0,nominal,0.0,0.0,0.0,0.0,0.0,0.0,0.0,0.0,0.0,0.0,0.0,0.0
19250,3188.380659805561,66.3692629202119,1126.85,71.04749714134402,72.90379340343819,13.595967115773249,6.704152173816958,20.079138689198682,0.5667334574294779,1.0,1.0,1.0,0.9808591458979914,0.9808591458979914,0,nominal,0.0,0.0,0.0,0.0,0.0,0.0,0.0,0.0,0.0,0.0,0.0,0.0
19300,3188.380659805561,66.36722510448772,1126.85,71.04773712136625,72.90378159870919,13.595967115773249,6.704173699994864,20.079203160753085,0.5667334574294779,1.0,1.0,1.0,0.9808591458979914,0.9808591458979914,0,nominal,0.0,0.0,0.0,0.0,0.0,0.0,0.0,0.0,0.0,0.0,0.0,0.0
19350,3188.380659805561,66.3651881436549,1126.85,71.04797618006654,72.90376983919916,13.595967115773249,6.704195143491962,20.079267384675973,0.5667334574294779,1.0,1.0,1.0,0.9808591458979914,0.9808591458979914,0,nominal,0.0,0.0,0.0,0.0,0.0,0.0,0.0,0.0,0.0,0.0,0.0,0.0
19400,3188.380659805561,66.36315203731351,1126.85,71.0482143188928,72.90375812483698,13.595967115773249,6.704216504440401,20.079331361363124,0.5667334574294779,1.0,1.0,1.0,0.9808591458979914,0.9808591458979914,0,nominal,0.0,0.0,0.0,0.0,0.0,0.0,0.0,0.0,0.0,0.0,0.0,0.0
19450,3188.380659805561,66.36111678506381,1126.85,71.04845153929091,72.9037464555517,13.595967115773249,6.704237782972137,20.079395091209754,0.5667334574294779,1.0,1.0,1.0,0.9808591458979914,0.9808591458979914,0,nominal,0.0,0.0,0.0,0.0,0.0,0.0,0.0,0.0,0.0,0.0,0.0,0.0
19500,3188.380659805561,66.35908238650637,1126.85,71.04868784270468,72.90373483127242,13.595967115773249,6.7042589792189275,20.079458574610484,0.5667334574294779,1.0,1.0,1.0,0.9808591458979914,0.9808591458979914,0,nominal,0.0,0.0,0.0,0.0,0.0,0.0,0.0,0.0,0.0,0.0,0.0,0.0
19550,3188.380659805561,66.35704884124198,1126.85,71.04892323057601,72.90372325192833,13.595967115773249,6.70428009331234,20.07952181195936,0.5667334574294779,1.0,1.0,1.0,0.9808591458979914,0.9808591458979914,0,nominal,0.0,0.0,0.0,0.0,0.0,0.0,0.0,0.0,0.0,0.0,0.0,0.0
19600,3188.380659805561,66.35501614887164,1126.85,71.04915770434468,72.90371171744877,13.595967115773249,6.704301125383746,20.07958480364984,0.5667334574294779,1.0,1.0,1.0,0.9808591458979914,0.9808591458979914,0,nominal,0.0,0.0,0.0,0.0,0.0,0.0,0.0,0.0,0.0,0.0,0.0,0.0
19650,3188.380659805561,66.35298430899667,1126.85,71.0493912654486,72.90370022776315,13.595967115773249,6.704322075564316,20.079647550074792,0.5667334574294779,1.0,1.0,1.0,0.9808591458979914,0.9808591458979914,0,nominal,0.0,0.0,0.0,0.0,0.0,0.0,0.0,0.0,0.0,0.0,0.0,0.0
19700,3188.380659805561,66.35095332121847,1126.85,71.04962391532365,72.90368878280097,13.595967115773249,6.704342943985046,20.079710051626545,0.5667334574294779,1.0,1.0,1.0,0.9808591458979914,0.9808591458979914,0,nominal,0.0,0.0,0.0,0.0,0.0,0.0,0.0,0.0,0.0,0.0,0.0,0.0
19750,3188.380659805561,66.34892318513886,1126.85,71.04985565540369,72.90367738249182,13.595967115773249,6.704363730776718,20.079772308696803,0.5667334574294779,1.0,1.0,1.0,0.9808591458979914,0.9808591458979914,0,nominal,0.0,0.0,0.0,0.0,0.0,0.0,0.0,0.0,0.0,0.0,0.0,0.0
19800,3188.380659805561,66.3468939003597,1126.85,71.05008648712061,72.90366602676545,13.595967115773249,6.704384436069935,20.079834321676717,0.5667334574294779,1.0,1.0,1.0,0.9808591458979914,0.9808591458979914,0,nominal,0.0,0.0,0.0,0.0,0.0,0.0,0.0,0.0,0.0,0.0,0.0,0.0
19850,3188.380659805561,66.34486546648327,1126.85,71.05031641190436,72.90365471555162,13.595967115773249,6.7044050599951035,20.07989609095686,0.5667334574294779,1.0,1.0,1.0,0.9808591458979914,0.9808591458979914,0,nominal,0.0,0.0,0.0,0.0,0.0,0.0,0.0,0.0,0.0,0.0,0.0,0.0
19900,3188.380659805561,66.34283788311194,1126.85,71.05054543118285,72.90364344878024,13.595967115773249,6.704425602682438,20.07995761692724,0.5667334574294779,1.0,1.0,1.0,0.9808591458979914,0.9808591458979914,0,nominal,0.0,0.0,0.0,0.0,0.0,0.0,0.0,0.0,0.0,0.0,0.0,0.0
19950,3188.380659805561,66.34081114984843,1126.85,71.050773546382,72.90363222638132,13.595967115773249,6.704446064261961,20.08001889997726,0.5667334574294779,1.0,1.0,1.0,0.9808591458979914,0.9808591458979914,0,nominal,0.0,0.0,0.0,0.0,0.0,0.0,0.0,0.0,0.0,0.0,0.0,0.0
20000,3188.380659805561,66.33878526629559,1126.85,71.0510007589258,72.90362104828493,13.595967115773249,6.704466444863495,20.080079940495764,0.5667334574294779,1.0,1.0,1.0,0.9808591458979914,0.9808591458979914,0,nominal,0.0,0.0,0.0,0.0,0.0,0.0,0.0,0.0,0.0,0.0,0.0,0.0
20050,3188.380659805561,66.33675971360617,1126.85,71.05122859754545,72.9036099144213,13.595967115773249,6.702239114367852,20.07340901824203,0.5666466709354425,1.0,1.0,1.0,0.9808591458979914,0.9808591458979914,0,nominal,0.0,0.0,0.0,0.0,0.0,0.0,0.0,0.0,0.0,0.0,0.0,0.0
20100,3188.380659805561,66.33473449184288,1126.85,71.05145706172209,72.90359874987954,13.595967115773249,6.700012211960342,20.06673937812522,0.566559903284793,1.0,1.0,1.0,0.9808591458979914,0.9808591458979914,0,nominal,0.0,0.0,0.0,0.0,0.0,0.0,0.0,0.0,0.0,0.0,0.0,0.0
20150,3188.380659805561,66.33270960106836,1126.85,71.0516861509376,72.90358755468505,13.595967115773249,6.697785737545746,20.06007101986014,0.566473154475539,1.0,1.0,1.0,0.9808591458979914,0.9808591458979914,0,nominal,0.0,0.0,0.0,0.0,0.0,0.0,0.0,0.0,0.0,0.0,0.0,0.0
20200,3188.380659805561,66.33068504134525,1126.85,71.05191586467453,72.90357632886321,13.595967115773249,6.695559691028922,20.05340394316184,0.5663864245056905,1.0,1.0,1.0,0.9808591458979914,0.9808591458979914,0,nominal,0.0,0.0,0.0,0.0,0.0,0.0,0.0,0.0,0.0,0.0,0.0,0.0
20250,3188.380659805561,66.32866081273608,1126.85,71.05214620241622,72.90356507243938,13.595967115773249,6.693334072314761,20.046738147745465,0.5662997133732566,1.0,1.0,1.0,0.9808591458979914,0.9808591458979914,0,nominal,0.0,0.0,0.0,0.0,0.0,0.0,0.0,0.0,0.0,0.0,0.0,0.0
20300,3188.380659805561,66.32663691530331,1126.85,71.05237716364684,72.90355378543886,13.595967115773249,6.691108881308271,20.040073633326507,0.5662130210762477,1.0,1.0,1.0,0.9808591458979914,0.9808591458979914,0,nominal,0.0,0.0,0.0,0.0,0.0,0.0,0.0,0.0,0.0,0.0,0.0,0.0
20350,3188.380659805561,66.32461334910948,1126.85,71.05260874785114,72.9035424678869,13.595967115773249,6.6888841179144904,20.03341039962056,0.5661263476126732,1.0,1.0,1.0,0.9808591458979914,0.9808591458979914,0,nominal,0.0,0.0,0.0,0.0,0.0,0.0,0.0,0.0,0.0,0.0,0.0,0.0
20400,3188.380659805561,66.3225901142169,1126.85,71.05284095451469,72.90353111980875,13.595967115773249,6.686659782038544,20.02674844634347,0.5660396929805431,1.0,1.0,1.0,0.9808591458979914,0.9808591458979914,0,nominal,0.0,0.0,0.0,0.0,0.0,0.0,0.0,0.0,0.0,0.0,0.0,0.0
20450,3188.380659805561,66.32056721068795,1126.85,71.0530737831238,72.90351974122957,13.595967115773249,6.684435873585619,20.020087773211262,0.565953057177867,1.0,1.0,1.0,0.9808591458979914,0.9808591458979914,0,nominal,0.0,0.0,0.0,0.0,0.0,0.0,0.0,0.0,0.0,0.0,0.0,0.0
20500,3188.380659805561,66.31854463858491,1126.85,71.05330723316553,72.90350833217457,13.595967115773249,6.682212392460956,20.013428379940137,0.5658664402026548,1.0,1.0,1.0,0.9808591458979914,0.9808591458979914,0,nominal,0.0,0.0,0.0,0.0,0.0,0.0,0.0,0.0,0.0,0.0,0.0,0.0
20550,3188.380659805561,66.31652239797,1126.85,71.05354130412763,72.90349689266881,13.595967115773249,6.679989338569893,20.006770266246576,0.5657798420529162,1.0,1.0,1.0,0.9808591458979914,0.9808591458979914,0,nominal,0.0,0.0,0.0,0.0,0.0,0.0,0.0,0.0,0.0,0.0,0.0,0.0
20600,3188.380659805561,66.31450048890542,1126.85,71.05377599549865,72.90348542273743,13.595967115773249,6.677766711817815,20.0001134318472,0.5656932627266612,1.0,1.0,1.0,0.9808591458979914,0.9808591458979914,0,nominal,0.0,0.0,0.0,0.0,0.0,0.0,0.0,0.0,0.0,0.0,0.0,0.0
20650,3188.380659805561,66.3124789114533,1126.85,71.05401130676785,72.90347392240544,13.595967115773249,6.6755445121101715,19.993457876458834,0.5656067022218995,1.0,1.0,1.0,0.9808591458979914,0.9808591458979914,0,nominal,0.0,0.0,0.0,0.0,0.0,0.0,0.0,0.0,0.0,0.0,0.0,0.0
20700,3188.380659805561,66.3104576656757,1126.85,71.05424723742516,72.90346239169786,13.595967115773249,6.673322739352499,19.98680359979856,0.5655201605366411,1.0,1.0,1.0,0.9808591458979914,0.9808591458979914,0,nominal,0.0,0.0,0.0,0.0,0.0,0.0,0.0,0.0,0.0,0.0,0.0,0.0
20750,3188.380659805561,66.30843675163464,1126.85,71.05448378696133,72.90345083063967,13.595967115773249,6.671101393450374,19.98015060158356,0.5654336376688958,1.0,1.0,1.0,0.9808591458979914,0.9808591458979914,0,nominal,0.0,0.0,0.0,0.0,0.0,0.0,0.0,0.0,0.0,0.0,0.0,0.0
20800,3188.380659805561,66.3064161693921,1126.85,71.05472095486783,72.9034392392558,13.595967115773249,6.668880474309461,19.973498881531317,0.5653471336166735,1.0,1.0,1.0,0.9808591458979914,0.9808591458979914,0,nominal,0.0,0.0,0.0,0.0,0.0,0.0,0.0,0.0,0.0,0.0,0.0,0.0
20850,3188.380659805561,66.30439591900995,1126.85,71.05495874063678,72.90342761757117,13.595967115773249,6.666659981835488,19.96684843935947,0.5652606483779841,1.0,1.0,1.0,0.9808591458979914,0.9808591458979914,0,nominal,0.0,0.0,0.0,0.0,0.0,0.0,0.0,0.0,0.0,0.0,0.0,0.0
20900,3188.380659805561,66.30237600055011,1126.85,71.05519714376112,72.90341596561063,13.595967115773247,6.664439915934241,19.96019927478585,0.5651741819508377,1.0,1.0,0.9999999999999996,0.9808591458979913,0.9808591458979913,0,nominal,0.0,0.0,0.0,0.0,0.0,0.0,0.0,0.0,0.0,0.0,0.0,0.0
20950,3188.380659805561,66.30035641407432,1126.85,71.05543616373444,72.90340428339903,13.595967115773249,6.662220276511576,19.953551387528496,0.5650877343332438,1.0,1.0,1.0,0.9808591458979914,0.9808591458979914,0,nominal,0.0,0.0,0.0,0.0,0.0,0.0,0.0,0.0,0.0,0.0,0.0,0.0
21000,3188.380659805561,66.2983371596444,1126.85,71.05567580005112,72.90339257096115,13.595967115773249,6.660001063473411,19.94690477730562,0.5650013055232125,1.0,1.0,1.0,0.9808591458979914,0.9808591458979914,0,nominal,0.0,0.0,0.0,0.0,0.0,0.0,0.0,0.0,0.0,0.0,0.0,0.0
21050,3188.380659805561,66.296318237322,1126.85,71.05591605220627,72.90338082832174,13.595967115773249,6.657782276725753,19.940259443835718,0.564914895518754,1.0,1.0,1.0,0.9808591458979914,0.9808591458979914,0,nominal,0.0,0.0,0.0,0.0,0.0,0.0,0.0,0.0,0.0,0.0,0.0,0.0
21100,3188.380659805561,66.29429964716877,1126.85,71.0561569196957,72.90336905550555,13.595967115773249,6.655563916174654,19.93361538683741,0.5648285043178781,1.0,1.0,1.0,0.9808591458979914,0.9808591458979914,0,nominal,0.0,0.0,0.0,0.0,0.0,0.0,0.0,0.0,0.0,0.0,0.0,0.0
21150,3188.380659805561,66.29228138924634,1126.85,71.05639840201587,72.90335725253723,13.595967115773247,6.65334598172623,19.926972606029512,0.5647421319185947,1.0,1.0,0.9999999999999996,0.9808591458979913,0.9808591458979913,0,nominal,0.0,0.0,0.0,0.0,0.0,0.0,0.0,0.0,0.0,0.0,0.0,0.0
21200,3188.380659805561,66.29026346361627,1126.85,71.05664049866414,72.90334541944146,13.595967115773249,6.6511284732866836,19.920331101131097,0.5646557783189139,1.0,1.0,1.0,0.9808591458979914,0.9808591458979914,0,nominal,0.0,0.0,0.0,0.0,0.0,0.0,0.0,0.0,0.0,0.0,0.0,0.0
21250,3188.380659805561,66.28824587034,1126.85,71.05688320913839,72.90333355624286,13.595967115773249,6.648911390762251,19.913690871861345,0.5645694435168453,1.0,1.0,1.0,0.9808591458979914,0.9808591458979914,0,nominal,0.0,0.0,0.0,0.0,0.0,0.0,0.0,0.0,0.0,0.0,0.0,0.0
21300,3188.380659805561,66.286228609479,1126.85,71.05712653293739,72.90332166296598,13.595967115773249,6.646694734059268,19.907051917939715,0.5644831275103994,1.0,1.0,1.0,0.9808591458979914,0.9808591458979914,0,nominal,0.0,0.0,0.0,0.0,0.0,0.0,0.0,0.0,0.0,0.0,0.0,0.0
21350,3188.380659805561,66.28421168109463,1126.85,71.05737046956051,72.90330973963539,13.595967115773249,6.644478503084133,19.900414239085883,0.5643968302975864,1.0,1.0,1.0,0.9808591458979914,0.9808591458979914,0,nominal,0.0,0.0,0.0,0.0,0.0,0.0,0.0,0.0,0.0,0.0,0.0,0.0
21400,3188.380659805561,66.28219508524825,1126.85,71.05761501850793,72.90329778627559,13.595967115773249,6.642262697743285,19.89377783501962,0.5643105518764159,1.0,1.0,1.0,0.9808591458979914,0.9808591458979914,0,nominal,0.0,0.0,0.0,0.0,0.0,0.0,0.0,0.0,0.0,0.0,0.0,0.0
21450,3188.380659805561,66.28017882200112,1126.85,71.05786017928045,72.90328580291103,13.595967115773249,6.640047317943245,19.88714270546096,0.5642242922448979,1.0,1.0,1.0,0.9808591458979914,0.9808591458979914,0,nominal,0.0,0.0,0.0,0.0,0.0,0.0,0.0,0.0,0.0,0.0,0.0,0.0
21500,3188.380659805561,66.27816289141447,1126.85,71.05810595137967,72.90327378956619,13.595967115773249,6.6378323635906105,19.88050885013016,0.5641380514010429,1.0,1.0,1.0,0.9808591458979914,0.9808591458979914,0,nominal,0.0,0.0,0.0,0.0,0.0,0.0,0.0,0.0,0.0,0.0,0.0,0.0
21550,3188.380659805561,66.27614729354951,1126.85,71.05835233430787,72.90326174626544,13.595967115773249,6.635617834592022,19.873876268747594,0.5640518293428606,1.0,1.0,1.0,0.9808591458979914,0.9808591458979914,0,nominal,0.0,0.0,0.0,0.0,0.0,0.0,0.0,0.0,0.0,0.0,0.0,0.0
21600,3188.380659805561,66.2741320284673,1126.85,71.05859932756806,72.90324967303316,13.595967115773249,6.633403730854198,19.867244961033897,0.5639656260683611,1.0,1.0,1.0,0.9808591458979914,0.9808591458979914,0,nominal,0.0,0.0,0.0,0.0,0.0,0.0,0.0,0.0,0.0,0.0,0.0,0.0
21650,3188.380659805561,66.27211709622901,1126.85,71.05884693066389,72.90323756989366,13.595967115773249,6.63119005228393,19.8606149267099,0.5638794415755547,1.0,1.0,1.0,0.9808591458979914,0.9808591458979914,0,nominal,0.0,0.0,0.0,0.0,0.0,0.0,0.0,0.0,0.0,0.0,0.0,0.0
21700,3188.380659805561,66.27010249689556,1126.85,71.05909514309985,72.90322543687128,13.595967115773249,6.628976798788044,19.85398616549654,0.563793275862451,1.0,1.0,1.0,0.9808591458979914,0.9808591458979914,0,nominal,0.0,0.0,0.0,0.0,0.0,0.0,0.0,0.0,0.0,0.0,0.0,0.0
21750,3188.380659805561,66.26808823052801,1126.85,71.05934396438107,72.90321327399025,13.595967115773249,6.62676397027348,19.847358677115103,0.5637071289270608,1.0,1.0,1.0,0.9808591458979914,0.9808591458979914,0,nominal,0.0,0.0,0.0,0.0,0.0,0.0,0.0,0.0,0.0,0.0,0.0,0.0
21800,3188.380659805561,66.26607429718723,1126.85,71.05959339401335,72.90320108127479,13.595967115773249,6.624551566647205,19.840732461286954,0.5636210007673939,1.0,1.0,1.0,0.9808591458979914,0.9808591458979914,0,nominal,0.0,0.0,0.0,0.0,0.0,0.0,0.0,0.0,0.0,0.0,0.0,0.0
21850,3188.380659805561,66.26406069693405,1126.85,71.05984343150328,72.9031888587491,13.595967115773249,6.622339587816259,19.834107517733678,0.5635348913814603,1.0,1.0,1.0,0.9808591458979914,0.9808591458979914,0,nominal,0.0,0.0,0.0,0.0,0.0,0.0,0.0,0.0,0.0,0.0,0.0,0.0
21900,3188.380659805561,66.26204742982935,1126.85,71.0600940763581,72.90317660643733,13.595967115773247,6.620128033687756,19.82748384617707,0.5634488007672703,1.0,1.0,0.9999999999999996,0.9808591458979913,0.9808591458979913,0,nominal,0.0,0.0,0.0,0.0,0.0,0.0,0.0,0.0,0.0,0.0,0.0,0.0
21950,3188.380659805561,66.2600344959339,1126.85,71.06034532808576,72.90316432436362,13.595967115773249,6.617916904168869,19.820861446339116,0.5633627289228341,1.0,1.0,1.0,0.9808591458979914,0.9808591458979914,0,nominal,0.0,0.0,0.0,0.0,0.0,0.0,0.0,0.0,0.0,0.0,0.0,0.0
22000,3188.380659805561,66.25802189530833,1126.85,71.06059718619497,72.90315201255203,13.595967115773249,6.6157061991668344,19.81424031794198,0.5632766758461618,1.0,1.0,1.0,0.9808591458979914,0.9808591458979914,0,nominal,0.0,0.0,0.0,0.0,0.0,0.0,0.0,0.0,0.0,0.0,0.0,0.0
22050,3188.380659805561,66.25600962801337,1126.85,71.06084965019511,72.90313967102661,13.595967115773249,6.61349591858896,19.807620460708055,0.5631906415352637,1.0,1.0,1.0,0.9808591458979914,0.9808591458979914,0,nominal,0.0,0.0,0.0,0.0,0.0,0.0,0.0,0.0,0.0,0.0,0.0,0.0
22100,3188.380659805561,66.25399769410961,1126.85,71.06110271959625,72.90312729981139,13.595967115773249,6.611286062342612,19.801001874359894,0.5631046259881495,1.0,1.0,1.0,0.9808591458979914,0.9808591458979914,0,nominal,0.0,0.0,0.0,0.0,0.0,0.0,0.0,0.0,0.0,0.0,0.0,0.0
22150,3188.380659805561,66.25198609365759,1126.85,71.06135639390914,72.90311489893034,13.595967115773249,6.609076630335224,19.794384558620262,0.5630186292028301,1.0,1.0,1.0,0.9808591458979914,0.9808591458979914,0,nominal,0.0,0.0,0.0,0.0,0.0,0.0,0.0,0.0,0.0,0.0,0.0,0.0
22200,3188.380659805561,66.24997482671785,1126.85,71.06161067264532,72.90310246840741,13.595967115773249,6.606867622474286,19.787768513212082,0.5629326511773148,1.0,1.0,1.0,0.9808591458979914,0.9808591458979914,0,nominal,0.0,0.0,0.0,0.0,0.0,0.0,0.0,0.0,0.0,0.0,0.0,0.0
22250,3188.380659805561,66.2479638933508,1126.85,71.06186555531696,72.9030900082665,13.595967115773249,6.604659038667374,19.781153737858553,0.5628466919096149,1.0,1.0,1.0,0.9808591458979914,0.9808591458979914,0,nominal,0.0,0.0,0.0,0.0,0.0,0.0,0.0,0.0,0.0,0.0,0.0,0.0
22300,3188.380659805561,66.24595329361688,1126.85,71.06212104143691,72.90307751853152,13.595967115773249,6.602450878822117,19.774540232283005,0.5627607513977402,1.0,1.0,1.0,0.9808591458979914,0.9808591458979914,0,nominal,0.0,0.0,0.0,0.0,0.0,0.0,0.0,0.0,0.0,0.0,0.0,0.0
22350,3188.380659805561,66.24394302757645,1126.85,71.06237713051883,72.90306499922626,13.595967115773249,6.600243142846183,19.76792799620891,0.5626748296397005,1.0,1.0,1.0,0.9808591458979914,0.9808591458979914,0,nominal,0.0,0.0,0.0,0.0,0.0,0.0,0.0,0.0,0.0,0.0,0.0,0.0
22400,3188.380659805561,66.24193309528977,1126.85,71.06263382207692,72.90305245037457,13.595967115773249,6.598035830647354,19.76131702936008,0.5625889266335067,1.0,1.0,1.0,0.9808591458979914,0.9808591458979914,0,nominal,0.0,0.0,0.0,0.0,0.0,0.0,0.0,0.0,0.0,0.0,0.0,0.0
22450,3188.380659805561,66.23992349681714,1126.85,71.0628911156262,72.90303987200019,13.595967115773249,6.595828942133432,19.754707331460367,0.5625030423771686,1.0,1.0,1.0,0.9808591458979914,0.9808591458979914,0,nominal,0.0,0.0,0.0,0.0,0.0,0.0,0.0,0.0,0.0,0.0,0.0,0.0
22500,3188.380659805561,66.23791423221871,1126.85,71.06314901068237,72.90302726412688,13.595967115773249,6.5936224772123,19.748098902233878,0.5624171768686964,1.0,1.0,1.0,0.9808591458979914,0.9808591458979914,0,nominal,0.0,0.0,0.0,0.0,0.0,0.0,0.0,0.0,0.0,0.0,0.0,0.0
22550,3188.380659805561,66.23590530155468,1126.85,71.06340750676173,72.90301462677834,13.595967115773249,6.591416435791919,19.741491741404964,0.5623313301061009,1.0,1.0,1.0,0.9808591458979914,0.9808591458979914,0,nominal,0.0,0.0,0.0,0.0,0.0,0.0,0.0,0.0,0.0,0.0,0.0,0.0
22600,3188.380659805561,66.23389670488513,1126.85,71.06366660338142,72.90300195997823,13.595967115773249,6.589210817780291,19.734885848698077,0.5622455020873918,1.0,1.0,1.0,0.9808591458979914,0.9808591458979914,0,nominal,0.0,0.0,0.0,0.0,0.0,0.0,0.0,0.0,0.0,0.0,0.0,0.0
22650,3188.380659805561,66.23188844227008,1126.85,71.06392630005917,72.90298926375017,13.595967115773247,6.587005623085484,19.728281223837882,0.5621596928105795,1.0,1.0,0.9999999999999996,0.9808591458979913,0.9808591458979913,0,nominal,0.0,0.0,0.0,0.0,0.0,0.0,0.0,0.0,0.0,0.0,0.0,0.0
22700,3188.380659805561,66.22988051376956,1126.85,71.06418659631339,72.9029765381178,13.595967115773249,6.584800851615657,19.721677866549314,0.5620739022736747,1.0,1.0,1.0,0.9808591458979914,0.9808591458979914,0,nominal,0.0,0.0,0.0,0.0,0.0,0.0,0.0,0.0,0.0,0.0,0.0,0.0
22750,3188.380659805561,66.22787291944354,1126.85,71.06444749166326,72.90296378310464,13.595967115773249,6.58259650327899,19.715075776557367,0.5619881304746874,1.0,1.0,1.0,0.9808591458979914,0.9808591458979914,0,nominal,0.0,0.0,0.0,0.0,0.0,0.0,0.0,0.0,0.0,0.0,0.0,0.0
22800,3188.380659805561,66.22586565935188,1126.85,71.06470898562861,72.90295099873424,13.595967115773249,6.580392577983768,19.708474953587356,0.5619023774116279,1.0,1.0,1.0,0.9808591458979914,0.9808591458979914,0,nominal,0.0,0.0,0.0,0.0,0.0,0.0,0.0,0.0,0.0,0.0,0.0,0.0
22850,3188.380659805561,66.22385873355444,1126.85,71.06497107772992,72.90293818503012,13.595967115773249,6.578189075638308,19.70187539736468,0.5618166430825065,1.0,1.0,1.0,0.9808591458979914,0.9808591458979914,0,nominal,0.0,0.0,0.0,0.0,0.0,0.0,0.0,0.0,0.0,0.0,0.0,0.0
22900,3188.380659805561,66.22185214211095,1126.85,71.06523376748845,72.90292534201572,13.595967115773249,6.575985996151013,19.695277107615013,0.5617309274853337,1.0,1.0,1.0,0.9808591458979914,0.9808591458979914,0,nominal,0.0,0.0,0.0,0.0,0.0,0.0,0.0,0.0,0.0,0.0,0.0,0.0
22950,3188.380659805561,66.21984588508121,1126.85,71.06549705442603,72.90291246971445,13.595967115773249,6.573783339430338,19.688680084064163,0.5616452306181197,1.0,1.0,1.0,0.9808591458979914,0.9808591458979914,0,nominal,0.0,0.0,0.0,0.0,0.0,0.0,0.0,0.0,0.0,0.0,0.0,0.0
23000,3188.380659805561,66.21783996252492,1126.85,71.06576093806524,72.90289956814975,13.595967115773249,6.5715811053847935,19.68208432643813,0.5615595524788748,1.0,1.0,1.0,0.9808591458979914,0.9808591458979914,0,nominal,0.0,0.0,0.0,0.0,0.0,0.0,0.0,0.0,0.0,0.0,0.0,0.0
23050,3188.380659805561,66.21583437450175,1126.85,71.06602541792938,72.90288663734493,13.595967115773249,6.569379293922967,19.675489834463118,0.5614738930656095,1.0,1.0,1.0,0.9808591458979914,0.9808591458979914,0,nominal,0.0,0.0,0.0,0.0,0.0,0.0,0.0,0.0,0.0,0.0,0.0,0.0
23100,3188.380659805561,66.21382912107129,1126.85,71.0662904935424,72.90287367732336,13.595967115773249,6.567177904953512,19.668896607865552,0.5613882523763343,1.0,1.0,1.0,0.9808591458979914,0.9808591458979914,0,nominal,0.0,0.0,0.0,0.0,0.0,0.0,0.0,0.0,0.0,0.0,0.0,0.0
23150,3188.380659805561,66.21182420229303,1126.85,71.06655616442885,72.9028606881083,13.595967115773249,6.564976938385122,19.662304646371958,0.5613026304090588,1.0,1.0,1.0,0.9808591458979914,0.9808591458979914,0,nominal,0.0,0.0,0.0,0.0,0.0,0.0,0.0,0.0,0.0,0.0,0.0,0.0
23200,3188.380659805561,66.2098196182265,1126.85,71.06682243011409,72.90284766972304,13.595967115773249,6.562776394126586,19.655713949709156,0.5612170271617944,1.0,1.0,1.0,0.9808591458979914,0.9808591458979914,0,nominal,0.0,0.0,0.0,0.0,0.0,0.0,0.0,0.0,0.0,0.0,0.0,0.0
23250,3188.380659805561,66.20781536893111,1126.85,71.0670892901241,72.90283462219078,13.595967115773249,6.5605762720867284,19.649124517604083,0.5611314426325509,1.0,1.0,1.0,0.9808591458979914,0.9808591458979914,0,nominal,0.0,0.0,0.0,0.0,0.0,0.0,0.0,0.0,0.0,0.0,0.0,0.0
23300,3188.380659805561,66.2058114544663,1126.85,71.06735674398556,72.90282154553472,13.595967115773249,6.55837657217445,19.642536349783885,0.5610458768193388,1.0,1.0,1.0,0.9808591458979914,0.9808591458979914,0,nominal,0.0,0.0,0.0,0.0,0.0,0.0,0.0,0.0,0.0,0.0,0.0,0.0
23350,3188.380659805561,66.20380787489142,1126.85,71.0676247912258,72.90280843977803,13.595967115773249,6.556177294298714,19.635949445975903,0.5609603297201688,1.0,1.0,1.0,0.9808591458979914,0.9808591458979914,0,nominal,0.0,0.0,0.0,0.0,0.0,0.0,0.0,0.0,0.0,0.0,0.0,0.0
23400,3188.380659805561,66.20180463026577,1126.85,71.06789343137285,72.90279530494381,13.595967115773249,6.553978438368526,19.629363805907612,0.5608748013330503,1.0,1.0,1.0,0.9808591458979914,0.9808591458979914,0,nominal,0.0,0.0,0.0,0.0,0.0,0.0,0.0,0.0,0.0,0.0,0.0,0.0
23450,3188.380659805561,66.19980172064857,1126.85,71.06816266395543,72.90278214105516,13.595967115773249,6.551780004292993,19.62277942930678,0.5607892916559949,1.0,1.0,1.0,0.9808591458979914,0.9808591458979914,0,nominal,0.0,0.0,0.0,0.0,0.0,0.0,0.0,0.0,0.0,0.0,0.0,0.0
23500,3188.380659805561,66.19779914609899,1126.85,71.06843248850288,72.90276894813513,13.595967115773249,6.5495819919812615,19.616196315901302,0.5607038006870126,1.0,1.0,1.0,0.9808591458979914,0.9808591458979914,0,nominal,0.0,0.0,0.0,0.0,0.0,0.0,0.0,0.0,0.0,0.0,0.0,0.0
23550,3188.380659805561,66.19579690667621,1126.85,71.06870290454526,72.90275572620675,13.595967115773249,6.547384401342529,19.60961446541922,0.5606183284241137,1.0,1.0,1.0,0.9808591458979914,0.9808591458979914,0,nominal,0.0,0.0,0.0,0.0,0.0,0.0,0.0,0.0,0.0,0.0,0.0,0.0
23600,3188.380659805561,66.19379500243934,1126.85,71.06897391161328,72.90274247529302,13.595967115773249,6.545187232286078,19.60303387758883,0.5605328748653087,1.0,1.0,1.0,0.9808591458979914,0.9808591458979914,0,nominal,0.0,0.0,0.0,0.0,0.0,0.0,0.0,0.0,0.0,0.0,0.0,0.0
23650,3188.380659805561,66.1917934334474,1126.85,71.06924550923839,72.90272919541688,13.595967115773249,6.542990484721238,19.596454552138574,0.560447440008608,1.0,1.0,1.0,0.9808591458979914,0.9808591458979914,0,nominal,0.0,0.0,0.0,0.0,0.0,0.0,0.0,0.0,0.0,0.0,0.0,0.0
23700,3188.380659805561,66.18979219975938,1126.85,71.06951769695257,72.90271588660127,13.595967115773249,6.540794158557413,19.589876488797117,0.5603620238520223,1.0,1.0,1.0,0.9808591458979914,0.9808591458979914,0,nominal,0.0,0.0,0.0,0.0,0.0,0.0,0.0,0.0,0.0,0.0,0.0,0.0
23750,3188.380659805561,66.18779130143429,1126.85,71.06979047428865,72.90270254886906,13.595967115773249,6.538598253704044,19.58329968729322,0.5602766263935615,1.0,1.0,1.0,0.9808591458979914,0.9808591458979914,0,nominal,0.0,0.0,0.0,0.0,0.0,0.0,0.0,0.0,0.0,0.0,0.0,0.0
23800,3188.380659805561,66.18579073853095,1126.85,71.07006384078,72.90268918224311,13.595967115773249,6.536402770070675,19.57672414735598,0.5601912476312365,1.0,1.0,1.0,0.9808591458979914,0.9808591458979914,0,nominal,0.0,0.0,0.0,0.0,0.0,0.0,0.0,0.0,0.0,0.0,0.0,0.0
23850,3188.380659805561,66.18379051110827,1126.85,71.07033779596065,72.90267578674624,13.595967115773249,6.534207707566869,19.570149868714527,0.5601058875630577,1.0,1.0,1.0,0.9808591458979914,0.9808591458979914,0,nominal,0.0,0.0,0.0,0.0,0.0,0.0,0.0,0.0,0.0,0.0,0.0,0.0
23900,3188.380659805561,66.18179061922507,1126.85,71.07061233936543,72.90266236240127,13.595967115773249,6.5320130661022855,19.56357685109829,0.5600205461870356,1.0,1.0,1.0,0.9808591458979914,0.9808591458979914,0,nominal,0.0,0.0,0.0,0.0,0.0,0.0,0.0,0.0,0.0,0.0,0.0,0.0
23950,3188.380659805561,66.17979106294007,1126.85,71.07088747052967,72.90264890923092,13.595967115773247,6.529818845586621,19.557005094236807,0.5599352235011803,1.0,1.0,0.9999999999999996,0.9808591458979913,0.9808591458979913,0,nominal,0.0,0.0,0.0,0.0,0.0,0.0,0.0,0.0,0.0,0.0,0.0,0.0
24000,3188.380659805561,66.17779184231193,1126.85,71.07116318898949,72.90263542725792,13.595967115773249,6.527625045929647,19.550434597859837,0.5598499195035029,1.0,1.0,1.0,0.9808591458979914,0.9808591458979914,0,nominal,0.0,0.0,0.0,0.0,0.0,0.0,0.0,0.0,0.0,0.0,0.0,0.0
24050,3188.380659805561,66.17579295739938,1126.85,71.07143949428166,72.90262191650497,13.595967115773249,6.525431667041193,19.54386536169733,0.5597646341920135,1.0,1.0,1.0,0.9808591458979914,0.9808591458979914,0,nominal,0.0,0.0,0.0,0.0,0.0,0.0,0.0,0.0,0.0,0.0,0.0,0.0
24100,3188.380659805561,66.17379440826102,1126.85,71.07171638594355,72.90260837699472,13.595967115773249,6.523238708831159,19.537297385479413,0.5596793675647228,1.0,1.0,1.0,0.9808591458979914,0.9808591458979914,0,nominal,0.0,0.0,0.0,0.0,0.0,0.0,0.0,0.0,0.0,0.0,0.0,0.0
24150,3188.380659805561,66.17179619495539,1126.85,71.07199386351323,72.9025948087498,13.595967115773249,6.521046171209479,19.53073066893635,0.5595941196196409,1.0,1.0,1.0,0.9808591458979914,0.9808591458979914,0,nominal,0.0,0.0,0.0,0.0,0.0,0.0,0.0,0.0,0.0,0.0,0.0,0.0
24200,3188.380659805561,66.169798317541,1126.85,71.07227192652942,72.90258121179278,13.595967115773249,6.518854054086177,19.524165211798664,0.5595088903547786,1.0,1.0,1.0,0.9808591458979914,0.9808591458979914,0,nominal,0.0,0.0,0.0,0.0,0.0,0.0,0.0,0.0,0.0,0.0,0.0,0.0
24250,3188.380659805561,66.16780077607626,1126.85,71.07255057453153,72.90256758614625,13.595967115773249,6.516662357371324,19.517601013797,0.5594236797681461,1.0,1.0,1.0,0.9808591458979914,0.9808591458979914,0,nominal,0.0,0.0,0.0,0.0,0.0,0.0,0.0,0.0,0.0,0.0,0.0,0.0
24300,3188.380659805561,66.16580357061963,1126.85,71.07282980705958,72.90255393183273,13.595967115773249,6.514471080975055,19.511038074662224,0.5593384878577543,1.0,1.0,1.0,0.9808591458979914,0.9808591458979914,0,nominal,0.0,0.0,0.0,0.0,0.0,0.0,0.0,0.0,0.0,0.0,0.0,0.0
24350,3188.380659805561,66.16380670122948,1126.85,71.07310962365432,72.90254024887469,13.595967115773249,6.512280224807573,19.504476394125383,0.5592533146216137,1.0,1.0,1.0,0.9808591458979914,0.9808591458979914,0,nominal,0.0,0.0,0.0,0.0,0.0,0.0,0.0,0.0,0.0,0.0,0.0,0.0
24400,3188.380659805561,66.16181016796412,1126.85,71.07339002385709,72.90252653729462,13.595967115773249,6.510089788779135,19.497915971917696,0.5591681600577344,1.0,1.0,1.0,0.9808591458979914,0.9808591458979914,0,nominal,0.0,0.0,0.0,0.0,0.0,0.0,0.0,0.0,0.0,0.0,0.0,0.0
24450,3188.380659805561,66.15981397088183,1126.85,71.0736710072099,72.90251279711491,13.595967115773249,6.507899772800059,19.49135680777056,0.5590830241641274,1.0,1.0,1.0,0.9808591458979914,0.9808591458979914,0,nominal,0.0,0.0,0.0,0.0,0.0,0.0,0.0,0.0,0.0,0.0,0.0,0.0
24500,3188.380659805561,66.15781811004081,1126.85,71.07395257325544,72.90249902835798,13.595967115773249,6.505710176780726,19.48479890141557,0.5589979069388032,1.0,1.0,1.0,0.9808591458979914,0.9808591458979914,0,nominal,0.0,0.0,0.0,0.0,0.0,0.0,0.0,0.0,0.0,0.0,0.0,0.0
24550,3188.380659805561,66.15582258549927,1126.85,71.0742347215371,72.9024852310462,13.595967115773249,6.503521000631577,19.478242252584486,0.5589128083797723,1.0,1.0,1.0,0.9808591458979914,0.9808591458979914,0,nominal,0.0,0.0,0.0,0.0,0.0,0.0,0.0,0.0,0.0,0.0,0.0,0.0
24600,3188.380659805561,66.15382739731524,1126.85,71.07451745159881,72.90247140520188,13.595967115773249,6.501332244263107,19.471686861009246,0.5588277284850448,1.0,1.0,1.0,0.9808591458979914,0.9808591458979914,0,nominal,0.0,0.0,0.0,0.0,0.0,0.0,0.0,0.0,0.0,0.0,0.0,0.0
24650,3188.380659805561,66.15183254554688,1126.85,71.07480076298526,72.9024575508473,13.595967115773249,6.4991439075858874,19.465132726422006,0.5587426672526318,1.0,1.0,1.0,0.9808591458979914,0.9808591458979914,0,nominal,0.0,0.0,0.0,0.0,0.0,0.0,0.0,0.0,0.0,0.0,0.0,0.0
24700,3188.380659805561,66.14983803025217,1126.85,71.07508465524171,72.90244366800476,13.595967115773249,6.4969559905105285,19.458579848555036,0.5586576246805431,1.0,1.0,1.0,0.9808591458979914,0.9808591458979914,0,nominal,0.0,0.0,0.0,0.0,0.0,0.0,0.0,0.0,0.0,0.0,0.0,0.0
24750,3188.380659805561,66.14784385148914,1126.85,71.07536912791409,72.90242975669649,13.595967115773249,6.49476849294773,19.452028227140882,0.5585726007667904,1.0,1.0,1.0,0.9808591458979914,0.9808591458979914,0,nominal,0.0,0.0,0.0,0.0,0.0,0.0,0.0,0.0,0.0,0.0,0.0,0.0
24800,3188.380659805561,66.14585000931567,1126.85,71.07565418054901,72.90241581694467,13.59596711577325,6.49258141480822,19.445477861912178,0.5584875955093833,1.0,1.0,0.9999999999999996,0.9808591458979914,0.9808591458979914,0,nominal,0.0,0.0,0.0,0.0,0.0,0.0,0.0,0.0,0.0,0.0,0.0,0.0
24850,3188.380659805561,66.14385650378966,1126.85,71.07593981269378,72.90240184877148,13.595967115773249,6.490394756002807,19.438928752601782,0.5584026089063328,1.0,1.0,1.0,0.9808591458979914,0.9808591458979914,0,nominal,0.0,0.0,0.0,0.0,0.0,0.0,0.0,0.0,0.0,0.0,0.0,0.0
24900,3188.380659805561,66.14186333496895,1126.85,71.0762260238962,72.90238785219904,13.595967115773249,6.488208516442361,19.432380898942753,0.5583176409556492,1.0,1.0,1.0,0.9808591458979914,0.9808591458979914,0,nominal,0.0,0.0,0.0,0.0,0.0,0.0,0.0,0.0,0.0,0.0,0.0,0.0
24950,3188.380659805561,66.13987050291132,1126.85,71.07651281370488,72.90237382724946,13.595967115773249,6.4860226960377965,19.425834300668278,0.5582326916553432,1.0,1.0,1.0,0.9808591458979914,0.9808591458979914,0,nominal,0.0,0.0,0.0,0.0,0.0,0.0,0.0,0.0,0.0,0.0,0.0,0.0
25000,3188.380659805561,66.13787800767449,1126.85,71.076800181669,72.90235977394481,13.595967115773249,6.483837294700109,19.419288957511785,0.5581477610034253,1.0,1.0,1.0,0.9808591458979914,0.9808591458979914,0,nominal,0.0,0.0,0.0,0.0,0.0,0.0,0.0,0.0,0.0,0.0,0.0,0.0
25050,3188.380659805561,66.1358858493162,1126.85,71.07708812733836,72.90234569230714,13.595967115773249,6.481652312340326,19.412744869206797,0.5580628489979061,1.0,1.0,1.0,0.9808591458979914,0.9808591458979914,0,nominal,0.0,0.0,0.0,0.0,0.0,0.0,0.0,0.0,0.0,0.0,0.0,0.0
25100,3188.380659805561,66.13389402789403,1126.85,71.07737665026343,72.90233158235843,13.595967115773249,6.479467748869562,19.406202035487098,0.5579779556367962,1.0,1.0,1.0,0.9808591458979914,0.9808591458979914,0,nominal,0.0,0.0,0.0,0.0,0.0,0.0,0.0,0.0,0.0,0.0,0.0,0.0
25150,3188.380659805561,66.13190254346563,1126.85,71.07766574999539,72.90231744412068,13.595967115773249,6.477283604198982,19.399660456086632,0.5578930809181064,1.0,1.0,1.0,0.9808591458979914,0.9808591458979914,0,nominal,0.0,0.0,0.0,0.0,0.0,0.0,0.0,0.0,0.0,0.0,0.0,0.0
25200,3188.380659805561,66.12991139608852,1126.85,71.07795542608596,72.90230327761581,13.595967115773249,6.475099878239809,19.3931201307395,0.5578082248398469,1.0,1.0,1.0,0.9808591458979914,0.9808591458979914,0,nominal,0.0,0.0,0.0,0.0,0.0,0.0,0.0,0.0,0.0,0.0,0.0,0.0
25250,3188.380659805561,66.12792058582022,1126.85,71.07824567808757,72.90228908286576,13.595967115773249,6.472916570903321,19.38658105917998,0.5577233874000285,1.0,1.0,1.0,0.9808591458979914,0.9808591458979914,0,nominal,0.0,0.0,0.0,0.0,0.0,0.0,0.0,0.0,0.0,0.0,0.0,0.0
25300,3188.380659805561,66.12593011271815,1126.85,71.0785365055533,72.90227485989237,13.595967115773249,6.47073368210086,19.380043241142545,0.5576385685966613,1.0,1.0,1.0,0.9808591458979914,0.9808591458979914,0,nominal,0.0,0.0,0.0,0.0,0.0,0.0,0.0,0.0,0.0,0.0,0.0,0.0
25350,3188.380659805561,66.12393997683978,1126.85,71.07882790803677,72.9022606087175,13.595967115773249,6.468551211743836,19.373506676361856,0.5575537684277564,1.0,1.0,1.0,0.9808591458979914,0.9808591458979914,0,nominal,0.0,0.0,0.0,0.0,0.0,0.0,0.0,0.0,0.0,0.0,0.0,0.0
25400,3188.380659805561,66.1219501782424,1126.85,71.07911988509238,72.90224632936298,13.595967115773249,6.466369159743716,19.36697136457276,0.5574689868913247,1.0,1.0,1.0,0.9808591458979914,0.9808591458979914,0,nominal,0.0,0.0,0.0,0.0,0.0,0.0,0.0,0.0,0.0,0.0,0.0,0.0
25450,3188.380659805561,66.11996071698337,1126.85,71.07941243627505,72.90223202185058,13.595967115773249,6.4641875260120045,19.3604373055102,0.557384223985376,1.0,1.0,1.0,0.9808591458979914,0.9808591458979914,0,nominal,0.0,0.0,0.0,0.0,0.0,0.0,0.0,0.0,0.0,0.0,0.0,0.0
25500,3188.380659805561,66.11797159311993,1126.85,71.07970556114037,72.90221768620204,13.595967115773249,6.46200631046029,19.353904498909397,0.5572994797079213,1.0,1.0,1.0,0.9808591458979914,0.9808591458979914,0,nominal,0.0,0.0,0.0,0.0,0.0,0.0,0.0,0.0,0.0,0.0,0.0,0.0
25550,3188.380659805561,66.11598280670933,1126.85,71.07999925924463,72.90220332243909,13.595967115773249,6.4598255130002125,19.3473729445057,0.5572147540569712,1.0,1.0,1.0,0.9808591458979914,0.9808591458979914,0,nominal,0.0,0.0,0.0,0.0,0.0,0.0,0.0,0.0,0.0,0.0,0.0,0.0
25600,3188.380659805561,66.11399435780868,1126.85,71.08029353014467,72.90218893058342,13.595967115773249,6.457645133543468,19.34084264203464,0.5571300470305361,1.0,1.0,1.0,0.9808591458979914,0.9808591458979914,0,nominal,0.0,0.0,0.0,0.0,0.0,0.0,0.0,0.0,0.0,0.0,0.0,0.0
25650,3188.380659805561,66.11200624647512,1126.85,71.08058837339797,72.90217451065666,13.595967115773249,6.455465172001823,19.33431359123195,0.557045358626627,1.0,1.0,1.0,0.9808591458979914,0.9808591458979914,0,nominal,0.0,0.0,0.0,0.0,0.0,0.0,0.0,0.0,0.0,0.0,0.0,0.0
25700,3188.380659805561,66.11001847276577,1126.85,71.08088378856274,72.90216006268048,13.595967115773249,6.45328562828708,19.32778579183348,0.556960688843254,1.0,1.0,1.0,0.9808591458979914,0.9808591458979914,0,nominal,0.0,0.0,0.0,0.0,0.0,0.0,0.0,0.0,0.0,0.0,0.0,0.0
25750,3188.380659805561,66.10803103673766,1126.85,71.08117977519771,72.90214558667643,13.595967115773249,6.451106502311132,19.321259243575344,0.5568760376784282,1.0,1.0,1.0,0.9808591458979914,0.9808591458979914,0,nominal,0.0,0.0,0.0,0.0,0.0,0.0,0.0,0.0,0.0,0.0,0.0,0.0
25800,3188.380659805561,66.10604393844773,1126.85,71.08147633286228,72.90213108266609,13.595967115773249,6.4489277939858995,19.314733946193744,0.5567914051301599,1.0,1.0,1.0,0.9808591458979914,0.9808591458979914,0,nominal,0.0,0.0,0.0,0.0,0.0,0.0,0.0,0.0,0.0,0.0,0.0,0.0
25850,3188.380659805561,66.10405717795294,1126.85,71.08177346111654,72.90211655067098,13.595967115773249,6.446749503223378,19.308209899425105,0.5567067911964596,1.0,1.0,1.0,0.9808591458979914,0.9808591458979914,0,nominal,0.0,0.0,0.0,0.0,0.0,0.0,0.0,0.0,0.0,0.0,0.0,0.0
25900,3188.380659805561,66.1020707553102,1126.85,71.08207115952109,72.90210199071261,13.595967115773249,6.444571629935628,19.30168710300604,0.5566221958753381,1.0,1.0,1.0,0.9808591458979914,0.9808591458979914,0,nominal,0.0,0.0,0.0,0.0,0.0,0.0,0.0,0.0,0.0,0.0,0.0,0.0
25950,3188.380659805561,66.10008467057634,1126.85,71.08236942763727,72.90208740281244,13.595967115773249,6.442394174034751,19.295165556673293,0.5565376191648062,1.0,1.0,1.0,0.9808591458979914,0.9808591458979914,0,nominal,0.0,0.0,0.0,0.0,0.0,0.0,0.0,0.0,0.0,0.0,0.0,0.0
26000,3188.380659805561,66.09809892380815,1126.85,71.082668265027,72.9020727869919,13.595967115773249,6.440217135432918,19.288645260163815,0.5564530610628738,1.0,1.0,1.0,0.9808591458979914,0.9808591458979914,0,nominal,0.0,0.0,0.0,0.0,0.0,0.0,0.0,0.0,0.0,0.0,0.0,0.0
26050,3188.380659805561,66.09611351506237,1126.85,71.08296767125285,72.90205814327238,13.595967115773249,6.4380405140423616,19.28212621321474,0.5563685215675525,1.0,1.0,1.0,0.9808591458979914,0.9808591458979914,0,nominal,0.0,0.0,0.0,0.0,0.0,0.0,0.0,0.0,0.0,0.0,0.0,0.0
26100,3188.380659805561,66.09412844439572,1126.85,71.08326764587792,72.9020434716753,13.595967115773249,6.435864309775362,19.275608415563344,0.5562840006768519,1.0,1.0,1.0,0.9808591458979914,0.9808591458979914,0,nominal,0.0,0.0,0.0,0.0,0.0,0.0,0.0,0.0,0.0,0.0,0.0,0.0
26150,3188.380659805561,66.09214371186482,1126.85,71.08356818846613,72.90202877222194,13.595967115773249,6.4336885225442675,19.269091866947107,0.5561994983887834,1.0,1.0,1.0,0.9808591458979914,0.9808591458979914,0,nominal,0.0,0.0,0.0,0.0,0.0,0.0,0.0,0.0,0.0,0.0,0.0,0.0
26200,3188.380659805561,66.09015931752634,1126.85,71.08386929858182,72.90201404493367,13.595967115773249,6.431513152261477,19.26257656710366,0.556115014701357,1.0,1.0,1.0,0.9808591458979914,0.9808591458979914,0,nominal,0.0,0.0,0.0,0.0,0.0,0.0,0.0,0.0,0.0,0.0,0.0,0.0
26250,3188.380659805561,66.08817526143685,1126.85,71.08417097579007,72.9019992898317,13.595967115773249,6.429338198839455,19.256062515770832,0.5560305496125839,1.0,1.0,1.0,0.9808591458979914,0.9808591458979914,0,nominal,0.0,0.0,0.0,0.0,0.0,0.0,0.0,0.0,0.0,0.0,0.0,0.0
26300,3188.380659805561,66.08619154365283,1126.85,71.0844732196565,72.90198450693735,13.595967115773249,6.427163662190719,19.249549712686612,0.5559461031204742,1.0,1.0,1.0,0.9808591458979914,0.9808591458979914,0,nominal,0.0,0.0,0.0,0.0,0.0,0.0,0.0,0.0,0.0,0.0,0.0,0.0
26350,3188.380659805561,66.08420816423074,1126.85,71.08477602974745,72.90196969627179,13.595967115773249,6.4249895422278405,19.243038157589147,0.5558616752230388,1.0,1.0,1.0,0.9808591458979914,0.9808591458979914,0,nominal,0.0,0.0,0.0,0.0,0.0,0.0,0.0,0.0,0.0,0.0,0.0,0.0
26400,3188.380659805561,66.08222512322703,1126.85,71.08507940562987,72.90195485785623,13.595967115773249,6.42281583886345,19.236527850216767,0.555777265918288,1.0,1.0,1.0,0.9808591458979914,0.9808591458979914,0,nominal,0.0,0.0,0.0,0.0,0.0,0.0,0.0,0.0,0.0,0.0,0.0,0.0
26450,3188.380659805561,66.08024242069808,1126.85,71.08538334687125,72.90193999171179,13.595967115773249,6.420642552010269,19.230018790308062,0.555692875204233,1.0,1.0,1.0,0.9808591458979914,0.9808591458979914,0,nominal,0.0,0.0,0.0,0.0,0.0,0.0,0.0,0.0,0.0,0.0,0.0,0.0
26500,3188.380659805561,66.07826005670029,1126.85,71.08568785303976,72.90192509785963,13.59596711577325,6.418469681581015,19.223510977601627,0.5556085030788839,1.0,1.0,0.9999999999999996,0.9808591458979914,0.9808591458979914,0,nominal,0.0,0.0,0.0,0.0,0.0,0.0,0.0,0.0,0.0,0.0,0.0,0.0
26550,3188.380659805561,66.07627803128986,1126.85,71.08599292370411,72.90191017632083,13.595967115773249,6.416297227488507,19.217004411836346,0.5555241495402512,1.0,1.0,1.0,0.9808591458979914,0.9808591458979914,0,nominal,0.0,0.0,0.0,0.0,0.0,0.0,0.0,0.0,0.0,0.0,0.0,0.0
26600,3188.380659805561,66.07429634452308,1126.85,71.08629855843378,72.90189522711644,13.595967115773249,6.414125189645607,19.210499092751242,0.5554398145863457,1.0,1.0,1.0,0.9808591458979914,0.9808591458979914,0,nominal,0.0,0.0,0.0,0.0,0.0,0.0,0.0,0.0,0.0,0.0,0.0,0.0
26650,3188.380659805561,66.0723149964561,1126.85,71.08660475679875,72.90188025026752,13.59596711577325,6.411953567965254,19.20399502008556,0.5553554982151786,1.0,1.0,0.9999999999999996,0.9808591458979914,0.9808591458979914,0,nominal,0.0,0.0,0.0,0.0,0.0,0.0,0.0,0.0,0.0,0.0,0.0,0.0
26700,3188.380659805561,66.07033398714515,1126.85,71.08691151836962,72.90186524579504,13.595967115773249,6.409782362360421,19.19749219357866,0.5552712004247596,1.0,1.0,1.0,0.9808591458979914,0.9808591458979914,0,nominal,0.0,0.0,0.0,0.0,0.0,0.0,0.0,0.0,0.0,0.0,0.0,0.0
26750,3188.380659805561,66.06835331664627,1126.85,71.08721884271762,72.90185021372,13.595967115773249,6.407611572744135,19.190990612970047,0.5551869212130999,1.0,1.0,1.0,0.9808591458979914,0.9808591458979914,0,nominal,0.0,0.0,0.0,0.0,0.0,0.0,0.0,0.0,0.0,0.0,0.0,0.0
26800,3188.380659805561,66.06637298501556,1126.85,71.0875267294146,72.90183515406329,13.595967115773249,6.405441199029505,19.184490277999483,0.5551026605782097,1.0,1.0,1.0,0.9808591458979914,0.9808591458979914,0,nominal,0.0,0.0,0.0,0.0,0.0,0.0,0.0,0.0,0.0,0.0,0.0,0.0
26850,3188.380659805561,66.06439299230902,1126.85,71.087835178033,72.90182006684587,13.595967115773249,6.4032712411296675,19.17799118840681,0.5550184185180997,1.0,1.0,1.0,0.9808591458979914,0.9808591458979914,0,nominal,0.0,0.0,0.0,0.0,0.0,0.0,0.0,0.0,0.0,0.0,0.0,0.0
26900,3188.380659805561,66.06241333858259,1126.85,71.08814418814592,72.9018049520886,13.595967115773249,6.401101698957849,19.171493343932134,0.5549341950307808,1.0,1.0,1.0,0.9808591458979914,0.9808591458979914,0,nominal,0.0,0.0,0.0,0.0,0.0,0.0,0.0,0.0,0.0,0.0,0.0,0.0
26950,3188.380659805561,66.06043402389224,1126.85,71.08845375932702,72.90178980981231,13.595967115773249,6.398932572427304,19.164996744315655,0.5548499901142632,1.0,1.0,1.0,0.9808591458979914,0.9808591458979914,0,nominal,0.0,0.0,0.0,0.0,0.0,0.0,0.0,0.0,0.0,0.0,0.0,0.0
27000,3188.380659805561,66.05845504829387,1126.85,71.08876389115062,72.90177464003784,13.595967115773249,6.396763861451363,19.158501389297793,0.5547658037665577,1.0,1.0,1.0,0.9808591458979914,0.9808591458979914,0,nominal,0.0,0.0,0.0,0.0,0.0,0.0,0.0,0.0,0.0,0.0,0.0,0.0
27050,3188.380659805561,66.05647641184322,1126.85,71.08907458319163,72.90175944278597,13.595967115773249,6.3945955659434075,19.152007278619127,0.5546816359856749,1.0,1.0,1.0,0.9808591458979914,0.9808591458979914,0,nominal,0.0,0.0,0.0,0.0,0.0,0.0,0.0,0.0,0.0,0.0,0.0,0.0
27100,3188.380659805561,66.05449811459619,1126.85,71.08938583502555,72.90174421807745,13.595967115773247,6.392427685816873,19.145514412020386,0.5545974867696255,1.0,1.0,0.9999999999999996,0.9808591458979913,0.9808591458979913,0,nominal,0.0,0.0,0.0,0.0,0.0,0.0,0.0,0.0,0.0,0.0,0.0,0.0
27150,3188.380659805561,66.05252015660847,1126.85,71.08969764622844,72.90172896593302,13.595967115773249,6.390260220985255,19.139022789242492,0.5545133561164196,1.0,1.0,1.0,0.9808591458979914,0.9808591458979914,0,nominal,0.0,0.0,0.0,0.0,0.0,0.0,0.0,0.0,0.0,0.0,0.0,0.0
27200,3188.380659805561,66.05054253793571,1126.85,71.09001001637711,72.90171368637336,13.595967115773249,6.388093171362103,19.13253241002652,0.5544292440240683,1.0,1.0,1.0,0.9808591458979914,0.9808591458979914,0,nominal,0.0,0.0,0.0,0.0,0.0,0.0,0.0,0.0,0.0,0.0,0.0,0.0
27250,3188.380659805561,66.04856525863363,1126.85,71.09032294504885,72.90169837941913,13.595967115773249,6.385926536861029,19.12604327411374,0.5543451504905822,1.0,1.0,1.0,0.9808591458979914,0.9808591458979914,0,nominal,0.0,0.0,0.0,0.0,0.0,0.0,0.0,0.0,0.0,0.0,0.0,0.0
27300,3188.380659805561,66.04658831875781,1126.85,71.09063643182157,72.90168304509098,13.595967115773249,6.383760317395694,19.11955538124556,0.5542610755139716,1.0,1.0,1.0,0.9808591458979914,0.9808591458979914,0,nominal,0.0,0.0,0.0,0.0,0.0,0.0,0.0,0.0,0.0,0.0,0.0,0.0
27350,3188.380659805561,66.04461171836385,1126.85,71.0909504762738,72.90166768340951,13.595967115773249,6.381594512879821,19.11306873116358,0.5541770190922474,1.0,1.0,1.0,0.9808591458979914,0.9808591458979914,0,nominal,0.0,0.0,0.0,0.0,0.0,0.0,0.0,0.0,0.0,0.0,0.0,0.0
27400,3188.380659805561,66.04263545750723,1126.85,71.09126507798476,72.90165229439528,13.595967115773249,6.37942912322718,19.106583323609534,0.5540929812234198,1.0,1.0,1.0,0.9808591458979914,0.9808591458979914,0,nominal,0.0,0.0,0.0,0.0,0.0,0.0,0.0,0.0,0.0,0.0,0.0,0.0
27450,3188.380659805561,66.04065953624348,1126.85,71.09158023653413,72.90163687806886,13.595967115773249,6.377264148351617,19.100099158325392,0.5540089619054994,1.0,1.0,1.0,0.9808591458979914,0.9808591458979914,0,nominal,0.0,0.0,0.0,0.0,0.0,0.0,0.0,0.0,0.0,0.0,0.0,0.0
27500,3188.380659805561,66.03868395462797,1126.85,71.09189595150224,72.90162143445075,13.595967115773249,6.375099588167017,19.09361623505324,0.5539249611364973,1.0,1.0,1.0,0.9808591458979914,0.9808591458979914,0,nominal,0.0,0.0,0.0,0.0,0.0,0.0,0.0,0.0,0.0,0.0,0.0,0.0
27550,3188.380659805561,66.03670871271612,1126.85,71.09221222247004,72.90160596356142,13.595967115773249,6.37293544258732,19.087134553535318,0.5538409789144234,1.0,1.0,1.0,0.9808591458979914,0.9808591458979914,0,nominal,0.0,0.0,0.0,0.0,0.0,0.0,0.0,0.0,0.0,0.0,0.0,0.0
27600,3188.380659805561,66.03473381056324,1126.85,71.0925290490191,72.90159046542135,13.595967115773249,6.3707717115265305,19.080654113514075,0.5537570152372885,1.0,1.0,1.0,0.9808591458979914,0.9808591458979914,0,nominal,0.0,0.0,0.0,0.0,0.0,0.0,0.0,0.0,0.0,0.0,0.0,0.0
27650,3188.380659805561,66.03275924822464,1126.85,71.09284643073153,72.90157494005095,13.595967115773249,6.368608394898729,19.074174914732172,0.5536730701031038,1.0,1.0,1.0,0.9808591458979914,0.9808591458979914,0,nominal,0.0,0.0,0.0,0.0,0.0,0.0,0.0,0.0,0.0,0.0,0.0,0.0
27700,3188.380659805561,66.03078502575556,1126.85,71.09316436719007,72.90155938747063,13.595967115773249,6.366445492617994,19.067696956932277,0.5535891435098788,1.0,1.0,1.0,0.9808591458979914,0.9808591458979914,0,nominal,0.0,0.0,0.0,0.0,0.0,0.0,0.0,0.0,0.0,0.0,0.0,0.0
27750,3188.380659805561,66.02881114321121,1126.85,71.09348285797807,72.90154380770072,13.595967115773249,6.364283004598516,19.061220239857384,0.5535052354556246,1.0,1.0,1.0,0.9808591458979914,0.9808591458979914,0,nominal,0.0,0.0,0.0,0.0,0.0,0.0,0.0,0.0,0.0,0.0,0.0,0.0
27800,3188.380659805561,66.02683760064679,1126.85,71.09380190267944,72.90152820076159,13.595967115773249,6.362120930754525,19.054744763250614,0.5534213459383522,1.0,1.0,1.0,0.9808591458979914,0.9808591458979914,0,nominal,0.0,0.0,0.0,0.0,0.0,0.0,0.0,0.0,0.0,0.0,0.0,0.0
27850,3188.380659805561,66.02486439811736,1126.85,71.09412150087877,72.90151256667352,13.595967115773249,6.359959271000294,19.048270526855212,0.5533374749560712,1.0,1.0,1.0,0.9808591458979914,0.9808591458979914,0,nominal,0.0,0.0,0.0,0.0,0.0,0.0,0.0,0.0,0.0,0.0,0.0,0.0
27900,3188.380659805561,66.02289153567801,1126.85,71.0944416521611,72.9014969054568,13.595967115773247,6.3577980252501725,19.04179753041464,0.553253622506793,1.0,1.0,0.9999999999999996,0.9808591458979913,0.9808591458979913,0,nominal,0.0,0.0,0.0,0.0,0.0,0.0,0.0,0.0,0.0,0.0,0.0,0.0
27950,3188.380659805561,66.02091901338378,1126.85,71.09476235611214,72.90148121713166,13.595967115773249,6.355637193418541,19.035325773672486,0.5531697885885276,1.0,1.0,1.0,0.9808591458979914,0.9808591458979914,0,nominal,0.0,0.0,0.0,0.0,0.0,0.0,0.0,0.0,0.0,0.0,0.0,0.0
28000,3188.380659805561,66.01894683128961,1126.85,71.09508361231826,72.90146550171833,13.595967115773249,6.353476775419852,19.028855256372513,0.5530859731992859,1.0,1.0,1.0,0.9808591458979914,0.9808591458979914,0,nominal,0.0,0.0,0.0,0.0,0.0,0.0,0.0,0.0,0.0,0.0,0.0,0.0
28050,3188.380659805561,66.01697498945049,1126.85,71.09540542036632,72.901449759237,13.595967115773249,6.351316771168615,19.022385978258686,0.5530021763370783,1.0,1.0,1.0,0.9808591458979914,0.9808591458979914,0,nominal,0.0,0.0,0.0,0.0,0.0,0.0,0.0,0.0,0.0,0.0,0.0,0.0
28100,3188.380659805561,66.01500348792132,1126.85,71.0957277798438,72.90143398970781,13.595967115773249,6.349157180579386,19.015917939075095,0.552918397999915,1.0,1.0,1.0,0.9808591458979914,0.9808591458979914,0,nominal,0.0,0.0,0.0,0.0,0.0,0.0,0.0,0.0,0.0,0.0,0.0,0.0
28150,3188.380659805561,66.01303232675696,1126.85,71.09605069033876,72.90141819315089,13.595967115773249,6.3469980035667835,19.009451138566014,0.5528346381858072,1.0,1.0,1.0,0.9808591458979914,0.9808591458979914,0,nominal,0.0,0.0,0.0,0.0,0.0,0.0,0.0,0.0,0.0,0.0,0.0,0.0
28200,3188.380659805561,66.0110615060122,1126.85,71.09637415143987,72.90140236958634,13.595967115773249,6.3448392400454665,19.002985576475854,0.5527508968927648,1.0,1.0,1.0,0.9808591458979914,0.9808591458979914,0,nominal,0.0,0.0,0.0,0.0,0.0,0.0,0.0,0.0,0.0,0.0,0.0,0.0
28250,3188.380659805561,66.00909102574178,1126.85,71.09669816273646,72.90138651903423,13.59596711577325,6.342680889930179,18.99652125254926,0.5526671741187987,1.0,1.0,0.9999999999999996,0.9808591458979914,0.9808591458979914,0,nominal,0.0,0.0,0.0,0.0,0.0,0.0,0.0,0.0,0.0,0.0,0.0,0.0
28300,3188.380659805561,66.00712088600045,1126.85,71.09702272381827,72.9013706415146,13.595967115773249,6.3405229531356975,18.990058166530996,0.5525834698619196,1.0,1.0,1.0,0.9808591458979914,0.9808591458979914,0,nominal,0.0,0.0,0.0,0.0,0.0,0.0,0.0,0.0,0.0,0.0,0.0,0.0
28350,3188.380659805561,66.00515108684289,1126.85,71.09734783427581,72.90135473704746,13.595967115773249,6.33836542957685,18.983596318165965,0.5524997841201374,1.0,1.0,1.0,0.9808591458979914,0.9808591458979914,0,nominal,0.0,0.0,0.0,0.0,0.0,0.0,0.0,0.0,0.0,0.0,0.0,0.0
28400,3188.380659805561,66.00318162832372,1126.85,71.09767349370003,72.90133880565276,13.595967115773249,6.336208319168532,18.97713570719927,0.5524161168914631,1.0,1.0,1.0,0.9808591458979914,0.9808591458979914,0,nominal,0.0,0.0,0.0,0.0,0.0,0.0,0.0,0.0,0.0,0.0,0.0,0.0
28450,3188.380659805561,66.00121251049751,1126.85,71.09799970168251,72.9013228473505,13.595967115773249,6.334051621825689,18.970676333376183,0.5523324681739069,1.0,1.0,1.0,0.9808591458979914,0.9808591458979914,0,nominal,0.0,0.0,0.0,0.0,0.0,0.0,0.0,0.0,0.0,0.0,0.0,0.0
28500,3188.380659805561,65.99924373341884,1126.85,71.09832645781552,72.90130686216057,13.595967115773249,6.331895337463312,18.964218196442086,0.5522488379654792,1.0,1.0,1.0,0.9808591458979914,0.9808591458979914,0,nominal,0.0,0.0,0.0,0.0,0.0,0.0,0.0,0.0,0.0,0.0,0.0,0.0
28550,3188.380659805561,65.99727529714215,1126.85,71.09865376169171,72.90129085010285,13.595967115773247,6.329739465996481,18.957761296142653,0.552165226264191,1.0,1.0,0.9999999999999996,0.9808591458979913,0.9808591458979913,0,nominal,0.0,0.0,0.0,0.0,0.0,0.0,0.0,0.0,0.0,0.0,0.0,0.0
28600,3188.380659805561,65.99530720172197,1126.85,71.09898161290448,72.90127481119724,13.595967115773249,6.327584007340295,18.951305632223594,0.5520816330680529,1.0,1.0,1.0,0.9808591458979914,0.9808591458979914,0,nominal,0.0,0.0,0.0,0.0,0.0,0.0,0.0,0.0,0.0,0.0,0.0,0.0
28650,3188.380659805561,65.99333944721269,1126.85,71.0993100110478,72.90125874546354,13.595967115773249,6.325428961409901,18.944851204430773,0.5519980583750743,1.0,1.0,1.0,0.9808591458979914,0.9808591458979914,0,nominal,0.0,0.0,0.0,0.0,0.0,0.0,0.0,0.0,0.0,0.0,0.0,0.0
28700,3188.380659805561,65.99137203366865,1126.85,71.0996389557161,72.90124265292157,13.595967115773249,6.3232743281205455,18.938398012510355,0.5519145021832668,1.0,1.0,1.0,0.9808591458979914,0.9808591458979914,0,nominal,0.0,0.0,0.0,0.0,0.0,0.0,0.0,0.0,0.0,0.0,0.0,0.0
28750,3188.380659805561,65.9894049611442,1126.85,71.09996844650453,72.9012265335911,13.595967115773249,6.321120107387482,18.931946056208517,0.5518309644906403,1.0,1.0,1.0,0.9808591458979914,0.9808591458979914,0,nominal,0.0,0.0,0.0,0.0,0.0,0.0,0.0,0.0,0.0,0.0,0.0,0.0
28800,3188.380659805561,65.98743822969368,1126.85,71.10029848300871,72.90121038749189,13.595967115773249,6.31896629912606,18.92549533527173,0.5517474452952054,1.0,1.0,1.0,0.9808591458979914,0.9808591458979914,0,nominal,0.0,0.0,0.0,0.0,0.0,0.0,0.0,0.0,0.0,0.0,0.0,0.0
28850,3188.380659805561,65.98547183937126,1126.85,71.10062906482494,72.90119421464364,13.595967115773249,6.316812903251643,18.91904584944651,0.5516639445949726,1.0,1.0,1.0,0.9808591458979914,0.9808591458979914,0,nominal,0.0,0.0,0.0,0.0,0.0,0.0,0.0,0.0,0.0,0.0,0.0,0.0
28900,3188.380659805561,65.98350579023116,1126.85,71.10096019154997,72.90117801506604,13.595967115773249,6.314659919679682,18.912597598479625,0.5515804623879524,1.0,1.0,1.0,0.9808591458979914,0.9808591458979914,0,nominal,0.0,0.0,0.0,0.0,0.0,0.0,0.0,0.0,0.0,0.0,0.0,0.0
28950,3188.380659805561,65.98154008232751,1126.85,71.10129186278124,72.90116178877874,13.595967115773249,6.312507348325663,18.90615058211795,0.5514969986721552,1.0,1.0,1.0,0.9808591458979914,0.9808591458979914,0,nominal,0.0,0.0,0.0,0.0,0.0,0.0,0.0,0.0,0.0,0.0,0.0,0.0
29000,3188.380659805561,65.97957471571448,1126.85,71.10162407811669,72.90114553580139,13.595967115773249,6.310355189105133,18.89970480010855,0.5514135534455915,1.0,1.0,1.0,0.9808591458979914,0.9808591458979914,0,nominal,0.0,0.0,0.0,0.0,0.0,0.0,0.0,0.0,0.0,0.0,0.0,0.0
29050,3188.380659805561,65.97760969044612,1126.85,71.10195683715489,72.9011292561536,13.595967115773249,6.308203441933676,18.893260252198598,0.5513301267062714,1.0,1.0,1.0,0.9808591458979914,0.9808591458979914,0,nominal,0.0,0.0,0.0,0.0,0.0,0.0,0.0,0.0,0.0,0.0,0.0,0.0
29100,3188.380659805561,65.97564500657643,1126.85,71.10229013949493,72.90111294985489,13.595967115773249,6.306052106726978,18.886816938135567,0.5512467184522057,1.0,1.0,1.0,0.9808591458979914,0.9808591458979914,0,nominal,0.0,0.0,0.0,0.0,0.0,0.0,0.0,0.0,0.0,0.0,0.0,0.0
29150,3188.380659805561,65.97368066415936,1126.85,71.10262398473651,72.90109661692487,13.595967115773249,6.303901183400711,18.8803748576669,0.5511633286814047,1.0,1.0,1.0,0.9808591458979914,0.9808591458979914,0,nominal,0.0,0.0,0.0,0.0,0.0,0.0,0.0,0.0,0.0,0.0,0.0,0.0
29200,3188.380659805561,65.97171666324891,1126.85,71.10295837247992,72.90108025738303,13.595967115773249,6.301750671870661,18.87393401054036,0.5510799573918789,1.0,1.0,1.0,0.9808591458979914,0.9808591458979914,0,nominal,0.0,0.0,0.0,0.0,0.0,0.0,0.0,0.0,0.0,0.0,0.0,0.0
29250,3188.380659805561,65.96975300389897,1126.85,71.103293302326,72.90106387124884,13.595967115773249,6.299600572052635,18.8674943965038,0.5509966045816385,1.0,1.0,1.0,0.9808591458979914,0.9808591458979914,0,nominal,0.0,0.0,0.0,0.0,0.0,0.0,0.0,0.0,0.0,0.0,0.0,0.0
29300,3188.380659805561,65.96778968616337,1126.85,71.1036287738761,72.90104745854177,13.595967115773249,6.2974508838625045,18.86105601530524,0.550913270248694,1.0,1.0,1.0,0.9808591458979914,0.9808591458979914,0,nominal,0.0,0.0,0.0,0.0,0.0,0.0,0.0,0.0,0.0,0.0,0.0,0.0
29350,3188.380659805561,65.96582671009594,1126.85,71.10396478673226,72.90103101928123,13.595967115773249,6.295301607216188,18.854618866692867,0.5508299543910559,1.0,1.0,1.0,0.9808591458979914,0.9808591458979914,0,nominal,0.0,0.0,0.0,0.0,0.0,0.0,0.0,0.0,0.0,0.0,0.0,0.0
29400,3188.380659805561,65.96386407575045,1126.85,71.10430134049699,72.90101455348666,13.595967115773249,6.293152742029669,18.848182950415037,0.5507466570067345,1.0,1.0,1.0,0.9808591458979914,0.9808591458979914,0,nominal,0.0,0.0,0.0,0.0,0.0,0.0,0.0,0.0,0.0,0.0,0.0,0.0
29450,3188.380659805561,65.96190178318062,1126.85,71.10463843477339,72.9009980611774,13.595967115773249,6.291004288218974,18.841748266220254,0.5506633780937403,1.0,1.0,1.0,0.9808591458979914,0.9808591458979914,0,nominal,0.0,0.0,0.0,0.0,0.0,0.0,0.0,0.0,0.0,0.0,0.0,0.0
29500,3188.380659805561,65.95993983244011,1126.85,71.10497606916516,72.90098154237282,13.59596711577325,6.2888562457001775,18.835314813857156,0.5505801176500834,1.0,1.0,0.9999999999999996,0.9808591458979914,0.9808591458979914,0,nominal,0.0,0.0,0.0,0.0,0.0,0.0,0.0,0.0,0.0,0.0,0.0,0.0
29550,3188.380659805561,65.95797822358259,1126.85,71.10531424327655,72.90096499709222,13.595967115773249,6.286708614389432,18.828882593074617,0.5504968756737747,1.0,1.0,1.0,0.9808591458979914,0.9808591458979914,0,nominal,0.0,0.0,0.0,0.0,0.0,0.0,0.0,0.0,0.0,0.0,0.0,0.0
29600,3188.380659805561,65.95601695666164,1126.85,71.10565295671233,72.90094842535487,13.595967115773249,6.284561394202913,18.822451603621584,0.5504136521628237,1.0,1.0,1.0,0.9808591458979914,0.9808591458979914,0,nominal,0.0,0.0,0.0,0.0,0.0,0.0,0.0,0.0,0.0,0.0,0.0,0.0
29650,3188.380659805561,65.95405603173083,1126.85,71.1059922090779,72.90093182718005,13.59596711577325,6.282414585056869,18.816021845247214,0.5503304471152414,1.0,1.0,0.9999999999999996,0.9808591458979914,0.9808591458979914,0,nominal,0.0,0.0,0.0,0.0,0.0,0.0,0.0,0.0,0.0,0.0,0.0,0.0
29700,3188.380659805561,65.95209544884364,1126.85,71.1063319999792,72.90091520258699,13.595967115773249,6.280268186867599,18.80959331770082,0.5502472605290378,1.0,1.0,1.0,0.9808591458979914,0.9808591458979914,0,nominal,0.0,0.0,0.0,0.0,0.0,0.0,0.0,0.0,0.0,0.0,0.0,0.0
29750,3188.380659805561,65.95013520805361,1126.85,71.10667232902273,72.90089855159488,13.595967115773249,6.278122199551457,18.80316602073188,0.5501640924022239,1.0,1.0,1.0,0.9808591458979914,0.9808591458979914,0,nominal,0.0,0.0,0.0,0.0,0.0,0.0,0.0,0.0,0.0,0.0,0.0,0.0
29800,3188.380659805561,65.94817530941413,1126.85,71.10701319581551,72.9008818742229,13.595967115773249,6.275976623024841,18.796739954090004,0.5500809427328094,1.0,1.0,1.0,0.9808591458979914,0.9808591458979914,0,nominal,0.0,0.0,0.0,0.0,0.0,0.0,0.0,0.0,0.0,0.0,0.0,0.0
29850,3188.380659805561,65.94621575297856,1126.85,71.10735459996522,72.90086517049019,13.595967115773249,6.27383145720419,18.79031511752493,0.5499978115188043,1.0,1.0,1.0,0.9808591458979914,0.9808591458979914,0,nominal,0.0,0.0,0.0,0.0,0.0,0.0,0.0,0.0,0.0,0.0,0.0,0.0
29900,3188.380659805561,65.94425653880029,1126.85,71.10769654108003,72.9008484404159,13.595967115773249,6.271686702006033,18.78389151078665,0.5499146987582196,1.0,1.0,1.0,0.9808591458979914,0.9808591458979914,0,nominal,0.0,0.0,0.0,0.0,0.0,0.0,0.0,0.0,0.0,0.0,0.0,0.0
29950,3188.380659805561,65.94229766693257,1126.85,71.10803901876864,72.90083168401907,13.595967115773249,6.26954235734693,18.777469133625267,0.5498316044490658,1.0,1.0,1.0,0.9808591458979914,0.9808591458979914,0,nominal,0.0,0.0,0.0,0.0,0.0,0.0,0.0,0.0,0.0,0.0,0.0,0.0
30000,3188.380659805561,65.94033913742868,1126.85,71.1083820326404,72.90081490131878,13.595967115773249,6.2673984231434865,18.771047985791004,0.5497485285893523,1.0,1.0,1.0,0.9808591458979914,0.9808591458979914,0,nominal,0.0,0.0,0.0,0.0,0.0,0.0,0.0,0.0,0.0,0.0,0.0,0.0
30050,3188.380659805561,65.93838095034187,1126.85,71.10872558230517,72.90079809233409,13.595967115773249,6.265254899312375,18.7646280670343,0.54966547117709,1.0,1.0,1.0,0.9808591458979914,0.9808591458979914,0,nominal,0.0,0.0,0.0,0.0,0.0,0.0,0.0,0.0,0.0,0.0,0.0,0.0
30100,3188.380659805561,65.93642310572528,1126.85,71.10906966737338,72.90078125708393,13.595967115773249,6.263111785770317,18.75820937710573,0.5495824322102889,1.0,1.0,1.0,0.9808591458979914,0.9808591458979914,0,nominal,0.0,0.0,0.0,0.0,0.0,0.0,0.0,0.0,0.0,0.0,0.0,0.0
30150,3188.380659805561,65.93446560363208,1126.85,71.10941428745593,72.90076439558737,13.595967115773249,6.26096908243408,18.751791915756012,0.5494994116869596,1.0,1.0,1.0,0.9808591458979914,0.9808591458979914,0,nominal,0.0,0.0,0.0,0.0,0.0,0.0,0.0,0.0,0.0,0.0,0.0,0.0
30200,3188.380659805561,65.93250844411534,1126.85,71.10975944216443,72.90074750786331,13.595967115773249,6.258826789220483,18.74537568273601,0.5494164096051118,1.0,1.0,1.0,0.9808591458979914,0.9808591458979914,0,nominal,0.0,0.0,0.0,0.0,0.0,0.0,0.0,0.0,0.0,0.0,0.0,0.0
30250,3188.380659805561,65.93055162722811,1126.85,71.11010513111091,72.90073059393066,13.595967115773249,6.256684906046412,18.738960677796804,0.5493334259627564,1.0,1.0,1.0,0.9808591458979914,0.9808591458979914,0,nominal,0.0,0.0,0.0,0.0,0.0,0.0,0.0,0.0,0.0,0.0,0.0,0.0
30300,3188.380659805561,65.92859515302337,1126.85,71.11045135390805,72.90071365380834,13.595967115773249,6.254543432828802,18.732546900689606,0.5492504607579034,1.0,1.0,1.0,0.9808591458979914,0.9808591458979914,0,nominal,0.0,0.0,0.0,0.0,0.0,0.0,0.0,0.0,0.0,0.0,0.0,0.0
30350,3188.380659805561,65.92663902155414,1126.85,71.11079811016901,72.9006966875152,13.595967115773249,6.252402369484616,18.72613435116572,0.5491675139885629,1.0,1.0,1.0,0.9808591458979914,0.9808591458979914,0,nominal,0.0,0.0,0.0,0.0,0.0,0.0,0.0,0.0,0.0,0.0,0.0,0.0
30400,3188.380659805561,65.92468323287329,1126.85,71.1111453995075,72.90067969507008,13.595967115773249,6.250261715930908,18.71972302897672,0.5490845856527452,1.0,1.0,1.0,0.9808591458979914,0.9808591458979914,0,nominal,0.0,0.0,0.0,0.0,0.0,0.0,0.0,0.0,0.0,0.0,0.0,0.0
30450,3188.380659805561,65.92272778703375,1126.85,71.1114932215379,72.90066267649179,13.595967115773249,6.248121472084738,18.713312933874196,0.5490016757484601,1.0,1.0,1.0,0.9808591458979914,0.9808591458979914,0,nominal,0.0,0.0,0.0,0.0,0.0,0.0,0.0,0.0,0.0,0.0,0.0,0.0
30500,3188.380659805561,65.92077268408838,1126.85,71.11184157587496,72.90064563179912,13.595967115773249,6.245981637863271,18.706904065610058,0.5489187842737188,1.0,1.0,1.0,0.9808591458979914,0.9808591458979914,0,nominal,0.0,0.0,0.0,0.0,0.0,0.0,0.0,0.0,0.0,0.0,0.0,0.0
30550,3188.380659805561,65.91881792408992,1126.85,71.11219046213415,72.9006285610108,13.595967115773249,6.243842213183674,18.700496423936215,0.5488359112265303,1.0,1.0,1.0,0.9808591458979914,0.9808591458979914,0,nominal,0.0,0.0,0.0,0.0,0.0,0.0,0.0,0.0,0.0,0.0,0.0,0.0
30600,3188.380659805561,65.9168635070912,1126.85,71.11253987993138,72.9006114641456,13.595967115773249,6.24170319796321,18.69409000860487,0.5487530566049057,1.0,1.0,1.0,0.9808591458979914,0.9808591458979914,0,nominal,0.0,0.0,0.0,0.0,0.0,0.0,0.0,0.0,0.0,0.0,0.0,0.0
30650,3188.380659805561,65.91490943314489,1126.85,71.11288982888311,72.90059434122217,13.595967115773249,6.239564592119156,18.68768481936827,0.5486702204068545,1.0,1.0,1.0,0.9808591458979914,0.9808591458979914,0,nominal,0.0,0.0,0.0,0.0,0.0,0.0,0.0,0.0,0.0,0.0,0.0,0.0
30700,3188.380659805561,65.91295570230363,1126.85,71.11324030860646,72.9005771922592,13.595967115773249,6.237426395568872,18.681280855978894,0.5485874026303876,1.0,1.0,1.0,0.9808591458979914,0.9808591458979914,0,nominal,0.0,0.0,0.0,0.0,0.0,0.0,0.0,0.0,0.0,0.0,0.0,0.0
30750,3188.380659805561,65.91100231462013,1126.85,71.11359131871899,72.90056001727535,13.595967115773249,6.235288608229738,18.6748781181893,0.5485046032735144,1.0,1.0,1.0,0.9808591458979914,0.9808591458979914,0,nominal,0.0,0.0,0.0,0.0,0.0,0.0,0.0,0.0,0.0,0.0,0.0,0.0
30800,3188.380659805561,65.90904927014697,1126.85,71.11394285883875,72.90054281628923,13.595967115773249,6.233151230019225,18.66847660575231,0.5484218223342456,1.0,1.0,1.0,0.9808591458979914,0.9808591458979914,0,nominal,0.0,0.0,0.0,0.0,0.0,0.0,0.0,0.0,0.0,0.0,0.0,0.0
30850,3188.380659805561,65.90709656893665,1126.85,71.11429492858451,72.90052558931941,13.595967115773249,6.231014260854814,18.662076318420777,0.548339059810591,1.0,1.0,1.0,0.9808591458979914,0.9808591458979914,0,nominal,0.0,0.0,0.0,0.0,0.0,0.0,0.0,0.0,0.0,0.0,0.0,0.0
30900,3188.380659805561,65.90514421104172,1126.85,71.11464752757547,72.90050833638448,13.595967115773249,6.2288777006540705,18.655677255947808,0.548256315700561,1.0,1.0,1.0,0.9808591458979914,0.9808591458979914,0,nominal,0.0,0.0,0.0,0.0,0.0,0.0,0.0,0.0,0.0,0.0,0.0,0.0
30950,3188.380659805561,65.90319219651462,1126.85,71.11500065543134,72.90049105750295,13.595967115773249,6.226741549334592,18.6492794180866,0.5481735900021654,1.0,1.0,1.0,0.9808591458979914,0.9808591458979914,0,nominal,0.0,0.0,0.0,0.0,0.0,0.0,0.0,0.0,0.0,0.0,0.0,0.0
31000,3188.380659805561,65.90124052540784,1126.85,71.11535431177253,72.90047375269332,13.595967115773247,6.224605806814028,18.64288280459052,0.5480908827134142,1.0,1.0,0.9999999999999996,0.9808591458979913,0.9808591458979913,0,nominal,0.0,0.0,0.0,0.0,0.0,0.0,0.0,0.0,0.0,0.0,0.0,0.0
31050,3188.380659805561,65.89928919777373,1126.85,71.11570849621978,72.90045642197408,13.595967115773249,6.222470473010104,18.63648741521315,0.5480081938323181,1.0,1.0,1.0,0.9808591458979914,0.9808591458979914,0,nominal,0.0,0.0,0.0,0.0,0.0,0.0,0.0,0.0,0.0,0.0,0.0,0.0
31100,3188.380659805561,65.89733821366463,1126.85,71.11606320839456,72.9004390653637,13.595967115773249,6.220335547840557,18.630093249708104,0.5479255233568866,1.0,1.0,1.0,0.9808591458979914,0.9808591458979914,0,nominal,0.0,0.0,0.0,0.0,0.0,0.0,0.0,0.0,0.0,0.0,0.0,0.0
31150,3188.380659805561,65.89538757313284,1126.85,71.11641844791876,72.90042168288059,13.595967115773249,6.218201031223208,18.623700307829257,0.5478428712851299,1.0,1.0,1.0,0.9808591458979914,0.9808591458979914,0,nominal,0.0,0.0,0.0,0.0,0.0,0.0,0.0,0.0,0.0,0.0,0.0,0.0
31200,3188.380659805561,65.89343727623066,1126.85,71.11677421441487,72.90040427454315,13.595967115773249,6.216066923075913,18.617308589330587,0.5477602376150582,1.0,1.0,1.0,0.9808591458979914,0.9808591458979914,0,nominal,0.0,0.0,0.0,0.0,0.0,0.0,0.0,0.0,0.0,0.0,0.0,0.0
31250,3188.380659805561,65.89148732301032,1126.85,71.11713050750586,72.90038684036973,13.595967115773249,6.213933223316585,18.61091809396624,0.5476776223446814,1.0,1.0,1.0,0.9808591458979914,0.9808591458979914,0,nominal,0.0,0.0,0.0,0.0,0.0,0.0,0.0,0.0,0.0,0.0,0.0,0.0
31300,3188.380659805561,65.88953771352396,1126.85,71.11748732681531,72.90036938037872,13.595967115773249,6.211799931863184,18.6045288214905,0.5475950254720097,1.0,1.0,1.0,0.9808591458979914,0.9808591458979914,0,nominal,0.0,0.0,0.0,0.0,0.0,0.0,0.0,0.0,0.0,0.0,0.0,0.0
31350,3188.380659805561,65.88758844782376,1126.85,71.1178446719673,72.90035189458838,13.595967115773249,6.209667048633719,18.59814077165781,0.5475124469950525,1.0,1.0,1.0,0.9808591458979914,0.9808591458979914,0,nominal,0.0,0.0,0.0,0.0,0.0,0.0,0.0,0.0,0.0,0.0,0.0,0.0
31400,3188.380659805561,65.88563952596184,1126.85,71.11820254258646,72.90033438301704,13.595967115773249,6.207534573546268,18.591753944222802,0.5474298869118207,1.0,1.0,1.0,0.9808591458979914,0.9808591458979914,0,nominal,0.0,0.0,0.0,0.0,0.0,0.0,0.0,0.0,0.0,0.0,0.0,0.0
31450,3188.380659805561,65.8836909479902,1126.85,71.11856093829795,72.90031684568295,13.595967115773249,6.205402506518937,18.58536833894021,0.5473473452203239,1.0,1.0,1.0,0.9808591458979914,0.9808591458979914,0,nominal,0.0,0.0,0.0,0.0,0.0,0.0,0.0,0.0,0.0,0.0,0.0,0.0
31500,3188.380659805561,65.88174271396093,1126.85,71.11891985872745,72.90029928260434,13.595967115773249,6.203270847469895,18.578983955564937,0.5472648219185722,1.0,1.0,1.0,0.9808591458979914,0.9808591458979914,0,nominal,0.0,0.0,0.0,0.0,0.0,0.0,0.0,0.0,0.0,0.0,0.0,0.0
31550,3188.380659805561,65.87979482392598,1126.85,71.11927930350117,72.90028169379941,13.595967115773247,6.201139596317359,18.572600793852047,0.547182317004575,1.0,1.0,0.9999999999999996,0.9808591458979913,0.9808591458979913,0,nominal,0.0,0.0,0.0,0.0,0.0,0.0,0.0,0.0,0.0,0.0,0.0,0.0
31600,3188.380659805561,65.87784727793724,1126.85,71.11963927224588,72.90026407928637,13.595967115773249,6.199008752979588,18.566218853556727,0.5470998304763429,1.0,1.0,1.0,0.9808591458979914,0.9808591458979914,0,nominal,0.0,0.0,0.0,0.0,0.0,0.0,0.0,0.0,0.0,0.0,0.0,0.0
31650,3188.380659805561,65.87590007604666,1126.85,71.11999976458884,72.90024643908335,13.595967115773249,6.196878317374902,18.559838134434337,0.5470173623318856,1.0,1.0,1.0,0.9808591458979914,0.9808591458979914,0,nominal,0.0,0.0,0.0,0.0,0.0,0.0,0.0,0.0,0.0,0.0,0.0,0.0
31700,3188.380659805561,65.8739532183061,1126.85,71.12036078015791,72.90022877320848,13.595967115773249,6.194748289421674,18.5534586362404,0.5469349125692129,1.0,1.0,1.0,0.9808591458979914,0.9808591458979914,0,nominal,0.0,0.0,0.0,0.0,0.0,0.0,0.0,0.0,0.0,0.0,0.0,0.0
31750,3188.380659805561,65.87200670476739,1126.85,71.12072231858144,72.90021108167987,13.595967115773249,6.192618669038325,18.54708035873059,0.5468524811863352,1.0,1.0,1.0,0.9808591458979914,0.9808591458979914,0,nominal,0.0,0.0,0.0,0.0,0.0,0.0,0.0,0.0,0.0,0.0,0.0,0.0
31800,3188.380659805561,65.87006053548231,1126.85,71.12108437948831,72.90019336451559,13.595967115773249,6.190489456143307,18.540703301660663,0.5467700681812614,1.0,1.0,1.0,0.9808591458979914,0.9808591458979914,0,nominal,0.0,0.0,0.0,0.0,0.0,0.0,0.0,0.0,0.0,0.0,0.0,0.0
31850,3188.380659805561,65.8681147105026,1126.85,71.12144696250789,72.90017562173368,13.59596711577325,6.188360650655161,18.534327464786653,0.5466876735520025,1.0,1.0,0.9999999999999996,0.9808591458979914,0.9808591458979914,0,nominal,0.0,0.0,0.0,0.0,0.0,0.0,0.0,0.0,0.0,0.0,0.0,0.0
31900,3188.380659805561,65.86616922987992,1126.85,71.12181006727019,72.90015785335217,13.595967115773249,6.186232252492454,18.527952847864658,0.5466052972965684,1.0,1.0,1.0,0.9808591458979914,0.9808591458979914,0,nominal,0.0,0.0,0.0,0.0,0.0,0.0,0.0,0.0,0.0,0.0,0.0,0.0
31950,3188.380659805561,65.864224093666,1126.85,71.12217369340561,72.90014005938906,13.595967115773249,6.184104261573797,18.521579450650922,0.5465229394129681,1.0,1.0,1.0,0.9808591458979914,0.9808591458979914,0,nominal,0.0,0.0,0.0,0.0,0.0,0.0,0.0,0.0,0.0,0.0,0.0,0.0
32000,3188.380659805561,65.8622793019124,1126.85,71.12253784054519,72.9001222398623,13.595967115773249,6.181976677817844,18.51520727290181,0.5464405998992116,1.0,1.0,1.0,0.9808591458979914,0.9808591458979914,0,nominal,0.0,0.0,0.0,0.0,0.0,0.0,0.0,0.0,0.0,0.0,0.0,0.0
32050,3188.380659805561,65.86033485467073,1126.85,71.12290250832046,72.90010439478984,13.595967115773249,6.179849501143344,18.508836314373966,0.5463582787533093,1.0,1.0,1.0,0.9808591458979914,0.9808591458979914,0,nominal,0.0,0.0,0.0,0.0,0.0,0.0,0.0,0.0,0.0,0.0,0.0,0.0
32100,3188.380659805561,65.85839075199249,1126.85,71.12326769636343,72.90008652418958,13.595967115773249,6.177722731469055,18.50246657482408,0.5462759759732706,1.0,1.0,1.0,0.9808591458979914,0.9808591458979914,0,nominal,0.0,0.0,0.0,0.0,0.0,0.0,0.0,0.0,0.0,0.0,0.0,0.0
32150,3188.380659805561,65.85644699392924,1126.85,71.1236334043067,72.90006862807942,13.595967115773249,6.175596368713797,18.496098054009007,0.5461936915571056,1.0,1.0,1.0,0.9808591458979914,0.9808591458979914,0,nominal,0.0,0.0,0.0,0.0,0.0,0.0,0.0,0.0,0.0,0.0,0.0,0.0
32200,3188.380659805561,65.85450358053237,1126.85,71.12399963178336,72.90005070647723,13.595967115773249,6.17347041279644,18.489730751685762,0.5461114255028238,1.0,1.0,1.0,0.9808591458979914,0.9808591458979914,0,nominal,0.0,0.0,0.0,0.0,0.0,0.0,0.0,0.0,0.0,0.0,0.0,0.0
32250,3188.380659805561,65.85256051185331,1126.85,71.12436637842706,72.90003275940083,13.595967115773249,6.171344863635907,18.483364667611518,0.5460291778084352,1.0,1.0,1.0,0.9808591458979914,0.9808591458979914,0,nominal,0.0,0.0,0.0,0.0,0.0,0.0,0.0,0.0,0.0,0.0,0.0,0.0
32300,3188.380659805561,65.85061778794352,1126.85,71.12473364387188,72.90001478686804,13.595967115773249,6.169219721151156,18.47699980154355,0.5459469484719494,1.0,1.0,1.0,0.9808591458979914,0.9808591458979914,0,nominal,0.0,0.0,0.0,0.0,0.0,0.0,0.0,0.0,0.0,0.0,0.0,0.0
32350,3188.380659805561,65.84867540885426,1126.85,71.12510142775255,72.89999678889663,13.595967115773249,6.167094985261215,18.470636153239344,0.5458647374913762,1.0,1.0,1.0,0.9808591458979914,0.9808591458979914,0,nominal,0.0,0.0,0.0,0.0,0.0,0.0,0.0,0.0,0.0,0.0,0.0,0.0
32400,3188.380659805561,65.84673337463687,1126.85,71.12546972970421,72.89997876550436,13.595967115773249,6.164970655885158,18.464273722456525,0.5457825448647258,1.0,1.0,1.0,0.9808591458979914,0.9808591458979914,0,nominal,0.0,0.0,0.0,0.0,0.0,0.0,0.0,0.0,0.0,0.0,0.0,0.0
32450,3188.380659805561,65.84479168534261,1126.85,71.12583854936258,72.89996071670895,13.595967115773249,6.162846732942082,18.457912508952788,0.545700370590007,1.0,1.0,1.0,0.9808591458979914,0.9808591458979914,0,nominal,0.0,0.0,0.0,0.0,0.0,0.0,0.0,0.0,0.0,0.0,0.0,0.0
32500,3188.380659805561,65.84285034102265,1126.85,71.12620788636389,72.89994264252813,13.595967115773247,6.160723216351174,18.451552512486096,0.5456182146652301,1.0,1.0,0.9999999999999996,0.9808591458979913,0.9808591458979913,0,nominal,0.0,0.0,0.0,0.0,0.0,0.0,0.0,0.0,0.0,0.0,0.0,0.0
32550,3188.380659805561,65.84090934172826,1126.85,71.12657774034483,72.89992454297955,13.595967115773249,6.158600106031647,18.445193732814484,0.545536077088405,1.0,1.0,1.0,0.9808591458979914,0.9808591458979914,0,nominal,0.0,0.0,0.0,0.0,0.0,0.0,0.0,0.0,0.0,0.0,0.0,0.0
32600,3188.380659805561,65.83896868751049,1126.85,71.12694811094275,72.89990641808086,13.595967115773249,6.156477401902759,18.43883616969613,0.545453957857541,1.0,1.0,1.0,0.9808591458979914,0.9808591458979914,0,nominal,0.0,0.0,0.0,0.0,0.0,0.0,0.0,0.0,0.0,0.0,0.0,0.0
32650,3188.380659805561,65.83702837842048,1126.85,71.12731899779533,72.89988826784969,13.595967115773249,6.154355103883822,18.432479822889377,0.5453718569706474,1.0,1.0,1.0,0.9808591458979914,0.9808591458979914,0,nominal,0.0,0.0,0.0,0.0,0.0,0.0,0.0,0.0,0.0,0.0,0.0,0.0
32700,3188.380659805561,65.83508841450936,1126.85,71.12769040054093,72.89987009230366,13.595967115773249,6.15223321189422,18.42612469215277,0.5452897744257348,1.0,1.0,1.0,0.9808591458979914,0.9808591458979914,0,nominal,0.0,0.0,0.0,0.0,0.0,0.0,0.0,0.0,0.0,0.0,0.0,0.0
32750,3188.380659805561,65.83314879582804,1126.85,71.12806231881837,72.89985189146032,13.595967115773247,6.150111725853351,18.419770777244903,0.5452077102208124,1.0,1.0,0.9999999999999996,0.9808591458979913,0.9808591458979913,0,nominal,0.0,0.0,0.0,0.0,0.0,0.0,0.0,0.0,0.0,0.0,0.0,0.0
32800,3188.380659805561,65.83120952242757,1126.85,71.12843475226691,72.89983366533721,13.595967115773249,6.1479906456806805,18.41341807792458,0.5451256643538896,1.0,1.0,1.0,0.9808591458979914,0.9808591458979914,0,nominal,0.0,0.0,0.0,0.0,0.0,0.0,0.0,0.0,0.0,0.0,0.0,0.0
32850,3188.380659805561,65.82927059435889,1126.85,71.12880770052647,72.89981541395186,13.595967115773247,6.145869971295716,18.407066593950717,0.5450436368229762,1.0,1.0,0.9999999999999996,0.9808591458979913,0.9808591458979913,0,nominal,0.0,0.0,0.0,0.0,0.0,0.0,0.0,0.0,0.0,0.0,0.0,0.0
32900,3188.380659805561,65.82733201167292,1126.85,71.12918116323738,72.89979713732177,13.595967115773249,6.143749702618031,18.400716325082435,0.5449616276260816,1.0,1.0,1.0,0.9808591458979914,0.9808591458979914,0,nominal,0.0,0.0,0.0,0.0,0.0,0.0,0.0,0.0,0.0,0.0,0.0,0.0
32950,3188.380659805561,65.82539377442055,1126.85,71.12955514004045,72.89977883546439,13.595967115773249,6.141629839567231,18.394367271078956,0.544879636761216,1.0,1.0,1.0,0.9808591458979914,0.9808591458979914,0,nominal,0.0,0.0,0.0,0.0,0.0,0.0,0.0,0.0,0.0,0.0,0.0,0.0
33000,3188.380659805561,65.82345588265252,1126.85,71.12992963057712,72.89976050839718,13.595967115773249,6.139510382062968,18.38801943169963,0.5447976642263881,1.0,1.0,1.0,0.9808591458979914,0.9808591458979914,0,nominal,0.0,0.0,0.0,0.0,0.0,0.0,0.0,0.0,0.0,0.0,0.0,0.0
33050,3188.380659805561,65.82151833641967,1126.85,71.13030463448928,72.89974215613755,13.595967115773249,6.1373913300249505,18.38167280670398,0.5447157100196081,1.0,1.0,1.0,0.9808591458979914,0.9808591458979914,0,nominal,0.0,0.0,0.0,0.0,0.0,0.0,0.0,0.0,0.0,0.0,0.0,0.0
33100,3188.380659805561,65.81958113577275,1126.85,71.13068015141926,72.89972377870288,13.595967115773249,6.135272683372944,18.375327395851702,0.5446337741388854,1.0,1.0,1.0,0.9808591458979914,0.9808591458979914,0,nominal,0.0,0.0,0.0,0.0,0.0,0.0,0.0,0.0,0.0,0.0,0.0,0.0
33150,3188.380659805561,65.81764428076252,1126.85,71.13105618101002,72.89970537611055,13.595967115773249,6.133154442026737,18.368983198902566,0.5445518565822292,1.0,1.0,1.0,0.9808591458979914,0.9808591458979914,0,nominal,0.0,0.0,0.0,0.0,0.0,0.0,0.0,0.0,0.0,0.0,0.0,0.0
33200,3188.380659805561,65.81570777143958,1126.85,71.131432722905,72.89968694837789,13.595967115773249,6.131036605906197,18.362640215616565,0.5444699573476492,1.0,1.0,1.0,0.9808591458979914,0.9808591458979914,0,nominal,0.0,0.0,0.0,0.0,0.0,0.0,0.0,0.0,0.0,0.0,0.0,0.0
33250,3188.380659805561,65.81377160785462,1126.85,71.13180977674807,72.8996684955222,13.595967115773249,6.1289191749312195,18.35629844575379,0.5443880764331551,1.0,1.0,1.0,0.9808591458979914,0.9808591458979914,0,nominal,0.0,0.0,0.0,0.0,0.0,0.0,0.0,0.0,0.0,0.0,0.0,0.0
33300,3188.380659805561,65.81183579005818,1126.85,71.13218734218373,72.8996500175608,13.595967115773247,6.12680214902175,18.34995788907447,0.5443062138367559,1.0,1.0,0.9999999999999996,0.9808591458979913,0.9808591458979913,0,nominal,0.0,0.0,0.0,0.0,0.0,0.0,0.0,0.0,0.0,0.0,0.0,0.0
33350,3188.380659805561,65.80990031810086,1126.85,71.13256541885687,72.89963151451093,13.595967115773249,6.124685528097798,18.343618545339034,0.5442243695564615,1.0,1.0,1.0,0.9808591458979914,0.9808591458979914,0,nominal,0.0,0.0,0.0,0.0,0.0,0.0,0.0,0.0,0.0,0.0,0.0,0.0
33400,3188.380659805561,65.80796519203318,1126.85,71.13294400641297,72.89961298638983,13.595967115773249,6.1225693120794,18.33728041430799,0.5441425435902809,1.0,1.0,1.0,0.9808591458979914,0.9808591458979914,0,nominal,0.0,0.0,0.0,0.0,0.0,0.0,0.0,0.0,0.0,0.0,0.0,0.0
33450,3188.380659805561,65.80603041190557,1126.85,71.13332310449795,72.8995944332147,13.595967115773249,6.120453500886661,18.330943495742048,0.5440607359362238,1.0,1.0,1.0,0.9808591458979914,0.9808591458979914,0,nominal,0.0,0.0,0.0,0.0,0.0,0.0,0.0,0.0,0.0,0.0,0.0,0.0
33500,3188.380659805561,65.8040959777685,1126.85,71.13370271275824,72.89957585500275,13.595967115773249,6.118338094439716,18.32460778940201,0.5439789465922996,1.0,1.0,1.0,0.9808591458979914,0.9808591458979914,0,nominal,0.0,0.0,0.0,0.0,0.0,0.0,0.0,0.0,0.0,0.0,0.0,0.0
33550,3188.380659805561,65.80216188967239,1126.85,71.13408283084084,72.89955725177113,13.595967115773249,6.1162230926587515,18.318273295048833,0.5438971755565175,1.0,1.0,1.0,0.9808591458979914,0.9808591458979914,0,nominal,0.0,0.0,0.0,0.0,0.0,0.0,0.0,0.0,0.0,0.0,0.0,0.0
33600,3188.380659805561,65.80022814766761,1126.85,71.13446345839321,72.89953862353694,13.595967115773249,6.1141084954640235,18.311940012443678,0.5438154228268872,1.0,1.0,1.0,0.9808591458979914,0.9808591458979914,0,nominal,0.0,0.0,0.0,0.0,0.0,0.0,0.0,0.0,0.0,0.0,0.0,0.0
33650,3188.380659805561,65.79829475180446,1126.85,71.13484459506333,72.89951997031733,13.595967115773247,6.111994302775807,18.305607941347773,0.5437336884014177,1.0,1.0,0.9999999999999996,0.9808591458979913,0.9808591458979913,0,nominal,0.0,0.0,0.0,0.0,0.0,0.0,0.0,0.0,0.0,0.0,0.0,0.0
33700,3188.380659805561,65.79636170213325,1126.85,71.13522624049966,72.89950129212936,13.595967115773249,6.109880514514444,18.299277081522533,0.5436519722781186,1.0,1.0,1.0,0.9808591458979914,0.9808591458979914,0,nominal,0.0,0.0,0.0,0.0,0.0,0.0,0.0,0.0,0.0,0.0,0.0,0.0
33750,3188.380659805561,65.79442899870418,1126.85,71.13560839435115,72.8994825889901,13.595967115773249,6.107767130600311,18.292947432729488,0.5435702744549987,1.0,1.0,1.0,0.9808591458979914,0.9808591458979914,0,nominal,0.0,0.0,0.0,0.0,0.0,0.0,0.0,0.0,0.0,0.0,0.0,0.0
33800,3188.380659805561,65.79249664156748,1126.85,71.13599105626724,72.89946386091657,13.595967115773249,6.105654150953847,18.286618994730347,0.5434885949300678,1.0,1.0,1.0,0.9808591458979914,0.9808591458979914,0,nominal,0.0,0.0,0.0,0.0,0.0,0.0,0.0,0.0,0.0,0.0,0.0,0.0
33850,3188.380659805561,65.79056463077336,1126.85,71.13637422589795,72.89944510792579,13.595967115773249,6.103541575495523,18.28029176728692,0.543406933701335,1.0,1.0,1.0,0.9808591458979914,0.9808591458979914,0,nominal,0.0,0.0,0.0,0.0,0.0,0.0,0.0,0.0,0.0,0.0,0.0,0.0
33900,3188.380659805561,65.78863296637195,1126.85,71.13675790289375,72.89942633003473,13.595967115773249,6.101429404145874,18.273965750161203,0.5433252907668097,1.0,1.0,1.0,0.9808591458979914,0.9808591458979914,0,nominal,0.0,0.0,0.0,0.0,0.0,0.0,0.0,0.0,0.0,0.0,0.0,0.0
33950,3188.380659805561,65.78670164841327,1126.85,71.13714208690556,72.89940752726035,13.595967115773249,6.099317636825468,18.267640943115303,0.543243666124501,1.0,1.0,1.0,0.9808591458979914,0.9808591458979914,0,nominal,0.0,0.0,0.0,0.0,0.0,0.0,0.0,0.0,0.0,0.0,0.0,0.0
34000,3188.380659805561,65.78477067694746,1126.85,71.13752677758487,72.89938869961959,13.595967115773249,6.09720627345492,18.261317345911454,0.5431620597724179,1.0,1.0,1.0,0.9808591458979914,0.9808591458979914,0,nominal,0.0,0.0,0.0,0.0,0.0,0.0,0.0,0.0,0.0,0.0,0.0,0.0
34050,3188.380659805561,65.78284005202454,1126.85,71.13791197458363,72.89936984712934,13.595967115773249,6.095095313954919,18.254994958312118,0.5430804717085702,1.0,1.0,1.0,0.9808591458979914,0.9808591458979914,0,nominal,0.0,0.0,0.0,0.0,0.0,0.0,0.0,0.0,0.0,0.0,0.0,0.0
34100,3188.380659805561,65.78090977369442,1126.85,71.1382976775543,72.89935096980648,13.595967115773249,6.0929847582461685,18.248673780079802,0.5429989019309667,1.0,1.0,1.0,0.9808591458979914,0.9808591458979914,0,nominal,0.0,0.0,0.0,0.0,0.0,0.0,0.0,0.0,0.0,0.0,0.0,0.0
34150,3188.380659805561,65.77897984200712,1126.85,71.1386838861498,72.89933206766788,13.595967115773249,6.090874606249438,18.2423538109772,0.5429173504376165,1.0,1.0,1.0,0.9808591458979914,0.9808591458979914,0,nominal,0.0,0.0,0.0,0.0,0.0,0.0,0.0,0.0,0.0,0.0,0.0,0.0
34200,3188.380659805561,65.77705025701249,1126.85,71.13907060002362,72.89931314073036,13.595967115773249,6.088764857885536,18.236035050767143,0.5428358172265288,1.0,1.0,1.0,0.9808591458979914,0.9808591458979914,0,nominal,0.0,0.0,0.0,0.0,0.0,0.0,0.0,0.0,0.0,0.0,0.0,0.0
34250,3188.380659805561,65.77512101876044,1126.85,71.13945781882967,72.89929418901073,13.595967115773249,6.086655513075325,18.229717499212605,0.542754302295713,1.0,1.0,1.0,0.9808591458979914,0.9808591458979914,0,nominal,0.0,0.0,0.0,0.0,0.0,0.0,0.0,0.0,0.0,0.0,0.0,0.0
34300,3188.380659805561,65.77319212730077,1126.85,71.13984554222236,72.89927521252577,13.595967115773249,6.084546571739705,18.223401156076676,0.5426728056431778,1.0,1.0,1.0,0.9808591458979914,0.9808591458979914,0,nominal,0.0,0.0,0.0,0.0,0.0,0.0,0.0,0.0,0.0,0.0,0.0,0.0
34350,3188.380659805561,65.77126358268328,1126.85,71.14023376985665,72.89925621129223,13.595967115773249,6.082438033799631,18.217086021122622,0.5425913272669325,1.0,1.0,1.0,0.9808591458979914,0.9808591458979914,0,nominal,0.0,0.0,0.0,0.0,0.0,0.0,0.0,0.0,0.0,0.0,0.0,0.0
34400,3188.380659805561,65.76933538495774,1126.85,71.14062250138795,72.89923718532684,13.595967115773249,6.080329899176108,18.210772094113842,0.5425098671649862,1.0,1.0,1.0,0.9808591458979914,0.9808591458979914,0,nominal,0.0,0.0,0.0,0.0,0.0,0.0,0.0,0.0,0.0,0.0,0.0,0.0
34450,3188.380659805561,65.76740753417386,1126.85,71.14101173647214,72.8992181346463,13.595967115773247,6.078222167790182,18.204459374813872,0.5424284253353479,1.0,1.0,0.9999999999999996,0.9808591458979913,0.9808591458979913,0,nominal,0.0,0.0,0.0,0.0,0.0,0.0,0.0,0.0,0.0,0.0,0.0,0.0
34500,3188.380659805561,65.7654800303813,1126.85,71.14140147476564,72.8991990592673,13.595967115773249,6.076114839562946,18.198147862986385,0.5423470017760267,1.0,1.0,1.0,0.9808591458979914,0.9808591458979914,0,nominal,0.0,0.0,0.0,0.0,0.0,0.0,0.0,0.0,0.0,0.0,0.0,0.0
34550,3188.380659805561,65.76355287362969,1126.85,71.14179171592531,72.89917995920649,13.595967115773249,6.074007914415544,18.1918375583952,0.5422655964850315,1.0,1.0,1.0,0.9808591458979914,0.9808591458979914,0,nominal,0.0,0.0,0.0,0.0,0.0,0.0,0.0,0.0,0.0,0.0,0.0,0.0
34600,3188.380659805561,65.76162606396866,1126.85,71.14218245960853,72.8991608344805,13.595967115773249,6.07190139226916,18.18552846080426,0.5421842094603714,1.0,1.0,1.0,0.9808591458979914,0.9808591458979914,0,nominal,0.0,0.0,0.0,0.0,0.0,0.0,0.0,0.0,0.0,0.0,0.0,0.0
34650,3188.380659805561,65.75969960144778,1126.85,71.14257370547318,72.89914168510596,13.595967115773249,6.0697952730450275,18.179220569977662,0.5421028407000551,1.0,1.0,1.0,0.9808591458979914,0.9808591458979914,0,nominal,0.0,0.0,0.0,0.0,0.0,0.0,0.0,0.0,0.0,0.0,0.0,0.0
34700,3188.380659805561,65.75777348611655,1126.85,71.14296545317757,72.8991225110994,13.595967115773249,6.067689556664438,18.172913885679666,0.5420214902020921,1.0,1.0,1.0,0.9808591458979914,0.9808591458979914,0,nominal,0.0,0.0,0.0,0.0,0.0,0.0,0.0,0.0,0.0,0.0,0.0,0.0
34750,3188.380659805561,65.75584771802448,1126.85,71.14335770238051,72.89910331247742,13.595967115773249,6.065584243048702,18.1666084076746,0.5419401579644907,1.0,1.0,1.0,0.9808591458979914,0.9808591458979914,0,nominal,0.0,0.0,0.0,0.0,0.0,0.0,0.0,0.0,0.0,0.0,0.0,0.0
34800,3188.380659805561,65.75392229722104,1126.85,71.14375045274136,72.89908408925653,13.595967115773249,6.063479332119211,18.160304135727028,0.5418588439852603,1.0,1.0,1.0,0.9808591458979914,0.9808591458979914,0,nominal,0.0,0.0,0.0,0.0,0.0,0.0,0.0,0.0,0.0,0.0,0.0,0.0
34850,3188.380659805561,65.75199722375567,1126.85,71.14414370391995,72.89906484145325,13.595967115773249,6.0613748237973875,18.154001069601605,0.54177754826241,1.0,1.0,1.0,0.9808591458979914,0.9808591458979914,0,nominal,0.0,0.0,0.0,0.0,0.0,0.0,0.0,0.0,0.0,0.0,0.0,0.0
34900,3188.380659805561,65.7500724976777,1126.85,71.14453745557654,72.89904556908405,13.595967115773247,6.059270718004686,18.147699209063084,0.5416962707939478,1.0,1.0,0.9999999999999996,0.9808591458979913,0.9808591458979913,0,nominal,0.0,0.0,0.0,0.0,0.0,0.0,0.0,0.0,0.0,0.0,0.0,0.0
34950,3188.380659805561,65.7481481190365,1126.85,71.14493170737188,72.8990262721654,13.595967115773247,6.057167014662633,18.14139855387644,0.5416150115778833,1.0,1.0,0.9999999999999996,0.9808591458979913,0.9808591458979913,0,nominal,0.0,0.0,0.0,0.0,0.0,0.0,0.0,0.0,0.0,0.0,0.0,0.0
35000,3188.380659805561,65.74622408788133,1126.85,71.14532645896725,72.89900695071373,13.595967115773249,6.055063713692781,18.135099103806716,0.5415337706122251,1.0,1.0,1.0,0.9808591458979914,0.9808591458979914,0,nominal,0.0,0.0,0.0,0.0,0.0,0.0,0.0,0.0,0.0,0.0,0.0,0.0
35050,3188.380659805561,65.74429143518114,1126.85,71.14570259897908,72.89898760474544,13.595967115773249,6.057518643548022,18.142451693031667,0.5416257038207045,1.0,1.0,1.0,0.9808591458979914,0.9808591458979914,0,nominal,0.0,0.0,0.0,0.0,0.0,0.0,0.0,0.0,0.0,0.0,0.0,0.0
35100,3188.380659805561,65.74235016228397,1126.85,71.14606014572331,72.89896917087177,13.595967115773249,6.059972861880316,18.149802151223856,0.5417176788643815,1.0,1.0,1.0,0.9808591458979914,0.9808591458979914,0,nominal,0.0,0.0,0.0,0.0,0.0,0.0,0.0,0.0,0.0,0.0,0.0,0.0
35150,3188.380659805561,65.74040027053866,1126.85,71.14639911749379,72.89895164819806,13.595967115773249,6.062426370917628,18.1571504850561,0.5418096957668176,1.0,1.0,1.0,0.9808591458979914,0.9808591458979914,0,nominal,0.0,0.0,0.0,0.0,0.0,0.0,0.0,0.0,0.0,0.0,0.0,0.0
35200,3188.380659805561,65.73844176129484,1126.85,71.14671953256249,72.89893503583059,13.595967115773249,6.064879172882176,18.164496701184017,0.5419017545515898,1.0,1.0,1.0,0.9808591458979914,0.9808591458979914,0,nominal,0.0,0.0,0.0,0.0,0.0,0.0,0.0,0.0,0.0,0.0,0.0,0.0
35250,3188.380659805561,65.73647463590288,1126.85,71.1470214091795,72.89891933287657,13.595967115773249,6.067331269990499,18.171840806246205,0.5419938552422933,1.0,1.0,1.0,0.9808591458979914,0.9808591458979914,0,nominal,0.0,0.0,0.0,0.0,0.0,0.0,0.0,0.0,0.0,0.0,0.0,0.0
35300,3188.380659805561,65.73449889571407,1126.85,71.1473047655731,72.89890453844419,13.595967115773249,6.069782664453416,18.179182806864134,0.5420859978625377,1.0,1.0,1.0,0.9808591458979914,0.9808591458979914,0,nominal,0.0,0.0,0.0,0.0,0.0,0.0,0.0,0.0,0.0,0.0,0.0,0.0
35350,3188.380659805561,65.73251454208037,1126.85,71.14756961994982,72.89889065164249,13.595967115773249,6.0722333584761,18.18652270964236,0.5421781824359508,1.0,1.0,1.0,0.9808591458979914,0.9808591458979914,0,nominal,0.0,0.0,0.0,0.0,0.0,0.0,0.0,0.0,0.0,0.0,0.0,0.0
35400,3188.380659805561,65.73052157635459,1126.85,71.14781599049445,72.89887767158156,13.595967115773249,6.074683354258051,18.193860521168457,0.5422704089861758,1.0,1.0,1.0,0.9808591458979914,0.9808591458979914,0,nominal,0.0,0.0,0.0,0.0,0.0,0.0,0.0,0.0,0.0,0.0,0.0,0.0
35450,3188.380659805561,65.72851999989041,1126.85,71.14804389537005,72.8988655973723,13.595967115773249,6.077132653993148,18.201196248013158,0.5423626775368726,1.0,1.0,1.0,0.9808591458979914,0.9808591458979914,0,nominal,0.0,0.0,0.0,0.0,0.0,0.0,0.0,0.0,0.0,0.0,0.0,0.0
35500,3188.380659805561,65.72650981404217,1126.85,71.14825335271814,72.89885442812661,13.595967115773249,6.079581259869627,18.208529896730298,0.5424549881117174,1.0,1.0,1.0,0.9808591458979914,0.9808591458979914,0,nominal,0.0,0.0,0.0,0.0,0.0,0.0,0.0,0.0,0.0,0.0,0.0,0.0
35550,3188.380659805561,65.72449102016515,1126.85,71.14844438065865,72.89884416295725,13.595967115773247,6.08202917407015,18.21586147385701,0.542547340734403,1.0,1.0,0.9999999999999996,0.9808591458979913,0.9808591458979913,0,nominal,0.0,0.0,0.0,0.0,0.0,0.0,0.0,0.0,0.0,0.0,0.0,0.0
35600,3188.380659805561,65.72246361961538,1126.85,71.14861699728993,72.89883480097791,13.595967115773249,6.084476398771789,18.223190985913696,0.5426397354286387,1.0,1.0,1.0,0.9808591458979914,0.9808591458979914,0,nominal,0.0,0.0,0.0,0.0,0.0,0.0,0.0,0.0,0.0,0.0,0.0,0.0
35650,3188.380659805561,65.72042761374973,1126.85,71.14877122068896,72.89882634130319,13.595967115773249,6.08692293614604,18.23051843940405,0.5427321722181501,1.0,1.0,1.0,0.9808591458979914,0.9808591458979914,0,nominal,0.0,0.0,0.0,0.0,0.0,0.0,0.0,0.0,0.0,0.0,0.0,0.0
35700,3188.380659805561,65.71838300392585,1126.85,71.14890706891117,72.8988187830486,13.595967115773249,6.0893687883588825,18.237843840815245,0.5428246511266797,1.0,1.0,1.0,0.9808591458979914,0.9808591458979914,0,nominal,0.0,0.0,0.0,0.0,0.0,0.0,0.0,0.0,0.0,0.0,0.0,0.0
35750,3188.380659805561,65.71632979150218,1126.85,71.14902455999072,72.89881212533055,13.595967115773249,6.091813957570734,18.245167196617796,0.5429171721779859,1.0,1.0,1.0,0.9808591458979914,0.9808591458979914,0,nominal,0.0,0.0,0.0,0.0,0.0,0.0,0.0,0.0,0.0,0.0,0.0,0.0
35800,3188.380659805561,65.71426797783806,1126.85,71.14912371194038,72.89880636726633,13.595967115773249,6.094258445936524,18.25248851326579,0.5430097353958442,1.0,1.0,1.0,0.9808591458979914,0.9808591458979914,0,nominal,0.0,0.0,0.0,0.0,0.0,0.0,0.0,0.0,0.0,0.0,0.0,0.0
35850,3188.380659805561,65.7121975642936,1126.85,71.14920454275165,72.89880150797416,13.595967115773249,6.096702255605685,18.25980779719683,0.5431023408040465,1.0,1.0,1.0,0.9808591458979914,0.9808591458979914,0,nominal,0.0,0.0,0.0,0.0,0.0,0.0,0.0,0.0,0.0,0.0,0.0,0.0
35900,3188.380659805561,65.71011855222974,1126.85,71.14926707039484,72.89879754657309,13.595967115773249,6.099145388722159,18.2671250548321,0.5431949884264009,1.0,1.0,1.0,0.9808591458979914,0.9808591458979914,0,nominal,0.0,0.0,0.0,0.0,0.0,0.0,0.0,0.0,0.0,0.0,0.0,0.0
35950,3188.380659805561,65.70803094300823,1126.85,71.14931131281907,72.89879448218312,13.595967115773249,6.101587847424463,18.274440292576514,0.5432876782867326,1.0,1.0,1.0,0.9808591458979914,0.9808591458979914,0,nominal,0.0,0.0,0.0,0.0,0.0,0.0,0.0,0.0,0.0,0.0,0.0,0.0
36000,3188.380659805561,65.70593473799164,1126.85,71.14933728795233,72.89879231392511,13.595967115773249,6.104029633845655,18.281753516818647,0.5433804104088834,1.0,1.0,1.0,0.9808591458979914,0.9808591458979914,0,nominal,0.0,0.0,0.0,0.0,0.0,0.0,0.0,0.0,0.0,0.0,0.0,0.0
36050,3188.380659805561,65.70382993854344,1126.85,71.14934501370152,72.8987910409208,13.595967115773249,6.1064707501133695,18.289064733930832,0.543473184816711,1.0,1.0,1.0,0.9808591458979914,0.9808591458979914,0,nominal,0.0,0.0,0.0,0.0,0.0,0.0,0.0,0.0,0.0,0.0,0.0,0.0
36100,3188.380659805561,65.70171654602785,1126.85,71.14933450795246,72.89879066229281,13.595967115773249,6.108911198349842,18.296373950269228,0.5435660015340904,1.0,1.0,1.0,0.9808591458979914,0.9808591458979914,0,nominal,0.0,0.0,0.0,0.0,0.0,0.0,0.0,0.0,0.0,0.0,0.0,0.0
36150,3188.380659805561,65.69959456180999,1126.85,71.14930578857008,72.89879117716465,13.595967115773249,6.111350980671916,18.30368117217384,0.543658860584913,1.0,1.0,1.0,0.9808591458979914,0.9808591458979914,0,nominal,0.0,0.0,0.0,0.0,0.0,0.0,0.0,0.0,0.0,0.0,0.0,0.0
36200,3188.380659805561,65.69746398725573,1126.85,71.14925887339825,72.89879258466068,13.595967115773247,6.113790099191075,18.31098640596863,0.543751761993087,1.0,1.0,0.9999999999999996,0.9808591458979913,0.9808591458979913,0,nominal,0.0,0.0,0.0,0.0,0.0,0.0,0.0,0.0,0.0,0.0,0.0,0.0
36250,3188.380659805561,65.69532482373182,1126.85,71.14919378026008,72.89879488390619,13.595967115773249,6.116228556013431,18.31828965796147,0.5438447057825364,1.0,1.0,1.0,0.9808591458979914,0.9808591458979914,0,nominal,0.0,0.0,0.0,0.0,0.0,0.0,0.0,0.0,0.0,0.0,0.0,0.0
36300,3188.380659805561,65.69317707260586,1126.85,71.14911052695771,72.89879807402728,13.595967115773249,6.118666353239788,18.32559093444432,0.5439376919772037,1.0,1.0,1.0,0.9808591458979914,0.9808591458979914,0,nominal,0.0,0.0,0.0,0.0,0.0,0.0,0.0,0.0,0.0,0.0,0.0,0.0
36350,3188.380659805561,65.6910207352463,1126.85,71.14900913127263,72.89880215415099,13.595967115773249,6.1211034929656,18.332890241693143,0.544030720601046,1.0,1.0,1.0,0.9808591458979914,0.9808591458979914,0,nominal,0.0,0.0,0.0,0.0,0.0,0.0,0.0,0.0,0.0,0.0,0.0,0.0
36400,3188.380659805561,65.68885581302243,1126.85,71.14888961096545,72.89880712340513,13.595967115773249,6.123539977281055,18.340187585968103,0.5441237916780387,1.0,1.0,1.0,0.9808591458979914,0.9808591458979914,0,nominal,0.0,0.0,0.0,0.0,0.0,0.0,0.0,0.0,0.0,0.0,0.0,0.0
36450,3188.380659805561,65.68668230730435,1126.85,71.14875198377615,72.89881298091849,13.595967115773249,6.125975808271019,18.347482973513447,0.5442169052321729,1.0,1.0,1.0,0.9808591458979914,0.9808591458979914,0,nominal,0.0,0.0,0.0,0.0,0.0,0.0,0.0,0.0,0.0,0.0,0.0,0.0
36500,3188.380659805561,65.68450021946302,1126.85,71.14859626742407,72.89881972582069,13.595967115773249,6.1284109880151165,18.3547764105577,0.5443100612874571,1.0,1.0,1.0,0.9808591458979914,0.9808591458979914,0,nominal,0.0,0.0,0.0,0.0,0.0,0.0,0.0,0.0,0.0,0.0,0.0,0.0
36550,3188.380659805561,65.68230955087023,1126.85,71.14842247960792,72.89882735724215,13.595967115773249,6.130845518587722,18.362067903313694,0.544403259867916,1.0,1.0,1.0,0.9808591458979914,0.9808591458979914,0,nominal,0.0,0.0,0.0,0.0,0.0,0.0,0.0,0.0,0.0,0.0,0.0,0.0
36600,3188.380659805561,65.6801103028987,1126.85,71.14823063800583,72.89883587431429,13.595967115773249,6.133279402057958,18.369357457978502,0.5444965009975913,1.0,1.0,1.0,0.9808591458979914,0.9808591458979914,0,nominal,0.0,0.0,0.0,0.0,0.0,0.0,0.0,0.0,0.0,0.0,0.0,0.0
36650,3188.380659805561,65.67790247692187,1126.85,71.14802076027541,72.89884527616927,13.595967115773247,6.13571264048975,18.376645080733642,0.544589784700542,1.0,1.0,0.9999999999999996,0.9808591458979913,0.9808591458979913,0,nominal,0.0,0.0,0.0,0.0,0.0,0.0,0.0,0.0,0.0,0.0,0.0,0.0
36700,3188.380659805561,65.67568607431417,1126.85,71.14779286405388,72.89885556194017,13.595967115773249,6.138145235941798,18.383930777744986,0.5446831110008429,1.0,1.0,1.0,0.9808591458979914,0.9808591458979914,0,nominal,0.0,0.0,0.0,0.0,0.0,0.0,0.0,0.0,0.0,0.0,0.0,0.0
36750,3188.380659805561,65.67346109645086,1126.85,71.14754696695798,72.89886673076096,13.595967115773249,6.140577190467645,18.39121455516296,0.5447764799225862,1.0,1.0,1.0,0.9808591458979914,0.9808591458979914,0,nominal,0.0,0.0,0.0,0.0,0.0,0.0,0.0,0.0,0.0,0.0,0.0,0.0
36800,3188.380659805561,65.67122754470796,1126.85,71.14728308658408,72.89887878176644,13.595967115773247,6.14300850611565,18.39849641912246,0.5448698914898807,1.0,1.0,0.9999999999999996,0.9808591458979913,0.9808591458979913,0,nominal,0.0,0.0,0.0,0.0,0.0,0.0,0.0,0.0,0.0,0.0,0.0,0.0
36850,3188.380659805561,65.66898542046249,1126.85,71.14700124050825,72.89889171409229,13.595967115773249,6.145439184929028,18.40577637574297,0.5449633457268525,1.0,1.0,1.0,0.9808591458979914,0.9808591458979914,0,nominal,0.0,0.0,0.0,0.0,0.0,0.0,0.0,0.0,0.0,0.0,0.0,0.0
36900,3188.380659805561,65.66673472509223,1126.85,71.14670144628627,72.89890552687505,13.59596711577325,6.14786922894585,18.413054431128586,0.5450568426576436,1.0,1.0,0.9999999999999996,0.9808591458979914,0.9808591458979914,0,nominal,0.0,0.0,0.0,0.0,0.0,0.0,0.0,0.0,0.0,0.0,0.0,0.0
36950,3188.380659805561,65.66447545997579,1126.85,71.14638372145373,72.89892021925215,13.595967115773249,6.150298640199083,18.4203305913681,0.545150382306414,1.0,1.0,1.0,0.9808591458979914,0.9808591458979914,0,nominal,0.0,0.0,0.0,0.0,0.0,0.0,0.0,0.0,0.0,0.0,0.0,0.0
37000,3188.380659805561,65.66220762649283,1126.85,71.14604808352595,72.89893579036185,13.595967115773249,6.152727420716586,18.427604862535006,0.5452439646973396,1.0,1.0,1.0,0.9808591458979914,0.9808591458979914,0,nominal,0.0,0.0,0.0,0.0,0.0,0.0,0.0,0.0,0.0,0.0,0.0,0.0
37050,3188.380659805561,65.65993122602367,1126.85,71.14569454999815,72.8989522393433,13.595967115773249,6.1551555725211315,18.43487725068758,0.5453375898546139,1.0,1.0,1.0,0.9808591458979914,0.9808591458979914,0,nominal,0.0,0.0,0.0,0.0,0.0,0.0,0.0,0.0,0.0,0.0,0.0,0.0
37100,3188.380659805561,65.65764625994967,1126.85,71.14532313834547,72.89896956533653,13.595967115773249,6.157583097630412,18.442147761868863,0.5454312578024466,1.0,1.0,1.0,0.9808591458979914,0.9808591458979914,0,nominal,0.0,0.0,0.0,0.0,0.0,0.0,0.0,0.0,0.0,0.0,0.0,0.0
37150,3188.380659805561,65.65535272965292,1126.85,71.14493386602294,72.89898776748241,13.595967115773249,6.16000999805709,18.44941640210684,0.5455249685650653,1.0,1.0,1.0,0.9808591458979914,0.9808591458979914,0,nominal,0.0,0.0,0.0,0.0,0.0,0.0,0.0,0.0,0.0,0.0,0.0,0.0
37200,3188.380659805561,65.65305063651647,1126.85,71.14452675046567,72.89900684492271,13.595967115773249,6.162436275808767,18.456683177414344,0.5456187221667135,1.0,1.0,1.0,0.9808591458979914,0.9808591458979914,0,nominal,0.0,0.0,0.0,0.0,0.0,0.0,0.0,0.0,0.0,0.0,0.0,0.0
37250,3188.380659805561,65.65073998192423,1126.85,71.14410180908874,72.89902679680007,13.595967115773249,6.164861932888039,18.463948093789206,0.545712518631652,1.0,1.0,1.0,0.9808591458979914,0.9808591458979914,0,nominal,0.0,0.0,0.0,0.0,0.0,0.0,0.0,0.0,0.0,0.0,0.0,0.0
37300,3188.380659805561,65.64842076726097,1126.85,71.14365905928736,72.899047622258,13.595967115773247,6.167286971292481,18.471211157214228,0.5458063579841591,1.0,1.0,0.9999999999999996,0.9808591458979913,0.9808591458979913,0,nominal,0.0,0.0,0.0,0.0,0.0,0.0,0.0,0.0,0.0,0.0,0.0,0.0
37350,3188.380659805561,65.64609299391236,1126.85,71.14319851843686,72.89906932044084,13.595967115773249,6.169711393014699,18.478472373657326,0.5459002402485293,1.0,1.0,1.0,0.9808591458979914,0.9808591458979914,0,nominal,0.0,0.0,0.0,0.0,0.0,0.0,0.0,0.0,0.0,0.0,0.0,0.0
37400,3188.380659805561,65.64375666326498,1126.85,71.14272020389274,72.8990918904939,13.595967115773249,6.172135200042309,18.48573174907146,0.5459941654490745,1.0,1.0,1.0,0.9808591458979914,0.9808591458979914,0,nominal,0.0,0.0,0.0,0.0,0.0,0.0,0.0,0.0,0.0,0.0,0.0,0.0
37450,3188.380659805561,65.6414117767062,1126.85,71.14222413299075,72.89911533156328,13.595967115773249,6.174558394357976,18.492989289394778,0.5460881336101238,1.0,1.0,1.0,0.9808591458979914,0.9808591458979914,0,nominal,0.0,0.0,0.0,0.0,0.0,0.0,0.0,0.0,0.0,0.0,0.0,0.0
37500,3188.380659805561,65.63905833562438,1126.85,71.14171032304688,72.89913964279604,13.595967115773249,6.1769809779394125,18.500245000550592,0.5461821447560223,1.0,1.0,1.0,0.9808591458979914,0.9808591458979914,0,nominal,0.0,0.0,0.0,0.0,0.0,0.0,0.0,0.0,0.0,0.0,0.0,0.0
37550,3188.380659805561,65.63669634140865,1126.85,71.14117879135739,72.89916482334006,13.595967115773249,6.179402952759428,18.507498888447525,0.5462761989111337,1.0,1.0,1.0,0.9808591458979914,0.9808591458979914,0,nominal,0.0,0.0,0.0,0.0,0.0,0.0,0.0,0.0,0.0,0.0,0.0,0.0
37600,3188.380659805561,65.63432579544917,1126.85,71.14062955519898,72.89919087234412,13.595967115773249,6.181824320785889,18.514750958979395,0.5463702960998376,1.0,1.0,1.0,0.9808591458979914,0.9808591458979914,0,nominal,0.0,0.0,0.0,0.0,0.0,0.0,0.0,0.0,0.0,0.0,0.0,0.0
37650,3188.380659805561,65.6319466991369,1126.85,71.14006263182864,72.89921778895791,13.595967115773249,6.184245083981794,18.52200121802544,0.5464644363465309,1.0,1.0,1.0,0.9808591458979914,0.9808591458979914,0,nominal,0.0,0.0,0.0,0.0,0.0,0.0,0.0,0.0,0.0,0.0,0.0,0.0
37700,3188.380659805561,65.62955905386372,1126.85,71.13947803848396,72.899245572332,13.595967115773249,6.186665244305228,18.529249671450188,0.5465586196756276,1.0,1.0,1.0,0.9808591458979914,0.9808591458979914,0,nominal,0.0,0.0,0.0,0.0,0.0,0.0,0.0,0.0,0.0,0.0,0.0,0.0
37750,3188.380659805561,65.62716286102238,1126.85,71.13887579238286,72.89927422161784,13.595967115773249,6.189084803709458,18.53649632510373,0.5466528461115591,1.0,1.0,1.0,0.9808591458979914,0.9808591458979914,0,nominal,0.0,0.0,0.0,0.0,0.0,0.0,0.0,0.0,0.0,0.0,0.0,0.0
37800,3188.380659805561,65.62475812200654,1126.85,71.13825591072384,72.8993037359678,13.595967115773249,6.191503764142861,18.54374118482151,0.5467471156787735,1.0,1.0,1.0,0.9808591458979914,0.9808591458979914,0,nominal,0.0,0.0,0.0,0.0,0.0,0.0,0.0,0.0,0.0,0.0,0.0,0.0
37850,3188.380659805561,65.62234483821078,1126.85,71.13761841068606,72.89933411453515,13.595967115773249,6.193922127548989,18.550984256424535,0.5468414284017362,1.0,1.0,1.0,0.9808591458979914,0.9808591458979914,0,nominal,0.0,0.0,0.0,0.0,0.0,0.0,0.0,0.0,0.0,0.0,0.0,0.0
37900,3188.380659805561,65.61992301103055,1126.85,71.13696330942918,72.89936535647401,13.595967115773249,6.196339895866588,18.558225545719406,0.5469357843049295,1.0,1.0,1.0,0.9808591458979914,0.9808591458979914,0,nominal,0.0,0.0,0.0,0.0,0.0,0.0,0.0,0.0,0.0,0.0,0.0,0.0
37950,3188.380659805561,65.61749264186221,1126.85,71.13629062409359,72.89939746093947,13.595967115773247,6.198757071029595,18.56546505849831,0.5470301834128538,1.0,1.0,0.9999999999999996,0.9808591458979913,0.9808591458979913,0,nominal,0.0,0.0,0.0,0.0,0.0,0.0,0.0,0.0,0.0,0.0,0.0,0.0
38000,3188.380659805561,65.61505373210304,1126.85,71.13560037180042,72.8994304270875,13.595967115773249,6.201173654967143,18.572702800539076,0.5471246257500251,1.0,1.0,1.0,0.9808591458979914,0.9808591458979914,0,nominal,0.0,0.0,0.0,0.0,0.0,0.0,0.0,0.0,0.0,0.0,0.0,0.0
38050,3188.380659805561,65.6126062831512,1126.85,71.13489256965147,72.89946425407496,13.595967115773249,6.203589649603622,18.5799387776053,0.547219111340978,1.0,1.0,1.0,0.9808591458979914,0.9808591458979914,0,nominal,0.0,0.0,0.0,0.0,0.0,0.0,0.0,0.0,0.0,0.0,0.0,0.0
38100,3188.380659805561,65.61015029640578,1126.85,71.13416723472932,72.89949894105968,13.595967115773249,6.206005056858622,18.58717299544622,0.547313640210263,1.0,1.0,1.0,0.9808591458979914,0.9808591458979914,0,nominal,0.0,0.0,0.0,0.0,0.0,0.0,0.0,0.0,0.0,0.0,0.0,0.0
38150,3188.380659805561,65.60768577326678,1126.85,71.13342438409745,72.89953448720036,13.595967115773249,6.208419878647029,18.594405459796967,0.5474082123824494,1.0,1.0,1.0,0.9808591458979914,0.9808591458979914,0,nominal,0.0,0.0,0.0,0.0,0.0,0.0,0.0,0.0,0.0,0.0,0.0,0.0
38200,3188.380659805561,65.60521271513511,1126.85,71.13266403480026,72.89957089165664,13.595967115773249,6.210834116878967,18.601636176378427,0.5475028278821221,1.0,1.0,1.0,0.9808591458979914,0.9808591458979914,0,nominal,0.0,0.0,0.0,0.0,0.0,0.0,0.0,0.0,0.0,0.0,0.0,0.0
38250,3188.380659805561,65.60273112341252,1126.85,71.13188620386296,72.89960815358909,13.595967115773249,6.213247773459876,18.608865150897447,0.5475974867338843,1.0,1.0,1.0,0.9808591458979914,0.9808591458979914,0,nominal,0.0,0.0,0.0,0.0,0.0,0.0,0.0,0.0,0.0,0.0,0.0,0.0
38300,3188.380659805561,65.6002409995018,1126.85,71.13109090829181,72.89964627215919,13.595967115773249,6.215660850290474,18.61609238904674,0.5476921889623564,1.0,1.0,1.0,0.9808591458979914,0.9808591458979914,0,nominal,0.0,0.0,0.0,0.0,0.0,0.0,0.0,0.0,0.0,0.0,0.0,0.0
38350,3188.380659805561,65.59774234480659,1126.85,71.130278165074,72.8996852465294,13.595967115773249,6.218073349266808,18.62331789650502,0.5477869345921754,1.0,1.0,1.0,0.9808591458979914,0.9808591458979914,0,nominal,0.0,0.0,0.0,0.0,0.0,0.0,0.0,0.0,0.0,0.0,0.0,0.0
38400,3188.380659805561,65.59523516073142,1126.85,71.12944799117787,72.89972507586309,13.595967115773249,6.220485272280242,18.630541678936982,0.5478817236479961,1.0,1.0,1.0,0.9808591458979914,0.9808591458979914,0,nominal,0.0,0.0,0.0,0.0,0.0,0.0,0.0,0.0,0.0,0.0,0.0,0.0
38450,3188.380659805561,65.59271944868175,1126.85,71.12860040355275,72.89976575932455,13.595967115773249,6.222896621217493,18.637763741993396,0.5479765561544903,1.0,1.0,1.0,0.9808591458979914,0.9808591458979914,0,nominal,0.0,0.0,0.0,0.0,0.0,0.0,0.0,0.0,0.0,0.0,0.0,0.0
38500,3188.380659805561,65.590195210064,1126.85,71.12773541912918,72.89980729607906,13.595967115773249,6.225307397960642,18.64498409131116,0.5480714321363478,1.0,1.0,1.0,0.9808591458979914,0.9808591458979914,0,nominal,0.0,0.0,0.0,0.0,0.0,0.0,0.0,0.0,0.0,0.0,0.0,0.0
38550,3188.380659805561,65.58766244628549,1126.85,71.12685305481887,72.8998496852928,13.595967115773249,6.227717604387132,18.65220273251326,0.5481663516182745,1.0,1.0,1.0,0.9808591458979914,0.9808591458979914,0,nominal,0.0,0.0,0.0,0.0,0.0,0.0,0.0,0.0,0.0,0.0,0.0,0.0
38600,3188.380659805561,65.58512115875448,1126.85,71.12595332751471,72.89989292613299,13.595967115773249,6.230127242369804,18.659419671208926,0.548261314624995,1.0,1.0,1.0,0.9808591458979914,0.9808591458979914,0,nominal,0.0,0.0,0.0,0.0,0.0,0.0,0.0,0.0,0.0,0.0,0.0,0.0
38650,3188.380659805561,65.5825713488801,1126.85,71.1250362540909,72.89993701776773,13.595967115773249,6.232536313776897,18.66663491299358,0.5483563211812506,1.0,1.0,1.0,0.9808591458979914,0.9808591458979914,0,nominal,0.0,0.0,0.0,0.0,0.0,0.0,0.0,0.0,0.0,0.0,0.0,0.0
38700,3188.380659805561,65.58001301807252,1126.85,71.12410185140288,72.8999819593661,13.595967115773249,6.234944820472064,18.673848463448923,0.5484513713117994,1.0,1.0,1.0,0.9808591458979914,0.9808591458979914,0,nominal,0.0,0.0,0.0,0.0,0.0,0.0,0.0,0.0,0.0,0.0,0.0,0.0
38750,3188.380659805561,65.57744616774272,1126.85,71.1231501362875,72.9000277500982,13.595967115773249,6.237352764314396,18.681060328142987,0.548546465041418,1.0,1.0,1.0,0.9808591458979914,0.9808591458979914,0,nominal,0.0,0.0,0.0,0.0,0.0,0.0,0.0,0.0,0.0,0.0,0.0,0.0
38800,3188.380659805561,65.57487079930263,1126.85,71.12218112556297,72.90007438913507,13.595967115773249,6.239760147158433,18.688270512630176,0.5486416023948999,1.0,1.0,1.0,0.9808591458979914,0.9808591458979914,0,nominal,0.0,0.0,0.0,0.0,0.0,0.0,0.0,0.0,0.0,0.0,0.0,0.0
38850,3188.380659805561,65.5722869141652,1126.85,71.12119483602896,72.90012187564871,13.595967115773249,6.242166970854158,18.695479022451245,0.5487367833970558,1.0,1.0,1.0,0.9808591458979914,0.9808591458979914,0,nominal,0.0,0.0,0.0,0.0,0.0,0.0,0.0,0.0,0.0,0.0,0.0,0.0
38900,3188.380659805561,65.56969451374425,1126.85,71.12019128446656,72.90017020881214,13.595967115773249,6.244573237247047,18.702685863133453,0.548832008072714,1.0,1.0,1.0,0.9808591458979914,0.9808591458979914,0,nominal,0.0,0.0,0.0,0.0,0.0,0.0,0.0,0.0,0.0,0.0,0.0,0.0
38950,3188.380659805561,65.5670935994545,1126.85,71.11917048763837,72.90021938779938,13.595967115773249,6.246978948178043,18.70989104019048,0.5489272764467203,1.0,1.0,1.0,0.9808591458979914,0.9808591458979914,0,nominal,0.0,0.0,0.0,0.0,0.0,0.0,0.0,0.0,0.0,0.0,0.0,0.0
39000,3188.380659805561,65.56448417271167,1126.85,71.1181324622886,72.90026941178543,13.595967115773249,6.249384105483617,18.717094559122607,0.5490225885439384,1.0,1.0,1.0,0.9808591458979914,0.9808591458979914,0,nominal,0.0,0.0,0.0,0.0,0.0,0.0,0.0,0.0,0.0,0.0,0.0,0.0
39050,3188.380659805561,65.56186623493244,1126.85,71.11707722514302,72.90032027994629,13.595967115773249,6.251788710995732,18.724296425416625,0.5491179443892485,1.0,1.0,1.0,0.9808591458979914,0.9808591458979914,0,nominal,0.0,0.0,0.0,0.0,0.0,0.0,0.0,0.0,0.0,0.0,0.0,0.0
39100,3188.380659805561,65.55923978753435,1126.85,71.116004792909,72.90037199145895,13.595967115773249,6.254192766541895,18.731496644545967,0.5492133440075488,1.0,1.0,1.0,0.9808591458979914,0.9808591458979914,0,nominal,0.0,0.0,0.0,0.0,0.0,0.0,0.0,0.0,0.0,0.0,0.0,0.0
39150,3188.380659805561,65.55660483193594,1126.85,71.11491518227564,72.90042454550147,13.595967115773249,6.256596273945148,18.738695221970705,0.5493087874237552,1.0,1.0,1.0,0.9808591458979914,0.9808591458979914,0,nominal,0.0,0.0,0.0,0.0,0.0,0.0,0.0,0.0,0.0,0.0,0.0,0.0
39200,3188.380659805561,65.55396136955665,1126.85,71.11380840991376,72.90047794125287,13.595967115773249,6.2589992350241035,18.745892163137633,0.5494042746628013,1.0,1.0,1.0,0.9808591458979914,0.9808591458979914,0,nominal,0.0,0.0,0.0,0.0,0.0,0.0,0.0,0.0,0.0,0.0,0.0,0.0
39250,3188.380659805561,65.55130940181692,1126.85,71.11268449247592,72.90053217789325,13.595967115773249,6.261401651592931,18.753087473480242,0.5494998057496373,1.0,1.0,1.0,0.9808591458979914,0.9808591458979914,0,nominal,0.0,0.0,0.0,0.0,0.0,0.0,0.0,0.0,0.0,0.0,0.0,0.0
39300,3188.380659805561,65.54864893013814,1126.85,71.11154344659644,72.90058725460369,13.595967115773249,6.263803525461393,18.760281158418838,0.5495953807092318,1.0,1.0,1.0,0.9808591458979914,0.9808591458979914,0,nominal,0.0,0.0,0.0,0.0,0.0,0.0,0.0,0.0,0.0,0.0,0.0,0.0
39350,3188.380659805561,65.54597995594253,1126.85,71.11038528889156,72.90064317056633,13.595967115773247,6.26620485843485,18.767473223360515,0.5496909995665704,1.0,1.0,0.9999999999999996,0.9808591458979913,0.9808591458979913,0,nominal,0.0,0.0,0.0,0.0,0.0,0.0,0.0,0.0,0.0,0.0,0.0,0.0
39400,3188.380659805561,65.54330248065344,1126.85,71.10921003595934,72.90069992496437,13.595967115773249,6.268605652314279,18.774663673699262,0.5497866623466573,1.0,1.0,1.0,0.9808591458979914,0.9808591458979914,0,nominal,0.0,0.0,0.0,0.0,0.0,0.0,0.0,0.0,0.0,0.0,0.0,0.0
39450,3188.380659805561,65.54061650569503,1126.85,71.10801770437979,72.90075751698203,13.595967115773249,6.271005908896273,18.781852514815927,0.549882369074513,1.0,1.0,1.0,0.9808591458979914,0.9808591458979914,0,nominal,0.0,0.0,0.0,0.0,0.0,0.0,0.0,0.0,0.0,0.0,0.0,0.0
39500,3188.380659805561,65.53792203249247,1126.85,71.10680831071483,72.90081594580462,13.595967115773249,6.2734056299730705,18.78903975207832,0.5499781197751762,1.0,1.0,1.0,0.9808591458979914,0.9808591458979914,0,nominal,0.0,0.0,0.0,0.0,0.0,0.0,0.0,0.0,0.0,0.0,0.0,0.0
39550,3188.380659805561,65.53521906247187,1126.85,71.10558187150843,72.90087521061848,13.595967115773249,6.275804817332565,18.796225390841236,0.5500739144737035,1.0,1.0,1.0,0.9808591458979914,0.9808591458979914,0,nominal,0.0,0.0,0.0,0.0,0.0,0.0,0.0,0.0,0.0,0.0,0.0,0.0
39600,3188.380659805561,65.53250759706032,1126.85,71.10433840328659,72.90093531061106,13.595967115773249,6.278203472758311,18.803409436446476,0.5501697531951687,1.0,1.0,1.0,0.9808591458979914,0.9808591458979914,0,nominal,0.0,0.0,0.0,0.0,0.0,0.0,0.0,0.0,0.0,0.0,0.0,0.0
39650,3188.380659805561,65.5297876376859,1126.85,71.10307792255742,72.90099624497084,13.595967115773249,6.28060159802955,18.810591894222917,0.5502656359646635,1.0,1.0,1.0,0.9808591458979914,0.9808591458979914,0,nominal,0.0,0.0,0.0,0.0,0.0,0.0,0.0,0.0,0.0,0.0,0.0,0.0
39700,3188.380659805561,65.52705918577755,1126.85,71.10180044581108,72.9010580128874,13.595967115773249,6.282999194921218,18.81777276948655,0.5503615628072972,1.0,1.0,1.0,0.9808591458979914,0.9808591458979914,0,nominal,0.0,0.0,0.0,0.0,0.0,0.0,0.0,0.0,0.0,0.0,0.0,0.0
39750,3188.380659805561,65.52432224276527,1126.85,71.10050598951989,72.90112061355143,13.595967115773249,6.285396265203945,18.824952067540462,0.5504575337481967,1.0,1.0,1.0,0.9808591458979914,0.9808591458979914,0,nominal,0.0,0.0,0.0,0.0,0.0,0.0,0.0,0.0,0.0,0.0,0.0,0.0
39800,3188.380659805561,65.52157681007992,1126.85,71.09919457013848,72.90118404615468,13.59596711577325,6.287792810644088,18.832129793674955,0.550553548812507,1.0,1.0,0.9999999999999996,0.9808591458979914,0.9808591458979914,0,nominal,0.0,0.0,0.0,0.0,0.0,0.0,0.0,0.0,0.0,0.0,0.0,0.0
39850,3188.380659805561,65.5188228891534,1126.85,71.09786620410358,72.90124830989004,13.595967115773249,6.290188833003749,18.839305953167564,0.5506496080253901,1.0,1.0,1.0,0.9808591458979914,0.9808591458979914,0,nominal,0.0,0.0,0.0,0.0,0.0,0.0,0.0,0.0,0.0,0.0,0.0,0.0
39900,3188.380659805561,65.5160604814186,1126.85,71.0965209078343,72.90131340395148,13.595967115773249,6.292584334040758,18.846480551283054,0.5507457114120267,1.0,1.0,1.0,0.9808591458979914,0.9808591458979914,0,nominal,0.0,0.0,0.0,0.0,0.0,0.0,0.0,0.0,0.0,0.0,0.0,0.0
39950,3188.380659805561,65.5132895883093,1126.85,71.09515869773202,72.9013793275341,13.595967115773249,6.294979315508714,18.853653593273503,0.5508418589976141,1.0,1.0,1.0,0.9808591458979914,0.9808591458979914,0,nominal,0.0,0.0,0.0,0.0,0.0,0.0,0.0,0.0,0.0,0.0,0.0,0.0
40000,3188.380659805561,65.51051021126034,1126.85,71.09377959018047,72.90144607983413,13.595967115773249,6.297373779156988,18.86082508437833,0.5509380508073685,1.0,1.0,1.0,0.9808591458979914,0.9808591458979914,0,nominal,0.0,0.0,0.0,0.0,0.0,0.0,0.0,0.0,0.0,0.0,0.0,0.0
40050,3188.380659805561,65.5077223517074,1126.85,71.0923836015458,72.90151366004893,13.595967115773249,6.299767726730726,18.867995029824304,0.5510342868665228,1.0,1.0,1.0,0.9808591458979914,0.9808591458979914,0,nominal,0.0,0.0,0.0,0.0,0.0,0.0,0.0,0.0,0.0,0.0,0.0,0.0
40100,3188.380659805561,65.50492601108726,1126.85,71.09097074817657,72.90158206737698,13.595967115773249,6.302161159970895,18.875163434825666,0.5511305672003289,1.0,1.0,1.0,0.9808591458979914,0.9808591458979914,0,nominal,0.0,0.0,0.0,0.0,0.0,0.0,0.0,0.0,0.0,0.0,0.0,0.0
40150,3188.380659805561,65.50212119083761,1126.85,71.08954104640384,72.9016513010179,13.595967115773249,6.30455408061425,18.882330304584055,0.5512268918340553,1.0,1.0,1.0,0.9808591458979914,0.9808591458979914,0,nominal,0.0,0.0,0.0,0.0,0.0,0.0,0.0,0.0,0.0,0.0,0.0,0.0
40200,3188.380659805561,65.49930789239716,1126.85,71.08809451254115,72.90172136017252,13.595967115773249,6.306946490393382,18.889495644288633,0.5513232607929891,1.0,1.0,1.0,0.9808591458979914,0.9808591458979914,0,nominal,0.0,0.0,0.0,0.0,0.0,0.0,0.0,0.0,0.0,0.0,0.0,0.0
40250,3188.380659805561,65.4964861172055,1126.85,71.08663116288466,72.90179224404277,13.595967115773249,6.309338391036718,18.896659459116094,0.5514196741024351,1.0,1.0,1.0,0.9808591458979914,0.9808591458979914,0,nominal,0.0,0.0,0.0,0.0,0.0,0.0,0.0,0.0,0.0,0.0,0.0,0.0
40300,3188.380659805561,65.4936558667033,1126.85,71.08515101371302,72.90186395183174,13.595967115773249,6.311729784268542,18.903821754230712,0.551516131787716,1.0,1.0,1.0,0.9808591458979914,0.9808591458979914,0,nominal,0.0,0.0,0.0,0.0,0.0,0.0,0.0,0.0,0.0,0.0,0.0,0.0
40350,3188.380659805561,65.49081714233216,1126.85,71.08365408128759,72.90193648274376,13.595967115773249,6.314120671808979,18.910982534784324,0.5516126338741719,1.0,1.0,1.0,0.9808591458979914,0.9808591458979914,0,nominal,0.0,0.0,0.0,0.0,0.0,0.0,0.0,0.0,0.0,0.0,0.0,0.0
40400,3188.380659805561,65.4879699455347,1126.85,71.0821403818523,72.9020098359843,13.595967115773249,6.316511055374058,18.918141805916484,0.5517091803871618,1.0,1.0,1.0,0.9808591458979914,0.9808591458979914,0,nominal,0.0,0.0,0.0,0.0,0.0,0.0,0.0,0.0,0.0,0.0,0.0,0.0
40450,3188.380659805561,65.48511427775446,1126.85,71.08060993163389,72.90208401076002,13.595967115773249,6.318900936675669,18.925299572754348,0.5518057713520611,1.0,1.0,1.0,0.9808591458979914,0.9808591458979914,0,nominal,0.0,0.0,0.0,0.0,0.0,0.0,0.0,0.0,0.0,0.0,0.0,0.0
40500,3188.380659805561,65.48225014043601,1126.85,71.07906274684183,72.90215900627878,13.595967115773247,6.321290317421617,18.932455840412857,0.5519024067942645,1.0,1.0,0.9999999999999996,0.9808591458979913,0.9808591458979913,0,nominal,0.0,0.0,0.0,0.0,0.0,0.0,0.0,0.0,0.0,0.0,0.0,0.0
40550,3188.380659805561,65.47937753502492,1126.85,71.07749884366831,72.90223482174966,13.595967115773249,6.323679199315632,18.939610613994724,0.5519990867391843,1.0,1.0,1.0,0.9808591458979914,0.9808591458979914,0,nominal,0.0,0.0,0.0,0.0,0.0,0.0,0.0,0.0,0.0,0.0,0.0,0.0
40600,3188.380659805561,65.4764964629677,1126.85,71.07591823828835,72.90231145638292,13.595967115773249,6.326067584057339,18.946763898590376,0.5520958112122499,1.0,1.0,1.0,0.9808591458979914,0.9808591458979914,0,nominal,0.0,0.0,0.0,0.0,0.0,0.0,0.0,0.0,0.0,0.0,0.0,0.0
40650,3188.380659805561,65.47360692571186,1126.85,71.07432094685987,72.9023889093901,13.595967115773249,6.328455473342329,18.953915699278173,0.5521925802389103,1.0,1.0,1.0,0.9808591458979914,0.9808591458979914,0,nominal,0.0,0.0,0.0,0.0,0.0,0.0,0.0,0.0,0.0,0.0,0.0,0.0
40700,3188.380659805561,65.47070892470595,1126.85,71.07270698552361,72.90246717998389,13.595967115773249,6.330842868862125,18.96106602112426,0.5522893938446306,1.0,1.0,1.0,0.9808591458979914,0.9808591458979914,0,nominal,0.0,0.0,0.0,0.0,0.0,0.0,0.0,0.0,0.0,0.0,0.0,0.0
40750,3188.380659805561,65.4678024613994,1126.85,71.07107637040332,72.9025462673783,13.595967115773249,6.333229772304225,18.96821486918276,0.5523862520548951,1.0,1.0,1.0,0.9808591458979914,0.9808591458979914,0,nominal,0.0,0.0,0.0,0.0,0.0,0.0,0.0,0.0,0.0,0.0,0.0,0.0
40800,3188.380659805561,65.46488753724276,1126.85,71.0694291176057,72.90262617078852,13.595967115773249,6.335616185352095,18.975362248495692,0.552483154895206,1.0,1.0,1.0,0.9808591458979914,0.9808591458979914,0,nominal,0.0,0.0,0.0,0.0,0.0,0.0,0.0,0.0,0.0,0.0,0.0,0.0
40850,3188.380659805561,65.46196415368752,1126.85,71.06776524322044,72.90270688943103,13.59596711577325,6.338002109685196,18.982508164093097,0.5525801023910835,1.0,1.0,0.9999999999999996,0.9808591458979914,0.9808591458979914,0,nominal,0.0,0.0,0.0,0.0,0.0,0.0,0.0,0.0,0.0,0.0,0.0,0.0
40900,3188.380659805561,65.45903231218614,1126.85,71.0660847633203,72.90278842252354,13.595967115773249,6.340387546978992,18.98965262099304,0.5526770945680654,1.0,1.0,1.0,0.9808591458979914,0.9808591458979914,0,nominal,0.0,0.0,0.0,0.0,0.0,0.0,0.0,0.0,0.0,0.0,0.0,0.0
40950,3188.380659805561,65.45609201419211,1126.85,71.06438769396107,72.90287076928507,13.595967115773249,6.342772498904941,18.996795624201596,0.552774131451708,1.0,1.0,1.0,0.9808591458979914,0.9808591458979914,0,nominal,0.0,0.0,0.0,0.0,0.0,0.0,0.0,0.0,0.0,0.0,0.0,0.0
41000,3188.380659805561,65.45314326115988,1126.85,71.06267405118172,72.9029539289359,13.595967115773249,6.345156967130539,19.003937178712956,0.5528712130675852,1.0,1.0,1.0,0.9808591458979914,0.9808591458979914,0,nominal,0.0,0.0,0.0,0.0,0.0,0.0,0.0,0.0,0.0,0.0,0.0,0.0
41050,3188.380659805561,65.45018605454493,1126.85,71.06094385100431,72.90303790069757,13.595967115773249,6.347540953319318,19.01107728950945,0.5529683394412896,1.0,1.0,1.0,0.9808591458979914,0.9808591458979914,0,nominal,0.0,0.0,0.0,0.0,0.0,0.0,0.0,0.0,0.0,0.0,0.0,0.0
41100,3188.380659805561,65.44722039580375,1126.85,71.05919710943414,72.90312268379293,13.595967115773249,6.349924459130856,19.018215961561573,0.5530655105984321,1.0,1.0,1.0,0.9808591458979914,0.9808591458979914,0,nominal,0.0,0.0,0.0,0.0,0.0,0.0,0.0,0.0,0.0,0.0,0.0,0.0
41150,3188.380659805561,65.44424628639382,1126.85,71.05743384245977,72.90320827744615,13.595967115773249,6.352307486220796,19.025353199828015,0.5531627265646405,1.0,1.0,1.0,0.9808591458979914,0.9808591458979914,0,nominal,0.0,0.0,0.0,0.0,0.0,0.0,0.0,0.0,0.0,0.0,0.0,0.0
41200,3188.380659805561,65.44126372777362,1126.85,71.05565406605291,72.9032946808827,13.595967115773249,6.354690036240845,19.032489009255695,0.5532599873655619,1.0,1.0,1.0,0.9808591458979914,0.9808591458979914,0,nominal,0.0,0.0,0.0,0.0,0.0,0.0,0.0,0.0,0.0,0.0,0.0,0.0
41250,3188.380659805561,65.43827272140265,1126.85,71.0538577961687,72.90338189332934,13.595967115773249,6.357072110838797,19.039623394779802,0.5533572930268612,1.0,1.0,1.0,0.9808591458979914,0.9808591458979914,0,nominal,0.0,0.0,0.0,0.0,0.0,0.0,0.0,0.0,0.0,0.0,0.0,0.0
41300,3188.380659805561,65.43527326874141,1126.85,71.05204504874558,72.90346991401422,13.595967115773249,6.359453711658552,19.04675636132387,0.5534546435742211,1.0,1.0,1.0,0.9808591458979914,0.9808591458979914,0,nominal,0.0,0.0,0.0,0.0,0.0,0.0,0.0,0.0,0.0,0.0,0.0,0.0
41350,3188.380659805561,65.43226537125133,1126.85,71.05021583970529,72.90355874216677,13.59596711577325,6.361834840340106,19.053887913799734,0.5535520390333429,1.0,1.0,0.9999999999999996,0.9808591458979914,0.9808591458979914,0,nominal,0.0,0.0,0.0,0.0,0.0,0.0,0.0,0.0,0.0,0.0,0.0,0.0
41400,3188.380659805561,65.429249030395,1126.85,71.04837018495311,72.90364837701777,13.595967115773249,6.364215498519587,19.06101805710765,0.5536494794299466,1.0,1.0,1.0,0.9808591458979914,0.9808591458979914,0,nominal,0.0,0.0,0.0,0.0,0.0,0.0,0.0,0.0,0.0,0.0,0.0,0.0
41450,3188.380659805561,65.4262242476359,1126.85,71.04650810037771,72.90373881779938,13.595967115773249,6.366595687829244,19.068146796136244,0.553746964789769,1.0,1.0,1.0,0.9808591458979914,0.9808591458979914,0,nominal,0.0,0.0,0.0,0.0,0.0,0.0,0.0,0.0,0.0,0.0,0.0,0.0
41500,3188.380659805561,65.42319102443861,1126.85,71.04462960185117,72.90383006374509,13.595967115773249,6.368975409897475,19.075274135762626,0.5538444951385664,1.0,1.0,1.0,0.9808591458979914,0.9808591458979914,0,nominal,0.0,0.0,0.0,0.0,0.0,0.0,0.0,0.0,0.0,0.0,0.0,0.0
41550,3188.380659805561,65.4201493622686,1126.85,71.04273470522924,72.90392211408977,13.595967115773249,6.371354666348839,19.082400080852405,0.5539420705021131,1.0,1.0,1.0,0.9808591458979914,0.9808591458979914,0,nominal,0.0,0.0,0.0,0.0,0.0,0.0,0.0,0.0,0.0,0.0,0.0,0.0
41600,3188.380659805561,65.4170992625925,1126.85,71.0408234263511,72.90401496806969,13.59596711577325,6.373733458804045,19.08952463625964,0.5540396909062009,1.0,1.0,0.9999999999999996,0.9808591458979914,0.9808591458979914,0,nominal,0.0,0.0,0.0,0.0,0.0,0.0,0.0,0.0,0.0,0.0,0.0,0.0
41650,3188.380659805561,65.41404072687789,1126.85,71.03889578103957,72.90410862492247,13.595967115773249,6.376111788879998,19.096647806827015,0.554137356376641,1.0,1.0,1.0,0.9808591458979914,0.9808591458979914,0,nominal,0.0,0.0,0.0,0.0,0.0,0.0,0.0,0.0,0.0,0.0,0.0,0.0
41700,3188.380659805561,65.41097375659331,1126.85,71.03695178510111,72.90420308388715,13.595967115773249,6.378489658189788,19.10376959738579,0.554235066939262,1.0,1.0,1.0,0.9808591458979914,0.9808591458979914,0,nominal,0.0,0.0,0.0,0.0,0.0,0.0,0.0,0.0,0.0,0.0,0.0,0.0
41750,3188.380659805561,65.4078983532084,1126.85,71.0349914543259,72.90429834420418,13.595967115773249,6.380867068342698,19.110890012755807,0.5543328226199113,1.0,1.0,1.0,0.9808591458979914,0.9808591458979914,0,nominal,0.0,0.0,0.0,0.0,0.0,0.0,0.0,0.0,0.0,0.0,0.0,0.0
41800,3188.380659805561,65.40481451819375,1126.85,71.03301480448772,72.90439440511537,13.595967115773249,6.383244020944253,19.118009057745667,0.5544306234444547,1.0,1.0,1.0,0.9808591458979914,0.9808591458979914,0,nominal,0.0,0.0,0.0,0.0,0.0,0.0,0.0,0.0,0.0,0.0,0.0,0.0
41850,3188.380659805561,65.40172225302103,1126.85,71.03102185134406,72.90449126586401,13.595967115773249,6.385620517596161,19.125126737152534,0.5545284694387759,1.0,1.0,1.0,0.9808591458979914,0.9808591458979914,0,nominal,0.0,0.0,0.0,0.0,0.0,0.0,0.0,0.0,0.0,0.0,0.0,0.0
41900,3188.380659805561,65.39862155916296,1126.85,71.02901261063636,72.9045889256948,13.595967115773249,6.387996559896405,19.132243055762416,0.5546263606287775,1.0,1.0,1.0,0.9808591458979914,0.9808591458979914,0,nominal,0.0,0.0,0.0,0.0,0.0,0.0,0.0,0.0,0.0,0.0,0.0,0.0
41950,3188.380659805561,65.39551243809319,1126.85,71.0269870980897,72.90468738385388,13.595967115773249,6.390372149439181,19.139358018349974,0.5547242970403793,1.0,1.0,1.0,0.9808591458979914,0.9808591458979914,0,nominal,0.0,0.0,0.0,0.0,0.0,0.0,0.0,0.0,0.0,0.0,0.0,0.0
42000,3188.380659805561,65.39239489128647,1126.85,71.02494532941307,72.9047866395888,13.595967115773249,6.392747287814983,19.146471629678793,0.5548222786995216,1.0,1.0,1.0,0.9808591458979914,0.9808591458979914,0,nominal,0.0,0.0,0.0,0.0,0.0,0.0,0.0,0.0,0.0,0.0,0.0,0.0
42050,3188.380659805561,65.38926892021857,1126.85,71.02288732029928,72.90488669214866,13.595967115773249,6.39512197661054,19.15358389450116,0.5549203056321611,1.0,1.0,1.0,0.9808591458979914,0.9808591458979914,0,nominal,0.0,0.0,0.0,0.0,0.0,0.0,0.0,0.0,0.0,0.0,0.0,0.0
42100,3188.380659805561,65.38613452636622,1126.85,71.02081308642516,72.90498754078389,13.595967115773249,6.397496217408878,19.160694817558305,0.5550183778642739,1.0,1.0,1.0,0.9808591458979914,0.9808591458979914,0,nominal,0.0,0.0,0.0,0.0,0.0,0.0,0.0,0.0,0.0,0.0,0.0,0.0
42150,3188.380659805561,65.38299171120724,1126.85,71.01872264345144,72.90508918474653,13.595967115773249,6.39987001178932,19.167804403580334,0.5551164954218544,1.0,1.0,1.0,0.9808591458979914,0.9808591458979914,0,nominal,0.0,0.0,0.0,0.0,0.0,0.0,0.0,0.0,0.0,0.0,0.0,0.0
42200,3188.380659805561,65.37984047622047,1126.85,71.01661600702278,72.90519162329,13.595967115773249,6.402243361327492,19.1749126572863,0.5552146583309152,1.0,1.0,1.0,0.9808591458979914,0.9808591458979914,0,nominal,0.0,0.0,0.0,0.0,0.0,0.0,0.0,0.0,0.0,0.0,0.0,0.0
42250,3188.380659805561,65.37668082288576,1126.85,71.01449319276787,72.90529485566925,13.595967115773249,6.404616267595322,19.182019583384175,0.555312866617488,1.0,1.0,1.0,0.9808591458979914,0.9808591458979914,0,nominal,0.0,0.0,0.0,0.0,0.0,0.0,0.0,0.0,0.0,0.0,0.0,0.0
42300,3188.380659805561,65.37351275268401,1126.85,71.01235421629957,72.90539888114075,13.595967115773249,6.406988732161081,19.18912518657098,0.5554111203076222,1.0,1.0,1.0,0.9808591458979914,0.9808591458979914,0,nominal,0.0,0.0,0.0,0.0,0.0,0.0,0.0,0.0,0.0,0.0,0.0,0.0
42350,3188.380659805561,65.37033626709717,1126.85,71.01019909321468,72.90550369896243,13.595967115773247,6.409360756589369,19.196229471532735,0.5555094194273861,1.0,1.0,0.9999999999999996,0.9808591458979913,0.9808591458979913,0,nominal,0.0,0.0,0.0,0.0,0.0,0.0,0.0,0.0,0.0,0.0,0.0,0.0
42400,3188.380659805561,65.36715136760819,1126.85,71.00802783909421,72.90560930839379,13.595967115773249,6.411732342441139,19.203332442944543,0.5556077640028667,1.0,1.0,1.0,0.9808591458979914,0.9808591458979914,0,nominal,0.0,0.0,0.0,0.0,0.0,0.0,0.0,0.0,0.0,0.0,0.0,0.0
42450,3188.380659805561,65.36395805570112,1126.85,71.00584046950331,72.9057157086958,13.595967115773249,6.414103491273695,19.210434105470576,0.5557061540601692,1.0,1.0,1.0,0.9808591458979914,0.9808591458979914,0,nominal,0.0,0.0,0.0,0.0,0.0,0.0,0.0,0.0,0.0,0.0,0.0,0.0
42500,3188.380659805561,65.36075633286094,1126.85,71.00363699999127,72.90582289913101,13.595967115773249,6.416474204640721,19.217534463764167,0.5558045896254173,1.0,1.0,1.0,0.9808591458979914,0.9808591458979914,0,nominal,0.0,0.0,0.0,0.0,0.0,0.0,0.0,0.0,0.0,0.0,0.0,0.0
42550,3188.380659805561,65.35754620057378,1126.85,71.0014174460917,72.90593087896347,13.595967115773249,6.418844484092277,19.22463352246779,0.5559030707247535,1.0,1.0,1.0,0.9808591458979914,0.9808591458979914,0,nominal,0.0,0.0,0.0,0.0,0.0,0.0,0.0,0.0,0.0,0.0,0.0,0.0
42600,3188.380659805561,65.3543276603267,1126.85,70.99918182332237,72.90603964745887,13.595967115773249,6.42121433117482,19.23173128621313,0.5560015973843391,1.0,1.0,1.0,0.9808591458979914,0.9808591458979914,0,nominal,0.0,0.0,0.0,0.0,0.0,0.0,0.0,0.0,0.0,0.0,0.0,0.0
42650,3188.380659805561,65.35110071360793,1126.85,70.99693014718542,72.90614920388434,13.595967115773249,6.423583747431211,19.23882775962111,0.5561001696303538,1.0,1.0,1.0,0.9808591458979914,0.9808591458979914,0,nominal,0.0,0.0,0.0,0.0,0.0,0.0,0.0,0.0,0.0,0.0,0.0,0.0
42700,3188.380659805561,65.3478653619066,1126.85,70.99466243316732,72.90625954750865,13.595967115773249,6.425952734400711,19.24592294730185,0.5561987874889954,1.0,1.0,1.0,0.9808591458979914,0.9808591458979914,0,nominal,0.0,0.0,0.0,0.0,0.0,0.0,0.0,0.0,0.0,0.0,0.0,0.0
42750,3188.380659805561,65.34462160671302,1126.85,70.9923786967388,72.90637067760217,13.595967115773249,6.428321293619031,19.253016853854863,0.5562974509864811,1.0,1.0,1.0,0.9808591458979914,0.9808591458979914,0,nominal,0.0,0.0,0.0,0.0,0.0,0.0,0.0,0.0,0.0,0.0,0.0,0.0
42800,3188.380659805561,65.34136944951848,1126.85,70.99007895335512,72.9064825934368,13.595967115773249,6.430689426618294,19.260109483868895,0.5563961601490466,1.0,1.0,1.0,0.9808591458979914,0.9808591458979914,0,nominal,0.0,0.0,0.0,0.0,0.0,0.0,0.0,0.0,0.0,0.0,0.0,0.0
42850,3188.380659805561,65.3381088918153,1126.85,70.98776321845588,72.90659529428608,13.595967115773249,6.433057134927076,19.26720084192209,0.5564949150029457,1.0,1.0,1.0,0.9808591458979914,0.9808591458979914,0,nominal,0.0,0.0,0.0,0.0,0.0,0.0,0.0,0.0,0.0,0.0,0.0,0.0
42900,3188.380659805561,65.33483993509685,1126.85,70.9854315074652,72.90670877942512,13.595967115773249,6.43542442007042,19.27429093258198,0.5565937155744515,1.0,1.0,1.0,0.9808591458979914,0.9808591458979914,0,nominal,0.0,0.0,0.0,0.0,0.0,0.0,0.0,0.0,0.0,0.0,0.0,0.0
42950,3188.380659805561,65.33156258085756,1126.85,70.98308383579166,72.90682304813066,13.595967115773249,6.437791283569822,19.281379760405503,0.5566925618898554,1.0,1.0,1.0,0.9808591458979914,0.9808591458979914,0,nominal,0.0,0.0,0.0,0.0,0.0,0.0,0.0,0.0,0.0,0.0,0.0,0.0
43000,3188.380659805561,65.32827683059293,1126.85,70.98072021882842,72.9069380996811,13.595967115773247,6.440157726943267,19.288467329939067,0.5567914539754679,1.0,1.0,0.9999999999999996,0.9808591458979913,0.9808591458979913,0,nominal,0.0,0.0,0.0,0.0,0.0,0.0,0.0,0.0,0.0,0.0,0.0,0.0
43050,3188.380659805561,65.32498268579951,1126.85,70.9783406719531,72.90705393335638,13.595967115773249,6.442523751705237,19.2955536457186,0.5568903918576181,1.0,1.0,1.0,0.9808591458979914,0.9808591458979914,0,nominal,0.0,0.0,0.0,0.0,0.0,0.0,0.0,0.0,0.0,0.0,0.0,0.0
43100,3188.380659805561,65.32168014797486,1126.85,70.97594521052804,72.90717054843817,13.59596711577325,6.44488935936668,19.30263871226942,0.5569893755626536,1.0,1.0,0.9999999999999996,0.9808591458979914,0.9808591458979914,0,nominal,0.0,0.0,0.0,0.0,0.0,0.0,0.0,0.0,0.0,0.0,0.0,0.0
43150,3188.380659805561,65.31836921861765,1126.85,70.97353384990015,72.90728794420977,13.595967115773249,6.447254551435084,19.309722534106516,0.557088405116941,1.0,1.0,1.0,0.9808591458979914,0.9808591458979914,0,nominal,0.0,0.0,0.0,0.0,0.0,0.0,0.0,0.0,0.0,0.0,0.0,0.0
43200,3188.380659805561,65.31504989922752,1126.85,70.97110660540102,72.90740611995611,13.595967115773249,6.449619329414458,19.31680511573443,0.5571874805468657,1.0,1.0,1.0,0.9808591458979914,0.9808591458979914,0,nominal,0.0,0.0,0.0,0.0,0.0,0.0,0.0,0.0,0.0,0.0,0.0,0.0
43250,3188.380659805561,65.31172219130531,1126.85,70.96866349234693,72.90752507496377,13.595967115773249,6.4519836948053255,19.323886461647277,0.557286601878832,1.0,1.0,1.0,0.9808591458979914,0.9808591458979914,0,nominal,0.0,0.0,0.0,0.0,0.0,0.0,0.0,0.0,0.0,0.0,0.0,0.0
43300,3188.380659805561,65.30838609635276,1126.85,70.9662045260389,72.90764480852107,13.595967115773249,6.454347649104755,19.330966576328823,0.5573857691392625,1.0,1.0,1.0,0.9808591458979914,0.9808591458979914,0,nominal,0.0,0.0,0.0,0.0,0.0,0.0,0.0,0.0,0.0,0.0,0.0,0.0
43350,3188.380659805561,65.30504161587271,1126.85,70.96372972176272,72.90776531991797,13.595967115773249,6.45671119380638,19.33804546425255,0.5574849823545991,1.0,1.0,1.0,0.9808591458979914,0.9808591458979914,0,nominal,0.0,0.0,0.0,0.0,0.0,0.0,0.0,0.0,0.0,0.0,0.0,0.0
43400,3188.380659805561,65.30168875136917,1126.85,70.96123909478894,72.90788660844613,13.595967115773249,6.459074330400377,19.345123129881575,0.557584241551302,1.0,1.0,1.0,0.9808591458979914,0.9808591458979914,0,nominal,0.0,0.0,0.0,0.0,0.0,0.0,0.0,0.0,0.0,0.0,0.0,0.0
43450,3188.380659805561,65.29832750434707,1126.85,70.95873266037296,72.90800867339894,13.595967115773249,6.461437060373501,19.352199577668777,0.5576835467558515,1.0,1.0,1.0,0.9808591458979914,0.9808591458979914,0,nominal,0.0,0.0,0.0,0.0,0.0,0.0,0.0,0.0,0.0,0.0,0.0,0.0
43500,3188.380659805561,65.29495787631242,1126.85,70.95621043375507,72.90813151407143,13.595967115773249,6.463799385209096,19.35927481205682,0.5577828979947457,1.0,1.0,1.0,0.9808591458979914,0.9808591458979914,0,nominal,0.0,0.0,0.0,0.0,0.0,0.0,0.0,0.0,0.0,0.0,0.0,0.0
43550,3188.380659805561,65.29157986877237,1126.85,70.95367243016045,72.90825512976042,13.595967115773249,6.466161306387097,19.366348837478146,0.5578822952945016,1.0,1.0,1.0,0.9808591458979914,0.9808591458979914,0,nominal,0.0,0.0,0.0,0.0,0.0,0.0,0.0,0.0,0.0,0.0,0.0,0.0
43600,3188.380659805561,65.28819348323509,1126.85,70.9511186647992,72.90837951976444,13.595967115773249,6.468522825384031,19.373421658355007,0.5579817386816552,1.0,1.0,1.0,0.9808591458979914,0.9808591458979914,0,nominal,0.0,0.0,0.0,0.0,0.0,0.0,0.0,0.0,0.0,0.0,0.0,0.0
43650,3188.380659805561,65.28479872120982,1126.85,70.94854915286635,72.90850468338371,13.595967115773249,6.470883943673054,19.380493279099547,0.5580812281827621,1.0,1.0,1.0,0.9808591458979914,0.9808591458979914,0,nominal,0.0,0.0,0.0,0.0,0.0,0.0,0.0,0.0,0.0,0.0,0.0,0.0
43700,3188.380659805561,65.28139558420685,1126.85,70.94596390954194,72.90863061992029,13.595967115773249,6.473244662723929,19.387563704113745,0.5581807638243962,1.0,1.0,1.0,0.9808591458979914,0.9808591458979914,0,nominal,0.0,0.0,0.0,0.0,0.0,0.0,0.0,0.0,0.0,0.0,0.0,0.0
43750,3188.380659805561,65.27798407373757,1126.85,70.94336294999107,72.90875732867788,13.595967115773249,6.475604984003065,19.39463293778955,0.5582803456331504,1.0,1.0,1.0,0.9808591458979914,0.9808591458979914,0,nominal,0.0,0.0,0.0,0.0,0.0,0.0,0.0,0.0,0.0,0.0,0.0,0.0
43800,3188.380659805561,65.27456419131443,1126.85,70.94074628936391,72.90888480896201,13.595967115773249,6.4779649089735,19.401700984508793,0.5583799736356363,1.0,1.0,1.0,0.9808591458979914,0.9808591458979914,0,nominal,0.0,0.0,0.0,0.0,0.0,0.0,0.0,0.0,0.0,0.0,0.0,0.0
43850,3188.380659805561,65.27113593845087,1126.85,70.93811394279561,72.90901306008,13.595967115773249,6.480324439094949,19.40876784864337,0.5584796478584855,1.0,1.0,1.0,0.9808591458979914,0.9808591458979914,0,nominal,0.0,0.0,0.0,0.0,0.0,0.0,0.0,0.0,0.0,0.0,0.0,0.0
43900,3188.380659805561,65.26769931666149,1126.85,70.93546592540656,72.90914208134087,13.595967115773249,6.482683575823771,19.415833534555123,0.5585793683283481,1.0,1.0,1.0,0.9808591458979914,0.9808591458979914,0,nominal,0.0,0.0,0.0,0.0,0.0,0.0,0.0,0.0,0.0,0.0,0.0,0.0
43950,3188.380659805561,65.26425432746197,1126.85,70.93280225230228,72.90927187205553,13.595967115773249,6.485042320612989,19.422898046595904,0.5586791350718924,1.0,1.0,1.0,0.9808591458979914,0.9808591458979914,0,nominal,0.0,0.0,0.0,0.0,0.0,0.0,0.0,0.0,0.0,0.0,0.0,0.0
44000,3188.380659805561,65.26080097236905,1126.85,70.93012293857339,72.90940243153658,13.595967115773249,6.487400674912343,19.429961389107717,0.5587789481158071,1.0,1.0,1.0,0.9808591458979914,0.9808591458979914,0,nominal,0.0,0.0,0.0,0.0,0.0,0.0,0.0,0.0,0.0,0.0,0.0,0.0
44050,3188.380659805561,65.25733925290046,1126.85,70.92742799929584,72.90953375909848,13.595967115773249,6.489758640168223,19.437023566422553,0.558878807486799,1.0,1.0,1.0,0.9808591458979914,0.9808591458979914,0,nominal,0.0,0.0,0.0,0.0,0.0,0.0,0.0,0.0,0.0,0.0,0.0,0.0
44100,3188.380659805561,65.25386917057511,1126.85,70.92471744953082,72.90966585405754,13.595967115773249,6.492116217823759,19.444084582862626,0.5589787132115943,1.0,1.0,1.0,0.9808591458979914,0.9808591458979914,0,nominal,0.0,0.0,0.0,0.0,0.0,0.0,0.0,0.0,0.0,0.0,0.0,0.0
44150,3188.380659805561,65.25039072691294,1126.85,70.9219913043247,72.9097987157318,13.595967115773249,6.494473409318775,19.451144442740247,0.5590786653169386,1.0,1.0,1.0,0.9808591458979914,0.9808591458979914,0,nominal,0.0,0.0,0.0,0.0,0.0,0.0,0.0,0.0,0.0,0.0,0.0,0.0
44200,3188.380659805561,65.24690392343496,1126.85,70.9192495787093,72.9099323434412,13.595967115773249,6.496830216089822,19.458203150357942,0.559178663829596,1.0,1.0,1.0,0.9808591458979914,0.9808591458979914,0,nominal,0.0,0.0,0.0,0.0,0.0,0.0,0.0,0.0,0.0,0.0,0.0,0.0
44250,3188.380659805561,65.24340876166326,1126.85,70.91649228770171,72.9100667365075,13.595967115773249,6.4991866395701745,19.465260710008405,0.55927870877635,1.0,1.0,1.0,0.9808591458979914,0.9808591458979914,0,nominal,0.0,0.0,0.0,0.0,0.0,0.0,0.0,0.0,0.0,0.0,0.0,0.0
44300,3188.380659805561,65.23990524312109,1126.85,70.91371944630441,72.9102018942543,13.595967115773249,6.501542681189866,19.472317125974627,0.5593788001840038,1.0,1.0,1.0,0.9808591458979914,0.9808591458979914,0,nominal,0.0,0.0,0.0,0.0,0.0,0.0,0.0,0.0,0.0,0.0,0.0,0.0
44350,3188.380659805561,65.23639336933263,1126.85,70.91093106950524,72.91033781600706,13.595967115773249,6.503898342375668,19.479372402529837,0.5594789380793785,1.0,1.0,1.0,0.9808591458979914,0.9808591458979914,0,nominal,0.0,0.0,0.0,0.0,0.0,0.0,0.0,0.0,0.0,0.0,0.0,0.0
44400,3188.380659805561,65.23287314182323,1126.85,70.90812717227755,72.91047450109309,13.595967115773249,6.506253624551115,19.486426543937558,0.5595791224893158,1.0,1.0,1.0,0.9808591458979914,0.9808591458979914,0,nominal,0.0,0.0,0.0,0.0,0.0,0.0,0.0,0.0,0.0,0.0,0.0,0.0
44450,3188.380659805561,65.22934456211937,1126.85,70.90530776958013,72.91061194884159,13.595967115773249,6.508608529136515,19.49347955445166,0.5596793534406757,1.0,1.0,1.0,0.9808591458979914,0.9808591458979914,0,nominal,0.0,0.0,0.0,0.0,0.0,0.0,0.0,0.0,0.0,0.0,0.0,0.0
44500,3188.380659805561,65.22580763174852,1126.85,70.90247287635731,72.91075015858362,13.595967115773249,6.51096305754895,19.500531438316347,0.5597796309603373,1.0,1.0,1.0,0.9808591458979914,0.9808591458979914,0,nominal,0.0,0.0,0.0,0.0,0.0,0.0,0.0,0.0,0.0,0.0,0.0,0.0
44550,3188.380659805561,65.22226235223928,1126.85,70.89962250753888,72.91088912965215,13.595967115773249,6.513317211202306,19.507582199766247,0.5598799550751997,1.0,1.0,1.0,0.9808591458979914,0.9808591458979914,0,nominal,0.0,0.0,0.0,0.0,0.0,0.0,0.0,0.0,0.0,0.0,0.0,0.0
44600,3188.380659805561,65.2187087251213,1126.85,70.89675667804028,72.91102886138202,13.595967115773249,6.515670991507257,19.514631843026375,0.5599803258121809,1.0,1.0,1.0,0.9808591458979914,0.9808591458979914,0,nominal,0.0,0.0,0.0,0.0,0.0,0.0,0.0,0.0,0.0,0.0,0.0,0.0
44650,3188.380659805561,65.21514675192537,1126.85,70.89387540276243,72.91116935311001,13.595967115773249,6.518024399871286,19.521680372312183,0.5600807431982174,1.0,1.0,1.0,0.9808591458979914,0.9808591458979914,0,nominal,0.0,0.0,0.0,0.0,0.0,0.0,0.0,0.0,0.0,0.0,0.0,0.0
44700,3188.380659805561,65.21157643418337,1126.85,70.89097869659201,72.91131060417476,13.595967115773249,6.520377437698694,19.528727791829596,0.5601812072602664,1.0,1.0,1.0,0.9808591458979914,0.9808591458979914,0,nominal,0.0,0.0,0.0,0.0,0.0,0.0,0.0,0.0,0.0,0.0,0.0,0.0
44750,3188.380659805561,65.20799777342819,1126.85,70.88806657440131,72.91145261391686,13.595967115773249,6.522730106390624,19.535774105775076,0.5602817180253036,1.0,1.0,1.0,0.9808591458979914,0.9808591458979914,0,nominal,0.0,0.0,0.0,0.0,0.0,0.0,0.0,0.0,0.0,0.0,0.0,0.0
44800,3188.380659805561,65.20441077119386,1126.85,70.88513905104827,72.91159538167884,13.595967115773249,6.5250824073450335,19.542819318335553,0.5603822755203234,1.0,1.0,1.0,0.9808591458979914,0.9808591458979914,0,nominal,0.0,0.0,0.0,0.0,0.0,0.0,0.0,0.0,0.0,0.0,0.0,0.0
44850,3188.380659805561,65.2008154290155,1126.85,70.88219614137654,72.91173890680513,13.595967115773249,6.527434341956744,19.549863433688557,0.5604828797723408,1.0,1.0,1.0,0.9808591458979914,0.9808591458979914,0,nominal,0.0,0.0,0.0,0.0,0.0,0.0,0.0,0.0,0.0,0.0,0.0,0.0
44900,3188.380659805561,65.19721174842937,1126.85,70.8792378602156,72.91188318864214,13.595967115773249,6.529785911617424,19.556906456002178,0.5605835308083895,1.0,1.0,1.0,0.9808591458979914,0.9808591458979914,0,nominal,0.0,0.0,0.0,0.0,0.0,0.0,0.0,0.0,0.0,0.0,0.0,0.0
44950,3188.380659805561,65.19359973097272,1126.85,70.87626422238066,72.9120282265382,13.595967115773249,6.53213711771561,19.563948389435126,0.5606842286555223,1.0,1.0,1.0,0.9808591458979914,0.9808591458979914,0,nominal,0.0,0.0,0.0,0.0,0.0,0.0,0.0,0.0,0.0,0.0,0.0,0.0
45000,3188.380659805561,65.18997937818403,1126.85,70.87327524267272,72.9121740198436,13.595967115773249,6.534487961636718,19.57098923813676,0.5607849733408119,1.0,1.0,1.0,0.9808591458979914,0.9808591458979914,0,nominal,0.0,0.0,0.0,0.0,0.0,0.0,0.0,0.0,0.0,0.0,0.0,0.0
45050,3188.380659805561,65.18636035340074,1126.85,70.87028902590146,72.91232056791065,13.595967115773249,6.534218853113337,19.570183249963563,0.5607849733408119,1.0,1.0,1.0,0.9808591458979914,0.9808591458979914,0,nominal,0.0,0.0,0.0,0.0,0.0,0.0,0.0,0.0,0.0,0.0,0.0,0.0
45100,3188.380659805561,65.18274265624831,1126.85,70.8673055691184,72.9124669831256,13.595967115773249,6.533949958172517,19.5693779014766,0.5607849733408119,1.0,1.0,1.0,0.9808591458979914,0.9808591458979914,0,nominal,0.0,0.0,0.0,0.0,0.0,0.0,0.0,0.0,0.0,0.0,0.0,0.0
45150,3188.380659805561,65.17912628635213,1126.85,70.8643248693781,72.9126132656648,13.595967115773249,6.53368127664061,19.568573192155792,0.5607849733408119,1.0,1.0,1.0,0.9808591458979914,0.9808591458979914,0,nominal,0.0,0.0,0.0,0.0,0.0,0.0,0.0,0.0,0.0,0.0,0.0,0.0
45200,3188.380659805561,65.1755112433375,1126.85,70.86134692373832,72.91275941570416,13.595967115773249,6.533412808344037,19.567769121481266,0.5607849733408119,1.0,1.0,1.0,0.9808591458979914,0.9808591458979914,0,nominal,0.0,0.0,0.0,0.0,0.0,0.0,0.0,0.0,0.0,0.0,0.0,0.0
45250,3188.380659805561,65.1718975268297,1126.85,70.85837172926,72.91290543341916,13.595967115773249,6.533144553109312,19.566965688933422,0.5607849733408119,1.0,1.0,1.0,0.9808591458979914,0.9808591458979914,0,nominal,0.0,0.0,0.0,0.0,0.0,0.0,0.0,0.0,0.0,0.0,0.0,0.0
45300,3188.380659805561,65.16828513645385,1126.85,70.8553992830071,72.91305131898486,13.595967115773249,6.532876510763036,19.566162893992924,0.5607849733408119,1.0,1.0,1.0,0.9808591458979914,0.9808591458979914,0,nominal,0.0,0.0,0.0,0.0,0.0,0.0,0.0,0.0,0.0,0.0,0.0,0.0
45350,3188.380659805561,65.16467407183512,1126.85,70.8524295820468,72.91319707257588,13.595967115773249,6.5326086811318875,19.565360736140676,0.5607849733408119,1.0,1.0,1.0,0.9808591458979914,0.9808591458979914,0,nominal,0.0,0.0,0.0,0.0,0.0,0.0,0.0,0.0,0.0,0.0,0.0,0.0
45400,3188.380659805561,65.16106433259853,1126.85,70.84946262344931,72.91334269436643,13.595967115773249,6.532341064042635,19.564559214857834,0.5607849733408119,1.0,1.0,1.0,0.9808591458979914,0.9808591458979914,0,nominal,0.0,0.0,0.0,0.0,0.0,0.0,0.0,0.0,0.0,0.0,0.0,0.0
45450,3188.380659805561,65.15745591836901,1126.85,70.84649840428801,72.91348818453032,13.595967115773249,6.5320736593221245,19.56375832962581,0.5607849733408119,1.0,1.0,1.0,0.9808591458979914,0.9808591458979914,0,nominal,0.0,0.0,0.0,0.0,0.0,0.0,0.0,0.0,0.0,0.0,0.0,0.0
45500,3188.380659805561,65.15384882877152,1126.85,70.84353692163938,72.91363354324089,13.595967115773249,6.531806466797291,19.562958079926258,0.5607849733408119,1.0,1.0,1.0,0.9808591458979914,0.9808591458979914,0,nominal,0.0,0.0,0.0,0.0,0.0,0.0,0.0,0.0,0.0,0.0,0.0,0.0
45550,3188.380659805561,65.15024306343082,1126.85,70.84057817258304,72.91377877067112,13.595967115773249,6.531539486295156,19.5621584652411,0.5607849733408119,1.0,1.0,1.0,0.9808591458979914,0.9808591458979914,0,nominal,0.0,0.0,0.0,0.0,0.0,0.0,0.0,0.0,0.0,0.0,0.0,0.0
45600,3188.380659805561,65.14663862197176,1126.85,70.8376221542016,72.91392386699351,13.595967115773249,6.531272717642819,19.56135948505251,0.5607849733408119,1.0,1.0,1.0,0.9808591458979914,0.9808591458979914,0,nominal,0.0,0.0,0.0,0.0,0.0,0.0,0.0,0.0,0.0,0.0,0.0,0.0
45650,3188.380659805561,65.14303550401894,1126.85,70.83466886358093,72.91406883238022,13.595967115773249,6.531006160667472,19.560561138842907,0.5607849733408119,1.0,1.0,1.0,0.9808591458979914,0.9808591458979914,0,nominal,0.0,0.0,0.0,0.0,0.0,0.0,0.0,0.0,0.0,0.0,0.0,0.0
45700,3188.380659805561,65.13943370919708,1126.85,70.83171829780997,72.91421366700294,13.595967115773249,6.530739815196387,19.55976342609497,0.5607849733408119,1.0,1.0,1.0,0.9808591458979914,0.9808591458979914,0,nominal,0.0,0.0,0.0,0.0,0.0,0.0,0.0,0.0,0.0,0.0,0.0,0.0
45750,3188.380659805561,65.13583323713067,1126.85,70.82877045398067,72.91435837103299,13.595967115773249,6.530473681056929,19.55896634629165,0.5607849733408119,1.0,1.0,1.0,0.9808591458979914,0.9808591458979914,0,nominal,0.0,0.0,0.0,0.0,0.0,0.0,0.0,0.0,0.0,0.0,0.0,0.0
45800,3188.380659805561,65.13223408744426,1126.85,70.82582532918815,72.91450294464124,13.595967115773249,6.530207758076536,19.558169898916127,0.5607849733408119,1.0,1.0,1.0,0.9808591458979914,0.9808591458979914,0,nominal,0.0,0.0,0.0,0.0,0.0,0.0,0.0,0.0,0.0,0.0,0.0,0.0
45850,3188.380659805561,65.12863625976223,1126.85,70.82288292053062,72.9146473879982,13.595967115773249,6.52994204608274,19.55737408345185,0.5607849733408119,1.0,1.0,1.0,0.9808591458979914,0.9808591458979914,0,nominal,0.0,0.0,0.0,0.0,0.0,0.0,0.0,0.0,0.0,0.0,0.0,0.0
45900,3188.380659805561,65.12503975370896,1126.85,70.81994322510934,72.91479170127394,13.595967115773249,6.5296765449031575,19.55657889938252,0.5607849733408119,1.0,1.0,1.0,0.9808591458979914,0.9808591458979914,0,nominal,0.0,0.0,0.0,0.0,0.0,0.0,0.0,0.0,0.0,0.0,0.0,0.0
45950,3188.380659805561,65.12144456890877,1126.85,70.81700624002872,72.91493588463814,13.595967115773249,6.52941125436549,19.5557843461921,0.5607849733408119,1.0,1.0,1.0,0.9808591458979914,0.9808591458979914,0,nominal,0.0,0.0,0.0,0.0,0.0,0.0,0.0,0.0,0.0,0.0,0.0,0.0
46000,3188.380659805561,65.11785070498587,1126.85,70.81407196239621,72.91507993826008,13.595967115773249,6.529146174297522,19.554990423364803,0.5607849733408119,1.0,1.0,1.0,0.9808591458979914,0.9808591458979914,0,nominal,0.0,0.0,0.0,0.0,0.0,0.0,0.0,0.0,0.0,0.0,0.0,0.0
46050,3188.380659805561,65.11425816156441,1126.85,70.81114038932236,72.91522386230864,13.595967115773249,6.528881304527133,19.55419713038512,0.5607849733408119,1.0,1.0,1.0,0.9808591458979914,0.9808591458979914,0,nominal,0.0,0.0,0.0,0.0,0.0,0.0,0.0,0.0,0.0,0.0,0.0,0.0
46100,3188.380659805561,65.11066693826854,1126.85,70.80821151792077,72.9153676569523,13.595967115773249,6.528616644882276,19.553404466737764,0.5607849733408119,1.0,1.0,1.0,0.9808591458979914,0.9808591458979914,0,nominal,0.0,0.0,0.0,0.0,0.0,0.0,0.0,0.0,0.0,0.0,0.0,0.0
46150,3188.380659805561,65.10707703472224,1126.85,70.80528534530816,72.91551132235915,13.595967115773249,6.528352195190997,19.552612431907733,0.5607849733408119,1.0,1.0,1.0,0.9808591458979914,0.9808591458979914,0,nominal,0.0,0.0,0.0,0.0,0.0,0.0,0.0,0.0,0.0,0.0,0.0,0.0
46200,3188.380659805561,65.10348845054955,1126.85,70.8023618686043,72.91565485869685,13.595967115773249,6.528087955281429,19.551821025380274,0.5607849733408119,1.0,1.0,1.0,0.9808591458979914,0.9808591458979914,0,nominal,0.0,0.0,0.0,0.0,0.0,0.0,0.0,0.0,0.0,0.0,0.0,0.0
46250,3188.380659805561,65.09990118537434,1126.85,70.79944108493203,72.91579826613274,13.595967115773249,6.5278239249817895,19.551030246640895,0.5607849733408119,1.0,1.0,1.0,0.9808591458979914,0.9808591458979914,0,nominal,0.0,0.0,0.0,0.0,0.0,0.0,0.0,0.0,0.0,0.0,0.0,0.0
46300,3188.380659805561,65.09631523882047,1126.85,70.79652299141725,72.91594154483371,13.595967115773249,6.527560104120383,19.55024009517536,0.5607849733408119,1.0,1.0,1.0,0.9808591458979914,0.9808591458979914,0,nominal,0.0,0.0,0.0,0.0,0.0,0.0,0.0,0.0,0.0,0.0,0.0,0.0
46350,3188.380659805561,65.09273061051175,1126.85,70.79360758518897,72.91608469496626,13.595967115773249,6.527296492525596,19.54945057046969,0.5607849733408119,1.0,1.0,1.0,0.9808591458979914,0.9808591458979914,0,nominal,0.0,0.0,0.0,0.0,0.0,0.0,0.0,0.0,0.0,0.0,0.0,0.0
46400,3188.380659805561,65.08914730007189,1126.85,70.7906948633792,72.91622771669653,13.595967115773249,6.527033090025917,19.548661672010198,0.5607849733408119,1.0,1.0,1.0,0.9808591458979914,0.9808591458979914,0,nominal,0.0,0.0,0.0,0.0,0.0,0.0,0.0,0.0,0.0,0.0,0.0,0.0
46450,3188.380659805561,65.08556530712451,1126.85,70.78778482312305,72.91637061019027,13.595967115773249,6.526769896449902,19.5478733992834,0.5607849733408119,1.0,1.0,1.0,0.9808591458979914,0.9808591458979914,0,nominal,0.0,0.0,0.0,0.0,0.0,0.0,0.0,0.0,0.0,0.0,0.0,0.0
46500,3188.380659805561,65.08198463129327,1126.85,70.78487746155866,72.91651337561282,13.595967115773249,6.526506911626202,19.547085751776105,0.5607849733408119,1.0,1.0,1.0,0.9808591458979914,0.9808591458979914,0,nominal,0.0,0.0,0.0,0.0,0.0,0.0,0.0,0.0,0.0,0.0,0.0,0.0
46550,3188.380659805561,65.07840527220168,1126.85,70.78197277582728,72.91665601312917,13.595967115773249,6.526244135383561,19.546298728975398,0.5607849733408119,1.0,1.0,1.0,0.9808591458979914,0.9808591458979914,0,nominal,0.0,0.0,0.0,0.0,0.0,0.0,0.0,0.0,0.0,0.0,0.0,0.0
46600,3188.380659805561,65.07482722947321,1126.85,70.77907076307315,72.9167985229039,13.595967115773249,6.5259815675508,19.545512330368588,0.5607849733408119,1.0,1.0,1.0,0.9808591458979914,0.9808591458979914,0,nominal,0.0,0.0,0.0,0.0,0.0,0.0,0.0,0.0,0.0,0.0,0.0,0.0
46650,3188.380659805561,65.07125050273129,1126.85,70.77617142044357,72.91694090510123,13.595967115773249,6.5257192079568345,19.544726555443276,0.5607849733408119,1.0,1.0,1.0,0.9808591458979914,0.9808591458979914,0,nominal,0.0,0.0,0.0,0.0,0.0,0.0,0.0,0.0,0.0,0.0,0.0,0.0
46700,3188.380659805561,65.06767509159926,1126.85,70.77327474508888,72.91708315988498,13.595967115773249,6.5254570564306675,19.543941403687317,0.5607849733408119,1.0,1.0,1.0,0.9808591458979914,0.9808591458979914,0,nominal,0.0,0.0,0.0,0.0,0.0,0.0,0.0,0.0,0.0,0.0,0.0,0.0
46750,3188.380659805561,65.06410099570041,1126.85,70.77038073416253,72.9172252874186,13.595967115773249,6.5251951128013825,19.54315687458881,0.5607849733408119,1.0,1.0,1.0,0.9808591458979914,0.9808591458979914,0,nominal,0.0,0.0,0.0,0.0,0.0,0.0,0.0,0.0,0.0,0.0,0.0,0.0
46800,3188.380659805561,65.060528214658,1126.85,70.76748938482092,72.91736728786523,13.595967115773249,6.524933376898157,19.54237296763614,0.5607849733408119,1.0,1.0,1.0,0.9808591458979914,0.9808591458979914,0,nominal,0.0,0.0,0.0,0.0,0.0,0.0,0.0,0.0,0.0,0.0,0.0,0.0
46850,3188.380659805561,65.05695674809522,1126.85,70.76460069422353,72.91750916138751,13.595967115773249,6.524671848550256,19.54158968231795,0.5607849733408119,1.0,1.0,1.0,0.9808591458979914,0.9808591458979914,0,nominal,0.0,0.0,0.0,0.0,0.0,0.0,0.0,0.0,0.0,0.0,0.0,0.0
46900,3188.380659805561,65.05338659563517,1126.85,70.76171465953291,72.9176509081478,13.595967115773249,6.52441052758703,19.54080701812314,0.5607849733408119,1.0,1.0,1.0,0.9808591458979914,0.9808591458979914,0,nominal,0.0,0.0,0.0,0.0,0.0,0.0,0.0,0.0,0.0,0.0,0.0,0.0
46950,3188.380659805561,65.0498177569009,1126.85,70.75883127791457,72.91779252830808,13.595967115773249,6.52414941383792,19.54002497454088,0.5607849733408119,1.0,1.0,1.0,0.9808591458979914,0.9808591458979914,0,nominal,0.0,0.0,0.0,0.0,0.0,0.0,0.0,0.0,0.0,0.0,0.0,0.0
47000,3188.380659805561,65.04625023151539,1126.85,70.75595054653706,72.91793402202993,13.595967115773249,6.523888507132454,19.539243551060597,0.5607849733408119,1.0,1.0,1.0,0.9808591458979914,0.9808591458979914,0,nominal,0.0,0.0,0.0,0.0,0.0,0.0,0.0,0.0,0.0,0.0,0.0,0.0
47050,3188.380659805561,65.04268401910161,1126.85,70.75307246257199,72.91807538947458,13.595967115773249,6.523627807300244,19.53846274717198,0.5607849733408119,1.0,1.0,1.0,0.9808591458979914,0.9808591458979914,0,nominal,0.0,0.0,0.0,0.0,0.0,0.0,0.0,0.0,0.0,0.0,0.0,0.0
47100,3188.380659805561,65.03911911928247,1126.85,70.750197023194,72.9182166308029,13.595967115773249,6.523367314170999,19.537682562365,0.5607849733408119,1.0,1.0,1.0,0.9808591458979914,0.9808591458979914,0,nominal,0.0,0.0,0.0,0.0,0.0,0.0,0.0,0.0,0.0,0.0,0.0,0.0
47150,3188.380659805561,65.03555553168076,1126.85,70.74732422558071,72.91835774617537,13.595967115773249,6.523107027574506,19.536902996129864,0.5607849733408119,1.0,1.0,1.0,0.9808591458979914,0.9808591458979914,0,nominal,0.0,0.0,0.0,0.0,0.0,0.0,0.0,0.0,0.0,0.0,0.0,0.0
47200,3188.380659805561,65.03199325591925,1126.85,70.7444540669128,72.91849873575215,13.595967115773249,6.522846947340652,19.536124047957077,0.5607849733408119,1.0,1.0,1.0,0.9808591458979914,0.9808591458979914,0,nominal,0.0,0.0,0.0,0.0,0.0,0.0,0.0,0.0,0.0,0.0,0.0,0.0
47250,3188.380659805561,65.02843229162067,1126.85,70.74158654437389,72.918639599693,13.595967115773249,6.522587073299401,19.535345717337382,0.5607849733408119,1.0,1.0,1.0,0.9808591458979914,0.9808591458979914,0,nominal,0.0,0.0,0.0,0.0,0.0,0.0,0.0,0.0,0.0,0.0,0.0,0.0
47300,3188.380659805561,65.02487263840771,1126.85,70.7387216551507,72.91878033815732,13.595967115773249,6.522327405280817,19.534568003761805,0.5607849733408119,1.0,1.0,1.0,0.9808591458979914,0.9808591458979914,0,nominal,0.0,0.0,0.0,0.0,0.0,0.0,0.0,0.0,0.0,0.0,0.0,0.0
47350,3188.380659805561,65.02131429590293,1126.85,70.73585939643289,72.9189209513042,13.595967115773249,6.522067943115041,19.533790906721624,0.5607849733408119,1.0,1.0,1.0,0.9808591458979914,0.9808591458979914,0,nominal,0.0,0.0,0.0,0.0,0.0,0.0,0.0,0.0,0.0,0.0,0.0,0.0
47400,3188.380659805561,65.01775726372887,1126.85,70.73299976541318,72.91906143929229,13.595967115773249,6.52180868663231,19.533014425708384,0.5607849733408119,1.0,1.0,1.0,0.9808591458979914,0.9808591458979914,0,nominal,0.0,0.0,0.0,0.0,0.0,0.0,0.0,0.0,0.0,0.0,0.0,0.0
47450,3188.380659805561,65.01420154150804,1126.85,70.73014275928728,72.91920180227999,13.595967115773249,6.5215496356629545,19.532238560213926,0.5607849733408119,1.0,1.0,1.0,0.9808591458979914,0.9808591458979914,0,nominal,0.0,0.0,0.0,0.0,0.0,0.0,0.0,0.0,0.0,0.0,0.0,0.0
47500,3188.380659805561,65.01064712886284,1126.85,70.72728837525386,72.91934204042524,13.595967115773249,6.521290790037386,19.531463309730327,0.5607849733408119,1.0,1.0,1.0,0.9808591458979914,0.9808591458979914,0,nominal,0.0,0.0,0.0,0.0,0.0,0.0,0.0,0.0,0.0,0.0,0.0,0.0
47550,3188.380659805561,65.00709402541571,1126.85,70.72443661051466,72.9194821538857,13.595967115773249,6.52103214958611,19.530688673749943,0.5607849733408119,1.0,1.0,1.0,0.9808591458979914,0.9808591458979914,0,nominal,0.0,0.0,0.0,0.0,0.0,0.0,0.0,0.0,0.0,0.0,0.0,0.0
47600,3188.380659805561,65.00354223078892,1126.85,70.72158746227439,72.91962214281862,13.595967115773249,6.5207737141397155,19.529914651765385,0.5607849733408119,1.0,1.0,1.0,0.9808591458979914,0.9808591458979914,0,nominal,0.0,0.0,0.0,0.0,0.0,0.0,0.0,0.0,0.0,0.0,0.0,0.0
47650,3188.380659805561,64.99999174460476,1126.85,70.71874092774067,72.91976200738098,13.595967115773249,6.520515483528889,19.529141243269553,0.5607849733408119,1.0,1.0,1.0,0.9808591458979914,0.9808591458979914,0,nominal,0.0,0.0,0.0,0.0,0.0,0.0,0.0,0.0,0.0,0.0,0.0,0.0
47700,3188.380659805561,64.99644256648543,1126.85,70.7158970041242,72.91990174772934,13.595967115773249,6.5202574575844015,19.5283684477556,0.5607849733408119,1.0,1.0,1.0,0.9808591458979914,0.9808591458979914,0,nominal,0.0,0.0,0.0,0.0,0.0,0.0,0.0,0.0,0.0,0.0,0.0,0.0
47750,3188.380659805561,64.9928946960531,1126.85,70.71305568863869,72.92004136401995,13.595967115773249,6.519999636137115,19.527596264716955,0.5607849733408119,1.0,1.0,1.0,0.9808591458979914,0.9808591458979914,0,nominal,0.0,0.0,0.0,0.0,0.0,0.0,0.0,0.0,0.0,0.0,0.0,0.0
47800,3188.380659805561,64.98934813292993,1126.85,70.71021697850074,72.92018085640869,13.595967115773249,6.5197420190179844,19.52682469364732,0.5607849733408119,1.0,1.0,1.0,0.9808591458979914,0.9808591458979914,0,nominal,0.0,0.0,0.0,0.0,0.0,0.0,0.0,0.0,0.0,0.0,0.0,0.0
47850,3188.380659805561,64.98580287673792,1126.85,70.70738087092997,72.92032022505111,13.595967115773249,6.519484606058047,19.52605373404065,0.5607849733408119,1.0,1.0,1.0,0.9808591458979914,0.9808591458979914,0,nominal,0.0,0.0,0.0,0.0,0.0,0.0,0.0,0.0,0.0,0.0,0.0,0.0
47900,3188.380659805561,64.98225892709911,1126.85,70.704547363149,72.92045947010243,13.595967115773249,6.519227397088433,19.525283385391177,0.5607849733408119,1.0,1.0,1.0,0.9808591458979914,0.9808591458979914,0,nominal,0.0,0.0,0.0,0.0,0.0,0.0,0.0,0.0,0.0,0.0,0.0,0.0
47950,3188.380659805561,64.97871628363544,1126.85,70.70171645238344,72.92059859171749,13.595967115773249,6.518970391940367,19.5245136471934,0.5607849733408119,1.0,1.0,1.0,0.9808591458979914,0.9808591458979914,0,nominal,0.0,0.0,0.0,0.0,0.0,0.0,0.0,0.0,0.0,0.0,0.0,0.0
48000,3188.380659805561,64.97517494596877,1126.85,70.69888813586181,72.92073759005082,13.595967115773249,6.518713590445159,19.52374451894211,0.5607849733408119,1.0,1.0,1.0,0.9808591458979914,0.9808591458979914,0,nominal,0.0,0.0,0.0,0.0,0.0,0.0,0.0,0.0,0.0,0.0,0.0,0.0
48050,3188.380659805561,64.971634913721,1126.85,70.69606241081567,72.92087646525663,13.595967115773249,6.518456992434216,19.522976000132342,0.5607849733408119,1.0,1.0,1.0,0.9808591458979914,0.9808591458979914,0,nominal,0.0,0.0,0.0,0.0,0.0,0.0,0.0,0.0,0.0,0.0,0.0,0.0
48100,3188.380659805561,64.96809618651389,1126.85,70.69323927447948,72.92101521748874,13.595967115773249,6.518200597739028,19.52220809025942,0.5607849733408119,1.0,1.0,1.0,0.9808591458979914,0.9808591458979914,0,nominal,0.0,0.0,0.0,0.0,0.0,0.0,0.0,0.0,0.0,0.0,0.0,0.0
48150,3188.380659805561,64.96455876396925,1126.85,70.6904187240907,72.92115384690067,13.595967115773249,6.5179444061911775,19.52144078881892,0.5607849733408119,1.0,1.0,1.0,0.9808591458979914,0.9808591458979914,0,nominal,0.0,0.0,0.0,0.0,0.0,0.0,0.0,0.0,0.0,0.0,0.0,0.0
48200,3188.380659805561,64.96102264570874,1126.85,70.68760075688976,72.9212923536456,13.595967115773249,6.517688417622335,19.520674095306696,0.5607849733408119,1.0,1.0,1.0,0.9808591458979914,0.9808591458979914,0,nominal,0.0,0.0,0.0,0.0,0.0,0.0,0.0,0.0,0.0,0.0,0.0,0.0
48250,3188.380659805561,64.95748783135394,1126.85,70.68478537012004,72.92143073787636,13.595967115773249,6.51743263186427,19.519908009218888,0.5607849733408119,1.0,1.0,1.0,0.9808591458979914,0.9808591458979914,0,nominal,0.0,0.0,0.0,0.0,0.0,0.0,0.0,0.0,0.0,0.0,0.0,0.0
48300,3188.380659805561,64.95395432052652,1126.85,70.6819725610278,72.92156899974547,13.595967115773249,6.517177048748835,19.51914253005189,0.5607849733408119,1.0,1.0,1.0,0.9808591458979914,0.9808591458979914,0,nominal,0.0,0.0,0.0,0.0,0.0,0.0,0.0,0.0,0.0,0.0,0.0,0.0
48350,3188.380659805561,64.950422112848,1126.85,70.67916232686241,72.92170713940514,13.595967115773249,6.516921668107975,19.518377657302374,0.5607849733408119,1.0,1.0,1.0,0.9808591458979914,0.9808591458979914,0,nominal,0.0,0.0,0.0,0.0,0.0,0.0,0.0,0.0,0.0,0.0,0.0,0.0
48400,3188.380659805561,64.94689120793993,1126.85,70.6763546648761,72.92184515700718,13.595967115773249,6.516666489773726,19.517613390467282,0.5607849733408119,1.0,1.0,1.0,0.9808591458979914,0.9808591458979914,0,nominal,0.0,0.0,0.0,0.0,0.0,0.0,0.0,0.0,0.0,0.0,0.0,0.0
48450,3188.380659805561,64.94336160542372,1126.85,70.67354957232402,72.92198305270313,13.595967115773249,6.516411513578224,19.516849729043855,0.5607849733408119,1.0,1.0,1.0,0.9808591458979914,0.9808591458979914,0,nominal,0.0,0.0,0.0,0.0,0.0,0.0,0.0,0.0,0.0,0.0,0.0,0.0
48500,3188.380659805561,64.93983330492074,1126.85,70.67074704646433,72.92212082664419,13.595967115773249,6.5161567393536775,19.51608667252955,0.5607849733408119,1.0,1.0,1.0,0.9808591458979914,0.9808591458979914,0,nominal,0.0,0.0,0.0,0.0,0.0,0.0,0.0,0.0,0.0,0.0,0.0,0.0
48550,3188.380659805561,64.93630630605236,1126.85,70.66794708455808,72.92225847898122,13.595967115773249,6.515902166932405,19.515324220422166,0.5607849733408119,1.0,1.0,1.0,0.9808591458979914,0.9808591458979914,0,nominal,0.0,0.0,0.0,0.0,0.0,0.0,0.0,0.0,0.0,0.0,0.0,0.0
48600,3188.380659805561,64.93278060843988,1126.85,70.66514968386923,72.92239600986478,13.595967115773249,6.515647796146807,19.51456237221972,0.5607849733408119,1.0,1.0,1.0,0.9808591458979914,0.9808591458979914,0,nominal,0.0,0.0,0.0,0.0,0.0,0.0,0.0,0.0,0.0,0.0,0.0,0.0
48650,3188.380659805561,64.92925621170457,1126.85,70.66235484166481,72.92253341944507,13.595967115773249,6.515393626829368,19.51380112742052,0.5607849733408119,1.0,1.0,1.0,0.9808591458979914,0.9808591458979914,0,nominal,0.0,0.0,0.0,0.0,0.0,0.0,0.0,0.0,0.0,0.0,0.0,0.0
48700,3188.380659805561,64.92573311546761,1126.85,70.65956255521468,72.92267070787203,13.595967115773249,6.515139658812685,19.51304048552317,0.5607849733408119,1.0,1.0,1.0,0.9808591458979914,0.9808591458979914,0,nominal,0.0,0.0,0.0,0.0,0.0,0.0,0.0,0.0,0.0,0.0,0.0,0.0
48750,3188.380659805561,64.9222113193502,1126.85,70.6567728217916,72.92280787529522,13.595967115773249,6.514885891929427,19.51228044602652,0.5607849733408119,1.0,1.0,1.0,0.9808591458979914,0.9808591458979914,0,nominal,0.0,0.0,0.0,0.0,0.0,0.0,0.0,0.0,0.0,0.0,0.0,0.0
48800,3188.380659805561,64.91869082297342,1126.85,70.65398563867137,72.9229449218639,13.595967115773249,6.514632326012364,19.511521008429707,0.5607849733408119,1.0,1.0,1.0,0.9808591458979914,0.9808591458979914,0,nominal,0.0,0.0,0.0,0.0,0.0,0.0,0.0,0.0,0.0,0.0,0.0,0.0
48850,3188.380659805561,64.9151716259583,1126.85,70.65120100313266,72.92308184772703,13.595967115773249,6.514378960894357,19.51076217223214,0.5607849733408119,1.0,1.0,1.0,0.9808591458979914,0.9808591458979914,0,nominal,0.0,0.0,0.0,0.0,0.0,0.0,0.0,0.0,0.0,0.0,0.0,0.0
48900,3188.380659805561,64.91165372792591,1126.85,70.64841891245703,72.92321865303323,13.595967115773249,6.514125796408357,19.51000393693351,0.5607849733408119,1.0,1.0,1.0,0.9808591458979914,0.9808591458979914,0,nominal,0.0,0.0,0.0,0.0,0.0,0.0,0.0,0.0,0.0,0.0,0.0,0.0
48950,3188.380659805561,64.90813712849723,1126.85,70.64563936392904,72.9233553379308,13.595967115773249,6.513872832387413,19.509246302033795,0.5607849733408119,1.0,1.0,1.0,0.9808591458979914,0.9808591458979914,0,nominal,0.0,0.0,0.0,0.0,0.0,0.0,0.0,0.0,0.0,0.0,0.0,0.0
49000,3188.380659805561,64.90462182729317,1126.85,70.64286235483604,72.92349190256776,13.595967115773249,6.513620068664657,19.50848926703321,0.5607849733408119,1.0,1.0,1.0,0.9808591458979914,0.9808591458979914,0,nominal,0.0,0.0,0.0,0.0,0.0,0.0,0.0,0.0,0.0,0.0,0.0,0.0
49050,3188.380659805561,64.90110782393458,1126.85,70.64008788246844,72.92362834709179,13.595967115773249,6.5133675050733135,19.507732831432264,0.5607849733408119,1.0,1.0,1.0,0.9808591458979914,0.9808591458979914,0,nominal,0.0,0.0,0.0,0.0,0.0,0.0,0.0,0.0,0.0,0.0,0.0,0.0
49100,3188.380659805561,64.89759511804237,1126.85,70.63731594411945,72.92376467165028,13.595967115773249,6.513115141446712,19.506976994731776,0.5607849733408119,1.0,1.0,1.0,0.9808591458979914,0.9808591458979914,0,nominal,0.0,0.0,0.0,0.0,0.0,0.0,0.0,0.0,0.0,0.0,0.0,0.0
49150,3188.380659805561,64.8940837092373,1126.85,70.63454653708521,72.92390087639025,13.595967115773249,6.512862977618258,19.506221756432783,0.5607849733408119,1.0,1.0,1.0,0.9808591458979914,0.9808591458979914,0,nominal,0.0,0.0,0.0,0.0,0.0,0.0,0.0,0.0,0.0,0.0,0.0,0.0
49200,3188.380659805561,64.89057359714008,1126.85,70.63177965866487,72.9240369614585,13.595967115773249,6.512611013421458,19.50546711603664,0.5607849733408119,1.0,1.0,1.0,0.9808591458979914,0.9808591458979914,0,nominal,0.0,0.0,0.0,0.0,0.0,0.0,0.0,0.0,0.0,0.0,0.0,0.0
49250,3188.380659805561,64.88706478137141,1126.85,70.62901530616034,72.92417292700146,13.595967115773249,6.512359248689914,19.504713073044975,0.5607849733408119,1.0,1.0,1.0,0.9808591458979914,0.9808591458979914,0,nominal,0.0,0.0,0.0,0.0,0.0,0.0,0.0,0.0,0.0,0.0,0.0,0.0
49300,3188.380659805561,64.88355726155203,1126.85,70.62625347687651,72.92430877316528,13.595967115773249,6.512107683257314,19.50395962695968,0.5607849733408119,1.0,1.0,1.0,0.9808591458979914,0.9808591458979914,0,nominal,0.0,0.0,0.0,0.0,0.0,0.0,0.0,0.0,0.0,0.0,0.0,0.0
49350,3188.380659805561,64.88005103730245,1126.85,70.62349416812117,72.92444450009577,13.595967115773249,6.511856316957441,19.50320677728293,0.5607849733408119,1.0,1.0,1.0,0.9808591458979914,0.9808591458979914,0,nominal,0.0,0.0,0.0,0.0,0.0,0.0,0.0,0.0,0.0,0.0,0.0,0.0
49400,3188.380659805561,64.8765461082433,1126.85,70.62073737720493,72.9245801079385,13.595967115773249,6.511605149624173,19.502454523517184,0.5607849733408119,1.0,1.0,1.0,0.9808591458979914,0.9808591458979914,0,nominal,0.0,0.0,0.0,0.0,0.0,0.0,0.0,0.0,0.0,0.0,0.0,0.0
49450,3188.380659805561,64.87304247399516,1126.85,70.61798310144138,72.92471559683865,13.595967115773249,6.511354181091473,19.501702865165157,0.5607849733408119,1.0,1.0,1.0,0.9808591458979914,0.9808591458979914,0,nominal,0.0,0.0,0.0,0.0,0.0,0.0,0.0,0.0,0.0,0.0,0.0,0.0
49500,3188.380659805561,64.86954013417846,1126.85,70.615231338147,72.9248509669412,13.595967115773249,6.511103411193408,19.500951801729876,0.5607849733408119,1.0,1.0,1.0,0.9808591458979914,0.9808591458979914,0,nominal,0.0,0.0,0.0,0.0,0.0,0.0,0.0,0.0,0.0,0.0,0.0,0.0
49550,3188.380659805561,64.86603908841363,1126.85,70.6124820846411,72.92498621839073,13.595967115773249,6.5108528397641345,19.50020133271463,0.5607849733408119,1.0,1.0,1.0,0.9808591458979914,0.9808591458979914,0,nominal,0.0,0.0,0.0,0.0,0.0,0.0,0.0,0.0,0.0,0.0,0.0,0.0
49600,3188.380659805561,64.8625393363211,1126.85,70.60973533824591,72.92512135133157,13.595967115773249,6.510602466637897,19.499451457622982,0.5607849733408119,1.0,1.0,1.0,0.9808591458979914,0.9808591458979914,0,nominal,0.0,0.0,0.0,0.0,0.0,0.0,0.0,0.0,0.0,0.0,0.0,0.0
49650,3188.380659805561,64.85904087752124,1126.85,70.60699109628655,72.92525636590777,13.595967115773249,6.510352291649042,19.49870217595879,0.5607849733408119,1.0,1.0,1.0,0.9808591458979914,0.9808591458979914,0,nominal,0.0,0.0,0.0,0.0,0.0,0.0,0.0,0.0,0.0,0.0,0.0,0.0
49700,3188.380659805561,64.85554371163431,1126.85,70.60424935609097,72.92539126226305,13.595967115773249,6.510102314632004,19.497953487226184,0.5607849733408119,1.0,1.0,1.0,0.9808591458979914,0.9808591458979914,0,nominal,0.0,0.0,0.0,0.0,0.0,0.0,0.0,0.0,0.0,0.0,0.0,0.0
49750,3188.380659805561,64.85204783828067,1126.85,70.60151011499005,72.92552604054082,13.595967115773249,6.509852535421308,19.497205390929558,0.5607849733408119,1.0,1.0,1.0,0.9808591458979914,0.9808591458979914,0,nominal,0.0,0.0,0.0,0.0,0.0,0.0,0.0,0.0,0.0,0.0,0.0,0.0
49800,3188.380659805561,64.84855325708048,1126.85,70.59877337031753,72.92566070088424,13.595967115773249,6.5096029538515765,19.496457886573605,0.5607849733408119,1.0,1.0,1.0,0.9808591458979914,0.9808591458979914,0,nominal,0.0,0.0,0.0,0.0,0.0,0.0,0.0,0.0,0.0,0.0,0.0,0.0
49850,3188.380659805561,64.84505996765398,1126.85,70.59603911941002,72.92579524343614,13.595967115773249,6.509353569757529,19.495710973663304,0.5607849733408119,1.0,1.0,1.0,0.9808591458979914,0.9808591458979914,0,nominal,0.0,0.0,0.0,0.0,0.0,0.0,0.0,0.0,0.0,0.0,0.0,0.0
49900,3188.380659805561,64.84156796962134,1126.85,70.59330735960697,72.92592966833908,13.595967115773249,6.509104382973972,19.494964651703892,0.5607849733408119,1.0,1.0,1.0,0.9808591458979914,0.9808591458979914,0,nominal,0.0,0.0,0.0,0.0,0.0,0.0,0.0,0.0,0.0,0.0,0.0,0.0
49950,3188.380659805561,64.83807726260267,1126.85,70.59057808825071,72.92606397573532,13.595967115773249,6.508855393335804,19.49421892020089,0.5607849733408119,1.0,1.0,1.0,0.9808591458979914,0.9808591458979914,0,nominal,0.0,0.0,0.0,0.0,0.0,0.0,0.0,0.0,0.0,0.0,0.0,0.0
50000,3188.380659805561,64.83458784621803,1126.85,70.58785130268643,72.92619816576682,13.595967115773249,6.508606600678029,19.493473778660125,0.5607849733408119,1.0,1.0,1.0,0.9808591458979914,0.9808591458979914,0,nominal,0.0,0.0,0.0,0.0,0.0,0.0,0.0,0.0,0.0,0.0,0.0,0.0
50050,3188.380659805561,64.83109972008742,1126.85,70.58512700026222,72.92633223857527,13.595967115773249,6.508358004835731,19.49272922658767,0.5607849733408119,1.0,1.0,1.0,0.9808591458979914,0.9808591458979914,0,nominal,0.0,0.0,0.0,0.0,0.0,0.0,0.0,0.0,0.0,0.0,0.0,0.0
50100,3188.380659805561,64.82761288383091,1126.85,70.582405178329,72.92646619430205,13.595967115773249,6.5081096056441,19.491985263489916,0.5607849733408119,1.0,1.0,1.0,0.9808591458979914,0.9808591458979914,0,nominal,0.0,0.0,0.0,0.0,0.0,0.0,0.0,0.0,0.0,0.0,0.0,0.0
50150,3188.380659805561,64.82412733706843,1126.85,70.57968583424054,72.92660003308826,13.595967115773249,6.507861402938412,19.491241888873507,0.5607849733408119,1.0,1.0,1.0,0.9808591458979914,0.9808591458979914,0,nominal,0.0,0.0,0.0,0.0,0.0,0.0,0.0,0.0,0.0,0.0,0.0,0.0
50200,3188.380659805561,64.82064307941988,1126.85,70.57696896535344,72.92673375507474,13.595967115773249,6.507613396554041,19.49049910224539,0.5607849733408119,1.0,1.0,1.0,0.9808591458979914,0.9808591458979914,0,nominal,0.0,0.0,0.0,0.0,0.0,0.0,0.0,0.0,0.0,0.0,0.0,0.0
50250,3188.380659805561,64.81716011050514,1126.85,70.57425456902723,72.92686736040199,13.595967115773249,6.507365586326456,19.48975690311278,0.5607849733408119,1.0,1.0,1.0,0.9808591458979914,0.9808591458979914,0,nominal,0.0,0.0,0.0,0.0,0.0,0.0,0.0,0.0,0.0,0.0,0.0,0.0
50300,3188.380659805561,64.8136784299441,1126.85,70.5715426426242,72.92700084921026,13.595967115773249,6.507117972091215,19.489015290983176,0.5607849733408119,1.0,1.0,1.0,0.9808591458979914,0.9808591458979914,0,nominal,0.0,0.0,0.0,0.0,0.0,0.0,0.0,0.0,0.0,0.0,0.0,0.0
50350,3188.380659805561,64.81019803735654,1126.85,70.56883318350947,72.92713422163953,13.595967115773249,6.506870553683978,19.488274265364367,0.5607849733408119,1.0,1.0,1.0,0.9808591458979914,0.9808591458979914,0,nominal,0.0,0.0,0.0,0.0,0.0,0.0,0.0,0.0,0.0,0.0,0.0,0.0
50400,3188.380659805561,64.80671893236223,1126.85,70.56612618905109,72.92726747782949,13.595967115773249,6.50662333094049,19.487533825764416,0.5607849733408119,1.0,1.0,1.0,0.9808591458979914,0.9808591458979914,0,nominal,0.0,0.0,0.0,0.0,0.0,0.0,0.0,0.0,0.0,0.0,0.0,0.0
50450,3188.380659805561,64.80324111458089,1126.85,70.56342165661988,72.92740061791952,13.595967115773249,6.506376303696603,19.486793971691682,0.5607849733408119,1.0,1.0,1.0,0.9808591458979914,0.9808591458979914,0,nominal,0.0,0.0,0.0,0.0,0.0,0.0,0.0,0.0,0.0,0.0,0.0,0.0
50500,3188.380659805561,64.79976458363222,1126.85,70.56071958358956,72.92753364204874,13.595967115773249,6.506129471788245,19.486054702654773,0.5607849733408119,1.0,1.0,1.0,0.9808591458979914,0.9808591458979914,0,nominal,0.0,0.0,0.0,0.0,0.0,0.0,0.0,0.0,0.0,0.0,0.0,0.0
50550,3188.380659805561,64.79628933913591,1126.85,70.55801996733658,72.92766655035601,13.595967115773249,6.505882835051464,19.485316018162642,0.5607849733408119,1.0,1.0,1.0,0.9808591458979914,0.9808591458979914,0,nominal,0.0,0.0,0.0,0.0,0.0,0.0,0.0,0.0,0.0,0.0,0.0,0.0
50600,3188.380659805561,64.7928153807116,1126.85,70.55532280524034,72.92779934297988,13.595967115773249,6.505636393322381,19.48457791772447,0.5607849733408119,1.0,1.0,1.0,0.9808591458979914,0.9808591458979914,0,nominal,0.0,0.0,0.0,0.0,0.0,0.0,0.0,0.0,0.0,0.0,0.0,0.0
50650,3188.380659805561,64.78934270797885,1126.85,70.55262809468297,72.92793202005866,13.595967115773249,6.505390146437223,19.48384040084975,0.5607849733408119,1.0,1.0,1.0,0.9808591458979914,0.9808591458979914,0,nominal,0.0,0.0,0.0,0.0,0.0,0.0,0.0,0.0,0.0,0.0,0.0,0.0
50700,3188.380659805561,64.78587132055719,1126.85,70.54993583304952,72.92806458173035,13.595967115773249,6.505144094232304,19.48310346704824,0.5607849733408119,1.0,1.0,1.0,0.9808591458979914,0.9808591458979914,0,nominal,0.0,0.0,0.0,0.0,0.0,0.0,0.0,0.0,0.0,0.0,0.0,0.0
50750,3188.380659805561,64.78240121806613,1126.85,70.54724601772773,72.92819702813267,13.595967115773249,6.504898236544049,19.482367115830026,0.5607849733408119,1.0,1.0,1.0,0.9808591458979914,0.9808591458979914,0,nominal,0.0,0.0,0.0,0.0,0.0,0.0,0.0,0.0,0.0,0.0,0.0,0.0
50800,3188.380659805561,64.7789324001252,1126.85,70.54455864610827,72.92832935940311,13.595967115773249,6.504652573208957,19.48163134670542,0.5607849733408119,1.0,1.0,1.0,0.9808591458979914,0.9808591458979914,0,nominal,0.0,0.0,0.0,0.0,0.0,0.0,0.0,0.0,0.0,0.0,0.0,0.0
50850,3188.380659805561,64.77546486635379,1126.85,70.54187371558464,72.92846157567887,13.595967115773249,6.504407104063631,19.48089615918504,0.5607849733408119,1.0,1.0,1.0,0.9808591458979914,0.9808591458979914,0,nominal,0.0,0.0,0.0,0.0,0.0,0.0,0.0,0.0,0.0,0.0,0.0,0.0
50900,3188.380659805561,64.77199861637132,1126.85,70.53919122355308,72.92859367709683,13.595967115773249,6.504161828944779,19.480161552779823,0.5607849733408119,1.0,1.0,1.0,0.9808591458979914,0.9808591458979914,0,nominal,0.0,0.0,0.0,0.0,0.0,0.0,0.0,0.0,0.0,0.0,0.0,0.0
50950,3188.380659805561,64.76853364979723,1126.85,70.53651116741264,72.92872566379367,13.595967115773249,6.503916747689198,19.47942752700097,0.5607849733408119,1.0,1.0,1.0,0.9808591458979914,0.9808591458979914,0,nominal,0.0,0.0,0.0,0.0,0.0,0.0,0.0,0.0,0.0,0.0,0.0,0.0
51000,3188.380659805561,64.76506996625085,1126.85,70.5338335445652,72.92885753590576,13.595967115773249,6.503671860133767,19.47869408135993,0.5607849733408119,1.0,1.0,1.0,0.9808591458979914,0.9808591458979914,0,nominal,0.0,0.0,0.0,0.0,0.0,0.0,0.0,0.0,0.0,0.0,0.0,0.0
51050,3188.380659805561,64.76160756535143,1126.85,70.5311583524155,72.92898929356923,13.595967115773249,6.503427166115475,19.477961215368477,0.5607849733408119,1.0,1.0,1.0,0.9808591458979914,0.9808591458979914,0,nominal,0.0,0.0,0.0,0.0,0.0,0.0,0.0,0.0,0.0,0.0,0.0,0.0
51100,3188.380659805561,64.75814644671829,1126.85,70.52848558837098,72.9291209369199,13.595967115773249,6.503182665471408,19.477228928538686,0.5607849733408119,1.0,1.0,1.0,0.9808591458979914,0.9808591458979914,0,nominal,0.0,0.0,0.0,0.0,0.0,0.0,0.0,0.0,0.0,0.0,0.0,0.0
51150,3188.380659805561,64.75468660997063,1126.85,70.52581524984203,72.92925246609336,13.595967115773249,6.502938358038739,19.47649722038288,0.5607849733408119,1.0,1.0,1.0,0.9808591458979914,0.9808591458979914,0,nominal,0.0,0.0,0.0,0.0,0.0,0.0,0.0,0.0,0.0,0.0,0.0,0.0
51200,3188.380659805561,64.75122805472773,1126.85,70.52314733424163,72.92938388122494,13.595967115773249,6.502694243654747,19.4757660904137,0.5607849733408119,1.0,1.0,1.0,0.9808591458979914,0.9808591458979914,0,nominal,0.0,0.0,0.0,0.0,0.0,0.0,0.0,0.0,0.0,0.0,0.0,0.0
51250,3188.380659805561,64.74777078060873,1126.85,70.52048183898575,72.92951518244965,13.595967115773249,6.502450322156788,19.47503553814403,0.5607849733408119,1.0,1.0,1.0,0.9808591458979914,0.9808591458979914,0,nominal,0.0,0.0,0.0,0.0,0.0,0.0,0.0,0.0,0.0,0.0,0.0,0.0
51300,3188.380659805561,64.74431478723278,1126.85,70.51781876149306,72.9296463699023,13.595967115773249,6.502206593382335,19.474305563087093,0.5607849733408119,1.0,1.0,1.0,0.9808591458979914,0.9808591458979914,0,nominal,0.0,0.0,0.0,0.0,0.0,0.0,0.0,0.0,0.0,0.0,0.0,0.0
51350,3188.380659805561,64.74086007421903,1126.85,70.51515809918504,72.9297774437174,13.595967115773249,6.50196305716895,19.473576164756384,0.5607849733408119,1.0,1.0,1.0,0.9808591458979914,0.9808591458979914,0,nominal,0.0,0.0,0.0,0.0,0.0,0.0,0.0,0.0,0.0,0.0,0.0,0.0
51400,3188.380659805561,64.73740664118651,1126.85,70.51249984948595,72.9299084040292,13.595967115773249,6.5017197133542854,19.472847342665666,0.5607849733408119,1.0,1.0,1.0,0.9808591458979914,0.9808591458979914,0,nominal,0.0,0.0,0.0,0.0,0.0,0.0,0.0,0.0,0.0,0.0,0.0,0.0
51450,3188.380659805561,64.73395448775432,1126.85,70.50984400982281,72.93003925097175,13.595967115773249,6.501476561776094,19.472119096329006,0.5607849733408119,1.0,1.0,1.0,0.9808591458979914,0.9808591458979914,0,nominal,0.0,0.0,0.0,0.0,0.0,0.0,0.0,0.0,0.0,0.0,0.0,0.0
51500,3188.380659805561,64.73050361354143,1126.85,70.50719057762547,72.93016998467874,13.595967115773249,6.501233602272225,19.47139142526075,0.5607849733408119,1.0,1.0,1.0,0.9808591458979914,0.9808591458979914,0,nominal,0.0,0.0,0.0,0.0,0.0,0.0,0.0,0.0,0.0,0.0,0.0,0.0
51550,3188.380659805561,64.72705401816688,1126.85,70.50453955032651,72.93030060528365,13.595967115773249,6.5009908346806204,19.47066432897554,0.5607849733408119,1.0,1.0,1.0,0.9808591458979914,0.9808591458979914,0,nominal,0.0,0.0,0.0,0.0,0.0,0.0,0.0,0.0,0.0,0.0,0.0,0.0
51600,3188.380659805561,64.7236057012496,1126.85,70.50189092536135,72.93043111291972,13.595967115773249,6.500748258839325,19.469937806988312,0.5607849733408119,1.0,1.0,1.0,0.9808591458979914,0.9808591458979914,0,nominal,0.0,0.0,0.0,0.0,0.0,0.0,0.0,0.0,0.0,0.0,0.0,0.0
51650,3188.380659805561,64.72015866240855,1126.85,70.49924470016816,72.93056150771991,13.595967115773249,6.500505874586468,19.46921185881425,0.5607849733408119,1.0,1.0,1.0,0.9808591458979914,0.9808591458979914,0,nominal,0.0,0.0,0.0,0.0,0.0,0.0,0.0,0.0,0.0,0.0,0.0,0.0
51700,3188.380659805561,64.71671290126261,1126.85,70.49660087218786,72.93069178981695,13.595967115773249,6.500263681760296,19.46848648396891,0.5607849733408119,1.0,1.0,1.0,0.9808591458979914,0.9808591458979914,0,nominal,0.0,0.0,0.0,0.0,0.0,0.0,0.0,0.0,0.0,0.0,0.0,0.0
51750,3188.380659805561,64.71326841743064,1126.85,70.49395943886407,72.93082195934325,13.595967115773249,6.500021680199131,19.467761681968053,0.5607849733408119,1.0,1.0,1.0,0.9808591458979914,0.9808591458979914,0,nominal,0.0,0.0,0.0,0.0,0.0,0.0,0.0,0.0,0.0,0.0,0.0,0.0
51800,3188.380659805561,64.7098252105315,1126.85,70.49132039764334,72.93095201643106,13.595967115773249,6.499779869741395,19.467037452327748,0.5607849733408119,1.0,1.0,1.0,0.9808591458979914,0.9808591458979914,0,nominal,0.0,0.0,0.0,0.0,0.0,0.0,0.0,0.0,0.0,0.0,0.0,0.0
51850,3188.380659805561,64.70638328018396,1126.85,70.48868374597487,72.9310819612123,13.595967115773249,6.499538250225618,19.466313794564392,0.5607849733408119,1.0,1.0,1.0,0.9808591458979914,0.9808591458979914,0,nominal,0.0,0.0,0.0,0.0,0.0,0.0,0.0,0.0,0.0,0.0,0.0,0.0
51900,3188.380659805561,64.70294262600686,1126.85,70.48604948131066,72.93121179381866,13.595967115773249,6.499296821490417,19.46559070819464,0.5607849733408119,1.0,1.0,1.0,0.9808591458979914,0.9808591458979914,0,nominal,0.0,0.0,0.0,0.0,0.0,0.0,0.0,0.0,0.0,0.0,0.0,0.0
51950,3188.380659805561,64.6995032476189,1126.85,70.48341760110543,72.9313415143816,13.595967115773249,6.499055583374512,19.46486819273544,0.5607849733408119,1.0,1.0,1.0,0.9808591458979914,0.9808591458979914,0,nominal,0.0,0.0,0.0,0.0,0.0,0.0,0.0,0.0,0.0,0.0,0.0,0.0
52000,3188.380659805561,64.69606514463885,1126.85,70.48078810281675,72.93147112303231,13.595967115773249,6.498814535716711,19.464146247704036,0.5607849733408119,1.0,1.0,1.0,0.9808591458979914,0.9808591458979914,0,nominal,0.0,0.0,0.0,0.0,0.0,0.0,0.0,0.0,0.0,0.0,0.0,0.0
52050,3188.380659805561,64.69262831668539,1126.85,70.47816098390479,72.93160061990173,13.595967115773249,6.498573678355933,19.463424872617967,0.5607849733408119,1.0,1.0,1.0,0.9808591458979914,0.9808591458979914,0,nominal,0.0,0.0,0.0,0.0,0.0,0.0,0.0,0.0,0.0,0.0,0.0,0.0
52100,3188.380659805561,64.6891927633772,1126.85,70.47553624183263,72.93173000512056,13.595967115773249,6.498333011131175,19.46270406699504,0.5607849733408119,1.0,1.0,1.0,0.9808591458979914,0.9808591458979914,0,nominal,0.0,0.0,0.0,0.0,0.0,0.0,0.0,0.0,0.0,0.0,0.0,0.0
52150,3188.380659805561,64.68575848433295,1126.85,70.47291387406597,72.93185927881923,13.595967115773249,6.4980925338815485,19.46198383035338,0.5607849733408119,1.0,1.0,1.0,0.9808591458979914,0.9808591458979914,0,nominal,0.0,0.0,0.0,0.0,0.0,0.0,0.0,0.0,0.0,0.0,0.0,0.0
52200,3188.380659805561,64.6823254791712,1126.85,70.47029387807333,72.93198844112796,13.595967115773249,6.497852246446252,19.461264162211386,0.5607849733408119,1.0,1.0,1.0,0.9808591458979914,0.9808591458979914,0,nominal,0.0,0.0,0.0,0.0,0.0,0.0,0.0,0.0,0.0,0.0,0.0,0.0
52250,3188.380659805561,64.67889374751053,1126.85,70.46767625132594,72.93211749217669,13.595967115773249,6.497612148664583,19.460545062087743,0.5607849733408119,1.0,1.0,1.0,0.9808591458979914,0.9808591458979914,0,nominal,0.0,0.0,0.0,0.0,0.0,0.0,0.0,0.0,0.0,0.0,0.0,0.0
52300,3188.380659805561,64.67546328896958,1126.85,70.46506099129778,72.93224643209513,13.595967115773249,6.497372240375939,19.45982652950145,0.5607849733408119,1.0,1.0,1.0,0.9808591458979914,0.9808591458979914,0,nominal,0.0,0.0,0.0,0.0,0.0,0.0,0.0,0.0,0.0,0.0,0.0,0.0
52350,3188.380659805561,64.67203410316682,1126.85,70.46244809546556,72.93237526101277,13.595967115773249,6.497132521419809,19.459108563971764,0.5607849733408119,1.0,1.0,1.0,0.9808591458979914,0.9808591458979914,0,nominal,0.0,0.0,0.0,0.0,0.0,0.0,0.0,0.0,0.0,0.0,0.0,0.0
52400,3188.380659805561,64.66860618972078,1126.85,70.45983756130875,72.93250397905881,13.595967115773249,6.49689299163579,19.458391165018277,0.5607849733408119,1.0,1.0,1.0,0.9808591458979914,0.9808591458979914,0,nominal,0.0,0.0,0.0,0.0,0.0,0.0,0.0,0.0,0.0,0.0,0.0,0.0
52450,3188.380659805561,64.66517954824997,1126.85,70.4572293863095,72.93263258636223,13.595967115773249,6.496653650863564,19.45767433216083,0.5607849733408119,1.0,1.0,1.0,0.9808591458979914,0.9808591458979914,0,nominal,0.0,0.0,0.0,0.0,0.0,0.0,0.0,0.0,0.0,0.0,0.0,0.0
52500,3188.380659805561,64.6617541783728,1126.85,70.45462356795275,72.93276108305176,13.595967115773249,6.496414498942914,19.456958064919572,0.5607849733408119,1.0,1.0,1.0,0.9808591458979914,0.9808591458979914,0,nominal,0.0,0.0,0.0,0.0,0.0,0.0,0.0,0.0,0.0,0.0,0.0,0.0
52550,3188.380659805561,64.65833007970775,1126.85,70.45202010372611,72.93288946925593,13.595967115773249,6.496175535713731,19.456242362814965,0.5607849733408119,1.0,1.0,1.0,0.9808591458979914,0.9808591458979914,0,nominal,0.0,0.0,0.0,0.0,0.0,0.0,0.0,0.0,0.0,0.0,0.0,0.0
52600,3188.380659805561,64.65490725187317,1126.85,70.44941899111996,72.93301774510296,13.595967115773249,6.495936761015984,19.45552722536772,0.5607849733408119,1.0,1.0,1.0,0.9808591458979914,0.9808591458979914,0,nominal,0.0,0.0,0.0,0.0,0.0,0.0,0.0,0.0,0.0,0.0,0.0,0.0
52650,3188.380659805561,64.65148569448752,1126.85,70.44682022762737,72.93314591072087,13.595967115773249,6.495698174689759,19.454812652098884,0.5607849733408119,1.0,1.0,1.0,0.9808591458979914,0.9808591458979914,0,nominal,0.0,0.0,0.0,0.0,0.0,0.0,0.0,0.0,0.0,0.0,0.0,0.0
52700,3188.380659805561,64.6480654071691,1126.85,70.44422381074418,72.93327396623746,13.595967115773249,6.4954597765752276,19.454098642529768,0.5607849733408119,1.0,1.0,1.0,0.9808591458979914,0.9808591458979914,0,nominal,0.0,0.0,0.0,0.0,0.0,0.0,0.0,0.0,0.0,0.0,0.0,0.0
52750,3188.380659805561,64.64464638953626,1126.85,70.44162973796887,72.93340191178027,13.595967115773249,6.495221566512668,19.453385196181998,0.5607849733408119,1.0,1.0,1.0,0.9808591458979914,0.9808591458979914,0,nominal,0.0,0.0,0.0,0.0,0.0,0.0,0.0,0.0,0.0,0.0,0.0,0.0
52800,3188.380659805561,64.6412286412073,1126.85,70.43903800680266,72.93352974747658,13.595967115773249,6.494983544342442,19.452672312577455,0.5607849733408119,1.0,1.0,1.0,0.9808591458979914,0.9808591458979914,0,nominal,0.0,0.0,0.0,0.0,0.0,0.0,0.0,0.0,0.0,0.0,0.0,0.0
52850,3188.380659805561,64.63781216180053,1126.85,70.43644861474951,72.93365747345348,13.595967115773249,6.49474570990503,19.451959991238375,0.5607849733408119,1.0,1.0,1.0,0.9808591458979914,0.9808591458979914,0,nominal,0.0,0.0,0.0,0.0,0.0,0.0,0.0,0.0,0.0,0.0,0.0,0.0
52900,3188.380659805561,64.63439695093422,1126.85,70.43386155931609,72.93378508983781,13.595967115773249,6.494508063040986,19.45124823168721,0.5607849733408119,1.0,1.0,1.0,0.9808591458979914,0.9808591458979914,0,nominal,0.0,0.0,0.0,0.0,0.0,0.0,0.0,0.0,0.0,0.0,0.0,0.0
52950,3188.380659805561,64.63098300822662,1126.85,70.43127683801174,72.93391259675616,13.595967115773249,6.494270603590986,19.450537033446775,0.5607849733408119,1.0,1.0,1.0,0.9808591458979914,0.9808591458979914,0,nominal,0.0,0.0,0.0,0.0,0.0,0.0,0.0,0.0,0.0,0.0,0.0,0.0
53000,3188.380659805561,64.62757033329592,1126.85,70.4286944483485,72.9340399943349,13.595967115773249,6.494033331395792,19.449826396040155,0.5607849733408119,1.0,1.0,1.0,0.9808591458979914,0.9808591458979914,0,nominal,0.0,0.0,0.0,0.0,0.0,0.0,0.0,0.0,0.0,0.0,0.0,0.0
53050,3188.380659805561,64.6241589257603,1126.85,70.4261143878411,72.93416728270016,13.595967115773249,6.493796246296256,19.449116318990693,0.5607849733408119,1.0,1.0,1.0,0.9808591458979914,0.9808591458979914,0,nominal,0.0,0.0,0.0,0.0,0.0,0.0,0.0,0.0,0.0,0.0,0.0,0.0
53100,3188.380659805561,64.62074878523799,1126.85,70.42353665400702,72.93429446197786,13.595967115773249,6.49355934813334,19.448406801822067,0.5607849733408119,1.0,1.0,1.0,0.9808591458979914,0.9808591458979914,0,nominal,0.0,0.0,0.0,0.0,0.0,0.0,0.0,0.0,0.0,0.0,0.0,0.0
53150,3188.380659805561,64.61733991134707,1126.85,70.42096124436648,72.93442153229363,13.595967115773249,6.493322636748103,19.447697844058244,0.5607849733408119,1.0,1.0,1.0,0.9808591458979914,0.9808591458979914,0,nominal,0.0,0.0,0.0,0.0,0.0,0.0,0.0,0.0,0.0,0.0,0.0,0.0
53200,3188.380659805561,64.61393230370572,1126.85,70.41838815644223,72.93454849377297,13.595967115773249,6.4930861119817065,19.446989445223494,0.5607849733408119,1.0,1.0,1.0,0.9808591458979914,0.9808591458979914,0,nominal,0.0,0.0,0.0,0.0,0.0,0.0,0.0,0.0,0.0,0.0,0.0,0.0
53250,3188.380659805561,64.61052596193207,1126.85,70.41581738775983,72.93467534654106,13.595967115773249,6.492849773675397,19.44628160484235,0.5607849733408119,1.0,1.0,1.0,0.9808591458979914,0.9808591458979914,0,nominal,0.0,0.0,0.0,0.0,0.0,0.0,0.0,0.0,0.0,0.0,0.0,0.0
53300,3188.380659805561,64.60712088564412,1126.85,70.41324893584749,72.93480209072288,13.595967115773249,6.492613621670528,19.44557432243966,0.5607849733408119,1.0,1.0,1.0,0.9808591458979914,0.9808591458979914,0,nominal,0.0,0.0,0.0,0.0,0.0,0.0,0.0,0.0,0.0,0.0,0.0,0.0
53350,3188.380659805561,64.60371707446001,1126.85,70.41068279823611,72.9349287264432,13.595967115773249,6.492377655808552,19.44486759754057,0.5607849733408119,1.0,1.0,1.0,0.9808591458979914,0.9808591458979914,0,nominal,0.0,0.0,0.0,0.0,0.0,0.0,0.0,0.0,0.0,0.0,0.0,0.0
53400,3188.380659805561,64.60031452799774,1126.85,70.4081189724593,72.93505525382656,13.595967115773249,6.492141875931015,19.444161429670505,0.5607849733408119,1.0,1.0,1.0,0.9808591458979914,0.9808591458979914,0,nominal,0.0,0.0,0.0,0.0,0.0,0.0,0.0,0.0,0.0,0.0,0.0,0.0
53450,3188.380659805561,64.59691324587538,1126.85,70.40555745605332,72.93518167299725,13.595967115773249,6.491906281879567,19.443455818355197,0.5607849733408119,1.0,1.0,1.0,0.9808591458979914,0.9808591458979914,0,nominal,0.0,0.0,0.0,0.0,0.0,0.0,0.0,0.0,0.0,0.0,0.0,0.0
53500,3188.380659805561,64.5935132277109,1126.85,70.4029982465571,72.93530798407934,13.595967115773249,6.491670873495955,19.44275076312068,0.5607849733408119,1.0,1.0,1.0,0.9808591458979914,0.9808591458979914,0,nominal,0.0,0.0,0.0,0.0,0.0,0.0,0.0,0.0,0.0,0.0,0.0,0.0
53550,3188.380659805561,64.5901144731223,1126.85,70.40044134151225,72.9354341871967,13.595967115773249,6.4914356506220265,19.442046263493282,0.5607849733408119,1.0,1.0,1.0,0.9808591458979914,0.9808591458979914,0,nominal,0.0,0.0,0.0,0.0,0.0,0.0,0.0,0.0,0.0,0.0,0.0,0.0
53600,3188.380659805561,64.58671698172753,1126.85,70.39788673846306,72.93556028247295,13.595967115773249,6.491200613099719,19.4413423189996,0.5607849733408119,1.0,1.0,1.0,0.9808591458979914,0.9808591458979914,0,nominal,0.0,0.0,0.0,0.0,0.0,0.0,0.0,0.0,0.0,0.0,0.0,0.0
53650,3188.380659805561,64.58332075314456,1126.85,70.39533443495645,72.93568627003151,13.595967115773249,6.490965760771078,19.44063892916655,0.5607849733408119,1.0,1.0,1.0,0.9808591458979914,0.9808591458979914,0,nominal,0.0,0.0,0.0,0.0,0.0,0.0,0.0,0.0,0.0,0.0,0.0,0.0
53700,3188.380659805561,64.57992578699128,1126.85,70.39278442854209,72.93581214999556,13.595967115773249,6.490731093478241,19.43993609352134,0.5607849733408119,1.0,1.0,1.0,0.9808591458979914,0.9808591458979914,0,nominal,0.0,0.0,0.0,0.0,0.0,0.0,0.0,0.0,0.0,0.0,0.0,0.0
53750,3188.380659805561,64.57653208288565,1126.85,70.39023671677228,72.93593792248805,13.595967115773249,6.490496611063455,19.439233811591482,0.5607849733408119,1.0,1.0,1.0,0.9808591458979914,0.9808591458979914,0,nominal,0.0,0.0,0.0,0.0,0.0,0.0,0.0,0.0,0.0,0.0,0.0,0.0
53800,3188.380659805561,64.5731396404455,1126.85,70.38769129720191,72.93606358763175,13.595967115773249,6.49026231336906,19.438532082904793,0.5607849733408119,1.0,1.0,1.0,0.9808591458979914,0.9808591458979914,0,nominal,0.0,0.0,0.0,0.0,0.0,0.0,0.0,0.0,0.0,0.0,0.0,0.0
53850,3188.380659805561,64.56974845928875,1126.85,70.38514816738865,72.93618914554916,13.595967115773249,6.490028200237488,19.43783090698934,0.5607849733408119,1.0,1.0,1.0,0.9808591458979914,0.9808591458979914,0,nominal,0.0,0.0,0.0,0.0,0.0,0.0,0.0,0.0,0.0,0.0,0.0,0.0
53900,3188.380659805561,64.56635853903322,1126.85,70.38260732489272,72.93631459636259,13.595967115773249,6.489794271511283,19.43713028337354,0.5607849733408119,1.0,1.0,1.0,0.9808591458979914,0.9808591458979914,0,nominal,0.0,0.0,0.0,0.0,0.0,0.0,0.0,0.0,0.0,0.0,0.0,0.0
53950,3188.380659805561,64.56296987929676,1126.85,70.38006876727701,72.93643994019413,13.595967115773249,6.489560527033074,19.436430211586078,0.5607849733408119,1.0,1.0,1.0,0.9808591458979914,0.9808591458979914,0,nominal,0.0,0.0,0.0,0.0,0.0,0.0,0.0,0.0,0.0,0.0,0.0,0.0
54000,3188.380659805561,64.55958247969716,1126.85,70.37753249210715,72.93656517716566,13.595967115773249,6.4893269666456,19.43573069115593,0.5607849733408119,1.0,1.0,1.0,0.9808591458979914,0.9808591458979914,0,nominal,0.0,0.0,0.0,0.0,0.0,0.0,0.0,0.0,0.0,0.0,0.0,0.0
54050,3188.380659805561,64.55619633985225,1126.85,70.37499849695126,72.9366903073988,13.595967115773249,6.489093590191699,19.4350317216124,0.5607849733408119,1.0,1.0,1.0,0.9808591458979914,0.9808591458979914,0,nominal,0.0,0.0,0.0,0.0,0.0,0.0,0.0,0.0,0.0,0.0,0.0,0.0
54100,3188.380659805561,64.55281145937983,1126.85,70.37246677938026,72.93681533101501,13.595967115773249,6.488860397514293,19.43433330248504,0.5607849733408119,1.0,1.0,1.0,0.9808591458979914,0.9808591458979914,0,nominal,0.0,0.0,0.0,0.0,0.0,0.0,0.0,0.0,0.0,0.0,0.0,0.0
54150,3188.380659805561,64.54942783789761,1126.85,70.36993733696767,72.93694024813551,13.595967115773249,6.488627388456428,19.43363543330376,0.5607849733408119,1.0,1.0,1.0,0.9808591458979914,0.9808591458979914,0,nominal,0.0,0.0,0.0,0.0,0.0,0.0,0.0,0.0,0.0,0.0,0.0,0.0
54200,3188.380659805561,64.54604547502339,1126.85,70.36741016728962,72.93706505888129,13.595967115773249,6.488394562861234,19.432938113598734,0.5607849733408119,1.0,1.0,1.0,0.9808591458979914,0.9808591458979914,0,nominal,0.0,0.0,0.0,0.0,0.0,0.0,0.0,0.0,0.0,0.0,0.0,0.0
54250,3188.380659805561,64.54266437037484,1126.85,70.36488526792488,72.93718976337314,13.595967115773249,6.488161920571942,19.432241342900433,0.5607849733408119,1.0,1.0,1.0,0.9808591458979914,0.9808591458979914,0,nominal,0.0,0.0,0.0,0.0,0.0,0.0,0.0,0.0,0.0,0.0,0.0,0.0
54300,3188.380659805561,64.53928452356973,1126.85,70.36236263645486,72.93731436173165,13.595967115773249,6.4879294614318805,19.43154512073962,0.5607849733408119,1.0,1.0,1.0,0.9808591458979914,0.9808591458979914,0,nominal,0.0,0.0,0.0,0.0,0.0,0.0,0.0,0.0,0.0,0.0,0.0,0.0
54350,3188.380659805561,64.53590593422575,1126.85,70.35984227046362,72.93743885407717,13.595967115773249,6.487697185284483,19.430849446647375,0.5607849733408119,1.0,1.0,1.0,0.9808591458979914,0.9808591458979914,0,nominal,0.0,0.0,0.0,0.0,0.0,0.0,0.0,0.0,0.0,0.0,0.0,0.0
54400,3188.380659805561,64.53252860196056,1126.85,70.3573241675378,72.93756324052987,13.595967115773249,6.487465091973278,19.430154320155065,0.5607849733408119,1.0,1.0,1.0,0.9808591458979914,0.9808591458979914,0,nominal,0.0,0.0,0.0,0.0,0.0,0.0,0.0,0.0,0.0,0.0,0.0,0.0
54450,3188.380659805561,64.52915252639184,1126.85,70.35480832526673,72.93768752120968,13.595967115773249,6.4872331813418995,19.42945974079436,0.5607849733408119,1.0,1.0,1.0,0.9808591458979914,0.9808591458979914,0,nominal,0.0,0.0,0.0,0.0,0.0,0.0,0.0,0.0,0.0,0.0,0.0,0.0
54500,3188.380659805561,64.52577770713725,1126.85,70.35229474124236,72.93781169623634,13.595967115773249,6.487001453234072,19.428765708097217,0.5607849733408119,1.0,1.0,1.0,0.9808591458979914,0.9808591458979914,0,nominal,0.0,0.0,0.0,0.0,0.0,0.0,0.0,0.0,0.0,0.0,0.0,0.0
54550,3188.380659805561,64.52240414381447,1126.85,70.34978341305919,72.93793576572934,13.595967115773249,6.486769907493627,19.428072221595905,0.5607849733408119,1.0,1.0,1.0,0.9808591458979914,0.9808591458979914,0,nominal,0.0,0.0,0.0,0.0,0.0,0.0,0.0,0.0,0.0,0.0,0.0,0.0
54600,3188.380659805561,64.51903183604105,1126.85,70.34727433831443,72.93805972980803,13.595967115773249,6.48653854396449,19.427379280822976,0.5607849733408119,1.0,1.0,1.0,0.9808591458979914,0.9808591458979914,0,nominal,0.0,0.0,0.0,0.0,0.0,0.0,0.0,0.0,0.0,0.0,0.0,0.0
54650,3188.380659805561,64.51566078343467,1126.85,70.3447675146079,72.9381835885915,13.595967115773249,6.486307362490696,19.42668688531131,0.5607849733408119,1.0,1.0,1.0,0.9808591458979914,0.9808591458979914,0,nominal,0.0,0.0,0.0,0.0,0.0,0.0,0.0,0.0,0.0,0.0,0.0,0.0
54700,3188.380659805561,64.51229098561288,1126.85,70.34226293954197,72.93830734219864,13.595967115773249,6.486076362916372,19.42599503459406,0.5607849733408119,1.0,1.0,1.0,0.9808591458979914,0.9808591458979914,0,nominal,0.0,0.0,0.0,0.0,0.0,0.0,0.0,0.0,0.0,0.0,0.0,0.0
54750,3188.380659805561,64.50892244219324,1126.85,70.33976061072167,72.93843099074815,13.595967115773249,6.485845545085747,19.42530372820469,0.5607849733408119,1.0,1.0,1.0,0.9808591458979914,0.9808591458979914,0,nominal,0.0,0.0,0.0,0.0,0.0,0.0,0.0,0.0,0.0,0.0,0.0,0.0
54800,3188.380659805561,64.50555515279336,1126.85,70.33726052575463,72.9385545343585,13.595967115773249,6.4856149088431465,19.424612965676953,0.5607849733408119,1.0,1.0,1.0,0.9808591458979914,0.9808591458979914,0,nominal,0.0,0.0,0.0,0.0,0.0,0.0,0.0,0.0,0.0,0.0,0.0,0.0
54850,3188.380659805561,64.50218911703081,1126.85,70.33476268225104,72.93867797314797,13.595967115773249,6.485384454032999,19.4239227465449,0.5607849733408119,1.0,1.0,1.0,0.9808591458979914,0.9808591458979914,0,nominal,0.0,0.0,0.0,0.0,0.0,0.0,0.0,0.0,0.0,0.0,0.0,0.0
54900,3188.380659805561,64.49882433452308,1126.85,70.33226707782376,72.93880130723466,13.595967115773249,6.485154180499834,19.423233070342903,0.5607849733408119,1.0,1.0,1.0,0.9808591458979914,0.9808591458979914,0,nominal,0.0,0.0,0.0,0.0,0.0,0.0,0.0,0.0,0.0,0.0,0.0,0.0
54950,3188.380659805561,64.49546080488773,1126.85,70.32977371008826,72.93892453673638,13.595967115773249,6.484924088088279,19.422543936605607,0.5607849733408119,1.0,1.0,1.0,0.9808591458979914,0.9808591458979914,0,nominal,0.0,0.0,0.0,0.0,0.0,0.0,0.0,0.0,0.0,0.0,0.0,0.0
55000,3188.380659805561,64.49209852774226,1126.85,70.32728257666258,72.93904766177083,13.595967115773249,6.484694176643065,19.42185534486798,0.5607849733408119,1.0,1.0,1.0,0.9808591458979914,0.9808591458979914,0,nominal,0.0,0.0,0.0,0.0,0.0,0.0,0.0,0.0,0.0,0.0,0.0,0.0
55050,3188.380659805561,64.48873750270423,1126.85,70.32479367516731,72.93917068245548,13.595967115773249,6.484464446009019,19.421167294665274,0.5607849733408119,1.0,1.0,1.0,0.9808591458979914,0.9808591458979914,0,nominal,0.0,0.0,0.0,0.0,0.0,0.0,0.0,0.0,0.0,0.0,0.0,0.0
55100,3188.380659805561,64.48537772939108,1126.85,70.32230700322572,72.93929359890757,13.595967115773249,6.484234896031067,19.420479785533036,0.5607849733408119,1.0,1.0,1.0,0.9808591458979914,0.9808591458979914,0,nominal,0.0,0.0,0.0,0.0,0.0,0.0,0.0,0.0,0.0,0.0,0.0,0.0
55150,3188.380659805561,64.48201920742031,1126.85,70.31982255846361,72.93941641124417,13.595967115773249,6.484005526554241,19.419792817007135,0.5607849733408119,1.0,1.0,1.0,0.9808591458979914,0.9808591458979914,0,nominal,0.0,0.0,0.0,0.0,0.0,0.0,0.0,0.0,0.0,0.0,0.0,0.0
55200,3188.380659805561,64.47866193640937,1126.85,70.31734033850944,72.93953911958214,13.595967115773249,6.483776337423672,19.419106388623735,0.5607849733408119,1.0,1.0,1.0,0.9808591458979914,0.9808591458979914,0,nominal,0.0,0.0,0.0,0.0,0.0,0.0,0.0,0.0,0.0,0.0,0.0,0.0
55250,3188.380659805561,64.47530591597575,1126.85,70.31486034099419,72.9396617240381,13.595967115773249,6.483547328484588,19.418420499919282,0.5607849733408119,1.0,1.0,1.0,0.9808591458979914,0.9808591458979914,0,nominal,0.0,0.0,0.0,0.0,0.0,0.0,0.0,0.0,0.0,0.0,0.0,0.0
55300,3188.380659805561,64.47195114573685,1126.85,70.31238256355141,72.93978422472853,13.595967115773249,6.483318499582322,19.417735150430556,0.5607849733408119,1.0,1.0,1.0,0.9808591458979914,0.9808591458979914,0,nominal,0.0,0.0,0.0,0.0,0.0,0.0,0.0,0.0,0.0,0.0,0.0,0.0
55350,3188.380659805561,64.46859762531017,1126.85,70.30990700381727,72.93990662176971,13.595967115773249,6.483089850562298,19.41705033969458,0.5607849733408119,1.0,1.0,1.0,0.9808591458979914,0.9808591458979914,0,nominal,0.0,0.0,0.0,0.0,0.0,0.0,0.0,0.0,0.0,0.0,0.0,0.0
55400,3188.380659805561,64.46524535431308,1126.85,70.30743365943056,72.94002891527767,13.595967115773249,6.482861381270051,19.41636606724874,0.5607849733408119,1.0,1.0,1.0,0.9808591458979914,0.9808591458979914,0,nominal,0.0,0.0,0.0,0.0,0.0,0.0,0.0,0.0,0.0,0.0,0.0,0.0
55450,3188.380659805561,64.46189433236299,1126.85,70.30496252803255,72.94015110536826,13.595967115773249,6.482633091551209,19.415682332630688,0.5607849733408119,1.0,1.0,1.0,0.9808591458979914,0.9808591458979914,0,nominal,0.0,0.0,0.0,0.0,0.0,0.0,0.0,0.0,0.0,0.0,0.0,0.0
55500,3188.380659805561,64.45854455907732,1126.85,70.30249360726714,72.94027319215718,13.595967115773249,6.482404981251506,19.414999135378388,0.5607849733408119,1.0,1.0,1.0,0.9808591458979914,0.9808591458979914,0,nominal,0.0,0.0,0.0,0.0,0.0,0.0,0.0,0.0,0.0,0.0,0.0,0.0
55550,3188.380659805561,64.45519603407348,1126.85,70.30002689478079,72.94039517575989,13.595967115773249,6.482177050216773,19.414316475030095,0.5607849733408119,1.0,1.0,1.0,0.9808591458979914,0.9808591458979914,0,nominal,0.0,0.0,0.0,0.0,0.0,0.0,0.0,0.0,0.0,0.0,0.0,0.0
55600,3188.380659805561,64.45184875696884,1126.85,70.29756238822256,72.94051705629163,13.595967115773249,6.481949298292943,19.41363435112438,0.5607849733408119,1.0,1.0,1.0,0.9808591458979914,0.9808591458979914,0,nominal,0.0,0.0,0.0,0.0,0.0,0.0,0.0,0.0,0.0,0.0,0.0,0.0
55650,3188.380659805561,64.4485027273808,1126.85,70.29510008524409,72.9406388338675,13.595967115773249,6.481721725326051,19.412952763200114,0.5607849733408119,1.0,1.0,1.0,0.9808591458979914,0.9808591458979914,0,nominal,0.0,0.0,0.0,0.0,0.0,0.0,0.0,0.0,0.0,0.0,0.0,0.0
55700,3188.380659805561,64.44515794492668,1126.85,70.29263998349944,72.94076050860238,13.595967115773249,6.4814943311622315,19.412271710796457,0.5607849733408119,1.0,1.0,1.0,0.9808591458979914,0.9808591458979914,0,nominal,0.0,0.0,0.0,0.0,0.0,0.0,0.0,0.0,0.0,0.0,0.0,0.0
55750,3188.380659805561,64.44181440922387,1126.85,70.29018208064542,72.94088208061096,13.595967115773249,6.481267115647718,19.41159119345288,0.5607849733408119,1.0,1.0,1.0,0.9808591458979914,0.9808591458979914,0,nominal,0.0,0.0,0.0,0.0,0.0,0.0,0.0,0.0,0.0,0.0,0.0,0.0
55800,3188.380659805561,64.43847211988975,1126.85,70.28772637434133,72.94100355000775,13.595967115773249,6.481040078628845,19.41091121070915,0.5607849733408119,1.0,1.0,1.0,0.9808591458979914,0.9808591458979914,0,nominal,0.0,0.0,0.0,0.0,0.0,0.0,0.0,0.0,0.0,0.0,0.0,0.0
55850,3188.380659805561,64.43513107654161,1126.85,70.28527286224897,72.94112491690701,13.595967115773249,6.480813219952052,19.410231762105347,0.5607849733408119,1.0,1.0,1.0,0.9808591458979914,0.9808591458979914,0,nominal,0.0,0.0,0.0,0.0,0.0,0.0,0.0,0.0,0.0,0.0,0.0,0.0
55900,3188.380659805561,64.43179127879677,1126.85,70.2828215420327,72.94124618142288,13.595967115773249,6.480586539463878,19.409552847181853,0.5607849733408119,1.0,1.0,1.0,0.9808591458979914,0.9808591458979914,0,nominal,0.0,0.0,0.0,0.0,0.0,0.0,0.0,0.0,0.0,0.0,0.0,0.0
55950,3188.380659805561,64.42845272627261,1126.85,70.28037241135956,72.94136734366927,13.595967115773249,6.480360037010952,19.408874465479315,0.5607849733408119,1.0,1.0,1.0,0.9808591458979914,0.9808591458979914,0,nominal,0.0,0.0,0.0,0.0,0.0,0.0,0.0,0.0,0.0,0.0,0.0,0.0
56000,3188.380659805561,64.42511541858642,1126.85,70.27792546789897,72.94148840375992,13.595967115773249,6.480133712440021,19.40819661653874,0.5607849733408119,1.0,1.0,1.0,0.9808591458979914,0.9808591458979914,0,nominal,0.0,0.0,0.0,0.0,0.0,0.0,0.0,0.0,0.0,0.0,0.0,0.0
56050,3188.380659805561,64.42177935535551,1126.85,70.275480709323,72.94160936180836,13.595967115773249,6.479907565597923,19.407519299901395,0.5607849733408119,1.0,1.0,1.0,0.9808591458979914,0.9808591458979914,0,nominal,0.0,0.0,0.0,0.0,0.0,0.0,0.0,0.0,0.0,0.0,0.0,0.0
56100,3188.380659805561,64.41844453619717,1126.85,70.27303813330622,72.94173021792793,13.595967115773249,6.479681596331599,19.406842515108867,0.5607849733408119,1.0,1.0,1.0,0.9808591458979914,0.9808591458979914,0,nominal,0.0,0.0,0.0,0.0,0.0,0.0,0.0,0.0,0.0,0.0,0.0,0.0
56150,3188.380659805561,64.41511096072867,1126.85,70.2705977375258,72.94185097223179,13.595967115773249,6.4794558044880874,19.40616626170304,0.5607849733408119,1.0,1.0,1.0,0.9808591458979914,0.9808591458979914,0,nominal,0.0,0.0,0.0,0.0,0.0,0.0,0.0,0.0,0.0,0.0,0.0,0.0
56200,3188.380659805561,64.41177862856733,1126.85,70.26815951966137,72.94197162483293,13.595967115773249,6.4792301899145395,19.40549053922611,0.5607849733408119,1.0,1.0,1.0,0.9808591458979914,0.9808591458979914,0,nominal,0.0,0.0,0.0,0.0,0.0,0.0,0.0,0.0,0.0,0.0,0.0,0.0
56250,3188.380659805561,64.40844753933044,1126.85,70.26572347739511,72.9420921758441,13.595967115773249,6.4790047524581915,19.404815347220563,0.5607849733408119,1.0,1.0,1.0,0.9808591458979914,0.9808591458979914,0,nominal,0.0,0.0,0.0,0.0,0.0,0.0,0.0,0.0,0.0,0.0,0.0,0.0
56300,3188.380659805561,64.40511769263526,1126.85,70.26328960841181,72.94221262537792,13.595967115773249,6.478779491966391,19.404140685229187,0.5607849733408119,1.0,1.0,1.0,0.9808591458979914,0.9808591458979914,0,nominal,0.0,0.0,0.0,0.0,0.0,0.0,0.0,0.0,0.0,0.0,0.0,0.0
56350,3188.380659805561,64.40178908809906,1126.85,70.26085791039873,72.94233297354678,13.595967115773249,6.478554408286583,19.403466552795088,0.5607849733408119,1.0,1.0,1.0,0.9808591458979914,0.9808591458979914,0,nominal,0.0,0.0,0.0,0.0,0.0,0.0,0.0,0.0,0.0,0.0,0.0,0.0
56400,3188.380659805561,64.39846172533913,1126.85,70.25842838104563,72.94245322046294,13.595967115773249,6.4783295012663205,19.402792949461666,0.5607849733408119,1.0,1.0,1.0,0.9808591458979914,0.9808591458979914,0,nominal,0.0,0.0,0.0,0.0,0.0,0.0,0.0,0.0,0.0,0.0,0.0,0.0
56450,3188.380659805561,64.39513560397268,1126.85,70.25600101804486,72.94257336623838,13.595967115773249,6.478104770753248,19.402119874772627,0.5607849733408119,1.0,1.0,1.0,0.9808591458979914,0.9808591458979914,0,nominal,0.0,0.0,0.0,0.0,0.0,0.0,0.0,0.0,0.0,0.0,0.0,0.0
56500,3188.380659805561,64.39181072361697,1126.85,70.25357581909128,72.94269341098499,13.595967115773249,6.477880216595114,19.401447328271963,0.5607849733408119,1.0,1.0,1.0,0.9808591458979914,0.9808591458979914,0,nominal,0.0,0.0,0.0,0.0,0.0,0.0,0.0,0.0,0.0,0.0,0.0,0.0
56550,3188.380659805561,64.38848708388923,1126.85,70.25115278188224,72.94281335481443,13.595967115773249,6.477655838639775,19.400775309504002,0.5607849733408119,1.0,1.0,1.0,0.9808591458979914,0.9808591458979914,0,nominal,0.0,0.0,0.0,0.0,0.0,0.0,0.0,0.0,0.0,0.0,0.0,0.0
56600,3188.380659805561,64.38516468440673,1126.85,70.24873190411762,72.94293319783819,13.595967115773249,6.477431636735179,19.400103818013353,0.5607849733408119,1.0,1.0,1.0,0.9808591458979914,0.9808591458979914,0,nominal,0.0,0.0,0.0,0.0,0.0,0.0,0.0,0.0,0.0,0.0,0.0,0.0
56650,3188.380659805561,64.38184352478675,1126.85,70.24631318349981,72.94305294016755,13.595967115773249,6.477207610729381,19.39943285334492,0.5607849733408119,1.0,1.0,1.0,0.9808591458979914,0.9808591458979914,0,nominal,0.0,0.0,0.0,0.0,0.0,0.0,0.0,0.0,0.0,0.0,0.0,0.0
56700,3188.380659805561,64.37852360464643,1126.85,70.24389661773375,72.94317258191364,13.595967115773249,6.476983760470534,19.398762415043933,0.5607849733408119,1.0,1.0,1.0,0.9808591458979914,0.9808591458979914,0,nominal,0.0,0.0,0.0,0.0,0.0,0.0,0.0,0.0,0.0,0.0,0.0,0.0
56750,3188.380659805561,64.37520492360306,1126.85,70.2414822045269,72.9432921231874,13.595967115773249,6.4767600858069025,19.398092502655924,0.5607849733408119,1.0,1.0,1.0,0.9808591458979914,0.9808591458979914,0,nominal,0.0,0.0,0.0,0.0,0.0,0.0,0.0,0.0,0.0,0.0,0.0,0.0
56800,3188.380659805561,64.37188748127386,1126.85,70.23906994158915,72.94341156409959,13.595967115773249,6.47653658658684,19.397423115726717,0.5607849733408119,1.0,1.0,1.0,0.9808591458979914,0.9808591458979914,0,nominal,0.0,0.0,0.0,0.0,0.0,0.0,0.0,0.0,0.0,0.0,0.0,0.0
56850,3188.380659805561,64.36857127727603,1126.85,70.23665982663294,72.94353090476079,13.595967115773249,6.476313262658805,19.396754253802442,0.5607849733408119,1.0,1.0,1.0,0.9808591458979914,0.9808591458979914,0,nominal,0.0,0.0,0.0,0.0,0.0,0.0,0.0,0.0,0.0,0.0,0.0,0.0
56900,3188.380659805561,64.3652563112268,1126.85,70.23425185737324,72.94365014528135,13.595967115773249,6.4760901138713605,19.396085916429534,0.5607849733408119,1.0,1.0,1.0,0.9808591458979914,0.9808591458979914,0,nominal,0.0,0.0,0.0,0.0,0.0,0.0,0.0,0.0,0.0,0.0,0.0,0.0
56950,3188.380659805561,64.36194258274338,1126.85,70.23184603152748,72.94376928577152,13.595967115773249,6.475867140073168,19.395418103154732,0.5607849733408119,1.0,1.0,1.0,0.9808591458979914,0.9808591458979914,0,nominal,0.0,0.0,0.0,0.0,0.0,0.0,0.0,0.0,0.0,0.0,0.0,0.0
57000,3188.380659805561,64.35863009144299,1126.85,70.22944234681563,72.94388832634134,13.595967115773249,6.475644341112991,19.39475081352508,0.5607849733408119,1.0,1.0,1.0,0.9808591458979914,0.9808591458979914,0,nominal,0.0,0.0,0.0,0.0,0.0,0.0,0.0,0.0,0.0,0.0,0.0,0.0
57050,3188.380659805561,64.35531883694284,1126.85,70.22704080096008,72.94400726710064,13.595967115773249,6.475421716839699,19.394084047087933,0.5607849733408119,1.0,1.0,1.0,0.9808591458979914,0.9808591458979914,0,nominal,0.0,0.0,0.0,0.0,0.0,0.0,0.0,0.0,0.0,0.0,0.0,0.0
57100,3188.380659805561,64.3520088188601,1126.85,70.22464139168585,72.94412610815911,13.595967115773249,6.4751992671022585,19.393417803390946,0.5607849733408119,1.0,1.0,1.0,0.9808591458979914,0.9808591458979914,0,nominal,0.0,0.0,0.0,0.0,0.0,0.0,0.0,0.0,0.0,0.0,0.0,0.0
57150,3188.380659805561,64.34870003681203,1126.85,70.22224411672033,72.94424484962624,13.595967115773249,6.474976991749737,19.39275208198207,0.5607849733408119,1.0,1.0,1.0,0.9808591458979914,0.9808591458979914,0,nominal,0.0,0.0,0.0,0.0,0.0,0.0,0.0,0.0,0.0,0.0,0.0,0.0
57200,3188.380659805561,64.3453924904158,1126.85,70.21984897379343,72.94436349161137,13.595967115773249,6.474754890631308,19.392086882409576,0.5607849733408119,1.0,1.0,1.0,0.9808591458979914,0.9808591458979914,0,nominal,0.0,0.0,0.0,0.0,0.0,0.0,0.0,0.0,0.0,0.0,0.0,0.0
57250,3188.380659805561,64.34208617928857,1126.85,70.21745596063755,72.94448203422364,13.595967115773249,6.474532963596244,19.391422204222028,0.5607849733408119,1.0,1.0,1.0,0.9808591458979914,0.9808591458979914,0,nominal,0.0,0.0,0.0,0.0,0.0,0.0,0.0,0.0,0.0,0.0,0.0,0.0
57300,3188.380659805561,64.33878110304761,1126.85,70.21506507498759,72.944600477572,13.595967115773249,6.4743112104939184,19.390758046968298,0.5607849733408119,1.0,1.0,1.0,0.9808591458979914,0.9808591458979914,0,nominal,0.0,0.0,0.0,0.0,0.0,0.0,0.0,0.0,0.0,0.0,0.0,0.0
57350,3188.380659805561,64.33547726131007,1126.85,70.2126763145809,72.94471882176528,13.595967115773249,6.474089631173805,19.390094410197555,0.5607849733408119,1.0,1.0,1.0,0.9808591458979914,0.9808591458979914,0,nominal,0.0,0.0,0.0,0.0,0.0,0.0,0.0,0.0,0.0,0.0,0.0,0.0
57400,3188.380659805561,64.33217465369313,1126.85,70.21028967715733,72.94483706691207,13.595967115773249,6.473868225485484,19.389431293459282,0.5607849733408119,1.0,1.0,1.0,0.9808591458979914,0.9808591458979914,0,nominal,0.0,0.0,0.0,0.0,0.0,0.0,0.0,0.0,0.0,0.0,0.0,0.0
57450,3188.380659805561,64.32887327981399,1126.85,70.20790516045923,72.94495521312083,13.595967115773249,6.473646993278636,19.388768696303273,0.5607849733408119,1.0,1.0,1.0,0.9808591458979914,0.9808591458979914,0,nominal,0.0,0.0,0.0,0.0,0.0,0.0,0.0,0.0,0.0,0.0,0.0,0.0
57500,3188.380659805561,64.32557313928987,1126.85,70.2055227622314,72.94507326049983,13.595967115773249,6.473425934403041,19.388106618279615,0.5607849733408119,1.0,1.0,1.0,0.9808591458979914,0.9808591458979914,0,nominal,0.0,0.0,0.0,0.0,0.0,0.0,0.0,0.0,0.0,0.0,0.0,0.0
57550,3188.380659805561,64.32227423173794,1126.85,70.20314248022112,72.94519120915716,13.595967115773249,6.4732050487085875,19.387445058938717,0.5607849733408119,1.0,1.0,1.0,0.9808591458979914,0.9808591458979914,0,nominal,0.0,0.0,0.0,0.0,0.0,0.0,0.0,0.0,0.0,0.0,0.0,0.0
57600,3188.380659805561,64.3189765567754,1126.85,70.20076431217808,72.94530905920074,13.595967115773249,6.472984336045258,19.38678401783127,0.5607849733408119,1.0,1.0,1.0,0.9808591458979914,0.9808591458979914,0,nominal,0.0,0.0,0.0,0.0,0.0,0.0,0.0,0.0,0.0,0.0,0.0,0.0
57650,3188.380659805561,64.31568011401941,1126.85,70.19838825585452,72.94542681073834,13.595967115773249,6.472763796263135,19.386123494508276,0.5607849733408119,1.0,1.0,1.0,0.9808591458979914,0.9808591458979914,0,nominal,0.0,0.0,0.0,0.0,0.0,0.0,0.0,0.0,0.0,0.0,0.0,0.0
57700,3188.380659805561,64.3123849030872,1126.85,70.19601430900514,72.94554446387755,13.595967115773249,6.4725434292124175,19.385463488521065,0.5607849733408119,1.0,1.0,1.0,0.9808591458979914,0.9808591458979914,0,nominal,0.0,0.0,0.0,0.0,0.0,0.0,0.0,0.0,0.0,0.0,0.0,0.0
57750,3188.380659805561,64.30909092359599,1126.85,70.19364246938704,72.94566201872576,13.595967115773249,6.472323234743391,19.384803999421244,0.5607849733408119,1.0,1.0,1.0,0.9808591458979914,0.9808591458979914,0,nominal,0.0,0.0,0.0,0.0,0.0,0.0,0.0,0.0,0.0,0.0,0.0,0.0
57800,3188.380659805561,64.30579817516292,1126.85,70.19127273475982,72.9457794753902,13.595967115773249,6.472103212706456,19.384145026760752,0.5607849733408119,1.0,1.0,1.0,0.9808591458979914,0.9808591458979914,0,nominal,0.0,0.0,0.0,0.0,0.0,0.0,0.0,0.0,0.0,0.0,0.0,0.0
57850,3188.380659805561,64.30250665740522,1126.85,70.18890510288554,72.94589683397795,13.595967115773249,6.471883362952099,19.3834865700918,0.5607849733408119,1.0,1.0,1.0,0.9808591458979914,0.9808591458979914,0,nominal,0.0,0.0,0.0,0.0,0.0,0.0,0.0,0.0,0.0,0.0,0.0,0.0
57900,3188.380659805561,64.29921636994004,1126.85,70.18653957152873,72.94601409459591,13.595967115773249,6.471663685330925,19.38282862896694,0.5607849733408119,1.0,1.0,1.0,0.9808591458979914,0.9808591458979914,0,nominal,0.0,0.0,0.0,0.0,0.0,0.0,0.0,0.0,0.0,0.0,0.0,0.0
57950,3188.380659805561,64.2959273123846,1126.85,70.18417613845628,72.94613125735081,13.595967115773249,6.471444179693631,19.38217120293901,0.5607849733408119,1.0,1.0,1.0,0.9808591458979914,0.9808591458979914,0,nominal,0.0,0.0,0.0,0.0,0.0,0.0,0.0,0.0,0.0,0.0,0.0,0.0
58000,3188.380659805561,64.29263948435607,1126.85,70.18181480143761,72.94624832234922,13.595967115773249,6.471224845891019,19.381514291561153,0.5607849733408119,1.0,1.0,1.0,0.9808591458979914,0.9808591458979914,0,nominal,0.0,0.0,0.0,0.0,0.0,0.0,0.0,0.0,0.0,0.0,0.0,0.0
58050,3188.380659805561,64.28935288547166,1126.85,70.17945555824463,72.94636528969752,13.595967115773249,6.471005683773992,19.380857894386818,0.5607849733408119,1.0,1.0,1.0,0.9808591458979914,0.9808591458979914,0,nominal,0.0,0.0,0.0,0.0,0.0,0.0,0.0,0.0,0.0,0.0,0.0,0.0
58100,3188.380659805561,64.28606751534858,1126.85,70.17709840665157,72.94648215950194,13.595967115773249,6.470786693193558,19.38020201096977,0.5607849733408119,1.0,1.0,1.0,0.9808591458979914,0.9808591458979914,0,nominal,0.0,0.0,0.0,0.0,0.0,0.0,0.0,0.0,0.0,0.0,0.0,0.0
58150,3188.380659805561,64.28278337360405,1126.85,70.17474334443523,72.94659893186854,13.595967115773249,6.470567874000824,19.37954664086407,0.5607849733408119,1.0,1.0,1.0,0.9808591458979914,0.9808591458979914,0,nominal,0.0,0.0,0.0,0.0,0.0,0.0,0.0,0.0,0.0,0.0,0.0,0.0
58200,3188.380659805561,64.27950045985523,1126.85,70.17239036937474,72.9467156069032,13.595967115773249,6.470349226047005,19.37889178362411,0.5607849733408119,1.0,1.0,1.0,0.9808591458979914,0.9808591458979914,0,nominal,0.0,0.0,0.0,0.0,0.0,0.0,0.0,0.0,0.0,0.0,0.0,0.0
58250,3188.380659805561,64.27621877371934,1126.85,70.17003947925178,72.94683218471167,13.595967115773249,6.470130749183409,19.378237438804543,0.5607849733408119,1.0,1.0,1.0,0.9808591458979914,0.9808591458979914,0,nominal,0.0,0.0,0.0,0.0,0.0,0.0,0.0,0.0,0.0,0.0,0.0,0.0
58300,3188.380659805561,64.27293831481359,1126.85,70.16769067185038,72.94694866539946,13.595967115773249,6.469912443261458,19.37758360596038,0.5607849733408119,1.0,1.0,1.0,0.9808591458979914,0.9808591458979914,0,nominal,0.0,0.0,0.0,0.0,0.0,0.0,0.0,0.0,0.0,0.0,0.0,0.0
58350,3188.380659805561,64.2696590827552,1126.85,70.16534394495699,72.94706504907202,13.595967115773249,6.469694308132664,19.376930284646885,0.5607849733408119,1.0,1.0,1.0,0.9808591458979914,0.9808591458979914,0,nominal,0.0,0.0,0.0,0.0,0.0,0.0,0.0,0.0,0.0,0.0,0.0,0.0
58400,3188.380659805561,64.26638107716138,1126.85,70.16299929636051,72.94718133583454,13.595967115773249,6.4694763436486475,19.37627747441967,0.5607849733408119,1.0,1.0,1.0,0.9808591458979914,0.9808591458979914,0,nominal,0.0,0.0,0.0,0.0,0.0,0.0,0.0,0.0,0.0,0.0,0.0,0.0
58450,3188.380659805561,64.26310429764936,1126.85,70.16065672385236,72.94729752579211,13.595967115773249,6.469258549661126,19.375625174834617,0.5607849733408119,1.0,1.0,1.0,0.9808591458979914,0.9808591458979914,0,nominal,0.0,0.0,0.0,0.0,0.0,0.0,0.0,0.0,0.0,0.0,0.0,0.0
58500,3188.380659805561,64.25982874383641,1126.85,70.15831622522626,72.94741361904963,13.595967115773249,6.469040926021936,19.37497338544797,0.5607849733408119,1.0,1.0,1.0,0.9808591458979914,0.9808591458979914,0,nominal,0.0,0.0,0.0,0.0,0.0,0.0,0.0,0.0,0.0,0.0,0.0,0.0
58550,3188.380659805561,64.25655441533968,1126.85,70.1559777982784,72.94752961571182,13.595967115773249,6.468823472582999,19.374322105816237,0.5607849733408119,1.0,1.0,1.0,0.9808591458979914,0.9808591458979914,0,nominal,0.0,0.0,0.0,0.0,0.0,0.0,0.0,0.0,0.0,0.0,0.0,0.0
58600,3188.380659805561,64.25328131177639,1126.85,70.1536414408074,72.94764551588325,13.595967115773249,6.468606189196341,19.373671335496223,0.5607849733408119,1.0,1.0,1.0,0.9808591458979914,0.9808591458979914,0,nominal,0.0,0.0,0.0,0.0,0.0,0.0,0.0,0.0,0.0,0.0,0.0,0.0
58650,3188.380659805561,64.25000943276382,1126.85,70.15130715061434,72.94776131966834,13.595967115773249,6.468389075714098,19.373021074045077,0.5607849733408119,1.0,1.0,1.0,0.9808591458979914,0.9808591458979914,0,nominal,0.0,0.0,0.0,0.0,0.0,0.0,0.0,0.0,0.0,0.0,0.0,0.0
58700,3188.380659805561,64.24673877791923,1126.85,70.14897492550261,72.94787702717137,13.595967115773249,6.4681721319885055,19.37237132102024,0.5607849733408119,1.0,1.0,1.0,0.9808591458979914,0.9808591458979914,0,nominal,0.0,0.0,0.0,0.0,0.0,0.0,0.0,0.0,0.0,0.0,0.0,0.0
58750,3188.380659805561,64.2434693468598,1126.85,70.14664476327806,72.9479926384964,13.595967115773249,6.467955357871899,19.371722075979445,0.5607849733408119,1.0,1.0,1.0,0.9808591458979914,0.9808591458979914,0,nominal,0.0,0.0,0.0,0.0,0.0,0.0,0.0,0.0,0.0,0.0,0.0,0.0
58800,3188.380659805561,64.24020113920284,1126.85,70.14431666174897,72.94810815374736,13.595967115773249,6.4677387532167145,19.37107333848074,0.5607849733408119,1.0,1.0,1.0,0.9808591458979914,0.9808591458979914,0,nominal,0.0,0.0,0.0,0.0,0.0,0.0,0.0,0.0,0.0,0.0,0.0,0.0
58850,3188.380659805561,64.23693415456557,1126.85,70.14199061872603,72.94822357302802,13.595967115773249,6.4675223178754955,19.37042510808249,0.5607849733408119,1.0,1.0,1.0,0.9808591458979914,0.9808591458979914,0,nominal,0.0,0.0,0.0,0.0,0.0,0.0,0.0,0.0,0.0,0.0,0.0,0.0
58900,3188.380659805561,64.23366839256522,1126.85,70.13966663202234,72.94833889644197,13.595967115773249,6.467306051700887,19.369777384343354,0.5607849733408119,1.0,1.0,1.0,0.9808591458979914,0.9808591458979914,0,nominal,0.0,0.0,0.0,0.0,0.0,0.0,0.0,0.0,0.0,0.0,0.0,0.0
58950,3188.380659805561,64.23040385281911,1126.85,70.13734469945337,72.94845412409269,13.595967115773249,6.467089954545639,19.36913016682232,0.5607849733408119,1.0,1.0,1.0,0.9808591458979914,0.9808591458979914,0,nominal,0.0,0.0,0.0,0.0,0.0,0.0,0.0,0.0,0.0,0.0,0.0,0.0
59000,3188.380659805561,64.22714053494445,1126.85,70.135024818837,72.94856925608346,13.595967115773249,6.466874026262598,19.36848345507866,0.5607849733408119,1.0,1.0,1.0,0.9808591458979914,0.9808591458979914,0,nominal,0.0,0.0,0.0,0.0,0.0,0.0,0.0,0.0,0.0,0.0,0.0,0.0
59050,3188.380659805561,64.22387843855859,1126.85,70.13270698799352,72.9486842925174,13.595967115773249,6.466658266704719,19.367837248671968,0.5607849733408119,1.0,1.0,1.0,0.9808591458979914,0.9808591458979914,0,nominal,0.0,0.0,0.0,0.0,0.0,0.0,0.0,0.0,0.0,0.0,0.0,0.0
59100,3188.380659805561,64.22061756327878,1126.85,70.13039120474565,72.94879923349747,13.595967115773249,6.466442675725049,19.36719154716211,0.5607849733408119,1.0,1.0,1.0,0.9808591458979914,0.9808591458979914,0,nominal,0.0,0.0,0.0,0.0,0.0,0.0,0.0,0.0,0.0,0.0,0.0,0.0
59150,3188.380659805561,64.2173579087223,1126.85,70.1280774669184,72.94891407912651,13.595967115773249,6.466227253176759,19.366546350109335,0.5607849733408119,1.0,1.0,1.0,0.9808591458979914,0.9808591458979914,0,nominal,0.0,0.0,0.0,0.0,0.0,0.0,0.0,0.0,0.0,0.0,0.0,0.0
59200,3188.380659805561,64.21409947450644,1126.85,70.12576577233926,72.94902882950717,13.595967115773249,6.466011998913095,19.36590165707411,0.5607849733408119,1.0,1.0,1.0,0.9808591458979914,0.9808591458979914,0,nominal,0.0,0.0,0.0,0.0,0.0,0.0,0.0,0.0,0.0,0.0,0.0,0.0
59250,3188.380659805561,64.21084226024851,1126.85,70.12345611883813,72.94914348474194,13.595967115773249,6.465796912787423,19.365257467617262,0.5607849733408119,1.0,1.0,1.0,0.9808591458979914,0.9808591458979914,0,nominal,0.0,0.0,0.0,0.0,0.0,0.0,0.0,0.0,0.0,0.0,0.0,0.0
59300,3188.380659805561,64.2075862655658,1126.85,70.12114850424723,72.94925804493316,13.595967115773249,6.465581994653213,19.364613781299926,0.5607849733408119,1.0,1.0,1.0,0.9808591458979914,0.9808591458979914,0,nominal,0.0,0.0,0.0,0.0,0.0,0.0,0.0,0.0,0.0,0.0,0.0,0.0
59350,3188.380659805561,64.20433149007567,1126.85,70.11884292640121,72.94937251018304,13.595967115773249,6.465367244364034,19.363970597683537,0.5607849733408119,1.0,1.0,1.0,0.9808591458979914,0.9808591458979914,0,nominal,0.0,0.0,0.0,0.0,0.0,0.0,0.0,0.0,0.0,0.0,0.0,0.0
59400,3188.380659805561,64.20107793339542,1126.85,70.11653938313702,72.94948688059358,13.595967115773249,6.465152661773556,19.363327916329833,0.5607849733408119,1.0,1.0,1.0,0.9808591458979914,0.9808591458979914,0,nominal,0.0,0.0,0.0,0.0,0.0,0.0,0.0,0.0,0.0,0.0,0.0,0.0
59450,3188.380659805561,64.19782559514238,1126.85,70.1142378722941,72.9496011562667,13.595967115773249,6.464938246735545,19.362685736800845,0.5607849733408119,1.0,1.0,1.0,0.9808591458979914,0.9808591458979914,0,nominal,0.0,0.0,0.0,0.0,0.0,0.0,0.0,0.0,0.0,0.0,0.0,0.0
59500,3188.380659805561,64.19457447493386,1126.85,70.1119383917142,72.94971533730408,13.595967115773249,6.464723999103883,19.362044058658935,0.5607849733408119,1.0,1.0,1.0,0.9808591458979914,0.9808591458979914,0,nominal,0.0,0.0,0.0,0.0,0.0,0.0,0.0,0.0,0.0,0.0,0.0,0.0
59550,3188.380659805561,64.19132457238726,1126.85,70.1096409392415,72.94982942380732,13.595967115773249,6.464509918732548,19.361402881466766,0.5607849733408119,1.0,1.0,1.0,0.9808591458979914,0.9808591458979914,0,nominal,0.0,0.0,0.0,0.0,0.0,0.0,0.0,0.0,0.0,0.0,0.0,0.0
59600,3188.380659805561,64.18807588711991,1126.85,70.10734551272247,72.9499434158778,13.595967115773249,6.464296005475628,19.360762204787328,0.5607849733408119,1.0,1.0,1.0,0.9808591458979914,0.9808591458979914,0,nominal,0.0,0.0,0.0,0.0,0.0,0.0,0.0,0.0,0.0,0.0,0.0,0.0
59650,3188.380659805561,64.18482841874919,1126.85,70.105052110006,72.9500573136168,13.595967115773249,6.4640822591872995,19.36012202818388,0.5607849733408119,1.0,1.0,1.0,0.9808591458979914,0.9808591458979914,0,nominal,0.0,0.0,0.0,0.0,0.0,0.0,0.0,0.0,0.0,0.0,0.0,0.0
59700,3188.380659805561,64.18158216689244,1126.85,70.10276072894334,72.95017111712542,13.595967115773249,6.46386867972185,19.35948235122,0.5607849733408119,1.0,1.0,1.0,0.9808591458979914,0.9808591458979914,0,nominal,0.0,0.0,0.0,0.0,0.0,0.0,0.0,0.0,0.0,0.0,0.0,0.0
59750,3188.380659805561,64.1783371311671,1126.85,70.10047136738814,72.95028482650464,13.595967115773249,6.4636552669336735,19.3588431734596,0.5607849733408119,1.0,1.0,1.0,0.9808591458979914,0.9808591458979914,0,nominal,0.0,0.0,0.0,0.0,0.0,0.0,0.0,0.0,0.0,0.0,0.0,0.0
59800,3188.380659805561,64.1750933111905,1126.85,70.09818402319632,72.95039844185523,13.595967115773249,6.463442020677264,19.358204494466882,0.5607849733408119,1.0,1.0,1.0,0.9808591458979914,0.9808591458979914,0,nominal,0.0,0.0,0.0,0.0,0.0,0.0,0.0,0.0,0.0,0.0,0.0,0.0
59850,3188.380659805561,64.17185070658007,1126.85,70.09589869422626,72.95051196327786,13.595967115773249,6.463228940807211,19.35756631380634,0.5607849733408119,1.0,1.0,1.0,0.9808591458979914,0.9808591458979914,0,nominal,0.0,0.0,0.0,0.0,0.0,0.0,0.0,0.0,0.0,0.0,0.0,0.0
59900,3188.380659805561,64.16860931695322,1126.85,70.09361537833865,72.95062539087303,13.595967115773249,6.463016027178216,19.3569286310428,0.5607849733408119,1.0,1.0,1.0,0.9808591458979914,0.9808591458979914,0,nominal,0.0,0.0,0.0,0.0,0.0,0.0,0.0,0.0,0.0,0.0,0.0,0.0
59950,3188.380659805561,64.16536914192733,1126.85,70.09133407339658,72.95073872474109,13.595967115773249,6.462803279645083,19.35629144574139,0.5607849733408119,1.0,1.0,1.0,0.9808591458979914,0.9808591458979914,0,nominal,0.0,0.0,0.0,0.0,0.0,0.0,0.0,0.0,0.0,0.0,0.0,0.0
60000,3188.380659805561,64.16213018111989,1126.85,70.0890547772654,72.95085196498222,13.595967115773249,6.462590698062719,19.35565475746756,0.5607849733408119,1.0,1.0,1.0,0.9808591458979914,0.9808591458979914,0,nominal,0.0,0.0,0.0,0.0,0.0,0.0,0.0,0.0,0.0,0.0,0.0,0.0
