time_ms,true_engine_rpm,true_cht_c,true_egt_c,true_oil_temp_c,true_oil_press_psi,true_afr,true_brake_power_kw,true_engine_torque_nm,true_vibration_g_rms,true_cooling_health,true_lubrication_health,true_injector_health,true_combustion_health,true_overall_health,active_fault_count,primary_fault,max_fault_severity,fault_severity_injector_degradation,fault_severity_combustion_abnormality,latent_fin_fouling_factor,latent_radiator_blockage_ratio,latent_coolant_leak_fraction,latent_bearing_clearance_wear,latent_pump_wear_factor,latent_viscosity_loss_ratio,latent_boundary_scuffing_severity,latent_clogging_fraction,latent_leakage_fraction,latent_misfire_fraction,latent_timing_retard_deg
0,2682.1195144106523,90.35687051428653,1126.85,85.48747628245354,54.428282015022084,14.003245101449995,5.402515820368915,19.234872122381454,0.40746734920772126,1.0,0.6436279383458503,0.9999999999999997,0.9885098200787855,0.6436279383458503,0,nominal,0.0,0.0,0.0,0.0,0.0,0.0,0.0,0.0,0.0,0.0,0.0,0.0,0.0,0.0
50,2682.1195144106523,90.35035505067435,1126.85,85.48491944816612,54.43196604761614,14.003245101449995,5.402425919816353,19.234552044534436,0.40746734920772126,1.0,0.6437005112301821,0.9999999999999997,0.9885098200787855,0.6437005112301821,0,nominal,0.0,0.0,0.0,0.0,0.0,0.0,0.0,0.0,0.0,0.0,0.0,0.0,0.0,0.0
100,2682.1195144106523,90.34384201815732,1126.85,85.48236311966531,54.43564968266288,14.003245101449995,5.402336028338105,19.234231998995195,0.40746734920772126,1.0,0.6437730762831075,0.9999999999999997,0.9885098200787855,0.6437730762831075,0,nominal,0.0,0.0,0.0,0.0,0.0,0.0,0.0,0.0,0.0,0.0,0.0,0.0,0.0,0.0
150,2682.1195144106523,90.33733141579262,1126.85,85.47980729724588,54.4393329195504,14.003245101449995,5.402246145948664,19.23391198581533,0.40746734920772126,1.0,0.6438456334925731,0.9999999999999997,0.9885098200787855,0.6438456334925731,0,nominal,0.0,0.0,0.0,0.0,0.0,0.0,0.0,0.0,0.0,0.0,0.0,0.0,0.0,0.0
200,2682.1195144106523,90.3308232426379,1126.85,85.47725198120202,54.44301575766748,14.003245101449995,5.402156272662499,19.233592005046354,0.40746734920772126,1.0,0.6439181828465376,0.9999999999999997,0.9885098200787855,0.6439181828465376,0,nominal,0.0,0.0,0.0,0.0,0.0,0.0,0.0,0.0,0.0,0.0,0.0,0.0,0.0,0.0
250,2682.1195144106523,90.32431749775128,1126.85,85.4746971718273,54.44669819640361,14.003245101449995,5.40206640849407,19.23327205673975,0.40746734920772126,1.0,0.6439907243329748,0.9999999999999997,0.9885098200787855,0.6439907243329748,0,nominal,0.0,0.0,0.0,0.0,0.0,0.0,0.0,0.0,0.0,0.0,0.0,0.0,0.0,0.0
300,2682.1195144106523,90.31781418019119,1126.85,85.47214286941471,54.450380235148884,14.003245101449995,5.401976553457815,19.232952140946924,0.40746734920772126,1.0,0.6440632579398697,0.9999999999999997,0.9885098200787855,0.6440632579398697,0,nominal,0.0,0.0,0.0,0.0,0.0,0.0,0.0,0.0,0.0,0.0,0.0,0.0,0.0,0.0
350,2682.1195144106523,90.31131328901654,1126.85,85.4695890742567,54.45406187329422,14.003245101449995,5.401886707568155,19.232632257719228,0.40746734920772126,1.0,0.6441357836552241,0.9999999999999997,0.9885098200787855,0.6441357836552241,0,nominal,0.0,0.0,0.0,0.0,0.0,0.0,0.0,0.0,0.0,0.0,0.0,0.0,0.0,0.0
400,2682.1195144106523,90.30481482328656,1126.85,85.46703578664506,54.457743110231135,14.003245101449995,5.4017968708395,19.23231240710795,0.40746734920772126,1.0,0.644208301467051,0.9999999999999997,0.9885098200787855,0.644208301467051,0,nominal,0.0,0.0,0.0,0.0,0.0,0.0,0.0,0.0,0.0,0.0,0.0,0.0,0.0,0.0
450,2682.1195144106523,90.29831878206107,1126.85,85.46448300687103,54.461423945351825,14.003245101449995,5.401707043286239,19.231992589164328,0.40746734920772126,1.0,0.6442808113633774,0.9999999999999997,0.9885098200787855,0.6442808113633774,0,nominal,0.0,0.0,0.0,0.0,0.0,0.0,0.0,0.0,0.0,0.0,0.0,0.0,0.0,0.0
500,2682.1195144106523,90.29182516440011,1126.85,85.46193073522528,54.465104378049226,14.003245101449995,5.401617224922741,19.231672803939524,0.40746734920772126,1.0,0.6443533133322443,0.9999999999999997,0.9885098200787855,0.6443533133322443,0,nominal,0.0,0.0,0.0,0.0,0.0,0.0,0.0,0.0,0.0,0.0,0.0,0.0,0.0,0.0
550,2682.1195144106523,90.28533396936422,1126.85,85.45937897199786,54.4687844077169,14.003245101449995,5.4015274157633675,19.231353051484668,0.40746734920772126,1.0,0.6444258073617055,0.9999999999999997,0.9885098200787855,0.6444258073617055,0,nominal,0.0,0.0,0.0,0.0,0.0,0.0,0.0,0.0,0.0,0.0,0.0,0.0,0.0,0.0
600,2682.1195144106523,90.27884519601434,1126.85,85.45682771747823,54.47246403374915,14.003245101449995,5.401437615822457,19.231033331850806,0.40746734920772126,1.0,0.644498293439829,0.9999999999999997,0.9885098200787855,0.644498293439829,0,nominal,0.0,0.0,0.0,0.0,0.0,0.0,0.0,0.0,0.0,0.0,0.0,0.0,0.0,0.0
650,2682.1195144106523,90.27235884341184,1126.85,85.45427697195532,54.47614325554098,14.003245101449995,5.40134782511433,19.23071364508893,0.40746734920772126,1.0,0.644570771554697,0.9999999999999997,0.9885098200787855,0.644570771554697,0,nominal,0.0,0.0,0.0,0.0,0.0,0.0,0.0,0.0,0.0,0.0,0.0,0.0,0.0,0.0
700,2682.1195144106523,90.26587491061844,1126.85,85.45172673571739,54.47982207248797,14.003245101449995,5.401258043653295,19.23039399124998,0.40746734920772126,1.0,0.6446432416944026,0.9999999999999997,0.9885098200787855,0.6446432416944026,0,nominal,0.0,0.0,0.0,0.0,0.0,0.0,0.0,0.0,0.0,0.0,0.0,0.0,0.0,0.0
750,2682.1195144106523,90.25939339669634,1126.85,85.44917700905222,54.48350048398655,14.003245101449995,5.401168271453642,19.230074370384834,0.40746734920772126,1.0,0.6447157038470562,0.9999999999999997,0.9885098200787855,0.6447157038470562,0,nominal,0.0,0.0,0.0,0.0,0.0,0.0,0.0,0.0,0.0,0.0,0.0,0.0,0.0,0.0
800,2682.1195144106523,90.25291430070814,1126.85,85.44662779224689,54.48717848943362,14.003245101449995,5.401078508529647,19.22975478254432,0.40746734920772126,1.0,0.6447881580007766,0.9999999999999997,0.9885098200787855,0.6447881580007766,0,nominal,0.0,0.0,0.0,0.0,0.0,0.0,0.0,0.0,0.0,0.0,0.0,0.0,0.0,0.0
850,2682.1195144106523,90.24643762171678,1126.85,85.44407908558799,54.49085608822707,14.003245101449995,5.400988754895561,19.229435227779177,0.40746734920772126,1.0,0.6448606041437033,0.9999999999999997,0.9885098200787855,0.6448606041437033,0,nominal,0.0,0.0,0.0,0.0,0.0,0.0,0.0,0.0,0.0,0.0,0.0,0.0,0.0,0.0
900,2682.1195144106523,90.2399633587857,1126.85,85.4415308893615,54.49453327976508,14.003245101449995,5.40089901056563,19.229115706140128,0.40746734920772126,1.0,0.6449330422639807,0.9999999999999997,0.9885098200787855,0.6449330422639807,0,nominal,0.0,0.0,0.0,0.0,0.0,0.0,0.0,0.0,0.0,0.0,0.0,0.0,0.0,0.0
950,2682.1195144106523,90.23349151097864,1126.85,85.43898320385279,54.49821006344689,14.003245101449995,5.400809275554075,19.228796217677797,0.40746734920772126,1.0,0.645005472349774,0.9999999999999997,0.9885098200787855,0.645005472349774,0,nominal,0.0,0.0,0.0,0.0,0.0,0.0,0.0,0.0,0.0,0.0,0.0,0.0,0.0,0.0
1000,2682.1195144106523,90.22702207735989,1126.85,85.43643602934668,54.50188643867226,14.003245101449995,5.400719549875104,19.228476762442778,0.40746734920772126,1.0,0.6450778943892588,0.9999999999999997,0.9885098200787855,0.6450778943892588,0,nominal,0.0,0.0,0.0,0.0,0.0,0.0,0.0,0.0,0.0,0.0,0.0,0.0,0.0,0.0
1050,2682.1195144106523,90.22055505699399,1126.85,85.43388936612746,54.50556240484152,14.003245101449995,5.400629833542907,19.228157340485584,0.40746734920772126,1.0,0.6451503083706225,0.9999999999999997,0.9885098200787855,0.6451503083706225,0,nominal,0.0,0.0,0.0,0.0,0.0,0.0,0.0,0.0,0.0,0.0,0.0,0.0,0.0,0.0
1100,2682.1195144106523,90.21409044894602,1126.85,85.43134321447872,54.50923796135578,14.003245101449995,5.400540126571662,19.2278379518567,0.40746734920772126,1.0,0.645222714282067,0.9999999999999997,0.9885098200787855,0.645222714282067,0,nominal,0.0,0.0,0.0,0.0,0.0,0.0,0.0,0.0,0.0,0.0,0.0,0.0,0.0,0.0
1150,2682.1195144106523,90.20762825228144,1126.85,85.42879757468353,54.51291310761697,14.003245101449995,5.400450428975522,19.22751859660652,0.40746734920772126,1.0,0.6452951121118109,0.9999999999999997,0.9885098200787855,0.6452951121118109,0,nominal,0.0,0.0,0.0,0.0,0.0,0.0,0.0,0.0,0.0,0.0,0.0,0.0,0.0,0.0
1200,2682.1195144106523,90.20116846606606,1126.85,85.42625244702447,54.51658784302755,14.003245101449995,5.4003607407686305,19.227199274785388,0.40746734920772126,1.0,0.6453675018480831,0.9999999999999997,0.9885098200787855,0.6453675018480831,0,nominal,0.0,0.0,0.0,0.0,0.0,0.0,0.0,0.0,0.0,0.0,0.0,0.0,0.0,0.0
1250,2682.1195144106523,90.19471108936614,1126.85,85.42370783178336,54.52026216699061,14.003245101449995,5.400271061965111,19.2268799864436,0.40746734920772126,1.0,0.6454398834791247,0.9999999999999997,0.9885098200787855,0.6454398834791247,0,nominal,0.0,0.0,0.0,0.0,0.0,0.0,0.0,0.0,0.0,0.0,0.0,0.0,0.0,0.0
1300,2682.1195144106523,90.18825612124829,1126.85,85.42116372924164,54.52393607891004,14.003245101449995,5.400181392579076,19.226560731631388,0.40746734920772126,1.0,0.6455122569931929,0.9999999999999997,0.9885098200787855,0.6455122569931929,0,nominal,0.0,0.0,0.0,0.0,0.0,0.0,0.0,0.0,0.0,0.0,0.0,0.0,0.0,0.0
1350,2682.1195144106523,90.1818035607796,1126.85,85.41862013968,54.52760957819031,14.003245101449995,5.400091732624613,19.226241510398925,0.40746734920772126,1.0,0.6455846223785562,0.9999999999999997,0.9885098200787855,0.6455846223785562,0,nominal,0.0,0.0,0.0,0.0,0.0,0.0,0.0,0.0,0.0,0.0,0.0,0.0,0.0,0.0
1400,2682.1195144106523,90.17535340702756,1126.85,85.41607706337868,54.531282664236755,14.003245101449995,5.4000020821158,19.225922322796322,0.40746734920772126,1.0,0.6456569796235,0.9999999999999997,0.9885098200787855,0.6456569796235,0,nominal,0.0,0.0,0.0,0.0,0.0,0.0,0.0,0.0,0.0,0.0,0.0,0.0,0.0,0.0
1450,2682.1195144106523,90.16890565906004,1126.85,85.41353450061729,54.53495533645514,14.003245101449995,5.399912441066696,19.225603168873636,0.40746734920772126,1.0,0.6457293287163183,0.9999999999999997,0.9885098200787855,0.6457293287163183,0,nominal,0.0,0.0,0.0,0.0,0.0,0.0,0.0,0.0,0.0,0.0,0.0,0.0,0.0,0.0
1500,2682.1195144106523,90.16246031594534,1126.85,85.41099245167487,54.53862759425203,14.003245101449995,5.399822809491343,19.225284048680866,0.40746734920772126,1.0,0.6458016696453209,0.9999999999999997,0.9885098200787855,0.6458016696453209,0,nominal,0.0,0.0,0.0,0.0,0.0,0.0,0.0,0.0,0.0,0.0,0.0,0.0,0.0,0.0
1550,2682.1195144106523,90.15601737675212,1126.85,85.40845091682985,54.542299437034764,14.003245101449995,5.399733187403767,19.224964962267943,0.40746734920772126,1.0,0.6458740023988327,0.9999999999999997,0.9885098200787855,0.6458740023988327,0,nominal,0.0,0.0,0.0,0.0,0.0,0.0,0.0,0.0,0.0,0.0,0.0,0.0,0.0,0.0
1600,2682.1195144106523,90.14957684054946,1126.85,85.40590989636019,54.54597086421118,14.003245101449995,5.399643574817979,19.224645909684764,0.40746734920772126,1.0,0.6459463269651887,0.9999999999999997,0.9885098200787855,0.6459463269651887,0,nominal,0.0,0.0,0.0,0.0,0.0,0.0,0.0,0.0,0.0,0.0,0.0,0.0,0.0,0.0
1650,2682.1195144106523,90.14313870640689,1126.85,85.40336939054316,54.54964187518991,14.003245101449995,5.399553971747971,19.22432689098113,0.40746734920772126,1.0,0.6460186433327393,0.9999999999999997,0.9885098200787855,0.6460186433327393,0,nominal,0.0,0.0,0.0,0.0,0.0,0.0,0.0,0.0,0.0,0.0,0.0,0.0,0.0,0.0
1700,2682.1195144106523,90.13670297339434,1126.85,85.40082939965555,54.55331246938016,14.003245101449995,5.399464378207722,19.224007906206815,0.40746734920772126,1.0,0.6460909514898461,0.9999999999999997,0.9885098200787855,0.6460909514898461,0,nominal,0.0,0.0,0.0,0.0,0.0,0.0,0.0,0.0,0.0,0.0,0.0,0.0,0.0,0.0
1750,2682.1195144106523,90.13026964058207,1126.85,85.39828992397355,54.55698264619198,14.003245101449995,5.399374794211192,19.22368895541153,0.40746734920772126,1.0,0.6461632514248876,0.9999999999999997,0.9885098200787855,0.6461632514248876,0,nominal,0.0,0.0,0.0,0.0,0.0,0.0,0.0,0.0,0.0,0.0,0.0,0.0,0.0,0.0
1800,2682.1195144106523,90.12383870704082,1126.85,85.3957509637728,54.5606524050359,14.003245101449995,5.399285219772327,19.223370038644916,0.40746734920772126,1.0,0.6462355431262516,0.9999999999999997,0.9885098200787855,0.6462355431262516,0,nominal,0.0,0.0,0.0,0.0,0.0,0.0,0.0,0.0,0.0,0.0,0.0,0.0,0.0,0.0
1850,2682.1195144106523,90.1174101718417,1126.85,85.3932125193283,54.56432174532317,14.003245101449995,5.399195654905055,19.22305115595657,0.40746734920772126,1.0,0.6463078265823404,0.9999999999999997,0.9885098200787855,0.6463078265823404,0,nominal,0.0,0.0,0.0,0.0,0.0,0.0,0.0,0.0,0.0,0.0,0.0,0.0,0.0,0.0
1900,2682.1195144106523,90.11098403405623,1126.85,85.39067459091456,54.56799066646581,14.003245101449995,5.39910609962329,19.222732307396026,0.40746734920772126,1.0,0.6463801017815708,0.9999999999999997,0.9885098200787855,0.6463801017815708,0,nominal,0.0,0.0,0.0,0.0,0.0,0.0,0.0,0.0,0.0,0.0,0.0,0.0,0.0,0.0
1950,2682.1195144106523,90.10456029275633,1126.85,85.38813717880544,54.57165916787651,14.003245101449995,5.399016553940922,19.222413493012738,0.40746734920772126,1.0,0.6464523687123735,0.9999999999999997,0.9885098200787855,0.6464523687123735,0,nominal,0.0,0.0,0.0,0.0,0.0,0.0,0.0,0.0,0.0,0.0,0.0,0.0,0.0,0.0
2000,2682.1195144106523,90.09813894701438,1126.85,85.3856002832743,54.575327248968506,14.003245101449995,5.398927017871836,19.222094712856148,0.40746734920772126,1.0,0.6465246273631895,0.9999999999999997,0.9885098200787855,0.6465246273631895,0,nominal,0.0,0.0,0.0,0.0,0.0,0.0,0.0,0.0,0.0,0.0,0.0,0.0,0.0,0.0
2050,2682.1195144106523,90.09171999590308,1126.85,85.38306390459394,54.5789949091559,14.003245101449995,5.39883749142989,19.22177596697559,0.40746734920772126,1.0,0.6465968777224771,0.9999999999999997,0.9885098200787855,0.6465968777224771,0,nominal,0.0,0.0,0.0,0.0,0.0,0.0,0.0,0.0,0.0,0.0,0.0,0.0,0.0,0.0
2100,2682.1195144106523,90.08530343849554,1126.85,85.38052804303652,54.58266214785318,14.003245101449995,5.398747974628938,19.221457255420383,0.40746734920772126,1.0,0.6466691197787021,0.9999999999999997,0.9885098200787855,0.6466691197787021,0,nominal,0.0,0.0,0.0,0.0,0.0,0.0,0.0,0.0,0.0,0.0,0.0,0.0,0.0,0.0
2150,2682.1195144106523,90.07888927386534,1126.85,85.37799269887375,54.586328964475854,14.003245101449995,5.398658467482803,19.221138578239753,0.40746734920772126,1.0,0.6467413535203503,0.9999999999999997,0.9885098200787855,0.6467413535203503,0,nominal,0.0,0.0,0.0,0.0,0.0,0.0,0.0,0.0,0.0,0.0,0.0,0.0,0.0,0.0
2200,2682.1195144106523,90.07247750108644,1126.85,85.37545787237667,54.58999535843977,14.003245101449995,5.398568970005305,19.220819935482897,0.40746734920772126,1.0,0.6468135789359146,0.9999999999999997,0.9885098200787855,0.6468135789359146,0,nominal,0.0,0.0,0.0,0.0,0.0,0.0,0.0,0.0,0.0,0.0,0.0,0.0,0.0,0.0
2250,2682.1195144106523,90.06606811923314,1126.85,85.37292356381579,54.5936613291617,14.003245101449995,5.398479482210241,19.220501327198942,0.40746734920772126,1.0,0.6468857960139054,0.9999999999999997,0.9885098200787855,0.6468857960139054,0,nominal,0.0,0.0,0.0,0.0,0.0,0.0,0.0,0.0,0.0,0.0,0.0,0.0,0.0,0.0
2300,2682.1195144106523,90.0596611273802,1126.85,85.37038977346106,54.59732687605891,14.003245101449995,5.398390004111392,19.220182753436955,0.40746734920772126,1.0,0.6469580047428437,0.9999999999999997,0.9885098200787855,0.6469580047428437,0,nominal,0.0,0.0,0.0,0.0,0.0,0.0,0.0,0.0,0.0,0.0,0.0,0.0,0.0,0.0
2350,2682.1195144106523,90.05325652460277,1126.85,85.36785650158185,54.60099199854953,14.003245101449995,5.398300535722523,19.219864214245934,0.40746734920772126,1.0,0.6470302051112667,0.9999999999999997,0.9885098200787855,0.6470302051112667,0,nominal,0.0,0.0,0.0,0.0,0.0,0.0,0.0,0.0,0.0,0.0,0.0,0.0,0.0,0.0
2400,2682.1195144106523,90.04685430997642,1126.85,85.365323748447,54.604656696052096,14.003245101449995,5.398211077057387,19.219545709674854,0.40746734920772126,1.0,0.6471023971077201,0.9999999999999997,0.9885098200787855,0.6471023971077201,0,nominal,0.0,0.0,0.0,0.0,0.0,0.0,0.0,0.0,0.0,0.0,0.0,0.0,0.0,0.0
2450,2682.1195144106523,90.0404544825771,1126.85,85.36279151432478,54.60832096798613,14.003245101449995,5.398121628129713,19.219227239772586,0.40746734920772126,1.0,0.647174580720769,0.9999999999999997,0.9885098200787855,0.647174580720769,0,nominal,0.0,0.0,0.0,0.0,0.0,0.0,0.0,0.0,0.0,0.0,0.0,0.0,0.0,0.0
2500,2682.1195144106523,90.03405704148122,1126.85,85.36025979948289,54.61198481377149,14.003245101449995,5.398032188953223,19.218908804587993,0.40746734920772126,1.0,0.6472467559389848,0.9999999999999997,0.9885098200787855,0.6472467559389848,0,nominal,0.0,0.0,0.0,0.0,0.0,0.0,0.0,0.0,0.0,0.0,0.0,0.0,0.0,0.0
2550,2682.1195144106523,90.02766198576546,1126.85,85.35772860418842,54.61564823282894,14.003245101449995,5.397942759541616,19.21859040416985,0.40746734920772126,1.0,0.647318922750957,0.9999999999999997,0.9885098200787855,0.647318922750957,0,nominal,0.0,0.0,0.0,0.0,0.0,0.0,0.0,0.0,0.0,0.0,0.0,0.0,0.0,0.0
2600,2682.1195144106523,90.02126931450698,1126.85,85.35519792870804,54.61931122457987,14.003245101449995,5.3978533399085755,19.21827203856687,0.40746734920772126,1.0,0.6473910811452873,0.9999999999999997,0.9885098200787855,0.6473910811452873,0,nominal,0.0,0.0,0.0,0.0,0.0,0.0,0.0,0.0,0.0,0.0,0.0,0.0,0.0,0.0
2650,2682.1195144106523,90.01487902678338,1126.85,85.3526677733077,54.62297378844617,14.003245101449995,5.397763930067773,19.21795370782773,0.40746734920772126,1.0,0.6474632311105878,0.9999999999999997,0.9885098200787855,0.6474632311105878,0,nominal,0.0,0.0,0.0,0.0,0.0,0.0,0.0,0.0,0.0,0.0,0.0,0.0,0.0,0.0
2700,2682.1195144106523,90.00849112167259,1126.85,85.35013813825293,54.6266359238507,14.003245101449995,5.39767453003286,19.21763541200103,0.40746734920772126,1.0,0.6475353726354887,0.9999999999999997,0.9885098200787855,0.6475353726354887,0,nominal,0.0,0.0,0.0,0.0,0.0,0.0,0.0,0.0,0.0,0.0,0.0,0.0,0.0,0.0
2750,2682.1195144106523,90.00210559825302,1126.85,85.34760902380856,54.63029763021663,14.003245101449995,5.397585139817474,19.217317151135337,0.40746734920772126,1.0,0.6476075057086272,0.9999999999999997,0.9885098200787855,0.6476075057086272,0,nominal,0.0,0.0,0.0,0.0,0.0,0.0,0.0,0.0,0.0,0.0,0.0,0.0,0.0,0.0
2800,2682.1195144106523,89.99572245560341,1126.85,85.34508043023897,54.63395890696815,14.003245101449995,5.397495759435236,19.21699892527913,0.40746734920772126,1.0,0.6476796303186599,0.9999999999999997,0.9885098200787855,0.6476796303186599,0,nominal,0.0,0.0,0.0,0.0,0.0,0.0,0.0,0.0,0.0,0.0,0.0,0.0,0.0,0.0
2850,2682.1195144106523,89.9893416928029,1126.85,85.34255235780796,54.63761975352985,14.003245101449995,5.397406388899748,19.216680734480846,0.40746734920772126,1.0,0.6477517464542518,0.9999999999999997,0.9885098200787855,0.6477517464542518,0,nominal,0.0,0.0,0.0,0.0,0.0,0.0,0.0,0.0,0.0,0.0,0.0,0.0,0.0,0.0
2900,2682.1195144106523,89.98296330893106,1126.85,85.34002480677879,54.641280169327125,14.003245101449995,5.397317028224601,19.216362578788875,0.40746734920772126,1.0,0.6478238541040839,0.9999999999999997,0.9885098200787855,0.6478238541040839,0,nominal,0.0,0.0,0.0,0.0,0.0,0.0,0.0,0.0,0.0,0.0,0.0,0.0,0.0,0.0
2950,2682.1195144106523,89.97658730306784,1126.85,85.33749777741406,54.644940153785896,14.003245101449995,5.397227677423368,19.216044458251535,0.40746734920772126,1.0,0.6478959532568468,0.9999999999999997,0.9885098200787855,0.6478959532568468,0,nominal,0.0,0.0,0.0,0.0,0.0,0.0,0.0,0.0,0.0,0.0,0.0,0.0,0.0,0.0
3000,2682.1195144106523,89.97021367429363,1126.85,85.33497126997594,54.64859970633296,14.003245101449995,5.397138336509602,19.21572637291709,0.40746734920772126,1.0,0.6479680439012487,0.9999999999999997,0.9885098200787855,0.6479680439012487,0,nominal,0.0,0.0,0.0,0.0,0.0,0.0,0.0,0.0,0.0,0.0,0.0,0.0,0.0,0.0
3050,2682.1195144106523,89.96384242168921,1126.85,85.33244528472602,54.652258826395595,14.003245101449995,5.397049005496847,19.215408322833753,0.40746734920772126,1.0,0.648040126026008,0.9999999999999997,0.9885098200787855,0.648040126026008,0,nominal,0.0,0.0,0.0,0.0,0.0,0.0,0.0,0.0,0.0,0.0,0.0,0.0,0.0,0.0
3100,2682.1195144106523,89.9574735443357,1126.85,85.32991982192533,54.65591751340182,14.003245101449995,5.396959684398626,19.215090308049664,0.40746734920772126,1.0,0.6481121996198564,0.9999999999999997,0.9885098200787855,0.6481121996198564,0,nominal,0.0,0.0,0.0,0.0,0.0,0.0,0.0,0.0,0.0,0.0,0.0,0.0,0.0,0.0
3150,2682.1195144106523,89.95110704131469,1126.85,85.32739488183427,54.65957576678022,14.003245101449995,5.396870373228449,19.21477232861294,0.40746734920772126,1.0,0.6481842646715379,0.9999999999999997,0.9885098200787855,0.6481842646715379,0,nominal,0.0,0.0,0.0,0.0,0.0,0.0,0.0,0.0,0.0,0.0,0.0,0.0,0.0,0.0
3200,2682.1195144106523,89.94474291170809,1126.85,85.32487046471283,54.663233585960256,14.003245101449995,5.396781071999803,19.214454384571596,0.40746734920772126,1.0,0.648256321169813,0.9999999999999997,0.9885098200787855,0.648256321169813,0,nominal,0.0,0.0,0.0,0.0,0.0,0.0,0.0,0.0,0.0,0.0,0.0,0.0,0.0,0.0
3250,2682.1195144106523,89.93838115459829,1126.85,85.32234657082034,54.666890970371796,14.003245101449995,5.396691780726172,19.214136475973632,0.40746734920772126,1.0,0.6483283691034506,0.9999999999999997,0.9885098200787855,0.6483283691034506,0,nominal,0.0,0.0,0.0,0.0,0.0,0.0,0.0,0.0,0.0,0.0,0.0,0.0,0.0,0.0
3300,2682.1195144106523,89.932021769068,1126.85,85.31982320041556,54.670547919445525,14.003245101449995,5.396602499421012,19.213818602866958,0.40746734920772126,1.0,0.6484004084612356,0.9999999999999997,0.9885098200787855,0.6484004084612356,0,nominal,0.0,0.0,0.0,0.0,0.0,0.0,0.0,0.0,0.0,0.0,0.0,0.0,0.0,0.0
3350,2682.1195144106523,89.9256647542004,1126.85,85.31730035375682,54.67420443261284,14.003245101449995,5.396513228097766,19.213500765299436,0.40746734920772126,1.0,0.6484724392319668,0.9999999999999997,0.9885098200787855,0.6484724392319668,0,nominal,0.0,0.0,0.0,0.0,0.0,0.0,0.0,0.0,0.0,0.0,0.0,0.0,0.0,0.0
3400,2682.1195144106523,89.91931010907905,1126.85,85.31477803110181,54.67786050930561,14.003245101449995,5.3964239667698655,19.213182963318893,0.40746734920772126,1.0,0.6485444614044525,0.9999999999999997,0.9885098200787855,0.6485444614044525,0,nominal,0.0,0.0,0.0,0.0,0.0,0.0,0.0,0.0,0.0,0.0,0.0,0.0,0.0,0.0
3450,2682.1195144106523,89.91295783278787,1126.85,85.31225623270768,54.681516148956426,14.003245101449995,5.396334715450725,19.21286519697308,0.40746734920772126,1.0,0.6486164749675153,0.9999999999999997,0.9885098200787855,0.6486164749675153,0,nominal,0.0,0.0,0.0,0.0,0.0,0.0,0.0,0.0,0.0,0.0,0.0,0.0,0.0,0.0
3500,2682.1195144106523,89.90660792441122,1126.85,85.30973495883103,54.68517135099866,14.003245101449995,5.396245474153736,19.212547466309683,0.40746734920772126,1.0,0.6486884799099927,0.9999999999999997,0.9885098200787855,0.6486884799099927,0,nominal,0.0,0.0,0.0,0.0,0.0,0.0,0.0,0.0,0.0,0.0,0.0,0.0,0.0,0.0
3550,2682.1195144106523,89.90026038303381,1126.85,85.30721420972793,54.68882611486627,14.003245101449995,5.396156242892281,19.212229771376347,0.40746734920772126,1.0,0.6487604762207344,0.9999999999999997,0.9885098200787855,0.6487604762207344,0,nominal,0.0,0.0,0.0,0.0,0.0,0.0,0.0,0.0,0.0,0.0,0.0,0.0,0.0,0.0
3600,2682.1195144106523,89.8939152077408,1126.85,85.30469398565396,54.69248043999382,14.003245101449995,5.396067021679726,19.21191211222066,0.40746734920772126,1.0,0.6488324638886013,0.9999999999999997,0.9885098200787855,0.6488324638886013,0,nominal,0.0,0.0,0.0,0.0,0.0,0.0,0.0,0.0,0.0,0.0,0.0,0.0,0.0,0.0
3650,2682.1195144106523,89.88757239761776,1126.85,85.30217428686399,54.69613432581652,14.003245101449995,5.3959778105294225,19.21159448889015,0.40746734920772126,1.0,0.6489044429024678,0.9999999999999997,0.9885098200787855,0.6489044429024678,0,nominal,0.0,0.0,0.0,0.0,0.0,0.0,0.0,0.0,0.0,0.0,0.0,0.0,0.0,0.0
3700,2682.1195144106523,89.88123195175058,1126.85,85.29965511361252,54.69978777177044,14.003245101449995,5.395888609454697,19.211276901432274,0.40746734920772126,1.0,0.6489764132512246,0.9999999999999997,0.9885098200787855,0.6489764132512246,0,nominal,0.0,0.0,0.0,0.0,0.0,0.0,0.0,0.0,0.0,0.0,0.0,0.0,0.0,0.0
3750,2682.1195144106523,89.87489386922556,1126.85,85.2971364661534,54.70344077729194,14.003245101449995,5.395799418468872,19.210959349894463,0.40746734920772126,1.0,0.6490483749237687,0.9999999999999997,0.9885098200787855,0.6490483749237687,0,nominal,0.0,0.0,0.0,0.0,0.0,0.0,0.0,0.0,0.0,0.0,0.0,0.0,0.0,0.0
3800,2682.1195144106523,89.86855814912946,1126.85,85.29461834474,54.70709334181842,14.003245101449995,5.395710237585249,19.21064183432407,0.40746734920772126,1.0,0.6491203279090169,0.9999999999999997,0.9885098200787855,0.6491203279090169,0,nominal,0.0,0.0,0.0,0.0,0.0,0.0,0.0,0.0,0.0,0.0,0.0,0.0,0.0,0.0
3850,2682.1195144106523,89.86222479054942,1126.85,85.29210074962504,54.71074546478765,14.003245101449995,5.395621066817109,19.210324354768392,0.40746734920772126,1.0,0.6491922721958939,0.9999999999999997,0.9885098200787855,0.6491922721958939,0,nominal,0.0,0.0,0.0,0.0,0.0,0.0,0.0,0.0,0.0,0.0,0.0,0.0,0.0,0.0
3900,2682.1195144106523,89.85589379257289,1126.85,85.28958368106083,54.7143971456383,14.003245101449995,5.395531906177727,19.21000691127467,0.40746734920772126,1.0,0.649264207773342,0.9999999999999997,0.9885098200787855,0.649264207773342,0,nominal,0.0,0.0,0.0,0.0,0.0,0.0,0.0,0.0,0.0,0.0,0.0,0.0,0.0,0.0
3950,2682.1195144106523,89.8495651542878,1126.85,85.28706713929904,54.71804838380946,14.003245101449995,5.395442755680352,19.2096895038901,0.40746734920772126,1.0,0.6493361346303113,0.9999999999999997,0.9885098200787855,0.6493361346303113,0,nominal,0.0,0.0,0.0,0.0,0.0,0.0,0.0,0.0,0.0,0.0,0.0,0.0,0.0,0.0
4000,2682.1195144106523,89.84323887478246,1126.85,85.28455112459085,54.72169917874103,14.003245101449995,5.395353615338227,19.20937213266182,0.40746734920772126,1.0,0.6494080527557684,0.9999999999999997,0.9885098200787855,0.6494080527557684,0,nominal,0.0,0.0,0.0,0.0,0.0,0.0,0.0,0.0,0.0,0.0,0.0,0.0,0.0,0.0
4050,2682.1195144106523,89.8369149531456,1126.85,85.28203563718688,54.7253495298735,14.003245101449995,5.395264485164571,19.209054797636895,0.40746734920772126,1.0,0.6494799621386914,0.9999999999999997,0.9885098200787855,0.6494799621386914,0,nominal,0.0,0.0,0.0,0.0,0.0,0.0,0.0,0.0,0.0,0.0,0.0,0.0,0.0,0.0
4100,2682.1195144106523,89.83059338846624,1126.85,85.27952067733725,54.72899943664802,14.003245101449995,5.395175365172591,19.208737498862348,0.40746734920772126,1.0,0.6495518627680713,0.9999999999999997,0.9885098200787855,0.6495518627680713,0,nominal,0.0,0.0,0.0,0.0,0.0,0.0,0.0,0.0,0.0,0.0,0.0,0.0,0.0,0.0
4150,2682.1195144106523,89.82427417983394,1126.85,85.27700624529143,54.73264889850636,14.003245101449995,5.39508625537548,19.208420236385145,0.40746734920772126,1.0,0.6496237546329113,0.9999999999999997,0.9885098200787855,0.6496237546329113,0,nominal,0.0,0.0,0.0,0.0,0.0,0.0,0.0,0.0,0.0,0.0,0.0,0.0,0.0,0.0
4200,2682.1195144106523,89.81795732633856,1126.85,85.27449234129847,54.736297914891026,14.003245101449995,5.3949971557864105,19.20810301025219,0.40746734920772126,1.0,0.6496956377222294,0.9999999999999997,0.9885098200787855,0.6496956377222294,0,nominal,0.0,0.0,0.0,0.0,0.0,0.0,0.0,0.0,0.0,0.0,0.0,0.0,0.0,0.0
4250,2682.1195144106523,89.81164282707033,1126.85,85.27197896560682,54.73994648524515,14.003245101449995,5.394908066418542,19.207785820510342,0.40746734920772126,1.0,0.6497675120250553,0.9999999999999997,0.9885098200787855,0.6497675120250553,0,nominal,0.0,0.0,0.0,0.0,0.0,0.0,0.0,0.0,0.0,0.0,0.0,0.0,0.0,0.0
4300,2682.1195144106523,89.80533068111993,1126.85,85.26946611846438,54.743594609012426,14.003245101449995,5.394818987285022,19.2074686672064,0.40746734920772126,1.0,0.6498393775304305,0.9999999999999997,0.9885098200787855,0.6498393775304305,0,nominal,0.0,0.0,0.0,0.0,0.0,0.0,0.0,0.0,0.0,0.0,0.0,0.0,0.0,0.0
4350,2682.1195144106523,89.79902088757848,1126.85,85.26695380011859,54.747242285637334,14.003245101449995,5.394729918398973,19.207151550387085,0.40746734920772126,1.0,0.6499112342274114,0.9999999999999997,0.9885098200787855,0.6499112342274114,0,nominal,0.0,0.0,0.0,0.0,0.0,0.0,0.0,0.0,0.0,0.0,0.0,0.0,0.0,0.0
4400,2682.1195144106523,89.7927134455374,1126.85,85.26444201081625,54.750889514564925,14.003245101449995,5.394640859773508,19.206834470099093,0.40746734920772126,1.0,0.6499830821050661,0.9999999999999997,0.9885098200787855,0.6499830821050661,0,nominal,0.0,0.0,0.0,0.0,0.0,0.0,0.0,0.0,0.0,0.0,0.0,0.0,0.0,0.0
4450,2682.1195144106523,89.78640835408851,1126.85,85.26193075080369,54.75453629524087,14.003245101449995,5.394551811421727,19.206517426389055,0.40746734920772126,1.0,0.6500549211524743,0.9999999999999997,0.9885098200787855,0.6500549211524743,0,nominal,0.0,0.0,0.0,0.0,0.0,0.0,0.0,0.0,0.0,0.0,0.0,0.0,0.0,0.0
4500,2682.1195144106523,89.78010561232406,1126.85,85.25942002032667,54.758182627111566,14.003245101449995,5.394462773356708,19.206200419303546,0.40746734920772126,1.0,0.6501267513587309,0.9999999999999997,0.9885098200787855,0.6501267513587309,0,nominal,0.0,0.0,0.0,0.0,0.0,0.0,0.0,0.0,0.0,0.0,0.0,0.0,0.0,0.0
4550,2682.1195144106523,89.77380521933674,1126.85,85.25690981963044,54.76182850962401,14.003245101449995,5.394373745591518,19.20588344888907,0.40746734920772126,1.0,0.6501985727129419,0.9999999999999997,0.9885098200787855,0.6501985727129419,0,nominal,0.0,0.0,0.0,0.0,0.0,0.0,0.0,0.0,0.0,0.0,0.0,0.0,0.0,0.0
4600,2682.1195144106523,89.76750717421947,1126.85,85.25440014895969,54.76547394222593,14.003245101449995,5.394284728139202,19.20556651519209,0.40746734920772126,1.0,0.650270385204228,0.9999999999999997,0.9885098200787855,0.650270385204228,0,nominal,0.0,0.0,0.0,0.0,0.0,0.0,0.0,0.0,0.0,0.0,0.0,0.0,0.0,0.0
4650,2682.1195144106523,89.76121147606574,1126.85,85.25189100855857,54.76911892436563,14.003245101449995,5.394195721012798,19.205249618259014,0.40746734920772126,1.0,0.650342188821721,0.9999999999999997,0.9885098200787855,0.650342188821721,0,nominal,0.0,0.0,0.0,0.0,0.0,0.0,0.0,0.0,0.0,0.0,0.0,0.0,0.0,0.0
4700,2682.1195144106523,89.75491812396939,1126.85,85.24938239867078,54.77276345549202,14.003245101449995,5.3941067242253204,19.204932758136184,0.40746734920772126,1.0,0.650413983554565,0.9999999999999997,0.9885098200787855,0.650413983554565,0,nominal,0.0,0.0,0.0,0.0,0.0,0.0,0.0,0.0,0.0,0.0,0.0,0.0,0.0,0.0
4750,2682.1195144106523,89.74862711702457,1126.85,85.24687431953942,54.77640753505475,14.003245101449995,5.394017737789774,19.204615934869903,0.40746734920772126,1.0,0.6504857693919185,0.9999999999999997,0.9885098200787855,0.6504857693919185,0,nominal,0.0,0.0,0.0,0.0,0.0,0.0,0.0,0.0,0.0,0.0,0.0,0.0,0.0,0.0
4800,2682.1195144106523,89.74233845432587,1126.85,85.24436677140699,54.78005116250395,14.003245101449995,5.39392876171915,19.20429914850641,0.40746734920772126,1.0,0.6505575463229493,0.9999999999999997,0.9885098200787855,0.6505575463229493,0,nominal,0.0,0.0,0.0,0.0,0.0,0.0,0.0,0.0,0.0,0.0,0.0,0.0,0.0,0.0
4850,2682.1195144106523,89.7360521349683,1126.85,85.24185975451559,54.7836943372907,14.003245101449995,5.393839796026412,19.203982399091885,0.40746734920772126,1.0,0.6506293143368439,0.9999999999999997,0.9885098200787855,0.6506293143368439,0,nominal,0.0,0.0,0.0,0.0,0.0,0.0,0.0,0.0,0.0,0.0,0.0,0.0,0.0,0.0
4900,2682.1195144106523,89.72976815804725,1126.85,85.23935326910674,54.787337058866456,14.003245101449995,5.3937508407245165,19.203665686672437,0.40746734920772126,1.0,0.6507010734227968,0.9999999999999997,0.9885098200787855,0.6507010734227968,0,nominal,0.0,0.0,0.0,0.0,0.0,0.0,0.0,0.0,0.0,0.0,0.0,0.0,0.0,0.0
4950,2682.1195144106523,89.72348652265845,1126.85,85.23684731542141,54.79097932668335,14.003245101449995,5.39366189582641,19.20334901129417,0.40746734920772126,1.0,0.6507728235700151,0.9999999999999997,0.9885098200787855,0.6507728235700151,0,nominal,0.0,0.0,0.0,0.0,0.0,0.0,0.0,0.0,0.0,0.0,0.0,0.0,0.0,0.0
5000,2682.1195144106523,89.71720722789803,1126.85,85.23434189370005,54.794621140194266,14.003245101449995,5.393572961345012,19.203032373003076,0.40746734920772126,1.0,0.650844564767721,0.9999999999999997,0.9885098200787855,0.650844564767721,0,nominal,0.0,0.0,0.0,0.0,0.0,0.0,0.0,0.0,0.0,0.0,0.0,0.0,0.0,0.0
5050,2682.1195144106523,89.71093027286258,1126.85,85.23183700418252,54.79826249885267,14.003245101449995,5.3934840372932324,19.202715771845124,0.40746734920772126,1.0,0.6509162970051484,0.9999999999999997,0.9885098200787855,0.6509162970051484,0,nominal,0.0,0.0,0.0,0.0,0.0,0.0,0.0,0.0,0.0,0.0,0.0,0.0,0.0,0.0
5100,2682.1195144106523,89.70465565664904,1126.85,85.22933264710827,54.80190340211275,14.003245101449995,5.393395123683966,19.202399207866222,0.40746734920772126,1.0,0.6509880202715448,0.9999999999999997,0.9885098200787855,0.6509880202715448,0,nominal,0.0,0.0,0.0,0.0,0.0,0.0,0.0,0.0,0.0,0.0,0.0,0.0,0.0,0.0
5150,2682.1195144106523,89.69838337835478,1126.85,85.22682882271613,54.805543849429256,14.003245101449995,5.393306220530085,19.2020826811122,0.40746734920772126,1.0,0.6510597345561694,0.9999999999999997,0.9885098200787855,0.6510597345561694,0,nominal,0.0,0.0,0.0,0.0,0.0,0.0,0.0,0.0,0.0,0.0,0.0,0.0,0.0,0.0
5200,2682.1195144106523,89.69211343707747,1126.85,85.22432553124446,54.80918384025758,14.003245101449995,5.393217327844459,19.201766191628877,0.40746734920772126,1.0,0.6511314398482938,0.9999999999999997,0.9885098200787855,0.6511314398482938,0,nominal,0.0,0.0,0.0,0.0,0.0,0.0,0.0,0.0,0.0,0.0,0.0,0.0,0.0,0.0
5250,2682.1195144106523,89.68584583191517,1126.85,85.22182277293109,54.812823374053785,14.003245101449995,5.39312844563993,19.201449739461975,0.40746734920772126,1.0,0.6512031361372027,0.9999999999999997,0.9885098200787855,0.6512031361372027,0,nominal,0.0,0.0,0.0,0.0,0.0,0.0,0.0,0.0,0.0,0.0,0.0,0.0,0.0,0.0
5300,2682.1195144106523,89.67958056196647,1126.85,85.21932054801329,54.816462450274436,14.003245101449995,5.393039573929332,19.201133324657192,0.40746734920772126,1.0,0.6512748234121909,0.9999999999999997,0.9885098200787855,0.6512748234121909,0,nominal,0.0,0.0,0.0,0.0,0.0,0.0,0.0,0.0,0.0,0.0,0.0,0.0,0.0,0.0
5350,2682.1195144106523,89.67331762633023,1126.85,85.2168188567278,54.82010106837707,14.003245101449995,5.39295071272548,19.200816947260147,0.40746734920772126,1.0,0.6513465016625721,0.9999999999999997,0.9885098200787855,0.6513465016625721,0,nominal,0.0,0.0,0.0,0.0,0.0,0.0,0.0,0.0,0.0,0.0,0.0,0.0,0.0,0.0
5400,2682.1195144106523,89.6670570241057,1126.85,85.21431769931081,54.82373922781949,14.003245101449995,5.392861862041176,19.200500607316425,0.40746734920772126,1.0,0.6514181708776656,0.9999999999999997,0.9885098200787855,0.6514181708776656,0,nominal,0.0,0.0,0.0,0.0,0.0,0.0,0.0,0.0,0.0,0.0,0.0,0.0,0.0,0.0
5450,2682.1195144106523,89.66079875439254,1126.85,85.21181707599811,54.82737692806052,14.003245101449995,5.392773021889199,19.200184304871524,0.40746734920772126,1.0,0.6514898310468107,0.9999999999999997,0.9885098200787855,0.6514898310468107,0,nominal,0.0,0.0,0.0,0.0,0.0,0.0,0.0,0.0,0.0,0.0,0.0,0.0,0.0,0.0
5500,2682.1195144106523,89.65454281629081,1126.85,85.20931698702486,54.83101416855917,14.003245101449995,5.392684192282328,19.199868039970934,0.40746734920772126,1.0,0.65156148215935,0.9999999999999997,0.9885098200787855,0.65156148215935,0,nominal,0.0,0.0,0.0,0.0,0.0,0.0,0.0,0.0,0.0,0.0,0.0,0.0,0.0,0.0
5550,2682.1195144106523,89.64828920890096,1126.85,85.20681743262571,54.83465094877548,14.003245101449995,5.392595373233308,19.199551812660044,0.40746734920772126,1.0,0.6516331242046468,0.9999999999999997,0.9885098200787855,0.6516331242046468,0,nominal,0.0,0.0,0.0,0.0,0.0,0.0,0.0,0.0,0.0,0.0,0.0,0.0,0.0,0.0
5600,2682.1195144106523,89.64203793132384,1126.85,85.2043184130348,54.838287268169985,14.003245101449995,5.392506564754884,19.19923562298422,0.40746734920772126,1.0,0.6517047571720739,0.9999999999999997,0.9885098200787855,0.6517047571720739,0,nominal,0.0,0.0,0.0,0.0,0.0,0.0,0.0,0.0,0.0,0.0,0.0,0.0,0.0,0.0
5650,2682.1195144106523,89.63578898266064,1126.85,85.20181992848569,54.84192312620387,14.003245101449995,5.392417766859773,19.198919470988745,0.40746734920772126,1.0,0.6517763810510172,0.9999999999999997,0.9885098200787855,0.6517763810510172,0,nominal,0.0,0.0,0.0,0.0,0.0,0.0,0.0,0.0,0.0,0.0,0.0,0.0,0.0,0.0
5700,2682.1195144106523,89.62954236201296,1126.85,85.19932197921156,54.845558522339,14.003245101449995,5.392328979560685,19.19860335671887,0.40746734920772126,1.0,0.6518479958308756,0.9999999999999997,0.9885098200787855,0.6518479958308756,0,nominal,0.0,0.0,0.0,0.0,0.0,0.0,0.0,0.0,0.0,0.0,0.0,0.0,0.0,0.0
5750,2682.1195144106523,89.62329806848277,1126.85,85.19682456544496,54.84919345603768,14.003245101449995,5.3922402028703145,19.19828728021979,0.40746734920772126,1.0,0.6519196015010571,0.9999999999999997,0.9885098200787855,0.6519196015010571,0,nominal,0.0,0.0,0.0,0.0,0.0,0.0,0.0,0.0,0.0,0.0,0.0,0.0,0.0,0.0
5800,2682.1195144106523,89.61705610117252,1126.85,85.19432768741791,54.85282792676306,14.003245101449995,5.392151436801338,19.197971241536642,0.40746734920772126,1.0,0.6519911980509859,0.9999999999999997,0.9885098200787855,0.6519911980509859,0,nominal,0.0,0.0,0.0,0.0,0.0,0.0,0.0,0.0,0.0,0.0,0.0,0.0,0.0,0.0
5850,2682.1195144106523,89.61081645918495,1126.85,85.19183134536195,54.85646193397892,14.003245101449995,5.392062681366417,19.197655240714496,0.40746734920772126,1.0,0.652062785470099,0.9999999999999997,0.9885098200787855,0.652062785470099,0,nominal,0.0,0.0,0.0,0.0,0.0,0.0,0.0,0.0,0.0,0.0,0.0,0.0,0.0,0.0
5900,2682.1195144106523,89.60457914162316,1126.85,85.18933553950814,54.86009547714962,14.003245101449995,5.391973936578195,19.197339277798378,0.40746734920772126,1.0,0.6521343637478448,0.9999999999999997,0.9885098200787855,0.6521343637478448,0,nominal,0.0,0.0,0.0,0.0,0.0,0.0,0.0,0.0,0.0,0.0,0.0,0.0,0.0,0.0
5950,2682.1195144106523,89.59834414759075,1126.85,85.18684027008692,54.86372855574013,14.003245101449995,5.391885202449305,19.19702335283326,0.40746734920772126,1.0,0.6522059328736832,0.9999999999999997,0.9885098200787855,0.6522059328736832,0,nominal,0.0,0.0,0.0,0.0,0.0,0.0,0.0,0.0,0.0,0.0,0.0,0.0,0.0,0.0
6000,2682.1195144106523,89.59211147619163,1126.85,85.18434553732834,54.86736116921605,14.003245101449995,5.391796478992361,19.19670746586406,0.40746734920772126,1.0,0.6522774928370874,0.9999999999999997,0.9885098200787855,0.6522774928370874,0,nominal,0.0,0.0,0.0,0.0,0.0,0.0,0.0,0.0,0.0,0.0,0.0,0.0,0.0,0.0
6050,2682.1195144106523,89.58588112653013,1126.85,85.18185134146182,54.87099331704368,14.003245101449995,5.391707766219965,19.196391616935635,0.40746734920772126,1.0,0.6523490436275431,0.9999999999999997,0.9885098200787855,0.6523490436275431,0,nominal,0.0,0.0,0.0,0.0,0.0,0.0,0.0,0.0,0.0,0.0,0.0,0.0,0.0,0.0
6100,2682.1195144106523,89.57965309771089,1126.85,85.17935768271627,54.87462499868995,14.003245101449995,5.391619064144702,19.196075806092797,0.40746734920772126,1.0,0.65242058523455,0.9999999999999997,0.9885098200787855,0.65242058523455,0,nominal,0.0,0.0,0.0,0.0,0.0,0.0,0.0,0.0,0.0,0.0,0.0,0.0,0.0,0.0
6150,2682.1195144106523,89.57342738883904,1126.85,85.17686456132014,54.87825621362241,14.003245101449995,5.3915303727791395,19.195760033380292,0.40746734920772126,1.0,0.6524921176476188,0.9999999999999997,0.9885098200787855,0.6524921176476188,0,nominal,0.0,0.0,0.0,0.0,0.0,0.0,0.0,0.0,0.0,0.0,0.0,0.0,0.0,0.0
6200,2682.1195144106523,89.56720399902008,1126.85,85.17437197750138,54.88188696130923,14.003245101449995,5.3914416921358335,19.19544429884282,0.40746734920772126,1.0,0.6525636408562728,0.9999999999999997,0.9885098200787855,0.6525636408562728,0,nominal,0.0,0.0,0.0,0.0,0.0,0.0,0.0,0.0,0.0,0.0,0.0,0.0,0.0,0.0
6250,2682.1195144106523,89.56098292735982,1126.85,85.17187993148735,54.88551724121919,14.003245101449995,5.391353022227321,19.19512860252502,0.40746734920772126,1.0,0.6526351548500477,0.9999999999999997,0.9885098200787855,0.6526351548500477,0,nominal,0.0,0.0,0.0,0.0,0.0,0.0,0.0,0.0,0.0,0.0,0.0,0.0,0.0,0.0
6300,2682.1195144106523,89.5547641729645,1126.85,85.16938842350498,54.889147052821755,14.003245101449995,5.391264363066127,19.194812944471487,0.40746734920772126,1.0,0.6527066596184918,0.9999999999999997,0.9885098200787855,0.6527066596184918,0,nominal,0.0,0.0,0.0,0.0,0.0,0.0,0.0,0.0,0.0,0.0,0.0,0.0,0.0,0.0
6350,2682.1195144106523,89.54854773494077,1126.85,85.16689745378062,54.89277639558692,14.003245101449995,5.391175714664762,19.194497324726758,0.40746734920772126,1.0,0.6527781551511648,0.9999999999999997,0.9885098200787855,0.6527781551511648,0,nominal,0.0,0.0,0.0,0.0,0.0,0.0,0.0,0.0,0.0,0.0,0.0,0.0,0.0,0.0
6400,2682.1195144106523,89.54233361239562,1126.85,85.1644070225401,54.896405268985475,14.003245101449995,5.391087077035716,19.19418174333531,0.40746734920772126,1.0,0.6528496414376412,0.9999999999999997,0.9885098200787855,0.6528496414376412,0,nominal,0.0,0.0,0.0,0.0,0.0,0.0,0.0,0.0,0.0,0.0,0.0,0.0,0.0,0.0
6450,2682.1195144106523,89.5361218044365,1126.85,85.16191713000876,54.90003367248872,14.003245101449995,5.390998450191469,19.193866200341564,0.40746734920772126,1.0,0.6529211184675066,0.9999999999999997,0.9885098200787855,0.6529211184675066,0,nominal,0.0,0.0,0.0,0.0,0.0,0.0,0.0,0.0,0.0,0.0,0.0,0.0,0.0,0.0
6500,2682.1195144106523,89.52991231017114,1126.85,85.15942777641146,54.90366160556871,14.003245101449995,5.39090983414448,19.19355069578989,0.40746734920772126,1.0,0.6529925862303603,0.9999999999999997,0.9885098200787855,0.6529925862303603,0,nominal,0.0,0.0,0.0,0.0,0.0,0.0,0.0,0.0,0.0,0.0,0.0,0.0,0.0,0.0
6550,2682.1195144106523,89.52370512870772,1126.85,85.15693896197251,54.907289067697945,14.003245101449995,5.390821228907201,19.193235229724614,0.40746734920772126,1.0,0.653064044715811,0.9999999999999997,0.9885098200787855,0.653064044715811,0,nominal,0.0,0.0,0.0,0.0,0.0,0.0,0.0,0.0,0.0,0.0,0.0,0.0,0.0,0.0
6600,2682.1195144106523,89.51750025915476,1126.85,85.15445068691577,54.91091605834973,14.003245101449995,5.390732634492061,19.192919802189994,0.40746734920772126,1.0,0.6531354939134834,0.9999999999999997,0.9885098200787855,0.6531354939134834,0,nominal,0.0,0.0,0.0,0.0,0.0,0.0,0.0,0.0,0.0,0.0,0.0,0.0,0.0,0.0
6650,2682.1195144106523,89.51129770062118,1126.85,85.15196295146444,54.91454257699778,14.003245101449995,5.39064405091148,19.192604413230246,0.40746734920772126,1.0,0.65320693381301,0.9999999999999997,0.9885098200787855,0.65320693381301,0,nominal,0.0,0.0,0.0,0.0,0.0,0.0,0.0,0.0,0.0,0.0,0.0,0.0,0.0,0.0
6700,2682.1195144106523,89.50509745221638,1126.85,85.14947575584142,54.91816862311681,14.003245101449995,5.390555478177856,19.19228906288951,0.40746734920772126,1.0,0.6532783644040427,0.9999999999999997,0.9885098200787855,0.6532783644040427,0,nominal,0.0,0.0,0.0,0.0,0.0,0.0,0.0,0.0,0.0,0.0,0.0,0.0,0.0,0.0
6750,2682.1195144106523,89.49889951304999,1126.85,85.14698910026891,54.92179419618174,14.003245101449995,5.3904669163035805,19.191973751211904,0.40746734920772126,1.0,0.6533497856762384,0.9999999999999997,0.9885098200787855,0.6533497856762384,0,nominal,0.0,0.0,0.0,0.0,0.0,0.0,0.0,0.0,0.0,0.0,0.0,0.0,0.0,0.0
6800,2682.1195144106523,89.49270388223209,1126.85,85.14450298496871,54.925419295668426,14.003245101449995,5.3903783653010215,19.191658478241465,0.40746734920772126,1.0,0.6534211976192712,0.9999999999999997,0.9885098200787855,0.6534211976192712,0,nominal,0.0,0.0,0.0,0.0,0.0,0.0,0.0,0.0,0.0,0.0,0.0,0.0,0.0,0.0
6850,2682.1195144106523,89.48651055887319,1126.85,85.14201741016211,54.92904392105324,14.003245101449995,5.390289825182536,19.191343244022185,0.40746734920772126,1.0,0.6534926002228265,0.9999999999999997,0.9885098200787855,0.6534926002228265,0,nominal,0.0,0.0,0.0,0.0,0.0,0.0,0.0,0.0,0.0,0.0,0.0,0.0,0.0,0.0
6900,2682.1195144106523,89.48031954208409,1126.85,85.13953237606984,54.93266807181312,14.003245101449995,5.390201295960465,19.19102804859801,0.40746734920772126,1.0,0.6535639934766,0.9999999999999997,0.9885098200787855,0.6535639934766,0,nominal,0.0,0.0,0.0,0.0,0.0,0.0,0.0,0.0,0.0,0.0,0.0,0.0,0.0,0.0
6950,2682.1195144106523,89.47413083097604,1126.85,85.13704788291216,54.93629174742577,14.003245101449995,5.3901127776471345,19.190712892012815,0.40746734920772126,1.0,0.6536353773703031,0.9999999999999997,0.9885098200787855,0.6536353773703031,0,nominal,0.0,0.0,0.0,0.0,0.0,0.0,0.0,0.0,0.0,0.0,0.0,0.0,0.0,0.0
7000,2682.1195144106523,89.46794442466063,1126.85,85.13456393090883,54.93991494736939,14.003245101449995,5.390024270254859,19.190397774310448,0.40746734920772126,1.0,0.6537067518936563,0.9999999999999997,0.9885098200787855,0.6537067518936563,0,nominal,0.0,0.0,0.0,0.0,0.0,0.0,0.0,0.0,0.0,0.0,0.0,0.0,0.0,0.0
7050,2682.1195144106523,89.46176032224986,1126.85,85.13208052027909,54.943537671122904,14.003245101449995,5.389935773795929,19.190082695534674,0.40746734920772126,1.0,0.6537781170363952,0.9999999999999997,0.9885098200787855,0.6537781170363952,0,nominal,0.0,0.0,0.0,0.0,0.0,0.0,0.0,0.0,0.0,0.0,0.0,0.0,0.0,0.0
7100,2682.1195144106523,89.45557852285617,1126.85,85.12959765124168,54.947159918165795,14.003245101449995,5.3898472882826285,19.189767655729217,0.40746734920772126,1.0,0.6538494727882658,0.9999999999999997,0.9885098200787855,0.6538494727882658,0,nominal,0.0,0.0,0.0,0.0,0.0,0.0,0.0,0.0,0.0,0.0,0.0,0.0,0.0,0.0
7150,2682.1195144106523,89.44939902559224,1126.85,85.12711532401482,54.95078168797819,14.003245101449995,5.389758813727223,19.189452654937753,0.40746734920772126,1.0,0.6539208191390269,0.9999999999999997,0.9885098200787855,0.6539208191390269,0,nominal,0.0,0.0,0.0,0.0,0.0,0.0,0.0,0.0,0.0,0.0,0.0,0.0,0.0,0.0
7200,2682.1195144106523,89.44322182957126,1126.85,85.12463353881628,54.95440298004083,14.003245101449995,5.389670350141964,19.189137693203904,0.40746734920772126,1.0,0.6539921560784496,0.9999999999999997,0.9885098200787855,0.6539921560784496,0,nominal,0.0,0.0,0.0,0.0,0.0,0.0,0.0,0.0,0.0,0.0,0.0,0.0,0.0,0.0
7250,2682.1195144106523,89.43704693390669,1126.85,85.1221522958632,54.95802379383512,14.003245101449995,5.389581897539086,19.188822770571225,0.40746734920772126,1.0,0.6540634835963177,0.9999999999999997,0.9885098200787855,0.6540634835963177,0,nominal,0.0,0.0,0.0,0.0,0.0,0.0,0.0,0.0,0.0,0.0,0.0,0.0,0.0,0.0
7300,2682.1195144106523,89.43087433771251,1126.85,85.11967159537238,54.961644128843076,14.003245101449995,5.389493455930809,19.18850788708322,0.40746734920772126,1.0,0.6541348016824278,0.9999999999999997,0.9885098200787855,0.6541348016824278,0,nominal,0.0,0.0,0.0,0.0,0.0,0.0,0.0,0.0,0.0,0.0,0.0,0.0,0.0,0.0
7350,2682.1195144106523,89.42470404010294,1126.85,85.11719143756,54.96526398454738,14.003245101449995,5.389405025329339,19.188193042783354,0.40746734920772126,1.0,0.6542061103265883,0.9999999999999997,0.9885098200787855,0.6542061103265883,0,nominal,0.0,0.0,0.0,0.0,0.0,0.0,0.0,0.0,0.0,0.0,0.0,0.0,0.0,0.0
7400,2682.1195144106523,89.41853604019263,1126.85,85.11471182264182,54.968883360431214,14.003245101449995,5.389316605746866,19.187878237715022,0.40746734920772126,1.0,0.6542774095186189,0.9999999999999997,0.9885098200787855,0.6542774095186189,0,nominal,0.0,0.0,0.0,0.0,0.0,0.0,0.0,0.0,0.0,0.0,0.0,0.0,0.0,0.0
7450,2682.1195144106523,89.41237033709672,1126.85,85.11223275083302,54.972502255978426,14.003245101449995,5.389228197195568,19.187563471921585,0.40746734920772126,1.0,0.6543486992483515,0.9999999999999997,0.9885098200787855,0.6543486992483515,0,nominal,0.0,0.0,0.0,0.0,0.0,0.0,0.0,0.0,0.0,0.0,0.0,0.0,0.0,0.0
7500,2682.1195144106523,89.40620692993053,1126.85,85.10975422234833,54.976120670673566,14.003245101449995,5.3891397996876025,19.187248745446333,0.40746734920772126,1.0,0.654419979505632,0.9999999999999997,0.9885098200787855,0.654419979505632,0,nominal,0.0,0.0,0.0,0.0,0.0,0.0,0.0,0.0,0.0,0.0,0.0,0.0,0.0,0.0
7550,2682.1195144106523,89.40004581780994,1126.85,85.10727623740195,54.97973860400177,14.003245101449995,5.389051413235115,19.1869340583325,0.40746734920772126,1.0,0.6544912502803183,0.9999999999999997,0.9885098200787855,0.6544912502803183,0,nominal,0.0,0.0,0.0,0.0,0.0,0.0,0.0,0.0,0.0,0.0,0.0,0.0,0.0,0.0
7600,2682.1195144106523,89.39388699985108,1126.85,85.10479879620766,54.98335605544885,14.003245101449995,5.388963037850236,19.18661941062328,0.40746734920772126,1.0,0.654562511562281,0.9999999999999997,0.9885098200787855,0.654562511562281,0,nominal,0.0,0.0,0.0,0.0,0.0,0.0,0.0,0.0,0.0,0.0,0.0,0.0,0.0,0.0
7650,2682.1195144106523,89.38773047517054,1126.85,85.10232189897863,54.98697302450097,14.003245101449995,5.388874673545084,19.186304802361814,0.40746734920772126,1.0,0.6546337633413978,0.9999999999999997,0.9885098200787855,0.6546337633413978,0,nominal,0.0,0.0,0.0,0.0,0.0,0.0,0.0,0.0,0.0,0.0,0.0,0.0,0.0,0.0
7700,2682.1195144106523,89.38157624288522,1126.85,85.09984554592762,54.990589510645265,14.003245101449995,5.388786320331757,19.18599023359118,0.40746734920772126,1.0,0.6547050056075657,0.9999999999999997,0.9885098200787855,0.6547050056075657,0,nominal,0.0,0.0,0.0,0.0,0.0,0.0,0.0,0.0,0.0,0.0,0.0,0.0,0.0,0.0
7750,2682.1195144106523,89.37542430211249,1126.85,85.09736973726683,54.99420551336927,14.003245101449995,5.388697978222343,19.185675704354413,0.40746734920772126,1.0,0.6547762383506897,0.9999999999999997,0.9885098200787855,0.6547762383506897,0,nominal,0.0,0.0,0.0,0.0,0.0,0.0,0.0,0.0,0.0,0.0,0.0,0.0,0.0,0.0
7800,2682.1195144106523,89.36927465197004,1126.85,85.094894473208,54.9978210321613,14.003245101449995,5.388609647228907,19.185361214694467,0.40746734920772126,1.0,0.6548474615606895,0.9999999999999997,0.9885098200787855,0.6548474615606895,0,nominal,0.0,0.0,0.0,0.0,0.0,0.0,0.0,0.0,0.0,0.0,0.0,0.0,0.0,0.0
7850,2682.1195144106523,89.36312729157595,1126.85,85.09241975396236,55.00143606651007,14.003245101449995,5.388521327363511,19.185046764654295,0.40746734920772126,1.0,0.6549186752274935,0.9999999999999997,0.9885098200787855,0.6549186752274935,0,nominal,0.0,0.0,0.0,0.0,0.0,0.0,0.0,0.0,0.0,0.0,0.0,0.0,0.0,0.0
7900,2682.1195144106523,89.35698222004868,1126.85,85.08994557974063,55.00505061590518,14.003245101449995,5.388433018638192,19.184732354276747,0.40746734920772126,1.0,0.6549898793410474,0.9999999999999997,0.9885098200787855,0.6549898793410474,0,nominal,0.0,0.0,0.0,0.0,0.0,0.0,0.0,0.0,0.0,0.0,0.0,0.0,0.0,0.0
7950,2682.1195144106523,89.35083943650704,1126.85,85.08747195075307,55.008664679836606,14.003245101449995,5.3883447210649775,19.184417983604643,0.40746734920772126,1.0,0.6550610738913033,0.9999999999999997,0.9885098200787855,0.6550610738913033,0,nominal,0.0,0.0,0.0,0.0,0.0,0.0,0.0,0.0,0.0,0.0,0.0,0.0,0.0,0.0
8000,2682.1195144106523,89.34469894007026,1126.85,85.08499886720944,55.01227825779516,14.003245101449995,5.388256434655878,19.184103652680747,0.40746734920772126,1.0,0.6551322588682312,0.9999999999999997,0.9885098200787855,0.6551322588682312,0,nominal,0.0,0.0,0.0,0.0,0.0,0.0,0.0,0.0,0.0,0.0,0.0,0.0,0.0,0.0
8050,2682.1195144106523,89.33856072985793,1126.85,85.08252632931897,55.015891349271975,14.003245101449995,5.388168159422889,19.18378936154777,0.40746734920772126,1.0,0.6552034342618067,0.9999999999999997,0.9885098200787855,0.6552034342618067,0,nominal,0.0,0.0,0.0,0.0,0.0,0.0,0.0,0.0,0.0,0.0,0.0,0.0,0.0,0.0
8100,2682.1195144106523,89.33242480499001,1126.85,85.08005433729045,55.019503953759184,14.003245101449995,5.3880798953779925,19.183475110248366,0.40746734920772126,1.0,0.6552746000620251,0.9999999999999997,0.9885098200787855,0.6552746000620251,0,nominal,0.0,0.0,0.0,0.0,0.0,0.0,0.0,0.0,0.0,0.0,0.0,0.0,0.0,0.0
8150,2682.1195144106523,89.32629116458685,1126.85,85.07758289133216,55.02311607074923,14.003245101449995,5.387991642533155,19.183160898825147,0.40746734920772126,1.0,0.6553457562588879,0.9999999999999997,0.9885098200787855,0.6553457562588879,0,nominal,0.0,0.0,0.0,0.0,0.0,0.0,0.0,0.0,0.0,0.0,0.0,0.0,0.0,0.0
8200,2682.1195144106523,89.32015980776919,1126.85,85.07511199165185,55.02672769973521,14.003245101449995,5.3879034009003295,19.18284672732067,0.40746734920772126,1.0,0.6554169028424093,0.9999999999999997,0.9885098200787855,0.6554169028424093,0,nominal,0.0,0.0,0.0,0.0,0.0,0.0,0.0,0.0,0.0,0.0,0.0,0.0,0.0,0.0
8250,2682.1195144106523,89.31403073365811,1126.85,85.07264163845679,55.03033884021101,14.003245101449995,5.387815170491452,19.18253259577742,0.40746734920772126,1.0,0.6554880398026192,0.9999999999999997,0.9885098200787855,0.6554880398026192,0,nominal,0.0,0.0,0.0,0.0,0.0,0.0,0.0,0.0,0.0,0.0,0.0,0.0,0.0,0.0
8300,2682.1195144106523,89.30790394137512,1126.85,85.07017183195381,55.03394949167106,14.003245101449995,5.387726951318442,19.18221850423785,0.40746734920772126,1.0,0.6555591671295584,0.9999999999999997,0.9885098200787855,0.6555591671295584,0,nominal,0.0,0.0,0.0,0.0,0.0,0.0,0.0,0.0,0.0,0.0,0.0,0.0,0.0,0.0
8350,2682.1195144106523,89.30177943004207,1126.85,85.06770257234922,55.0375596536103,14.003245101449995,5.3876387433932065,19.18190445274434,0.40746734920772126,1.0,0.6556302848132777,0.9999999999999997,0.9885098200787855,0.6556302848132777,0,nominal,0.0,0.0,0.0,0.0,0.0,0.0,0.0,0.0,0.0,0.0,0.0,0.0,0.0,0.0
8400,2682.1195144106523,89.29565719878121,1126.85,85.06523385984883,55.04116932552429,14.003245101449995,5.387550546727644,19.18159044133926,0.40746734920772126,1.0,0.6557013928438395,0.9999999999999997,0.9885098200787855,0.6557013928438395,0,nominal,0.0,0.0,0.0,0.0,0.0,0.0,0.0,0.0,0.0,0.0,0.0,0.0,0.0,0.0
8450,2682.1195144106523,89.2895372467151,1126.85,85.06276569465791,55.04477850690935,14.003245101449995,5.387462361333625,19.181276470064876,0.40746734920772126,1.0,0.6557724912113222,0.9999999999999997,0.9885098200787855,0.6557724912113222,0,nominal,0.0,0.0,0.0,0.0,0.0,0.0,0.0,0.0,0.0,0.0,0.0,0.0,0.0,0.0
8500,2682.1195144106523,89.28341957296675,1126.85,85.06029807698138,55.04838719726242,14.003245101449995,5.387374187223013,19.180962538963417,0.40746734920772126,1.0,0.6558435799058155,0.9999999999999997,0.9885098200787855,0.6558435799058155,0,nominal,0.0,0.0,0.0,0.0,0.0,0.0,0.0,0.0,0.0,0.0,0.0,0.0,0.0,0.0
8550,2682.1195144106523,89.27730417665953,1126.85,85.05783100702354,55.05199539608079,14.003245101449995,5.38728602440766,19.18064864807709,0.40746734920772126,1.0,0.6559146589174165,0.9999999999999997,0.9885098200787855,0.6559146589174165,0,nominal,0.0,0.0,0.0,0.0,0.0,0.0,0.0,0.0,0.0,0.0,0.0,0.0,0.0,0.0
8600,2682.1195144106523,89.27119105691713,1126.85,85.05536448498827,55.05560310286262,14.003245101449995,5.387197872899396,19.180334797448005,0.40746734920772126,1.0,0.6559857282362392,0.9999999999999997,0.9885098200787855,0.6559857282362392,0,nominal,0.0,0.0,0.0,0.0,0.0,0.0,0.0,0.0,0.0,0.0,0.0,0.0,0.0,0.0
8650,2682.1195144106523,89.26508021286372,1126.85,85.05289851107892,55.0592103171066,14.003245101449995,5.387109732710042,19.180020987118255,0.40746734920772126,1.0,0.6560567878524083,0.9999999999999997,0.9885098200787855,0.6560567878524083,0,nominal,0.0,0.0,0.0,0.0,0.0,0.0,0.0,0.0,0.0,0.0,0.0,0.0,0.0,0.0
8700,2682.1195144106523,89.25897164362374,1126.85,85.05043308549841,55.062817038312026,14.003245101449995,5.387021603851397,19.17970721712985,0.40746734920772126,1.0,0.6561278377560603,0.9999999999999997,0.9885098200787855,0.6561278377560603,0,nominal,0.0,0.0,0.0,0.0,0.0,0.0,0.0,0.0,0.0,0.0,0.0,0.0,0.0,0.0
8750,2682.1195144106523,89.25286534832208,1126.85,85.0479682084491,55.06642326597884,14.003245101449995,5.386933486335254,19.17939348752477,0.40746734920772126,1.0,0.6561988779373442,0.9999999999999997,0.9885098200787855,0.6561988779373442,0,nominal,0.0,0.0,0.0,0.0,0.0,0.0,0.0,0.0,0.0,0.0,0.0,0.0,0.0,0.0
8800,2682.1195144106523,89.24676132608397,1126.85,85.04550388013297,55.07002899960757,14.003245101449995,5.386845380173385,19.179079798344933,0.40746734920772126,1.0,0.6562699083864209,0.9999999999999997,0.9885098200787855,0.6562699083864209,0,nominal,0.0,0.0,0.0,0.0,0.0,0.0,0.0,0.0,0.0,0.0,0.0,0.0,0.0,0.0
8850,2682.1195144106523,89.240659576035,1126.85,85.0430401007514,55.073634238699235,14.003245101449995,5.386757285377553,19.178766149632217,0.40746734920772126,1.0,0.6563409290934605,0.9999999999999997,0.9885098200787855,0.6563409290934605,0,nominal,0.0,0.0,0.0,0.0,0.0,0.0,0.0,0.0,0.0,0.0,0.0,0.0,0.0,0.0
8900,2682.1195144106523,89.2345600973012,1126.85,85.04057687050533,55.07723898275571,14.003245101449995,5.386669201959498,19.178452541428427,0.40746734920772126,1.0,0.6564119400486508,0.9999999999999997,0.9885098200787855,0.6564119400486508,0,nominal,0.0,0.0,0.0,0.0,0.0,0.0,0.0,0.0,0.0,0.0,0.0,0.0,0.0,0.0
8950,2682.1195144106523,89.22846288900888,1126.85,85.03811418959526,55.08084323127935,14.003245101449995,5.386581129930954,19.17813897377533,0.40746734920772126,1.0,0.6564829412421883,0.9999999999999997,0.9885098200787855,0.6564829412421883,0,nominal,0.0,0.0,0.0,0.0,0.0,0.0,0.0,0.0,0.0,0.0,0.0,0.0,0.0,0.0
9000,2682.1195144106523,89.22236795028482,1126.85,85.03565205822116,55.08444698377305,14.003245101449995,5.386493069303632,19.17782544671463,0.40746734920772126,1.0,0.6565539326642803,0.9999999999999997,0.9885098200787855,0.6565539326642803,0,nominal,0.0,0.0,0.0,0.0,0.0,0.0,0.0,0.0,0.0,0.0,0.0,0.0,0.0,0.0
9050,2682.1195144106523,89.21627528025613,1126.85,85.03319047658255,55.08805023974042,14.003245101449995,5.386405020089237,19.177511960287994,0.40746734920772126,1.0,0.6566249143051482,0.9999999999999997,0.9885098200787855,0.6566249143051482,0,nominal,0.0,0.0,0.0,0.0,0.0,0.0,0.0,0.0,0.0,0.0,0.0,0.0,0.0,0.0
9100,2682.1195144106523,89.21018487805026,1126.85,85.03072944487843,55.09165299868554,14.003245101449995,5.386316982299456,19.177198514537036,0.40746734920772126,1.0,0.6566958861550232,0.9999999999999997,0.9885098200787855,0.6566958861550232,0,nominal,0.0,0.0,0.0,0.0,0.0,0.0,0.0,0.0,0.0,0.0,0.0,0.0,0.0,0.0
9150,2682.1195144106523,89.20409674279506,1126.85,85.02826896330731,55.0952552601133,14.003245101449995,5.386228955945957,19.1768851095033,0.40746734920772126,1.0,0.6567668482041513,0.9999999999999997,0.9885098200787855,0.6567668482041513,0,nominal,0.0,0.0,0.0,0.0,0.0,0.0,0.0,0.0,0.0,0.0,0.0,0.0,0.0,0.0
9200,2682.1195144106523,89.19801087361878,1126.85,85.02580903206729,55.09885702352913,14.003245101449995,5.386140941040399,19.17657174522829,0.40746734920772126,1.0,0.6568378004427903,0.9999999999999997,0.9885098200787855,0.6568378004427903,0,nominal,0.0,0.0,0.0,0.0,0.0,0.0,0.0,0.0,0.0,0.0,0.0,0.0,0.0,0.0
9250,2682.1195144106523,89.19192726965002,1126.85,85.02334965135594,55.10245828843891,14.003245101449995,5.386052937594423,19.176258421753456,0.40746734920772126,1.0,0.6569087428612063,0.9999999999999997,0.9885098200787855,0.6569087428612063,0,nominal,0.0,0.0,0.0,0.0,0.0,0.0,0.0,0.0,0.0,0.0,0.0,0.0,0.0,0.0
9300,2682.1195144106523,89.18584593001776,1126.85,85.02089082137036,55.106059054349295,14.003245101449995,5.385964945619658,19.175945139120202,0.40746734920772126,1.0,0.6569796754496804,0.9999999999999997,0.9885098200787855,0.6569796754496804,0,nominal,0.0,0.0,0.0,0.0,0.0,0.0,0.0,0.0,0.0,0.0,0.0,0.0,0.0,0.0
9350,2682.1195144106523,89.17976685385133,1126.85,85.0184325423071,55.10965932076753,14.003245101449995,5.385876965127715,19.17563189736987,0.40746734920772126,1.0,0.6570505981985061,0.9999999999999997,0.9885098200787855,0.6570505981985061,0,nominal,0.0,0.0,0.0,0.0,0.0,0.0,0.0,0.0,0.0,0.0,0.0,0.0,0.0,0.0
9400,2682.1195144106523,89.17369004028046,1126.85,85.01597481436238,55.11325908720142,14.003245101449995,5.385788996130195,19.175318696543755,0.40746734920772126,1.0,0.6571215110979874,0.9999999999999997,0.9885098200787855,0.6571215110979874,0,nominal,0.0,0.0,0.0,0.0,0.0,0.0,0.0,0.0,0.0,0.0,0.0,0.0,0.0,0.0
9450,2682.1195144106523,89.16761548843522,1126.85,85.01351763773181,55.116858353159394,14.003245101449995,5.38570103863868,19.1750055366831,0.40746734920772126,1.0,0.6571924141384405,0.9999999999999997,0.9885098200787855,0.6571924141384405,0,nominal,0.0,0.0,0.0,0.0,0.0,0.0,0.0,0.0,0.0,0.0,0.0,0.0,0.0,0.0
9500,2682.1195144106523,89.16154319744612,1126.85,85.01106101261058,55.1204571181505,14.003245101449995,5.38561309266474,19.174692417829096,0.40746734920772126,1.0,0.6572633073101941,0.9999999999999997,0.9885098200787855,0.6572633073101941,0,nominal,0.0,0.0,0.0,0.0,0.0,0.0,0.0,0.0,0.0,0.0,0.0,0.0,0.0,0.0
9550,2682.1195144106523,89.15547316644398,1126.85,85.00860493919339,55.12405538168429,14.003245101449995,5.385525158219931,19.174379340022885,0.40746734920772126,1.0,0.657334190603587,0.9999999999999997,0.9885098200787855,0.657334190603587,0,nominal,0.0,0.0,0.0,0.0,0.0,0.0,0.0,0.0,0.0,0.0,0.0,0.0,0.0,0.0
9600,2682.1195144106523,89.14940539456,1126.85,85.00614941767446,55.12765314327119,14.003245101449995,5.385437235315789,19.17406630330554,0.40746734920772126,1.0,0.6574050640089744,0.9999999999999997,0.9885098200787855,0.6574050640089744,0,nominal,0.0,0.0,0.0,0.0,0.0,0.0,0.0,0.0,0.0,0.0,0.0,0.0,0.0,0.0
9650,2682.1195144106523,89.14333988092574,1126.85,85.00369444824759,55.131250402421834,14.003245101449995,5.385349323963843,19.173753307718115,0.40746734920772126,1.0,0.6574759275167165,0.9999999999999997,0.9885098200787855,0.6574759275167165,0,nominal,0.0,0.0,0.0,0.0,0.0,0.0,0.0,0.0,0.0,0.0,0.0,0.0,0.0,0.0
9700,2682.1195144106523,89.13727662467318,1126.85,85.00124003110602,55.134847158647794,14.003245101449995,5.385261424175604,19.173440353301583,0.40746734920772126,1.0,0.6575467811171913,0.9999999999999997,0.9885098200787855,0.6575467811171913,0,nominal,0.0,0.0,0.0,0.0,0.0,0.0,0.0,0.0,0.0,0.0,0.0,0.0,0.0,0.0
9750,2682.1195144106523,89.13121562493461,1126.85,84.99878616644258,55.13844341146106,14.003245101449995,5.385173535962569,19.173127440096884,0.40746734920772126,1.0,0.6576176248007858,0.9999999999999997,0.9885098200787855,0.6576176248007858,0,nominal,0.0,0.0,0.0,0.0,0.0,0.0,0.0,0.0,0.0,0.0,0.0,0.0,0.0,0.0
9800,2682.1195144106523,89.12515688084278,1126.85,84.99633285444958,55.14203916037425,14.003245101449995,5.38508565933622,19.172814568144897,0.40746734920772126,1.0,0.6576884585578986,0.9999999999999997,0.9885098200787855,0.6576884585578986,0,nominal,0.0,0.0,0.0,0.0,0.0,0.0,0.0,0.0,0.0,0.0,0.0,0.0,0.0,0.0
9850,2682.1195144106523,89.11910039153071,1126.85,84.9938800953189,55.1456344049007,14.003245101449995,5.384997794308023,19.172501737486442,0.40746734920772126,1.0,0.6577592823789425,0.9999999999999997,0.9885098200787855,0.6577592823789425,0,nominal,0.0,0.0,0.0,0.0,0.0,0.0,0.0,0.0,0.0,0.0,0.0,0.0,0.0,0.0
9900,2682.1195144106523,89.11304615613182,1126.85,84.99142788924189,55.1492291445542,14.003245101449995,5.3849099408894325,19.1721889481623,0.40746734920772126,1.0,0.6578300962543401,0.9999999999999997,0.9885098200787855,0.6578300962543401,0,nominal,0.0,0.0,0.0,0.0,0.0,0.0,0.0,0.0,0.0,0.0,0.0,0.0,0.0,0.0
9950,2682.1195144106523,89.10699417377992,1126.85,84.98897623640948,55.152823378849206,14.003245101449995,5.384822099091889,19.171876200213212,0.40746734920772126,1.0,0.6579009001745262,0.9999999999999997,0.9885098200787855,0.6579009001745262,0,nominal,0.0,0.0,0.0,0.0,0.0,0.0,0.0,0.0,0.0,0.0,0.0,0.0,0.0,0.0
10000,2682.1195144106523,89.1009444436092,1126.85,84.98652513701211,55.15641710730081,14.003245101449995,5.384734268926813,19.17156349367983,0.40746734920772126,1.0,0.6579716941299486,0.9999999999999997,0.9885098200787855,0.6579716941299486,0,nominal,0.0,0.0,0.0,0.0,0.0,0.0,0.0,0.0,0.0,0.0,0.0,0.0,0.0,0.0
10050,2682.1195144106523,89.09489696475418,1126.85,84.98407459123973,55.160010329424644,14.003245101449995,5.384646450405617,19.17125082860279,0.40746734920772126,1.0,0.6580424781110653,0.9999999999999997,0.9885098200787855,0.6580424781110653,0,nominal,0.0,0.0,0.0,0.0,0.0,0.0,0.0,0.0,0.0,0.0,0.0,0.0,0.0,0.0
10100,2682.1195144106523,89.0888517363498,1126.85,84.98162459928187,55.16360304473695,14.003245101449995,5.384558643539695,19.170938205022658,0.40746734920772126,1.0,0.6581132521083469,0.9999999999999997,0.9885098200787855,0.6581132521083469,0,nominal,0.0,0.0,0.0,0.0,0.0,0.0,0.0,0.0,0.0,0.0,0.0,0.0,0.0,0.0
10150,2682.1195144106523,89.08280875753132,1126.85,84.97917516132753,55.167195252754574,14.003245101449995,5.38447084834043,19.170625622979966,0.40746734920772126,1.0,0.6581840161122753,0.9999999999999997,0.9885098200787855,0.6581840161122753,0,nominal,0.0,0.0,0.0,0.0,0.0,0.0,0.0,0.0,0.0,0.0,0.0,0.0,0.0,0.0
10200,2682.1195144106523,89.07676802743447,1126.85,84.97672627756532,55.170786952995,14.003245101449995,5.384383064819185,19.170313082515165,0.40746734920772126,1.0,0.6582547701133455,0.9999999999999997,0.9885098200787855,0.6582547701133455,0,nominal,0.0,0.0,0.0,0.0,0.0,0.0,0.0,0.0,0.0,0.0,0.0,0.0,0.0,0.0
10250,2682.1195144106523,89.0707295451952,1126.85,84.97427794818327,55.174378144976174,14.003245101449995,5.384295292987319,19.170000583668696,0.40746734920772126,1.0,0.6583255141020613,0.9999999999999997,0.9885098200787855,0.6583255141020613,0,nominal,0.0,0.0,0.0,0.0,0.0,0.0,0.0,0.0,0.0,0.0,0.0,0.0,0.0,0.0
10300,2682.1195144106523,89.06469330994992,1126.85,84.97183017336903,55.17796882821688,14.003245101449995,5.384207532856163,19.169688126480903,0.40746734920772126,1.0,0.6583962480689433,0.9999999999999997,0.9885098200787855,0.6583962480689433,0,nominal,0.0,0.0,0.0,0.0,0.0,0.0,0.0,0.0,0.0,0.0,0.0,0.0,0.0,0.0
10350,2682.1195144106523,89.05865932083532,1126.85,84.96938295330972,55.18155900223626,14.003245101449995,5.384119784437042,19.16937571099211,0.40746734920772126,1.0,0.6584669720045184,0.9999999999999997,0.9885098200787855,0.6584669720045184,0,nominal,0.0,0.0,0.0,0.0,0.0,0.0,0.0,0.0,0.0,0.0,0.0,0.0,0.0,0.0
10400,2682.1195144106523,89.05262757698858,1126.85,84.96693628819202,55.18514866655429,14.003245101449995,5.384032047741265,19.169063337242576,0.40746734920772126,1.0,0.658537685899331,0.9999999999999997,0.9885098200787855,0.658537685899331,0,nominal,0.0,0.0,0.0,0.0,0.0,0.0,0.0,0.0,0.0,0.0,0.0,0.0,0.0,0.0
10450,2682.1195144106523,89.04659807754723,1126.85,84.96449017820214,55.18873782069132,14.003245101449995,5.383944322780126,19.16875100527252,0.40746734920772126,1.0,0.6586083897439321,0.9999999999999997,0.9885098200787855,0.6586083897439321,0,nominal,0.0,0.0,0.0,0.0,0.0,0.0,0.0,0.0,0.0,0.0,0.0,0.0,0.0,0.0
10500,2682.1195144106523,89.04057082164911,1126.85,84.96204462352591,55.192326464168396,14.003245101449995,5.383856609564906,19.168438715122097,0.40746734920772126,1.0,0.6586790835288866,0.9999999999999997,0.9885098200787855,0.6586790835288866,0,nominal,0.0,0.0,0.0,0.0,0.0,0.0,0.0,0.0,0.0,0.0,0.0,0.0,0.0,0.0
10550,2682.1195144106523,89.03454580843243,1126.85,84.95959962434853,55.1959145965071,14.003245101449995,5.383768908106874,19.168126466831435,0.40746734920772126,1.0,0.6587497672447701,0.9999999999999997,0.9885098200787855,0.6587497672447701,0,nominal,0.0,0.0,0.0,0.0,0.0,0.0,0.0,0.0,0.0,0.0,0.0,0.0,0.0,0.0
10600,2682.1195144106523,89.02852303703582,1126.85,84.95715518085484,55.1995022172297,14.003245101449995,5.383681218417277,19.167814260440576,0.40746734920772126,1.0,0.6588204408821713,0.9999999999999997,0.9885098200787855,0.6588204408821713,0,nominal,0.0,0.0,0.0,0.0,0.0,0.0,0.0,0.0,0.0,0.0,0.0,0.0,0.0,0.0
10650,2682.1195144106523,89.02250250659824,1126.85,84.95471129322925,55.20308932585911,14.003245101449995,5.383593540507354,19.16750209598953,0.40746734920772126,1.0,0.6588911044316925,0.9999999999999997,0.9885098200787855,0.6588911044316925,0,nominal,0.0,0.0,0.0,0.0,0.0,0.0,0.0,0.0,0.0,0.0,0.0,0.0,0.0,0.0
10700,2682.1195144106523,89.01648421625902,1126.85,84.9522679616556,55.206675921918546,14.003245101449995,5.38350587438833,19.167189973518266,0.40746734920772126,1.0,0.658961757883941,0.9999999999999997,0.9885098200787855,0.658961757883941,0,nominal,0.0,0.0,0.0,0.0,0.0,0.0,0.0,0.0,0.0,0.0,0.0,0.0,0.0,0.0
10750,2682.1195144106523,89.01046816515787,1126.85,84.9498251863173,55.21026200493211,14.003245101449995,5.3834182200714125,19.166877893066687,0.40746734920772126,1.0,0.659032401229542,0.9999999999999997,0.9885098200787855,0.659032401229542,0,nominal,0.0,0.0,0.0,0.0,0.0,0.0,0.0,0.0,0.0,0.0,0.0,0.0,0.0,0.0
10800,2682.1195144106523,89.00445435243483,1126.85,84.94738296739735,55.2138475744245,14.003245101449995,5.383330577567793,19.166565854674637,0.40746734920772126,1.0,0.6591030344591323,0.9999999999999997,0.9885098200787855,0.6591030344591323,0,nominal,0.0,0.0,0.0,0.0,0.0,0.0,0.0,0.0,0.0,0.0,0.0,0.0,0.0,0.0
10850,2682.1195144106523,88.99844277723037,1126.85,84.94494130507826,55.21743262992082,14.003245101449995,5.383242946888653,19.16625385838193,0.40746734920772126,1.0,0.659173657563357,0.9999999999999997,0.9885098200787855,0.659173657563357,0,nominal,0.0,0.0,0.0,0.0,0.0,0.0,0.0,0.0,0.0,0.0,0.0,0.0,0.0,0.0
10900,2682.1195144106523,88.99243343868523,1126.85,84.94250019954205,55.22101717094679,14.003245101449995,5.383155328045163,19.16594190422833,0.40746734920772126,1.0,0.6592442705328729,0.9999999999999997,0.9885098200787855,0.6592442705328729,0,nominal,0.0,0.0,0.0,0.0,0.0,0.0,0.0,0.0,0.0,0.0,0.0,0.0,0.0,0.0
10950,2682.1195144106523,88.98642633594062,1126.85,84.94005965097028,55.2246011970289,14.003245101449995,5.3830677210484685,19.165629992253525,0.40746734920772126,1.0,0.6593148733583525,0.9999999999999997,0.9885098200787855,0.6593148733583525,0,nominal,0.0,0.0,0.0,0.0,0.0,0.0,0.0,0.0,0.0,0.0,0.0,0.0,0.0,0.0
11000,2682.1195144106523,88.9804214681381,1126.85,84.93761965954411,55.228184707694105,14.003245101449995,5.382980125909709,19.165318122497176,0.40746734920772126,1.0,0.6593854660304768,0.9999999999999997,0.9885098200787855,0.6593854660304768,0,nominal,0.0,0.0,0.0,0.0,0.0,0.0,0.0,0.0,0.0,0.0,0.0,0.0,0.0,0.0
11050,2682.1195144106523,88.97441883441957,1126.85,84.93518022544418,55.23176770246996,14.003245101449995,5.382892542640009,19.165006294998886,0.40746734920772126,1.0,0.659456048539939,0.9999999999999997,0.9885098200787855,0.659456048539939,0,nominal,0.0,0.0,0.0,0.0,0.0,0.0,0.0,0.0,0.0,0.0,0.0,0.0,0.0,0.0
11100,2682.1195144106523,88.96841843392724,1126.85,84.93274134885064,55.23535018088457,14.003245101449995,5.382804971250478,19.16469450979821,0.40746734920772126,1.0,0.6595266208774433,0.9999999999999997,0.9885098200787855,0.6595266208774433,0,nominal,0.0,0.0,0.0,0.0,0.0,0.0,0.0,0.0,0.0,0.0,0.0,0.0,0.0,0.0
11150,2682.1195144106523,88.96242026580376,1126.85,84.93030302994327,55.238932142466844,14.003245101449995,5.382717411752205,19.16438276693463,0.40746734920772126,1.0,0.6595971830337092,0.9999999999999997,0.9885098200787855,0.6595971830337092,0,nominal,0.0,0.0,0.0,0.0,0.0,0.0,0.0,0.0,0.0,0.0,0.0,0.0,0.0,0.0
11200,2682.1195144106523,88.95642432919215,1126.85,84.92786526890137,55.24251358674595,14.003245101449995,5.382629864156277,19.16407106644762,0.40746734920772126,1.0,0.6596677349994621,0.9999999999999997,0.9885098200787855,0.6596677349994621,0,nominal,0.0,0.0,0.0,0.0,0.0,0.0,0.0,0.0,0.0,0.0,0.0,0.0,0.0,0.0
11250,2682.1195144106523,88.95043062323577,1126.85,84.92542806590376,55.24609451325184,14.003245101449995,5.3825423284737575,19.163759408376563,0.40746734920772126,1.0,0.6597382767654419,0.9999999999999997,0.9885098200787855,0.6597382767654419,0,nominal,0.0,0.0,0.0,0.0,0.0,0.0,0.0,0.0,0.0,0.0,0.0,0.0,0.0,0.0
11300,2682.1195144106523,88.9444391470783,1126.85,84.92299142112876,55.24967492151506,14.003245101449995,5.3824548047157,19.163447792760827,0.40746734920772126,1.0,0.659808808322401,0.9999999999999997,0.9885098200787855,0.659808808322401,0,nominal,0.0,0.0,0.0,0.0,0.0,0.0,0.0,0.0,0.0,0.0,0.0,0.0,0.0,0.0
11350,2682.1195144106523,88.93844989986388,1126.85,84.92055533475428,55.25325481106667,14.003245101449995,5.382367292893141,19.163136219639693,0.40746734920772126,1.0,0.6598793296611016,0.9999999999999997,0.9885098200787855,0.6598793296611016,0,nominal,0.0,0.0,0.0,0.0,0.0,0.0,0.0,0.0,0.0,0.0,0.0,0.0,0.0,0.0
11400,2682.1195144106523,88.93246288073698,1126.85,84.9181198069578,55.2568341814385,14.003245101449995,5.382279793017106,19.16282468905242,0.40746734920772126,1.0,0.6599498407723209,0.9999999999999997,0.9885098200787855,0.6599498407723209,0,nominal,0.0,0.0,0.0,0.0,0.0,0.0,0.0,0.0,0.0,0.0,0.0,0.0,0.0,0.0
11450,2682.1195144106523,88.92647808884237,1126.85,84.91568483791633,55.260413032162674,14.003245101449995,5.3821923050986005,19.162513201038198,0.40746734920772126,1.0,0.6600203416468423,0.9999999999999997,0.9885098200787855,0.6600203416468423,0,nominal,0.0,0.0,0.0,0.0,0.0,0.0,0.0,0.0,0.0,0.0,0.0,0.0,0.0,0.0
11500,2682.1195144106523,88.92049552332526,1126.85,84.91325042780636,55.2639913627721,14.003245101449995,5.382104829148628,19.162201755636193,0.40746734920772126,1.0,0.6600908322754642,0.9999999999999997,0.9885098200787855,0.6600908322754642,0,nominal,0.0,0.0,0.0,0.0,0.0,0.0,0.0,0.0,0.0,0.0,0.0,0.0,0.0,0.0
11550,2682.1195144106523,88.91451518333116,1126.85,84.910816576804,55.26756917280031,14.003245101449995,5.382017365178161,19.16189035288548,0.40746734920772126,1.0,0.6601613126489974,0.9999999999999997,0.9885098200787855,0.6601613126489974,0,nominal,0.0,0.0,0.0,0.0,0.0,0.0,0.0,0.0,0.0,0.0,0.0,0.0,0.0,0.0
11600,2682.1195144106523,88.90853706800601,1126.85,84.90838328508488,55.271146461781264,14.003245101449995,5.381929913198172,19.161578992825113,0.40746734920772126,1.0,0.6602317827582617,0.9999999999999997,0.9885098200787855,0.6602317827582617,0,nominal,0.0,0.0,0.0,0.0,0.0,0.0,0.0,0.0,0.0,0.0,0.0,0.0,0.0,0.0
11650,2682.1195144106523,88.90256117649614,1126.85,84.90595055282415,55.274723229249545,14.003245101449995,5.3818424732196135,19.161267675494102,0.40746734920772126,1.0,0.6603022425940882,0.9999999999999997,0.9885098200787855,0.6603022425940882,0,nominal,0.0,0.0,0.0,0.0,0.0,0.0,0.0,0.0,0.0,0.0,0.0,0.0,0.0,0.0
11700,2682.1195144106523,88.89658750794814,1126.85,84.90351838019654,55.27829947474057,14.003245101449995,5.381755045253423,19.16095640093138,0.40746734920772126,1.0,0.6603726921473252,0.9999999999999997,0.9885098200787855,0.6603726921473252,0,nominal,0.0,0.0,0.0,0.0,0.0,0.0,0.0,0.0,0.0,0.0,0.0,0.0,0.0,0.0
11750,2682.1195144106523,88.89061606150898,1126.85,84.90108676737634,55.28187519778993,14.003245101449995,5.381667629310528,19.16064516917585,0.40746734920772126,1.0,0.6604431314088243,0.9999999999999997,0.9885098200787855,0.6604431314088243,0,nominal,0.0,0.0,0.0,0.0,0.0,0.0,0.0,0.0,0.0,0.0,0.0,0.0,0.0,0.0
11800,2682.1195144106523,88.88464683632606,1126.85,84.89865571453737,55.28545039793415,14.003245101449995,5.381580225401836,19.160333980266355,0.40746734920772126,1.0,0.660513560369455,0.9999999999999997,0.9885098200787855,0.660513560369455,0,nominal,0.0,0.0,0.0,0.0,0.0,0.0,0.0,0.0,0.0,0.0,0.0,0.0,0.0,0.0
11850,2682.1195144106523,88.87867983154712,1126.85,84.896225221853,55.28902507471007,14.003245101449995,5.381492833538248,19.160022834241698,0.40746734920772126,1.0,0.6605839790200936,0.9999999999999997,0.9885098200787855,0.6605839790200936,0,nominal,0.0,0.0,0.0,0.0,0.0,0.0,0.0,0.0,0.0,0.0,0.0,0.0,0.0,0.0
11900,2682.1195144106523,88.87271504632025,1126.85,84.8937952894961,55.29259922765534,14.003245101449995,5.381405453730646,19.159711731140625,0.40746734920772126,1.0,0.6606543873516321,0.9999999999999997,0.9885098200787855,0.6606543873516321,0,nominal,0.0,0.0,0.0,0.0,0.0,0.0,0.0,0.0,0.0,0.0,0.0,0.0,0.0,0.0
11950,2682.1195144106523,88.86675247979389,1126.85,84.89136591763918,55.29617285630809,14.003245101449995,5.3813180859898955,19.159400671001826,0.40746734920772126,1.0,0.6607247853549719,0.9999999999999997,0.9885098200787855,0.6607247853549719,0,nominal,0.0,0.0,0.0,0.0,0.0,0.0,0.0,0.0,0.0,0.0,0.0,0.0,0.0,0.0
12000,2682.1195144106523,88.86079213111685,1126.85,84.8889371064542,55.29974596020697,14.003245101449995,5.381230730326855,19.159089653863955,0.40746734920772126,1.0,0.660795173021025,0.9999999999999997,0.9885098200787855,0.660795173021025,0,nominal,0.0,0.0,0.0,0.0,0.0,0.0,0.0,0.0,0.0,0.0,0.0,0.0,0.0,0.0
12050,2682.1195144106523,88.85482763936449,1126.85,84.88650302142293,55.30331853889141,14.011783532039832,5.377783548286228,19.14681646338406,0.4073369414349584,1.0,0.660865550340718,0.9969542396929374,0.988662328056684,0.660865550340718,1,injector_degradation,0.0013541666666666667,0.0013541666666666667,0.0,0.0,0.0,0.0,0.0,0.0,0.0,0.0,0.000609375,0.0,0.0,0.0
12100,2682.1195144106523,88.84885900169667,1126.85,84.88406366260818,55.30689917532281,14.020332381539996,5.3743334436396974,19.134532867390753,0.40720644137263756,1.0,0.660936086392432,0.9939107114921307,0.9888147114020042,0.660936086392432,1,injector_degradation,0.0027083333333333334,0.0027083333333333334,0.0,0.0,0.0,0.0,0.0,0.0,0.0,0.0,0.00121875,0.0,0.0,0.0
12150,2682.1195144106523,88.84288621527782,1126.85,84.88161903007523,55.31048787136283,14.028891669032442,5.370880417926427,19.122238871364008,0.40707584912821976,1.0,0.6610067812128398,0.9908694194856225,0.9889669701147461,0.6610067812128398,1,injector_degradation,0.0040625,0.0040625,0.0,0.0,0.0,0.0,0.0,0.0,0.0,0.0,0.001828125,0.0,0.0,0.0
12200,2682.1195144106523,88.83690927727685,1126.85,84.87916912389176,55.31408462887356,14.037461413645756,5.367424472685787,19.109934480784524,0.4069451648092549,1.0,0.6610776348386239,0.9878303677714426,0.9891191041949102,0.6610776348386239,1,injector_degradation,0.005416666666666667,0.005416666666666667,0.0,0.0,0.0,0.0,0.0,0.0,0.0,0.0,0.0024375,0.0,0.0,0.0
12250,2682.1195144106523,88.83092818486728,1126.85,84.8767139441278,55.3176894497177,14.04604163455528,5.363965609457335,19.09761970113367,0.40681438852338103,1.0,0.6611486473064778,0.9847935604576441,0.9892711136424959,0.6611486473064778,1,injector_degradation,0.0067708333333333336,0.0067708333333333336,0.0,0.0,0.0,0.0,0.0,0.0,0.0,0.0,0.003046875,0.0,0.0,0.0
12300,2682.1195144106523,88.82494293522706,1126.85,84.87425349085584,55.32130233575873,14.054632350983276,5.360503829780826,19.085294537893528,0.4066835203783255,1.0,0.661219818653111,0.9817590016623278,0.9894229984575035,0.661219818653111,1,injector_degradation,0.008125,0.008125,0.0,0.0,0.0,0.0,0.0,0.0,0.0,0.0,0.00365625,0.0,0.0,0.0
12350,2682.1195144106523,88.81895352553869,1126.85,84.87178776415078,55.32492328886062,14.063233582199063,5.357039135196212,19.072958996546863,0.4065525604819046,1.0,0.6612911489152421,0.978726695513675,0.9895747586399329,0.6612911489152421,1,injector_degradation,0.009479166666666667,0.009479166666666667,0.0,0.0,0.0,0.0,0.0,0.0,0.0,0.0,0.004265625,0.0,0.0,0.0
12400,2682.1195144106523,88.81295995298922,1126.85,84.86931676408994,55.32855231088786,14.07184534751915,5.353571527243645,19.06061308257717,0.4064215089420234,1.0,0.6613626381296006,0.9756966461499812,0.9897263941897843,0.6613626381296006,1,injector_degradation,0.010833333333333334,0.010833333333333334,0.0,0.0,0.0,0.0,0.0,0.0,0.0,0.0,0.004875,0.0,0.0,0.0
12450,2682.1195144106523,88.80696221477018,1126.85,84.86684049075308,55.332189403705684,14.080467666307399,5.350101007463456,19.048256801468572,0.4062903658666762,1.0,0.6614342863329302,0.972668857719681,0.9898779051070574,0.6614342863329302,1,injector_degradation,0.0121875,0.0121875,0.0,0.0,0.0,0.0,0.0,0.0,0.0,0.0,0.0054843750000000005,0.0,0.0,0.0
12500,2682.1195144106523,88.8009603080776,1126.85,84.86435894422226,55.335834569179674,14.089100557975154,5.346627577396197,19.035890158705982,0.4061591313639474,1.0,0.6615060935619814,0.9696433343813866,0.9900292913917524,0.6615060935619814,1,injector_degradation,0.013541666666666667,0.013541666666666667,0.0,0.0,0.0,0.0,0.0,0.0,0.0,0.0,0.00609375,0.0,0.0,0.0
12550,2682.1195144106523,88.79495423011213,1126.85,84.86187212458208,55.33948780917635,14.097744041981402,5.343151238582592,19.023513159774915,0.40602780554201007,1.0,0.6615780598535236,0.9666200803039116,0.9901805530438693,0.6615780598535236,1,injector_degradation,0.014895833333333332,0.014895833333333332,0.0,0.0,0.0,0.0,0.0,0.0,0.0,0.0,0.006703125,0.0,0.0,0.0
12600,2682.1195144106523,88.7889439780788,1126.85,84.85938003191944,55.34314912556247,14.1063981378329,5.339671992563578,19.011125810161662,0.4058963885091278,1.0,0.6616501852443305,0.9635990996663091,0.9903316900634078,0.6616501852443305,1,injector_degradation,0.01625,0.01625,0.0,0.0,0.0,0.0,0.0,0.0,0.0,0.0,0.0073125,0.0,0.0,0.0
12650,2682.1195144106523,88.78292954918732,1126.85,84.85688266632377,55.3468185202057,14.115062865084335,5.336189840880276,18.998728115353156,0.40576488037365377,1.0,0.6617224697711939,0.960580396657899,0.9904827024503684,0.6617224697711939,1,injector_degradation,0.017604166666666667,0.017604166666666667,0.0,0.0,0.0,0.0,0.0,0.0,0.0,0.0,0.007921875,0.0,0.0,0.0
12700,2682.1195144106523,88.77691094065176,1126.85,84.85438002788675,55.35049599497393,14.123738243338474,5.332704785074007,18.986320080837054,0.40563328124403103,1.0,0.6617949134709099,0.9575639754782993,0.9906335902047506,0.6617949134709099,1,injector_degradation,0.018958333333333334,0.018958333333333334,0.0,0.0,0.0,0.0,0.0,0.0,0.0,0.0,0.00853125,0.0,0.0,0.0
12750,2682.1195144106523,88.77088814969073,1126.85,84.85187211670262,55.354181551735984,14.13242429224631,5.329216826686286,18.973901712101686,0.40550159122879315,1.0,0.6618675163802928,0.9545498403374592,0.9907843533265548,0.6618675163802928,1,injector_degradation,0.0203125,0.0203125,0.0,0.0,0.0,0.0,0.0,0.0,0.0,0.0,0.009140625000000001,0.0,0.0,0.0
12800,2682.1195144106523,88.76486117352738,1126.85,84.84935893286791,55.35787519236104,14.141121031507188,5.32572596725883,18.961473014636113,0.405369810436564,1.0,0.6619402785361647,0.951537995455693,0.9909349918157807,0.6619402785361647,1,injector_degradation,0.021666666666666667,0.021666666666666667,0.0,0.0,0.0,0.0,0.0,0.0,0.0,0.0,0.00975,0.0,0.0,0.0
12850,2682.1195144106523,88.75883000938938,1126.85,84.8468404764817,55.361576918718924,14.149828480868997,5.322232208333538,18.949033993930044,0.405237938976058,1.0,0.6620131999753592,0.9485284450637065,0.9910855056724287,0.6620131999753592,1,injector_degradation,0.023020833333333334,0.023020833333333334,0.0,0.0,0.0,0.0,0.0,0.0,0.0,0.0,0.010359375,0.0,0.0,0.0
12900,2682.1195144106523,88.75279465450882,1126.85,84.84431674764534,55.36528673267997,14.158546660128275,5.318735551452515,18.936584655473926,0.40510597695607997,1.0,0.662086280734721,0.9455211934026352,0.9912358948964982,0.662086280734721,1,injector_degradation,0.024375,0.024375,0.0,0.0,0.0,0.0,0.0,0.0,0.0,0.0,0.010968750000000001,0.0,0.0,0.0
12950,2682.1195144106523,88.74675510612241,1126.85,84.84178774646261,55.369004636115164,14.167275589130394,5.315235998158056,18.924125004758867,0.4049739244855258,1.0,0.6621595208511071,0.9425162447240707,0.9913861594879897,0.6621595208511071,1,injector_degradation,0.025729166666666668,0.025729166666666668,0.0,0.0,0.0,0.0,0.0,0.0,0.0,0.0,0.011578125,0.0,0.0,0.0
13000,2682.1195144106523,88.74071136147126,1126.85,84.83925347303978,55.372730630896086,14.176015287769687,5.31173354999266,18.91165504727671,0.4048417816733829,1.0,0.6622329203613863,0.9395136032900979,0.9915362994469031,0.6622329203613863,1,injector_degradation,0.027083333333333334,0.027083333333333334,0.0,0.0,0.0,0.0,0.0,0.0,0.0,0.0,0.0121875,0.0,0.0,0.0
13050,2682.1195144106523,88.73466341780107,1126.85,84.83671392748545,55.376464718894745,14.18476577598961,5.308228208499005,18.89917478851995,0.40470954862872893,1.0,0.6623064793024358,0.936513273373324,0.9916863147732383,0.6623064793024358,1,injector_degradation,0.028437499999999998,0.028437499999999998,0.0,0.0,0.0,0.0,0.0,0.0,0.0,0.0,0.012796875,0.0,0.0,0.0
13100,2682.1195144106523,88.72861127236195,1126.85,84.83416910991065,55.380206901983776,14.193527073782894,5.304719975219985,18.886684233981814,0.40457722546073355,1.0,0.6623801977111455,0.9335152592569133,0.9918362054669954,0.6623801977111455,1,injector_degradation,0.029791666666666664,0.029791666666666664,0.0,0.0,0.0,0.0,0.0,0.0,0.0,0.0,0.01340625,0.0,0.0,0.0
13150,2682.1195144106523,88.72255492240856,1126.85,84.83161902042883,55.383957182036426,14.202299201191696,5.30120885169867,18.874183389156197,0.40444481227865753,1.0,0.6624540756244169,0.9305195652346163,0.9919859715281742,0.6624540756244169,1,injector_degradation,0.031145833333333338,0.031145833333333338,0.0,0.0,0.0,0.0,0.0,0.0,0.0,0.0,0.014015625000000002,0.0,0.0,0.0
13200,2682.1195144106523,88.71649436520005,1126.85,84.82906365915579,55.387715560926445,14.211082178307743,5.297694839478336,18.861672259537702,0.4043123091918536,1.0,0.6625281130791615,0.9275261956108082,0.992135612956775,0.6625281130791615,1,injector_degradation,0.0325,0.0325,0.0,0.0,0.0,0.0,0.0,0.0,0.0,0.0,0.014625,0.0,0.0,0.0
13250,2682.1195144106523,88.71042959800002,1126.85,84.82650302620982,55.3914820405282,14.219876025272505,5.294177940102447,18.849150850621605,0.4041797163097662,1.0,0.6626023101123032,0.9245351547005153,0.9922851297527977,0.6626023101123032,1,injector_degradation,0.03385416666666667,0.03385416666666667,0.0,0.0,0.0,0.0,0.0,0.0,0.0,0.0,0.015234375000000003,0.0,0.0,0.0
13300,2682.1195144106523,88.70436061807658,1126.85,84.8239371217116,55.395256622716495,14.228680762277326,5.29065815511467,18.836619167903915,0.4040470337419315,1.0,0.662676666760774,0.9215464468294537,0.9924345219162419,0.662676666760774,1,injector_degradation,0.035208333333333335,0.035208333333333335,0.0,0.0,0.0,0.0,0.0,0.0,0.0,0.0,0.01584375,0.0,0.0,0.0
13350,2682.1195144106523,88.69828742270238,1126.85,84.82136594578412,55.39903930936664,14.237496409563596,5.287135486058867,18.824077216881324,0.40391426159797833,1.0,0.6627511830615166,0.9185600763340585,0.9925837894471082,0.6627511830615166,1,injector_degradation,0.036562500000000005,0.036562500000000005,0.0,0.0,0.0,0.0,0.0,0.0,0.0,0.0,0.016453125000000002,0.0,0.0,0.0
13400,2682.1195144106523,88.69221000915445,1126.85,84.81878949855292,55.40283010235473,14.246322987422896,5.2836099344790854,18.81152500305119,0.4037813999876274,1.0,0.6628258590514885,0.9155760475615183,0.9927329323453963,0.6628258590514885,1,injector_degradation,0.03791666666666667,0.03791666666666667,0.0,0.0,0.0,0.0,0.0,0.0,0.0,0.0,0.0170625,0.0,0.0,0.0
13450,2682.1195144106523,88.68612837471443,1126.85,84.81620778014582,55.40662900355724,14.255160516197165,5.280081501919572,18.798962531911574,0.403648449020692,1.0,0.6629006947676551,0.9125943648698086,0.9928819506111062,0.6629006947676551,1,injector_degradation,0.03927083333333334,0.03927083333333334,0.0,0.0,0.0,0.0,0.0,0.0,0.0,0.0,0.017671875000000004,0.0,0.0,0.0
13500,2682.1195144106523,88.68004251666838,1126.85,84.81362079069305,55.41043601485114,14.264009016278843,5.276550189924777,18.786389808961275,0.4035154088070782,1.0,0.6629756902469914,0.909615032627725,0.9930308442442379,0.6629756902469914,1,injector_degradation,0.040625,0.040625,0.0,0.0,0.0,0.0,0.0,0.0,0.0,0.0,0.018281250000000002,0.0,0.0,0.0
13550,2682.1195144106523,88.67395243230686,1126.85,84.81102853032735,55.41425113811415,14.27286850811103,5.273016000039331,18.773806839699724,0.4033822794567849,1.0,0.6630508455264871,0.9066380552149189,0.9931796132447915,0.6630508455264871,1,injector_degradation,0.04197916666666667,0.04197916666666667,0.0,0.0,0.0,0.0,0.0,0.0,0.0,0.0,0.018890625,0.0,0.0,0.0
13600,2682.1195144106523,88.66785811892487,1126.85,84.80843099918377,55.41807437522425,14.281739012187652,5.269478933808074,18.76121362962709,0.40324906107990366,1.0,0.6631261606431371,0.9036634370219278,0.9933282576127669,0.6631261606431371,1,injector_degradation,0.043333333333333335,0.043333333333333335,0.0,0.0,0.0,0.0,0.0,0.0,0.0,0.0,0.0195,0.0,0.0,0.0
13650,2682.1195144106523,88.66175957382188,1126.85,84.80582819739982,55.42190572806013,14.29062054905362,5.265938992776028,18.748610184244207,0.40311575378661935,1.0,0.6632016356339505,0.9006911824502095,0.9934767773481642,0.6632016356339505,1,injector_degradation,0.044687500000000005,0.044687500000000005,0.0,0.0,0.0,0.0,0.0,0.0,0.0,0.0,0.020109375000000002,0.0,0.0,0.0
13700,2682.1195144106523,88.65565679430193,1126.85,84.80322012511533,55.425745198500934,14.29951313930497,5.262396178488416,18.735996509052615,0.4029823576872102,1.0,0.6632772705359448,0.89772129591218,0.9936251724509834,0.6632772705359448,1,injector_degradation,0.04604166666666667,0.04604166666666667,0.0,0.0,0.0,0.0,0.0,0.0,0.0,0.0,0.02071875,0.0,0.0,0.0
13750,2682.1195144106523,88.64954977767349,1126.85,84.80060678247264,55.42959278842643,14.308416803589042,5.258850492490658,18.72337260955456,0.4028488728920479,1.0,0.6633530653861505,0.8947537818312442,0.9937734429212243,0.6633530653861505,1,injector_degradation,0.04739583333333334,0.04739583333333334,0.0,0.0,0.0,0.0,0.0,0.0,0.0,0.0,0.021328125000000003,0.0,0.0,0.0
13800,2682.1195144106523,88.64343852124944,1126.85,84.79798816961642,55.43344849971674,14.317331562604634,5.255301936328362,18.710738491252954,0.4027152995115974,1.0,0.6634290202216042,0.8917886446418296,0.9939215887588871,0.6634290202216042,1,injector_degradation,0.04875,0.04875,0.0,0.0,0.0,0.0,0.0,0.0,0.0,0.0,0.021937500000000002,0.0,0.0,0.0
13850,2682.1195144106523,88.63732302234718,1126.85,84.79536428669377,55.43731233425267,14.326257437102155,5.2517505115473355,18.698094159651415,0.4025816376564184,1.0,0.6635051350793568,0.8888258887894241,0.9940696099639715,0.6635051350793568,1,injector_degradation,0.05010416666666667,0.05010416666666667,0.0,0.0,0.0,0.0,0.0,0.0,0.0,0.0,0.022546875000000004,0.0,0.0,0.0
13900,2682.1195144106523,88.63120327828864,1126.85,84.7927351338542,55.441184293915434,14.335194447883804,5.248196219693585,18.68543962025428,0.4024478874371635,1.0,0.6635814099964671,0.8858655187306052,0.9942175065364781,0.6635814099964671,1,injector_degradation,0.051458333333333335,0.051458333333333335,0.0,0.0,0.0,0.0,0.0,0.0,0.0,0.0,0.02315625,0.0,0.0,0.0
13950,2682.1195144106523,88.62507928640014,1126.85,84.79010071124952,55.44506438058678,14.344142615803703,5.244639062313303,18.672774878566536,0.4023140489645799,1.0,0.6636578450100037,0.8829075389330815,0.9943652784764064,0.6636578450100037,1,injector_degradation,0.052812500000000005,0.052812500000000005,0.0,0.0,0.0,0.0,0.0,0.0,0.0,0.0,0.023765625000000002,0.0,0.0,0.0
14000,2682.1195144106523,88.61895104401242,1126.85,84.78746101903408,55.448952596149056,14.353101961768091,5.241079040952872,18.66009994009386,0.402180122349509,1.0,0.6637344401570481,0.8799519538757203,0.9945129257837565,0.6637344401570481,1,injector_degradation,0.05416666666666667,0.05416666666666667,0.0,0.0,0.0,0.0,0.0,0.0,0.0,0.0,0.024375,0.0,0.0,0.0
14050,2682.1195144106523,88.61281854846084,1126.85,84.7848160573646,55.45284894248502,14.362072506735466,5.237516157158889,18.64741481034268,0.40204610770288707,1.0,0.6638111954746891,0.876998768048588,0.9946604484585285,0.6638111954746891,1,injector_degradation,0.05552083333333334,0.05552083333333334,0.0,0.0,0.0,0.0,0.0,0.0,0.0,0.0,0.024984375000000003,0.0,0.0,0.0
14100,2682.1195144106523,88.60668179708512,1126.85,84.7821658264001,55.45675342147799,14.371054271716746,5.233950412478127,18.634719494820065,0.40191200513574454,1.0,0.6638881110000266,0.8740479859529837,0.9948078465007224,0.6638881110000266,1,injector_degradation,0.056874999999999995,0.056874999999999995,0.0,0.0,0.0,0.0,0.0,0.0,0.0,0.0,0.02559375,0.0,0.0,0.0
14150,2682.1195144106523,88.60054078722942,1126.85,84.77951032630216,55.46066603501173,14.380047277775454,5.2303818084575635,18.622013999033793,0.4017778147592068,1.0,0.6639651867701696,0.8710996121014712,0.9949551199103381,0.6639651867701696,1,injector_degradation,0.05822916666666667,0.05822916666666667,0.0,0.0,0.0,0.0,0.0,0.0,0.0,0.0,0.026203125000000004,0.0,0.0,0.0
14200,2682.1195144106523,88.5943955162424,1126.85,84.77684955723464,55.46458678497053,14.389051546027867,5.226810346644361,18.60929832849232,0.4016435366844942,1.0,0.6640424228222372,0.8681536510179176,0.9951022686873755,0.6640424228222372,1,injector_degradation,0.05958333333333333,0.05958333333333333,0.0,0.0,0.0,0.0,0.0,0.0,0.0,0.0,0.0268125,0.0,0.0,0.0
14250,2682.1195144106523,88.5882459814772,1126.85,84.77418351936382,55.46851567323911,14.39806709764318,5.223236028585888,18.596572488704822,0.40150917102292216,1.0,0.6641198191933574,0.8652101072375284,0.9952492928318348,0.6641198191933574,1,injector_degradation,0.060937500000000006,0.060937500000000006,0.0,0.0,0.0,0.0,0.0,0.0,0.0,0.0,0.027421875000000002,0.0,0.0,0.0
14300,2682.1195144106523,88.5820921802914,1126.85,84.7715122128584,55.47245270170287,14.407093953843676,5.219658855829703,18.583836485181152,0.401374717885902,1.0,0.6641973759206707,0.8622689853068832,0.9953961923437161,0.6641973759206707,1,injector_degradation,0.062291666666666676,0.062291666666666676,0.0,0.0,0.0,0.0,0.0,0.0,0.0,0.0,0.028031250000000004,0.0,0.0,0.0
14350,2682.1195144106523,88.575934110047,1126.85,84.76883563788942,55.47639787224754,14.416132135904894,5.21607882992355,18.571090323431836,0.40124017738493956,1.0,0.6642750930413251,0.8593302897839691,0.995542967223019,0.6642750930413251,1,injector_degradation,0.06364583333333333,0.06364583333333333,0.0,0.0,0.0,0.0,0.0,0.0,0.0,0.0,0.028640625,0.0,0.0,0.0
14400,2682.1195144106523,88.56977176811051,1126.85,84.76615379463044,55.480351186759435,14.425181665155801,5.21249595241538,18.558334008968124,0.40110554963163725,1.0,0.6643529705924797,0.8563940252382177,0.9956896174697439,0.6643529705924797,1,injector_degradation,0.065,0.065,0.0,0.0,0.0,0.0,0.0,0.0,0.0,0.0,0.02925,0.0,0.0,0.0
14450,2682.1195144106523,88.56360515185287,1126.85,84.76346668325732,55.48431264712518,14.434242562978945,5.208910224853333,18.545567547301943,0.4009708347376926,1.0,0.6644310086112994,0.853460196250543,0.9958361430838907,0.6644310086112994,1,injector_degradation,0.06635416666666667,0.06635416666666667,0.0,0.0,0.0,0.0,0.0,0.0,0.0,0.0,0.029859375000000004,0.0,0.0,0.0
14500,2682.1195144106523,88.55743425864938,1126.85,84.76077430394832,55.48828225523207,14.44331485081063,5.205321648785743,18.532790943945912,0.40083603281489977,1.0,0.6645092071349631,0.8505288074133761,0.9959825440654592,0.6645092071349631,1,injector_degradation,0.06770833333333334,0.06770833333333334,0.0,0.0,0.0,0.0,0.0,0.0,0.0,0.0,0.030468750000000006,0.0,0.0,0.0
14550,2682.1195144106523,88.55125908587996,1126.85,84.75807665688416,55.492260012967755,14.452398550141096,5.201730225761137,18.52000420441334,0.40070114397514855,1.0,0.6645875662006557,0.8475998633306996,0.9961288204144494,0.6645875662006557,1,injector_degradation,0.0690625,0.0690625,0.0,0.0,0.0,0.0,0.0,0.0,0.0,0.0,0.031078125,0.0,0.0,0.0
14600,2682.1195144106523,88.54507963092885,1126.85,84.75537374224785,55.49624592222047,14.461493682514678,5.198135957328242,18.507207334218236,0.40056616833042563,1.0,0.6646660858455743,0.8446733686180853,0.9962749721308617,0.6646660858455743,1,injector_degradation,0.07041666666666667,0.07041666666666667,0.0,0.0,0.0,0.0,0.0,0.0,0.0,0.0,0.0316875,0.0,0.0,0.0
14650,2682.1195144106523,88.53889589118478,1126.85,84.7526655602249,55.50023998487885,14.470600269529971,5.194538845035969,18.494400338875277,0.40043110599281373,1.0,0.6647447661069238,0.8417493279027332,0.9964209992146957,0.6647447661069238,1,injector_degradation,0.07177083333333334,0.07177083333333334,0.0,0.0,0.0,0.0,0.0,0.0,0.0,0.0,0.032296875,0.0,0.0,0.0
14700,2682.1195144106523,88.5327078640409,1126.85,84.74995211100321,55.50424220283201,14.47971833284001,5.190938890433434,18.481583223899868,0.40029595707449267,1.0,0.6648236070219183,0.8388277458235046,0.9965669016659517,0.6648236070219183,1,injector_degradation,0.07312500000000001,0.07312500000000001,0.0,0.0,0.0,0.0,0.0,0.0,0.0,0.0,0.032906250000000005,0.0,0.0,0.0
14750,2682.1195144106523,88.52651554689481,1126.85,84.74723339477299,55.508252577969365,14.488847894152448,5.187336095069943,18.468755994808085,0.4001607216877389,1.0,0.6649026086277781,0.835908627030959,0.9967126794846295,0.6649026086277781,1,injector_degradation,0.07447916666666667,0.07447916666666667,0.0,0.0,0.0,0.0,0.0,0.0,0.0,0.0,0.033515625,0.0,0.0,0.0
14800,2682.1195144106523,88.52031893714855,1126.85,84.74450941172694,55.51227111218115,14.497988975229708,5.183730460494991,18.45591865711668,0.4000253999449259,1.0,0.6649817709617393,0.8329919761873947,0.9968583326707289,0.6649817709617393,1,injector_degradation,0.07583333333333334,0.07583333333333334,0.0,0.0,0.0,0.0,0.0,0.0,0.0,0.0,0.034125,0.0,0.0,0.0
14850,2682.1195144106523,88.51411803220861,1126.85,84.74178016206008,55.51629780735774,14.507141597889174,5.180121988258276,18.44307121634312,0.39988999195852476,1.0,0.6650610940610411,0.8300777979668812,0.9970038612242502,0.6650610940610411,1,injector_degradation,0.07718749999999999,0.07718749999999999,0.0,0.0,0.0,0.0,0.0,0.0,0.0,0.0,0.034734375,0.0,0.0,0.0
14900,2682.1195144106523,88.50791282948592,1126.85,84.7390456459699,55.520332665390114,14.516305784003363,5.176510679909682,18.43021367800556,0.39975449784110345,1.0,0.6651405779629347,0.827166097055298,0.9971492651451935,0.6651405779629347,1,injector_degradation,0.07854166666666668,0.07854166666666668,0.0,0.0,0.0,0.0,0.0,0.0,0.0,0.0,0.03534375000000001,0.0,0.0,0.0
14950,2682.1195144106523,88.50170332639578,1126.85,84.73630586365624,55.524375688169656,14.525481555500084,5.172896536999292,18.41734604762283,0.3996189177053279,1.0,0.6652202227046786,0.8242568781503746,0.9972945444335587,0.6652202227046786,1,injector_degradation,0.07989583333333333,0.07989583333333333,0.0,0.0,0.0,0.0,0.0,0.0,0.0,0.0,0.035953125,0.0,0.0,0.0
15000,2682.1195144106523,88.49548952035803,1126.85,84.73356081532131,55.52842687758814,14.534668934362628,5.169279561077384,18.40446833071447,0.3994832516639617,1.0,0.6653000283235398,0.8213501459617252,0.9974396990893457,0.6653000283235398,1,injector_degradation,0.08125,0.08125,0.0,0.0,0.0,0.0,0.0,0.0,0.0,0.0,0.036562500000000005,0.0,0.0,0.0
15050,2682.1195144106523,88.48927140879692,1126.85,84.73081050116974,55.53248623553791,14.543867942629939,5.165659753694425,18.3915805328007,0.3993474998298664,1.0,0.665379994856796,0.8184459052108862,0.9975847291125544,0.665379994856796,1,injector_degradation,0.08260416666666666,0.08260416666666666,0.0,0.0,0.0,0.0,0.0,0.0,0.0,0.0,0.037171875,0.0,0.0,0.0
15100,2682.1195144106523,88.48304898914103,1126.85,84.72805492140856,55.536553763911705,14.553078602396798,5.162037116401074,18.37868265940241,0.3992116623160014,1.0,0.665460122341733,0.815544160631353,0.997729634503185,0.665460122341733,1,injector_degradation,0.08395833333333334,0.08395833333333334,0.0,0.0,0.0,0.0,0.0,0.0,0.0,0.0,0.03778125,0.0,0.0,0.0
15150,2682.1195144106523,88.47682225882346,1126.85,84.72529407624722,55.54062946460269,14.562300935813978,5.158411650748192,18.365774716041216,0.3990757392354249,1.0,0.6655404108156446,0.8126449169686233,0.9978744152612374,0.6655404108156446,1,injector_degradation,0.08531250000000001,0.08531250000000001,0.0,0.0,0.0,0.0,0.0,0.0,0.0,0.0,0.038390625000000005,0.0,0.0,0.0
15200,2682.1195144106523,88.47059121528167,1126.85,84.72252796589754,55.54471333950432,14.571534965088443,5.154783358286835,18.35285670823943,0.3989397307012932,1.0,0.6656208603158307,0.8097481789802288,0.9980190713867116,0.6656208603158307,1,injector_degradation,0.08666666666666667,0.08666666666666667,0.0,0.0,0.0,0.0,0.0,0.0,0.0,0.0,0.039,0.0,0.0,0.0
15250,2682.1195144106523,88.46435585595765,1126.85,84.7197565905737,55.54880539051067,14.580780712483518,5.151152240568239,18.33992864152,0.39880363682686115,1.0,0.6657014708796034,0.8068539514357769,0.9981636028796078,0.6657014708796034,1,injector_degradation,0.08802083333333333,0.08802083333333333,0.0,0.0,0.0,0.0,0.0,0.0,0.0,0.0,0.039609374999999995,0.0,0.0,0.0
15300,2682.1195144106523,88.4581161782977,1126.85,84.71697995049226,55.55290561951615,14.590038200319077,5.147518299143853,18.326990521406632,0.39866745772548307,1.0,0.665782242544281,0.8039622391169862,0.9983080097399257,0.665782242544281,1,injector_degradation,0.08937500000000001,0.08937500000000001,0.0,0.0,0.0,0.0,0.0,0.0,0.0,0.0,0.040218750000000004,0.0,0.0,0.0
15350,2682.1195144106523,88.45187217975263,1126.85,84.71419804587225,55.55701402841573,14.599307450971699,5.143881535565295,18.314042353423645,0.3985311935106114,1.0,0.665863175347193,0.8010730468177297,0.9984522919676656,0.665863175347193,1,injector_degradation,0.09072916666666667,0.09072916666666667,0.0,0.0,0.0,0.0,0.0,0.0,0.0,0.0,0.040828125,0.0,0.0,0.0
15400,2682.1195144106523,88.44562385777755,1126.85,84.71141087693502,55.561130619104645,14.60858848687487,5.1402419513844055,18.30108414309613,0.39839484429579863,1.0,0.6659442693256745,0.7981863793440699,0.9985964495628272,0.6659442693256745,1,injector_degradation,0.09208333333333334,0.09208333333333334,0.0,0.0,0.0,0.0,0.0,0.0,0.0,0.0,0.0414375,0.0,0.0,0.0
15450,2682.1195144106523,88.43937120983213,1126.85,84.70861844390436,55.56525539347854,14.617881330519168,5.136599548153193,18.2881158959498,0.398258410194696,1.0,0.6660255245170682,0.795302241514296,0.9987404825254107,0.6660255245170682,1,injector_degradation,0.09343749999999999,0.09343749999999999,0.0,0.0,0.0,0.0,0.0,0.0,0.0,0.0,0.042046875,0.0,0.0,0.0
15500,2682.1195144106523,88.43311423338042,1126.85,84.70582074700644,55.569388353433574,14.627186004452419,5.132954327423877,18.275137617511096,0.3981218913210545,1.0,0.6661069409587275,0.792420638158968,0.9988843908554161,0.6661069409587275,1,injector_degradation,0.09479166666666668,0.09479166666666668,0.0,0.0,0.0,0.0,0.0,0.0,0.0,0.0,0.04265625000000001,0.0,0.0,0.0
15550,2682.1195144106523,88.42685292589078,1126.85,84.70301778646979,55.57352950086615,14.636502531279902,5.129306290748864,18.262149313307138,0.397985287788725,1.0,0.6661885186880097,0.7895415741209515,0.9990281745528431,0.6661885186880097,1,injector_degradation,0.09614583333333333,0.09614583333333333,0.0,0.0,0.0,0.0,0.0,0.0,0.0,0.0,0.043265625,0.0,0.0,0.0
15600,2682.1195144106523,88.42058728483613,1126.85,84.7002095625254,55.577678837673346,14.645830933664524,5.125655439680754,18.24915098886574,0.3978485997116582,1.0,0.6662702577422862,0.7866650542554583,0.999171833617692,0.6662702577422862,1,injector_degradation,0.0975,0.0975,0.0,0.0,0.0,0.0,0.0,0.0,0.0,0.0,0.043875000000000004,0.0,0.0,0.0
15650,2682.1195144106523,88.41431730769364,1126.85,84.69739607540657,55.58183636575221,14.65517123432701,5.1220017757723415,18.236142649715394,0.3977118272039048,1.0,0.6663521581589275,0.7837910834300849,0.9993153680499629,0.6663521581589275,1,injector_degradation,0.09885416666666666,0.09885416666666666,0.0,0.0,0.0,0.0,0.0,0.0,0.0,0.0,0.044484375,0.0,0.0,0.0
15700,2682.1195144106523,88.40804299194502,1126.85,84.69457732534903,55.58600208700068,14.664523456046073,5.118345300576614,18.223124301385283,0.397574970379616,1.0,0.6664342199753215,0.7809196665248547,0.9994587778496556,0.6664342199753215,1,injector_degradation,0.10020833333333334,0.10020833333333334,0.0,0.0,0.0,0.0,0.0,0.0,0.0,0.0,0.04509375000000001,0.0,0.0,0.0
15750,2682.1195144106523,88.4017643350764,1126.85,84.69175331259083,55.590176003316735,14.673887621658611,5.114686015646756,18.210095949405304,0.39743802935304323,1.0,0.6665164432288573,0.778050808432255,0.9996020630167701,0.6665164432288573,1,injector_degradation,0.1015625,0.1015625,0.0,0.0,0.0,0.0,0.0,0.0,0.0,0.0,0.045703125000000004,0.0,0.0,0.0
15800,2682.1195144106523,88.39548133457822,1126.85,84.68892403737254,55.59435811659892,14.683263754059892,5.111023922536137,18.197057599305996,0.39730100423853876,1.0,0.6665988279569348,0.7751845140572776,0.9997452235513066,0.6665988279569348,1,injector_degradation,0.10291666666666667,0.10291666666666667,0.0,0.0,0.0,0.0,0.0,0.0,0.0,0.0,0.0463125,0.0,0.0,0.0
15850,2682.1195144106523,88.38919398794536,1126.85,84.68608949993705,55.598548428746064,14.692651876203742,5.107359022798326,18.184009256618623,0.39716389515055533,1.0,0.6666813741969596,0.772320788317458,0.9998882594532648,0.6666813741969596,1,injector_degradation,0.10427083333333334,0.10427083333333334,0.0,0.0,0.0,0.0,0.0,0.0,0.0,0.0,0.046921875,0.0,0.0,0.0
15900,2682.1195144106523,88.38290182391773,1126.85,84.68324927470036,55.602746941657436,14.702052011102722,5.1034626199671695,18.17013668082495,0.39701790166154066,1.0,0.6667640819863463,0.7694596361429175,0.9999971660282508,0.6667640819863463,1,injector_degradation,0.10562500000000001,0.10562500000000001,0.0,0.0,0.0,0.0,0.0,0.0,0.0,0.0,0.047531250000000004,0.0,0.0,0.0
15950,2682.1195144106523,88.37660316318056,1126.85,84.68040183879941,55.6069542880622,14.711464181828322,5.098745270822935,18.153341245038558,0.39684034874214474,1.0,0.6668469637894194,0.7666010624764029,0.9999841772876804,0.6668469637894194,1,injector_degradation,0.10697916666666667,0.10697916666666667,0.0,0.0,0.0,0.0,0.0,0.0,0.0,0.0,0.048140625,0.0,0.0,0.0
16000,2682.1195144106523,88.3702980083707,1126.85,84.67754719776707,55.61117272662309,14.720888411511162,5.094027264200901,18.136543468398045,0.3966628084625422,1.0,0.6669300641002675,0.7637450722733248,0.99997118854711,0.6669300641002675,1,injector_degradation,0.10833333333333334,0.10833333333333334,0.0,0.0,0.0,0.0,0.0,0.0,0.0,0.0,0.04875,0.0,0.0,0.0
16050,2682.1195144106523,88.36398636212459,1126.85,84.67468535713203,55.61540225225912,14.730324723341162,5.0893086002345775,18.119743351378766,0.39648528086723944,1.0,0.6670133828187982,0.7608916705017995,0.9999581998065395,0.6670133828187982,1,injector_degradation,0.10968750000000001,0.10968750000000001,0.0,0.0,0.0,0.0,0.0,0.0,0.0,0.0,0.049359375000000004,0.0,0.0,0.0
16100,2682.1195144106523,88.35766822707814,1126.85,84.67181632241903,55.61964285989998,14.73977314056774,5.084589279057178,18.102940894455,0.39630776600082135,1.0,0.6670969198451298,0.7580408621426921,0.9999452110659691,0.6670969198451298,1,injector_degradation,0.11104166666666668,0.11104166666666668,0.0,0.0,0.0,0.0,0.0,0.0,0.0,0.0,0.049968750000000006,0.0,0.0,0.0
16150,2682.1195144106523,88.3513436058667,1126.85,84.66894009914864,55.62389454448574,14.749233686500002,5.079869300801623,18.08613609809999,0.3961302639079526,1.0,0.6671806750795853,0.7551926521896546,0.9999322223253988,0.6671806750795853,1,injector_degradation,0.11239583333333333,0.11239583333333333,0.0,0.0,0.0,0.0,0.0,0.0,0.0,0.0,0.050578125,0.0,0.0,0.0
16200,2682.1195144106523,88.34501250112521,1126.85,84.66605669283751,55.628157300967175,14.758706384506942,5.075148665600525,18.069328962785885,0.39595277463337647,1.0,0.6672646484226986,0.7523470456491668,0.9999192335848284,0.6672646484226986,1,injector_degradation,0.11374999999999999,0.11374999999999999,0.0,0.0,0.0,0.0,0.0,0.0,0.0,0.0,0.0511875,0.0,0.0,0.0
16250,2682.1195144106523,88.33867491548807,1126.85,84.66316610899827,55.63243112430514,14.768191258017625,5.070427373586204,18.05251948898379,0.395775298221916,1.0,0.6673488397752021,0.7495040475405784,0.9999062448442579,0.6673488397752021,1,injector_degradation,0.11510416666666667,0.11510416666666667,0.0,0.0,0.0,0.0,0.0,0.0,0.0,0.0,0.051796875000000006,0.0,0.0,0.0
16300,2682.1195144106523,88.33233085158918,1126.85,84.66026835313937,55.636716009471094,14.777688330521382,5.065705424890691,18.035707677163785,0.395597834718474,1.0,0.6674332490380368,0.7466636628961508,0.9998932561036875,0.6674332490380368,1,injector_degradation,0.11645833333333334,0.11645833333333334,0.0,0.0,0.0,0.0,0.0,0.0,0.0,0.0,0.05240625000000001,0.0,0.0,0.0
16350,2682.1195144106523,88.32598031206192,1126.85,84.65736343076532,55.64101195144685,14.787197625567996,5.060982819645707,18.01889352779484,0.3954203841680325,1.0,0.667517876112348,0.7438258967611002,0.9998802673631172,0.667517876112348,1,injector_degradation,0.1178125,0.1178125,0.0,0.0,0.0,0.0,0.0,0.0,0.0,0.0,0.053015625000000004,0.0,0.0,0.0
16400,2682.1195144106523,88.31962329953916,1126.85,84.65445134737655,55.64531894522461,14.796719166767925,5.056259557982687,18.00207704134492,0.39524294661565423,1.0,0.6676027208994856,0.7409907541936331,0.9998672786225468,0.6676027208994856,1,injector_degradation,0.11916666666666666,0.11916666666666666,0.0,0.0,0.0,0.0,0.0,0.0,0.0,0.0,0.053625,0.0,0.0,0.0
16450,2682.1195144106523,88.31325981665327,1126.85,84.65153210846961,55.64963698580687,14.806252977792456,5.051535640032769,17.98525821828091,0.3950655221064813,1.0,0.6676877833010023,0.7381582402649969,0.9998542898819763,0.6676877833010023,1,injector_degradation,0.12052083333333334,0.12052083333333334,0.0,0.0,0.0,0.0,0.0,0.0,0.0,0.0,0.054234375,0.0,0.0,0.0
16500,2682.1195144106523,88.30688986603616,1126.85,84.64860571953687,55.653966068206394,14.81579908237394,5.046811065926796,17.968437059068666,0.3948881106857364,1.0,0.6677730632186528,0.7353283600595136,0.9998413011414059,0.6677730632186528,1,injector_degradation,0.12187500000000001,0.12187500000000001,0.0,0.0,0.0,0.0,0.0,0.0,0.0,0.0,0.054843750000000004,0.0,0.0,0.0
16550,2682.1195144106523,88.30051345031922,1126.85,84.64567218606675,55.6583061874463,14.825357504305959,5.042085835795318,17.951613564172984,0.3947107123987228,1.0,0.6678585605543962,0.7325011186746291,0.9998283124008355,0.6678585605543962,1,injector_degradation,0.12322916666666667,0.12322916666666667,0.0,0.0,0.0,0.0,0.0,0.0,0.0,0.0,0.055453125,0.0,0.0,0.0
16600,2682.1195144106523,88.29413057213333,1126.85,84.64273151354365,55.66265733855984,14.83492826744355,5.03735994976859,17.934787734057625,0.39453332729082397,1.0,0.6679442752103908,0.729676521220949,0.9998153236602652,0.6679442752103908,1,injector_degradation,0.12458333333333335,0.12458333333333335,0.0,0.0,0.0,0.0,0.0,0.0,0.0,0.0,0.05606250000000001,0.0,0.0,0.0
16650,2682.1195144106523,88.28774123410881,1126.85,84.63978370744803,55.66701951659063,14.844511395703371,5.032633407976571,17.91795956918529,0.39435595540750434,1.0,0.6680302070889994,0.7268545728222878,0.9998023349196947,0.6680302070889994,1,injector_degradation,0.1259375,0.1259375,0.0,0.0,0.0,0.0,0.0,0.0,0.0,0.0,0.056671875000000003,0.0,0.0,0.0
16700,2682.1195144106523,88.28134543887558,1126.85,84.6368287732563,55.67139271659232,14.854106913063939,5.0279062105489345,17.901129070017657,0.3941785967943093,1.0,0.6681163560927825,0.7240352786157055,0.9997893461791243,0.6681163560927825,1,injector_degradation,0.12729166666666666,0.12729166666666666,0.0,0.0,0.0,0.0,0.0,0.0,0.0,0.0,0.05728125,0.0,0.0,0.0
16750,2682.1195144106523,88.27494318906298,1126.85,84.63386671644088,55.67577693362878,14.863714843565795,5.023178357615058,17.88429623701536,0.3940012514968652,1.0,0.6682027221245016,0.7212186437515546,0.9997763574385539,0.6682027221245016,1,injector_degradation,0.12864583333333332,0.12864583333333332,0.0,0.0,0.0,0.0,0.0,0.0,0.0,0.0,0.057890624999999994,0.0,0.0,0.0
16800,2682.1195144106523,88.26853448729986,1126.85,84.63089754247017,55.68017216277405,14.873335211311732,5.01844984930403,17.867461070637997,0.39382391956087986,1.0,0.6682893050871186,0.7184046733935205,0.9997633686979834,0.6682893050871186,1,injector_degradation,0.13,0.13,0.0,0.0,0.0,0.0,0.0,0.0,0.0,0.0,0.0585,0.0,0.0,0.0
16850,2682.1195144106523,88.2621193362146,1126.85,84.62792125680863,55.68457839911235,14.88296804046697,5.013720685744645,17.850623571344126,0.39364660103214233,1.0,0.6683761048837961,0.7155933727186675,0.9997503799574131,0.6683761048837961,1,injector_degradation,0.13135416666666666,0.13135416666666666,0.0,0.0,0.0,0.0,0.0,0.0,0.0,0.0,0.059109375,0.0,0.0,0.0
16900,2682.1195144106523,88.25569773843506,1126.85,84.62493786491677,55.688995637737754,14.89261335525939,5.008990867065408,17.833783739591265,0.39346929595652325,1.0,0.6684631214178909,0.7127847469174778,0.9997373912168427,0.6684631214178909,1,injector_degradation,0.13270833333333334,0.13270833333333334,0.0,0.0,0.0,0.0,0.0,0.0,0.0,0.0,0.05971875000000001,0.0,0.0,0.0
16950,2682.1195144106523,88.24926969658861,1126.844174996645,84.62194737225104,55.69342387375464,14.902271179979707,5.004260393394534,17.81694157583591,0.39329200437997514,1.0,0.6685503545929626,0.7099788011939008,0.9997244024762723,0.6685503545929626,1,injector_degradation,0.1340625,0.1340625,0.0,0.0,0.0,0.0,0.0,0.0,0.0,0.0,0.060328125,0.0,0.0,0.0
17000,2682.1195144106523,88.2428352133021,1126.8261168270374,84.61894978426398,55.697863102277275,14.911941538981692,4.999529264859952,17.80009708053353,0.39311472634853245,1.0,0.6686378043127655,0.7071755407653906,0.9997114137357018,0.6686378043127655,1,injector_degradation,0.13541666666666669,0.13541666666666669,0.0,0.0,0.0,0.0,0.0,0.0,0.0,0.0,0.06093750000000001,0.0,0.0,0.0
17050,2682.1195144106523,88.2363942912018,1126.7960773391446,84.61594510640418,55.70231331842998,14.921624456682366,4.994797481589293,17.783250254138537,0.3929374619083114,1.0,0.6687254704812523,0.7043749708629559,0.9996984249951314,0.6687254704812523,1,injector_degradation,0.13677083333333334,0.13677083333333334,0.0,0.0,0.0,0.0,0.0,0.0,0.0,0.0,0.06154687500000001,0.0,0.0,0.0
17100,2682.1195144106523,88.2299469329136,1126.7543031974678,84.61293334411619,55.70677451734693,14.931319957562222,4.99006504370991,17.766401097104357,0.3927602111055109,1.0,0.6688133530025695,0.7015770967311982,0.9996854362545611,0.6688133530025695,1,injector_degradation,0.138125,0.138125,0.0,0.0,0.0,0.0,0.0,0.0,0.0,0.0,0.06215625,0.0,0.0,0.0
17150,2682.1195144106523,88.22349314106287,1126.7010359898272,84.60991450284064,55.711246694172495,14.941028066165407,4.985331951348863,17.749549609883363,0.39258297398641206,1.0,0.6689014517810646,0.6987819236283613,0.9996724475139908,0.6689014517810646,1,injector_degradation,0.13947916666666665,0.13947916666666665,0.0,0.0,0.0,0.0,0.0,0.0,0.0,0.0,0.06276562499999999,0.0,0.0,0.0
17200,2682.1195144106523,88.21703291827441,1126.6365123319442,84.60688858801427,55.7157298440608,14.950748807099954,4.980598204632923,17.732695792926908,0.39240575059737853,1.0,0.6689897667212774,0.695989456826371,0.9996594587734203,0.6689897667212774,1,injector_degradation,0.14083333333333334,0.14083333333333334,0.0,0.0,0.0,0.0,0.0,0.0,0.0,0.0,0.063375,0.0,0.0,0.0
17250,2682.1195144106523,88.21056626717257,1126.5609639698691,84.60385560506978,55.72022396217578,14.96048220503797,4.9758638036885765,17.71583964668533,0.39222854098485704,1.0,0.6690782977279406,0.693199701610884,0.9996464700328499,0.6690782977279406,1,injector_degradation,0.1421875,0.1421875,0.0,0.0,0.0,0.0,0.0,0.0,0.0,0.0,0.063984375,0.0,0.0,0.0
17300,2682.1195144106523,88.20409319038112,1126.4746178802948,84.600815559436,55.7247290436915,14.970228284715859,4.971128748642023,17.69898117160794,0.3920513451953769,1.0,0.6691670447059864,0.6904126632813282,0.9996334812922796,0.6691670447059864,1,injector_degradation,0.14354166666666668,0.14354166666666668,0.0,0.0,0.0,0.0,0.0,0.0,0.0,0.0,0.06459375,0.0,0.0,0.0
17350,2682.1195144106523,88.19761369052344,1126.3776963688042,84.59776845653778,55.72924508379155,14.979987070934524,4.9663930396191756,17.682120368143035,0.39187416327555064,1.0,0.6692560075605353,0.6876283471509513,0.9996204925517091,0.6692560075605353,1,injector_degradation,0.14489583333333333,0.14489583333333333,0.0,0.0,0.0,0.0,0.0,0.0,0.0,0.0,0.065203125,0.0,0.0,0.0
17400,2682.1195144106523,88.1911277702223,1126.270417166088,84.59471430179605,55.73377207766962,14.989758588559571,4.9616566767456645,17.665257236737904,0.3916969952720743,1.0,0.6693451861969061,0.6848467585468653,0.9996075038111387,0.6693451861969061,1,injector_degradation,0.14625000000000002,0.14625000000000002,0.0,0.0,0.0,0.0,0.0,0.0,0.0,0.0,0.06581250000000001,0.0,0.0,0.0
17450,2682.1195144106523,88.18463543210004,1126.1529935221847,84.59165310062775,55.738310020528985,14.99954286252154,4.956919660146832,17.64839177783881,0.39151984123172723,1.0,0.6694345805206067,0.682067902810089,0.9995945150705683,0.6694345805206067,1,injector_degradation,0.14760416666666668,0.14760416666666668,0.0,0.0,0.0,0.0,0.0,0.0,0.0,0.0,0.066421875,0.0,0.0,0.0
17500,2682.1195144106523,88.17813667877851,1126.0256342987705,84.58858485844604,55.74285890758279,15.009339917816105,4.952181989947732,17.631523991890987,0.3913427012013721,1.0,0.6695241904373394,0.6792917852955952,0.9995815263299979,0.6695241904373394,1,injector_degradation,0.14895833333333333,0.14895833333333333,0.0,0.0,0.0,0.0,0.0,0.0,0.0,0.0,0.06703125,0.0,0.0,0.0
17550,2682.1195144106523,88.17163151287895,1125.8885440595518,84.58550958066002,55.74741873405385,15.019149779504277,4.947443666273144,17.614653879338697,0.3911655752279558,1.0,0.6696140158529968,0.6765184113723579,0.9995685375894275,0.6696140158529968,1,injector_degradation,0.15031250000000002,0.15031250000000002,0.0,0.0,0.0,0.0,0.0,0.0,0.0,0.0,0.06764062500000001,0.0,0.0,0.0
17600,2682.1195144106523,88.16511993702221,1125.7419231587928,84.58242727267492,55.75198949517479,15.028972472712631,4.942704689247556,17.59778144062516,0.39098846335850906,1.0,0.6697040566736653,0.6737477864233966,0.9995555488488571,0.6697040566736653,1,injector_degradation,0.15166666666666667,0.15166666666666667,0.0,0.0,0.0,0.0,0.0,0.0,0.0,0.0,0.06825,0.0,0.0,0.0
17650,2682.1195144106523,88.15860195382857,1125.5859678280153,84.57933793989207,55.75657118618776,15.038808022633523,4.937965058995176,17.5809066761926,0.39081136564014685,1.0,0.6697943128056182,0.670979915845821,0.9995425601082867,0.6697943128056182,1,injector_degradation,0.15302083333333333,0.15302083333333333,0.0,0.0,0.0,0.0,0.0,0.0,0.0,0.0,0.068859375,0.0,0.0,0.0
17700,2682.1195144106523,88.1520775659178,1125.4208702609135,84.57624158770892,55.7611638023447,15.048656454525299,4.933224775639928,17.56402958648223,0.3906342821200682,1.0,0.669884784155322,0.668214805050878,0.9995295713677163,0.668214805050878,1,injector_degradation,0.15437499999999998,0.15437499999999998,0.0,0.0,0.0,0.0,0.0,0.0,0.0,0.0,0.06946875,0.0,0.0,0.0
17750,2682.1195144106523,88.14554677590922,1125.2468186965193,84.57313822151895,55.76576733890704,15.058517793712504,4.928483839305457,17.547150171934273,0.3904572128455567,1.0,0.6699754706294304,0.6654524594640002,0.9995165826271458,0.6654524594640002,1,injector_degradation,0.15572916666666667,0.15572916666666667,0.0,0.0,0.0,0.0,0.0,0.0,0.0,0.0,0.070078125,0.0,0.0,0.0
17800,2682.1195144106523,88.1390095864216,1125.0639975006488,84.57002784671175,55.77038179114598,15.068392065586112,4.923742250115125,17.530268432987942,0.39028015786398085,1.0,0.6700663721347893,0.6626928845248502,0.9995035938865755,0.6626928845248502,1,injector_degradation,0.15708333333333335,0.15708333333333335,0.0,0.0,0.0,0.0,0.0,0.0,0.0,0.0,0.07068750000000001,0.0,0.0,0.0
17850,2682.1195144106523,88.13246600007324,1124.8725872456744,84.56691046867309,55.775007154342134,15.078279295603743,4.9190000081920076,17.513384370081425,0.39010311722279384,1.0,0.6701574885784299,0.6599360856873661,0.9994906051460051,0.6599360856873661,1,injector_degradation,0.1584375,0.1584375,0.0,0.0,0.0,0.0,0.0,0.0,0.0,0.0,0.07129687500000001,0.0,0.0,0.0
17900,2682.1195144106523,88.1259160194819,1124.67276478865,84.56378609278477,55.77964342378573,15.088179509289871,4.914257113658906,17.496497983651945,0.3899260909695336,1.0,0.6702488198675731,0.6571820684198113,0.9994776164054346,0.6571820684198113,1,injector_degradation,0.15979166666666667,0.15979166666666667,0.0,0.0,0.0,0.0,0.0,0.0,0.0,0.0,0.07190625,0.0,0.0,0.0
17950,2682.1195144106523,88.11935964726484,1124.464703347825,84.56065472442475,55.784290594776564,15.098092732236049,4.909513566638342,17.47960927413571,0.38974907915182394,1.0,0.6703403659096282,0.6544308382048213,0.9994646276648642,0.6544308382048213,1,injector_degradation,0.16114583333333335,0.16114583333333335,0.0,0.0,0.0,0.0,0.0,0.0,0.0,0.0,0.07251562500000001,0.0,0.0,0.0
18000,2682.1195144106523,88.11279688603884,1124.2485725775837,84.55751636896707,55.78894866262376,15.108018990101138,4.9047693672525545,17.46271824196795,0.38957208181737324,1.0,0.670432126612188,0.6516824005394471,0.9994516389242939,0.6516824005394471,1,injector_degradation,0.1625,0.1625,0.0,0.0,0.0,0.0,0.0,0.0,0.0,0.0,0.07312500000000001,0.0,0.0,0.0
18050,2682.1195144106523,88.10622773842016,1124.024538641836,84.55437103178195,55.793617622646224,15.117958308611522,4.900024515623496,17.445824887582845,0.3893950990139758,1.0,0.6705241018830382,0.6489367609352066,0.9994386501837235,0.6489367609352066,1,injector_degradation,0.16385416666666666,0.16385416666666666,0.0,0.0,0.0,0.0,0.0,0.0,0.0,0.0,0.073734375,0.0,0.0,0.0
18100,2682.1195144106523,88.09965220702458,1123.7927642859013,84.55121871823576,55.79829747017187,15.12791071356132,4.895279011872854,17.428929211413656,0.3892181307895117,1.0,0.6706162916301422,0.6461939249181318,0.999425661443153,0.6461939249181318,1,injector_degradation,0.16520833333333332,0.16520833333333332,0.0,0.0,0.0,0.0,0.0,0.0,0.0,0.0,0.07434375,0.0,0.0,0.0
18150,2682.1195144106523,88.09307029446734,1123.5534089069024,84.54805943369087,55.80298820053834,15.137876230812623,4.890532856122034,17.41203121389262,0.3890411771919469,1.0,0.6707086957616545,0.6434538980288157,0.9994126727025826,0.6434538980288157,1,injector_degradation,0.1665625,0.1665625,0.0,0.0,0.0,0.0,0.0,0.0,0.0,0.0,0.07495312500000001,0.0,0.0,0.0
18200,2682.1195144106523,88.08648200336319,1123.3066286227163,84.5448931835059,55.80768980909256,15.147854886295713,4.8857860484921565,17.395130895450983,0.3888642382693333,1.0,0.6708013141859129,0.6407166858224597,0.9993996839620122,0.6407166858224597,1,injector_degradation,0.1679166666666667,0.1679166666666667,0.0,0.0,0.0,0.0,0.0,0.0,0.0,0.0,0.0755625,0.0,0.0,0.0
18250,2682.1195144106523,88.07988733632635,1123.0525763394999,84.54171997303558,55.81240229119082,15.157846706009297,4.88103858910407,17.378228256518994,0.38868731406980905,1.0,0.6708941468114398,0.6379822938689215,0.9993866952214419,0.6379822938689215,1,injector_degradation,0.16927083333333334,0.16927083333333334,0.0,0.0,0.0,0.0,0.0,0.0,0.0,0.0,0.076171875,0.0,0.0,0.0
18300,2682.1195144106523,88.0732862959706,1122.791401817823,84.5385398076308,55.81712564219876,15.167851716020708,4.876290478078345,17.361323297525935,0.3885104046415989,1.0,0.6709871935469411,0.635250727752767,0.9993737064808714,0.635250727752767,1,injector_degradation,0.17062500000000003,0.17062500000000003,0.0,0.0,0.0,0.0,0.0,0.0,0.0,0.0,0.07678125000000001,0.0,0.0,0.0
18350,2682.1195144106523,88.06667888490915,1122.5232517374407,84.53535269263858,55.82185985749126,15.177869942466165,4.871541715535277,17.344416018900098,0.3883335100330141,1.0,0.6710804543013053,0.6325219930733142,0.999360717740301,0.6325219930733142,1,injector_degradation,0.17197916666666668,0.17197916666666668,0.0,0.0,0.0,0.0,0.0,0.0,0.0,0.0,0.077390625,0.0,0.0,0.0
18400,2682.1195144106523,88.06006510575475,1122.2482697607297,84.5321586334021,55.82660493245252,15.187901411550968,4.866792301594882,17.327506421068783,0.38815663029245245,1.0,0.6711739289836043,0.6297960954446857,0.9993477289997306,0.6297960954446857,1,injector_degradation,0.17333333333333334,0.17333333333333334,0.0,0.0,0.0,0.0,0.0,0.0,0.0,0.0,0.078,0.0,0.0,0.0
18450,2682.1195144106523,88.05344496111957,1121.966596594817,84.52895763526072,55.83136086247603,15.197946149549757,4.862042236376906,17.310594504458333,0.38797976546839924,1.0,0.6712676175030933,0.6270730404958536,0.9993347402591601,0.6270730404958536,1,injector_degradation,0.1746875,0.1746875,0.0,0.0,0.0,0.0,0.0,0.0,0.0,0.0,0.078609375,0.0,0.0,0.0
18500,2682.1195144106523,88.0468184536154,1121.6783700524284,84.52574970354993,55.836127642964456,15.208004182806713,4.857291520000816,17.29368026949408,0.3878029156094265,1.0,0.6713615197692077,0.624352833870694,0.9993217515185898,0.624352833870694,1,injector_degradation,0.17604166666666665,0.17604166666666665,0.0,0.0,0.0,0.0,0.0,0.0,0.0,0.0,0.07921874999999999,0.0,0.0,0.0
18550,2682.1195144106523,88.04018558585341,1121.3837251114824,84.52253484360148,55.84090526932965,15.21807553773581,4.852540152585804,17.276763716600403,0.3876260807641935,1.0,0.6714556356915642,0.6216354812280313,0.9993087627780194,0.6216354812280313,1,injector_degradation,0.17739583333333334,0.17739583333333334,0.0,0.0,0.0,0.0,0.0,0.0,0.0,0.0,0.079828125,0.0,0.0,0.0
18600,2682.1195144106523,88.03354636044429,1121.0827939734572,84.51931306074312,55.84569373699262,15.228160240821039,4.8477881342507905,17.259844846200693,0.3874492609814475,1.0,0.67154996517996,0.6189209882416903,0.999295774037449,0.6189209882416903,1,injector_degradation,0.17875000000000002,0.17875000000000002,0.0,0.0,0.0,0.0,0.0,0.0,0.0,0.0,0.08043750000000001,0.0,0.0,0.0
18650,2682.1195144106523,88.0269007799983,1120.7757061205525,84.51608436029892,55.8504930413836,15.238258318616626,4.843035465114422,17.242923658717377,0.3872724563100229,1.0,0.6716445081443738,0.6162093606005473,0.9992827852968785,0.6162093606005473,1,injector_degradation,0.18010416666666668,0.18010416666666668,0.0,0.0,0.0,0.0,0.0,0.0,0.0,0.0,0.081046875,0.0,0.0,0.0
18700,2682.1195144106523,88.02024884712512,1120.4625883716772,84.51284874758909,55.85530317794187,15.248369797747294,4.838282145295071,17.226000154571903,0.3870956667988425,1.0,0.6717392644949627,0.6135006040085754,0.9992697965563082,0.6135006040085754,1,injector_degradation,0.18145833333333333,0.18145833333333333,0.0,0.0,0.0,0.0,0.0,0.0,0.0,0.0,0.08165625,0.0,0.0,0.0
18750,2682.1195144106523,88.01359056443391,1120.1435649372784,84.50960622793002,55.86012414211584,15.25849470490848,4.833528174910831,17.209074334184727,0.3869188924969163,1.0,0.6718342341420633,0.6107947241848981,0.9992568078157378,0.6107947241848981,1,injector_degradation,0.18281250000000002,0.18281250000000002,0.0,0.0,0.0,0.0,0.0,0.0,0.0,0.0,0.08226562500000001,0.0,0.0,0.0
18800,2682.1195144106523,88.0069259345334,1119.8187574730437,84.5063568066343,55.86495592936294,15.268633066866562,4.828773554079535,17.192146197975376,0.3867421334533435,1.0,0.6719294169961904,0.6080917268638404,0.9992438190751673,0.6080917268638404,1,injector_degradation,0.18416666666666667,0.18416666666666667,0.0,0.0,0.0,0.0,0.0,0.0,0.0,0.0,0.082875,0.0,0.0,0.0
18850,2682.1195144106523,88.00025496003178,1119.4882851324978,84.50310048901065,55.86979853514964,15.278784910459104,4.824018282918739,17.175215746362387,0.38656538971731125,1.0,0.6720248129680364,0.6053916177949773,0.999230830334597,0.6053916177949773,1,injector_degradation,0.18552083333333333,0.18552083333333333,0.0,0.0,0.0,0.0,0.0,0.0,0.0,0.0,0.083484375,0.0,0.0,0.0
18900,2682.1195144106523,87.9935776435367,1119.1522646185108,84.49983728036409,55.87465195495157,15.2889502625951,4.8192623615457215,17.158282979763317,0.38638866133809524,1.0,0.6721204219684741,0.6026944027431848,0.9992178415940266,0.6026944027431848,1,injector_degradation,0.18687499999999999,0.18687499999999999,0.0,0.0,0.0,0.0,0.0,0.0,0.0,0.0,0.08409375,0.0,0.0,0.0
18950,2682.1195144106523,87.98689398765538,1118.810810233751,84.49656718599584,55.879516184253106,15.299129150255204,4.814505790077499,17.141347898594784,0.38621194836505984,1.0,0.6722162439085496,0.6000000874886903,0.9992048528534563,0.6000000874886903,1,injector_degradation,0.1882291666666667,0.1882291666666667,0.0,0.0,0.0,0.0,0.0,0.0,0.0,0.0,0.08470312500000002,0.0,0.0,0.0
19000,2682.1195144106523,87.98020399499444,1118.4640339300913,84.4932902112032,55.88439121854761,15.309321600491966,4.809748568630815,17.12441050327244,0.3860352508476587,1.0,0.6723122786994847,0.5973086778271263,0.9991918641128859,0.5973086778271263,1,injector_degradation,0.18958333333333335,0.18958333333333335,0.0,0.0,0.0,0.0,0.0,0.0,0.0,0.0,0.08531250000000001,0.0,0.0,0.0
19050,2682.1195144106523,87.97350766816004,1118.1120453570056,84.49000636127982,55.88927705333763,15.31952764043007,4.804990697322142,17.10747079421096,0.3858585688354345,1.0,0.6724085262526828,0.5946201795695799,0.9991788753723154,0.5946201795695799,1,injector_degradation,0.1909375,0.1909375,0.0,0.0,0.0,0.0,0.0,0.0,0.0,0.0,0.08592187500000001,0.0,0.0,0.0
19100,2682.1195144106523,87.96680500975788,1117.7549519089594,84.48671564151556,55.89417368413437,15.329747297266591,4.800232176267682,17.090528771824076,0.38568190237801914,1.0,0.6725049864797178,0.5919345985426434,0.999165886631745,0.5919345985426434,1,injector_degradation,0.19229166666666667,0.19229166666666667,0.0,0.0,0.0,0.0,0.0,0.0,0.0,0.0,0.08653125,0.0,0.0,0.0
19150,2682.1195144106523,87.96009602239309,1117.3928587718306,84.48341805719639,55.89908110645787,15.339980598271222,4.795473005583372,17.07358443652456,0.38550525152513404,1.0,0.6726016592923375,0.5892519405884669,0.9991528978911746,0.5892519405884669,1,injector_degradation,0.19364583333333335,0.19364583333333335,0.0,0.0,0.0,0.0,0.0,0.0,0.0,0.0,0.08714062500000001,0.0,0.0,0.0
19200,2682.1195144106523,87.9533807086703,1117.025868968372,84.48011361360454,55.9039993158372,15.350227570786512,4.790713185384875,17.056637788724206,0.38532861632659043,1.0,0.6726985446024678,0.5865722115648119,0.9991399091506042,0.5865722115648119,1,injector_degradation,0.195,0.195,0.0,0.0,0.0,0.0,0.0,0.0,0.0,0.0,0.08775000000000001,0.0,0.0,0.0
19250,2682.1195144106523,87.94665907119366,1116.6540834027337,84.47680231601856,55.90892830781026,15.360488242228119,4.785952715787586,17.039688828833867,0.38515199683228923,1.0,0.6727956423222082,0.5838954173451023,0.9991269204100338,0.5838954173451023,1,injector_degradation,0.19635416666666666,0.19635416666666666,0.0,0.0,0.0,0.0,0.0,0.0,0.0,0.0,0.088359375,0.0,0.0,0.0
19300,2682.1195144106523,87.93993111256685,1116.277600904074,84.47348416971317,55.91386807792355,15.370762640085063,4.7811915969066385,17.022737557263465,0.3849753930922215,1.0,0.6728929523638283,0.5812215638184745,0.9991139316694634,0.5812215638184745,1,injector_degradation,0.19770833333333332,0.19770833333333332,0.0,0.0,0.0,0.0,0.0,0.0,0.0,0.0,0.08896875,0.0,0.0,0.0
19350,2682.1195144106523,87.93319683539295,1115.8965182692668,84.4701591799593,55.91881862173247,15.38105079191995,4.7764298288568945,17.005783974421938,0.38479880515646886,1.0,0.6729904746397722,0.5785506568898341,0.999100942928893,0.5785506568898341,1,injector_degradation,0.19906250000000003,0.19906250000000003,0.0,0.0,0.0,0.0,0.0,0.0,0.0,0.0,0.08957812500000002,0.0,0.0,0.0
19400,2682.1195144106523,87.92645624227458,1115.510930304732,84.46682735202415,55.92377993480122,15.391352725369233,4.77166741175295,16.9888280807173,0.3846222330752029,1.0,0.6730882090626578,0.5758827024799062,0.9990879541883226,0.5758827024799062,1,injector_degradation,0.2004166666666667,0.2004166666666667,0.0,0.0,0.0,0.0,0.0,0.0,0.0,0.0,0.09018750000000002,0.0,0.0,0.0
19450,2682.1195144106523,87.91970933581388,1115.1209298674034,84.46348869117122,55.92875201270249,15.401668468143455,4.766904345709132,16.971869876556585,0.3844456768986859,1.0,0.6731861555452702,0.5732177065252884,0.9990749654477522,0.5732177065252884,1,injector_degradation,0.20177083333333334,0.20177083333333334,0.0,0.0,0.0,0.0,0.0,0.0,0.0,0.0,0.09079687500000001,0.0,0.0,0.0
19500,2682.1195144106523,87.91295611861244,1114.7266079048509,84.46014320266016,55.93373485101791,15.41199804802751,4.762140630839506,16.954909362345912,0.3842691366772713,1.0,0.6732843140005704,0.5705556749785035,0.9990619767071818,0.5705556749785035,1,injector_degradation,0.203125,0.203125,0.0,0.0,0.0,0.0,0.0,0.0,0.0,0.0,0.09140625000000001,0.0,0.0,0.0
19550,2682.1195144106523,87.90619659327137,1114.3280534945798,84.45679089174695,55.93872844533765,15.42234149288086,4.7573762672578646,16.937946538490426,0.3840926124614031,1.0,0.6733826843416882,0.5678966138080564,0.9990489879666113,0.5678966138080564,1,injector_degradation,0.20447916666666666,0.20447916666666666,0.0,0.0,0.0,0.0,0.0,0.0,0.0,0.0,0.092015625,0.0,0.0,0.0
19600,2682.1195144106523,87.89943076239132,1113.9253538825164,84.45343176368374,55.943732791260544,15.432698830637824,4.7526112550777455,16.920981405394357,0.38391610430161677,1.0,0.6734812664819233,0.5652405289984843,0.9990359992260409,0.5652405289984843,1,injector_degradation,0.20583333333333334,0.20583333333333334,0.0,0.0,0.0,0.0,0.0,0.0,0.0,0.0,0.092625,0.0,0.0,0.0
19650,2682.1195144106523,87.89265862857235,1113.5185945207045,84.45006582371906,55.94874788439403,15.443070089307799,4.747845594412414,16.904013963460972,0.3837396122485391,1.0,0.6735800603347455,0.5625874265504112,0.9990230104854706,0.5625874265504112,1,injector_degradation,0.2071875,0.2071875,0.0,0.0,0.0,0.0,0.0,0.0,0.0,0.0,0.093234375,0.0,0.0,0.0
19700,2682.1195144106523,87.88588019441403,1113.107859104221,84.44669307709762,55.95377372035408,15.453455296975543,4.743079285374877,16.88704421309261,0.38356313635288836,1.0,0.6736790658137922,0.5599373124806012,0.9990100217449002,0.5599373124806012,1,injector_degradation,0.20854166666666668,0.20854166666666668,0.0,0.0,0.0,0.0,0.0,0.0,0.0,0.0,0.09384375,0.0,0.0,0.0
19750,2682.1195144106523,87.87909546251547,1112.693229607337,84.44331352906045,55.95881029476529,15.463854481801393,4.738312328077871,16.87007215469066,0.38338667666547466,1.0,0.6737782828328716,0.5572901928220165,0.9989970330043297,0.5572901928220165,1,injector_degradation,0.20989583333333336,0.20989583333333336,0.0,0.0,0.0,0.0,0.0,0.0,0.0,0.0,0.09445312500000001,0.0,0.0,0.0
19800,2682.1195144106523,87.8723044354752,1112.2747863189275,84.43992718484486,55.96385760326073,15.474267672021542,4.733544722633876,16.853097788655585,0.38321023323719994,1.0,0.6738777113059574,0.5546460736238689,0.9989840442637593,0.5546460736238689,1,injector_degradation,0.21125000000000002,0.21125000000000002,0.0,0.0,0.0,0.0,0.0,0.0,0.0,0.0,0.09506250000000001,0.0,0.0,0.0
19850,2682.1195144106523,87.86550711589132,1111.8526078771565,84.43653404968438,55.96891564148203,15.484694895948296,4.728776469155103,16.836121115386902,0.3830338061190584,1.0,0.6739773511471934,0.5520049609516735,0.9989710555231889,0.5520049609516735,1,injector_degradation,0.21260416666666668,0.21260416666666668,0.0,0.0,0.0,0.0,0.0,0.0,0.0,0.0,0.095671875,0.0,0.0,0.0
19900,2682.1195144106523,87.85870350636145,1111.4267713034455,84.43313412880889,55.97398440507921,15.495136181970324,4.724007567753502,16.81914213528319,0.3828573953621363,1.0,0.6740772022708876,0.5493668608873059,0.9989580667826186,0.5493668608873059,1,injector_degradation,0.21395833333333333,0.21395833333333333,0.0,0.0,0.0,0.0,0.0,0.0,0.0,0.0,0.09628125,0.0,0.0,0.0
19950,2682.1195144106523,87.8518936094826,1110.997352035743,84.4297274274445,55.97906388971083,15.505591558552911,4.71923801854077,16.802160848742126,0.382681001017613,1.0,0.674177264591517,0.546731779529057,0.9989450780420481,0.546731779529057,1,injector_degradation,0.2153125,0.2153125,0.0,0.0,0.0,0.0,0.0,0.0,0.0,0.0,0.096890625,0.0,0.0,0.0
20000,2682.1195144106523,87.84507742785132,1110.5644239611083,84.42631395081366,55.98415409104384,15.51606105423822,4.7144678216283245,16.785177256160402,0.3825046231367597,1.0,0.6742775380237233,0.5440997229916897,0.9989320893014777,0.5440997229916897,1,injector_degradation,0.21666666666666667,0.21666666666666667,0.0,0.0,0.0,0.0,0.0,0.0,0.0,0.0,0.0975,0.0,0.0,0.0
20050,2682.1195144106523,87.83825496406365,1110.1280594476248,84.4228937041351,55.98925500475352,15.526544697645562,4.709696977127342,16.76819135793384,0.38232826177094126,1.0,0.6743780224823124,0.5414706974064901,0.9989191005609073,0.5414706974064901,1,injector_degradation,0.21802083333333333,0.21802083333333333,0.0,0.0,0.0,0.0,0.0,0.0,0.0,0.0,0.098109375,0.0,0.0,0.0
20100,2682.1195144106523,87.83142622071512,1109.6883293756537,84.41946669262381,55.994366626523615,15.537042517471649,4.704925485148722,16.75120315445729,0.3821519169716153,1.0,0.6744787178822573,0.538844708921327,0.998906111820337,0.538844708921327,1,injector_degradation,0.21937500000000001,0.21937500000000001,0.0,0.0,0.0,0.0,0.0,0.0,0.0,0.0,0.09871875000000001,0.0,0.0,0.0
20150,2682.1195144106523,87.82459120040079,1109.2453031684495,84.4160329214912,55.99948895204619,15.547554542490843,4.70015334580311,16.734212646124682,0.38197558879033255,1.0,0.6745796241386947,0.5362217637007092,0.9988931230797665,0.5362217637007092,1,injector_degradation,0.22072916666666667,0.22072916666666667,0.0,0.0,0.0,0.0,0.0,0.0,0.0,0.0,0.099328125,0.0,0.0,0.0
20200,2682.1195144106523,87.81774990571517,1108.7990488221371,84.41259239594484,56.004621977021486,15.558080801555441,4.6953805592009,16.717219833329057,0.38179927727873764,1.0,0.674680741166922,0.5336018679258383,0.9988801343391961,0.5336018679258383,1,injector_degradation,0.22208333333333335,0.22208333333333335,0.0,0.0,0.0,0.0,0.0,0.0,0.0,0.0,0.09993750000000001,0.0,0.0,0.0
20250,2682.1195144106523,87.81090233925232,1108.3496329350792,84.40914512118877,56.00976569715824,15.568621323595929,4.6906071254522095,16.700224716462476,0.3816229824885684,1.0,0.6747820688824047,0.5309850277946666,0.9988671455986257,0.5309850277946666,1,injector_degradation,0.2234375,0.2234375,0.0,0.0,0.0,0.0,0.0,0.0,0.0,0.0,0.10054687500000001,0.0,0.0,0.0
20300,2682.1195144106523,87.80404850360571,1107.897120736633,84.40569110242319,56.014920108173285,15.579176137621243,4.6858330446669125,16.68322729591613,0.38144670447165685,1.0,0.6748836072007671,0.528371249521955,0.9988541568580552,0.528371249521955,1,injector_degradation,0.22479166666666667,0.22479166666666667,0.0,0.0,0.0,0.0,0.0,0.0,0.0,0.0,0.10115625,0.0,0.0,0.0
20350,2682.1195144106523,87.79718840136837,1107.4415761153186,84.40223034484478,56.02008520579184,15.58974527271904,4.681058316954617,16.66622757208026,0.38127044327992893,1.0,0.6749853560377992,0.5257605393393291,0.9988411681174849,0.5257605393393291,1,injector_degradation,0.22614583333333332,0.22614583333333332,0.0,0.0,0.0,0.0,0.0,0.0,0.0,0.0,0.101765625,0.0,0.0,0.0
20400,2682.1195144106523,87.79032203513276,1106.9830616464046,84.39876285364642,56.02526098574709,15.600328758055975,4.676282942424672,16.649225545344184,0.38109419896540486,1.0,0.6750873153094475,0.5231529034953347,0.9988281793769145,0.5231529034953347,1,injector_degradation,0.22749999999999998,0.22749999999999998,0.0,0.0,0.0,0.0,0.0,0.0,0.0,0.0,0.102375,0.0,0.0,0.0
20450,2682.1195144106523,87.78344940749093,1106.5216386189272,84.39528863401733,56.03044744378061,15.61092662287794,4.671506921186173,16.63222121609633,0.38091797158019913,1.0,0.6751894849318241,0.5205483482554997,0.9988151906363442,0.5205483482554997,1,injector_degradation,0.2288541666666667,0.2288541666666667,0.0,0.0,0.0,0.0,0.0,0.0,0.0,0.0,0.10298437500000002,0.0,0.0,0.0
20500,2682.1195144106523,87.77657052103439,1106.0573670621525,84.39180769114319,56.03564457564221,15.621538896510364,4.666730253347954,16.61521458472418,0.3807417611765212,1.0,0.6752918648212032,0.5179468799023879,0.9988022018957737,0.5179468799023879,1,injector_degradation,0.23020833333333335,0.23020833333333335,0.0,0.0,0.0,0.0,0.0,0.0,0.0,0.0,0.10359375000000001,0.0,0.0,0.0
20550,2682.1195144106523,87.76968537835404,1105.590305771494,84.38832003020582,56.04085237708942,15.63216560835847,4.661952939018599,16.598205651614325,0.38056556780667505,1.0,0.6753944548940112,0.5153485047356582,0.9987892131552033,0.5153485047356582,1,injector_degradation,0.2315625,0.2315625,0.0,0.0,0.0,0.0,0.0,0.0,0.0,0.0,0.10420312500000001,0.0,0.0,0.0
20600,2682.1195144106523,87.76279398204042,1105.120512333896,84.38482565638355,56.04607084388835,15.642806787907555,4.657174978306424,16.58119441715242,0.3803893915230596,1.0,0.6754972550668431,0.5127532290721216,0.998776224414633,0.5127532290721216,1,injector_degradation,0.2329166666666667,0.2329166666666667,0.0,0.0,0.0,0.0,0.0,0.0,0.0,0.0,0.10481250000000002,0.0,0.0,0.0
20650,2682.1195144106523,87.75589633468348,1104.6480431526934,84.38132457485102,56.051299971812874,15.65346246472324,4.652396371319503,16.564180881723242,0.38021323237816956,1.0,0.6756002652564473,0.5101610592458033,0.9987632356740626,0.5101610592458033,1,injector_degradation,0.23427083333333334,0.23427083333333334,0.0,0.0,0.0,0.0,0.0,0.0,0.0,0.0,0.10542187500000001,0.0,0.0,0.0
20700,2682.1195144106523,87.74899243887268,1104.1729534719634,84.37781679077915,56.056539756644916,15.66413266845177,4.647617118165644,16.547165045710624,0.38003709042459455,1.0,0.6757034853797309,0.5075720016079979,0.9987502469334921,0.5075720016079979,1,injector_degradation,0.235625,0.235625,0.0,0.0,0.0,0.0,0.0,0.0,0.0,0.0,0.10603125000000001,0.0,0.0,0.0
20750,2682.1195144106523,87.74208229719699,1103.6952974003698,84.37430230933529,56.06179019417468,15.674817428820283,4.642837218952399,16.530146909497496,0.3798609657150197,1.0,0.6758069153537635,0.5049860625273279,0.9987372581929217,0.5049860625273279,1,injector_degradation,0.23697916666666666,0.23697916666666666,0.0,0.0,0.0,0.0,0.0,0.0,0.0,0.0,0.106640625,0.0,0.0,0.0
20800,2682.1195144106523,87.73516591224484,1103.2151279345212,84.3707811356831,56.06705128019999,15.685516775637069,4.638056673787081,16.51312647346592,0.37968485830222665,1.0,0.6759105550957653,0.5024032483898068,0.9987242694523514,0.5024032483898068,1,injector_degradation,0.2383333333333333,0.2383333333333333,0.0,0.0,0.0,0.0,0.0,0.0,0.0,0.0,0.10725,0.0,0.0,0.0
20850,2682.1195144106523,87.72824328660414,1102.7324969818478,84.36725327498266,56.07232301052698,15.696230738791874,4.6332754827767255,16.496103737996986,0.379508768239092,1.0,0.6760144045231199,0.49982356559889296,0.998711280711781,0.49982356559889296,1,injector_degradation,0.23968750000000003,0.23968750000000003,0.0,0.0,0.0,0.0,0.0,0.0,0.0,0.0,0.10785937500000001,0.0,0.0,0.0
20900,2682.1195144106523,87.7213144228624,1102.247455383003,84.36371873239034,56.07760538096947,15.706959348256152,4.628493646028133,16.479078703470943,0.3793326955785896,1.0,0.6761184635533627,0.49724702057555475,0.9986982919712105,0.49724702057555475,1,injector_degradation,0.24104166666666668,0.24104166666666668,0.0,0.0,0.0,0.0,0.0,0.0,0.0,0.0,0.10846875,0.0,0.0,0.0
20950,2682.1195144106523,87.71437932360652,1101.7600529338097,84.36017751305894,56.0828983873493,15.71770263408337,4.623711163647842,16.4620513702671,0.3791566403737892,1.0,0.6762227321041866,0.49467361975832586,0.9986853032306401,0.49467361975832586,1,injector_degradation,0.24239583333333334,0.24239583333333334,0.0,0.0,0.0,0.0,0.0,0.0,0.0,0.0,0.109078125,0.0,0.0,0.0
21000,2682.1195144106523,87.70743799142286,1101.270338406749,84.35662962213763,56.088202025496194,15.728460626409262,4.618928035742139,16.445021738763884,0.3789806026778571,1.0,0.6763272100934401,0.49210336960336887,0.9986723144900697,0.49210336960336887,1,injector_degradation,0.24375000000000002,0.24375000000000002,0.0,0.0,0.0,0.0,0.0,0.0,0.0,0.0,0.10968750000000001,0.0,0.0,0.0
21050,2682.1195144106523,87.70049042889741,1100.778359572012,84.35307506477199,56.09351629124771,15.739233355452129,4.614144262417062,16.42798980933882,0.3788045825440566,1.0,0.6764318974391261,0.48953627658453464,0.9986593257494993,0.48953627658453464,1,injector_degradation,0.24510416666666668,0.24510416666666668,0.0,0.0,0.0,0.0,0.0,0.0,0.0,0.0,0.110296875,0.0,0.0,0.0
21100,2682.1195144106523,87.69353663861557,1100.2841632181135,84.34951384610389,56.09884118044913,15.75002085151312,4.609359843778392,16.410955582368523,0.3786285800257478,1.0,0.6765367940593996,0.4869723471934202,0.9986463370089289,0.4869723471934202,1,injector_degradation,0.24645833333333333,0.24645833333333333,0.0,0.0,0.0,0.0,0.0,0.0,0.0,0.0,0.11090625,0.0,0.0,0.0
21150,2682.1195144106523,87.68657662316218,1099.7877951720843,84.34594597127165,56.10417668895375,15.760823144976516,4.604574779931652,16.393919058228708,0.37845259517638813,1.0,0.6766418998725734,0.48441158793943306,0.9986333482683585,0.48441158793943306,1,injector_degradation,0.2478125,0.2478125,0.0,0.0,0.0,0.0,0.0,0.0,0.0,0.0,0.111515625,0.0,0.0,0.0
21200,2682.1195144106523,87.67961038512169,1099.2893003192453,84.34237144540998,56.10952281262251,15.771640266310005,4.599789070982132,16.376880237294223,0.3782766280495326,1.0,0.6767472147971105,0.4818540053498516,0.998620359527788,0.4818540053498516,1,injector_degradation,0.2491666666666667,0.2491666666666667,0.0,0.0,0.0,0.0,0.0,0.0,0.0,0.0,0.11212500000000002,0.0,0.0,0.0
21250,2682.1195144106523,87.67263792707797,1098.788722622578,84.33879027364998,56.114879547324165,15.782472246064975,4.59500271703485,16.359839119938993,0.3781006786988335,1.0,0.6768527387516289,0.4792996059698862,0.9986073707872176,0.4792996059698862,1,injector_degradation,0.25052083333333336,0.25052083333333336,0.0,0.0,0.0,0.0,0.0,0.0,0.0,0.0,0.11273437500000001,0.0,0.0,0.0
21300,2682.1195144106523,87.66565925161444,1098.2861051416917,84.33520246111914,56.12024688893504,15.79331911487681,4.5902157181945915,16.342795706536073,0.3779247471780411,1.0,0.6769584716548945,0.47674839636273947,0.9985943820466473,0.47674839636273947,1,injector_degradation,0.251875,0.251875,0.0,0.0,0.0,0.0,0.0,0.0,0.0,0.0,0.11334375000000001,0.0,0.0,0.0
21350,2682.1195144106523,87.65867436131396,1097.781490051405,84.33160801294133,56.125624833339366,15.804180903465173,4.585428074565882,16.325749997457613,0.37774883354100364,1.0,0.6770644134258298,0.4742003831096689,0.9985813933060769,0.4742003831096689,1,injector_degradation,0.25322916666666667,0.25322916666666667,0.0,0.0,0.0,0.0,0.0,0.0,0.0,0.0,0.113953125,0.0,0.0,0.0
21400,2682.1195144106523,87.65168325875885,1097.2749186599408,84.3280069342369,56.13101337642894,15.815057642634287,4.580639786252992,16.308701993074866,0.37757293784166757,1.0,0.6771705639835058,0.47165557281005094,0.9985684045655064,0.47165557281005094,1,injector_degradation,0.25458333333333333,0.25458333333333333,0.0,0.0,0.0,0.0,0.0,0.0,0.0,0.0,0.1145625,0.0,0.0,0.0
21450,2682.1195144106523,87.64468594653101,1096.76643142675,84.3243992301226,56.13641251410312,15.825949363273228,4.5758508533599604,16.291651693758233,0.377397060134078,1.0,0.6772769232471431,0.4691139720814421,0.998555415824936,0.4691139720814421,1,injector_degradation,0.2559375,0.2559375,0.0,0.0,0.0,0.0,0.0,0.0,0.0,0.0,0.11517187499999999,0.0,0.0,0.0
21500,2682.1195144106523,87.63768242721176,1096.256067979964,84.32078490571149,56.14182224226897,15.836856096356238,4.571061275990563,16.2745990998772,0.3772212004723781,1.0,0.6773834911361134,0.4665755875596397,0.9985424270843657,0.4665755875596397,1,injector_degradation,0.25729166666666664,0.25729166666666664,0.0,0.0,0.0,0.0,0.0,0.0,0.0,0.0,0.11578124999999999,0.0,0.0,0.0
21550,2682.1195144106523,87.63067270338195,1095.743867133494,84.31716396611318,56.147242556841114,15.847777872943,4.566271054248328,16.25754421180036,0.3770453589108105,1.0,0.6774902675699376,0.4640404258987461,0.9985294383437953,0.4640404258987461,1,injector_degradation,0.25864583333333335,0.25864583333333335,0.0,0.0,0.0,0.0,0.0,0.0,0.0,0.0,0.11639062500000001,0.0,0.0,0.0
21600,2682.1195144106523,87.62365677762193,1095.2298669037723,84.31353641643369,56.15267345374182,15.85871472417893,4.561480188236539,16.240487029895444,0.3768695355037164,1.0,0.6775972524682873,0.4615084937712342,0.9985164496032248,0.4615084937712342,1,injector_degradation,0.26,0.26,0.0,0.0,0.0,0.0,0.0,0.0,0.0,0.0,0.117,0.0,0.0,0.0
21650,2682.1195144106523,87.6166346525115,1094.7141045261533,84.30990226177539,56.158114928900645,15.86966668129548,4.556688678058237,16.223427554529312,0.3766937303055365,1.0,0.6777044457509778,0.4589797978680075,0.9985034608626544,0.4589797978680075,1,injector_degradation,0.26135416666666667,0.26135416666666667,0.0,0.0,0.0,0.0,0.0,0.0,0.0,0.0,0.117609375,0.0,0.0,0.0
21700,2682.1195144106523,87.60960633063002,1094.1966164709743,84.30626150723714,56.163566978254885,15.880633775610443,4.5518965238161995,16.206365786067884,0.37651794337081057,1.0,0.6778118473379763,0.4564543448984648,0.998490472122084,0.4564543448984648,1,injector_degradation,0.2627083333333333,0.2627083333333333,0.0,0.0,0.0,0.0,0.0,0.0,0.0,0.0,0.11821875,0.0,0.0,0.0
21750,2682.1195144106523,87.60257181455631,1093.6774384592873,84.3026141579142,56.169029597749244,15.89161603852823,4.547103725612977,16.189301724876284,0.3763421747541787,1.0,0.6779194571493965,0.45393214159056655,0.9984774833815137,0.45393214159056655,1,injector_degradation,0.26406250000000003,0.26406250000000003,0.0,0.0,0.0,0.0,0.0,0.0,0.0,0.0,0.11882812500000002,0.0,0.0,0.0
21800,2682.1195144106523,87.59553110686863,1093.1566054782656,84.29896021889829,56.174502783335846,15.902613501540204,4.54231028355086,16.1722353713187,0.37616642451038007,1.0,0.678027275105498,0.4514131946908932,0.9984644946409432,0.4514131946908932,1,injector_degradation,0.2654166666666667,0.2654166666666667,0.0,0.0,0.0,0.0,0.0,0.0,0.0,0.0,0.11943750000000002,0.0,0.0,0.0
21850,2682.1195144106523,87.58848421014483,1092.6341517962956,84.2952996952776,56.179986530974304,15.913626196224934,4.5375161977318985,16.155166725758463,0.3759906926942545,1.0,0.6781353011266879,0.44889751096471747,0.9984515059003728,0.44889751096471747,1,injector_degradation,0.26677083333333335,0.26677083333333335,0.0,0.0,0.0,0.0,0.0,0.0,0.0,0.0,0.12004687500000001,0.0,0.0,0.0
21900,2682.1195144106523,87.58143112696217,1092.1101109777546,84.2916325921367,56.185480836631456,15.924654154248547,4.532721468257894,16.138095788558026,0.3758149793607417,1.0,0.6782435351335159,0.44638509719606195,0.9984385171598024,0.44638509719606195,1,injector_degradation,0.268125,0.268125,0.0,0.0,0.0,0.0,0.0,0.0,0.0,0.0,0.12065625,0.0,0.0,0.0
21950,2682.1195144106523,87.57437185989744,1091.584515897488,84.28795891455667,56.190985696281835,15.935697407364989,4.527926095230405,16.12102256007897,0.37563928456488205,1.0,0.6783519770466829,0.4438759601877698,0.9984255284192319,0.4438759601877698,1,injector_degradation,0.2694791666666667,0.2694791666666667,0.0,0.0,0.0,0.0,0.0,0.0,0.0,0.0,0.12126562500000003,0.0,0.0,0.0
22000,2682.1195144106523,87.56730641152689,1091.0573987549856,84.28427866761507,56.196501105906954,15.946755987416363,4.5231300787507385,16.103947040681987,0.3754636083618164,1.0,0.6784606267870278,0.4413701067615656,0.9984125396786616,0.4413701067615656,1,injector_degradation,0.27083333333333337,0.27083333333333337,0.0,0.0,0.0,0.0,0.0,0.0,0.0,0.0,0.12187500000000002,0.0,0.0,0.0
22050,2682.1195144106523,87.56023478442631,1090.528791088268,84.28059185638585,56.20202706149577,15.957829926333213,4.518333418919974,16.086869230726954,0.37528795080678684,1.0,0.6785694842755354,0.4388675437581239,0.9983995509380912,0.4388675437581239,1,injector_degradation,0.2721875,0.2721875,0.0,0.0,0.0,0.0,0.0,0.0,0.0,0.0,0.12248437500000002,0.0,0.0,0.0
22100,2682.1195144106523,87.55315698117101,1089.9987237874866,84.27689848593945,56.20756355904463,15.968919256134843,4.513536115838926,16.069789130572808,0.37511231195513606,1.0,0.6786785494333367,0.43636827803713313,0.9983865621975209,0.43636827803713313,1,injector_degradation,0.2735416666666667,0.2735416666666667,0.0,0.0,0.0,0.0,0.0,0.0,0.0,0.0,0.12309375000000002,0.0,0.0,0.0
22150,2682.1195144106523,87.54607300433571,1089.467227108244,84.27319856134284,56.213110594557016,15.980024008929615,4.508738169608178,16.052706740577662,0.3749366918623086,1.0,0.6787878221817032,0.4338723164773638,0.9983735734569504,0.4338723164773638,1,injector_degradation,0.27489583333333334,0.27489583333333334,0.0,0.0,0.0,0.0,0.0,0.0,0.0,0.0,0.12370312500000001,0.0,0.0,0.0
22200,2682.1195144106523,87.53898285649461,1088.93433068464,84.26949208765933,56.21866816404366,15.991144216915275,4.503939580328069,16.035622061098753,0.3747610905838501,1.0,0.678897302442049,0.4313796659767321,0.9983605847163801,0.4313796659767321,1,injector_degradation,0.27625,0.27625,0.0,0.0,0.0,0.0,0.0,0.0,0.0,0.0,0.1243125,0.0,0.0,0.0
22250,2682.1195144106523,87.53188654022154,1088.400063542047,84.26577906994885,56.224236263522535,16.002279912379244,4.499140348098694,16.01853509249246,0.37458550817540814,1.0,0.6790069901359309,0.4288903334523703,0.9983475959758097,0.4288903334523703,1,injector_degradation,0.27760416666666665,0.27760416666666665,0.0,0.0,0.0,0.0,0.0,0.0,0.0,0.0,0.124921875,0.0,0.0,0.0
22300,2682.1195144106523,87.52478405808966,1087.8644541096292,84.26205951326767,56.22981488901879,16.013431127698954,4.494340473019896,16.00144583511426,0.37440994469273203,1.0,0.6791168851850471,0.4264043258406887,0.9983346072352393,0.4264043258406887,1,injector_degradation,0.2789583333333333,0.2789583333333333,0.0,0.0,0.0,0.0,0.0,0.0,0.0,0.0,0.12553124999999998,0.0,0.0,0.0
22350,2682.1195144106523,87.51767541267174,1087.327530232595,84.25833342266867,56.23540403656466,16.024597895342133,4.489539955191294,15.98435428931883,0.3742344001916735,1.0,0.6792269875112356,0.4239216500974487,0.9983216184946688,0.4239216500974487,1,injector_degradation,0.2803125,0.2803125,0.0,0.0,0.0,0.0,0.0,0.0,0.0,0.0,0.126140625,0.0,0.0,0.0
22400,2682.1195144106523,87.51056060653997,1086.7893191842054,84.25460080320113,56.24100370219961,16.035780247867155,4.484738794712252,15.967260455459938,0.3740588747281863,1.0,0.6793372970364762,0.4214423131978241,0.9983086297540984,0.4214423131978241,1,injector_degradation,0.2816666666666667,0.2816666666666667,0.0,0.0,0.0,0.0,0.0,0.0,0.0,0.0,0.12675,0.0,0.0,0.0
22450,2682.1195144106523,87.50343964226602,1086.2498476775286,84.25086165991087,56.24661388197014,16.04697821792332,4.479936991681898,15.950164333890523,0.37388336835832703,1.0,0.679447813682888,0.41896632213647517,0.9982956410135281,0.41896632213647517,1,injector_degradation,0.28302083333333333,0.28302083333333333,0.0,0.0,0.0,0.0,0.0,0.0,0.0,0.0,0.127359375,0.0,0.0,0.0
22500,2682.1195144106523,87.49631252242114,1085.7091418769587,84.24711599784018,56.25223457192974,16.058191838251204,4.475134546199115,15.933065924962637,0.37370788113825487,1.0,0.6795585373727274,0.4164936839276111,0.9982826522729576,0.4164936839276111,1,injector_degradation,0.284375,0.284375,0.0,0.0,0.0,0.0,0.0,0.0,0.0,0.0,0.12796875,0.0,0.0,0.0
22550,2682.1195144106523,87.48917924957601,1085.167227409493,84.2433638220279,56.25786576813909,16.069421141682945,4.470331458362549,15.915965229027497,0.3735324131242322,1.0,0.6796694680283923,0.4140244056050637,0.9982696635323872,0.4140244056050637,1,injector_degradation,0.28572916666666665,0.28572916666666665,0.0,0.0,0.0,0.0,0.0,0.0,0.0,0.0,0.128578125,0.0,0.0,0.0
22600,2682.1195144106523,87.48203982630082,1084.6241293757803,84.23960513750933,56.263507466665665,16.080666161142606,4.465527728270608,15.898862246435472,0.3733569643726244,1.0,0.6797806055724152,0.41155849422234936,0.9982566747918168,0.41155849422234936,1,injector_degradation,0.28708333333333336,0.28708333333333336,0.0,0.0,0.0,0.0,0.0,0.0,0.0,0.0,0.1291875,0.0,0.0,0.0
22650,2682.1195144106523,87.47489425516522,1084.0798723609387,84.23583994931624,56.26915966358412,16.09192692964645,4.460723356021456,15.881756977536053,0.3731815349399003,1.0,0.6798919499274693,0.4090959568527455,0.9982436860512464,0.4090959568527455,1,injector_degradation,0.2884375,0.2884375,0.0,0.0,0.0,0.0,0.0,0.0,0.0,0.0,0.129796875,0.0,0.0,0.0
22700,2682.1195144106523,87.46774253873843,1083.534480445153,84.23206826247701,56.274822354976024,16.103203480303296,4.455918341713019,15.864649422677902,0.3730061248826326,1.0,0.6800035010163641,0.40663680058935525,0.998230697310676,0.40663680058935525,1,injector_degradation,0.28979166666666667,0.28979166666666667,0.0,0.0,0.0,0.0,0.0,0.0,0.0,0.0,0.13040625,0.0,0.0,0.0
22750,2682.1195144106523,87.46058467958909,1082.9879772140553,84.22829008201643,56.28049553692985,16.11449584631484,4.451112685442981,15.8475395822088,0.3728307342574974,1.0,0.6801152587620451,0.40418103254517607,0.9982177085701056,0.40418103254517607,1,injector_degradation,0.2911458333333334,0.2911458333333334,0.0,0.0,0.0,0.0,0.0,0.0,0.0,0.0,0.13101562500000002,0.0,0.0,0.0
22800,2682.1195144106523,87.45342068028532,1082.4403857688885,84.22450541295586,56.28617920554099,16.125804060975955,4.446306387308793,15.830427456475716,0.37265536312127523,1.0,0.6802272230875948,0.40172865985317363,0.9982047198295352,0.40172865985317363,1,injector_degradation,0.29250000000000004,0.29250000000000004,0.0,0.0,0.0,0.0,0.0,0.0,0.0,0.0,0.13162500000000002,0.0,0.0,0.0
22850,2682.1195144106523,87.4462505433948,1081.891728736463,84.22071426031323,56.29187335691161,16.137128157675058,4.441499447407664,15.813313045824739,0.37248001153085053,1.0,0.680339393916228,0.39927968966634825,0.9981917310889648,0.39927968966634825,1,injector_degradation,0.2938541666666667,0.2938541666666667,0.0,0.0,0.0,0.0,0.0,0.0,0.0,0.0,0.13223437500000002,0.0,0.0,0.0
22900,2682.1195144106523,87.43907427148463,1081.3420282789084,84.21691662910291,56.29757798715087,16.148468169894404,4.436691865836568,15.796196350601138,0.3723046795432128,1.0,0.6804517711712982,0.39683412915780725,0.9981787423483943,0.39683412915780725,1,injector_degradation,0.29520833333333335,0.29520833333333335,0.0,0.0,0.0,0.0,0.0,0.0,0.0,0.0,0.13284375,0.0,0.0,0.0
22950,2682.1195144106523,87.43189186712146,1080.791306103224,84.21311252433583,56.303293092374666,16.159824131210435,4.431883642692238,15.77907737114931,0.3721293672154558,1.0,0.6805643547762911,0.3943919855208353,0.998165753607824,0.3943919855208353,1,injector_degradation,0.2965625,0.2965625,0.0,0.0,0.0,0.0,0.0,0.0,0.0,0.0,0.133453125,0.0,0.0,0.0
23000,2682.1195144106523,87.42470333287145,1080.239583470634,84.20930195101948,56.309018668705725,16.17119607529411,4.4270747780711694,15.761956107812816,0.37195407460477803,1.0,0.6806771446548271,0.39195326596896446,0.9981527648672536,0.39195326596896446,1,injector_degradation,0.29791666666666666,0.29791666666666666,0.0,0.0,0.0,0.0,0.0,0.0,0.0,0.0,0.1340625,0.0,0.0,0.0
23050,2682.1195144106523,87.41750867130014,1079.6868812057478,84.20548491415786,56.31475471227346,16.182584035911226,4.422265272069628,15.7448325609344,0.3717788017684837,1.0,0.6807901407306584,0.3895179777360464,0.9981397761266831,0.3895179777360464,1,injector_degradation,0.2992708333333333,0.2992708333333333,0.0,0.0,0.0,0.0,0.0,0.0,0.0,0.0,0.134671875,0.0,0.0,0.0
23100,2682.1195144106523,87.41030788497267,1079.1332197055349,84.20166141875154,56.32050121921415,16.193988046922765,4.417455124783633,15.72770673085592,0.3716035487639819,1.0,0.6809033429276722,0.38708612807632503,0.9981267873861127,0.38708612807632503,1,injector_degradation,0.30062500000000003,0.30062500000000003,0.0,0.0,0.0,0.0,0.0,0.0,0.0,0.0,0.13528125000000002,0.0,0.0,0.0
23150,2682.1195144106523,87.40310097645363,1078.5786189481119,84.19783146979762,56.32625818567063,16.205408142285222,4.4126443363089765,15.710578617918435,0.37142831564878753,1.0,0.6810167511698854,0.3846577242645062,0.9981137986455424,0.3846577242645062,1,injector_degradation,0.3019791666666667,0.3019791666666667,0.0,0.0,0.0,0.0,0.0,0.0,0.0,0.0,0.13589062500000001,0.0,0.0,0.0
23200,2682.1195144106523,87.39588794830712,1078.0230985013532,84.1939950722898,56.33202560779247,16.21684435605095,4.4078329067412145,15.693448222462148,0.3712531024805213,1.0,0.6811303653814468,0.3822327735958306,0.998100809904972,0.3822327735958306,1,injector_degradation,0.30333333333333334,0.30333333333333334,0.0,0.0,0.0,0.0,0.0,0.0,0.0,0.0,0.1365,0.0,0.0,0.0
23250,2682.1195144106523,87.38866880309672,1077.4666775313194,84.19015223121824,56.33780348173584,16.228296722368484,4.403020836175662,15.676315544826425,0.37107790931690965,1.0,0.6812441854866358,0.3798112833861477,0.9980878211644015,0.3798112833861477,1,injector_degradation,0.3046875,0.3046875,0.0,0.0,0.0,0.0,0.0,0.0,0.0,0.0,0.137109375,0.0,0.0,0.0
23300,2682.1195144106523,87.3814435433855,1076.9093748105156,84.1863029515697,56.3435918036637,16.239765275482906,4.398208124707402,15.659180585349791,0.3709027362157855,1.0,0.6813582114098653,0.37739326097198533,0.9980748324238311,0.37739326097198533,1,injector_degradation,0.30604166666666666,0.30604166666666666,0.0,0.0,0.0,0.0,0.0,0.0,0.0,0.0,0.13771875,0.0,0.0,0.0
23350,2682.1195144106523,87.37421217173602,1076.3512087259796,84.18244723832748,56.349390569745395,16.251250049736154,4.393394772431284,15.642043344369943,0.37072758323508814,1.0,0.6814724430756743,0.37497871371062763,0.9980618436832607,0.37497871371062763,1,injector_degradation,0.3073958333333333,0.3073958333333333,0.0,0.0,0.0,0.0,0.0,0.0,0.0,0.0,0.138328125,0.0,0.0,0.0
23400,2682.1195144106523,87.36697469071032,1075.7921972872027,84.17858509647152,56.35519977615712,16.262751079567387,4.388580779441923,15.624903822223743,0.37055245043286367,1.0,0.6815868804087364,0.37256764898018435,0.9980488549426904,0.37256764898018435,1,injector_degradation,0.30874999999999997,0.30874999999999997,0.0,0.0,0.0,0.0,0.0,0.0,0.0,0.0,0.1389375,0.0,0.0,0.0
23450,2682.1195144106523,87.35973110286994,1075.2323581338878,84.17471653097823,56.3610194190813,16.27426839951333,4.3837661458336985,15.607762019247222,0.37037733786726473,1.0,0.6817015233338478,0.37016007417966573,0.9980358662021199,0.37016007417966573,1,injector_degradation,0.3101041666666667,0.3101041666666667,0.0,0.0,0.0,0.0,0.0,0.0,0.0,0.0,0.13954687500000001,0.0,0.0,0.0
23500,2682.1195144106523,87.35248141077591,1074.6717085435498,84.17084154682067,56.36684949470701,16.285802044208605,4.378950871700761,15.590617935775581,0.37020224559655146,1.0,0.681816371775936,0.3677559967290569,0.9980228774615495,0.3677559967290569,1,injector_degradation,0.31145833333333334,0.31145833333333334,0.0,0.0,0.0,0.0,0.0,0.0,0.0,0.0,0.14015625,0.0,0.0,0.0
23550,2682.1195144106523,87.34522561698878,1074.1102654389547,84.16696014896849,56.372689999229884,16.29735204838609,4.374134957137021,15.573471572143179,0.370027173679091,1.0,0.6819314256600578,0.36535542406939314,0.9980098887209791,0.36535542406939314,1,injector_degradation,0.3128125,0.3128125,0.0,0.0,0.0,0.0,0.0,0.0,0.0,0.0,0.140765625,0.0,0.0,0.0
23600,2682.1195144106523,87.33796372406857,1073.5480453954133,84.1630723423878,56.37854092885177,16.308918446877268,4.369318402236168,15.55632292868358,0.3698521221733581,1.0,0.6820466849113921,0.3629583636628328,0.9979968999804086,0.3629583636628328,1,injector_degradation,0.3141666666666667,0.3141666666666667,0.0,0.0,0.0,0.0,0.0,0.0,0.0,0.0,0.14137500000000003,0.0,0.0,0.0
23650,2682.1195144106523,87.33069573457482,1072.9850646479167,84.15917813204146,56.384402279781234,16.320501274612564,4.364501207091648,15.539172005729489,0.3696770911379356,1.0,0.6821621494552503,0.36056482299273346,0.9979839112398383,0.36056482299273346,1,injector_degradation,0.31552083333333336,0.31552083333333336,0.0,0.0,0.0,0.0,0.0,0.0,0.0,0.0,0.14198437500000002,0.0,0.0,0.0
23700,2682.1195144106523,87.3234216510665,1072.4213390981317,84.15527752288881,56.390274048233024,16.332100566621712,4.359683371796678,15.522018803612795,0.36950208063151385,1.0,0.6822778192170657,0.358174809563727,0.9979709224992679,0.358174809563727,1,injector_degradation,0.316875,0.316875,0.0,0.0,0.0,0.0,0.0,0.0,0.0,0.0,0.14259375000000002,0.0,0.0,0.0
23750,2682.1195144106523,87.31614147610208,1071.8568843212488,84.1513705198858,56.39615623042837,16.343716358034097,4.354864896444249,15.50486332266457,0.36932709071289177,1.0,0.6823936941223987,0.35578833090179585,0.9979579337586976,0.35578833090179585,1,injector_degradation,0.3182291666666667,0.3182291666666667,0.0,0.0,0.0,0.0,0.0,0.0,0.0,0.0,0.14320312500000001,0.0,0.0,0.0
23800,2682.1195144106523,87.30885521223962,1071.291715572689,84.14745712798498,56.40204882259477,16.35534868407912,4.350045781127117,15.487705563215064,0.36915212144097664,1.0,0.6825097740969345,0.35340539455434705,0.9979449450181271,0.35340539455434705,1,injector_degradation,0.31958333333333333,0.31958333333333333,0.0,0.0,0.0,0.0,0.0,0.0,0.0,0.0,0.1438125,0.0,0.0,0.0
23850,2682.1195144106523,87.30156286203652,1070.725847794677,84.14353735213547,56.40795182096611,16.366997580086558,4.3452260259378015,15.470545525593677,0.36897717287478426,1.0,0.6826260590664823,0.3510260080902895,0.9979319562775568,0.3510260080902895,1,injector_degradation,0.32093750000000004,0.32093750000000004,0.0,0.0,0.0,0.0,0.0,0.0,0.0,0.0,0.14442187500000003,0.0,0.0,0.0
23900,2682.1195144106523,87.29426442804981,1070.1592956226714,84.1396111972831,56.413865221782615,16.37866308148689,4.340405630968604,15.453383210129035,0.36880224507343945,1.0,0.6827425489569778,0.34865017910011276,0.9979189675369864,0.34865017910011276,1,injector_degradation,0.3222916666666667,0.3222916666666667,0.0,0.0,0.0,0.0,0.0,0.0,0.0,0.0,0.14503125000000003,0.0,0.0,0.0
23950,2682.1195144106523,87.28695991283593,1069.5920733916719,84.13567866837019,56.4197890212905,16.390345223811693,4.3355845963115875,15.436218617148915,0.36862733809617604,1.0,0.6828592436944737,0.34627791519596196,0.997905978796416,0.34627791519596196,1,injector_degradation,0.32364583333333335,0.32364583333333335,0.0,0.0,0.0,0.0,0.0,0.0,0.0,0.0,0.14564062500000002,0.0,0.0,0.0
24000,2682.1195144106523,87.27964931895082,1069.0241951423895,84.13173977033568,56.42572321574256,16.40204404269399,4.330762922058587,15.419051746980287,0.3684524520023375,1.0,0.6829761432051529,0.3439092240117128,0.9978929900558455,0.3439092240117128,1,injector_degradation,0.325,0.325,0.0,0.0,0.0,0.0,0.0,0.0,0.0,0.0,0.14625000000000002,0.0,0.0,0.0
24050,2682.1195144106523,87.27233264894994,1068.4556746272929,84.12779450811524,56.431667801397616,16.413759573868603,4.325940608301207,15.40188259994929,0.36827758685137646,1.0,0.6830932474153166,0.3415441132030547,0.9978800013152751,0.3415441132030547,1,injector_degradation,0.32635416666666667,0.32635416666666667,0.0,0.0,0.0,0.0,0.0,0.0,0.0,0.0,0.14685937500000001,0.0,0.0,0.0
24100,2682.1195144106523,87.26500990538818,1067.8865253165313,84.12384288664106,56.43762277452051,16.42549185317253,4.321117655130829,15.384711176381275,0.36810274270285553,1.0,0.6832105562513849,0.339182590447564,0.9978670125747048,0.339182590447564,1,injector_degradation,0.3277083333333333,0.3277083333333333,0.0,0.0,0.0,0.0,0.0,0.0,0.0,0.0,0.14746875,0.0,0.0,0.0
24150,2682.1195144106523,87.25768109082003,1067.3167604037335,84.1198849108419,56.443588131382505,16.437240916545306,4.316294062638598,15.367537476600752,0.3679279196164472,1.0,0.6833280696399041,0.3368246634447842,0.9978540238341344,0.3368246634447842,1,injector_degradation,0.3290625,0.3290625,0.0,0.0,0.0,0.0,0.0,0.0,0.0,0.0,0.148078125,0.0,0.0,0.0
24200,2682.1195144106523,87.2503462077994,1066.746392811688,84.11592058564327,56.44956386826097,16.44900680002936,4.311469830915436,15.350361500931433,0.36775311765193447,1.0,0.683445787507541,0.3344703399163056,0.9978410350935639,0.3344703399163056,1,injector_degradation,0.33041666666666664,0.33041666666666664,0.0,0.0,0.0,0.0,0.0,0.0,0.0,0.0,0.1486875,0.0,0.0,0.0
24250,2682.1195144106523,87.24300525887963,1066.1754351979089,84.11194991596727,56.455549981439084,16.460789539770403,4.306644960052037,15.333183249696226,0.3675783368692107,1.0,0.6835637097810771,0.3321196276058407,0.9978280463529935,0.3321196276058407,1,injector_degradation,0.33177083333333335,0.33177083333333335,0.0,0.0,0.0,0.0,0.0,0.0,0.0,0.0,0.14929687500000002,0.0,0.0,0.0
24300,2682.1195144106523,87.2356582466137,1065.6038999600823,84.10797290673264,56.46154646720633,16.472589172017784,4.301819450138865,15.316002723217212,0.36740357732827966,1.0,0.6836818363874174,0.3297725342793074,0.9978150576124231,0.3297725342793074,1,injector_degradation,0.333125,0.333125,0.0,0.0,0.0,0.0,0.0,0.0,0.0,0.0,0.14990625000000002,0.0,0.0,0.0
24350,2682.1195144106523,87.22830517355396,1065.0317992414075,84.10398956285468,56.46755332185805,16.484405733124866,4.296993301266162,15.298819921815683,0.36722883908925663,1.0,0.6838001672535828,0.32742906772490643,0.9978020688718527,0.32742906772490643,1,injector_degradation,0.33447916666666666,0.33447916666666666,0.0,0.0,0.0,0.0,0.0,0.0,0.0,0.0,0.15051562500000001,0.0,0.0,0.0
24400,2682.1195144106523,87.22094604225231,1064.4591449358204,84.0999998892454,56.473570541695786,16.496239259549395,4.29216651352394,15.281634845812114,0.36705412221236744,1.0,0.6839187023067165,0.325089235753203,0.9977890801312823,0.325089235753203,1,injector_degradation,0.3358333333333334,0.3358333333333334,0.0,0.0,0.0,0.0,0.0,0.0,0.0,0.0,0.151125,0.0,0.0,0.0
24450,2682.1195144106523,87.21358085526015,1063.8859486931178,84.0960038908135,56.479598123026996,16.508089787853887,4.287339087001979,15.264447495526156,0.36687942675794966,1.0,0.6840374414740777,0.3227530461972035,0.9977760913907119,0.3227530461972035,1,injector_degradation,0.33718750000000003,0.33718750000000003,0.0,0.0,0.0,0.0,0.0,0.0,0.0,0.0,0.151734375,0.0,0.0,0.0
24500,2682.1195144106523,87.20620961512827,1063.312221923969,84.09200157246426,56.485636062164865,16.519957354705983,4.282511021789845,15.247257871276691,0.3667047527864524,1.0,0.6841563846830389,0.3204205069124422,0.9977631026501415,0.3204205069124422,1,injector_degradation,0.3385416666666667,0.3385416666666667,0.0,0.0,0.0,0.0,0.0,0.0,0.0,0.0,0.15234375,0.0,0.0,0.0
24550,2682.1195144106523,87.19883232440708,1062.7379758048296,84.08799293909959,56.49168435542879,16.531841996878857,4.2776823179768675,15.230065973381771,0.36653010035843653,1.0,0.6842755318610946,0.31809162577705585,0.9977501139095711,0.31809162577705585,1,injector_degradation,0.33989583333333334,0.33989583333333334,0.0,0.0,0.0,0.0,0.0,0.0,0.0,0.0,0.152953125,0.0,0.0,0.0
24600,2682.1195144106523,87.19144898564639,1062.1632212827521,84.08397799561811,56.49774299914387,16.54374375125156,4.272852975652161,15.212871802158672,0.3663554695345752,1.0,0.6843948829358518,0.31576641069187017,0.9977371251690007,0.31576641069187017,1,injector_degradation,0.34125000000000005,0.34125000000000005,0.0,0.0,0.0,0.0,0.0,0.0,0.0,0.0,0.15356250000000002,0.0,0.0,0.0
24650,2682.1195144106523,87.18405960139557,1061.5879690800966,84.07995674691506,56.5038119896412,16.555662654809446,4.2680229949046025,15.195675357923824,0.3661808603756534,1.0,0.684514437835036,0.31344486958047724,0.9977241364284303,0.31344486958047724,1,injector_degradation,0.3426041666666667,0.3426041666666667,0.0,0.0,0.0,0.0,0.0,0.0,0.0,0.0,0.154171875,0.0,0.0,0.0
24700,2682.1195144106523,87.17666417420344,1061.0122296991472,84.07592919788237,56.50989132325763,16.5675987446445,4.263192375822855,15.178476640992903,0.3660062729425694,1.0,0.684634196486485,0.3111270103893224,0.9977111476878598,0.3111270103893224,1,injector_degradation,0.34395833333333337,0.34395833333333337,0.0,0.0,0.0,0.0,0.0,0.0,0.0,0.0,0.15478125,0.0,0.0,0.0
24750,2682.1195144106523,87.16926270661833,1060.4360134266317,84.07189535340865,56.51598099633571,16.57955205795578,4.258361118495352,15.161275651680764,0.36583170729633346,1.0,0.6847541588181504,0.30881284108778057,0.9976981589472894,0.30881284108778057,1,injector_degradation,0.3453125,0.3453125,0.0,0.0,0.0,0.0,0.0,0.0,0.0,0.0,0.155390625,0.0,0.0,0.0
24800,2682.1195144106523,87.16185520118808,1059.8593303381485,84.06785521837918,56.52208100522398,16.591522632049756,4.2535292230103074,15.144072390301476,0.3656571634980695,1.0,0.6848743247581002,0.30650236966824623,0.9976851702067191,0.30650236966824623,1,injector_degradation,0.3466666666666667,0.3466666666666667,0.0,0.0,0.0,0.0,0.0,0.0,0.0,0.0,0.156,0.0,0.0,0.0
24850,2682.1195144106523,87.1544416604599,1059.2821903025037,84.0638087976759,56.52819134627649,16.60351050434073,4.24869668945571,15.12686685716831,0.3654826416090141,1.0,0.6849946942345121,0.30419560414621055,0.9976721814661487,0.30419560414621055,1,injector_degradation,0.34802083333333333,0.34802083333333333,0.0,0.0,0.0,0.0,0.0,0.0,0.0,0.0,0.156609375,0.0,0.0,0.0
24900,2682.1195144106523,87.14702208698066,1058.7046029859566,84.05975609617741,56.534312015853175,16.61551571235121,4.243863517919321,15.10965905259373,0.36530814169051784,1.0,0.6851152671756793,0.3018925525603469,0.9976591927255782,0.3018925525603469,1,injector_degradation,0.349375,0.349375,0.0,0.0,0.0,0.0,0.0,0.0,0.0,0.0,0.15721875,0.0,0.0,0.0
24950,2682.1195144106523,87.1395964832966,1058.1265778563816,84.05569711875899,56.540443010319564,16.627538293712306,4.239029708488684,15.092448976889425,0.36513366380404455,1.0,0.6852360435100053,0.2995932229725969,0.9976462039850078,0.2995932229725969,1,injector_degradation,0.35072916666666665,0.35072916666666665,0.0,0.0,0.0,0.0,0.0,0.0,0.0,0.0,0.15782812499999999,0.0,0.0,0.0
25000,2682.1195144106523,87.13216485195352,1057.5481241873404,84.05163187029262,56.54658432604691,16.639578286164124,4.234195261251119,15.075236630366282,0.3649592080111723,1.0,0.6853570231660063,0.2972976234682506,0.9976332152444374,0.2972976234682506,1,injector_degradation,0.3520833333333333,0.3520833333333333,0.0,0.0,0.0,0.0,0.0,0.0,0.0,0.0,0.15843749999999998,0.0,0.0,0.0
25050,2682.1195144106523,87.12472719549669,1056.9692510620744,84.04756035564702,56.55273595941207,16.65163572755615,4.229360176293725,15.058022013334401,0.3647847743735933,1.0,0.6854782060723087,0.2950057621560356,0.9976202265038671,0.2950057621560356,1,injector_degradation,0.35343749999999996,0.35343749999999996,5.6616284032514e-05,0.0,0.0,0.0,0.0,0.0,0.0,0.0,0.15904687499999998,0.0,0.0,0.0
25100,2682.1195144106523,87.11728351647088,1056.3899673774117,84.04348257968752,56.55889790679743,16.663710655847673,4.224524453703378,15.040805126103093,0.36461036295311383,1.0,0.6855995921576482,0.29271764716819754,0.9976072377632966,0.29271764716819754,1,injector_degradation,0.35479166666666667,0.35479166666666667,0.00011417102346265616,0.0,0.0,0.0,0.0,0.0,0.0,0.0,0.15965625,0.0,0.0,0.0
25150,2682.1195144106523,87.10983381742028,1055.810281847596,84.03939854727622,56.56507016459106,16.67580310910816,4.219688093566728,15.023585968980871,0.3644359738116553,1.0,0.6857211813508725,0.2904332866605876,0.9975942490227262,0.2904332866605876,1,injector_degradation,0.3561458333333334,0.3561458333333334,0.00017267955235836623,0.0,0.0,0.0,0.0,0.0,0.0,0.0,0.16026562500000002,0.0,0.0,0.0
25200,2682.1195144106523,87.1023781008887,1055.230203008036,84.03530826327187,56.571252729186384,16.687913125517646,4.214851095970218,15.006364542275488,0.3642616070112538,1.0,0.685842973580934,0.2881526888127511,0.9975812602821558,0.2881526888127511,1,injector_degradation,0.35750000000000004,0.35750000000000004,0.0002321574478886989,0.0,0.0,0.0,0.0,0.0,0.0,0.0,0.16087500000000002,0.0,0.0,0.0
25250,2682.1195144106523,87.09491636941931,1054.649739218978,84.03121173252993,56.5774455969826,16.70004074336718,4.210013461000053,14.989140846293877,0.3640872626140603,1.0,0.6859649687768998,0.2858758618280068,0.9975682715415854,0.2858758618280068,1,injector_degradation,0.3588541666666667,0.3588541666666667,0.0002926205339262235,0.0,0.0,0.0,0.0,0.0,0.0,0.0,0.161484375,0.0,0.0,0.0
25300,2682.1195144106523,87.08744862555488,1054.068898669102,84.02710895990253,56.58364876438418,16.71218600105918,4.205175188742227,14.971914881342201,0.3639129406823415,1.0,0.6860871668679404,0.28360281393353953,0.997555282801015,0.28360281393353953,1,injector_degradation,0.36020833333333335,0.36020833333333335,0.0003540848846941588,0.0,0.0,0.0,0.0,0.0,0.0,0.0,0.16209375,0.0,0.0,0.0
25350,2682.1195144106523,87.07997487183758,1053.487689379046,84.02299995023861,56.589862227801206,16.724348937107873,4.200336279282515,14.954686647725852,0.36373864127847955,1.0,0.6862095677833369,0.28133355338048405,0.9975422940604446,0.28133355338048405,1,injector_degradation,0.3615625,0.3615625,0.0004165668284585739,0.0,0.0,0.0,0.0,0.0,0.0,0.0,0.162703125,0.0,0.0,0.0
25400,2682.1195144106523,87.07249511080914,1052.9061192048553,84.01888470838378,56.596085983649026,16.736529590139682,4.195496732706465,14.937456145749408,0.3635643644649722,1.0,0.6863321714524742,0.2790680884440125,0.9975293053198742,0.2790680884440125,1,injector_degradation,0.36291666666666667,0.36291666666666667,0.0004800829512657691,0.0,0.0,0.0,0.0,0.0,0.0,0.0,0.1633125,0.0,0.0,0.0
25450,2682.1195144106523,87.06500934501076,1052.3241958413628,84.01476323918035,56.602320028348394,16.748727998893635,4.190656549099416,14.92022337571671,0.3633901103044336,1.0,0.6864549778048437,0.27680642742342415,0.9975163165793038,0.27680642742342415,1,injector_degradation,0.3642708333333334,0.3642708333333334,0.0005446501007251752,0.0,0.0,0.0,0.0,0.0,0.0,0.0,0.16392187500000002,0.0,0.0,0.0
25500,2682.1195144106523,87.05751757698306,1051.7419268254994,84.01063554746736,56.608564358325495,16.7609442022218,4.185815728546484,14.902988337930799,0.36321587885959405,1.0,0.6865779867700434,0.274548578642229,0.9975033278387335,0.274548578642229,1,injector_degradation,0.36562500000000003,0.36562500000000003,0.000610285389837906,0.0,0.0,0.0,0.0,0.0,0.0,0.0,0.16453125000000002,0.0,0.0,0.0
25550,2682.1195144106523,87.05001980926625,1051.1593195395358,84.00650163808058,56.61481897001191,16.773178239089663,4.180974271132561,14.885751032693918,0.36304167019330036,1.0,0.6867011982777783,0.2722945504482409,0.9974903390981631,0.2722945504482409,1,injector_degradation,0.3669791666666667,0.3669791666666667,0.0006770062008712217,0.0,0.0,0.0,0.0,0.0,0.0,0.0,0.165140625,0.0,0.0,0.0
25600,2682.1195144106523,87.04251604440003,1050.5763812142586,84.00236151585244,56.621083859844326,16.78543014857656,4.176132176942327,14.868511460307566,0.3628674843685163,1.0,0.6868246122578533,0.2700443512136647,0.9974773503575927,0.2700443512136647,1,injector_degradation,0.36833333333333335,0.36833333333333335,0.0007448301892790233,0.0,0.0,0.0,0.0,0.0,0.0,0.0,0.16575,0.0,0.0,0.0
25650,2682.1195144106523,87.0350062849235,1049.9931189320791,83.99821518561225,56.62735902426503,16.7976999698761,4.17128944606024,14.851269621072435,0.36269332144832245,1.0,0.6869482286401843,0.26779798933518273,0.9974643616170222,0.26779798933518273,1,injector_degradation,0.3696875,0.3696875,0.0008137752876685942,0.0,0.0,0.0,0.0,0.0,0.0,0.0,0.166359375,0.0,0.0,0.0
25700,2682.1195144106523,87.02749053337533,1049.4095396300822,83.99406265218596,56.63364445972114,16.809987742296574,4.166446078570546,14.834025515288472,0.36251918149591683,1.0,0.6870720473547816,0.2655554732340474,0.9974513728764518,0.2655554732340474,1,injector_degradation,0.37104166666666666,0.37104166666666666,0.0008838597098137246,0.0,0.0,0.0,0.0,0.0,0.0,0.0,0.16696875,0.0,0.0,0.0
25750,2682.1195144106523,87.0199687922937,1048.8256501030078,83.98990392039627,56.639940162665326,16.822293505261374,4.161602074557268,14.816779143254832,0.3623450645746148,1.0,0.6871960683317654,0.2633168113561704,0.9974383841358815,0.2633168113561704,1,injector_degradation,0.3723958333333333,0.3723958333333333,0.0009551019547143567,0.0,0.0,0.0,0.0,0.0,0.0,0.0,0.167578125,0.0,0.0,0.0
25800,2682.1195144106523,87.01243701218544,1048.2352534408687,83.98573521402551,56.64624612955529,16.834617298309407,4.154330077781766,14.790888255990092,0.36208096566580505,1.0,0.6873202915013549,0.2610820121722143,0.9961702052090343,0.2610820121722143,2,injector_degradation,0.37374999999999997,0.37374999999999997,0.0010275208107028671,0.0,0.0,0.0,0.0,0.0,0.0,0.0,0.1681875,0.0,0.00035963228374600345,0.008220166485622937
25850,2682.1195144106523,87.0048989619404,1047.64424724432,83.9815600535594,56.65256809129884,16.846959161095544,4.149312544259976,14.773024057370344,0.3619005407476303,1.0,0.6874448297584551,0.258851084177679,0.9960673302102679,0.258851084177679,2,injector_degradation,0.3751041666666666,0.3751041666666666,0.0011011353595970909,0.0,0.0,0.0,0.0,0.0,0.0,0.0,0.16879687499999999,0.0,0.0003853973758589818,0.008809082876776727
25900,2682.1195144106523,86.99735463984535,1047.0526376287667,83.97737843992633,56.65890071402159,16.859319133391015,4.14429173679751,14.75514820236081,0.3617200454972475,1.0,0.6875695780294439,0.25662403589299815,0.9959629766206202,0.25662403589299815,2,injector_degradation,0.3764583333333334,0.3764583333333334,0.0011759649809001762,0.0,0.0,0.0,0.0,0.0,0.0,0.0,0.16940625000000004,0.0,0.00041158774331506167,0.00940771984720141
25950,2682.1195144106523,86.98980404412129,1046.4604304814734,83.97319037399171,56.665244000259875,16.871697255083863,4.1392676148042105,14.737260546446132,0.36153947859297575,1.0,0.6876945363642851,0.25440087586362653,0.9958571206103193,0.25440087586362653,2,injector_degradation,0.37781250000000005,0.37781250000000005,0.00125202935604729,0.0,0.0,0.0,0.0,0.0,0.0,0.0,0.17001562500000003,0.0,0.00043821027461655147,0.01001623484837832
26000,2682.1195144106523,86.98224717292248,1045.8676314647423,83.96899585655706,56.67159795264916,16.884093566179345,4.134240137091112,14.719360942978991,0.3613588386943489,1.0,0.6878197048148955,0.25218161266013533,0.995749737982547,0.25218161266013533,2,injector_degradation,0.3791666666666667,0.3791666666666667,0.0013293484726993195,0.0,0.0,0.0,0.0,0.0,0.0,0.0,0.17062500000000003,0.0,0.0004652719654447618,0.010634787781594556
26050,2682.1195144106523,86.97468402433555,1045.2742460190034,83.96479488835911,56.6779625739261,16.896508106800393,4.129209261862539,14.701449243151956,0.36117812444191,1.0,0.6879450834351856,0.24996625487830137,0.9956408041683579,0.24996625487830137,2,injector_degradation,0.38052083333333336,0.38052083333333336,0.0014079426290834317,0.0,0.0,0.0,0.0,0.0,0.0,0.0,0.17123437500000002,0.0,0.0004927799201792011,0.011263541032667454
26100,2682.1195144106523,86.96711459637845,1044.6802793658253,83.96058747006896,56.68433786692935,16.908940917188023,4.124174946708166,14.68352529596923,0.3609973344570052,1.0,0.6880706722810748,0.24775481113920217,0.9955302942215509,0.24775481113920217,2,injector_degradation,0.381875,0.381875,0.0014878324383806247,0.0,0.0,0.0,0.0,0.0,0.0,0.0,0.17184375000000002,0.0,0.0005207413534332186,0.011902659507044997
26150,2682.1195144106523,86.95953888699944,1044.0857365108413,83.95637360229108,56.690723834601336,16.921392037701782,4.119137148594991,14.665588948218067,0.3608164673415774,1.0,0.6881964714105268,0.24554729008930787,0.9954181828134874,0.24554729008930787,2,injector_degradation,0.3832291666666667,0.3832291666666667,0.0015690388331601904,0.0,0.0,0.0,0.0,0.0,0.0,0.0,0.172453125,0.0,0.0005491635916060666,0.012552310665281523
26200,2682.1195144106523,86.95195689407615,1043.4906222465952,83.95215328556253,56.69712047998947,16.93386150882019,4.114095823859224,14.647640044439889,0.3606355216779584,1.0,0.6883224808835735,0.24334370040057393,0.9953044442278605,0.24334370040057393,2,injector_degradation,0.38458333333333333,0.38458333333333333,0.0016515830698610359,0.0,0.0,0.0,0.0,0.0,0.0,0.0,0.1730625,0.0,0.0005780540744513625,0.013212664558888287
26250,2682.1195144106523,86.94436861541453,1042.894941155309,83.94792652035193,56.70352780624771,16.94634937114115,4.109050928198134,14.629678426901268,0.3604544960286628,1.0,0.6884487007623459,0.2411440507705394,0.9951890523554157,0.2411440507705394,2,injector_degradation,0.3859375,0.3859375,0.0017354867333197557,0.0,0.0,0.0,0.0,0.0,0.0,0.0,0.173671875,0.0,0.0006074203566619144,0.013883893866558045
26300,2682.1195144106523,86.93677404874785,1042.2986976115726,83.94369330705854,56.709945816637926,16.958855665382426,4.104002416661802,14.611703935564549,0.36027338893618005,1.0,0.6885751311111001,0.23894834992241568,0.9950719806886206,0.23894834992241568,2,injector_degradation,0.3872916666666667,0.3872916666666667,0.0018207717413454099,0.0,0.0,0.0,0.0,0.0,0.0,0.0,0.17428125000000003,0.0,0.0006372701094708934,0.014566173930763279
26350,2682.1195144106523,86.92917319173563,1041.7018957849582,83.93945364601137,56.71637451453147,16.971380432382063,4.098950243644808,14.593716408058262,0.36009219892276695,1.0,0.6887017719962499,0.23675660660518488,0.994953202316286,0.23675660660518488,2,injector_degradation,0.38864583333333336,0.38864583333333336,0.0019074603493408528,0.0,0.0,0.0,0.0,0.0,0.0,0.0,0.17489062500000002,0.0,0.0006676111222692984,0.015259682794726823
26400,2682.1195144106523,86.92156604196259,1041.1045396425593,83.9352075374681,56.72281390341057,16.98392371309884,4.093894362877853,14.575715679647299,0.35991092449024015,1.0,0.6888286234863924,0.2345688295936931,0.9948326899181406,0.2345688295936931,2,injector_degradation,0.39,0.39,0.001995575154970413,0.0,0.0,0.0,0.0,0.0,0.0,0.0,0.17550000000000002,0.0,0.0006984513042396445,0.015964601239763305
26450,2682.1195144106523,86.91395259693752,1040.5066329514566,83.9309549816142,56.72926398687007,16.99648554861271,4.088834727419318,14.557701583202853,0.3597295641197698,1.0,0.6889556856523438,0.2323850276887479,0.9947104157593526,0.2323850276887479,2,injector_degradation,0.39135416666666667,0.39135416666666667,0.002085139102873769,0.0,0.0,0.0,0.0,0.0,0.0,0.0,0.176109375,0.0,0.0007297986860058191,0.016681112822990153
26500,2682.1195144106523,86.90633285409234,1039.9081792811116,83.9266959785619,56.73572476861866,17.009065980125254,4.083771289646742,14.539673949172066,0.3595481162716711,1.0,0.6890829585671624,0.23020520971721373,0.994586351685011,0.23020520971721373,2,injector_degradation,0.3927083333333333,0.3927083333333333,0.0021761754894257805,0.0,0.0,0.0,0.0,0.0,0.0,0.0,0.17671875,0.0,0.0007616614212990232,0.017409403915406244
26550,2682.1195144106523,86.89870681078082,1039.3091820056898,83.92243052834925,56.74219625248082,17.021665048960127,4.078704001248232,14.521632605547476,0.3593665793851981,1.0,0.6892104423061881,0.2280293845321074,0.9944604691145528,0.2280293845321074,2,injector_degradation,0.3940625,0.3940625,0.0022687079675420252,0.0,0.0,0.0,0.0,0.0,0.0,0.0,0.177328125,0.0,0.0007940477886397087,0.018149663740336202
26600,2682.1195144106523,86.89107446427772,1038.709644306316,83.91815863093905,56.74867844239782,17.034282796563513,4.073632813213841,14.503577377836288,0.35918495187833743,1.0,0.6893381369470613,0.22585756101269674,0.994332739036148,0.22585756101269674,2,injector_degradation,0.39541666666666664,0.39541666666666664,0.002362760551529723,0.0,0.0,0.0,0.0,0.0,0.0,0.0,0.1779375,0.0,0.000826966193035403,0.018902084412237785
26650,2682.1195144106523,86.88343581177742,1038.1095691732576,83.91388028621782,56.75517134243001,17.046919264504588,4.068557675826836,14.485508089029297,0.3590032321476023,1.0,0.6894660425697676,0.22368974806459546,0.9942031320010395,0.22368974806459546,2,injector_degradation,0.3967708333333334,0.3967708333333334,0.0024583576219837497,0.0,0.0,0.0,0.0,0.0,0.0,0.0,0.17854687500000005,0.0,0.0008604251676943123,0.019666860975869997
26700,2682.1195144106523,86.87579085039283,1037.5089594080464,83.9095954939948,56.76167495675794,17.05957449447595,4.06347853865493,14.467424559569693,0.3588214185678273,1.0,0.6895941592566615,0.22152595461986527,0.9940716181178341,0.22152595461986527,2,injector_degradation,0.39812500000000006,0.39812500000000006,0.0025555239307273395,0.0,0.0,0.0,0.0,0.0,0.0,0.0,0.17915625000000004,0.0,0.0008944333757545688,0.020444191445818716
26750,2682.1195144106523,86.86813957715441,1036.9078176255302,83.90530425400084,56.768189289684116,17.072248528294114,4.058395350541445,14.449326607321545,0.3586395094919635,1.0,0.6897224870924987,0.21936618963710836,0.9939381670467533,0.21936618963710836,2,injector_degradation,0.3994791666666667,0.3994791666666667,0.0026542846057971054,0.0,0.0,0.0,0.0,0.0,0.0,0.0,0.17976562500000004,0.0,0.0009289996120289869,0.021234276846376843
26800,2682.1195144106523,86.86048198900886,1036.3061462558626,83.90100656588743,56.774714345635,17.084941407899947,4.053308059596407,14.431214047538154,0.3584575032508751,1.0,0.689851026164478,0.21721046210157058,0.9938027479938386,0.21721046210157058,2,injector_degradation,0.4008333333333334,0.4008333333333334,0.0027546651564718666,0.0,0.0,0.0,0.0,0.0,0.0,0.0,0.18037500000000004,0.0,0.0009641328047651532,0.022037321251774933
26850,2682.1195144106523,86.85281808281792,1035.7039475464271,83.89670242922557,56.78125012916213,17.09765317535913,4.048216613187612,14.413086692830202,0.3582753981531372,1.0,0.6899797765622614,0.2150587810252399,0.9936653297051155,0.2150587810252399,2,injector_degradation,0.40218750000000003,0.40218750000000003,0.0028566914783449155,0.0,0.0,0.0,0.0,0.0,0.0,0.0,0.18098437500000003,0.0,0.0009998420174207204,0.022853531826759324
26900,2682.1195144106523,86.84514785535725,1035.101223563704,83.8923918435047,56.78779664494412,17.110383872862645,4.043120957931589,14.394944353133614,0.3580931924848336,1.0,0.6901087383780142,0.21291115544694322,0.9935258804607149,0.21291115544694322,2,injector_degradation,0.4035416666666667,0.4035416666666667,0.002960389858439029,0.0,0.0,0.0,0.0,0.0,0.0,0.0,0.18159375000000003,0.0,0.00103613645045366,0.02368311886751223
26950,2682.1195144106523,86.83747130331517,1034.49797619507,83.88807480813153,56.79435389778853,17.123133542727214,4.038021039684545,14.376786835677276,0.35791088450935693,1.0,0.6902379117064421,0.2107675944324498,0.9933843680689546,0.2107675944324498,2,injector_degradation,0.40489583333333334,0.40489583333333334,0.003065786980363752,0.0,0.0,0.0,0.0,0.0,0.0,0.0,0.18220312500000002,0.0,0.001073025443127313,0.024526295842910016
27000,2682.1195144106523,86.82978842329152,1033.8942071505426,83.88375132242908,56.80092189263337,17.13590222739579,4.032916803533228,14.358613944950537,0.35772847246720985,1.0,0.6903672966448204,0.20862810707456916,0.9932407598603812,0.20862810707456916,2,injector_degradation,0.40625,0.40625,0.003172909929514347,0.0,0.0,0.0,0.0,0.0,0.0,0.0,0.18281250000000002,0.0,0.0011105184753300212,0.025383279436114774
27050,2682.1195144106523,86.82209921179634,1033.2899179644637,83.87942138563534,56.807500634548866,17.148689969438006,4.027808193785769,14.340425482670605,0.3575459545758076,1.0,0.6904968932930292,0.2064927024932547,0.993095022681775,0.2064927024932547,2,injector_degradation,0.40760416666666666,0.40760416666666666,0.003281786198311669,0.0,0.0,0.0,0.0,0.0,0.0,0.0,0.183421875,0.0,0.001148625169409084,0.02625428958649335
27100,2682.1195144106523,86.81440366524868,1032.6851099971277,83.87508499690233,56.81409012873947,17.16149681155068,4.022695153962441,14.322221247749617,0.3573633290292827,1.0,0.6906267017535925,0.2043613898357012,0.9929471228901148,0.2043613898357012,2,injector_degradation,0.4089583333333333,0.4089583333333333,0.0033924436914822033,0.0,0.0,0.0,0.0,0.0,0.0,0.0,0.18403125,0.0,0.001187355292018771,0.027139549531857626
27150,2682.1195144106523,86.80670177997524,1032.0797844363487,83.8707421552948,56.820690380545486,17.174322796558258,4.017577626786385,14.30400103626164,0.35718059399829105,1.0,0.6907567221317105,0.20223417827645018,0.9927970263465101,0.20223417827645018,2,injector_degradation,0.4103125,0.4103125,0.003504910731377668,0.0,0.0,0.0,0.0,0.0,0.0,0.0,0.184640625,0.0,0.0012267187559821837,0.028039285851021344
27200,2682.1195144106523,86.79899355220925,1031.4739422989778,83.86639285978919,56.82730139544494,17.187167967413313,4.012455554174294,14.285764641409513,0.3569977476298203,1.0,0.6908869545352965,0.20011107701748942,0.992644698410098,0.20011107701748942,2,injector_degradation,0.4116666666666667,0.4116666666666667,0.0036192160633331427,0.0,0.0,0.0,0.0,0.0,0.0,0.0,0.18525,0.0,0.0012667256221666,0.028953728506665142
27250,2682.1195144106523,86.791278978089,1030.8675844323616,83.86203710927236,56.83392317905557,17.200032367196997,4.007328877227045,14.267511853491465,0.35681478804700045,1.0,0.691017399075016,0.19799209528836018,0.9924901039319056,0.19799209528836018,2,injector_degradation,0.41302083333333334,0.41302083333333334,0.0037353888610629667,0.0,0.0,0.0,0.0,0.0,0.0,0.0,0.185859375,0.0,0.0013073861013720382,0.029883110888503733
27300,2682.1195144106523,86.78355805365669,1030.2607115157493,83.8576749025404,56.8405557371363,17.21291603911957,4.0021975362202955,14.249242459867657,0.3566317133489168,1.0,0.691148055864316,0.195877242346253,0.9923332072486822,0.195877242346253,2,injector_degradation,0.414375,0.414375,0.0038534587320934108,0.0,0.0,0.0,0.0,0.0,0.0,0.0,0.18646875,0.0,0.0013487105562326937,0.030827669856747286
27350,2682.1195144106523,86.77583077485701,1029.6533240616463,83.85330623829742,56.84719907558975,17.225819026520835,3.997061470595025,14.230956244926507,0.35644852161042545,1.0,0.6912789250194741,0.19376652747611836,0.9921739721767029,0.19376652747611836,2,injector_degradation,0.41572916666666665,0.41572916666666665,0.003973455723231139,0.0,0.0,0.0,0.0,0.0,0.0,0.0,0.18707812499999998,0.0,0.0013907095031308984,0.03178764578584911
27400,2682.1195144106523,86.76809713753579,1029.0454224171185,83.84893111515447,56.853853200463675,17.238741372870656,3.991920618948067,14.212652990050962,0.3562652108819713,1.0,0.6914100066596266,0.19165995999076677,0.9920123620055414,0.19165995999076677,2,injector_degradation,0.41708333333333336,0.41708333333333336,0.004095410326066378,0.0,0.0,0.0,0.0,0.0,0.0,0.0,0.1876875,0.0,0.0014333936141232321,0.03276328260853102
27450,2682.1195144106523,86.76035713743869,1028.437006765042,83.8445495316281,56.8605181179531,17.25168312176942,3.9867749190225816,14.1943324735846,0.3560817791894095,1.0,0.6915413009068112,0.18955754923097629,0.9918483394918186,0.18955754923097629,2,injector_degradation,0.4184375,0.4184375,0.004219353482509671,0.0,0.0,0.0,0.0,0.0,0.0,0.0,0.188296875,0.0,0.0014767737188783846,0.033754827860077365
27500,2682.1195144106523,86.75261077020986,1027.828077125308,83.84016148613927,56.86719383440212,17.26464431694856,3.981624307698514,14.175994470797637,0.3558982245338295,1.0,0.6916728078860025,0.18745930456559398,0.9916818668529243,0.18745930456559398,2,injector_degradation,0.41979166666666673,0.41979166666666673,0.004345316590361009,0.0,0.0,0.0,0.0,0.0,0.0,0.0,0.18890625000000003,0.0,0.0015208608066263531,0.034762532722888075
27550,2682.1195144106523,86.74485803139049,1027.2186333559757,83.83576697701187,56.87388035630616,17.277625002271012,3.9764687209830196,14.157638753852858,0.35571454489138316,1.0,0.6918045277251552,0.18536523539164426,0.9915129057607202,0.18536523539164426,2,injector_degradation,0.4211458333333334,0.4211458333333334,0.004473331508910105,0.0,0.0,0.0,0.0,0.0,0.0,0.0,0.18951562500000002,0.0,0.0015656660281185366,0.03578665207128084
27600,2682.1195144106523,86.7370989164175,1026.6086751543794,83.83136600247184,56.88057769031393,17.29062522173174,3.971308094000849,14.139265091771367,0.3555307382131152,1.0,0.691936460555245,0.18327535113443422,0.9913414173352181,0.18327535113443422,2,injector_degradation,0.42250000000000004,0.42250000000000004,0.004603430564566397,0.0,0.0,0.0,0.0,0.0,0.0,0.0,0.19012500000000002,0.0,0.0016112006975982386,0.03682744451653117
27650,2682.1195144106523,86.7293669003464,1026.0494977368062,83.82698981383356,56.887285843229144,17.30364501945822,3.9862546996530503,14.192480308152563,0.35608720557771645,1.0,0.6920686065103001,0.18118966124765892,0.9942042921566571,0.18118966124765892,2,injector_degradation,0.4238541666666667,0.4238541666666667,0.004735646556517487,0.0,0.0,0.0,0.0,0.0,0.0,0.0,0.190734375,0.0,0.0016574762947811205,0.0378851724521399
27700,2682.1195144106523,86.72162857445022,1025.4888889984659,83.82260721664613,56.8939571742964,17.316684439710933,3.981138513063518,14.174264869628,0.3559049304424027,1.0,0.6922000271005152,0.17910817521350986,0.9940374967184744,0.17910817521350986,2,injector_degradation,0.42520833333333335,0.42520833333333335,0.004870012762414447,0.0,0.0,0.0,0.0,0.0,0.0,0.0,0.19134375,0.0,0.0017045044668450562,0.03896010209931557
27750,2682.1195144106523,86.71388391087851,1024.9268317677138,83.81821818738092,56.90063923207173,17.329743526883874,3.976003313905582,14.15598173961782,0.35572201347156623,1.0,0.6923316589994319,0.1770309025427826,0.9938659778418154,0.1770309025427826,2,injector_degradation,0.4265625,0.4265625,0.005006562944082394,0.0,0.0,0.0,0.0,0.0,0.0,0.0,0.191953125,0.0,0.0017522970304288377,0.04005250355265915
27800,2682.1195144106523,86.70613288173405,1024.36330913441,83.81382270247144,56.90733205648493,17.342822325505065,3.9708490633245783,14.137630779785638,0.3555384539956046,1.0,0.6924635029936396,0.17495785277498216,0.9936896952217988,0.17495785277498216,2,injector_degradation,0.42791666666666667,0.42791666666666667,0.005145331353254788,0.0,0.0,0.0,0.0,0.0,0.0,0.0,0.1925625,0.0,0.0018008659736391756,0.0411626508260383
27850,2682.1195144106523,86.69837545907149,1023.7983044423589,83.80942073831199,56.91403568754808,17.355920880237033,3.965675721596821,14.119211848701047,0.3553542513229035,1.0,0.6925955598713482,0.17288903547843576,0.9935086080005088,0.17288903547843576,2,injector_degradation,0.4292708333333333,0.4292708333333333,0.005286352737329698,0.0,0.0,0.0,0.0,0.0,0.0,0.0,0.193171875,0.0,0.0018502234580653942,0.04229082189863759
27900,2682.1195144106523,86.69061161489589,1023.2318012818874,83.80501227125626,56.92075016535783,17.369039235877352,3.9604832481213066,14.100724801810076,0.3551694047397581,1.0,0.6927278304224344,0.17082446025039713,0.993322674761433,0.17082446025039713,2,injector_degradation,0.430625,0.430625,0.005429662345146191,0.0,0.0,0.0,0.0,0.0,0.0,0.0,0.19378125,0.0,0.0019003818208011669,0.04343729876116953
27950,2682.1195144106523,86.68284132116128,1022.6637834825505,83.80059727761619,56.92747553009746,17.382177437359136,3.955271601411469,14.082169491405837,0.3549839135103007,1.0,0.6928603154384804,0.1687641367171586,0.9931318535239192,0.1687641367171586,2,injector_degradation,0.43197916666666664,0.43197916666666664,0.005575295932778874,0.0,0.0,0.0,0.0,0.0,0.0,0.0,0.19439062499999998,0.0,0.0019513535764726058,0.04460236746223099
28000,2682.1195144106523,86.67506454976927,1022.0942351059688,83.79617573366045,56.93421182203886,17.39533552975155,3.950040739086951,14.063545766599232,0.3547977768764333,1.0,0.6929930157128148,0.1667080745341609,0.9929361017376456,0.1667080745341609,2,injector_degradation,0.43333333333333335,0.43333333333333335,0.005723289769348824,0.0,0.0,0.0,0.0,0.0,0.0,0.0,0.195,0.0,0.0020031514192720883,0.04578631815479059
28050,2682.1195144106523,86.66728127256755,1021.5231404387924,83.79174761561325,56.94095908154483,17.40851355826032,3.9447906178654373,14.044853473289866,0.3546109940577698,1.0,0.6931259320405565,0.1646562833861036,0.9927353762771166,0.1646562833861036,2,injector_degradation,0.4346875,0.4346875,0.005873680642848564,0.0,0.0,0.0,0.0,0.0,0.0,0.0,0.195609375,0.0,0.0020557882249969974,0.046989445142788515
28100,2682.1195144106523,86.65949146134835,1020.9504839857892,83.78731289965287,56.9477173490711,17.42171156822829,3.9395211935545,14.026092454137029,0.3544235642515834,1.0,0.6932590652186553,0.1626087729870531,0.9925296334361827,0.1626087729870531,2,injector_degradation,0.43604166666666666,0.43604166666666666,0.006026505865979063,0.0,0.0,0.0,0.0,0.0,0.0,0.0,0.19621875,0.0,0.002109277053092672,0.04821204692783251
28150,2682.1195144106523,86.65169508784714,1020.3762504630546,83.78287156191027,56.954486665168425,17.434929605135878,3.9342324210435478,14.007262548531017,0.35423548663276294,1.0,0.6933924160459332,0.1605655530805596,0.9923188289225869,0.1605655530805596,2,injector_degradation,0.4373958333333334,0.4373958333333334,0.006181803281996409,0.0,0.0,0.0,0.0,0.0,0.0,0.0,0.19682812500000002,0.0,0.002163631148698743,0.049454426255971275
28200,2682.1195144106523,86.64389212374095,1019.8004247913415,83.77842357846782,56.96126707048525,17.44816771460166,3.9289242542957696,13.988363592564458,0.35404676035377664,1.0,0.6935259853231361,0.15852663343976303,0.992102917852548,0.15852663343976303,2,injector_degradation,0.43875000000000003,0.43875000000000003,0.006339611270565808,0.0,0.0,0.0,0.0,0.0,0.0,0.0,0.19743750000000002,0.0,0.0022188639446980326,0.05071689016452646
28250,2682.1195144106523,86.63608254064695,1019.2229920895069,83.77396892535774,56.96805860576928,17.461425942382846,3.923596646340204,13.969395419004071,0.3538573845446443,1.0,0.6936597738529655,0.15649202386751102,0.9918818547453755,0.15649202386751102,2,injector_degradation,0.4401041666666667,0.4401041666666667,0.006499968753620372,0.0,0.0,0.0,0.0,0.0,0.0,0.0,0.198046875,0.0,0.00227498906376713,0.051999750028962975
28300,2682.1195144106523,86.62826631012086,1018.6439376680738,83.76950757856093,56.97486131187031,17.474704334375843,3.9182495492638116,13.95035785726245,0.35366735831291773,1.0,0.6937937824401342,0.15446173419646697,0.9916555935181283,0.15446173419646697,2,injector_degradation,0.44145833333333334,0.44145833333333334,0.006662915201222186,0.0,0.0,0.0,0.0,0.0,0.0,0.0,0.19865625,0.0,0.002332020320427765,0.053303321609777486
28350,2682.1195144106523,86.6204434036556,1018.0632470229058,83.76503951400531,56.981675229741825,17.48800293661677,3.912882914203696,13.931250733370351,0.3534766807436709,1.0,0.6939280118913972,0.15243577428922658,0.9914240874803164,0.15243577428922658,2,injector_degradation,0.44281250000000005,0.44281250000000005,0.006828490637422846,0.0,0.0,0.0,0.0,0.0,0.0,0.0,0.19926562500000003,0.0,0.002389971723097996,0.05462792509938277
28400,2682.1195144106523,86.6126137926795,1017.4809058289933,83.76056470756453,56.98850040044397,17.50132179528198,3.9074966913393308,13.912073869949037,0.3532853508994985,1.0,0.6940624630156109,0.15041415403843109,0.9911872893286519,0.15041415403843109,2,injector_degradation,0.4441666666666667,0.4441666666666667,0.006996735646120652,0.0,0.0,0.0,0.0,0.0,0.0,0.0,0.19987500000000002,0.0,0.002448857476142228,0.05597388516896522
28450,2682.1195144106523,86.60477744855496,1016.8968999343468,83.75608313505654,56.995336865145354,17.514660956688616,3.9020908298849455,13.89282708618315,0.3530933678205252,1.0,0.6941971366237685,0.14839688336688178,0.9909451511418538,0.14839688336688178,2,injector_degradation,0.44552083333333337,0.44552083333333337,0.007167691376911688,0.0,0.0,0.0,0.0,0.0,0.0,0.0,0.20048437500000002,0.0,0.0025086919819190907,0.057341531015293504
28500,2682.1195144106523,86.59693434257667,1016.3112153539988,83.75159477224207,57.00218466512545,17.528020467295125,3.8966652780819504,13.873510197793763,0.3529007305244237,1.0,0.6943320335290466,0.1463839722276545,0.9906976243755097,0.1463839722276545,2,injector_degradation,0.446875,0.446875,0.007341399550931416,0.0,0.0,0.0,0.0,0.0,0.0,0.0,0.20109375000000002,0.0,0.0025694898428259955,0.05873119640745133
28550,2682.1195144106523,86.58908444597029,1015.7238382641088,83.74709959482323,57.0090438417771,17.54140037370182,3.8912199831914984,13.854123017011876,0.3527074380064444,1.0,0.6944671545468558,0.1443754306042158,0.9904446598570005,0.1443754306042158,2,injector_degradation,0.4482291666666667,0.4482291666666667,0.007517902466683899,0.0,0.0,0.0,0.0,0.0,0.0,0.0,0.201703125,0.0,0.0026312658633393647,0.06014321973347119
28600,2682.1195144106523,86.58122772989066,1015.134754996173,83.74259757844197,57.01591443660861,17.554800722651407,3.8857548914871427,13.834665352552284,0.3525134892394549,1.0,0.6946025004948807,0.14237126851053797,0.9901862077804944,0.14237126851053797,2,injector_degradation,0.44958333333333333,0.44958333333333333,0.007697243005855175,0.0,0.0,0.0,0.0,0.0,0.0,0.0,0.2023125,0.0,0.002694035052049311,0.0615779440468414
28650,2682.1195144106523,86.57336416542023,1014.5439520313331,83.73808869867878,57.02279649124633,17.568221561029535,3.8802699482476135,13.815137009587867,0.35231888317399107,1.0,0.6947380721931316,0.1403714959912175,0.9899222177020118,0.1403714959912175,2,injector_degradation,0.4509375,0.4509375,0.007879464639107383,0.0,0.0,0.0,0.0,0.0,0.0,0.0,0.202921875,0.0,0.002757812623687584,0.06303571711285906
28700,2682.1195144106523,86.5654937235675,1013.9514159947863,83.73357293105101,57.029690047436766,17.581662935865335,3.8747650977497274,13.795537789724325,0.35212361873831977,1.0,0.6948738704639856,0.1383761231215913,0.9896526385345689,0.1383761231215913,2,injector_degradation,0.45229166666666665,0.45229166666666665,0.008064611431850036,0.0,0.0,0.0,0.0,0.0,0.0,0.0,0.20353125,0.0,0.0028226140011475124,0.06451689145480029
28750,2682.1195144106523,86.55761637526547,1013.357133650292,83.72905025101142,57.03659514704917,17.595124894331985,3.8692402832614183,13.77586749097539,0.35192769483851327,1.0,0.6950098961322378,0.13638516000785292,0.9893774185434053,0.13638516000785292,2,injector_degradation,0.4536458333333333,0.4536458333333333,0.008252728049984802,0.0,0.0,0.0,0.0,0.0,0.0,0.0,0.204140625,0.0,0.0028884548174946804,0.06602182439987841
28800,2682.1195144106523,86.54973209136978,1012.7610918947747,83.72452063394678,57.04351183207805,17.60860748374724,3.863695447034919,13.75612590773853,0.3517311103585367,1.0,0.6951461500251512,0.13439861678717407,0.9890965053413009,0.13439861678717407,2,injector_degradation,0.45499999999999996,0.45499999999999996,0.008443859765619842,0.0,0.0,0.0,0.0,0.0,0.0,0.0,0.20475,0.0,0.0029553509179669445,0.06755087812495873
28850,2682.1195144106523,86.54184084265734,1012.1632777530216,83.71998405517621,57.05044014464516,17.622110751574013,3.858130530300096,13.73631283077123,0.3515338641603476,1.0,0.6952826329724948,0.13241650362781918,0.9888098458839868,0.13241650362781918,2,injector_degradation,0.45635416666666667,0.45635416666666667,0.008638052462749743,0.0,0.0,0.0,0.0,0.0,0.0,0.0,0.205359375,0.0,0.00302331836196241,0.06910441970199795
28900,2682.1195144106523,86.53394259982451,1011.563678372473,83.7154404899498,57.0573801270025,17.63563474542091,3.8525454732579396,13.716428047167811,0.35133595508400894,1.0,0.6954193458066039,0.13043883072926868,0.988517386465659,0.13043883072926868,2,injector_degradation,0.4577083333333334,0.4577083333333334,0.008835352642896959,0.0,0.0,0.0,0.0,0.0,0.0,0.0,0.20596875000000003,0.0,0.0030923734250139353,0.07068282114317567
28950,2682.1195144106523,86.52603733348548,1010.9622810181037,83.71088991344692,57.064331821534275,17.649179513042785,3.8469402150742065,13.696471340336794,0.3511373819478154,1.0,0.6955562893624176,0.12846560832233786,0.988219072714597,0.12846560832233786,2,injector_degradation,0.45906250000000004,0.45906250000000004,0.009035807430710347,0.0,0.0,0.0,0.0,0.0,0.0,0.0,0.20657812500000003,0.0,0.0031625326007486214,0.07228645944568278
29000,2682.1195144106523,86.51812501417066,1010.3590730673956,83.70633230077487,57.07129527075972,17.662745102341344,3.841314693873283,13.67644248997905,0.3509381435484357,1.0,0.6956934644775356,0.12649684666929387,0.9879148495888987,0.12649684666929387,2,injector_degradation,0.4604166666666667,0.4604166666666667,0.009239464579516412,0.0,0.0,0.0,0.0,0.0,0.0,0.0,0.20718750000000002,0.0,0.003233812602830744,0.07391571663613129
29050,2682.1195144106523,86.51020561232485,1009.7540420053975,83.70176762696724,57.07827051733543,17.676331561365647,3.8356688467321938,13.656341272066477,0.3507382386610671,1.0,0.695830871992263,0.12453255606398268,0.9876046613723343,0.12453255606398268,2,injector_degradation,0.46177083333333335,0.46177083333333335,0.009446372476818668,0.0,0.0,0.0,0.0,0.0,0.0,0.0,0.20779687500000002,0.0,0.0033062303668865336,0.07557097981454934
29100,2682.1195144106523,86.50227909830579,1009.1471754198734,83.69719586698227,57.085257604057745,17.689938938312732,3.830002609674829,13.636167458821435,0.35053766603960623,1.0,0.6959685127496581,0.12257274683194488,0.9872884516703254,0.12257274683194488,2,injector_degradation,0.463125,0.463125,0.00965658014974024,0.0,0.0,0.0,0.0,0.0,0.0,0.0,0.20840625000000002,0.0,0.0033798030524090843,0.07725264119792193
29150,2682.1195144106523,86.49434544238221,1008.5384609965364,83.69261699570148,57.09225657386552,17.70356728152815,3.8243159176663797,13.61592081869694,0.3503364244168356,1.0,0.6961063875955865,0.12061742933054122,0.9869661634060622,0.12061742933054122,2,injector_degradation,0.46447916666666667,0.46447916666666667,0.009870137270404934,0.0,0.0,0.0,0.0,0.0,0.0,0.0,0.209015625,0.0,0.0034545480446417265,0.07896109816323947
29200,2682.1195144106523,86.48640461473235,1007.9278865143677,83.68803098792796,57.09926746984235,17.717216639506557,3.8186087046079966,13.595601116357653,0.3501345125046259,1.0,0.6962444973787653,0.11866661394907448,0.9866377388167582,0.11866661394907448,2,injector_degradation,0.4658333333333334,0.4658333333333334,0.010087094161251463,0.0,0.0,0.0,0.0,0.0,0.0,0.0,0.20962500000000003,0.0,0.003530482956438012,0.0806967532900117
29250,2682.1195144106523,86.47845658544213,1007.3154398410192,83.68343781838485,57.10629033521947,17.730887060892268,3.8128809033316577,13.575208112661597,0.34993192899415504,1.0,0.6963828429508193,0.11672031110891251,0.9863031194500557,0.11672031110891251,2,injector_degradation,0.46718750000000003,0.46718750000000003,0.010307501800275643,0.0,0.0,0.0,0.0,0.0,0.0,0.0,0.21023437500000003,0.0,0.0036076256300964747,0.08246001440220514
29300,2682.1195144106523,86.47050132450346,1006.7011089282984,83.67883746171378,57.11332521337784,17.744578594479858,3.8071324455953044,13.55474156464284,0.3497286725561433,1.0,0.6965214251663238,0.11477853126361187,0.9859622461605857,0.11477853126361187,2,injector_degradation,0.4685416666666667,0.4685416666666667,0.010531411826195217,0.0,0.0,0.0,0.0,0.0,0.0,0.0,0.21084375000000002,0.0,0.003685994139168326,0.08425129460956174
29350,2682.1195144106523,86.46253880181251,1006.0848818077358,83.67422989247319,57.12037214785118,17.75829128921473,3.8013632620782185,13.534201225495048,0.34952474184110843,1.0,0.6966602448828626,0.11284128489904255,0.9856150591066949,0.11284128489904255,2,injector_degradation,0.46989583333333335,0.46989583333333335,0.010758876543531365,0.0,0.0,0.0,0.0,0.0,0.0,0.0,0.21145312500000002,0.0,0.0037656067902359773,0.08607101234825092
29400,2682.1195144106523,86.45456898716805,1005.466746586232,83.66961508513691,57.12743118232832,17.772025194193695,3.795573282376659,13.513586844555931,0.3493201354796359,1.0,0.6967993029610756,0.11090858253351286,0.9852614977473405,0.11090858253351286,2,injector_degradation,0.47125,0.47125,0.010989948927601363,0.0,0.0,0.0,0.0,0.0,0.0,0.0,0.21206250000000001,0.0,0.003846482124660477,0.0879195914208109
29450,2682.1195144106523,86.44659185026961,1004.8466914417851,83.66499301409237,57.13450236065562,17.785780358665576,3.7897624349997963,13.49289816729279,0.3491148520826703,1.0,0.6969386002647052,0.10898043471789427,0.9849015008391702,0.10898043471789427,2,injector_degradation,0.47260416666666666,0.47260416666666666,0.011224682629416236,0.0,0.0,0.0,0.0,0.0,0.0,0.0,0.212671875,0.0,0.0039286389202956825,0.08979746103532989
29500,2682.1195144106523,86.43860736071588,1004.2247046192962,83.6603636536392,57.14158572683985,17.79955683203177,3.7839306473659104,13.47213493528896,0.3489088902418242,1.0,0.6970781376606547,0.10705685203574972,0.9845350064337869,0.10705685203574972,2,injector_degradation,0.4739583333333333,0.4739583333333333,0.0114631319804772,0.0,0.0,0.0,0.0,0.0,0.0,0.0,0.21328125,0.0,0.00401209619316702,0.0917050558438176
29550,2682.1195144106523,86.43061548800284,1003.6007744264535,83.65572697798746,57.14868132505063,17.813354663846866,3.778077845798917,13.451296886231454,0.34870224852970805,1.0,0.6972179160190345,0.10513784510345625,0.9841619518752148,0.10513784510345625,2,injector_degradation,0.47531249999999997,0.47531249999999997,0.011705351997464518,0.0,0.0,0.0,0.0,0.0,0.0,0.0,0.213890625,0.0,0.0040968731991125815,0.09364281597971615
29600,2682.1195144106523,86.42261620152203,1002.9748892296933,83.65108296125618,57.15578919962311,17.827173903819215,3.772203955525187,13.430383753899642,0.3484949255002793,1.0,0.6973579362132166,0.10322342457033729,0.9837822737975684,0.10322342457033729,2,injector_degradation,0.4766666666666666,0.4766666666666666,0.011951398386812147,0.0,0.0,0.0,0.0,0.0,0.0,0.0,0.2145,0.0,0.004182989435384251,0.09561118709449717
29650,2682.1195144106523,86.41460947055896,1002.3470374502366,83.64643157747167,57.16290939506042,17.84101460181155,3.7663089006707224,13.409395268155178,0.34828691968921344,1.0,0.6974981991198815,0.10131360111878619,0.9833959081229414,0.10131360111878619,2,injector_degradation,0.4780208333333334,0.4780208333333334,0.012201327549161395,0.0,0.0,0.0,0.0,0.0,0.0,0.0,0.21510937500000002,0.0,0.0042704646422064875,0.09761062039329116
29700,2682.1195144106523,86.40659526429107,1001.7172075602028,83.64177280056583,57.170041956036385,17.854876807841567,3.760392604258664,13.38833115493315,0.348078229614296,1.0,0.697638705619073,0.09940838546439797,0.9830027900595176,0.09940838546439797,2,injector_degradation,0.47937500000000005,0.47937500000000005,0.012455196583686531,0.0,0.0,0.0,0.0,0.0,0.0,0.0,0.21571875000000001,0.0,0.0043593188042902855,0.09964157266949225
29750,2682.1195144106523,86.39857355178628,1001.0853880787976,83.63710660437476,57.177186927398544,17.868760572082536,3.7544549882071263,13.367191136234357,0.34786885377583576,1.0,0.6977794565942559,0.09750778835609601,0.9826028540999184,0.09750778835609601,2,injector_degradation,0.4807291666666667,0.4807291666666667,0.012713063292285205,0.0,0.0,0.0,0.0,0.0,0.0,0.0,0.216328125,0.0,0.004449572152299822,0.10170450633828164
29800,2682.1195144106523,86.39054430200105,1000.4515675685751,83.63243296263698,57.18434435416997,17.882665944863906,3.7484959733274814,13.3459749301192,0.3476587906571027,1.0,0.6979204529323538,0.09561182057626318,0.9821960340197955,0.09561182057626318,2,injector_degradation,0.48208333333333336,0.48208333333333336,0.012974986183626165,0.0,0.0,0.0,0.0,0.0,0.0,0.0,0.2169375,0.0,0.0045412451642691575,0.10379988946900932
29850,2682.1195144106523,86.38250748377868,999.8157346317747,83.62775184899186,57.19151428155256,17.89659297667192,3.7425154793229525,13.324682250702683,0.3474480387247867,1.0,0.6980616955238127,0.09372049294087081,0.9817822628766767,0.09372049294087081,2,injector_degradation,0.4834375,0.4834375,0.013241024477046531,0.0,0.0,0.0,0.0,0.0,0.0,0.0,0.217546875,0.0,0.004634358566966285,0.10592819581637225
29900,2682.1195144106523,86.37446306584758,999.1778779067307,83.623063236978,57.198696754929415,17.9105417181502,3.7365134247876606,13.303312808151004,0.3472365964294822,1.0,0.6982031852626481,0.09183381629961199,0.9813614730090816,0.09183381629961199,2,injector_degradation,0.4847916666666667,0.4847916666666667,0.013511238106291169,0.0,0.0,0.0,0.0,0.0,0.0,0.0,0.21815625,0.0,0.004728933337201909,0.10808990485032935
29950,2682.1195144106523,86.36641101681943,998.5379860643549,83.6183671000316,57.20589181986754,17.924512220100393,3.7304897272060753,13.28186630867962,0.34702446220619604,1.0,0.6983449230464983,0.08995180153603075,0.9809335960359085,0.08995180153603075,2,injector_degradation,0.48614583333333333,0.48614583333333333,0.013785687723085359,0.0,0.0,0.0,0.0,0.0,0.0,0.0,0.218765625,0.0,0.004824990703079875,0.11028550178468287
30000,2682.1195144106523,86.35835130518751,997.8960478046926,83.61366341148499,57.213099522120565,17.938504533482778,3.7244443029528886,13.260342454552775,0.3468116344748804,1.0,0.6984869097766783,0.08807445956765406,0.980498562856111,0.08807445956765406,2,injector_degradation,0.48750000000000004,0.48750000000000004,0.014064434700533162,0.0,0.0,0.0,0.0,0.0,0.0,0.0,0.21937500000000001,0.0,0.004922552145186606,0.1125154776042653
30050,2682.1195144106523,86.3502838993249,997.2520518535497,83.6089521445648,57.22031990763115,17.95251870941687,3.718377067293373,13.238740944084794,0.34659811164099247,1.0,0.6986291463582263,0.08620180134612672,0.9800563036486738,0.08620180134612672,2,injector_degradation,0.4888541666666667,0.4888541666666667,0.01434754113633255,0.0,0.0,0.0,0.0,0.0,0.0,0.0,0.219984375,0.0,0.005021639397716392,0.1147803290906604
30100,2682.1195144106523,86.34220876748276,996.6059869591928,83.6042332723905,57.22755302253388,17.966554799182063,3.7122879343841926,13.217061471642959,0.3463838920960794,1.0,0.6987716336999618,0.08433383785734302,0.9796067478728978,0.08433383785734302,2,injector_degradation,0.49020833333333336,0.49020833333333336,0.014635069855798367,0.0,0.0,0.0,0.0,0.0,0.0,0.0,0.22059375,0.0,0.005122274449529428,0.11708055884638693
30150,2682.1195144106523,86.33412587778855,995.9578418891207,83.59950676797285,57.23479891315784,17.980612854218236,3.7061768172746805,13.19530372765206,0.3461689742183902,1.0,0.6989143727145354,0.08247058012158176,0.9791498242690042,0.08247058012158176,2,injector_degradation,0.4915625,0.4915625,0.014927084414684615,0.0,0.0,0.0,0.0,0.0,0.0,0.0,0.221203125,0.0,0.005224479545139615,0.11941667531747692
30200,2682.1195144106523,86.32603519824437,995.3076054269067,83.59477260421215,57.24205762602895,17.994692926126408,3.7000436279086615,13.173467398600891,0.34595335637351626,1.0,0.6990573643184755,0.08061203919363888,0.9786854608590757,0.08061203919363888,2,injector_degradation,0.49291666666666667,0.49291666666666667,0.01522364910179633,0.0,0.0,0.0,0.0,0.0,0.0,0.0,0.2218125,0.0,0.005328277185628716,0.12178919281437064
30250,2682.1195144106523,86.3179366967251,994.655266369114,83.59003075389671,57.24932920787315,18.00879506666934,3.6938882771267707,13.151552167050493,0.345737036915059,1.0,0.699200609432251,0.07875822616296557,0.978213584948342,0.07875822616296557,2,injector_degradation,0.4942708333333333,0.4942708333333333,0.015524828941381678,0.0,0.0,0.0,0.0,0.0,0.0,0.0,0.222421875,0.0,0.005433690129483587,0.12419863153105343
30300,2682.1195144106523,86.30983034097676,994.0008135222805,83.58528118970133,57.2566137056186,18.022919327772186,3.687710674669316,13.129557711644358,0.34552001418532685,1.0,0.6993441089803135,0.07690915215380244,0.9777341231268226,0.07690915215380244,2,injector_degradation,0.495625,0.495625,0.015830689695294737,0.0,0.0,0.0,0.0,0.0,0.0,0.0,0.22303125,0.0,0.005540741393353157,0.1266455175623579
30350,2682.1195144106523,86.30171609861475,993.3442356999761,83.58052388418571,57.26391116639852,18.037065761523127,3.681510729179716,13.107483707120654,0.34530228651606193,1.0,0.6994878638911554,0.07506482832531625,0.9772470012713421,0.07506482832531625,2,injector_degradation,0.49697916666666664,0.49697916666666664,0.016141297864918677,0.0,0.0,0.0,0.0,0.0,0.0,0.0,0.22364062499999998,0.0,0.005649454252721536,0.12913038291934942
30400,2682.1195144106523,86.29359393712218,992.6855217199314,83.57575880979277,57.27122163755357,18.05123442017402,3.675288348208506,13.085329824326513,0.3450838522291967,1.0,0.6996318750973541,0.07322526587173667,0.9767521445479282,0.07322526587173667,2,injector_degradation,0.4983333333333334,0.4983333333333334,0.01645672069283928,0.0,0.0,0.0,0.0,0.0,0.0,0.0,0.22425000000000003,0.0,0.0057598522424937475,0.13165376554271424
30450,2682.1195144106523,86.28546382384809,992.0246604012367,83.57098593884717,57.27854516663469,18.065425356141017,3.669043438217942,13.063095730234386,0.34486470963764143,1.0,0.6997761435356306,0.07139047602249564,0.9762494774146067,0.07139047602249564,2,injector_degradation,0.49968750000000006,0.49968750000000006,0.016777026164258316,0.0,0.0,0.0,0.0,0.0,0.0,0.0,0.22485937500000003,0.0,0.00587195915749041,0.13421620931406653
30500,2682.1195144106523,86.27732572600581,991.361640561613,83.56620524355384,57.28588180140566,18.079638622005238,3.6627759045872357,13.040781087960719,0.3446448570461034,1.0,0.6999206701468978,0.06956047004236418,0.9757389236246089,0.06956047004236418,2,injector_degradation,0.5010416666666667,0.5010416666666667,0.017102283008135957,0.0,0.0,0.0,0.0,0.0,0.0,0.0,0.22546875000000002,0.0,0.005985799052847585,0.13681826406508765
30550,2682.1195144106523,86.26917961067124,990.6964510147551,83.56141669599629,57.29323158984534,18.093874270513407,3.656485651618413,13.018385556786786,0.3444242927519378,1.0,0.7000654558763064,0.06773525923159233,0.9752204062300005,0.06773525923159233,2,injector_degradation,0.5023958333333334,0.5023958333333334,0.017432560698051287,0.0,0.0,0.0,0.0,0.0,0.0,0.0,0.22607812500000002,0.0,0.00610139624431795,0.1394604855844103
30600,2682.1195144106523,86.26102544478124,990.0290805677461,83.55662026813513,57.30059458015089,18.108132354578512,3.6501725825428557,12.995908792181991,0.3442030150460318,1.0,0.7002105016733069,0.06591485492604829,0.9746938475857522,0.06591485492604829,2,injector_degradation,0.50375,0.50375,0.01776792945276972,0.0,0.0,0.0,0.0,0.0,0.0,0.0,0.22668750000000001,0.0,0.006218775308469401,0.14214343562215775
30650,2682.1195144106523,86.25286319513185,989.3595180185438,83.55181593180663,57.307970820739605,18.12241292728044,3.6438365995285102,12.973350445829533,0.34398102221372223,1.0,0.7003558084916861,0.0640992684973611,0.9741591693542596,0.0640992684973611,2,injector_degradation,0.5051041666666667,0.5051041666666667,0.018108460236505773,0.0,0.0,0.0,0.0,0.0,0.0,0.0,0.227296875,0.0,0.00633796108277702,0.14486768189204619
30700,2682.1195144106523,86.2446928283768,988.6877521535392,83.54700365872111,57.315360360252065,18.13671604186667,3.6374776036878034,12.950710165654584,0.34375831253574707,1.0,0.7005013772896298,0.06228851135305773,0.9736162925103335,0.06228851135305773,2,injector_degradation,0.5064583333333333,0.5064583333333333,0.018454224758869344,0.0,0.0,0.0,0.0,0.0,0.0,0.0,0.22790625,0.0,0.00645897866560427,0.14763379807095475
30750,2682.1195144106523,86.23651431102576,988.0137717451893,83.54218342046158,57.32276324755413,18.151041751752903,3.6310954950862926,12.927987595855088,0.34353488428923135,1.0,0.7006472090297615,0.06048259493670882,0.9730651373466688,0.06048259493670882,2,injector_degradation,0.5078125,0.5078125,0.01880529547448384,0.0,0.0,0.0,0.0,0.0,0.0,0.0,0.228515625,0.0,0.006581853416069344,0.15044236379587073
30800,2682.1195144106523,86.22832760944277,987.3375655497208,83.53735518848214,57.33017953173977,18.16539011052375,3.6246901727520533,12.90518237693519,0.3433107357487095,1.0,0.7007933046791985,0.0586815307280685,0.9725056234798123,0.0586815307280685,2,injector_degradation,0.5091666666666667,0.5091666666666667,0.019161745582263422,0.0,0.0,0.0,0.0,0.0,0.0,0.0,0.229125,0.0,0.006706610953792197,0.15329396465810738
30850,2682.1195144106523,86.22013268984466,986.6591223049089,83.53251893410663,57.33760926213337,18.17976117193338,3.618261534685847,12.88229414574143,0.34308586518718265,1.0,0.7009396652095968,0.056885330243219186,0.9719376698566423,0.056885330243219186,2,injector_degradation,0.5105208333333333,0.5105208333333333,0.019523649024337213,0.0,0.0,0.0,0.0,0.0,0.0,0.0,0.229734375,0.0,0.006833277158518025,0.1561891921946977
30900,2682.1195144106523,86.21192951829943,985.97843072793,83.52767462852711,57.34505248829222,18.1941549899062,3.611809477872085,12.859322535501782,0.342860270877213,1.0,0.7010862915972005,0.055094005034715184,0.9713611947613751,0.055094005034715184,2,injector_degradation,0.511875,0.511875,0.01989108048460763,0.0,0.0,0.0,0.0,0.0,0.0,0.0,0.23034374999999999,0.0,0.00696187816961267,0.15912864387686104
30950,2682.1195144106523,86.20371806072473,985.2954795132888,83.52282224280253,57.35250926000906,18.208571618537547,3.6053338982905996,12.83626717586756,0.34263395109205597,1.0,0.7012331848228921,0.053307566691724755,0.9707761158231145,0.053307566691724755,2,injector_degradation,0.5132291666666666,0.5132291666666666,0.020264115386929665,0.0,0.0,0.0,0.0,0.0,0.0,0.0,0.23095312499999998,0.0,0.007092440385425382,0.16211292309543732
31000,2682.1195144106523,86.19549828288632,984.6102573308204,83.51796174785727,57.35997962731419,18.22301111209434,3.5988346909292734,12.813127692958389,0.3424069041068296,1.0,0.701380345872234,0.05152602684017868,0.9701823500239608,0.05152602684017868,2,injector_degradation,0.5145833333333333,0.5145833333333333,0.020642829892898035,0.0,0.0,0.0,0.0,0.0,0.0,0.0,0.23156249999999998,0.0,0.007224990462514311,0.16514263914318428
31050,2682.1195144106523,86.18727015039661,983.9227528237692,83.51309311447977,57.367463640478164,18.237473525015762,3.5923117497975268,12.78990370941022,0.34217912819972257,1.0,0.7015277757355208,0.04974939714291531,0.9695798137076945,0.04974939714291531,2,injector_degradation,0.5159374999999999,0.5159374999999999,0.021027300899228565,0.0,0.0,0.0,0.0,0.0,0.0,0.0,0.23217187499999997,0.0,0.0073595553147299975,0.16821840719382852
31100,2682.1195144106523,86.17903362871306,983.2329546069428,83.50821631332127,57.37496135001385,18.25195891191397,3.5857649679406953,12.766594844426521,0.3419506216532414,1.0,0.7016754754078212,0.04797768929982435,0.9689684225890519,0.04797768929982435,2,injector_degradation,0.5172916666666667,0.5172916666666667,0.021417606034720118,0.0,0.0,0.0,0.0,0.0,0.0,0.0,0.23278125000000002,0.0,0.007496162112152041,0.17134084827776094
31150,2682.1195144106523,86.17078868313678,982.5408512649452,83.50333131489441,57.382472806678805,18.26646732757474,3.579194237455335,12.743200713832765,0.34172138275549846,1.0,0.7018234458890238,0.04621091504799959,0.9683480917636067,0.04621091504799959,2,injector_degradation,0.5186458333333334,0.5186458333333334,0.021813823656782902,0.0,0.0,0.0,0.0,0.0,0.0,0.0,0.23339062500000002,0.0,0.007634838279874015,0.17451058925426322
31200,2682.1195144106523,86.16253527881122,981.8464313504868,83.49843808957189,57.38999806147763,18.280998826958214,3.572599449505454,12.71972093013423,0.3414914098015378,1.0,0.7019716881838837,0.04444908616188,0.9677187357182784,0.04444908616188,2,injector_degradation,0.52,0.52,0.022216032847519215,0.0,0.0,0.0,0.0,0.0,0.0,0.0,0.234,0.0,0.0077756114966317244,0.17772826278015372
31250,2682.1195144106523,86.15427338072055,981.1496833827736,83.49353660758533,57.39753716566411,18.295553465199543,3.5659804943397173,12.696155102577238,0.3412607010947042,1.0,0.702120203302065,0.04269221445340395,0.9670802683424804,0.04269221445340395,2,injector_degradation,0.5213541666666667,0.5213541666666667,0.02262431340934175,0.0,0.0,0.0,0.0,0.0,0.0,0.0,0.234609375,0.0,0.007918509693269613,0.180994507274734
31300,2682.1195144106523,86.14600295368842,980.4505958459764,83.48862683902394,57.40509017074337,18.310131297609605,3.5593372613096608,12.672502837214028,0.3410292549480528,1.0,0.702268992258183,0.04094031177215664,0.9664326029399273,0.04094031177215664,2,injector_degradation,0.5227083333333333,0.5227083333333333,0.023038745860114895,0.0,0.0,0.0,0.0,0.0,0.0,0.0,0.23521875,0.0,0.008063561051040212,0.18430996688091916
31350,2682.1195144106523,86.1377239623767,979.7491571877812,83.48370875383335,57.412657128474066,18.324732379675705,3.552669638888896,12.6487637369711,0.3407970696857998,1.0,0.702418056071847,0.03919339000552032,0.9657756522411158,0.03919339000552032,2,injector_degradation,0.5240625,0.5240625,0.023459411427804437,0.0,0.0,0.0,0.0,0.0,0.0,0.0,0.235828125,0.0,0.008210793999731552,0.1876752914224355
31400,2682.1195144106523,86.12943637128399,979.0453558180203,83.47878232181449,57.420238090870406,18.33935676706228,3.545977514693381,12.624937401721418,0.3405641436448172,1.0,0.7025673957677009,0.03745146107882462,0.9651093284165018,0.03745146107882462,2,injector_degradation,0.5254166666666666,0.5254166666666666,0.023886392044619672,0.0,0.0,0.0,0.0,0.0,0.0,0.0,0.2364375,0.0,0.008360237215616885,0.19109113635695738
31450,2682.1195144106523,86.12114014474446,978.3391801073877,83.47384751262223,57.4278331102042,18.35400451561162,3.539260775502768,12.60102342836039,0.3403304751761689,1.0,0.7027170123754632,0.035714536955497145,0.9644335430903819,0.035714536955497145,2,injector_degradation,0.5267708333333334,0.5267708333333334,0.024319770340633335,0.0,0.0,0.0,0.0,0.0,0.0,0.0,0.23704687500000005,0.0,0.008511919619221667,0.19455816272506668
31500,2682.1195144106523,86.11283524692664,977.6306183862374,83.46890429576462,57.435442239007024,18.36867568134453,3.5325193072828323,12.577021410885742,0.34009606264669145,1.0,0.7028669069299696,0.033982629637220554,0.9637482073555095,0.033982629637220554,2,injector_degradation,0.5281250000000001,0.5281250000000001,0.024759629636863525,0.0,0.0,0.0,0.0,0.0,0.0,0.0,0.23765625000000004,0.0,0.008665870372902233,0.1980770370949082
31550,2682.1195144106523,86.1045216418322,976.9196589434661,83.46395264060146,57.44306553007188,18.38337032046111,3.525752995209034,12.55293094048139,0.33986090444061745,1.0,0.703017080471205,0.03225575116407849,0.96305323178845,0.03225575116407849,2,injector_degradation,0.5294791666666667,0.5294791666666667,0.02520605393780119,0.0,0.0,0.0,0.0,0.0,0.0,0.0,0.23826562500000004,0.0,0.008822118878230416,0.20164843150240952
31600,2682.1195144106523,86.09619929329483,976.2062900254838,83.45899251634364,57.45070303645532,18.39808848934143,3.5189617236912487,12.528751605605505,0.3396249989612441,1.0,0.7031675340443474,0.030533913614714706,0.962348526465702,0.030533913614714706,2,injector_degradation,0.5308333333333334,0.5308333333333334,0.02565912792336845,0.0,0.0,0.0,0.0,0.0,0.0,0.0,0.23887500000000003,0.0,0.008980694773178957,0.2052730233869476
31650,2682.1195144106523,86.08786816497911,975.490499835271,83.4540238920518,57.45835481147905,18.41283024454625,3.512145376399673,12.504482992082732,0.3393883446326462,1.0,0.7033182686997966,0.02881712910648597,0.9616340009805997,0.02881712910648597,2,injector_degradation,0.5321875,0.5321875,0.026118936940290192,0.0,0.0,0.0,0.0,0.0,0.0,0.0,0.23948437500000003,0.0,0.009141627929101566,0.20895149552232153
31700,2682.1195144106523,86.07952822037947,974.7722765315237,83.44904673663564,57.466020908731984,18.427595642817774,3.5053038362919113,12.48012468320064,0.3391509399014336,1.0,0.7034692854932176,0.02710540979561601,0.9609095644610104,0.02710540979561601,2,injector_degradation,0.5335416666666667,0.5335416666666667,0.02658556699286347,0.0,0.0,0.0,0.0,0.0,0.0,0.0,0.24009375000000002,0.0,0.009304948447502214,0.21268453594290776
31750,2682.1195144106523,86.07117942281923,974.0516082278897,83.44406101885295,57.473701382071575,18.44238474108035,3.498436985641354,12.45567625981075,0.3389127832385541,1.0,0.7036205854855647,0.025398767877353567,0.960175125587852,0.025398767877353567,2,injector_degradation,0.5348958333333333,0.5348958333333333,0.027059104733107985,0.0,0.0,0.0,0.0,0.0,0.0,0.0,0.24070312500000002,0.0,0.009470686656587794,0.21647283786486388
31800,2682.1195144106523,86.06282173544946,973.3284829922953,83.43906670730871,57.48139628562571,18.457197596441215,3.491544706066785,12.431137300433951,0.33867387314114344,1.0,0.7037721697431196,0.023697215586127127,0.959430592614443,0.023697215586127127,2,injector_degradation,0.53625,0.53625,0.027539637450280693,0.0,0.0,0.0,0.0,0.0,0.0,0.0,0.2413125,0.0,0.009638873107598242,0.22031709960224555
31850,2682.1195144106523,86.0544551212484,972.6028888463658,83.43406377045437,57.48910567379427,18.472034266191226,3.4846268785632653,12.406507381370464,0.33843420813441794,1.0,0.7039240393375221,0.022000765195704215,0.9586758733867035,0.022000765195704215,2,injector_degradation,0.5376041666666667,0.5376041666666667,0.02802725305973802,0.0,0.0,0.0,0.0,0.0,0.0,0.0,0.241921875,0.0,0.009809538570908306,0.22421802447790415
31900,2682.1195144106523,86.04607954302026,971.874813764938,83.42905217658699,57.496829601250326,18.486894807805598,3.477683383534402,12.381786076814718,0.338193786773617,1.0,0.7040761953457939,0.02030942901934846,0.9579108753642275,0.02030942901934846,2,injector_degradation,0.5389583333333334,0.5389583333333334,0.02852204009112861,0.0,0.0,0.0,0.0,0.0,0.0,0.0,0.24253125000000006,0.0,0.009982714031895013,0.22817632072902888
31950,2682.1195144106523,86.03769496339464,971.144245675671,83.42403189384868,57.504568122942004,18.501779278944646,3.4707141008258953,12.356972958974797,0.3379526076459888,1.0,0.7042286388503749,0.01862321940997921,0.9571355056422425,0.01862321940997921,2,injector_degradation,0.5403125000000001,0.5403125000000001,0.0290240876758994,0.0,0.0,0.0,0.0,0.0,0.0,0.0,0.24314062500000005,0.0,0.010158430686564789,0.2321927014071952
32000,2682.1195144106523,86.02930134482574,970.4111724587518,83.41900289022584,57.512321294093404,18.51668773745454,3.4637189097605106,12.332067598196952,0.337710669372824,1.0,0.7043813709391415,0.016942148760330292,0.9563496709744727,0.016942148760330292,2,injector_degradation,0.5416666666666667,0.5416666666666667,0.029533485534098087,0.0,0.0,0.0,0.0,0.0,0.0,0.0,0.24375000000000005,0.0,0.01033671993693433,0.2362678842727847
32050,2682.1195144106523,86.02089864959169,969.6755819467013,83.41396513354863,57.52008917020608,18.53162024136804,3.4566976891744363,12.307069563095048,0.3374679706115358,1.0,0.7045343927054358,0.01526622950311168,0.9555532777969266,0.01526622950311168,2,injector_degradation,0.5430208333333334,0.5430208333333334,0.030050323960454522,0.0,0.0,0.0,0.0,0.0,0.0,0.0,0.24435937500000005,0.0,0.010517613386159082,0.24040259168363617
32100,2682.1195144106523,86.0124868397939,968.9374619242791,83.40891859149048,57.52787180706013,18.546576848905254,3.4496503174550863,12.281978420685155,0.3372245100577862,1.0,0.704687705248087,0.013595474111170666,0.9547462322526235,0.013595474111170666,2,injector_degradation,0.544375,0.544375,0.030574693809723812,0.0,0.0,0.0,0.0,0.0,0.0,0.0,0.24496875000000004,0.0,0.010701142833403334,0.2445975504777905
32150,2682.1195144106523,86.00406587735654,968.196800128491,83.40386323156747,57.53566926071512,18.561557618474403,3.4425766725803584,12.256793736525314,0.3369802864476586,1.0,0.7048413096714296,0.011929895097653334,0.9539284402172772,0.011929895097653334,2,injector_degradation,0.5457291666666667,0.5457291666666667,0.031106686481273432,0.0,0.0,0.0,0.0,0.0,0.0,0.0,0.24557812500000004,0.0,0.0108873402684457,0.24885349185018746
32200,2682.1195144106523,85.9956357240261,967.4535842487002,83.39879902113813,57.54348158751145,18.576562608672575,3.4354766321593613,12.231515074860553,0.33673529855987755,1.0,0.7049952070853306,0.010269505016167552,0.9530998073259547,0.010269505016167552,2,injector_degradation,0.5470833333333334,0.5470833333333334,0.03164639390289756,0.0,0.0,0.0,0.0,0.0,0.0,0.0,0.24618750000000003,0.0,0.011076237866014145,0.25317115122318046
32250,2682.1195144106523,85.98719634137086,966.707801926843,83.39372592740301,57.551308844070796,18.591591878286476,3.428350073474713,12.206141998773479,0.3364895452180746,1.0,0.7051493986051972,0.00861431646094805,0.952260239000725,0.00861431646094805,2,injector_degradation,0.5484375,0.5484375,0.03219390851384037,0.0,0.0,0.0,0.0,0.0,0.0,0.0,0.24679687500000003,0.0,0.01126786797984413,0.257551268110723
32300,2682.1195144106523,85.97874769078072,965.9594407577521,83.3886439174043,57.55915108729712,18.60664548629323,3.4211968735263243,12.18067407034015,0.33624302529310013,1.0,0.7053038853519982,0.006964342067018022,0.9514096404793156,0.006964342067018022,2,injector_degradation,0.5497916666666667,0.5497916666666667,0.032749323247011485,0.0,0.0,0.0,0.0,0.0,0.0,0.0,0.24740625000000002,0.0,0.011462263136454019,0.2619945859760919
32350,2682.1195144106523,85.97028973346681,965.2084882895878,83.38355295802586,57.56700837437732,18.62172349186111,3.4140169090767927,12.155110850791713,0.33599573770538177,1.0,0.7054586684522761,0.005319594510357658,0.950547916844794,0.005319594510357658,2,injector_degradation,0.5511458333333333,0.5511458333333333,0.033312731510375775,0.0,0.0,0.0,0.0,0.0,0.0,0.0,0.24801562500000002,0.0,0.011659456028631521,0.2665018520830062
32400,2682.1195144106523,85.96182243046132,964.454932024381,83.37845301599293,57.57488076278175,18.63682595435035,3.4068100566983706,12.129451900681623,0.33574768142732786,1.0,0.7056137490381567,0.0036800865080683976,0.9496749730562869,0.0036800865080683976,2,injector_degradation,0.5525,0.5525,0.033884227167500426,0.0,0.0,0.0,0.0,0.0,0.0,0.0,0.248625,0.0,0.011859479508625148,0.2710738173400034
32450,2682.1195144106523,85.9533457426175,963.6987594186875,83.37334405787215,57.58276831026473,18.6519529333139,3.399576192821576,12.103696780058698,0.33549885548577696,1.0,0.7057691282473598,0.0020458308185392813,0.948790713980756,0.0020458308185392813,2,injector_degradation,0.5538541666666666,0.5538541666666666,0.03446390451724162,0.0,0.0,0.0,0.0,0.0,0.0,0.0,0.249234375,0.0,0.012062366581034567,0.27571123613793297
32500,2682.1195144106523,85.94485963060953,962.9399578843562,83.36822605007154,57.59067107486477,18.66710448849822,3.392315193785438,12.077845048646031,0.3352492589644921,1.0,0.7059248072232039,0.00041684024161624223,0.9478950444258436,0.00041684024161624223,2,injector_degradation,0.5552083333333333,0.5552083333333333,0.03505185827255407,0.0,0.0,0.0,0.0,0.0,0.0,0.0,0.24984375,0.0,0.012268150395393923,0.28041486618043254
32550,2682.1195144106523,85.9363640549326,962.1785147894149,83.36309895884062,57.59858911490497,18.682280679844062,3.3850269358894334,12.0518962660259,0.33499889100669944,1.0,0.7060807871146138,0.0,0.9469878691738038,0.0,2,injector_degradation,0.5565625,0.5565625,0.035648183538405764,0.0,0.0,0.0,0.0,0.0,0.0,0.0,0.250453125,0.0,0.012476864238442017,0.2851854683072461
32600,2682.1195144106523,85.92785897590306,961.4144174590716,83.35796275027064,57.60652248899287,18.697481567487266,3.3777112954471047,12.025849991830647,0.33474775081767105,1.0,0.7062370690761173,0.0,0.9460690930165323,0.0,2,injector_degradation,0.5579166666666666,0.5579166666666666,0.03625297578878161,0.0,0.0,0.0,0.0,0.0,0.0,0.0,0.25106249999999997,0.0,0.012688541526073563,0.2900238063102529
32650,2682.1195144106523,85.9193443536588,960.6476531768386,83.35281739029483,57.614471256020714,18.71270721175954,3.370368148841418,11.999705785939799,0.33449583766735097,1.0,0.7063936542678503,0.0,0.9451386207917093,0.0,2,injector_degradation,0.5592708333333334,0.5592708333333334,0.03686633084275864,0.0,0.0,0.0,0.0,0.0,0.0,0.0,0.25167187500000004,0.0,0.012903215794965525,0.29493064674206915
32700,2682.1195144106523,85.91082014815942,959.8782091857755,83.34766284468878,57.62243547516505,18.727957673189277,3.362997372581864,11.973463208683354,0.33424315089302403,1.0,0.70655054385555,0.0,0.9441963574200689,0.0,2,injector_degradation,0.560625,0.560625,0.03748834483963681,0.0,0.0,0.0,0.0,0.0,0.0,0.0,0.25228125,0.0,0.013120920693872884,0.2999067587170945
32750,2682.1195144106523,85.90228631918666,959.106072689858,83.34249907907082,57.63041520588639,18.743233012502348,3.3555988433633384,11.947121821051411,0.33398968990202677,1.0,0.7067077390105475,0.0,0.9432422079438068,0.0,2,injector_degradation,0.5619791666666667,0.5619791666666667,0.03811911421310841,0.0,0.0,0.0,0.0,0.0,0.0,0.0,0.25289062500000004,0.0,0.013341689974587942,0.30495291370486727
32800,2682.1195144106523,85.89374282634515,958.3312308554715,83.3373260589027,57.63841050792919,18.7585332906229,3.348172438126783,11.920681184910084,0.3337354541744983,1.0,0.7068652409097665,0.0,0.9422760775661381,0.0,2,injector_degradation,0.5633333333333334,0.5633333333333334,0.038758735664450615,0.0,0.0,0.0,0.0,0.0,0.0,0.0,0.2535,0.0,0.013565557482557715,0.3100698853156049
32850,2682.1195144106523,85.88518962906284,957.5536708130325,83.33214374949017,57.646421441320506,18.77385856867419,3.3407180341216964,11.894140863224063,0.3334804432661732,1.0,0.7070230507356989,0.0,0.9412978716920168,0.0,2,injector_degradation,0.5646875,0.5646875,0.03940730613472533,0.0,0.0,0.0,0.0,0.0,0.0,0.0,0.254109375,0.0,0.013792557147153864,0.31525844907780265
32900,2682.1195144106523,85.8766266865918,956.7733796587391,83.32695211598366,57.65444806637002,18.78920890797936,3.3332355089704273,11.867500420285513,0.3332246568112115,1.0,0.7071811696764033,0.0,0.9403074959700286,0.0,2,injector_degradation,0.5660416666666667,0.5660416666666667,0.04006492277597062,0.0,0.0,0.0,0.0,0.0,0.0,0.0,0.25471875,0.0,0.014022722971589715,0.32051938220776494
32950,2682.1195144106523,85.86805395800911,955.9903444564553,83.32175112337916,57.6624904436688,18.80458437006231,3.3257247407343513,11.840759421949684,0.3329680945250676,1.0,0.7073395989254816,0.0,0.9393048563354621,0.0,2,injector_degradation,0.5673958333333333,0.5673958333333333,0.04073168292136914,0.0,0.0,0.0,0.0,0.0,0.0,0.0,0.255328125,0.0,0.014256089022479197,0.3258534633709531
33000,2682.1195144106523,85.85947140221776,955.2045522397256,83.3165407365193,57.6705486340882,18.819985016648456,3.318185607981913,11.813917435877183,0.33271075620739643,1.0,0.7074983396820572,0.0,0.9382898590545742,0.0,2,injector_degradation,0.56875,0.56875,0.04140768405437845,0.0,0.0,0.0,0.0,0.0,0.0,0.0,0.2559375,0.0,0.014492689419032458,0.3312614724350276
33050,2682.1195144106523,85.85087897794784,954.4159900139279,83.3113209200942,57.678622698778696,18.83541090966561,3.3106179898585584,11.78697403178294,0.33245264174499317,1.0,0.7076573931507522,0.0,0.9372624107700495,0.0,2,injector_degradation,0.5701041666666666,0.5701041666666666,0.042093023776809915,0.0,0.0,0.0,0.0,0.0,0.0,0.0,0.256546875,0.0,0.01473255832188347,0.3367441902144793
33100,2682.1195144106523,85.84227664375766,953.6246447585635,83.30609163864278,57.6867126991686,18.850862111244787,3.303021766158569,11.75992878169197,0.3321937511147693,1.0,0.7078167605416616,0.0,0.936222418547668,0.0,2,injector_degradation,0.5714583333333333,0.5714583333333333,0.04278779977584136,0.0,0.0,0.0,0.0,0.0,0.0,0.0,0.25715625,0.0,0.014975729921544475,0.34230239820673086
33150,2682.1195144106523,85.8336643580351,952.830503429686,83.30085285655395,57.694818696962514,18.866338683721022,3.2953968173988217,11.732781260201985,0.3319340843867599,1.0,0.7079764430703233,0.0,0.9351697899241823,0.0,2,injector_degradation,0.5728125000000001,0.5728125000000001,0.04349210978995132,0.0,0.0,0.0,0.0,0.0,0.0,0.0,0.25776562500000005,0.0,0.01522223842648296,0.34793687831961057
33200,2682.1195144106523,85.82504207899899,952.0335529624723,83.29560453806806,57.70294075413947,18.88184068963424,3.287743024894491,11.705531044752918,0.33167364172716185,1.0,0.708136441957681,0.0,0.9341044329564094,0.0,2,injector_degradation,0.5741666666666667,0.5741666666666667,0.04420605157376202,0.0,0.0,0.0,0.0,0.0,0.0,0.0,0.258375,0.0,0.015472118050816707,0.35364841259009616
33250,2682.1195144106523,85.81640976470072,951.233780273937,83.29034664727845,57.71107893295099,18.89736819173009,3.2800602708366697,11.678177715903285,0.3314124234014014,1.0,0.7082967584300467,0.0,0.9330262562715428,0.0,2,injector_degradation,0.5755208333333334,0.5755208333333334,0.04492972286177895,0.0,0.0,0.0,0.0,0.0,0.0,0.0,0.25898437500000004,0.0,0.01572540300162263,0.3594377828942316
33300,2682.1195144106523,85.80776737302608,950.4311722657932,83.28507914813298,57.719233295919274,18.912921252960786,3.2723484383719788,11.650720857613617,0.33115042977722986,1.0,0.7084573937190641,0.0,0.9319351691186855,0.0,2,injector_degradation,0.576875,0.576875,0.04566322133101598,0.0,0.0,0.0,0.0,0.0,0.0,0.0,0.25959375,0.0,0.015982127465855592,0.36530577064812786
33350,2682.1195144106523,85.79911486169681,949.6257158274597,83.2798020044358,57.72740390583463,18.928499936485938,3.264607411684124,11.623160057536838,0.3308876613278436,1.0,0.7086183490616589,0.0,0.9308310814216069,0.0,2,injector_degradation,0.5782291666666667,0.5782291666666667,0.04640664456249547,0.0,0.0,0.0,0.0,0.0,0.0,0.0,0.26020312500000004,0.0,0.016242325596873414,0.37125315649996377
33400,2682.1195144106523,85.79045218827287,948.8173978392177,83.27451517984935,57.7355908257532,18.944104305673452,3.2568370760774195,11.595494907315631,0.3306241186350284,1.0,0.7087796256999933,0.0,0.929713903832721,0.0,2,injector_degradation,0.5795833333333333,0.5795833333333333,0.04716009000161346,0.0,0.0,0.0,0.0,0.0,0.0,0.0,0.2608125,0.0,0.01650603150056471,0.3772807200129077
33450,2682.1195144106523,85.78177931015426,948.00620517552,83.26921863789624,57.743794118994046,18.959734424100354,3.2490373180623124,11.567725002886945,0.33035980239232493,1.0,0.7089412248814086,0.0,0.9285835477882867,0.0,2,injector_degradation,0.5809375,0.5809375,0.04792365491736096,0.0,0.0,0.0,0.0,0.0,0.0,0.0,0.261421875,0.0,0.016773279221076336,0.3833892393388877
33500,2682.1195144106523,85.77309618458355,947.1921247084516,83.26391234196154,57.75201384913651,18.975390355553667,3.2412080254428663,11.539849944793461,0.33009471340821367,1.0,0.7091031478583739,0.0,0.9274399255648262,0.0,2,injector_degradation,0.5822916666666668,0.5822916666666668,0.04869743636039335,0.0,0.0,0.0,0.0,0.0,0.0,0.0,0.26203125000000005,0.0,0.017044102726137673,0.3895794908831468
33550,2682.1195144106523,85.7644027686481,946.3751433113467,83.25859625529489,57.76025008001698,18.99107216403127,3.2333490874062365,11.511869338502155,0.3298288526093151,1.0,0.7092653958884217,0.0,0.9262829503367572,0.0,2,injector_degradation,0.5836458333333334,0.5836458333333334,0.04948153111994044,0.0,0.0,0.0,0.0,0.0,0.0,0.0,0.26264062500000007,0.0,0.017318535891979153,0.39585224895952353
33600,2682.1195144106523,85.7556990192827,945.5552478625617,83.25327034101298,57.76850287572567,19.00677991374278,3.2254603946141263,11.483782794729919,0.3295622210436067,1.0,0.7094279702340848,0.0,0.9251125362352334,0.0,2,injector_degradation,0.5850000000000001,0.5850000000000001,0.05027603567955102,0.0,0.0,0.0,0.0,0.0,0.0,0.0,0.26325000000000004,0.0,0.017596612487842857,0.4022082854364082
33650,2682.1195144106523,85.74698489327216,944.7324252494067,83.24793456210227,57.77677230060313,19.022513669110428,3.2175418392962194,11.455589929776208,0.3292948198836491,1.0,0.7095908721628271,0.0,0.9239285984081852,0.0,2,injector_degradation,0.5863541666666667,0.5863541666666667,0.05108104617166656,0.0,0.0,0.0,0.0,0.0,0.0,0.0,0.26385937500000006,0.0,0.017878366160083294,0.4086483693733325
33700,2682.1195144106523,85.73826034725431,943.9066623722375,83.24258888142151,57.78505841923618,19.038273494769932,3.2095933153455958,11.427290365862763,0.3290266504298225,1.0,0.7097541029469644,0.0,0.9227310530815521,0.0,2,injector_degradation,0.5877083333333334,0.5877083333333334,0.05189665833102016,0.0,0.0,0.0,0.0,0.0,0.0,0.0,0.26446875000000003,0.0,0.018163830415857056,0.4151732666481613
33750,2682.1195144106523,85.72952533772292,943.0779461487097,83.23723326170466,57.79336129645429,19.054059455571377,3.201614718416106,11.398883731480288,0.32875771411356924,1.0,0.7099176638635923,0.0,0.9215198176216942,0.0,2,injector_degradation,0.5890625,0.5890625,0.05272296744685717,0.0,0.0,0.0,0.0,0.0,0.0,0.0,0.26507812500000005,0.0,0.018453038606400008,0.4217837395748574
33800,2682.1195144106523,85.72077982103087,942.2462635181945,83.23186766556393,57.80168099732539,19.069871616580127,3.1936059460216963,11.370369661742087,0.3284880125006389,1.0,0.7100815561945034,0.0,0.9202948105989731,0.0,2,injector_degradation,0.5904166666666667,0.5904166666666667,0.05356006831397586,0.0,0.0,0.0,0.0,0.0,0.0,0.0,0.2656875,0.0,0.01874602390989155,0.4284805465118069
33850,2682.1195144106523,85.71202375339357,941.4116014463615,83.22649205549288,57.810017587151066,19.085710043077704,3.1855668976377007,11.341747798744704,0.3282175472943344,1.0,0.7102457812260939,0.0,0.9190559518524842,0.0,2,injector_degradation,0.5917708333333334,0.5917708333333334,0.05440805518258763,0.0,0.0,0.0,0.0,0.0,0.0,0.0,0.26629687500000004,0.0,0.019042819313905668,0.43526444146070103
33900,2682.1195144106523,85.70325709089235,940.5739469299264,83.22110639386972,57.8183711314622,19.101574800562677,3.1774974748040328,11.313017791935316,0.3279463203387534,1.0,0.7104103402492769,0.0,0.9178031625559252,0.0,2,injector_degradation,0.593125,0.593125,0.05526702170699696,0.0,0.0,0.0,0.0,0.0,0.0,0.0,0.26690625,0.0,0.019343457597448935,0.4421361736559757
33950,2682.1195144106523,85.69447978947835,939.733287001567,83.21571064296091,57.82674169601395,19.117465954751587,3.16939758123031,11.284179298486015,0.3276743336220258,1.0,0.7105752345593829,0.0,0.9165363652845839,0.0,2,injector_degradation,0.5944791666666667,0.5944791666666667,0.056137060893103184,0.0,0.0,0.0,0.0,0.0,0.0,0.0,0.26751562500000003,0.0,0.019647971312586113,0.4490964871448255
34000,2682.1195144106523,85.68569180497605,938.8896087350073,83.21030476492467,57.83512934678042,19.133383571579838,3.161267122902875,11.255231983674841,0.32740158927953883,1.0,0.7107404654560563,0.0,0.9152554840834216,0.0,2,injector_degradation,0.5958333333333333,0.5958333333333333,0.05701826504472779,0.0,0.0,0.0,0.0,0.0,0.0,0.0,0.268125,0.0,0.019956392765654724,0.4561461203578223
34050,2682.1195144106523,85.67689309308764,938.0428992502733,83.20488872181488,57.843534149949484,19.149327717202613,3.1531060081936455,11.226175521273332,0.32712808959715023,1.0,0.7109060342431521,0.0,0.9139604445362328,0.0,2,injector_degradation,0.5971875,0.5971875,0.05791072570877152,0.0,0.0,0.0,0.0,0.0,0.0,0.0,0.268734375,0.0,0.02026875399807003,0.46328580567017213
34100,2682.1195144106523,85.668083609397,937.1931457191178,83.19946247558488,57.851956171916655,19.165298457995803,3.144914147970866,11.197009593940825,0.32685383701438475,1.0,0.7110719422286158,0.0,0.9126511738358518,0.0,2,injector_degradation,0.5985416666666666,0.5985416666666666,0.058814533619207826,0.0,0.0,0.0,0.0,0.0,0.0,0.0,0.26934375,0.0,0.020585086766722736,0.4705162689536626
34150,2682.1195144106523,85.65926330937418,936.3403353706191,83.19402598809177,57.86039547927969,19.181295860556894,3.136691455711602,11.167733893624998,0.32657883412760813,1.0,0.7112381907243771,0.0,0.9113276008553854,0.0,2,injector_degradation,0.5998958333333334,0.5998958333333334,0.05972977863992081,0.0,0.0,0.0,0.0,0.0,0.0,0.0,0.269953125,0.0,0.020905422523972282,0.47783822911936646
34200,2682.1195144106523,85.65043214837993,935.4844554969526,83.18857922110067,57.868852138831826,19.197319991705932,3.128437847616069,11.138348121968896,0.3263030836931784,1.0,0.7114047810462162,0.0,0.9099896562204358,0.0,2,injector_degradation,0.6012500000000001,0.6012500000000001,0.060656549706396765,0.0,0.0,0.0,0.0,0.0,0.0,0.0,0.27056250000000004,0.0,0.021229792397238868,0.4852523976511741
34250,2682.1195144106523,85.64159008167053,934.6254934593352,83.18312213628917,57.877326217555584,19.213370918486433,3.120153242723666,11.108851990724075,0.3260265886305666,1.0,0.7115717145136424,0.0,0.9086372723822863,0.0,2,injector_degradation,0.6026041666666667,0.6026041666666667,0.06159493476628073,0.0,0.0,0.0,0.0,0.0,0.0,0.0,0.271171875,0.0,0.021558227168198253,0.49275947813024584
34300,2682.1195144106523,85.6327370644027,933.7634366941451,83.1776546952521,57.88581778261579,19.229448708166327,3.111837563030725,11.079245222169813,0.32574935202544636,1.0,0.7117389924497561,0.0,0.907270383692015,0.0,2,injector_degradation,0.6039583333333334,0.6039583333333334,0.06254502071881111,0.0,0.0,0.0,0.0,0.0,0.0,0.0,0.27178125000000003,0.0,0.02189075725158389,0.5003601657504889
34350,2682.1195144106523,85.62387305163884,932.8982727192168,83.17217685950618,57.89432690135257,19.245553428238875,3.1034907336099273,11.049527549538285,0.3254713771327452,1.0,0.7119066161811113,0.0,0.9058889264754985,0.0,2,injector_degradation,0.6053125,0.6053125,0.06350689335314708,0.0,0.0,0.0,0.0,0.0,0.0,0.0,0.272390625,0.0,0.022227412673601475,0.5080551468251766
34400,2682.1195144106523,85.61499799835212,932.0299891403109,83.16668859049514,57.90285364127392,19.261685146423652,3.095112682731302,11.019698717445358,0.32519266737965513,1.0,0.7120745870375681,0.0,0.9044928391092665,0.0,2,injector_degradation,0.6066666666666667,0.6066666666666667,0.06448063728560528,0.0,0.0,0.0,0.0,0.0,0.0,0.0,0.273,0.0,0.02256822304996185,0.5158450982848423
34450,2682.1195144106523,85.6061118594323,931.1585736577596,83.16118984959496,57.91139807004831,19.27784393066746,3.0867033419848107,10.989758482327039,0.32491322636859715,1.0,0.7122429063521487,0.0,0.9030820620971703,0.0,2,injector_degradation,0.6080208333333333,0.6080208333333333,0.06546633589582453,0.0,0.0,0.0,0.0,0.0,0.0,0.0,0.273609375,0.0,0.022913217563538583,0.5237306871665962
34500,2682.1195144106523,85.59721458969136,930.2840140732886,83.15568059811926,57.91996025549634,19.294029849145307,3.0782626464044207,10.95970661288121,0.3246330578801353,1.0,0.7124115754608719,0.0,0.9016565381478128,0.0,2,injector_degradation,0.609375,0.609375,0.06646407126187902,0.0,0.0,0.0,0.0,0.0,0.0,0.0,0.27421875,0.0,0.023262424941657655,0.5317125700950321
34550,2682.1195144106523,85.58830614386949,929.4062982970148,83.15016079732476,57.92854026558274,19.310242970261353,3.069790534593638,10.92954289051458,0.3243521658758363,1.0,0.7125805957025955,0.0,0.9002162122527009,0.0,2,injector_degradation,0.6107291666666667,0.6107291666666667,0.0674739240943626,0.0,0.0,0.0,0.0,0.0,0.0,0.0,0.274828125,0.0,0.023615873433026912,0.5397913927549008
34600,2682.1195144106523,85.5793864766411,928.5254143546186,83.14463040841719,57.937138168407856,19.326483362649867,3.0612869488524086,10.8992671097945,0.3240705545010688,1.0,0.7127499684188492,0.0,0.8987610317650678,0.0,2,injector_degradation,0.6120833333333333,0.6120833333333333,0.06849597366946847,0.0,0.0,0.0,0.0,0.0,0.0,0.0,0.2754375,0.0,0.023973590784313964,0.5479677893557477
34650,2682.1195144106523,85.57045554262135,927.6413503946927,83.13908939255714,57.94575403219854,19.342751095176215,3.0527518353053504,10.868879078905504,0.323788228087739,1.0,0.7129196949536546,0.0,0.8972909464793116,0.0,2,injector_degradation,0.6134375,0.6134375,0.06953029776109174,0.0,0.0,0.0,0.0,0.0,0.0,0.0,0.27604687499999997,0.0,0.024335604216382107,0.5562423820887339
34700,2682.1195144106523,85.5615132963726,926.7540946962641,83.13353771086628,57.954387925299315,19.359046236937825,3.0441851440312213,10.838378620110262,0.3235051911569559,1.0,0.7130897766533513,0.0,0.8958059087109993,0.0,2,injector_degradation,0.6147916666666666,0.6147916666666666,0.07057697257198306,0.0,0.0,0.0,0.0,0.0,0.0,0.0,0.27665625,0.0,0.02470194040019407,0.5646157805758645
34750,2682.1195144106523,85.55255969241125,925.8636356764922,83.12797532443369,57.96303991616261,19.37536885726515,3.035586829193558,10.807765570214718,0.32322144842162337,1.0,0.7132602148664045,0.0,0.894305873377373,0.0,2,injector_degradation,0.6161458333333333,0.6161458333333333,0.07163607266398488,0.0,0.0,0.0,0.0,0.0,0.0,0.0,0.27726562499999996,0.0,0.025072625432394705,0.573088581311879
34800,2682.1195144106523,85.54359468521471,924.9699618985377,83.12240219432232,57.971710073339125,19.391719025722686,3.026956849172419,10.777039781037114,0.32293700478895215,1.0,0.7134310109432155,0.0,0.8927907980783055,0.0,2,injector_degradation,0.6174999999999999,0.6174999999999999,0.07270767088738368,0.0,0.0,0.0,0.0,0.0,0.0,0.0,0.277875,0.0,0.02544768481058429,0.5816613670990695
34850,2682.1195144106523,85.5346182292285,924.0730620796047,83.11681828157589,57.980398465467836,19.408096812109918,3.018295166697107,10.746201119880558,0.32265186536288776,1.0,0.7136021662359245,0.0,0.8912606431776348,0.0,2,injector_degradation,0.6188541666666667,0.6188541666666667,0.07379183830941406,0.0,0.0,0.0,0.0,0.0,0.0,0.0,0.278484375,0.0,0.02582714340829492,0.5903347064753125
34900,2682.1195144106523,85.52563027887385,923.172925099154,83.11122354722573,57.989105161265265,19.424502286462342,3.00960174897986,10.715249470008985,0.3223660354464492,1.0,0.7137736820981995,0.0,0.8897153718848155,0.0,2,injector_degradation,0.6202083333333334,0.6202083333333334,0.07488864414195276,0.0,0.0,0.0,0.0,0.0,0.0,0.0,0.27909375000000003,0.0,0.026211025449683463,0.5991091531356221
34950,2682.1195144106523,85.51663078855518,922.2695400072843,83.10561795229785,57.99783022951487,19.440935519052466,3.0008765678503138,10.68418473112591,0.32207952054397243,1.0,0.7139455598850264,0.0,0.8881549503368198,0.0,2,injector_degradation,0.6215625,0.6215625,0.07599815566844272,0.0,0.0,0.0,0.0,0.0,0.0,0.0,0.279703125,0.0,0.026599354483954948,0.6079852453475417
35000,2682.1195144106523,85.50761971266803,921.3628960332811,83.10000145782044,58.00657373905622,19.457396580390785,2.9921195998907164,10.653006819855834,0.3217923263632542,1.0,0.7141178009524973,0.0,0.8865793476802097,0.0,2,injector_degradation,0.6229166666666667,0.6229166666666667,0.07712043817009102,0.0,0.0,0.0,0.0,0.0,0.0,0.0,0.2803125,0.0,0.026992153359531857,0.6169635053607282
35050,2682.1195144106523,85.498597005607,920.4529825943326,83.09437402483132,58.01533575877319,19.47388554122682,2.983330826571798,10.621715670227985,0.3215044588175912,1.0,0.7142904066575765,0.0,0.8849885361533182,0.0,2,injector_degradation,0.6242708333333333,0.6242708333333333,0.07825555485138523,0.0,0.0,0.0,0.0,0.0,0.0,0.0,0.280921875,0.0,0.02738944419798483,0.6260444388110818
35100,2682.1195144106523,85.48956262177427,919.5397893044068,83.08873561438566,58.02411635758247,19.49040247255012,2.974510234389119,10.590311234161767,0.32121592402770843,1.0,0.714463378357875,0.0,0.8833824911684479,0.0,2,injector_degradation,0.625625,0.625625,0.07940356676497626,0.0,0.0,0.0,0.0,0.0,0.0,0.0,0.28153125,0.0,0.02779124836774169,0.6352285341198101
35150,2682.1195144106523,85.4805165155878,918.6233059832906,83.08308618756399,58.03291560442148,19.50694744559127,2.965657814999848,10.55879348195374,0.32092672832357144,1.0,0.7146367174114121,0.0,0.8817611913940187,0.0,2,injector_degradation,0.6269791666666666,0.6269791666666666,0.08056453273597869,0.0,0.0,0.0,0.0,0.0,0.0,0.0,0.282140625,0.0,0.02819758645759254,0.6445162618878295
35200,2682.1195144106523,85.4714586414903,917.703522665788,83.07742570548027,58.04173356823593,19.52352053182293,2.956773565359851,10.527162402765715,0.32063687824607917,1.0,0.7148104251763704,0.0,0.8801246188365772,0.0,2,injector_degradation,0.6283333333333334,0.6283333333333334,0.08173850928574082,0.0,0.0,0.0,0.0,0.0,0.0,0.0,0.28275000000000006,0.0,0.028608478250009284,0.6539080742859266
35250,2682.1195144106523,85.46238895395805,916.7804296110718,83.0717541292903,58.050570317967285,19.540121802960858,2.9478574878609285,10.495418005113343,0.32034638054862913,1.0,0.714984503010849,0.0,0.8784727589225828,0.0,2,injector_degradation,0.6296875000000001,0.6296875000000001,0.08292555055514009,0.0,0.0,0.0,0.0,0.0,0.0,0.0,0.283359375,0.0,0.02902394269429903,0.6634044044411207
35300,2682.1195144106523,85.45330740751012,915.8540173121893,83.06607142020033,58.05942592253942,19.55675133096495,2.9389095904681226,10.463560317355002,0.3200552421985519,1.0,0.7151589522726002,0.0,0.8768056005798814,0.0,2,injector_degradation,0.6310416666666667,0.6310416666666667,0.08412570822746239,0.0,0.0,0.0,0.0,0.0,0.0,0.0,0.28396875000000005,0.0,0.029443997879611834,0.6730056658196991
35350,2682.1195144106523,85.44421395671765,914.9242765057155,83.06037753947567,58.06830045084542,19.573409188040266,2.929929886856941,10.431589388180347,0.31976347037840863,1.0,0.7153337743187702,0.0,0.8751231363187808,0.0,2,injector_degradation,0.6323958333333334,0.6323958333333334,0.08533903145092525,0.0,0.0,0.0,0.0,0.0,0.0,0.0,0.284578125,0.0,0.029868661007823837,0.682712251607402
35400,2682.1195144106523,85.43510855621349,913.9911981815525,83.05467244844971,58.07719397173395,19.5900954466381,2.920918396550365,10.399505287098116,0.31947107248714735,1.0,0.7155089705056298,0.0,0.8734253623126285,0.0,2,injector_degradation,0.63375,0.63375,0.08656556676090846,0.0,0.0,0.0,0.0,0.0,0.0,0.0,0.28518750000000004,0.0,0.030297948366317957,0.6925245340872677
35450,2682.1195144106523,85.4259911607021,913.0547735928693,83.0489561085331,58.08610655399503,19.60681017945699,2.911875145055521,10.367308104922724,0.31917805614111183,1.0,0.7156845421882945,0.0,0.8717122784778011,0.0,2,injector_degradation,0.6351041666666667,0.6351041666666667,0.08780535800195774,0.0,0.0,0.0,0.0,0.0,0.0,0.0,0.285796875,0.0,0.030731875300685208,0.7024428640156619
35500,2682.1195144106523,85.41686172496941,912.114994266179,83.04322848122314,58.09503826634592,19.623553459443826,2.902800163999837,10.334997954259029,0.31888442917489856,1.0,0.7158604907204467,0.0,0.8699838885530043,0.0,2,injector_degradation,0.6364583333333333,0.6364583333333333,0.08905844624963015,0.0,0.0,0.0,0.0,0.0,0.0,0.0,0.28640625000000003,0.0,0.03117045618737055,0.7124675699970412
35550,2682.1195144106523,85.40772020389323,911.1718520115475,83.03748952811321,58.103989177416004,19.64032535979487,2.8936934912665886,10.302574969984928,0.31859019964205704,1.0,0.7160368174540378,0.0,0.8682402001777847,0.0,2,injector_degradation,0.6378125,0.6378125,0.09032486973225157,0.0,0.0,0.0,0.0,0.0,0.0,0.0,0.287015625,0.0,0.031613704406288044,0.7225989578580125
35600,2682.1195144106523,85.3985665524537,910.2253389329313,83.03173921090274,58.1129593557323,19.657125953956825,2.884555171129632,10.270039309731045,0.3182953758156285,1.0,0.716213523739002,0.0,0.8664812249701501,0.0,2,injector_degradation,0.6391666666666667,0.6391666666666667,0.09160466375265977,0.0,0.0,0.0,0.0,0.0,0.0,0.0,0.287625,0.0,0.03206163231343092,0.7328373100212782
35650,2682.1195144106523,85.38940072574377,909.2754474386369,83.02597749140688,58.121948869703544,19.673955315627943,2.8753852543871945,10.237391154357086,0.31799996618851645,1.0,0.7163906109229445,0.0,0.8647069786031928,0.0,2,injector_degradation,0.6405208333333334,0.6405208333333334,0.09289786061000961,0.0,0.0,0.0,0.0,0.0,0.0,0.0,0.28823437500000004,0.0,0.03251425121350336,0.7431828848800769
35700,2682.1195144106523,85.38022267898032,908.3221702518966,83.0202043315669,58.130957787605006,19.690813518759054,2.8661837984945584,10.204630708424231,0.3177039794736886,1.0,0.7165680803508403,0.0,0.8629174808806097,0.0,2,injector_degradation,0.6418750000000001,0.6418750000000001,0.09420448952171777,0.0,0.0,0.0,0.0,0.0,0.0,0.0,0.28884375000000007,0.0,0.032971571332601216,0.7536359161737421
35750,2682.1195144106523,85.37103236751506,907.3655004215574,83.01441969346035,58.13998617756215,19.707700637554694,2.856950867695485,10.171758200663053,0.3174074246042003,1.0,0.7167459333647139,0.0,0.861112755811011,0.0,2,injector_degradation,0.6432291666666667,0.6432291666666667,0.09552457654562832,0.0,0.0,0.0,0.0,0.0,0.0,0.0,0.28945312500000003,0.0,0.03343360179096991,0.7641966123650266
35800,2682.1195144106523,85.36182974684601,906.4054313328735,83.00862353931171,58.149034107534426,19.724616746474155,2.847686533152191,10.138773884436272,0.31711031073303975,1.0,0.7169241713033192,0.0,0.8592928316809044,0.0,2,injector_degradation,0.6445833333333334,0.6445833333333334,0.09685814450248259,0.0,0.0,0.0,0.0,0.0,0.0,0.0,0.29006250000000006,0.0,0.033900350575868904,0.7748651560198607
35850,2682.1195144106523,85.35261477262878,905.4419567183992,83.00281583150291,58.15810164529872,19.741561920232606,2.838390873073713,10.105678038195801,0.3168126472327879,1.0,0.7171027955018139,0.0,0.8574577411262446,0.0,2,injector_degradation,0.6459375,0.6459375,0.09820521289877829,0.0,0.0,0.0,0.0,0.0,0.0,0.0,0.290671875,0.0,0.0343718245145724,0.7856417031902263
35900,2682.1195144106523,85.34338740068847,904.475070668973,82.99699653258455,58.16718885843244,19.758536233802186,2.8290639728424747,10.072470965933341,0.3165144436950893,1.0,0.7172818072914259,0.0,0.8556075212024322,0.0,2,injector_degradation,0.6472916666666667,0.6472916666666667,0.0995657978501057,0.0,0.0,0.0,0.0,0.0,0.0,0.0,0.29128125000000005,0.0,0.034848029247536993,0.7965263828008456
35950,2682.1195144106523,85.3341475870314,903.5047676447883,82.99116560528654,58.17629581429597,19.775539762413107,2.819705925138935,10.039152997624191,0.3162157099299322,1.0,0.7174612079991081,0.0,0.8537422134526483,0.0,2,injector_degradation,0.6486458333333334,0.6486458333333334,0.10093991200505172,0.0,0.0,0.0,0.0,0.0,0.0,0.0,0.291890625,0.0,0.0353289692017681,0.8075192960404137
36000,2682.1195144106523,85.32489528785726,902.5310424865414,82.98532301252982,58.18542258001538,19.79257258155476,2.8103168300640338,10.005724489663194,0.3159164559647308,1.0,0.7176409989471974,0.0,0.8518618639744069,0.0,2,injector_degradation,0.65,0.65,0.10232756446976256,0.0,0.0,0.0,0.0,0.0,0.0,0.0,0.29250000000000004,0.0,0.03581464756441689,0.8186205157581005
36050,2682.1195144106523,85.31564159900881,901.57028820572,82.97947904378657,58.19456922246452,19.79257258155476,2.807263392096,9.994853167708463,0.315836508174926,1.0,0.7178211814530623,0.0,0.8502725966796313,0.0,2,injector_degradation,0.65,0.65,0.10372876073326066,0.0,0.0,0.0,0.0,0.0,0.0,0.0,0.29250000000000004,0.0,0.03630506625664123,0.8298300858660853
36100,2682.1195144106523,85.30638647477923,900.6221698122416,82.97363365710123,58.20371963794196,19.79257258155476,2.8041817471903845,9.9838814190534,0.3157559985203952,1.0,0.718001438284965,0.0,0.8486690552401044,0.0,2,injector_degradation,0.65,0.65,0.10514350259361065,0.0,0.0,0.0,0.0,0.0,0.0,0.0,0.29250000000000004,0.0,0.036800225907763724,0.8411480207488852
36150,2682.1195144106523,85.29712986944872,899.6863590962679,82.96778681052012,58.212873892457836,19.79257258155476,2.8010718767414216,9.972809177454874,0.31567493268543173,1.0,0.7181817707432597,0.0,0.8470512740335054,0.0,2,injector_degradation,0.65,0.65,0.10657178808503348,0.0,0.0,0.0,0.0,0.0,0.0,0.0,0.29250000000000004,0.0,0.037300125829761714,0.8525743046802678
36200,2682.1195144106523,85.28787173729717,898.7625345093915,82.96193846210303,58.22203205206098,19.79257258155476,2.7979337697559568,9.961636403773364,0.3155933165979764,1.0,0.7183621801290623,0.0,0.8454192921117794,0.0,2,injector_degradation,0.65,0.65,0.10801361140606772,0.0,0.0,0.0,0.0,0.0,0.0,0.0,0.29250000000000004,0.0,0.0378047639921237,0.8641088912485417
36250,2682.1195144106523,85.27861203261676,897.8503810486355,82.95608856993533,58.23119418282021,19.79257258155476,2.794767423009335,9.950363086527949,0.3155111564298926,1.0,0.7185426677438826,0.0,0.8437731532664653,0.0,2,injector_degradation,0.65,0.65,0.10946896284887923,0.0,0.0,0.0,0.0,0.0,0.0,0.0,0.29250000000000004,0.0,0.03831413699710773,0.8757517027910339
36300,2682.1195144106523,85.26935070972519,896.9495901432016,82.95023709213996,58.24036035080546,19.79257258155476,2.791572841199226,9.938989242444004,0.3154284585970373,1.0,0.7187232348892525,0.0,0.842112906091812,0.0,2,injector_degradation,0.65,0.65,0.11093782872982338,0.0,0.0,0.0,0.0,0.0,0.0,0.0,0.29250000000000004,0.0,0.03882824005543818,0.8875026298385871
36350,2682.1195144106523,85.26008772297877,896.0598595439054,82.94438398688993,58.24953062206906,19.79257258155476,2.788350037097222,9.92751491699292,0.3153452297591253,1.0,0.7189038828663571,0.0,0.8404386040455638,0.0,2,injector_degradation,0.65,0.65,0.11242019132136226,0.0,0.0,0.0,0.0,0.0,0.0,0.0,0.29250000000000004,0.0,0.039347066962476786,0.8993615305708981
36400,2682.1195144106523,85.25082302678601,895.1808932152381,82.93852921242086,58.25870506262569,19.79257258155476,2.785099031697994,9.915940184923176,0.31526147681938227,1.0,0.7190846129756396,0.0,0.8387503055072881,0.0,2,injector_degradation,0.65,0.65,0.11391602878544378,0.0,0.0,0.0,0.0,0.0,0.0,0.0,0.29250000000000004,0.0,0.03987061007490532,0.9113282302835503
36450,2682.1195144106523,85.2415565756213,894.3124012299942,82.93267272704384,58.26788373843297,19.79257258155476,2.7818198543657515,9.904265150781768,0.3151772069239814,1.0,0.7192654265164197,0.0,0.8370480738341242,0.0,2,injector_degradation,0.65,0.65,0.11542531510844917,0.0,0.0,0.0,0.0,0.0,0.0,0.0,0.29250000000000004,0.0,0.04039886028795721,0.9234025208675933
36500,2682.1195144106523,85.23228832403902,893.4540996664053,82.92681448915852,58.277066715370864,19.79257258155476,2.778512542977833,9.892489949425457,0.3150924274612625,1.0,0.7194463247864865,0.0,0.8353319774138283,0.0,2,injector_degradation,0.65,0.65,0.1169480200378156,0.0,0.0,0.0,0.0,0.0,0.0,0.0,0.29250000000000004,0.0,0.040931807013235455,0.9355841603025248
36550,2682.1195144106523,85.22301822668754,892.6057105077233,82.9209544572663,58.286254059221044,19.79257258155476,2.775177144065141,9.880614746520752,0.3150071460607278,1.0,0.7196273090816935,0.0,0.8336020897149906,0.0,2,injector_degradation,0.65,0.65,0.11848410902044314,0.0,0.0,0.0,0.0,0.0,0.0,0.0,0.29250000000000004,0.0,0.0414694381571551,0.9478728721635451
36600,2682.1195144106523,85.21374623832384,891.7669615441895,82.91509258998383,58.295445835646206,19.79257258155476,2.7718137129492506,9.86863973903208,0.3149213705918131,1.0,0.71980838069555,0.0,0.8318584893343062,0.0,2,injector_degradation,0.65,0.65,0.12003354314299503,0.0,0.0,0.0,0.0,0.0,0.0,0.0,0.29250000000000004,0.0,0.04201174010004825,0.9602683451439602
36650,2682.1195144106523,85.20447231382792,890.9375862773378,82.90922884605652,58.3046421101684,19.79257258155476,2.768422313875915,9.856565155697103,0.31483510916243007,1.0,0.7199895409187952,0.0,0.8301012600407727,0.0,2,injector_degradation,0.65,0.65,0.12159627907420023,0.0,0.0,0.0,0.0,0.0,0.0,0.0,0.29250000000000004,0.0,0.04255869767597008,0.9727702325936018
36700,2682.1195144106523,85.19519640821784,890.1173238265716,82.9033631843725,58.31384294814788,19.79257258155476,2.765003020144757,9.844391257488473,0.31474837011727924,1.0,0.7201707910389806,0.0,0.8283304908166992,0.0,2,injector_degradation,0.65,0.65,0.12317226900926868,0.0,0.0,0.0,0.0,0.0,0.0,0.0,0.29250000000000004,0.0,0.043110294153244036,0.9853781520741495
36750,2682.1195144106523,85.18591847666465,889.3059188379572,82.89749556397652,58.32304841476073,19.79257258155476,2.761555914234921,9.832118338061191,0.3146611620359296,1.0,0.7203521323400297,0.0,0.8265462758954076,0.0,2,injector_degradation,0.65,0.65,0.1247614606165277,0.0,0.0,0.0,0.0,0.0,0.0,0.0,0.29250000000000004,0.0,0.043666511215784694,0.9980916849322216
36800,2682.1195144106523,85.17663859124195,888.5033008661752,82.89162605325367,58.33225857497703,19.79257258155476,2.758152106346504,9.819999574944198,0.3145759437507688,1.0,0.7205335661018083,0.0,0.8247595783438569,0.0,2,injector_degradation,0.65,0.65,0.12636379698639155,0.0,0.0,0.0,0.0,0.0,0.0,0.0,0.29250000000000004,0.0,0.04422732894523704,1.0
36850,2682.1195144106523,85.16735673045952,887.7092570847141,82.88575463306495,58.34147332213411,19.79257258155476,2.7547346911629242,9.807832365031105,0.3144907572196785,1.0,0.7207150902231354,0.0,0.8229617442394797,0.0,2,injector_degradation,0.65,0.65,0.1279792165827711,0.0,0.0,0.0,0.0,0.0,0.0,0.0,0.29250000000000004,0.0,0.044792725803969875,1.0
36900,2682.1195144106523,85.15807285274963,886.9235481227466,82.87988126550113,58.35069268693121,19.79257258155476,2.751291448830992,9.795573201311235,0.31440518627859404,1.0,0.7208967053087649,0.0,0.8211509927516006,0.0,2,injector_degradation,0.65,0.65,0.1296076531970334,0.0,0.0,0.0,0.0,0.0,0.0,0.0,0.29250000000000004,0.0,0.04536267861896169,1.0
36950,2682.1195144106523,85.14878691678831,886.1459398392373,82.87400591289344,58.359916729564084,19.79257258155476,2.7478225178475717,9.78322257688254,0.31431924105016046,1.0,0.7210784125445117,0.0,0.8193274404311712,0.0,2,injector_degradation,0.65,0.65,0.1312490359046202,0.0,0.0,0.0,0.0,0.0,0.0,0.0,0.29250000000000004,0.0,0.04593716256661707,1.0
37000,2682.1195144106523,85.1394988815108,885.3762032401788,82.86812853782794,58.36914550988679,19.79257258155476,2.7443280461089055,9.770781018308089,0.3142329318680757,1.0,0.7212602131094585,0.0,0.8174912091297657,0.0,2,injector_degradation,0.65,0.65,0.13290328902443047,0.0,0.0,0.0,0.0,0.0,0.0,0.0,0.29250000000000004,0.0,0.04651615115855066,1.0
37050,2682.1195144106523,85.1302087061269,884.6141143977023,82.86224910315985,58.37837908738855,19.79257258155476,2.740808190985704,9.758249085883417,0.3141462692730621,1.0,0.7214421081755023,0.0,0.8156424260124217,0.0,2,injector_degradation,0.65,0.65,0.13457033208107438,0.0,0.0,0.0,0.0,0.0,0.0,0.0,0.29250000000000004,0.0,0.04709961622837603,1.0
37100,2682.1195144106523,85.12091635013667,883.8594543710059,82.85636757202809,58.38761752117108,19.79257258155476,2.7372631193923675,9.745627373882977,0.31405926400859424,1.0,0.7216240989069055,0.0,0.8137812235664503,0.0,2,injector_degradation,0.65,0.65,0.13625007977010292,0.0,0.0,0.0,0.0,0.0,0.0,0.0,0.29250000000000004,0.0,0.04768752791953602,1.0
37150,2682.1195144106523,85.11162177334603,883.1120091290519,82.85048390786966,58.39686086992519,19.79257258155476,2.733693007850132,9.732916510784968,0.3139719270163867,1.0,0.7218061864598365,0.0,0.8119077396061257,0.0,2,injector_degradation,0.65,0.65,0.13794244192631536,0.0,0.0,0.0,0.0,0.0,0.0,0.0,0.29250000000000004,0.0,0.04827985467421037,1.0
37200,2682.1195144106523,85.10232493588262,882.3715694749791,82.8445980744346,58.40610919190781,19.79257258155476,2.7300980425439376,9.720117159473798,0.3138842694316416,1.0,0.7219883719819162,0.0,0.810022117273164,0.0,2,injector_degradation,0.65,0.65,0.13964732349524572,0.0,0.0,0.0,0.0,0.0,0.0,0.0,0.29250000000000004,0.0,0.048876563223336,1.0
37250,2682.1195144106523,85.09302579821156,881.6379309721793,82.83871003580037,58.415362544917784,19.79257258155476,2.7264784193728477,9.707230017419606,0.31379630257806157,1.0,0.722170656611742,0.0,0.8081245050329133,0.0,2,injector_degradation,0.65,0.65,0.14136462450792772,0.0,0.0,0.0,0.0,0.0,0.0,0.0,0.29250000000000004,0.0,0.0494776185777747,1.0
37300,2682.1195144106523,85.08372432115141,880.9108938719877,82.83281975638693,58.4246209862731,19.79257258155476,2.7228343439937794,9.69425581683394,0.313708037962628,1.0,0.722353041478438,0.0,0.8062150566661768,0.0,2,injector_degradation,0.65,0.65,0.14309424005903343,0.0,0.0,0.0,0.0,0.0,0.0,0.0,0.29250000000000004,0.0,0.0500829840206617,1.0
37350,2682.1195144106523,85.07442046589011,880.1902630429353,82.82692720097123,58.4338845727864,19.79257258155476,2.719166031858428,9.681195324801239,0.31361948727015215,1.0,0.7225355277011744,0.0,0.8042939312565932,0.0,2,injector_degradation,0.65,0.65,0.14483606028847984,0.0,0.0,0.0,0.0,0.0,0.0,0.0,0.29250000000000004,0.0,0.05069262110096794,1.0
37400,2682.1195144106523,85.06511419400107,879.4758479015173,82.82103233470241,58.443153360741704,19.79257258155476,2.7154737082431235,9.668049343385125,0.31353066235759947,1.0,0.7227181163887068,0.0,0.802361293173511,0.0,2,injector_degradation,0.65,0.65,0.14658997036659424,0.0,0.0,0.0,0.0,0.0,0.0,0.0,0.29250000000000004,0.0,0.05130648962830798,1.0
37450,2682.1195144106523,85.0558054674591,878.7674623444244,82.81513512311642,58.45242740587013,19.79257258155476,2.711757608271533,9.65481870970923,0.31344157524819377,1.0,0.7229008086388997,0.0,0.8004173120502919,0.0,2,injector_degradation,0.65,0.65,0.14835585048292652,0.0,0.0,0.0,0.0,0.0,0.0,0.0,0.29250000000000004,0.0,0.051924547669024275,1.0
37500,2682.1195144106523,85.04649424865653,878.0649246821912,82.80923553215098,58.461706763326085,19.79257258155476,2.708017976929967,9.641504296011696,0.31335223812530666,1.0,0.7230836055382567,0.0,0.798462162757989,0.0,2,injector_degradation,0.65,0.65,0.15013357583879164,0.0,0.0,0.0,0.0,0.0,0.0,0.0,0.29250000000000004,0.0,0.05254675154357707,1.0
37550,2682.1195144106523,85.03718050041925,877.3680575742125,82.80333352816046,58.47099148766316,19.79257258155476,2.704255069075172,9.628107009672913,0.3132626633261361,1.0,0.7232665081614457,0.0,0.7964960253743499,0.0,2,injector_degradation,0.65,0.65,0.15192301664362387,0.0,0.0,0.0,0.0,0.0,0.0,0.0,0.29250000000000004,0.0,0.05317305582526835,1.0
37600,2682.1195144106523,85.02786418602284,876.6766879650819,82.79742907793076,58.48028163281031,19.79257258155476,2.7004691494344515,9.61462779321596,0.31317286333518196,1.0,0.7234495175708295,0.0,0.7945190851480987,0.0,2,injector_degradation,0.65,0.65,0.15372403811521984,0.0,0.0,0.0,0.0,0.0,0.0,0.0,0.29250000000000004,0.0,0.05380341334032694,1.0
37650,2682.1195144106523,85.01854526920852,875.9906470222037,82.79152214869424,58.48957725204764,19.79257258155476,2.6966604925979567,9.601067624279144,0.31308285077752296,1.0,0.7236326348159892,0.0,0.7925315324584608,0.0,2,injector_degradation,0.65,0.65,0.1555365004839419,0.0,0.0,0.0,0.0,0.0,0.0,0.0,0.29250000000000004,0.0,0.054437775169379664,1.0
37700,2682.1195144106523,85.00922371419921,875.3097700746335,82.78561270814447,58.498878397982104,19.79257258155476,2.6928293830030374,9.587427515560302,0.3129926384119046,1.0,0.7238158609332453,0.0,0.7905335627699012,0.0,2,injector_degradation,0.65,0.65,0.15736025900095174,0.0,0.0,0.0,0.0,0.0,0.0,0.0,0.29250000000000004,0.0,0.05507609065033311,1.0
37750,2682.1195144106523,84.9998994857155,874.633896553103,82.77970072445089,58.50818512252384,19.79257258155476,2.688976114910492,9.573708514732221,0.31290223912364207,1.0,0.7239991969451917,0.0,0.7885253765820478,0.0,2,injector_degradation,0.65,0.65,0.15919516395053712,0.0,0.0,0.0,0.0,0.0,0.0,0.0,0.29250000000000004,0.0,0.05571830738268799,1.0
37800,2682.1195144106523,84.99057254899151,873.962869931181,82.7737861662738,58.51749747686236,19.79257258155476,2.6851009923726172,9.559911704328899,0.31281166591734927,1.0,0.724182643860226,0.0,0.7865071793747898,0.0,2,injector_degradation,0.65,0.65,0.16104106066659085,0.0,0.0,0.0,0.0,0.0,0.0,0.0,0.29250000000000004,0.0,0.056364371233306794,1.0
37850,2682.1195144106523,84.98124286979083,873.2965376675301,82.7678690027787,58.52681551144212,19.79257258155476,2.6812043291929775,9.546038201602304,0.3127209319094991,1.0,0.7243662026720691,0.0,0.7844791815485327,0.0,2,injector_degradation,0.65,0.65,0.16289778955329628,0.0,0.0,0.0,0.0,0.0,0.0,0.0,0.29250000000000004,0.0,0.0570142263436537,1.0
37900,2682.1195144106523,84.97191041442215,872.6347511492132,82.76194920365111,58.53613927593914,19.79257258155476,2.6772864488777395,9.532089158349107,0.3126300503208266,1.0,0.7245498743593037,0.0,0.7824415983596164,0.0,2,injector_degradation,0.65,0.65,0.16476518611006796,0.0,0.0,0.0,0.0,0.0,0.0,0.0,0.29250000000000004,0.0,0.05766781513852378,1.0
37950,2682.1195144106523,84.96257514975503,871.9773656360084,82.75602673911078,58.54546881923706,19.79257258155476,2.6733476845785367,9.518065760707268,0.3125390344685806,1.0,0.724733659884904,0.0,0.7803946498508951,0.0,2,injector_degradation,0.65,0.65,0.16664308096079047,0.0,0.0,0.0,0.0,0.0,0.0,0.0,0.29250000000000004,0.0,0.05832507833627666,1.0
38000,2682.1195144106523,84.95323704323522,871.3242402056879,82.7501015799262,58.554804189403924,19.79257258155476,2.669388379026756,9.503969228922056,0.31244789775863624,1.0,0.7249175601957771,0.0,0.778338560777495,0.0,2,injector_degradation,0.65,0.65,0.16853129988739352,0.0,0.0,0.0,0.0,0.0,0.0,0.0,0.29250000000000004,0.0,0.05898595496058773,1.0
38050,2682.1195144106523,84.94389606290031,870.6752377002232,82.74417369742883,58.56414543366843,19.79257258155476,2.6654088844592176,9.489800817081461,0.31235665367747617,1.0,0.7251015762222954,0.0,0.776273560527771,0.0,2,injector_degradation,0.65,0.65,0.1704296638677944,0.0,0.0,0.0,0.0,0.0,0.0,0.0,0.29250000000000004,0.0,0.059650382353728035,1.0
38100,2682.1195144106523,84.93455217739483,870.0302246728714,82.73824306352702,58.57349259839669,19.79257258155476,2.6614095625351557,9.475561812820606,0.312265315784051,1.0,0.7252857088778393,0.0,0.7741998830394868,0.0,2,injector_degradation,0.65,0.65,0.17233798911823456,0.0,0.0,0.0,0.0,0.0,0.0,0.0,0.29250000000000004,0.0,0.06031829619138209,1.0
38150,2682.1195144106523,84.9252053559855,869.3890713361076,82.73230965072014,58.58284572906959,19.79257258155476,2.657390784244481,9.461253536995132,0.3121738977015296,1.0,0.7254699590583503,0.0,0.7721177667112619,0.0,2,injector_degradation,0.65,0.65,0.17425608714002858,0.0,0.0,0.0,0.0,0.0,0.0,0.0,0.29250000000000004,0.0,0.060989630499009996,1.0
38200,2682.1195144106523,84.91585556857603,868.7516515103583,82.72637343211221,58.59220487025941,19.79257258155476,2.6533529298073275,9.446877343323544,0.31208241310894946,1.0,0.7256543276418718,0.0,0.770027454309323,0.0,2,injector_degradation,0.65,0.65,0.1761837647707395,0.0,0.0,0.0,0.0,0.0,0.0,0.0,0.29250000000000004,0.0,0.06166431766975882,1.0
38250,2682.1195144106523,84.9065027857219,868.117842573503,82.72043438142549,58.601570065607746,19.79257258155476,2.649296388564801,9.432434617998247,0.31199087573277823,1.0,0.7258388154881127,0.0,0.7679291928696166,0.0,2,injector_degradation,0.65,0.65,0.1781208242397873,0.0,0.0,0.0,0.0,0.0,0.0,0.0,0.29250000000000004,0.0,0.062342288483925555,1.0
38300,2682.1195144106523,84.89714697864497,867.4875254111022,82.71449247301399,58.610941357802886,19.79257258155476,2.645221558861002,9.417926779265494,0.3118992993383975,1.0,0.7260234234380026,0.0,0.7658232335953433,0.0,2,injector_degradation,0.65,0.65,0.18006706322848978,0.0,0.0,0.0,0.0,0.0,0.0,0.0,0.29250000000000004,0.0,0.06302347212997142,1.0
38350,2682.1195144106523,84.88778811924777,866.8605843673175,82.70854768187655,58.62031878855774,19.79257258155476,2.641128847916285,9.403355276974155,0.31180769772152045,1.0,0.7262081523132571,0.0,0.7637098317499799,0.0,2,injector_degradation,0.65,0.65,0.18202227493452922,0.0,0.0,0.0,0.0,0.0,0.0,0.0,0.29250000000000004,0.0,0.06370779622708522,1.0
38400,2682.1195144106523,84.87842618012763,866.236907196486,82.70259998366981,58.629702398588236,19.79257258155476,2.6370186716918056,9.388721592093448,0.31171608469955425,1.0,0.7263930029159514,0.0,0.7615892465458697,0.0,2,injector_degradation,0.65,0.65,0.18398624814083203,0.0,0.0,0.0,0.0,0.0,0.0,0.0,0.29250000000000004,0.0,0.06439518684929121,1.0
38450,2682.1195144106523,84.86906113459054,865.6163850153144,82.69664935472105,58.63909222759191,19.79257258155476,2.6328914547453834,9.374027236199764,0.31162447410292,1.0,0.7265779760280997,0.0,0.7594617410284636,0.0,2,injector_degradation,0.65,0.65,0.18595876728883945,0.0,0.0,0.0,0.0,0.0,0.0,0.0,0.29250000000000004,0.0,0.0650855685510938,1.0
38500,2682.1195144106523,84.85969295666473,864.9989122556593,82.69069577204061,58.64848831422668,19.79257258155476,2.6287476300787556,9.359273750932838,0.311532879766341,1.0,0.726763072411236,0.0,0.757327581956306,0.0,2,injector_degradation,0.65,0.65,0.1879396125561425,0.0,0.0,0.0,0.0,0.0,0.0,0.0,0.29250000000000004,0.0,0.06577886439464987,1.0
38550,2682.1195144106523,84.850321621114,864.3843866178578,82.68473921333413,58.65789069609016,19.79257258155476,2.624587638976251,9.344462707421362,0.3114413155201123,1.0,0.7269482928060071,0.0,0.7551870396768644,0.0,2,injector_degradation,0.65,0.65,0.1899285599384454,0.0,0.0,0.0,0.0,0.0,0.0,0.0,0.29250000000000004,0.0,0.06647499597845588,1.0
38600,2682.1195144106523,84.8409471034509,863.7727090245791,82.67877965701456,58.66729940969948,19.79257258155476,2.6204119308350085,9.329595705678514,0.3113497951813629,1.0,0.7271336379317753,0.0,0.7530403879983153,0.0,2,injector_degradation,0.65,0.65,0.19192538133581705,0.0,0.0,0.0,0.0,0.0,0.0,0.0,0.29250000000000004,0.0,0.06717388346753596,1.0
38650,2682.1195144106523,84.83156937994931,863.1637835751625,82.67281708221384,58.67671449047117,19.79257258155476,2.616220962986816,9.314674373967634,0.31125833254532315,1.0,0.7273191084862214,0.0,0.7508879040573971,0.0,2,injector_degradation,0.65,0.65,0.1939298446431796,0.0,0.0,0.0,0.0,0.0,0.0,0.0,0.29250000000000004,0.0,0.06787544562511286,1.0
38700,2682.1195144106523,84.82218842765701,862.5575175004122,82.66685146879428,58.68613597270169,19.79257258155476,2.6120152005116695,9.299700368138433,0.3111669413766091,1.0,0.7275047051449622,0.0,0.7487298681834598,0.0,2,injector_degradation,0.65,0.65,0.19594171384497847,0.0,0.0,0.0,0.0,0.0,0.0,0.0,0.29250000000000004,0.0,0.06857959984574245,1.0
38750,2682.1195144106523,84.81280422440778,861.95382111782,82.66088279735959,58.69556388954861,19.79257258155476,2.607795116043207,9.284675370934263,0.3110756354005368,1.0,0.7276904285611784,0.0,0.7465665637588368,0.0,2,injector_degradation,0.65,0.65,0.19796074911397082,0.0,0.0,0.0,0.0,0.0,0.0,0.0,0.29250000000000004,0.0,0.06928626218988979,1.0
38800,2682.1195144106523,84.80341674883317,861.3526077871842,82.65491104926582,58.70499827301165,19.79257258155476,2.6035611895661384,9.269601091270902,0.31098442829447753,1.0,0.7278762793652427,0.0,0.7443982770756813,0.0,2,injector_degradation,0.65,0.65,0.19998670691406045,0.0,0.0,0.0,0.0,0.0,0.0,0.0,0.29250000000000004,0.0,0.06999534741992115,1.0
38850,2682.1195144106523,84.79402598037382,860.7537938666006,82.64893620663156,58.714439153914846,19.79257258155476,2.5993139082058216,9.254479263487362,0.3108933336792676,1.0,0.728062258164367,0.0,0.7422252971894113,0.0,2,injector_degradation,0.65,0.65,0.20201934010710226,0.0,0.0,0.0,0.0,0.0,0.0,0.0,0.29250000000000004,0.0,0.07070676903748578,1.0
38900,2682.1195144106523,84.78463189929079,860.1572986687955,82.64295825234825,58.72388656188894,19.79257258155476,2.595053766010143,9.239311646569316,0.3108023651106823,1.0,0.7282483655422561,0.0,0.7400479157689129,0.0,2,injector_degradation,0.65,0.65,0.2040583980635906,0.0,0.0,0.0,0.0,0.0,0.0,0.0,0.29250000000000004,0.0,0.07142043932225671,1.0
38950,2682.1195144106523,84.77523448667597,859.5630444177767,82.63697717008978,58.733340525354166,19.79257258155476,2.5907812637239385,9.224100023345951,0.3107115360709892,1.0,0.7284346020587693,0.0,0.7378664269436648,0.0,2,injector_degradation,0.65,0.65,0.20610362677714023,0.0,0.0,0.0,0.0,0.0,0.0,0.0,0.29250000000000004,0.0,0.07213626937199907,1.0
39000,2682.1195144106523,84.76583372446265,858.9709562057768,82.63099294432186,58.74280107150392,19.79257258155476,2.5864969085560636,9.208846199660654,0.3106208599605889,1.0,0.7286209682495975,0.0,0.7356811271479439,0.0,2,injector_degradation,0.65,0.65,0.20815476898265997,0.0,0.0,0.0,0.0,0.0,0.0,0.0,0.29250000000000004,0.0,0.07285416914393099,1.0
39050,2682.1195144106523,84.75642959543518,858.3809619504647,82.62500556031108,58.75226822628867,19.79257258155476,2.5822012139393937,9.19355200351653,0.3105303500897577,1.0,0.7288074646259468,0.0,0.7334923149622851,0.0,2,injector_degradation,0.65,0.65,0.210211564278115,0.0,0.0,0.0,0.0,0.0,0.0,0.0,0.29250000000000004,0.0,0.07357404749734024,1.0
39100,2682.1195144106523,84.74702208323862,857.7929923524035,82.61901500413353,58.76174201440069,19.79257258155476,2.577894699283941,9.178219284197416,0.31044001967050217,1.0,0.7289940916742378,0.0,0.7313002909523718,0.0,2,injector_degradation,0.65,0.65,0.2122737492497634,0.0,0.0,0.0,0.0,0.0,0.0,0.0,0.29250000000000004,0.0,0.07429581223741719,1.0
39150,2682.1195144106523,84.7376111723878,857.2069808527325,82.61302126268299,58.77122245925906,19.79257258155476,2.57357788972333,9.16284991136523,0.31034988180853645,1.0,0.7291808498558102,0.0,0.7291053575055364,0.0,2,injector_degradation,0.65,0.65,0.2143410576007506,0.0,0.0,0.0,0.0,0.0,0.0,0.0,0.29250000000000004,0.0,0.07501937016026271,1.0
39200,2682.1195144106523,84.72819684827601,856.6228635910526,82.60702432367862,58.78070958299574,19.79257258155476,2.569251315854875,9.147445774134571,0.3102599494953944,1.0,0.7293677396066484,0.0,0.7269078186650584,0.0,2,injector_degradation,0.65,0.65,0.21641322028293414,0.0,0.0,0.0,0.0,0.0,0.0,0.0,0.29250000000000004,0.0,0.07574462709902695,1.0
39250,2682.1195144106523,84.71877909718302,856.0405793634951,82.60102417567259,58.79020340644202,19.79257258155476,2.5649155134735175,9.13200878012543,0.3101702356006857,1.0,0.729554761337114,0.0,0.724707979962451,0.0,2,injector_degradation,0.65,0.65,0.2184899656318101,0.0,0.0,0.0,0.0,0.0,0.0,0.0,0.29250000000000004,0.0,0.07647148797113354,1.0
39300,2682.1195144106523,84.70935790628306,855.4600695809562,82.59502080805686,58.799703949115326,19.79257258155476,2.5605710232999175,9.116540854495103,0.31008075286450687,1.0,0.7297419154316872,0.0,0.7225061482479306,0.0,2,injector_degradation,0.65,0.65,0.2205710195044019,0.0,0.0,0.0,0.0,0.0,0.0,0.0,0.29250000000000004,0.0,0.07719985682654065,1.0
39350,2682.1195144106523,84.69993326365204,854.88127822748,82.58901421106975,58.80921122920733,19.79257258155476,2.5562183907029263,9.101043938950092,0.30999151389001744,1.0,0.7299292022487308,0.0,0.7203026315192689,0.0,2,injector_degradation,0.65,0.65,0.22265610541996944,0.0,0.0,0.0,0.0,0.0,0.0,0.0,0.29250000000000004,0.0,0.0779296368969893,1.0
39400,2682.1195144106523,84.69050515827428,854.3041518187719,82.58300437580215,58.818725263572304,19.79257258155476,2.551858165416791,9.085519990739265,0.30990253113619015,1.0,0.7301166221202627,0.0,0.718097738749229,0.0,2,injector_degradation,0.65,0.65,0.22474494470339146,0.0,0.0,0.0,0.0,0.0,0.0,0.0,0.29250000000000004,0.0,0.078660730646187,1.0
39450,2682.1195144106523,84.68107358004903,853.7286393608291,82.57699129420297,58.82824606771599,19.79257258155476,2.5474909012533744,9.069970981629238,0.30981381691074483,1.0,0.7303041753517351,0.0,0.7158917797117929,0.0,2,injector_degradation,0.65,0.65,0.22683725663106552,0.0,0.0,0.0,0.0,0.0,0.0,0.0,0.29250000000000004,0.0,0.07939303982087292,1.0
39500,2682.1195144106523,84.6716385197962,853.1546923086738,82.5709749590846,58.837773655785924,19.79257258155476,2.543117155809663,9.054398896863017,0.30972538336327393,1.0,0.7304918622218445,0.0,0.713685064807382,0.0,2,injector_degradation,0.65,0.65,0.22893275857916898,0.0,0.0,0.0,0.0,0.0,0.0,0.0,0.29250000000000004,0.0,0.08012646550270913,1.0
39550,2682.1195144106523,84.66219996926179,852.5822645251743,82.5649553641274,58.84730804056131,19.79257258155476,2.538737490170971,9.038805734103287,0.3096372424785695,1.0,0.7306796829823324,0.0,0.7114779048872932,0.0,2,injector_degradation,0.65,0.65,0.23103116617411681,0.0,0.0,0.0,0.0,0.0,0.0,0.0,0.29250000000000004,0.0,0.08086090816094088,1.0
39600,2682.1195144106523,84.65275792112288,852.0113122399449,82.55893250388408,58.8568492334448,19.79257258155476,2.5343524686100607,9.023193502361181,0.3095494060701578,1.0,0.7308676378578232,0.0,0.7092706110775452,0.0,2,injector_degradation,0.65,0.65,0.23313219344505048,0.0,0.0,0.0,0.0,0.0,0.0,0.0,0.29250000000000004,0.0,0.08159626770576767,1.0
39650,2682.1195144106523,84.64331236899181,851.4417940083111,82.55290637378351,58.8663972444544,19.79257258155476,2.5299626582826242,9.007564220912082,0.30946188577405054,1.0,0.7310557270456648,0.0,0.7070634946023664,0.0,2,injector_degradation,0.65,0.65,0.23523555297818352,0.0,0.0,0.0,0.0,0.0,0.0,0.0,0.29250000000000004,0.0,0.08233244354236423,1.0
39700,2682.1195144106523,84.6338633074202,850.8736706703324,82.54687697013401,58.875952082215996,19.79257258155476,2.5255686289193924,8.991919918199427,0.30937469304271825,1.0,0.7312439507157807,0.0,0.7048568666075223,0.0,2,injector_degradation,0.65,0.65,0.23734095607283295,0.0,0.0,0.0,0.0,0.0,0.0,0.0,0.29250000000000004,0.0,0.08306933462549153,1.0
39750,2682.1195144106523,84.62441073190229,850.3069053098726,82.54084429012624,58.885513753956864,19.79257258155476,2.521170952515274,8.976262630727929,0.3092878391392937,1.0,0.7314323090105439,0.0,0.7026510379837086,0.0,2,injector_degradation,0.65,0.65,0.23944811289895407,0.0,0.0,0.0,0.0,0.0,0.0,0.0,0.29250000000000004,0.0,0.08380683951463391,1.0
39800,2682.1195144106523,84.61495463887775,849.7414632137107,82.53480833183556,58.89508226550011,19.79257258155476,2.516770203015839,8.960594401947345,0.30920133513201,1.0,0.731620802044665,0.0,0.7004463191902163,0.0,2,injector_degradation,0.65,0.65,0.24155673265599975,0.0,0.0,0.0,0.0,0.0,0.0,0.0,0.29250000000000004,0.0,0.08454485642959991,1.0
39850,2682.1195144106523,84.605495025734,849.1773118306866,82.52876909422378,58.904657621259375,19.79257258155476,2.5123669560015625,8.944917281128275,0.30911519188888,1.0,0.7318094299050898,0.0,0.6982430200790889,0.0,2,injector_degradation,0.65,0.65,0.24366652373291864,0.0,0.0,0.0,0.0,0.0,0.0,0.0,0.29250000000000004,0.0,0.08528328330652152,1.0
39900,2682.1195144106523,84.59603189080804,848.6144207308745,82.52272657714065,58.914239824234826,19.79257258155476,2.5079617883701406,8.929233322231092,0.3090294200726214,1.0,0.7319981926509194,0.0,0.6960414497199794,0.0,2,injector_degradation,0.65,0.65,0.24577719386910787,0.0,0.0,0.0,0.0,0.0,0.0,0.0,0.29250000000000004,0.0,0.08602201785418775,1.0
39950,2682.1195144106523,84.58656523338766,848.0527615647812,82.51668078132474,58.9238288760097,19.79257258155476,2.503555278017288,8.913544582769466,0.30894403013583166,1.0,0.7321870903133428,0.0,0.6938419162259207,0.0,2,injector_degradation,0.65,0.65,0.247888450316129,0.0,0.0,0.0,0.0,0.0,0.0,0.0,0.29250000000000004,0.0,0.08676095761064515,1.0
40000,2682.1195144106523,84.57709505371236,847.4923080225648,82.51063170840382,58.93342477674741,19.79257258155476,2.499148003516397,8.897853122669847,0.30885903231641754,1.0,0.7323761228955789,0.0,0.691644726580222,0.0,2,injector_degradation,0.65,0.65,0.24999999999999997,0.0,0.0,0.0,0.0,0.0,0.0,0.0,0.29250000000000004,0.0,0.08749999999999998,1.0
40050,2682.1195144106523,84.56762135297333,846.9330357932723,82.50457936089481,58.94302752518992,19.79257258155476,2.494740543797377,8.882161003128012,0.30877443663328186,1.0,0.7325652903728453,0.0,0.6894501864646916,0.0,2,injector_degradation,0.65,0.65,0.252111549683871,0.0,0.0,0.0,0.0,0.0,0.0,0.0,0.29250000000000004,0.0,0.08823904238935484,1.0
40100,2682.1195144106523,84.5581441333133,846.3749225240948,82.49852374220308,58.95263711865644,19.79257258155476,2.4903334778251507,8.866470285464386,0.30869025288227053,1.0,0.7327545926923323,0.0,0.6872586000893984,0.0,2,injector_degradation,0.65,0.65,0.25422280613089204,0.0,0.0,0.0,0.0,0.0,0.0,0.0,0.29250000000000004,0.0,0.0889779821458122,1.0
40150,2682.1195144106523,84.54866339782575,845.8179477796392,82.4924648566215,58.96225355304304,19.79257258155476,2.485927384278082,8.850783029979159,0.3086064906323824,1.0,0.7329440297731954,0.0,0.6850702700241682,0.0,2,injector_degradation,0.65,0.65,0.2563334762670813,0.0,0.0,0.0,0.0,0.0,0.0,0.0,0.29250000000000004,0.0,0.08971671669347846,1.0
40200,2682.1195144106523,84.53917915055331,845.2620930012173,82.48640270932867,58.9718768228234,19.79257258155476,2.481522841226792,8.835101294808727,0.3085231592222436,1.0,0.7331336015065696,0.0,0.6828854970320172,0.0,2,injector_degradation,0.65,0.65,0.25844326734400025,0.0,0.0,0.0,0.0,0.0,0.0,0.0,0.29250000000000004,0.0,0.09045514357040008,1.0
40250,2682.1195144106523,84.52969139648616,844.7073414661546,82.48033730638707,58.98150692104982,19.79257258155476,2.4771204258137036,8.819427134784783,0.3084402677568478,1.0,0.7333233077555905,0.0,0.6807045799047122,0.0,2,injector_degradation,0.65,0.65,0.26055188710104576,0.0,0.0,0.0,0.0,0.0,0.0,0.0,0.29250000000000004,0.0,0.091193160485366,1.0
40300,2682.1195144106523,84.52020014155937,844.1536782471213,82.4742686547404,58.991143839355296,19.79257258155476,2.4727207139337053,8.803762600297347,0.30835782510456183,1.0,0.7335131483554336,0.0,0.6785278153006515,0.0,2,injector_degradation,0.65,0.65,0.262659043927167,0.0,0.0,0.0,0.0,0.0,0.0,0.0,0.29250000000000004,0.0,0.09193066537450845,1.0
40350,2682.1195144106523,84.5107053926501,843.6010901714866,82.46819676221048,59.000787567956316,19.79257258155476,2.4683242799163088,8.788109736163145,0.3082758398943997,1.0,0.7337031231133708,0.0,0.6763554975852507,0.0,2,injector_degradation,0.65,0.65,0.2647644470218165,0.0,0.0,0.0,0.0,0.0,0.0,0.0,0.29250000000000004,0.0,0.09266755645763577,1.0
40400,2682.1195144106523,84.50120715757407,843.0495657807043,82.46212163749374,59.01043809565655,19.79257258155476,2.4639316962096522,8.772470580500547,0.3081943205135615,1.0,0.7338932318088419,0.0,0.6741879186740103,0.0,2,injector_degradation,0.65,0.65,0.26686780655494946,0.0,0.0,0.0,0.0,0.0,0.0,0.0,0.29250000000000004,0.0,0.09340373229423231,1.0
40450,2682.1195144106523,84.49170544508172,842.4990952897316,82.45604329015731,59.02009540985121,19.79257258155476,2.45954353306676,8.756847163612541,0.3081132751052384,1.0,0.7340834741935414,0.0,0.6720253678784456,0.0,2,injector_degradation,0.65,0.65,0.2689688338258831,0.0,0.0,0.0,0.0,0.0,0.0,0.0,0.29250000000000004,0.0,0.09413909183905908,1.0
40500,2682.1195144106523,84.48220026485359,841.9496705464891,82.44996173063436,59.029759496531945,19.79257258155476,2.4551603582343824,8.741241506878884,0.30803271156668266,1.0,0.7342738499915146,0.0,0.6698681317550432,0.0,2,injector_degradation,0.65,0.65,0.27106724142083105,0.0,0.0,0.0,0.0,0.0,0.0,0.0,0.29250000000000004,0.0,0.09487353449729086,1.0
40550,2682.1195144106523,84.4726916274953,841.4012849913669,82.44387697021932,59.03943034029324,19.79257258155476,2.4507827366447796,8.725655621658758,0.3079526375475389,1.0,0.7344643588992834,0.0,0.6677164939574098,0.0,2,injector_degradation,0.65,0.65,0.2731627433689344,0.0,0.0,0.0,0.0,0.0,0.0,0.0,0.29250000000000004,0.0,0.09560696017912704,1.0
40600,2682.1195144106523,84.4631795445323,840.8539336167868,82.43778902106237,59.04910792433843,19.79257258155476,2.446411230110838,8.710091508205263,0.30787306044843715,1.0,0.7346550005859652,0.0,0.6655707350917678,0.0,2,injector_degradation,0.65,0.65,0.2752550552966085,0.0,0.0,0.0,0.0,0.0,0.0,0.0,0.29250000000000004,0.0,0.09633926935381297,1.0
40650,2682.1195144106523,84.45366402840364,840.3076129268258,82.43169789616354,59.05879223048765,19.79257258155476,2.442046397024809,8.694551154592828,0.30779398741984265,1.0,0.7348457746934294,0.0,0.6634311325759512,0.0,2,injector_degradation,0.65,0.65,0.27734389458003045,0.0,0.0,0.0,0.0,0.0,0.0,0.0,0.29250000000000004,0.0,0.09707036310301065,1.0
40700,2682.1195144106523,84.44414509245564,839.7623208969118,82.42560360936642,59.06848323918566,19.79257258155476,2.4376887920610506,8.679036535658861,0.30771542536116053,1.0,0.7350366808364514,0.0,0.6612979605020409,0.0,2,injector_degradation,0.65,0.65,0.27942898049559806,0.0,0.0,0.0,0.0,0.0,0.0,0.0,0.29250000000000004,0.0,0.09780014317345931,1.0
40750,2682.1195144106523,84.43462275093486,839.2180569336009,82.41950617535133,59.078180929510914,19.79257258155476,2.4333389658830917,8.663549611960798,0.3076373809200922,1.0,0.735227718602891,0.0,0.6591714895027802,0.0,2,injector_degradation,0.65,0.65,0.28151003436818983,0.0,0.0,0.0,0.0,0.0,0.0,0.0,0.29250000000000004,0.0,0.09852851202886644,1.0
40800,2682.1195144106523,84.42509701898081,838.6748218344452,82.41340560962811,59.087885279185116,19.79257258155476,2.4289974648553336,8.648092328749657,0.307559860492238,1.0,0.7354188875538814,0.0,0.6570519866218962,0.0,2,injector_degradation,0.65,0.65,0.2835867797170657,0.0,0.0,0.0,0.0,0.0,0.0,0.0,0.29250000000000004,0.0,0.09925537290097299,1.0
40850,2682.1195144106523,84.41556791261797,838.1326177479633,82.40730192852851,59.09759626458347,19.79257258155476,2.4246648307597076,8.632666614961234,0.307482870220944,1.0,0.7356101872240306,0.0,0.6549397151884473,0.0,2,injector_degradation,0.65,0.65,0.2856589423992494,0.0,0.0,0.0,0.0,0.0,0.0,0.0,0.29250000000000004,0.0,0.09998062983973728,1.0
40900,2682.1195144106523,84.4060354487475,837.5914481337237,82.40119514919809,59.10731386074576,19.79257258155476,2.4203416005175953,8.61727438222605,0.3074064159973863,1.0,0.7358016171216396,0.0,0.6528349346953182,0.0,2,injector_degradation,0.65,0.65,0.28772625075023656,0.0,0.0,0.0,0.0,0.0,0.0,0.0,0.29250000000000004,0.0,0.10070418776258279,1.0
40950,2682.1195144106523,84.39649964513842,837.0513177225533,82.39508528958777,59.11703804138807,19.79257258155476,2.4160283059172922,8.601917523899012,0.30733050346088886,1.0,0.7359931767289334,0.0,0.6507379006819578,0.0,2,injector_degradation,0.65,0.65,0.2897884357218849,0.0,0.0,0.0,0.0,0.0,0.0,0.0,0.29250000000000004,0.0,0.1014259525026597,1.0
41000,2682.1195144106523,84.38696052041848,836.5122324768844,82.38897236844485,59.12676877891493,19.79257258155476,2.4117254733473175,8.586597914109912,0.3072551379994702,1.0,0.7361848655023003,0.0,0.6486488646214666,0.0,2,injector_degradation,0.65,0.65,0.29184523101733995,0.0,0.0,0.0,0.0,0.0,0.0,0.0,0.29250000000000004,0.0,0.10214583085606897,1.0
41050,2682.1195144106523,84.37741809406441,835.9741995512492,82.38285640530387,59.13650604443265,19.79257258155476,2.407433623535822,8.571317406835629,0.3071803247506115,1.0,0.7363766828725552,0.0,0.6465680738121207,0.0,2,injector_degradation,0.65,0.65,0.2938963732228598,0.0,0.0,0.0,0.0,0.0,0.0,0.0,0.29250000000000004,0.0,0.10286373062800092,1.0
41100,2682.1195144106523,84.36787238639198,835.4372272529403,82.37673742047673,59.14624980776292,19.79257258155476,2.4031532712963486,8.55607783499493,0.30710606860224243,1.0,0.7365686282452057,0.0,0.6444957712734122,0.0,2,injector_degradation,0.65,0.65,0.2959416019364093,0.0,0.0,0.0,0.0,0.0,0.0,0.0,0.29250000000000004,0.0,0.10357956067774324,1.0
41150,2682.1195144106523,84.35832341854547,834.901325002846,82.37061543504291,59.1560000374569,19.79257258155476,2.3988849252802322,8.540881009566947,0.30703237419393625,1.0,0.736760701000732,0.0,0.6424321956466841,0.0,2,injector_degradation,0.65,0.65,0.2979806598928977,0.0,0.0,0.0,0.0,0.0,0.0,0.0,0.29250000000000004,0.0,0.10429323096251418,1.0
41200,2682.1195144106523,84.3487712124869,834.3665032964769,82.3644904708388,59.16575670081048,19.79257258155476,2.394629087735825,8.52572871873391,0.3069592459183113,1.0,0.7369529004948856,0.0,0.640377581100424,0.0,2,injector_degradation,0.65,0.65,0.30001329308593955,0.0,0.0,0.0,0.0,0.0,0.0,0.0,0.29250000000000004,0.0,0.10500465258007884,1.0
41250,2682.1195144106523,84.33921579098467,833.8327736651962,82.35836255044723,59.17551976387949,19.79257258155476,2.390386254274791,8.5106227270491,0.3068866879226271,1.0,0.7371452260589899,0.0,0.6383321572402704,0.0,2,injector_degradation,0.65,0.65,0.3020392508860291,0.0,0.0,0.0,0.0,0.0,0.0,0.0,0.29250000000000004,0.0,0.10571373781011019,1.0
41300,2682.1195144106523,84.32965717760214,833.3001486376687,82.35223169718603,59.185289191495826,19.79257258155476,2.386156913645696,8.495564774630724,0.3068147041105744,1.0,0.7373376770002577,0.0,0.6362961490237865,0.0,2,injector_degradation,0.65,0.65,0.30405828615502145,0.0,0.0,0.0,0.0,0.0,0.0,0.0,0.29250000000000004,0.0,0.10642040015425751,1.0
41350,2682.1195144106523,84.32009539668553,832.7686417015442,82.34609793509696,59.19506494728447,19.79257258155476,2.3819415475150376,8.480556576382321,0.30674329814424683,1.0,0.7375302526021263,0.0,0.6342697766800385,0.0,2,injector_degradation,0.65,0.65,0.3060701553568204,0.0,0.0,0.0,0.0,0.0,0.0,0.0,0.29250000000000004,0.0,0.10712455437488715,1.0
41400,2682.1195144106523,84.31053047335172,832.2382672653868,82.3399612889337,59.204846993680135,19.79257258155476,2.3777406302559796,8.465599821240572,0.30667247344629117,1.0,0.7377229521245858,0.0,0.6322532556340139,0.0,2,injector_degradation,0.65,0.65,0.3080746186641828,0.0,0.0,0.0,0.0,0.0,0.0,0.0,0.29250000000000004,0.0,0.10782611653246398,1.0
41450,2682.1195144106523,84.3009624334756,831.7090406208684,82.33382178414985,59.214635291945406,19.79257258155476,2.373554628744859,8.450696171450796,0.30660223320222624,1.0,0.737915774804536,0.0,0.6302467964359013,0.0,2,injector_degradation,0.65,0.65,0.3100714400615545,0.0,0.0,0.0,0.0,0.0,0.0,0.0,0.29250000000000004,0.0,0.10852500402154408,1.0
41500,2682.1195144106523,84.29139130367713,831.180977905239,82.3276794468868,59.22442980218893,19.79257258155476,2.3693840021656976,8.435847261870943,0.30653258036292413,1.0,0.7381087198561448,0.0,0.6282506046952533,0.0,2,injector_degradation,0.65,0.65,0.3120603874438575,0.0,0.0,0.0,0.0,0.0,0.0,0.0,0.29250000000000004,0.0,0.10922113560535011,1.0
41550,2682.1195144106523,84.2818171113081,830.6540960640892,82.32153430396085,59.234230483383755,19.79257258155476,2.365229201822847,8.421054699304548,0.306463517647248,1.0,0.73830178647121,0.0,0.6262648810200364,0.0,2,injector_degradation,0.65,0.65,0.3140412327111604,0.0,0.0,0.0,0.0,0.0,0.0,0.0,0.29250000000000004,0.0,0.10991443144890614,1.0
41600,2682.1195144106523,84.27223988443853,830.1284128144204,82.31538638285042,59.244037293387024,19.79257258155476,2.3610906709618322,8.406320061862854,0.30639504754483493,1.0,0.7384949738195463,0.0,0.6242898209605728,0.0,2,injector_degradation,0.65,0.65,0.3160137518591679,0.0,0.0,0.0,0.0,0.0,0.0,0.0,0.29250000000000004,0.0,0.11060481315070876,1.0
41650,2682.1195144106523,84.26265965184302,829.6039466080368,82.30923571168296,59.2538501889594,19.79257258155476,2.356968844598595,8.39164489835688,0.3063271723190216,1.0,0.7386882810493688,0.0,0.6223256149583665,0.0,2,injector_degradation,0.65,0.65,0.3179777250654708,0.0,0.0,0.0,0.0,0.0,0.0,0.0,0.29250000000000004,0.0,0.11129220377291477,1.0
41700,2682.1195144106523,84.25307644298658,829.0807165952757,82.30308231922152,59.263669125785,19.79257258155476,2.352864149357168,8.377030727719465,0.30625989400990034,1.0,0.7388817072876858,0.0,0.6203724482997981,0.0,2,injector_degradation,0.65,0.65,0.3199329367715102,0.0,0.0,0.0,0.0,0.0,0.0,0.0,0.29250000000000004,0.0,0.11197652787002856,1.0
41750,2682.1195144106523,84.24349028801026,828.558742589087,82.29692623485113,59.27349405849203,19.79257258155476,2.3487770033159,8.362479038457792,0.3061932144375014,1.0,0.7390752516407038,0.0,0.6184305010746707,0.0,2,injector_degradation,0.65,0.65,0.32187917576021263,0.0,0.0,0.0,0.0,0.0,0.0,0.0,0.29250000000000004,0.0,0.11265771151607441,1.0
41800,2682.1195144106523,84.23390121771672,828.0380450294823,82.29076748856505,59.28332494067361,19.79257258155476,2.344707815862265,8.347991288136438,0.30612713520509227,1.0,0.7392689131942398,0.0,0.6164999481395749,0.0,2,injector_degradation,0.65,0.65,0.32381623522926056,0.0,0.0,0.0,0.0,0.0,0.0,0.0,0.29250000000000004,0.0,0.11333568233024119,1.0
41850,2682.1195144106523,84.22430926355537,827.5186449483618,82.28460611095073,59.29316172490903,19.79257258155476,2.3406569875563616,8.3335689028914,0.30606165770258775,1.0,0.7394626910141389,0.0,0.6145809590860403,0.0,2,injector_degradation,0.65,0.65,0.3257439128599714,0.0,0.0,0.0,0.0,0.0,0.0,0.0,0.29250000000000004,0.0,0.11401036950098999,1.0
41900,2682.1195144106523,84.2147144576075,827.0005639347393,82.27844213317553,59.30300436278506,19.79257258155476,2.3366249100031022,8.319213276975034,0.3059967831100615,1.0,0.7396565841466937,0.0,0.6126736982134292,0.0,2,injector_degradation,0.65,0.65,0.3276620108817654,0.0,0.0,0.0,0.0,0.0,0.0,0.0,0.29250000000000004,0.0,0.11468170380861788,1.0
41950,2682.1195144106523,84.20511683257098,826.4838241003737,82.2722755869724,59.31285280491828,19.79257258155476,2.332611965733113,8.304925772332018,0.3059325124013536,1.0,0.7398505916190854,0.0,0.6107783245065272,0.0,2,injector_degradation,0.65,0.65,0.3295703361322055,0.0,0.0,0.0,0.0,0.0,0.0,0.0,0.29250000000000004,0.0,0.11534961764627191,1.0
42000,2682.1195144106523,84.19551642174503,825.9684480458258,82.26610650462544,59.322707000976976,19.79257258155476,2.32861852809242,8.2907077182066,0.30586884634776623,1.0,0.7400447124398142,0.0,0.6088949916177728,0.0,2,injector_degradation,0.65,0.65,0.33146870011260643,0.0,0.0,0.0,0.0,0.0,0.0,0.0,0.29250000000000004,0.0,0.11601404503941225,1.0
42050,2682.1195144106523,84.18591325901468,825.4544588269499,82.25993491895503,59.33256689970341,19.79257258155476,2.324644961140857,8.276560410780887,0.3058057855218394,1.0,0.7402389455991382,0.0,0.6070238478540672,0.0,2,injector_degradation,0.65,0.65,0.3333569190392095,0.0,0.0,0.0,0.0,0.0,0.0,0.0,0.29250000000000004,0.0,0.11667492166372331,1.0
42100,2682.1195144106523,84.17630737883519,824.9418799218362,82.25376086330311,59.3424324489372,19.79257258155476,2.320691619559183,8.262485112844157,0.3057433303012004,1.0,0.740433290069534,0.0,0.6051650361680969,0.0,2,injector_degradation,0.65,0.65,0.33523481388993187,0.0,0.0,0.0,0.0,0.0,0.0,0.0,0.29250000000000004,0.0,0.11733218486147615,1.0
42150,2682.1195144106523,84.16669881621607,824.4307351982151,82.24758437151831,59.352303595637615,19.79257258155476,2.316758848564959,8.248483053493343,0.3056814808724807,1.0,0.740627744806136,0.0,0.6033186941540993,0.0,2,injector_degradation,0.65,0.65,0.33710221044670363,0.0,0.0,0.0,0.0,0.0,0.0,0.0,0.29250000000000004,0.0,0.11798577365634626,1.0
42200,2682.1195144106523,84.15708760670549,823.921048881337,82.24140547794082,59.36218028590707,19.79257258155476,2.3128469838370536,8.234555427864256,0.30562023723529125,1.0,0.7408223087471993,0.0,0.6014849540479913,0.0,2,injector_degradation,0.65,0.65,0.33895893933340915,0.0,0.0,0.0,0.0,0.0,0.0,0.0,0.29250000000000004,0.0,0.11863562876669319,1.0
42250,2682.1195144106523,84.14747378637401,823.4128455223394,82.23522421738727,59.37206246501455,19.79257258155476,2.3089563514487725,8.220703396893496,0.3055595992062521,1.0,0.7410169808145609,0.0,0.5996639427317793,0.0,2,injector_degradation,0.65,0.65,0.3408048360494628,0.0,0.0,0.0,0.0,0.0,0.0,0.0,0.29250000000000004,0.0,0.11928169261731197,1.0
42300,2682.1195144106523,84.13785739179866,822.9061499671121,82.2290406251355,59.38195007741892,19.79257258155476,2.3050872678095673,8.206928087110908,0.30549956642306725,1.0,0.7412117599140989,0.0,0.5978557817421661,0.0,2,injector_degradation,0.65,0.65,0.3426397409990482,0.0,0.0,0.0,0.0,0.0,0.0,0.0,0.29250000000000004,0.0,0.11992390934966686,1.0
42350,2682.1195144106523,84.12823846004665,822.4009873256742,82.22285473690943,59.39184306679297,19.79257258155476,2.301240039615201,8.19323059046217,0.3054401383486408,1.0,0.7414066449362067,0.0,0.5960605872832625,0.0,2,injector_degradation,0.65,0.65,0.3444634995160581,0.0,0.0,0.0,0.0,0.0,0.0,0.0,0.29250000000000004,0.0,0.12056222483062032,1.0
42400,2682.1195144106523,84.11861702865923,821.897382942071,82.21666658886352,59.40174137604687,19.79257258155476,2.2974149638063195,8.17961196416128,0.3053813142752255,1.0,0.7416016347562536,0.0,0.5942784702433053,0.0,2,injector_degradation,0.65,0.65,0.3462759618847801,0.0,0.0,0.0,0.0,0.0,0.0,0.0,0.29250000000000004,0.0,0.12119658665967303,1.0
42450,2682.1195144106523,84.10899313563544,821.3953623648018,82.21047621756759,59.4116449473525,19.79257258155476,2.293612327535332,8.166073230572643,0.3053230933285999,1.0,0.7417967282350664,0.0,0.5925095362152882,0.0,2,injector_degradation,0.65,0.65,0.34807698335637605,0.0,0.0,0.0,0.0,0.0,0.0,0.0,0.29250000000000004,0.0,0.12182694417473161,1.0
42500,2682.1195144106523,84.09936681941565,820.8949513177912,82.20428365999129,59.42155372216708,19.79257258155476,2.289832408141492,8.152615377122347,0.3052654744722671,1.0,0.7419919242193929,0.0,0.5907538855213988,0.0,2,injector_degradation,0.65,0.65,0.3498664241612084,0.0,0.0,0.0,0.0,0.0,0.0,0.0,0.29250000000000004,0.0,0.12245324845642293,1.0
42550,2682.1195144106523,84.0897381188654,820.3961756719092,82.1980889534887,59.43146764125771,19.79257258155476,2.2860754731340274,8.139239356238111,0.30520845651166917,1.0,0.7421872215423859,0.0,0.5890116132411574,0.0,2,injector_degradation,0.65,0.65,0.3516441495170734,0.0,0.0,0.0,0.0,0.0,0.0,0.0,0.29250000000000004,0.0,0.12307545233097568,1.0
42600,2682.1195144106523,84.08010707325894,819.8990614170515,82.19189213578312,59.44138664472522,19.79257258155476,2.2823417801832715,8.12594608531769,0.30515203809841224,1.0,0.7423826190240734,0.0,0.5872828092431465,0.0,2,injector_degradation,0.65,0.65,0.35341002963340573,0.0,0.0,0.0,0.0,0.0,0.0,0.0,0.29250000000000004,0.0,0.123693510371692,1.0
42650,2682.1195144106523,84.07047372226299,819.4036346347883,82.18569324495138,59.4513106720284,19.79257258155476,2.2786315771195675,8.112736446724991,0.3050962177344969,1.0,0.7425781154718356,0.0,0.5855675582202268,0.0,2,injector_degradation,0.65,0.65,0.3551639397115202,0.0,0.0,0.0,0.0,0.0,0.0,0.0,0.29250000000000004,0.0,0.12430737889903207,1.0
42700,2682.1195144106523,84.06083810592031,818.9099214715885,82.17949231940867,59.46123966200828,19.79257258155476,2.274945101939895,8.099611287813655,0.3050409937765486,1.0,0.7427737096808834,0.0,0.5838659397281151,0.0,2,injector_degradation,0.65,0.65,0.35690575994096646,0.0,0.0,0.0,0.0,0.0,0.0,0.0,0.29250000000000004,0.0,0.12491701597933826,1.0
42750,2682.1195144106523,84.05120026463351,818.4179481126274,82.17328939789303,59.471173552912255,19.79257258155476,2.2712825828219794,8.086571420977306,0.30498636444004273,1.0,0.7429694004347331,0.0,0.582178028227216,0.0,2,injector_degradation,0.65,0.65,0.3586353754920722,0.0,0.0,0.0,0.0,0.0,0.0,0.0,0.29250000000000004,0.0,0.12552238142222527,1.0
42800,2682.1195144106523,84.04156023914874,817.9277407561841,82.16708451945016,59.48111228241845,19.79257258155476,2.2676442381457953,8.07361762372609,0.3049323278035206,1.0,0.7431651865056874,0.0,0.5805038931275897,0.0,2,injector_degradation,0.65,0.65,0.3603526765047543,0.0,0.0,0.0,0.0,0.0,0.0,0.0,0.29250000000000004,0.0,0.126123436776664,1.0
42850,2682.1195144106523,84.03191807053958,817.4393255886345,82.1608777234182,59.491055787659704,19.79257258155476,2.2640302765222637,8.06075063878886,0.3048788818127906,1.0,0.7433610666553064,0.0,0.5788435988369292,0.0,2,injector_degradation,0.65,0.65,0.3620575580736846,0.0,0.0,0.0,0.0,0.0,0.0,0.0,0.29250000000000004,0.0,0.1267201453257896,1.0
42900,2682.1195144106523,84.02227380019076,816.9527287600469,82.1546690494124,59.50100400524735,19.79257258155476,2.2604408968289786,8.04797117424038,0.3048260242851113,1.0,0.7435570396348777,0.0,0.5771972048114371,0.0,2,injector_degradation,0.65,0.65,0.36374992022989705,0.0,0.0,0.0,0.0,0.0,0.0,0.0,0.29250000000000004,0.0,0.12731247208046395,1.0
42950,2682.1195144106523,84.01262746978227,816.4679763603841,82.1484585373102,59.51095687129575,19.79257258155476,2.2568762882527715,8.035279903652857,0.30477375291335196,1.0,0.7437531041858984,0.0,0.5755647656094697,0.0,2,injector_degradation,0.65,0.65,0.3654296679189256,0.0,0.0,0.0,0.0,0.0,0.0,0.0,0.29250000000000004,0.0,0.12790038377162397,1.0
43000,2682.1195144106523,84.00297912127331,815.9850943963162,82.14224622723606,59.520914321445794,19.79257258155476,2.2533366303389597,8.022677466271285,0.3047220652701257,1.0,0.743949259040539,0.0,0.5739463309478358,0.0,2,injector_degradation,0.65,0.65,0.3670967109755695,0.0,0.0,0.0,0.0,0.0,0.0,0.0,0.29250000000000004,0.0,0.1284838488414493,1.0
43050,2682.1195144106523,83.99332879688643,815.5041087686494,82.13603215954657,59.530876290888884,19.79257258155476,2.249822093047043,8.010164467211757,0.304670958811893,1.0,0.7441455029221147,0.0,0.5723419457606166,0.0,2,injector_degradation,0.65,0.65,0.3687509640953798,0.0,0.0,0.0,0.0,0.0,0.0,0.0,0.29250000000000004,0.0,0.12906283743338293,1.0
43100,2682.1195144106523,83.98367653909173,815.025045250372,82.12981637481573,59.54084271439033,19.79257258155476,2.2463328368127153,7.997741477682236,0.30462043088303176,1.0,0.7443418345455478,0.0,0.5707516502603965,0.0,2,injector_degradation,0.65,0.65,0.3703923468029666,0.0,0.0,0.0,0.0,0.0,0.0,0.0,0.29250000000000004,0.0,0.1296373213810383,1.0
43150,2682.1195144106523,83.9740223905913,814.5479294653236,82.12359891382005,59.5508135263131,19.79257258155476,2.2428690126159236,7.985409035224872,0.3045704787198687,1.0,0.744538252617834,0.0,0.5691754800017695,0.0,2,injector_degradation,0.65,0.65,0.37202078341722883,0.0,0.0,0.0,0.0,0.0,0.0,0.0,0.29250000000000004,0.0,0.1302072741960301,1.0
43200,2682.1195144106523,83.96436639430362,814.072786867485,82.11737981752424,59.56078866064122,19.79257258155476,2.2394307620548135,7.973167643979275,0.30452109945467204,1.0,0.7447347558385047,0.0,0.5676134659470037,0.0,2,injector_degradation,0.65,0.65,0.3736362030136084,0.0,0.0,0.0,0.0,0.0,0.0,0.0,0.29250000000000004,0.0,0.13077267105476292,1.0
43250,2682.1195144106523,83.9547085933483,813.599642720896,82.11115912706651,59.570768051002574,19.79257258155476,2.236018217425378,7.961017774966097,0.3044722901196006,1.0,0.7449313429000752,0.0,0.5660656345337446,0.0,2,injector_degradation,0.65,0.65,0.3752385393834722,0.0,0.0,0.0,0.0,0.0,0.0,0.0,0.29250000000000004,0.0,0.13133348878421525,1.0
43300,2682.1195144106523,83.94504903103075,813.1285220801975,82.10493688374441,59.58075163069235,19.79257258155476,2.2326315018065124,7.948959866389846,0.3044240476506058,1.0,0.745128012488507,0.0,0.5645320077446259,0.0,2,injector_degradation,0.65,0.65,0.37682773099073136,0.0,0.0,0.0,0.0,0.0,0.0,0.0,0.29250000000000004,0.0,0.13188970584675597,1.0
43350,2682.1195144106523,83.93538775082709,812.6594497718007,82.09871312900066,59.59073933269541,19.79257258155476,2.2292707291503864,7.936994323960659,0.30437636889128716,1.0,0.7453247632836484,0.0,0.563012603178678,0.0,2,injector_degradation,0.65,0.65,0.3784037209257997,0.0,0.0,0.0,0.0,0.0,0.0,0.0,0.29250000000000004,0.0,0.1324413023240299,1.0
43400,2682.1195144106523,83.92572479636937,812.192450375683,82.09248790440915,59.600731089709235,19.79257258155476,2.225936004377797,7.925121521233778,0.30432925059669486,1.0,0.7455215939596868,0.0,0.5615074341244034,0.0,2,injector_degradation,0.65,0.65,0.37996645685700486,0.0,0.0,0.0,0.0,0.0,0.0,0.0,0.29250000000000004,0.0,0.1329882598999517,1.0
43450,2682.1195144106523,83.91606021143059,811.72754820781,82.08626125166109,59.61072683416586,19.79257258155476,2.2226274234783965,7.913341799966404,0.3042826894370808,1.0,0.7457185031855796,0.0,0.5600165096344075,0.0,2,injector_degradation,0.65,0.65,0.3815158909795568,0.0,0.0,0.0,0.0,0.0,0.0,0.0,0.29250000000000004,0.0,0.13353056184284487,1.0
43500,2682.1195144106523,83.90639403991037,811.2647673031812,82.08003321255131,59.62072649825429,19.79257258155476,2.219345073615494,7.901655470490827,0.30423668200159387,1.0,0.7459154896254979,0.0,0.5585398346014641,0.0,2,injector_degradation,0.65,0.65,0.3830519799621844,0.0,0.0,0.0,0.0,0.0,0.0,0.0,0.29250000000000004,0.0,0.13406819298676453,1.0
43550,2682.1195144106523,83.8967263258204,810.8041313995014,82.07380382896491,59.630730013942255,19.79257258155476,2.2160890332352743,7.890062812103284,0.30419122480191846,1.0,0.7461125519392526,0.0,0.5570774098358999,0.0,2,injector_degradation,0.65,0.65,0.3845746848915507,0.0,0.0,0.0,0.0,0.0,0.0,0.0,0.29250000000000004,0.0,0.13460113971204274,1.0
43600,2682.1195144106523,83.88705711327037,810.3456639214706,82.06757314286375,59.64073731299782,19.79257258155476,2.212859372180167,7.878564073467591,0.30414631427585415,1.0,0.7463096887827225,0.0,0.5556292321441831,0.0,2,injector_degradation,0.65,0.65,0.3860839712145561,0.0,0.0,0.0,0.0,0.0,0.0,0.0,0.29250000000000004,0.0,0.13512938992509463,1.0
43650,2682.1195144106523,83.87738644645395,809.8893879656938,82.06134119627364,59.65074832701066,19.79257258155476,2.2096561518062092,7.867159473032996,0.30410194679083546,1.0,0.7465068988082715,0.0,0.5541952944086047,0.0,2,injector_degradation,0.65,0.65,0.3875798086786378,0.0,0.0,0.0,0.0,0.0,0.0,0.0,0.29250000000000004,0.0,0.1356529330375232,1.0
43700,2682.1195144106523,83.86771436963494,809.4353262862054,82.05510803127112,59.66076298741292,19.79257258155476,2.2064794251041375,7.855849199465314,0.3040581186473907,1.0,0.7467041806651603,0.0,0.552775585667942,0.0,2,injector_degradation,0.65,0.65,0.38906217127017656,0.0,0.0,0.0,0.0,0.0,0.0,0.0,0.29250000000000004,0.0,0.1361717599445618,1.0
43750,2682.1195144106523,83.85804092713374,808.983501280606,82.04887368997089,59.670781225500384,19.79257258155476,2.203329236823987,7.8446334120905385,0.3040148260825368,1.0,0.7469015329999638,0.0,0.5513700911989933,0.0,2,injector_degradation,0.65,0.65,0.39053103715112064,0.0,0.0,0.0,0.0,0.0,0.0,0.0,0.29250000000000004,0.0,0.1366858630028922,1.0
43800,2682.1195144106523,83.84836616331398,808.5339349768052,82.04263821451332,59.680802972452554,19.79257258155476,2.2002056236030496,7.833512241350419,0.30397206527311155,1.0,0.7470989544569657,0.0,0.5499787925988804,0.0,2,injector_degradation,0.65,0.65,0.3919863885939322,0.0,0.0,0.0,0.0,0.0,0.0,0.0,0.29250000000000004,0.0,0.13719523600787625,1.0
43850,2682.1195144106523,83.83869012256935,808.0866490203695,82.03640164705212,59.690828159352975,19.79257258155476,2.1971086140969063,7.82248578926899,0.30392983233904103,1.0,0.7472964436785601,0.0,0.5486016678680149,0.0,2,injector_degradation,0.65,0.65,0.3934282119149664,0.0,0.0,0.0,0.0,0.0,0.0,0.0,0.29250000000000004,0.0,0.13769987417023824,1.0
43900,2682.1195144106523,83.82901284931074,807.641664662466,82.03016402974231,59.700856717208794,19.79257258155476,2.194038229113356,7.81155412992939,0.30388812334654053,1.0,0.7474939993056352,0.0,0.5472386914936228,0.0,2,injector_degradation,0.65,0.65,0.3948564974063893,0.0,0.0,0.0,0.0,0.0,0.0,0.0,0.29250000000000004,0.0,0.13819977409223624,1.0
43950,2682.1195144106523,83.81933438795363,807.1990027484006,82.02392540472823,59.710888576970575,19.79257258155476,2.19099448174904,7.800717309960308,0.30384693431125076,1.0,0.7476916199779654,0.0,0.5458898345337343,0.0,2,injector_degradation,0.65,0.65,0.3962712392667393,0.0,0.0,0.0,0.0,0.0,0.0,0.0,0.29250000000000004,0.0,0.13869493374335876,1.0
44000,2682.1195144106523,83.80965478290534,806.7586837067412,82.01768581413211,59.7209236695513,19.79257258155476,2.1879773775285343,7.789975349031194,0.30380626120130644,1.0,0.7478893043345841,0.0,0.544555064701536,0.0,2,injector_degradation,0.65,0.65,0.39767243553023734,0.0,0.0,0.0,0.0,0.0,0.0,0.0,0.29250000000000004,0.0,0.13918535243558305,1.0
44050,2682.1195144106523,83.79997407855319,806.3207275390224,82.0114453000424,59.73096192584498,19.79257258155476,2.1849869145457315,7.779328240355628,0.3037660999403381,1.0,0.7480870510141518,0.0,0.5432343464499981,0.0,2,injector_degradation,0.65,0.65,0.39906008799494824,0.0,0.0,0.0,0.0,0.0,0.0,0.0,0.29250000000000004,0.0,0.13967103079823187,1.0
44100,2682.1195144106523,83.79029231925227,805.8851538100245,82.00520390450276,59.74100327674571,19.79257258155476,2.182023083607275,7.768775951202004,0.30372644641040614,1.0,0.7482848586553297,0.0,0.5419276410566793,0.0,2,injector_degradation,0.65,0.65,0.4004342021498943,0.0,0.0,0.0,0.0,0.0,0.0,0.0,0.29250000000000004,0.0,0.140151970752463,1.0
44150,2682.1195144106523,83.7806095493138,805.4519816386174,81.99896166950111,59.75104765316509,19.79257258155476,2.1790858683779084,7.758318423411012,0.30368729645486764,1.0,0.7484827258971244,0.0,0.5406349067086256,0.0,2,injector_degradation,0.65,0.65,0.4017947871012217,0.0,0.0,0.0,0.0,0.0,0.0,0.0,0.29250000000000004,0.0,0.14062817548542758,1.0
44200,2682.1195144106523,83.7709258129936,805.0212296891674,81.99271863695884,59.761094986050566,19.79257258155476,2.176175245527475,7.747955573919024,0.3036486458811756,1.0,0.7486806513792486,0.0,0.5393560985872744,0.0,2,injector_degradation,0.65,0.65,0.40314185549751735,0.0,0.0,0.0,0.0,0.0,0.0,0.0,0.29250000000000004,0.0,0.14109964942413106,1.0
44250,2682.1195144106523,83.7612411544809,804.5929161634921,81.98647484872038,59.771145206402466,19.79257258155476,2.173291184879442,7.737687295286881,0.3036104904636096,1.0,0.7488786337424567,0.0,0.5380911689532839,0.0,2,injector_degradation,0.65,0.65,0.40447542345437165,0.0,0.0,0.0,0.0,0.0,0.0,0.0,0.29250000000000004,0.0,0.14156639820903008,1.0
44300,2682.1195144106523,83.75155561788739,804.1670587933623,81.98023034654284,59.781198245291236,19.79257258155476,2.1704336495607164,7.7275134562332966,0.30357282594593943,1.0,0.7490766716288841,0.0,0.5368400672312065,0.0,2,injector_degradation,0.65,0.65,0.40579551047828216,0.0,0.0,0.0,0.0,0.0,0.0,0.0,0.29250000000000004,0.0,0.14202842866739876,1.0
44350,2682.1195144106523,83.74186924723637,803.7436748335391,81.97398517208615,59.791254033874225,19.79257258155476,2.167602596152598,7.717433902172302,0.30353564804402144,1.0,0.7492747636823787,0.0,0.5356027400939272,0.0,2,injector_degradation,0.65,0.65,0.40710213938999035,0.0,0.0,0.0,0.0,0.0,0.0,0.0,0.29250000000000004,0.0,0.1424857487864966,1.0
44400,2682.1195144106523,83.73218208645238,803.3227810553363,81.96773936690323,59.801312503411665,19.79257258155476,2.1647979748426844,7.70744845575408,0.3034989524483268,1.0,0.7494729085488145,0.0,0.5343791315467977,0.0,2,injector_degradation,0.65,0.65,0.40839533624734015,0.0,0.0,0.0,0.0,0.0,0.0,0.0,0.29250000000000004,0.0,0.14293836768656903,1.0
44450,2682.1195144106523,83.72249417935092,802.9043937407038,81.9614929724305,59.81137358528305,19.79257258155476,2.1620197295775516,7.697556917408562,0.30346273482640373,1.0,0.7496711048764153,0.0,0.5331691830113922,0.0,2,injector_degradation,0.65,0.65,0.4096751302677484,0.0,0.0,0.0,0.0,0.0,0.0,0.0,0.29250000000000004,0.0,0.1433862955937119,1.0
44500,2682.1195144106523,83.71280556962842,802.4885286768184,81.95524602997858,59.821437211002255,19.79257258155476,2.159267798216051,7.687759065891225,0.3034269908252727,1.0,0.7498693513160521,0.0,0.5319728334088158,0.0,2,injector_degradation,0.65,0.65,0.4109415537503698,0.0,0.0,0.0,0.0,0.0,0.0,0.0,0.29250000000000004,0.0,0.1438295438126294,1.0
44550,2682.1195144106523,83.70311630085274,802.075201151176,81.94899858072318,59.83150331223321,19.79257258155476,2.15654211268303,7.678054658830387,0.3033917160737555,1.0,0.7500676465215518,0.0,0.5307900192425034,0.0,2,injector_degradation,0.65,0.65,0.4121946419980422,0.0,0.0,0.0,0.0,0.0,0.0,0.0,0.29250000000000004,0.0,0.14426812469931474,1.0
44600,2682.1195144106523,83.69342641645346,801.6644259471731,81.94275066569645,59.84157182080422,19.79257258155476,2.153842599123373,7.668443433275643,0.303356906184739,1.0,0.7502659891499789,0.0,0.5296206746804425,0.0,2,injector_degradation,0.65,0.65,0.4134344332390915,0.0,0.0,0.0,0.0,0.0,0.0,0.0,0.29250000000000004,0.0,0.14470205163368202,1.0
44650,2682.1195144106523,83.68373595971286,801.256217340171,81.93650232577829,59.851642668722896,19.79257258155476,2.1511691780561364,7.658925106246651,0.30332255675737396,1.0,0.750464377861931,0.0,0.5284647316367677,0.0,2,injector_degradation,0.65,0.65,0.41466096854907464,0.0,0.0,0.0,0.0,0.0,0.0,0.0,0.29250000000000004,0.0,0.14513133899217612,1.0
44700,2682.1195144106523,83.6740449737569,800.8505890940286,81.93025360168815,59.86171578818994,19.79257258155476,2.148521764528693,7.649499375281931,0.3032886633792097,1.0,0.7506628113218088,0.0,0.5273221198526608,0.0,2,injector_degradation,0.65,0.65,0.41587429177253754,0.0,0.0,0.0,0.0,0.0,0.0,0.0,0.29250000000000004,0.0,0.14555600212038813,1.0
44750,2682.1195144106523,83.66435350154654,800.4475544580984,81.92400453397687,59.871791111612815,19.79257258155476,2.1459002682706996,7.640165918987052,0.303255221628264,1.0,0.7508612881980863,0.0,0.5261927669765115,0.0,2,injector_degradation,0.65,0.65,0.4170744494448599,0.0,0.0,0.0,0.0,0.0,0.0,0.0,0.29250000000000004,0.0,0.14597605730570096,1.0
44800,2682.1195144106523,83.65466158586929,800.0471261646716,81.91775516301902,59.88186857161933,19.79257258155476,2.143304593847757,7.630924397581709,0.30322222707503216,1.0,0.751059807163578,0.0,0.5250765986432825,0.0,2,injector_degradation,0.65,0.65,0.41826149071425917,0.0,0.0,0.0,0.0,0.0,0.0,0.0,0.29250000000000004,0.0,0.1463915217499907,1.0
44850,2682.1195144106523,83.64496926933117,799.6493164268651,81.91150552900513,59.891948101070064,19.79257258155476,2.140734640814651,7.621774453445323,0.30318967528443186,1.0,0.7512583668956843,0.0,0.5239735385530339,0.0,2,injector_degradation,0.65,0.65,0.41943546726402126,0.0,0.0,0.0,0.0,0.0,0.0,0.0,0.29250000000000004,0.0,0.14680241354240742,1.0
44900,2682.1195144106523,83.63527659434857,799.2541369369372,81.90525567193441,59.90202963307154,19.79257258155476,2.138190303867992,7.612715711660484,0.30315756181768777,1.0,0.7514569660766498,0.0,0.5228835085485602,0.0,2,injector_degradation,0.65,0.65,0.42059643323502366,0.0,0.0,0.0,0.0,0.0,0.0,0.0,0.29250000000000004,0.0,0.14720875163225827,1.0
44950,2682.1195144106523,83.6255836031408,798.8615988650239,81.89900563160779,59.91211310098793,19.79257258155476,2.135671472998197,7.6037477805540625,0.3031258822341561,1.0,0.7516556033937949,0.0,0.521806428692098,0.0,2,injector_degradation,0.65,0.65,0.4217444451486147,0.0,0.0,0.0,0.0,0.0,0.0,0.0,0.29250000000000004,0.0,0.14761055580201513,1.0
45000,2682.1195144106523,83.61589033772253,798.471712858283,81.8927554476208,59.92219843845302,19.79257258155476,2.133178033640637,7.594870252235357,0.30309463209308796,1.0,0.7518542775397515,0.0,0.5207422173410653,0.0,2,injector_degradation,0.65,0.65,0.4228795618299089,0.0,0.0,0.0,0.0,0.0,0.0,0.0,0.29250000000000004,0.0,0.1480078466404681,1.0
45050,2682.1195144106523,83.60619683989665,798.0844890404375,81.88650515935711,59.93228557938189,19.79257258155476,2.130709866825854,7.586082703130909,0.30306380695533613,1.0,0.7520529872126924,0.0,0.5196907912227926,0.0,2,injector_degradation,0.65,0.65,0.42400184433155724,0.0,0.0,0.0,0.0,0.0,0.0,0.0,0.29250000000000004,0.0,0.14840064551604504,1.0
45100,2682.1195144106523,83.59650315124748,797.6999370117047,81.88025480598219,59.94237445798159,19.79257258155476,2.1282668493287553,7.577384694515688,0.3030334023850018,1.0,0.7522517311165422,0.0,0.5186520655082149,0.0,2,injector_degradation,0.65,0.65,0.42511135585804727,0.0,0.0,0.0,0.0,0.0,0.0,0.0,0.29250000000000004,0.0,0.14878897455031653,1.0
45150,2682.1195144106523,83.58680931313381,797.3180658491041,81.87400442643695,59.952465008761955,19.79257258155476,2.1258488538166618,7.568775773040205,0.3030034139510272,1.0,0.7524505079611902,0.0,0.5176259538844894,0.0,2,injector_degradation,0.65,0.65,0.4262081616905859,0.0,0.0,0.0,0.0,0.0,0.0,0.0,0.29250000000000004,0.0,0.14917285659170507,1.0
45200,2682.1195144106523,83.57711536668285,796.9388841071287,81.867754059432,59.96255716654612,19.79257258155476,2.1234557489961023,7.560255471253145,0.3029738372287294,1.0,0.7526493164626972,0.0,0.5166123686265115,0.0,2,injector_degradation,0.65,0.65,0.4272923291126163,0.0,0.0,0.0,0.0,0.0,0.0,0.0,0.29250000000000004,0.0,0.1495523151894157,1.0
45250,2682.1195144106523,83.56742135278375,796.5623998187733,81.86150374344186,59.972650866480386,19.79257258155476,2.1210873997582866,7.5518233081193,0.30294466780128176,1.0,0.7528481553434905,0.0,0.5156112206672995,0.0,2,injector_degradation,0.65,0.65,0.4283639273360151,0.0,0.0,0.0,0.0,0.0,0.0,0.0,0.29250000000000004,0.0,0.14992737456760527,1.0
45300,2682.1195144106523,83.5577273120818,796.188620496905,81.85525351669946,59.982746044043566,19.79257258155476,2.1187436673231494,7.543478789532427,0.3029159012611404,1.0,0.7530470233325476,0.0,0.5146224196672267,0.0,2,injector_degradation,0.65,0.65,0.4294230274280168,0.0,0.0,0.0,0.0,0.0,0.0,0.0,0.29250000000000004,0.0,0.15029805959980588,1.0
45350,2682.1195144106523,83.54803328497263,795.8175531359681,81.849003417191,59.99284263505685,19.79257258155476,2.1164244093818723,7.535221408822668,0.3028875332114176,1.0,0.7532459191655905,0.0,0.5136458740820733,0.0,2,injector_degradation,0.65,0.65,0.43046970223890824,0.0,0.0,0.0,0.0,0.0,0.0,0.0,0.29250000000000004,0.0,0.15066439578361787,1.0
45400,2682.1195144106523,83.53833931159681,795.4492042140106,81.84275348265072,60.002940575691966,19.79257258155476,2.1141294802378385,7.5270506472584,0.3028595592672047,1.0,0.7534448415852463,0.0,0.5126814912298846,0.0,2,injector_degradation,0.65,0.65,0.43150402633053153,0.0,0.0,0.0,0.0,0.0,0.0,0.0,0.29250000000000004,0.0,0.15102640921568602,1.0
45450,2682.1195144106523,83.52864543183455,795.0835796950231,81.83650375055629,60.01303980248042,19.79257258155476,2.111858730945887,7.518965974542034,0.3028319750568427,1.0,0.7536437893412299,0.0,0.5117291773566088,0.0,2,injector_degradation,0.65,0.65,0.4325260759056374,0.0,0.0,0.0,0.0,0.0,0.0,0.0,0.29250000000000004,0.0,0.1513841265669731,1.0
45500,2682.1195144106523,83.51895168530075,794.7206850315769,81.83025425812411,60.02314025232133,19.79257258155476,2.109612009449865,7.510966849299743,0.30280477622314395,1.0,0.7538427611904979,0.0,0.5107888377005074,0.0,2,injector_degradation,0.65,0.65,0.4335359287381209,0.0,0.0,0.0,0.0,0.0,0.0,0.0,0.29250000000000004,0.0,0.15173757505834232,1.0
45550,2682.1195144106523,83.5092581113401,794.3605251677533,81.82400504230492,60.03324186248925,19.79257258155476,2.107389160718355,7.503052719564706,0.3027779584245654,1.0,0.7540417558974021,0.0,0.5098603765553158,0.0,2,injector_degradation,0.65,0.65,0.43453366410417543,0.0,0.0,0.0,0.0,0.0,0.0,0.0,0.29250000000000004,0.0,0.1520867824364614,1.0
45600,2682.1195144106523,83.49956474902262,794.0031045423528,81.81775613977959,60.04334457064205,19.79257258155476,2.1051900268785446,7.495223023253726,0.3027515173363339,1.0,0.7542407722338463,0.0,0.5089436973321492,0.0,2,injector_degradation,0.65,0.65,0.4355193627143947,0.0,0.0,0.0,0.0,0.0,0.0,0.0,0.29250000000000004,0.0,0.15243177695003812,1.0
45650,2682.1195144106523,83.48987163713929,793.6484270923714,81.81150758695526,60.053448314827655,19.79257258155476,2.1030144473481784,7.487477188637028,0.30272544865152445,1.0,0.7544398089794176,0.0,0.5080387026201373,0.0,2,injector_degradation,0.65,0.65,0.4364931066468529,0.0,0.0,0.0,0.0,0.0,0.0,0.0,0.29250000000000004,0.0,0.1527725873263985,1.0
45700,2682.1195144106523,83.48017881419781,793.2964962567365,81.80525941996149,60.06355303349145,19.79257258155476,2.1008622589655213,7.479814634800979,0.3026997480820942,1.0,0.7546388649215326,0.0,0.5071452942457856,0.0,2,injector_degradation,0.65,0.65,0.4374549792811888,0.0,0.0,0.0,0.0,0.0,0.0,0.0,0.29250000000000004,0.0,0.15310924274841609,1.0
45750,2682.1195144106523,83.47048631841886,792.9473149802906,81.79901167464664,60.07365866548226,19.79257258155476,2.098733296117316,7.472234772103653,0.3026744113598706,1.0,0.7548379388555557,0.0,0.5062633733310508,0.0,2,injector_degradation,0.65,0.65,0.4384050652337192,0.0,0.0,0.0,0.0,0.0,0.0,0.0,0.29250000000000004,0.0,0.15344177283180171,1.0
45800,2682.1195144106523,83.46079418773223,792.6008857180121,81.79276438657462,60.08376515005918,19.79257258155476,2.096627390864656,7.4647370026229884,0.302649434237497,1.0,0.7550370295849329,0.0,0.5053928403501289,0.0,2,injector_degradation,0.65,0.65,0.43934345029360317,0.0,0.0,0.0,0.0,0.0,0.0,0.0,0.29250000000000004,0.0,0.1537702076027611,1.0
45850,2682.1195144106523,83.45110245977332,792.2572104394636,81.7865175910216,60.09387242689693,19.79257258155476,2.094544373066762,7.45732072059748,0.30262481248933526,1.0,0.7552361359212988,0.0,0.5045335951849539,0.0,2,injector_degradation,0.65,0.65,0.4402702213600791,0.0,0.0,0.0,0.0,0.0,0.0,0.0,0.29250000000000004,0.0,0.15409457747602767,1.0
45900,2682.1195144106523,83.4414111718799,791.9162906334583,81.78027132297314,60.10398043609202,19.79257258155476,2.092484070502603,7.449985312859181,0.3026005419123277,1.0,0.7554352566845958,0.0,0.5036855371793999,0.0,2,injector_degradation,0.65,0.65,0.44118546638079215,0.0,0.0,0.0,0.0,0.0,0.0,0.0,0.29250000000000004,0.0,0.15441491323327725,1.0
45950,2682.1195144106523,83.43172036108899,791.5781273129325,81.77402561712114,60.11408911816758,19.79257258155476,2.090446308990352,7.442730159259023,0.3025766183268179,1.0,0.7556343907031706,0.0,0.5028485651921938,0.0,2,injector_degradation,0.65,0.65,0.44208927429122846,0.0,0.0,0.0,0.0,0.0,0.0,0.0,0.29250000000000004,0.0,0.15473124600192995,1.0
46000,2682.1195144106523,83.42203006413393,791.2427210200166,81.76778050786157,60.12419841407882,19.79257258155476,2.0884309125046085,7.435554633084159,0.30255303757733265,1.0,0.7558335368138823,0.0,0.5020225776485324,0.0,2,injector_degradation,0.65,0.65,0.4429817349552721,0.0,0.0,0.0,0.0,0.0,0.0,0.0,0.29250000000000004,0.0,0.15504360723434524,1.0
46050,2682.1195144106523,83.41234031744159,790.9100718312937,81.76153602929168,60.13430826521717,19.79257258155476,2.086437703291428,7.4284581014675135,0.30252979553332565,1.0,0.7560326938621826,0.0,0.5012074725904131,0.0,2,injector_degradation,0.65,0.65,0.4438629391068968,0.0,0.0,0.0,0.0,0.0,0.0,0.0,0.29250000000000004,0.0,0.15535202868741385,1.0
46100,2682.1195144106523,83.40265115712992,790.5801793632367,81.75529221520799,60.14441861341555,19.79257258155476,2.0844665019810424,7.421439925789103,0.3025068880898831,1.0,0.7562318607022204,0.0,0.5004031477256761,0.0,2,injector_degradation,0.65,0.65,0.444732978293003,0.0,0.0,0.0,0.0,0.0,0.0,0.0,0.29250000000000004,0.0,0.15565654240255106,1.0
46150,2682.1195144106523,83.39296261900557,790.253042777813,81.74904909910396,60.15452940095179,19.79257258155476,2.0825171276983574,7.414499462069453,0.3024843111683938,1.0,0.7564310361969089,0.0,0.4996095004757688,0.0,2,injector_degradation,0.65,0.65,0.44559194481741227,0.0,0.0,0.0,0.0,0.0,0.0,0.0,0.29250000000000004,0.0,0.1559571806860943,1.0
46200,2682.1195144106523,83.38327473856168,789.928660788251,81.7428067141683,60.16464057055289,19.79257258155476,2.080589398171126,7.4076360613547285,0.30246206071718384,1.0,0.75663021921801,0.0,0.4988264280222338,0.0,2,injector_degradation,0.65,0.65,0.4464399316860241,0.0,0.0,0.0,0.0,0.0,0.0,0.0,0.29250000000000004,0.0,0.1562539760901084,1.0
46250,2682.1195144106523,83.37358755097591,789.6070316649553,81.73656509328305,60.174752065398614,19.79257258155476,2.078683129835824,7.400849070093688,0.30244013271211573,1.0,0.7568294086462043,0.0,0.49805382735193093,0.0,2,injector_degradation,0.65,0.65,0.44727703255314283,0.0,0.0,0.0,0.0,0.0,0.0,0.0,0.29250000000000004,0.0,0.15654696139359997,1.0
46300,2682.1195144106523,83.36390109110857,789.2881532415646,81.73032426902205,60.184863829124495,19.79257258155476,2.0767981379412346,7.394137830506483,0.30241852315715556,1.0,0.7570286033711511,0.0,0.4972915953010013,0.0,2,injector_degradation,0.65,0.65,0.4481033416689798,0.0,0.0,0.0,0.0,0.0,0.0,0.0,0.29250000000000004,0.0,0.15683616958414293,1.0
46350,2682.1195144106523,83.35421539350097,788.9720229211415,81.72408427364934,60.19497580582555,19.79257258155476,2.074934236649673,7.38750168094506,0.3023972280849068,1.0,0.7572278022915608,0.0,0.49653962859758166,0.0,2,injector_degradation,0.65,0.65,0.44891895382833336,0.0,0.0,0.0,0.0,0.0,0.0,0.0,0.29250000000000004,0.0,0.15712163383991667,1.0
46400,2682.1195144106523,83.3445304923739,788.6586376824874,81.71784513911803,60.20508794005857,19.79257258155476,2.0730912391359304,7.380939956245419,0.302376243557112,1.0,0.7574270043152411,0.0,0.49579782390327987,0.0,2,injector_degradation,0.65,0.65,0.449723964320449,0.0,0.0,0.0,0.0,0.0,0.0,0.0,0.29250000000000004,0.0,0.15740338751215713,1.0
46450,2682.1195144106523,83.33484642162637,788.3479940865728,81.71160689706915,60.215200176845194,19.79257258155476,2.0712689576838526,7.37445198807149,0.30235556566512484,1.0,0.7576262083591561,0.0,0.4950660778534239,0.0,2,injector_degradation,0.65,0.65,0.4505184688800595,0.0,0.0,0.0,0.0,0.0,0.0,0.0,0.29250000000000004,0.0,0.1576814641080208,1.0
46500,2682.1195144106523,83.32516321483428,788.0400882830749,81.70536957883053,60.22531246167365,19.79257258155476,2.0694672037806403,7.368037105250856,0.30233519053035196,1.0,0.7578254133494617,0.0,0.49434428709609535,0.0,2,injector_degradation,0.65,0.65,0.4513025636396066,0.0,0.0,0.0,0.0,0.0,0.0,0.0,0.29250000000000004,0.0,0.1579558972738623,1.0
46550,2682.1195144106523,83.3154809052495,787.7349160170153,81.69913321541605,60.235424740501514,19.79257258155476,2.067685788208777,7.36169463410206,0.30231511430466496,1.0,0.75802461822156,0.0,0.4936323483299592,0.0,2,injector_degradation,0.65,0.65,0.452076345082639,0.0,0.0,0.0,0.0,0.0,0.0,0.0,0.29250000000000004,0.0,0.15822672077892364,1.0
46600,2682.1195144106523,83.30579952579899,787.4324726354888,81.69289783752487,60.24553695975709,19.79257258155476,2.0659245211356914,7.355423898753829,0.3022953331707859,1.0,0.7582238219201254,0.0,0.49293015834090687,0.0,2,injector_degradation,0.65,0.65,0.45283990999838647,0.0,0.0,0.0,0.0,0.0,0.0,0.0,0.29250000000000004,0.0,0.15849396849943526,1.0
46650,2682.1195144106523,83.29611910908392,787.132753094476,81.6866634755408,60.25564906634154,19.79257258155476,2.0641832122010784,7.349224221455974,0.3022758433426442,1.0,0.7584230233991479,0.0,0.4922376140375228,0.0,2,injector_degradation,0.65,0.65,0.45359335543750445,0.0,0.0,0.0,0.0,0.0,0.0,0.0,0.29250000000000004,0.0,0.15875767440312655,1.0
46700,2682.1195144106523,83.28643968737919,786.8357519657326,81.68043015953197,60.26576100762988,19.79257258155476,2.0624616706019414,7.343094922882167,0.3022566410657076,1.0,0.7586222216219518,0.0,0.4915546124853914,0.0,2,injector_degradation,0.65,0.65,0.45433677866898403,0.0,0.0,0.0,0.0,0.0,0.0,0.0,0.29250000000000004,0.0,0.1590178725341444,1.0
46750,2682.1195144106523,83.27676129263295,786.5414634437476,81.67419791925039,60.27587273147262,19.79257258155476,2.060759705175352,7.337035322424591,0.3022377226172878,1.0,0.7588214155612284,0.0,0.49088105094026147,0.0,2,injector_degradation,0.65,0.65,0.455070277138221,0.0,0.0,0.0,0.0,0.0,0.0,0.0,0.29250000000000004,0.0,0.15927459699837734,1.0
46800,2682.1195144106523,83.26708395646625,786.249881352763,81.66796678413186,60.28598418619639,19.79257258155476,2.0590771244789288,7.331044738480485,0.3022190843068209,1.0,0.759020604199048,0.0,0.49021682688007867,0.0,2,injector_degradation,0.65,0.65,0.45579394842623794,0.0,0.0,0.0,0.0,0.0,0.0,0.0,0.29250000000000004,0.0,0.15952788194918327,1.0
46850,2682.1195144106523,83.25740771017274,785.960999153849,81.66173678329574,60.29609532060504,19.79257258155476,2.0574137368690746,7.3251224887306785,0.30220072247612384,1.0,0.7592197865268824,0.0,0.4895618380359095,0.0,2,injector_degradation,0.65,0.65,0.4565078902100487,0.0,0.0,0.0,0.0,0.0,0.0,0.0,0.29250000000000004,0.0,0.15977776157351703,1.0
46900,2682.1195144106523,83.24773258471873,785.6748099520258,81.65550794554514,60.30620608398027,19.79257258155476,2.055769350576969,7.319267890410171,0.30218263349962804,1.0,0.7594189615456158,0.0,0.4889159824217679,0.0,2,injector_degradation,0.65,0.65,0.4572122002241586,0.0,0.0,0.0,0.0,0.0,0.0,0.0,0.29250000000000004,0.0,0.1600242700784555,1.0
46950,2682.1195144106523,83.23805861074322,785.3913065034293,81.64928029936686,60.31631642608183,19.79257258155476,2.0541437737823554,7.313480260570826,0.3021648137845901,1.0,0.7596181282655505,0.0,0.4882791583633648,0.0,2,injector_degradation,0.65,0.65,0.45790697622319004,0.0,0.0,0.0,0.0,0.0,0.0,0.0,0.29250000000000004,0.0,0.16026744167811652,1.0
47000,2682.1195144106523,83.22838581855791,785.1104812225095,81.64305387293194,60.32642629714817,19.79257258155476,2.0525368146851135,7.307758916336199,0.30214725977128076,1.0,0.7598172857064182,0.0,0.4876512645257965,0.0,2,injector_degradation,0.65,0.65,0.4585923159456215,0.0,0.0,0.0,0.0,0.0,0.0,0.0,0.29250000000000004,0.0,0.1605073105809675,1.0
47050,2682.1195144106523,83.21871423814764,784.8323261892593,81.63682869409581,60.33653564789608,19.79257258155476,2.050948281574679,7.302103175148701,0.3021299679331533,1.0,0.7600164328973742,0.0,0.48703219994019226,0.0,2,injector_degradation,0.65,0.65,0.45926831707863075,0.0,0.0,0.0,0.0,0.0,0.0,0.0,0.29250000000000004,0.0,0.16074391097752075,1.0
47100,2682.1195144106523,83.20904389917064,784.5568331564651,81.63060479039876,60.34664442952079,19.79257258155476,2.049377982897301,7.296512355009048,0.3021129347769909,1.0,0.7602155688769986,0.0,0.48642186402933524,0.0,2,injector_degradation,0.65,0.65,0.4599350772240293,0.0,0.0,0.0,0.0,0.0,0.0,0.0,0.29250000000000004,0.0,0.16097727702841025,1.0
47150,2682.1195144106523,83.19937483095913,784.2839935569749,81.6243821890667,60.35675259369581,19.79257258155476,2.047825727321174,7.290985774708165,0.3020961568430353,1.0,0.7604146926932923,0.0,0.48582015663228095,0.0,2,injector_degradation,0.65,0.65,0.4605926938652745,0.0,0.0,0.0,0.0,0.0,0.0,0.0,0.29250000000000004,0.0,0.16120744285284608,1.0
47200,2682.1195144106523,83.1897070625198,784.0137985109778,81.6181609170115,60.36686009257229,19.79257258155476,2.046291323799472,7.285522754051605,0.3020796307050956,1.0,0.7606138034036669,0.0,0.48522697802798453,0.0,2,injector_degradation,0.65,0.65,0.46124126433554935,0.0,0.0,0.0,0.0,0.0,0.0,0.0,0.29250000000000004,0.0,0.16143444251744227,1.0
47250,2682.1195144106523,83.18004062253465,783.7462388332889,81.61194100083208,60.376966878778546,19.79257258155476,2.0447745816313123,7.280122614076599,0.3020633529706394,1.0,0.760812900074933,0.0,0.4846422289579644,0.0,2,injector_degradation,0.65,0.65,0.4618808857868915,0.0,0.0,0.0,0.0,0.0,0.0,0.0,0.29250000000000004,0.0,0.16165831002541203,1.0
47300,2682.1195144106523,83.1703755393616,783.4813050406343,81.60572246681511,60.3870729054193,19.79257258155476,2.0432753105206696,7.274784677261817,0.30204732028086606,1.0,0.7610119817832859,0.0,0.48406581064801224,0.0,2,injector_degradation,0.65,0.65,0.46251165516036313,0.0,0.0,0.0,0.0,0.0,0.0,0.0,0.29250000000000004,0.0,0.16187907930612708,1.0
47350,2682.1195144106523,83.16071184103555,783.2189873589331,81.59950534093588,60.3971781260746,19.79257258155476,2.0417933206332814,7.2695082677299645,0.302031529310763,1.0,0.7612110476142848,0.0,0.4834976248289757,0.0,2,injector_degradation,0.65,0.65,0.46313366915724125,0.0,0.0,0.0,0.0,0.0,0.0,0.0,0.29250000000000004,0.0,0.16209678420503443,1.0
47400,2682.1195144106523,83.1510495552692,782.9592757305674,81.59328964885947,60.407282494799134,19.79257258155476,2.0403284226515432,7.264292711443238,0.30201597676914554,1.0,0.7614100966628393,0.0,0.4829375737566288,0.0,2,injector_degradation,0.65,0.65,0.4637470242112184,0.0,0.0,0.0,0.0,0.0,0.0,0.0,0.29250000000000004,0.0,0.16231145847392642,1.0
47450,2682.1195144106523,83.14138870945419,782.7021598216403,81.58707541594168,60.417385966120776,19.79257258155476,2.038880427827485,7.259137336391928,0.30200065939868126,1.0,0.7616091280331798,0.0,0.48238556023065154,0.0,2,injector_degradation,0.65,0.65,0.4643518164615941,0.0,0.0,0.0,0.0,0.0,0.0,0.0,0.29250000000000004,0.0,0.16252313576155794,1.0
47500,2682.1195144106523,83.13172933066227,782.4476290292138,81.5808626672304,60.427488495039306,19.79257258155476,2.0374491480337884,7.2540414727760725,0.3019855739758986,1.0,0.7618081408388334,0.0,0.4818414876127348,0.0,2,injector_degradation,0.65,0.65,0.4649481417274459,0.0,0.0,0.0,0.0,0.0,0.0,0.0,0.29250000000000004,0.0,0.16273184960460607,1.0
47550,2682.1195144106523,83.12207144564644,782.1956724885232,81.57465142746668,60.43759003702514,19.79257258155476,2.0360343958129232,7.2490044531803886,0.3019707173111815,1.0,0.762007134202598,0.0,0.48130525984383593,0.0,2,injector_degradation,0.65,0.65,0.46553609548275837,0.0,0.0,0.0,0.0,0.0,0.0,0.0,0.29250000000000004,0.0,0.16293763341896542,1.0
47600,2682.1195144106523,83.11241508084225,781.9462790801646,81.56844172108612,60.4476905480175,19.79257258155476,2.0346359844244284,7.244025612742612,0.30195608624874964,1.0,0.762206107256507,0.0,0.48077678146059577,0.0,2,injector_degradation,0.65,0.65,0.4661157728324995,0.0,0.0,0.0,0.0,0.0,0.0,0.0,0.29250000000000004,0.0,0.1631405204913748,1.0
47650,2682.1195144106523,83.10276026236926,781.6994374372504,81.5622335722204,60.45778998442297,19.79257258155476,2.033253727890345,7.23910428931526,0.30194167766662516,1.0,0.7624050591418005,0.0,0.48025595761094403,0.0,2,injector_degradation,0.65,0.65,0.46668726848962416,0.0,0.0,0.0,0.0,0.0,0.0,0.0,0.29250000000000004,0.0,0.16334054397136843,1.0
47700,2682.1195144106523,83.09310701603243,781.4551359525288,81.55602700469848,60.4678883031134,19.79257258155476,2.0318874410388745,7.234239823621065,0.3019274884765861,1.0,0.7626039890088835,0.0,0.47974269406890835,0.0,2,injector_degradation,0.65,0.65,0.4672506767529885,0.0,0.0,0.0,0.0,0.0,0.0,0.0,0.29250000000000004,0.0,0.16353773686354595,1.0
47750,2682.1195144106523,83.08345536732367,781.2133627854658,81.54982204204833,60.477985461424424,19.79257258155476,2.030536939546252,7.229431559402062,0.3019135156241083,1.0,0.7628028960172978,0.0,0.4792368972486468,0.0,2,injector_degradation,0.65,0.65,0.4678060914861596,0.0,0.0,0.0,0.0,0.0,0.0,0.0,0.29250000000000004,0.0,0.16373213202015585,1.0
47800,2682.1195144106523,83.07380534142334,780.9741058692811,81.54361870749847,60.48808141715301,19.79257258155476,2.0292020399769077,7.224678843562573,0.3018997560882943,1.0,0.7630017793356731,0.0,0.47873847421772253,0.0,2,injector_degradation,0.65,0.65,0.4683536060971024,0.0,0.0,0.0,0.0,0.0,0.0,0.0,0.29250000000000004,0.0,0.16392376213398582,1.0
47850,2682.1195144106523,83.06415696320198,780.7373529179412,81.53741702397951,60.498176128555556,19.79257258155476,2.027882559821925,7.219981026306132,0.3018862068817914,1.0,0.7632006381416895,0.0,0.47824733270964015,0.0,2,injector_degradation,0.65,0.65,0.4688933135187265,0.0,0.0,0.0,0.0,0.0,0.0,0.0,0.29250000000000004,0.0,0.16411265973155426,1.0
47900,2682.1195144106523,83.05451025722198,780.5030914331002,81.53121701412596,60.50826955434567,19.79257258155476,2.026578317535833,7.215337461266491,0.3018728650506985,1.0,0.7633994716220333,0.0,0.47776338113566214,0.0,2,injector_degradation,0.65,0.65,0.46942530619027617,0.0,0.0,0.0,0.0,0.0,0.0,0.0,0.29250000000000004,0.0,0.16429885716659665,1.0
47950,2682.1195144106523,83.04486524773927,780.27130871099,81.52501870027788,60.51836165369184,19.79257258155476,2.025289132571776,7.210747505632814,0.30185972767446256,1.0,0.7635982789723526,0.0,0.47728652859592474,0.0,2,injector_degradation,0.65,0.65,0.4699496760395454,0.0,0.0,0.0,0.0,0.0,0.0,0.0,0.29250000000000004,0.0,0.16448238661384088,1.0
48000,2682.1195144106523,83.03522195870522,780.0419918492533,81.51882210448287,60.52845238621499,19.79257258155476,2.024014825415093,7.206210520269251,0.3018467918657646,1.0,0.763797059397207,0.0,0.4768166848898694,0.0,2,injector_degradation,0.65,0.65,0.4704665144659019,0.0,0.0,0.0,0.0,0.0,0.0,0.0,0.29250000000000004,0.0,0.16466328006306566,1.0
48050,2682.1195144106523,83.02558041376852,779.8151277537189,81.51262724849767,60.538541711985886,19.79257258155476,2.022755217615338,7.201725869828931,0.3018340547703967,1.0,0.763995812110019,0.0,0.4763537605260116,0.0,2,injector_degradation,0.65,0.65,0.4709759123241005,0.0,0.0,0.0,0.0,0.0,0.0,0.0,0.29250000000000004,0.0,0.16484156931343516,1.0
48100,2682.1195144106523,83.01594063627704,779.5907031451155,81.50643415379017,60.548629591522875,19.79257258155476,2.0215101318167554,7.197292922862477,0.30182151356712933,1.0,0.764194536333027,0.0,0.4758976667310617,0.0,2,injector_degradation,0.65,0.65,0.4714779599088713,0.0,0.0,0.0,0.0,0.0,0.0,0.0,0.29250000000000004,0.0,0.16501728596810494,1.0
48150,2682.1195144106523,83.0063026492798,779.3687045657226,81.50024284154142,60.55871598578901,19.79257258155476,2.0202793917873008,7.192911051921314,0.3018091654675697,1.0,0.7643932312972304,0.0,0.47544831545841804,0.0,2,injector_degradation,0.65,0.65,0.4719727469402619,0.0,0.0,0.0,0.0,0.0,0.0,0.0,0.29250000000000004,0.0,0.16519046142909166,1.0
48200,2682.1195144106523,82.99666647552897,779.1491183859545,81.49405333264752,60.568800856189235,19.79257258155476,2.0190628224461835,7.188579633655738,0.3017970077160127,1.0,0.7645918962423334,0.0,0.4750056193960494,0.0,2,injector_degradation,0.65,0.65,0.4724603625497192,0.0,0.0,0.0,0.0,0.0,0.0,0.0,0.29250000000000004,0.0,0.1653611268924017,1.0
48250,2682.1195144106523,82.98703213748195,778.931930810876,81.48786564772166,60.578884164567796,19.79257258155476,2.017860249889984,7.1842980489079125,0.30178503758928227,1.0,0.7647905304166941,0.0,0.4745694919737827,0.0,2,injector_degradation,0.65,0.65,0.472940895266892,0.0,0.0,0.0,0.0,0.0,0.0,0.0,0.29250000000000004,0.0,0.16552931334341217,1.0
48300,2682.1195144106523,82.97739965730341,778.7171278866487,81.4816798070961,60.58896587320526,19.79257258155476,2.016671501417395,7.1800656827999365,0.3017732523965671,1.0,0.7649891330772658,0.0,0.47413984737001674,0.0,2,injector_degradation,0.65,0.65,0.4734144330071365,0.0,0.0,0.0,0.0,0.0,0.0,0.0,0.29250000000000004,0.0,0.16569505155249775,1.0
48350,2682.1195144106523,82.9677690568675,778.5046955069034,81.47549583082434,60.59904594481578,19.79257258155476,2.0154964055525997,7.1758819248171,0.301761649479247,1.0,0.7651877034895433,0.0,0.47371660051787395,0.0,2,injector_degradation,0.65,0.65,0.47388106305970973,0.0,0.0,0.0,0.0,0.0,0.0,0.0,0.29250000000000004,0.0,0.1658583720708984,1.0
48400,2682.1195144106523,82.95814035775987,778.2946194190398,81.4693137386833,60.609124342543744,19.79257258155476,2.0143347920673444,7.17174616888645,0.30175022621071423,1.0,0.7653862409274967,0.0,0.4732996671108129,0.0,2,injector_degradation,0.65,0.65,0.4743408720766315,0.0,0.0,0.0,0.0,0.0,0.0,0.0,0.29250000000000004,0.0,0.166019305226821,1.0
48450,2682.1195144106523,82.94851358128005,778.0868852304487,81.46313355017531,60.619201029961076,19.79257258155476,2.0131864920017044,7.167657813450741,0.30173897999618743,1.0,0.765584744673518,0.0,0.4728889636077123,0.0,2,injector_degradation,0.65,0.65,0.4747939460621987,0.0,0.0,0.0,0.0,0.0,0.0,0.0,0.29250000000000004,0.0,0.16617788112176954,1.0
48500,2682.1195144106523,82.93888874844356,777.8814784146574,81.45695528453041,60.62927597106391,19.79257258155476,2.012051337683612,7.163616261537954,0.30172790827251894,1.0,0.7657832140183561,0.0,0.4724844072374466,0.0,2,injector_degradation,0.65,0.65,0.4752403703631364,0.0,0.0,0.0,0.0,0.0,0.0,0.0,0.29250000000000004,0.0,0.16633412962709773,1.0
48550,2682.1195144106523,82.92926587998414,777.6783843173956,81.45077896070848,60.639349130269636,19.79257258155476,2.0109291627471486,7.159620920826422,0.30171700850799704,1.0,0.7659816482610585,0.0,0.4720859160029679,0.0,2,injector_degradation,0.65,0.65,0.47568022965936657,0.0,0.0,0.0,0.0,0.0,0.0,0.0,0.29250000000000004,0.0,0.16648808038077828,1.0
48600,2682.1195144106523,82.91964499635606,777.4775881625814,81.44460459740156,60.64942047241354,19.79257258155476,2.009819802149666,7.155671203705792,0.30170627820214246,1.0,0.7661800467089043,0.0,0.4716934086849092,0.0,2,injector_degradation,0.65,0.65,0.47611360795538027,0.0,0.0,0.0,0.0,0.0,0.0,0.0,0.29250000000000004,0.0,0.16663976278438308,1.0
48650,2682.1195144106523,82.91002611773649,777.2790750582243,81.43843221303604,60.6594899627456,19.79257258155476,2.0087230921877426,7.151766527333831,0.3016957148854996,1.0,0.7663784086773429,0.0,0.4713068048447273,0.0,2,injector_degradation,0.65,0.65,0.4765405885721955,0.0,0.0,0.0,0.0,0.0,0.0,0.0,0.29250000000000004,0.0,0.16678920600026842,1.0
48700,2682.1195144106523,82.90040926402781,777.0828300022462,81.43226182577496,60.66955756692733,19.79257258155476,2.0076388705120127,7.1479063136892265,0.30168531611942256,1.0,0.7665767334899289,0.0,0.4709260248273953,0.0,2,injector_degradation,0.65,0.65,0.47696125413988505,0.0,0.0,0.0,0.0,0.0,0.0,0.0,0.29250000000000004,0.0,0.16693643894895976,1.0
48750,2682.1195144106523,82.89079445485987,776.8888378882178,81.42609345352025,60.67962325102812,19.79257258155476,2.006566976140907,7.144089989620507,0.30167507949585665,1.0,0.7667750204782539,0.0,0.4705509897636652,0.0,2,injector_degradation,0.65,0.65,0.47737568659065815,0.0,0.0,0.0,0.0,0.0,0.0,0.0,0.29250000000000004,0.0,0.16708149030673033,1.0
48800,2682.1195144106523,82.88118170959245,776.6970835110097,81.41992711391504,60.68968698152235,19.79257258155476,2.0055072494733297,7.140316986891172,0.3016650026371159,1.0,0.766973268981886,0.0,0.470181621571912,0.0,2,injector_degradation,0.65,0.65,0.47778396715248067,0.0,0.0,0.0,0.0,0.0,0.0,0.0,0.29250000000000004,0.0,0.16722438850336824,1.0
48850,2682.1195144106523,82.87157104731767,776.5075515723587,81.41376282434612,60.699748725285765,19.79257258155476,2.0044595323003005,7.136586742221149,0.30165508319565576,1.0,0.7671714783483002,0.0,0.4698178429595744,0.0,2,injector_degradation,0.65,0.65,0.4781861763432171,0.0,0.0,0.0,0.0,0.0,0.0,0.0,0.29250000000000004,0.0,0.16736516172012597,1.0
48900,2682.1195144106523,82.86196248686235,776.3202266863456,81.40760060194623,60.709808449591804,19.79257258155476,2.003423667815624,7.132898697324779,0.3016453188538429,1.0,0.7673696479328063,0.0,0.4694595774242067,0.0,2,injector_degradation,0.65,0.65,0.47858239396527985,0.0,0.0,0.0,0.0,0.0,0.0,0.0,0.29250000000000004,0.0,0.16750383788784795,1.0
48950,2682.1195144106523,82.85235604679042,776.135093384787,81.4014404635962,60.71986612210859,19.79257258155476,2.002399500625537,7.129252298945161,0.3016357073237205,1.0,0.7675677770984887,0.0,0.4691067492541545,0.0,2,injector_degradation,0.65,0.65,0.47897269910077134,0.0,0.0,0.0,0.0,0.0,0.0,0.0,0.29250000000000004,0.0,0.16764044468526995,1.0
49000,2682.1195144106523,82.8427517454054,775.9521361225387,81.39528242592769,60.729921710895205,19.79257258155476,2.001386876757464,7.125646998885322,0.30162624634677093,1.0,0.7677658652161333,0.0,0.4687592835288688,0.0,2,injector_degradation,0.65,0.65,0.479357170107102,0.0,0.0,0.0,0.0,0.0,0.0,0.0,0.29250000000000004,0.0,0.1677750095374857,1.0
49050,2682.1195144106523,82.83314960075279,775.7713392827105,81.38912650532524,60.73997518439821,19.79257258155476,2.0003856436678293,7.12208225403604,0.30161693369367465,1.0,0.7679639116641594,0.0,0.468417106118872,0.0,2,injector_degradation,0.65,0.65,0.47973588461307026,0.0,0.0,0.0,0.0,0.0,0.0,0.0,0.29250000000000004,0.0,0.16790755961457457,1.0
49100,2682.1195144106523,82.82354963062261,775.5926871817913,81.38297271792885,60.750026511448105,19.79257258155476,1.9993956502490065,7.118557526400581,0.3016077671640669,1.0,0.7681619158285498,0.0,0.4680801436853866,0.0,2,injector_degradation,0.65,0.65,0.48010891951539225,0.0,0.0,0.0,0.0,0.0,0.0,0.0,0.29250000000000004,0.0,0.16803812183038727,1.0
49150,2682.1195144106523,82.81395185255184,775.4161640746867,81.37682107963633,60.760075661255954,19.79257258155476,1.9984167468353926,7.115072283116326,0.3015987445862915,1.0,0.7683598771027832,0.0,0.467748323679642,0.0,2,injector_degradation,0.65,0.65,0.4804763509756627,0.0,0.0,0.0,0.0,0.0,0.0,0.0,0.29250000000000004,0.0,0.16816672284148193,1.0
49200,2682.1195144106523,82.80435628382685,775.241754159665,81.37067160610565,60.77012260340952,19.79257258155476,1.9974487852086749,7.11162599647352,0.3015898638171519,1.0,0.76855779488776,0.0,0.46742157434187104,0.0,2,injector_degradation,0.65,0.65,0.48083825441773653,0.0,0.0,0.0,0.0,0.0,0.0,0.0,0.29250000000000004,0.0,0.16829338904620778,1.0
49250,2682.1195144106523,82.79476294148589,775.0694415832146,81.3645243127574,60.780167307870045,19.79257258155476,1.996491618602277,7.108218143931105,0.3015811227416607,1.0,0.7687556685917375,0.0,0.46709982470000594,0.0,2,injector_degradation,0.65,0.65,0.4811947045255161,0.0,0.0,0.0,0.0,0.0,0.0,0.0,0.29250000000000004,0.0,0.16841814658393062,1.0
49300,2682.1195144106523,82.78517184232163,774.8992104448115,81.35837921477719,60.7902097449683,19.79257258155476,1.9955451017050514,7.1048482081298685,0.30157251927278644,1.0,0.7689534976302524,0.0,0.46678300456808935,0.0,2,injector_degradation,0.65,0.65,0.48154577524113057,0.0,0.0,0.0,0.0,0.0,0.0,0.0,0.29250000000000004,0.0,0.1685410213343957,1.0
49350,2682.1195144106523,82.77558300288365,774.7310448015959,81.35223632711808,60.800249885401314,19.79257258155476,1.994609090664202,7.101515676902844,0.30156405135119896,1.0,0.7691512814260568,0.0,0.46647104454440813,0.0,2,injector_degradation,0.65,0.65,0.4818915397634942,0.0,0.0,0.0,0.0,0.0,0.0,0.0,0.29250000000000004,0.0,0.16866203891722295,1.0
49400,2682.1195144106523,82.76599643948089,774.5649286729596,81.34609566450291,60.810287700228535,19.79257258155476,1.9936834430875066,7.098220043283225,0.3015557169450134,1.0,0.7693490194090415,0.0,0.4661638760093658,0.0,2,injector_degradation,0.65,0.65,0.4822320705472302,0.0,0.0,0.0,0.0,0.0,0.0,0.0,0.29250000000000004,0.0,0.16878122469153056,1.0
49450,2682.1195144106523,82.75641216818411,774.4008460450435,81.33995724142682,60.82032316086838,19.79257258155476,1.9927680180448215,7.094960805509726,0.3015475140495315,1.0,0.7695467110161697,0.0,0.4658614311230991,0.0,2,injector_degradation,0.65,0.65,0.4825674393019487,0.0,0.0,0.0,0.0,0.0,0.0,0.0,0.29250000000000004,0.0,0.16889860375568203,1.0
49500,2682.1195144106523,82.74683020482848,774.2387808751449,81.3338210721596,60.83035623909441,19.79257258155476,1.9918626760689349,7.091737467029615,0.3015394406869835,1.0,0.7697443556913994,0.0,0.46556364282285395,0.0,2,injector_degradation,0.65,0.65,0.48289771699186396,0.0,0.0,0.0,0.0,0.0,0.0,0.0,0.29250000000000004,0.0,0.1690142009471524,1.0
49550,2682.1195144106523,82.73725056501604,774.0787170960358,81.32768717074816,60.84038690703202,19.79257258155476,1.9909672791557473,7.088549536499361,0.3015314949062673,1.0,0.769941952885621,0.0,0.4652704448201286,0.0,2,injector_degradation,0.65,0.65,0.4832229738357417,0.0,0.0,0.0,0.0,0.0,0.0,0.0,0.29250000000000004,0.0,0.1691280408425096,1.0
49600,2682.1195144106523,82.72767326411821,773.9206386201907,81.32155555101889,60.850415137154485,19.79257258155476,1.9900816907638545,7.085396527783144,0.3015236747826874,1.0,0.7701395020565767,0.0,0.46498177159759646,0.0,2,injector_degradation,0.65,0.65,0.4835432793071607,0.0,0.0,0.0,0.0,0.0,0.0,0.0,0.29250000000000004,0.0,0.16924014775750623,1.0
49650,2682.1195144106523,82.71809831727813,773.7645293439272,81.31542622658003,60.860440902279386,19.79257258155476,1.9892057758135142,7.082277959949181,0.30151597841769323,1.0,0.7703370026687917,0.0,0.46469755840581495,0.0,2,injector_degradation,0.65,0.65,0.48385870213508125,0.0,0.0,0.0,0.0,0.0,0.0,0.0,0.29250000000000004,0.0,0.16935054574727842,1.0
49700,2682.1195144106523,82.70852573941346,773.610373151456,81.30929921082418,60.8704641755654,19.79257258155476,1.9883394006850152,7.079193357263917,0.30150840393861594,1.0,0.7705344541935107,0.0,0.46441774125973334,0.0,2,injector_degradation,0.65,0.65,0.4841693103047052,0.0,0.0,0.0,0.0,0.0,0.0,0.0,0.29250000000000004,0.0,0.16945925860664682,1.0
49750,2682.1195144106523,82.6989555452185,773.4581539188435,81.30317451693065,60.88048493050801,19.79257258155476,1.987482433216544,7.07614224918443,0.3015009494984058,1.0,0.7707318561086132,0.0,0.46414225693500943,0.0,2,injector_degradation,0.65,0.65,0.4844751710586182,0.0,0.0,0.0,0.0,0.0,0.0,0.0,0.29250000000000004,0.0,0.16956630987051635,1.0
49800,2682.1195144106523,82.68938774916694,773.3078555178873,81.29705215786788,60.890503140936396,19.79257258155476,1.9866347427014504,7.073124170348694,0.3014936132753682,1.0,0.770929207898552,0.0,0.46387104296413884,0.0,2,injector_degradation,0.65,0.65,0.4847763508982036,0.0,0.0,0.0,0.0,0.0,0.0,0.0,0.29250000000000004,0.0,0.16967172281437123,1.0
49850,2682.1195144106523,82.67982236551421,773.1594618199027,81.29093214639573,60.90051878100956,19.79257258155476,1.9857961998850546,7.070138660564216,0.30148639347290057,1.0,0.7711265090542774,0.0,0.46360403763241304,0.0,2,injector_degradation,0.65,0.65,0.48507291558531535,0.0,0.0,0.0,0.0,0.0,0.0,0.0,0.29250000000000004,0.0,0.16977552045486036,1.0
49900,2682.1195144106523,82.67025940830001,773.0129566994234,81.2848144950679,60.91053182521277,19.79257258155476,1.9849666769609258,7.067185264794777,0.30147928831922766,1.0,0.7713237590731672,0.0,0.46334117997371044,0.0,2,injector_degradation,0.65,0.65,0.48536493014420157,0.0,0.0,0.0,0.0,0.0,0.0,0.0,0.29250000000000004,0.0,0.16987772555047054,1.0
49950,2682.1195144106523,82.66069889135065,772.868324037816,81.27869921623443,60.92054224835417,19.79257258155476,1.9841460475666999,7.064263533145554,0.3014722960671384,1.0,0.7715209574589589,0.0,0.46308240976612774,0.0,2,injector_degradation,0.65,0.65,0.4856524588636674,0.0,0.0,0.0,0.0,0.0,0.0,0.0,0.29250000000000004,0.0,0.16997836060228358,1.0
50000,2682.1195144106523,82.65114082828165,772.7255477268087,81.27258632204388,60.930550025560954,19.79257258155476,1.9833341867794498,7.0613730208466245,0.3014654149937217,1.0,0.7717181037216758,0.0,0.46282766752746457,0.0,2,injector_degradation,0.65,0.65,0.4859355652994668,0.0,0.0,0.0,0.0,0.0,0.0,0.0,0.29250000000000004,0.0,0.17007744785481338,1.0
50050,2682.1195144106523,82.64158523250006,772.5846116719346,81.26647582444576,60.94055513227561,19.79257258155476,1.9825309711106125,7.058513288234916,0.3014586434001034,1.0,0.771915197377552,0.0,0.4625768945105655,0.0,2,injector_degradation,0.65,0.65,0.4862143122769146,0.0,0.0,0.0,0.0,0.0,0.0,0.0,0.29250000000000004,0.0,0.1701750092969201,1.0
50100,2682.1195144106523,82.6320321172069,772.4454997958911,81.26036773519286,60.95055754425289,19.79257258155476,1.9817362785005057,7.055683900734676,0.30145197961118286,1.0,0.7721122379489725,0.0,0.4623300326985268,0.0,2,injector_degradation,0.65,0.65,0.48648876189370877,0.0,0.0,0.0,0.0,0.0,0.0,0.0,0.29250000000000004,0.0,0.17027106666279807,1.0
50150,2682.1195144106523,82.62248149539965,772.3081960418159,81.25426206584359,60.960557237555825,19.79257258155476,1.9809499883124404,7.05288442883651,0.3014454219753699,1.0,0.7723092249643962,0.0,0.46208702479977914,0.0,2,injector_degradation,0.65,0.65,0.4867589755229534,0.0,0.0,0.0,0.0,0.0,0.0,0.0,0.29250000000000004,0.0,0.17036564143303368,1.0
50200,2682.1195144106523,82.61293337987462,772.1726843764794,81.24815882776437,60.97055418855237,19.79257258155476,1.9801719813264658,7.050114448075117,0.3014389688643236,1.0,0.7725061579582878,0.0,0.46184781424304927,0.0,2,injector_degradation,0.65,0.65,0.48702501381637375,0.0,0.0,0.0,0.0,0.0,0.0,0.0,0.29250000000000004,0.0,0.1704587548357308,1.0
50250,2682.1195144106523,82.60338778322932,772.0389487933961,81.24205803213175,60.98054837391155,19.79257258155476,1.9794021397327488,7.047373539005715,0.30143261867269017,1.0,0.7727030364710437,0.0,0.46161234517221017,0.0,2,injector_degradation,0.65,0.65,0.4872869367077148,0.0,0.0,0.0,0.0,0.0,0.0,0.0,0.29250000000000004,0.0,0.17055042784770016,1.0
50300,2682.1195144106523,82.59384471786484,771.9069733158539,81.23595968993493,60.99053977060064,19.79257258155476,1.9786403471245917,7.044661287179181,0.30142636981784193,1.0,0.7728998600489347,0.0,0.4613805624410261,0.0,2,injector_degradation,0.65,0.65,0.48754480341631345,0.0,0.0,0.0,0.0,0.0,0.0,0.0,0.29250000000000004,0.0,0.1706406811957097,1.0
50350,2682.1195144106523,82.5843041959883,771.7767419998628,81.2298638119779,61.00052835588084,19.79257258155476,1.9778864884911518,7.04197728311613,0.30142022073961844,1.0,0.7730966282440225,0.0,0.4611524116077983,0.0,2,injector_degradation,0.65,0.65,0.4877986724508385,0.0,0.0,0.0,0.0,0.0,0.0,0.0,0.29250000000000004,0.0,0.17072953535779348,1.0
50400,2682.1195144106523,82.57476622961514,771.6482389370248,81.2237704088817,61.01051410730431,19.79257258155476,1.9771404502098198,7.03932112227978,0.30141416990006614,1.0,0.7732933406141003,0.0,0.4609278389299183,0.0,2,injector_degradation,0.65,0.65,0.4880486016131878,0.0,0.0,0.0,0.0,0.0,0.0,0.0,0.29250000000000004,0.0,0.17081701056461573,1.0
50450,2682.1195144106523,82.56523083057141,771.5214482573246,81.21767949108676,61.02049700271065,19.79257258155476,1.9764021200383177,7.036692405047821,0.30140821578318144,1.0,0.7734899967226234,0.0,0.4607067913583364,0.0,2,injector_degradation,0.65,0.65,0.48829464800253547,0.0,0.0,0.0,0.0,0.0,0.0,0.0,0.29250000000000004,0.0,0.1709031268008874,1.0
50500,2682.1195144106523,82.5556980104962,771.3963541318423,81.21159106885511,61.03047702022331,19.79257258155476,1.9756713871065072,7.034090736683242,0.30140235689465306,1.0,0.7736865961386393,0.0,0.46048921653194735,0.0,2,injector_degradation,0.65,0.65,0.48853686801952273,0.0,0.0,0.0,0.0,0.0,0.0,0.0,0.29250000000000004,0.0,0.17098790380683296,1.0
50550,2682.1195144106523,82.54616778084392,771.2729407753894,81.20550515227256,61.040454138246275,19.79257258155476,1.9749481419079347,7.031515727304238,0.3013965917616066,1.0,0.7738831384367213,0.0,0.46027506277190433,0.0,2,injector_degradation,0.65,0.65,0.48877531737058366,0.0,0.0,0.0,0.0,0.0,0.0,0.0,0.29250000000000004,0.0,0.17107136107970428,1.0
50600,2682.1195144106523,82.5366401528866,771.1511924490693,81.19942175125101,61.05042833546066,19.79257258155476,1.9742322762911175,7.028966991853178,0.3013909189323495,1.0,0.774079623196902,0.0,0.4600642790758621,0.0,2,injector_degradation,0.65,0.65,0.4890100510723986,0.0,0.0,0.0,0.0,0.0,0.0,0.0,0.29250000000000004,0.0,0.1711535178753395,1.0
50650,2682.1195144106523,82.52711513771612,771.0310934627611,81.19334087553057,61.06039959082117,19.79257258155476,1.9735236834506027,7.0264441500647745,0.3013853369761181,1.0,0.7742760500046039,0.0,0.45985681511215765,0.0,2,injector_degradation,0.65,0.65,0.48924112345646864,0.0,0.0,0.0,0.0,0.0,0.0,0.0,0.29250000000000004,0.0,0.17123439320976402,1.0
50700,2682.1195144106523,82.51759274624652,770.9126281775312,81.18726253468168,61.07036788355287,19.79257258155476,1.9728222579177854,7.023946826433394,0.30137984448282507,1.0,0.7744724184505751,0.0,0.45965262121393285,0.0,2,injector_degradation,0.65,0.65,0.4894685881738048,0.0,0.0,0.0,0.0,0.0,0.0,0.0,0.29250000000000004,0.0,0.17131400586083168,1.0
50750,2682.1195144106523,82.50807298921632,770.7957810079714,81.18118673810744,61.08033319314803,19.79257258155476,1.9721278955515145,7.021474650179608,0.3013744400628094,1.0,0.7746687281308277,0.0,0.4594516483732033,0.0,2,injector_degradation,0.65,0.65,0.4896924981997243,0.0,0.0,0.0,0.0,0.0,0.0,0.0,0.29250000000000004,0.0,0.1713923743699035,1.0
50800,2682.1195144106523,82.4985558771906,770.6805364244636,81.17511349504565,61.09029549936234,19.79257258155476,1.9714404935285215,7.019027255216121,0.3013691223465865,1.0,0.7748649786465628,0.0,0.45925384823487925,0.0,2,injector_degradation,0.65,0.65,0.4899129058387484,0.0,0.0,0.0,0.0,0.0,0.0,0.0,0.29250000000000004,0.0,0.17146951704356195,1.0
50850,2682.1195144106523,82.48904142056335,770.5668789553744,81.16904281457096,61.10025478221207,19.79257258155476,1.9707599503336246,7.016604280112883,0.30136388998460095,1.0,0.7750611696041146,0.0,0.4590591730907425,0.0,2,injector_degradation,0.65,0.65,0.490129862729595,0.0,0.0,0.0,0.0,0.0,0.0,0.0,0.29250000000000004,0.0,0.17154545195535825,1.0
50900,2682.1195144106523,82.47952962955964,770.4547931891794,81.16297470559692,61.11021102197048,19.79257258155476,1.9700861657497877,7.01420536806171,0.30135874164698007,1.0,0.7752573006148803,0.0,0.4588675758733861,0.0,2,injector_degradation,0.65,0.65,0.49034341985025964,0.0,0.0,0.0,0.0,0.0,0.0,0.0,0.29250000000000004,0.0,0.17162019694759087,1.0
50950,2682.1195144106523,82.47002051423766,770.3442637765189,81.15690917687829,61.12016419916484,19.79257258155476,1.9694190408479952,7.011830166840225,0.30135367602328933,1.0,0.7754533712952604,0.0,0.45867901015011603,0.0,2,injector_degradation,0.65,0.65,0.4905536275231813,0.0,0.0,0.0,0.0,0.0,0.0,0.0,0.29250000000000004,0.0,0.17169376963311345,1.0
51000,2682.1195144106523,82.4605140844912,770.2352754321838,81.15084623701284,61.13011429457294,19.79257258155476,1.9687584779769918,7.009478328775329,0.30134869182228957,1.0,0.7756493812665909,0.0,0.4584934301168264,0.0,2,injector_degradation,0.65,0.65,0.49076053542048353,0.0,0.0,0.0,0.0,0.0,0.0,0.0,0.29250000000000004,0.0,0.17176618739716923,1.0
51050,2682.1195144106523,82.45101035005138,770.127812937037,81.14478589444366,61.14006128921999,19.79257258155476,1.9681043807528558,7.007149510706084,0.3013437877716954,1.0,0.7758453301550815,0.0,0.45831079059184476,0.0,2,injector_degradation,0.65,0.65,0.49096419256928964,0.0,0.0,0.0,0.0,0.0,0.0,0.0,0.29250000000000004,0.0,0.17183746739925138,1.0
51100,2682.1195144106523,82.44150932048922,770.021861139866,81.138728157461,61.150005164375564,19.79257258155476,1.967456654048457,7.004843373946171,0.30133896261793597,1.0,0.7760412175917559,0.0,0.45813104700975776,0.0,2,injector_degradation,0.65,0.65,0.49116464735710297,0.0,0.0,0.0,0.0,0.0,0.0,0.0,0.29250000000000004,0.0,0.17190762657498604,1.0
51150,2682.1195144106523,82.43201100521736,769.9174049591726,81.13267303420446,61.15994590155032,19.79257258155476,1.9668152039827933,7.002559584245932,0.30133421512591685,1.0,0.7762370432123867,0.0,0.457954155415216,0.0,2,injector_degradation,0.65,0.65,0.4913619475372502,0.0,0.0,0.0,0.0,0.0,0.0,0.0,0.29250000000000004,0.0,0.17197668163803756,1.0
51200,2682.1195144106523,82.42251541349242,769.8144293848974,81.12662053266484,61.169883482492864,19.79257258155476,1.9661799379102036,7.000297811753961,0.301329544078784,1.0,0.7764328066574343,0.0,0.4577800724567254,0.0,2,injector_degradation,0.65,0.65,0.4915561402343801,0.0,0.0,0.0,0.0,0.0,0.0,0.0,0.29250000000000004,0.0,0.172044649082033,1.0
51250,2682.1195144106523,82.4130225544169,769.7129194800824,81.12057066068633,61.17981788918685,19.79257258155476,1.9655507644094787,6.998057730978333,0.3013249482776901,1.0,0.7766285075719892,0.0,0.4576087553804257,0.0,2,injector_degradation,0.65,0.65,0.4917472719500151,0.0,0.0,0.0,0.0,0.0,0.0,0.0,0.29250000000000004,0.0,0.17211154518250527,1.0
51300,2682.1195144106523,82.40353243694136,769.6128603824706,81.11452342596829,61.18974910384763,19.79257258155476,1.9649275932728925,6.995839020747554,0.30132042654156105,1.0,0.7768241456057061,0.0,0.4574401620238619,0.0,2,injector_degradation,0.65,0.65,0.49193538856814994,0.0,0.0,0.0,0.0,0.0,0.0,0.0,0.29250000000000004,0.0,0.17217738599885246,1.0
51350,2682.1195144106523,82.39404506986642,769.5142373060456,81.10847883606738,61.199677108919396,19.79257258155476,1.9643103354951346,6.993641364171158,0.3013159777068667,1.0,0.7770197204127479,0.0,0.45727425080974987,0.0,2,injector_degradation,0.65,0.65,0.49212053536089256,0.0,0.0,0.0,0.0,0.0,0.0,0.0,0.29250000000000004,0.0,0.1722421873763124,1.0
51400,2682.1195144106523,82.38456046184473,769.4170355425114,81.10243689839933,61.209601887072075,19.79257258155476,1.9636989032621694,6.991464448600038,0.3013116006273913,1.0,0.777215231651724,0.0,0.4571109807397403,0.0,2,injector_degradation,0.65,0.65,0.4923027569941447,0.0,0.0,0.0,0.0,0.0,0.0,0.0,0.29250000000000004,0.0,0.17230596494795064,1.0
51450,2682.1195144106523,82.37507862138295,769.3212404627124,81.09639762024096,61.21952342119829,19.79257258155476,1.9630932099400293,6.989307965586546,0.30130729417400753,1.0,0.7774106789856309,0.0,0.4569503113881836,0.0,2,injector_degradation,0.65,0.65,0.49248209753331607,0.0,0.0,0.0,0.0,0.0,0.0,0.0,0.29250000000000004,0.0,0.17236873413666062,1.0
51500,2682.1195144106523,82.3655995568439,769.2268375179975,81.09036100873209,61.229441694410745,19.79257258155476,1.9624931700635349,6.987171610844338,0.3013030572344513,1.0,0.7776060620818009,0.0,0.45679220289589917,0.0,2,injector_degradation,0.65,0.65,0.49265860044906856,0.0,0.0,0.0,0.0,0.0,0.0,0.0,0.29250000000000004,0.0,0.17243051015717398,1.0
51550,2682.1195144106523,82.35612327644827,769.1338122415262,81.0843270708773,61.23935669003871,19.79257258155476,1.9618986993249865,6.985055084208105,0.301298888713099,1.0,0.777801380611832,0.0,0.45663661596395017,0.0,2,injector_degradation,0.65,0.65,0.49283230862308824,0.0,0.0,0.0,0.0,0.0,0.0,0.0,0.29250000000000004,0.0,0.17249130801808088,1.0
51600,2682.1195144106523,82.3466497882767,769.0421502495193,81.07829581354792,61.24926839162571,19.79257258155476,1.9613097145627836,6.982958089593061,0.30129478753074723,1.0,0.7779966342515432,0.0,0.45648351184742847,0.0,2,injector_degradation,0.65,0.65,0.4930032643538793,0.0,0.0,0.0,0.0,0.0,0.0,0.0,0.29250000000000004,0.0,0.17255114252385775,1.0
51650,2682.1195144106523,82.33717910027173,768.9518372424556,81.0722672434838,61.25917678292623,19.79257258155476,1.960726133750024,6.980880334954346,0.30129075262439314,1.0,0.7781918226809088,0.0,0.4563328523492514,0.0,2,injector_degradation,0.65,0.65,0.4931715093625771,0.0,0.0,0.0,0.0,0.0,0.0,0.0,0.29250000000000004,0.0,0.17261002827690197,1.0
51700,2682.1195144106523,82.32771122023962,768.8628590062141,81.06624136729522,61.26908184790303,19.79257258155476,1.9601478759830644,6.9788215322462985,0.3012867829470187,1.0,0.7783869455840066,0.0,0.45618459981397114,0.0,2,injector_degradation,0.65,0.65,0.49333708479877775,0.0,0.0,0.0,0.0,0.0,0.0,0.0,0.29250000000000004,0.0,0.1726679796795722,1.0
51750,2682.1195144106523,82.31824615585225,768.7752014131651,81.06021819146457,61.27898357072423,19.79257258155476,1.9595748614700579,6.976781397381651,0.30128287746737525,1.0,0.7785820026489595,0.0,0.4560387171216026,0.0,2,injector_degradation,0.65,0.65,0.4935000312463796,0.0,0.0,0.0,0.0,0.0,0.0,0.0,0.29250000000000004,0.0,0.17272501093623285,1.0
51800,2682.1195144106523,82.30878391464898,768.6888504232085,81.05419772234825,61.28888193576063,19.79257258155476,1.9590070115194589,6.9747596501905935,0.30127903516977084,1.0,0.7787769935678832,0.0,0.4558951676814678,0.0,2,injector_degradation,0.65,0.65,0.49366038872943413,0.0,0.0,0.0,0.0,0.0,0.0,0.0,0.29250000000000004,0.0,0.17278113605530193,1.0
51850,2682.1195144106523,82.29932450403851,768.6037920847624,81.04817996617834,61.29877692758289,19.79257258155476,1.9584442485285398,6.9727560143798994,0.30127525505386,1.0,0.7789719180368303,0.0,0.45575391542606203,0.0,2,injector_degradation,0.65,0.65,0.4938181967180035,0.0,0.0,0.0,0.0,0.0,0.0,0.0,0.29250000000000004,0.0,0.17283636885130121,1.0
51900,2682.1195144106523,82.2898679313007,768.5200125357013,81.04216492906437,61.30866853095881,19.79257258155476,1.957886495971884,6.970770217491945,0.30127153613443497,1.0,0.7791667757557371,0.0,0.45561492480494276,0.0,2,injector_degradation,0.65,0.65,0.4939734941340209,0.0,0.0,0.0,0.0,0.0,0.0,0.0,0.29250000000000004,0.0,0.1728907229469073,1.0
51950,2682.1195144106523,82.28041420358835,768.4374980042477,81.03615261699514,61.318556730850666,19.79257258155476,1.9573336783898698,6.968801990863723,0.30126787744121897,1.0,0.7793615664283706,0.0,0.4554781607786419,0.0,2,injector_degradation,0.65,0.65,0.49412631935715134,0.0,0.0,0.0,0.0,0.0,0.0,0.0,0.29250000000000004,0.0,0.17294421177500297,1.0
52000,2682.1195144106523,82.27096332792905,768.3562348098138,81.0301430358403,61.328441512412326,19.79257258155476,1.9567857213771844,6.966851069585931,0.3012642780186623,1.0,0.7795562897622726,0.0,0.4553435888126052,0.0,2,injector_degradation,0.65,0.65,0.4942767102306511,0.0,0.0,0.0,0.0,0.0,0.0,0.0,0.29250000000000004,0.0,0.1729968485807279,1.0
52050,2682.1195144106523,82.26151531122679,768.2762093637995,81.02413619135217,61.33832286098677,19.79257258155476,1.9562425515713253,6.964917192462045,0.3012607369257393,1.0,0.7797509454687102,0.0,0.45521117487116014,0.0,2,injector_degradation,0.65,0.65,0.4944247040672211,0.0,0.0,0.0,0.0,0.0,0.0,0.0,0.29250000000000004,0.0,0.17304864642352738,1.0
52100,2682.1195144106523,82.25207016026383,768.1974081703419,81.01813208916724,61.348200762103495,19.79257258155476,1.9557040966411132,6.9630001019674195,0.30125725323574876,1.0,0.779945533262624,0.0,0.4550808854115117,0.0,2,injector_degradation,0.65,0.65,0.4945703376548537,0.0,0.0,0.0,0.0,0.0,0.0,0.0,0.29250000000000004,0.0,0.17309961817919878,1.0
52150,2682.1195144106523,82.24262788170245,768.119817827023,81.01213073480801,61.358075201475785,19.79257258155476,1.955170285275242,6.961099544208515,0.30125382603611545,1.0,0.7801400528625758,0.0,0.45495268737777117,0.0,2,injector_degradation,0.65,0.65,0.49471364726267025,0.0,0.0,0.0,0.0,0.0,0.0,0.0,0.29250000000000004,0.0,0.17314977654193459,1.0
52200,2682.1195144106523,82.23318848208652,768.0434250255322,81.00613213368456,61.367946164998315,19.79257258155476,1.9546410471708318,6.959215268882149,0.30125045442819376,1.0,0.7803345039907008,0.0,0.45482654819501606,0.0,2,injector_degradation,0.65,0.65,0.49485466864674515,0.0,0.0,0.0,0.0,0.0,0.0,0.0,0.29250000000000004,0.0,0.1731991340263608,1.0
52250,2682.1195144106523,82.22375196784327,767.9682165522871,81.00013629109606,61.37781363874422,19.79257258155476,1.9541163130220325,6.957347029234919,0.3012471375270743,1.0,0.7805288863726491,0.0,0.45470243576338554,0.0,2,injector_degradation,0.65,0.65,0.49499343705591753,0.0,0.0,0.0,0.0,0.0,0.0,0.0,0.29250000000000004,0.0,0.17324770296957112,1.0
52300,2682.1195144106523,82.21431834528505,767.8941792890122,80.99414321223242,61.387677608963315,19.79257258155476,1.9535960145086255,6.955494582022619,0.30124387446139167,1.0,0.7807231997375517,0.0,0.4545803184522093,0.0,2,injector_degradation,0.65,0.65,0.4951299872375855,0.0,0.0,0.0,0.0,0.0,0.0,0.0,0.29250000000000004,0.0,0.1732954955331549,1.0
52350,2682.1195144106523,82.20488762061075,767.8213002132765,80.98815290217601,61.397538062078894,19.79257258155476,1.9530800842846903,6.9536576874698905,0.3012406643731344,1.0,0.7809174438179567,0.0,0.45446016509417486,0.0,2,injector_degradation,0.65,0.65,0.49526435344348246,0.0,0.0,0.0,0.0,0.0,0.0,0.0,0.29250000000000004,0.0,0.17334252370521885,1.0
52400,2682.1195144106523,82.19545979990755,767.7495663989929,80.98216536590309,61.407394984685446,19.79257258155476,1.9525684559673055,6.951836109229993,0.30123750641745783,1.0,0.7811116183497853,0.0,0.45434194497953145,0.0,2,injector_degradation,0.65,0.65,0.49539656943543353,0.0,0.0,0.0,0.0,0.0,0.0,0.0,0.29250000000000004,0.0,0.17338879930240172,1.0
52450,2682.1195144106523,82.18603488915261,767.6789650168772,80.97618060828529,61.41724836354661,19.79257258155476,1.9520610641252747,6.950029614344665,0.30123439976249805,1.0,0.7813057230722901,0.0,0.4542256278503323,0.0,2,injector_degradation,0.65,0.65,0.49552666849108984,0.0,0.0,0.0,0.0,0.0,0.0,0.0,0.29250000000000004,0.0,0.17343433397188143,1.0
52500,2682.1195144106523,82.17661289421449,767.6094833348694,80.97019863409133,61.427098185592264,19.79257258155476,1.9515578442679185,6.948237973204217,0.3012313435891884,1.0,0.7814997577279987,0.0,0.454111183894719,0.0,2,injector_degradation,0.65,0.65,0.4956546834096389,0.0,0.0,0.0,0.0,0.0,0.0,0.0,0.29250000000000004,0.0,0.1734791391933736,1.0
52550,2682.1195144106523,82.16719382085489,767.5411087185192,80.96421944798828,61.436944437916345,19.79257258155476,1.9510587328339075,6.946460959507779,0.301228337091078,1.0,0.7816937220626707,0.0,0.45399858374124347,0.0,2,injector_degradation,0.65,0.65,0.4957806465174902,0.0,0.0,0.0,0.0,0.0,0.0,0.0,0.29250000000000004,0.0,0.17352322628112157,1.0
52600,2682.1195144106523,82.15777767473003,767.4738286313335,80.95824305454329,61.446787107774874,19.79257258155476,1.9505636671801372,6.944698350223684,0.30122537947415234,1.0,0.7818876158252587,0.0,0.4538877984532344,0.0,2,injector_degradation,0.65,0.65,0.4959045896739335,0.0,0.0,0.0,0.0,0.0,0.0,0.0,0.29250000000000004,0.0,0.17356660638587673,1.0
52650,2682.1195144106523,82.1483644613923,767.4076306350902,80.9522694582248,61.456626182582816,19.79257258155476,1.9500725855706873,6.942949925550162,0.30122246995665614,1.0,0.7820814387678462,0.0,0.4537787995232048,0.0,2,injector_degradation,0.65,0.65,0.4960265442767688,0.0,0.0,0.0,0.0,0.0,0.0,0.0,0.29250000000000004,0.0,0.17360929049686907,1.0
52700,2682.1195144106523,82.13895418629176,767.3425023901167,80.94629866340432,61.466461649912766,19.79257258155476,1.9495854271658069,6.941215468876127,0.30121960776891765,1.0,0.7822751906456217,0.0,0.45367155886730365,0.0,2,injector_degradation,0.65,0.65,0.4961465412679066,0.0,0.0,0.0,0.0,0.0,0.0,0.0,0.29250000000000004,0.0,0.1736512894437673,1.0
52750,2682.1195144106523,82.12954685477757,767.2784316555354,80.94033067435748,61.47629349749177,19.79257258155476,1.9491021320109798,6.939494766742241,0.3012167921531756,1.0,0.7824688712168165,0.0,0.45356604881981066,0.0,2,injector_degradation,0.65,0.65,0.4962646111389369,0.0,0.0,0.0,0.0,0.0,0.0,0.0,0.29250000000000004,0.0,0.1736926138986279,1.0
52800,2682.1195144106523,82.12014247209959,767.2154062894766,80.93436549526575,61.486121713199815,19.79257258155476,1.9486226410260419,6.937787608802168,0.3012140223634081,1.0,0.7826624802426755,0.0,0.4534622421276773,0.0,2,injector_degradation,0.65,0.65,0.49638078393666674,0.0,0.0,0.0,0.0,0.0,0.0,0.0,0.29250000000000004,0.0,0.17373327437783334,1.0
52850,2682.1195144106523,82.11074104340963,767.1534142492582,80.9284031302177,61.4959462850672,19.79257258155476,1.9481468959943822,6.936093787784128,0.3012112976651635,1.0,0.782856017487403,0.0,0.45336011194511205,0.0,2,injector_degradation,0.65,0.65,0.4964950892686223,0.0,0.0,0.0,0.0,0.0,0.0,0.0,0.29250000000000004,0.0,0.17377328124401778,1.0
52900,2682.1195144106523,82.10134257376313,767.0924435915364,80.92244358321045,61.50576720127244,19.79257258155476,1.9476748395521895,6.9344130994526125,0.301208617335393,1.0,0.7830494827181244,0.0,0.45325963182821255,0.0,2,injector_degradation,0.65,0.65,0.49660755630851766,0.0,0.0,0.0,0.0,0.0,0.0,0.0,0.29250000000000004,0.0,0.17381264470798116,1.0
52950,2682.1195144106523,82.09194706812042,767.0324824724247,80.9164868581509,61.51558445014021,19.79257258155476,1.9472064151777804,6.932745342570384,0.3012059806622855,1.0,0.7832428757048439,0.0,0.4531607757296432,0.0,2,injector_degradation,0.65,0.65,0.4967182138016883,0.0,0.0,0.0,0.0,0.0,0.0,0.0,0.29250000000000004,0.0,0.1738513748305909,1.0
53000,2682.1195144106523,82.0825545313482,766.9735191475842,80.91053295885723,61.52539802013914,19.79257258155476,1.9467415671810013,6.931090318860749,0.3012033869451048,1.0,0.7834361962204014,0.0,0.45306351799336114,0.0,2,injector_degradation,0.65,0.65,0.4968270900704856,0.0,0.0,0.0,0.0,0.0,0.0,0.0,0.29250000000000004,0.0,0.17388948152466996,1.0
53050,2682.1195144106523,82.07316496822085,766.9155419722844,80.90458188906013,61.53520789987972,19.79257258155476,1.9462802406926998,6.929447832970066,0.3012008354940282,1.0,0.7836294440404314,0.0,0.452967833349389,0.0,2,injector_degradation,0.65,0.65,0.4969342130196362,0.0,0.0,0.0,0.0,0.0,0.0,0.0,0.29250000000000004,0.0,0.17392697455687267,1.0
53100,2682.1195144106523,82.06377838342189,766.8585394014377,80.8986336524041,61.54501407811227,19.79257258155476,1.945822381654269,6.9278176924305255,0.3011983256299874,1.0,0.7838226189433232,0.0,0.4528736969086356,0.0,2,injector_degradation,0.65,0.65,0.49703961014156084,0.0,0.0,0.0,0.0,0.0,0.0,0.0,0.29250000000000004,0.0,0.1739638635495463,1.0
53150,2682.1195144106523,82.05439478154523,766.802499989605,80.89268825244886,61.554816543724776,19.79257258155476,1.945367936807279,6.92619970762323,0.30119585668451127,1.0,0.7840157207101777,0.0,0.4527810841577642,0.0,2,injector_degradation,0.65,0.65,0.49714330852165506,0.0,0.0,0.0,0.0,0.0,0.0,0.0,0.29250000000000004,0.0,0.17400015798257926,1.0
53200,2682.1195144106523,82.04501416709661,766.7474123909766,80.8867456926705,61.56461528574103,19.79257258155476,1.9449168536831785,6.924593691741532,0.30119342799957044,1.0,0.7842087491247711,0.0,0.452689970954112,0.0,2,injector_degradation,0.65,0.65,0.49724533484352806,0.0,0.0,0.0,0.0,0.0,0.0,0.0,0.29250000000000004,0.0,0.1740358671952348,1.0
53250,2682.1195144106523,82.03563654449488,766.6932653593261,80.88080597646285,61.574410293318394,19.79257258155476,1.9444690805930787,6.922999460754657,0.3011910389274246,1.0,0.7844017039735115,0.0,0.4526003335206551,0.0,2,injector_degradation,0.65,0.65,0.4973457153942028,0.0,0.0,0.0,0.0,0.0,0.0,0.0,0.29250000000000004,0.0,0.17407100038797096,1.0
53300,2682.1195144106523,82.02626191807326,766.64004774794,80.87486910713858,61.584201555746134,19.79257258155476,1.944024566617622,6.921416833371636,0.3011886888304704,1.0,0.7845945850454042,0.0,0.45251214844102505,0.0,2,injector_degradation,0.65,0.65,0.4974444760692726,0.0,0.0,0.0,0.0,0.0,0.0,0.0,0.29250000000000004,0.0,0.1741055666242454,1.0
53350,2682.1195144106523,82.01689029208063,766.587748509524,80.86893508793054,61.593989062443235,19.79257258155476,1.9435832615969253,6.919845631005497,0.30118637708109247,1.0,0.7847873921320112,0.0,0.45242539265457316,0.0,2,injector_degradation,0.65,0.65,0.4975416423780162,0.0,0.0,0.0,0.0,0.0,0.0,0.0,0.29250000000000004,0.0,0.17413957483230566,1.0
53400,2682.1195144106523,82.00752167068282,766.536356696084,80.86300392199297,61.60377280295668,19.79257258155476,1.9431451161206155,6.918285677737791,0.3011841030615156,1.0,0.7849801250274147,0.0,0.4523400434514865,0.0,2,injector_degradation,0.65,0.65,0.4976372394484702,0.0,0.0,0.0,0.0,0.0,0.0,0.0,0.29250000000000004,0.0,0.17417303380696456,1.0
53450,2682.1195144106523,81.99815605796385,766.4858614587862,80.8570756124027,61.613552766959195,19.79257258155476,1.942710081517957,6.91673680028344,0.30118186616365944,1.0,0.785172783528175,0.0,0.4522560784679507,0.0,2,injector_degradation,0.65,0.65,0.497731292032458,0.0,0.0,0.0,0.0,0.0,0.0,0.0,0.29250000000000004,0.0,0.1742059522113603,1.0
53500,2682.1195144106523,81.98879345792716,766.436252047794,80.85115016216014,61.62332894424772,19.79257258155476,1.9422781098480355,6.915198827955787,0.301179665788994,1.0,0.7853653674332988,0.0,0.45217347568136507,0.0,2,injector_degradation,0.65,0.65,0.49782382451057416,0.0,0.0,0.0,0.0,0.0,0.0,0.0,0.29250000000000004,0.0,0.17423833857870094,1.0
53550,2682.1195144106523,81.97943387449686,766.387517812084,80.8452275741908,61.63310132474162,19.79257258155476,1.9418491538900644,6.913671592632088,0.3011775013483989,1.0,0.7855578765442043,0.0,0.45209221340560685,0.0,2,injector_degradation,0.65,0.65,0.49791486089712617,0.0,0.0,0.0,0.0,0.0,0.0,0.0,0.29250000000000004,0.0,0.17427020131399415,1.0
53600,2682.1195144106523,81.97007731151882,766.3396481992407,80.83930785134612,61.64286989848041,19.79257258155476,1.9414231671337607,6.912154928719243,0.3011753722620219,1.0,0.7857503106646774,0.0,0.45201227028634455,0.0,2,injector_degradation,0.65,0.65,0.4980044248450296,0.0,0.0,0.0,0.0,0.0,0.0,0.0,0.29250000000000004,0.0,0.17430154869576034,1.0
53650,2682.1195144106523,81.96072377276192,766.2926327552324,80.83339099640472,61.652634655622464,19.79257258155476,1.9410001037698061,6.910648673119834,0.3011732779591418,1.0,0.7859426696008444,0.0,0.4519336252964028,0.0,2,injector_degradation,0.65,0.65,0.498092539650659,0.0,0.0,0.0,0.0,0.0,0.0,0.0,0.29250000000000004,0.0,0.17433238887773064,1.0
53700,2682.1195144106523,81.95137326191934,766.2464611241654,80.82747701207353,61.66239558644292,19.79257258155476,1.9405799186804042,6.909152665198505,0.30117121787803103,1.0,0.7861349531611326,0.0,0.4518562577311756,0.0,2,injector_degradation,0.65,0.65,0.4981792282586545,0.0,0.0,0.0,0.0,0.0,0.0,0.0,0.29250000000000004,0.0,0.17436272989052906,1.0
53750,2682.1195144106523,81.94202578260945,766.2011230480224,80.8215659009889,61.67215268133203,19.79257258155476,1.940162567429933,6.907666746748685,0.30116919146582205,1.0,0.7863271611562365,0.0,0.45178014720409226,0.0,2,injector_degradation,0.65,0.65,0.49826451326668014,0.0,0.0,0.0,0.0,0.0,0.0,0.0,0.29250000000000004,0.0,0.17439257964333804,1.0
53800,2682.1195144106523,81.93268133837717,766.1566083663794,80.81565766571771,61.681905930793455,19.79257258155476,1.9397480062556725,6.9061907619595715,0.30116719817837384,1.0,0.7865192933990848,0.0,0.45170527364212937,0.0,2,injector_degradation,0.65,0.65,0.4983484169301389,0.0,0.0,0.0,0.0,0.0,0.0,0.0,0.29250000000000004,0.0,0.1744219459255486,1.0
53850,2682.1195144106523,81.923339932695,766.1129070161077,80.80975230875828,61.69165532544231,19.79257258155476,1.9393361920586372,6.904724557383495,0.3011652374801406,1.0,0.7867113497048017,0.0,0.4516316172813768,0.0,2,injector_degradation,0.65,0.65,0.4984309611668397,0.0,0.0,0.0,0.0,0.0,0.0,0.0,0.29250000000000004,0.0,0.1744508364083939,1.0
53900,2682.1195144106523,81.91400156896412,766.0700090310576,80.80384983254157,61.70140085600406,19.79257258155476,1.938927082394483,6.903267981903537,0.3011633088440431,1.0,0.7869033298906856,0.0,0.4515591586626501,0.0,2,injector_degradation,0.65,0.65,0.49851216756161926,0.0,0.0,0.0,0.0,0.0,0.0,0.0,0.29250000000000004,0.0,0.17447925864656674,1.0
53950,2682.1195144106523,81.90466625051545,766.0279045417252,80.79795023943228,61.71114251331234,19.79257258155476,1.9385206354645257,6.901820886701558,0.3011614117513404,1.0,0.7870952337761652,0.0,0.4514878786271554,0.0,2,injector_degradation,0.65,0.65,0.4985920573709165,0.0,0.0,0.0,0.0,0.0,0.0,0.0,0.29250000000000004,0.0,0.17450722007982075,1.0
54000,2682.1195144106523,81.89533398061081,765.986583774905,80.79205353172978,61.72088028830729,19.79257258155476,1.9381168101068416,6.900383125226517,0.30115954569150466,1.0,0.7872870611827677,0.0,0.45141775831220216,0.0,2,injector_degradation,0.65,0.65,0.4986706515273006,0.0,0.0,0.0,0.0,0.0,0.0,0.0,0.29250000000000004,0.0,0.1745347280345552,1.0
54050,2682.1195144106523,81.88600476244397,765.9460370533249,80.78615971166903,61.73061417203434,19.79257258155476,1.9377155657874527,6.898954553163077,0.30115771016209625,1.0,0.7874788119340942,0.0,0.4513487791469659,0.0,2,injector_degradation,0.65,0.65,0.4987479706439526,0.0,0.0,0.0,0.0,0.0,0.0,0.0,0.29250000000000004,0.0,0.1745617897253834,1.0
54100,2682.1195144106523,81.87667859914154,765.9062547952691,80.7802687814218,61.74034415564238,19.79257258155476,1.9373168625916137,6.897535028400588,0.30115590466864184,1.0,0.787670485855784,0.0,0.4512809228483008,0.0,2,injector_degradation,0.65,0.65,0.4988240350190997,0.0,0.0,0.0,0.0,0.0,0.0,0.0,0.29250000000000004,0.0,0.1745884122566849,1.0
54150,2682.1195144106523,81.86735549376425,765.8672275141843,80.77438074309742,61.7500702303821,19.79257258155476,1.9369206612151884,6.89612441100239,0.3011541287245131,1.0,0.7878620827754816,0.0,0.4512141714166001,0.0,2,injector_degradation,0.65,0.65,0.49889886464040284,0.0,0.0,0.0,0.0,0.0,0.0,0.0,0.29250000000000004,0.0,0.174614602624141,1.0
54200,2682.1195144106523,81.85803544930769,765.8289458182736,80.76849559874404,61.75979238760471,19.79257258155476,1.936526922956119,6.894722563175432,0.3011523818508079,1.0,0.7880536025228122,0.0,0.45114850713170723,0.0,2,injector_degradation,0.65,0.65,0.4989724791892971,0.0,0.0,0.0,0.0,0.0,0.0,0.0,0.29250000000000004,0.0,0.17464036771625396,1.0
54250,2682.1195144106523,81.84871846870357,765.7914004100768,80.76261335034934,61.769510618760116,19.79257258155476,1.9361356097059839,6.89332934924022,0.3011506635762327,1.0,0.7882450449293446,0.0,0.45108391254887464,0.0,2,injector_degradation,0.65,0.65,0.4990448980452856,0.0,0.0,0.0,0.0,0.0,0.0,0.0,0.29250000000000004,0.0,0.17466571431584996,1.0
54300,2682.1195144106523,81.83940455482053,765.7545820860381,80.75673399984152,61.779224915395524,19.79257258155476,1.9357466839416528,6.891944635601104,0.30114897343698654,1.0,0.7884364098285648,0.0,0.4510203704947704,0.0,2,injector_degradation,0.65,0.65,0.49911614029018614,0.0,0.0,0.0,0.0,0.0,0.0,0.0,0.29250000000000004,0.0,0.17469064910156515,1.0
54350,2682.1195144106523,81.83009371046523,765.7184817360616,80.75085754909026,61.78893526915411,19.79257258155476,1.935360108717031,6.8905682907168835,0.30114731097664665,1.0,0.788627697055849,0.0,0.4509578640635351,0.0,2,injector_degradation,0.65,0.65,0.4991862247123313,0.0,0.0,0.0,0.0,0.0,0.0,0.0,0.29250000000000004,0.0,0.17471517864931596,1.0
54400,2682.1195144106523,81.82078593838321,765.6830903430547,80.74498399990773,61.79864167177336,19.79257258155476,1.9349758476548908,6.889200185071731,0.30114567574605594,1.0,0.7888189064484316,0.0,0.45089637661288495,0.0,2,injector_degradation,0.65,0.65,0.49925516981072093,0.0,0.0,0.0,0.0,0.0,0.0,0.0,0.29250000000000004,0.0,0.17473930943375232,1.0
54450,2682.1195144106523,81.81148124125986,765.6483989824611,80.73911335404938,61.80834411508367,19.79257258155476,1.9345938649388064,6.887840191146466,0.30114406730321186,1.0,0.7890100378453769,0.0,0.45083589176026406,0.0,2,injector_degradation,0.65,0.65,0.4993229937991287,0.0,0.0,0.0,0.0,0.0,0.0,0.0,0.29250000000000004,0.0,0.17476304782969504,1.0
54500,2682.1195144106523,81.80217962172134,765.6143988217822,80.73324561321482,61.81804259100687,19.79257258155476,1.9342141253051737,6.886488183390156,0.30114248521315645,1.0,0.7892010910875507,0.0,0.4507763933790426,0.0,2,injector_degradation,0.65,0.65,0.49938971461016207,0.0,0.0,0.0,0.0,0.0,0.0,0.0,0.29250000000000004,0.0,0.17478640011355673,1.0
54550,2682.1195144106523,81.79288108233561,765.5810811200882,80.72738077904876,61.8277370915551,19.79257258155476,1.9338365940353155,6.885144038191998,0.30114092904786877,1.0,0.7893920660175975,0.0,0.45071786559476407,0.0,2,injector_degradation,0.65,0.65,0.4994553498992747,0.0,0.0,0.0,0.0,0.0,0.0,0.0,0.29250000000000004,0.0,0.17480937246474615,1.0
54600,2682.1195144106523,81.78358562561328,765.5484372275204,80.7215188531419,61.83742760882902,19.79257258155476,1.9334612369476876,6.883807633853573,0.30113939838615794,1.0,0.789582962479906,0.0,0.45066029278143793,0.0,2,injector_degradation,0.65,0.65,0.4995199170487341,0.0,0.0,0.0,0.0,0.0,0.0,0.0,0.29250000000000004,0.0,0.17483197096705694,1.0
54650,2682.1195144106523,81.77429325400834,765.5164585847823,80.7156598370317,61.847114135016646,19.79257258155476,1.933088020390174,6.882478850561414,0.3011378928135584,1.0,0.7897737803205856,0.0,0.4506036595578799,0.0,2,injector_degradation,0.65,0.65,0.4995834331715414,0.0,0.0,0.0,0.0,0.0,0.0,0.0,0.29250000000000004,0.0,0.17485420161003948,1.0
54700,2682.1195144106523,81.76500396991929,765.4851367226235,80.70980373220328,61.85679666239209,19.79257258155476,1.9327169112324687,6.881157570359885,0.30113641192222623,1.0,0.7899645193874414,0.0,0.45054795078409793,0.0,2,injector_degradation,0.65,0.65,0.4996459151153058,0.0,0.0,0.0,0.0,0.0,0.0,0.0,0.29250000000000004,0.0,0.17487607029035704,1.0
54750,2682.1195144106523,81.75571777568985,765.4544632613134,80.7039505400902,61.8664751833141,19.79257258155476,1.9323478768585451,6.879843677124362,0.30113495531083695,1.0,0.7901551795299461,0.0,0.4504931515577245,0.0,2,injector_degradation,0.65,0.65,0.4997073794660737,0.0,0.0,0.0,0.0,0.0,0.0,0.0,0.29250000000000004,0.0,0.17489758281312578,1.0
54800,2682.1195144106523,81.74643467360983,765.4244299101077,80.69810026207534,61.87614969022472,19.79257258155476,1.9319808851592284,6.8785370565348,0.30113352258448506,1.0,0.7903457605992135,0.0,0.45043924721049433,0.0,2,injector_degradation,0.65,0.65,0.49976784255211126,0.0,0.0,0.0,0.0,0.0,0.0,0.0,0.29250000000000004,0.0,0.17491874489323894,1.0
54850,2682.1195144106523,81.73715466591602,765.3950284667065,80.69225289949168,61.885820175648284,19.79257258155476,1.931615904524836,6.877237596049517,0.30113211335458473,1.0,0.7905362624479777,0.0,0.4503862233047679,0.0,2,injector_degradation,0.65,0.65,0.4998273204476416,0.0,0.0,0.0,0.0,0.0,0.0,0.0,0.29250000000000004,0.0,0.17493956215667456,1.0
54900,2682.1195144106523,81.72787775479304,765.3662508167055,80.68640845362307,61.89548663218969,19.79257258155476,1.9312529038379345,6.875945184879416,0.3011307272387724,1.0,0.7907266849305608,0.0,0.4503340656300986,0.0,2,injector_degradation,0.65,0.65,0.4998858289765373,0.0,0.0,0.0,0.0,0.0,0.0,0.0,0.29250000000000004,0.0,0.17496004014178806,1.0
54950,2682.1195144106523,81.7186039423741,765.3380889330398,80.68056692570508,61.905149052533545,19.79257258155476,1.9308918524661576,6.874659713962413,0.3011293638608097,1.0,0.7909170279028542,0.0,0.4502827601998474,0.0,2,injector_degradation,0.65,0.65,0.4999433837159674,0.0,0.0,0.0,0.0,0.0,0.0,0.0,0.29250000000000004,0.0,0.1749801843005886,1.0
55000,2682.1195144106523,81.70933323074178,765.3105348754208,80.67472831692561,61.91480742944262,19.79257258155476,1.9305327202551292,6.873381075938233,0.3011280228504889,1.0,0.7911072912222898,0.0,0.45023229324783764,0.0,2,injector_degradation,0.65,0.65,0.5,0.0,0.0,0.0,0.0,0.0,0.0,0.0,0.29250000000000004,0.0,0.175,1.0
55050,2682.1195144106523,81.70006580267437,765.2838586736681,80.66889279745817,61.9244617557571,19.79257258155476,1.9302854388864399,6.872500666576532,0.3011280228504889,1.0,0.7912974747478243,0.0,0.45023229324783764,0.0,2,injector_degradation,0.65,0.65,0.5,0.0,0.0,0.0,0.0,0.0,0.0,0.0,0.29250000000000004,0.0,0.175,1.0
55100,2682.1195144106523,81.6908016571482,765.2580423589985,80.6630603655247,61.93411174485898,19.79257258155476,1.9300382311696895,6.871620519441852,0.3011280228504889,1.0,0.7914875728332819,0.0,0.45023229324783764,0.0,2,injector_degradation,0.65,0.65,0.5,0.0,0.0,0.0,0.0,0.0,0.0,0.0,0.29250000000000004,0.0,0.175,1.0
55150,2682.1195144106523,81.68154079313967,765.2330683285016,80.65723101934827,61.943757394424374,19.79257258155476,1.9297910971038341,6.870740634530477,0.3011280228504889,1.0,0.7916775854328834,0.0,0.45023229324783764,0.0,2,injector_degradation,0.65,0.65,0.5,0.0,0.0,0.0,0.0,0.0,0.0,0.0,0.29250000000000004,0.0,0.175,1.0
55200,2682.1195144106523,81.67228320962556,765.2089193376884,80.65140475715293,61.9533987021283,19.79257258155476,1.9295440366878083,6.869861011838611,0.3011280228504889,1.0,0.7918675125008284,0.0,0.45023229324783764,0.0,2,injector_degradation,0.65,0.65,0.5,0.0,0.0,0.0,0.0,0.0,0.0,0.0,0.29250000000000004,0.0,0.175,1.0
55250,2682.1195144106523,81.66302890558268,765.1855784931944,80.6455815771638,61.96303566564518,19.79257258155476,1.929297049920517,6.868981651362358,0.3011280228504889,1.0,0.792057353991305,0.0,0.45023229324783764,0.0,2,injector_degradation,0.65,0.65,0.5,0.0,0.0,0.0,0.0,0.0,0.0,0.0,0.29250000000000004,0.0,0.175,1.0
55300,2682.1195144106523,81.65377787998813,765.1630292456301,80.63976147760707,61.97266828264837,19.79257258155476,1.9290501368008426,6.868102553097736,0.3011280228504889,1.0,0.7922471098584795,0.0,0.45023229324783764,0.0,2,injector_degradation,0.65,0.65,0.5,0.0,0.0,0.0,0.0,0.0,0.0,0.0,0.29250000000000004,0.0,0.175,1.0
55350,2682.1195144106523,81.64453013181918,765.1412553825772,80.63394445670986,61.98229655081055,19.79257258155476,1.928803297327638,6.867223717040663,0.3011280228504889,1.0,0.7924367800565054,0.0,0.45023229324783764,0.0,2,injector_degradation,0.65,0.65,0.5,0.0,0.0,0.0,0.0,0.0,0.0,0.0,0.29250000000000004,0.0,0.175,1.0
55400,2682.1195144106523,81.63528566005334,765.1202410217269,80.62813051270035,61.991920467803716,19.79257258155476,1.9285565314997248,6.866345143186943,0.3011280228504889,1.0,0.7926263645395226,0.0,0.45023229324783764,0.0,2,injector_degradation,0.65,0.65,0.5,0.0,0.0,0.0,0.0,0.0,0.0,0.0,0.29250000000000004,0.0,0.175,1.0
55450,2682.1195144106523,81.62604446366828,765.099970604159,80.62231964380783,62.0015400312989,19.79257258155476,1.928309839315903,6.865466831532304,0.3011280228504889,1.0,0.7928158632616522,0.0,0.45023229324783764,0.0,2,injector_degradation,0.65,0.65,0.5,0.0,0.0,0.0,0.0,0.0,0.0,0.0,0.29250000000000004,0.0,0.175,1.0
55500,2682.1195144106523,81.61680654164189,765.080428887757,80.61651184826258,62.011155238966396,19.79257258155476,1.9280632207749455,6.864588782072376,0.3011280228504889,1.0,0.7930052761770007,0.0,0.45023229324783764,0.0,2,injector_degradation,0.65,0.65,0.5,0.0,0.0,0.0,0.0,0.0,0.0,0.0,0.29250000000000004,0.0,0.175,1.0
55550,2682.1195144106523,81.6075718929522,765.0616009407578,80.61070712429586,62.020766088475646,19.79257258155476,1.9278166758755984,6.8637109948026955,0.3011280228504889,1.0,0.7931946032396573,0.0,0.45023229324783764,0.0,2,injector_degradation,0.65,0.65,0.5,0.0,0.0,0.0,0.0,0.0,0.0,0.0,0.29250000000000004,0.0,0.175,1.0
55600,2682.1195144106523,81.59834051657754,765.0434721354321,80.60490547014001,62.03037257749553,19.79257258155476,1.9275702046165744,6.862833469718679,0.3011280228504889,1.0,0.7933838444037009,0.0,0.45023229324783764,0.0,2,injector_degradation,0.65,0.65,0.5,0.0,0.0,0.0,0.0,0.0,0.0,0.0,0.29250000000000004,0.0,0.175,1.0
55650,2682.1195144106523,81.58911241149633,765.0260281418945,80.5991068840284,62.03997470369393,19.79257258155476,1.9273238069965688,6.861956206815682,0.3011280228504889,1.0,0.7935729996231904,0.0,0.45023229324783764,0.0,2,injector_degradation,0.65,0.65,0.5,0.0,0.0,0.0,0.0,0.0,0.0,0.0,0.29250000000000004,0.0,0.175,1.0
55700,2682.1195144106523,81.57988757668727,765.0092549220382,80.59331136419542,62.049572464738056,19.79257258155476,1.9270774830142432,6.861079206088938,0.3011280228504889,1.0,0.7937620688521713,0.0,0.45023229324783764,0.0,2,injector_degradation,0.65,0.65,0.5,0.0,0.0,0.0,0.0,0.0,0.0,0.0,0.29250000000000004,0.0,0.175,1.0
55750,2682.1195144106523,81.57066601112928,764.9931387235944,80.58751890887646,62.05916585829435,19.79257258155476,1.9268312326682366,6.860202467533603,0.3011280228504889,1.0,0.7939510520446741,0.0,0.45023229324783764,0.0,2,injector_degradation,0.65,0.65,0.5,0.0,0.0,0.0,0.0,0.0,0.0,0.0,0.29250000000000004,0.0,0.175,1.0
55800,2682.1195144106523,81.56144771380139,764.9776660743124,80.58172951630797,62.06875488202854,19.79257258155476,1.9265850559571582,6.859325991144723,0.3011280228504889,1.0,0.7941399491547156,0.0,0.45023229324783764,0.0,2,injector_degradation,0.65,0.65,0.5,0.0,0.0,0.0,0.0,0.0,0.0,0.0,0.29250000000000004,0.0,0.175,1.0
55850,2682.1195144106523,81.55223268368286,764.962823776258,80.57594318472741,62.07833953360557,19.79257258155476,1.9263389528795916,6.858449776917256,0.3011280228504889,1.0,0.7943287601362964,0.0,0.45023229324783764,0.0,2,injector_degradation,0.65,0.65,0.5,0.0,0.0,0.0,0.0,0.0,0.0,0.0,0.29250000000000004,0.0,0.175,1.0
55900,2682.1195144106523,81.54302091975319,764.9485989002277,80.5701599123733,62.08791981068976,19.79257258155476,1.9260929234340924,6.857573824846062,0.3011280228504889,1.0,0.7945174849434053,0.0,0.45023229324783764,0.0,2,injector_degradation,0.65,0.65,0.5,0.0,0.0,0.0,0.0,0.0,0.0,0.0,0.29250000000000004,0.0,0.175,1.0
55950,2682.1195144106523,81.53381242099204,764.9349787802774,80.56437969748515,62.09749571094437,19.79257258155476,1.925846967619194,6.8566981349259155,0.3011280228504889,1.0,0.7947061235300104,0.0,0.45023229324783764,0.0,2,injector_degradation,0.65,0.65,0.5,0.0,0.0,0.0,0.0,0.0,0.0,0.0,0.29250000000000004,0.0,0.175,1.0
56000,2682.1195144106523,81.52460718637934,764.9219510083618,80.55860253830355,62.10706723203226,19.79257258155476,1.9256010854334005,6.855822707151492,0.3011280228504889,1.0,0.7948946758500715,0.0,0.45023229324783764,0.0,2,injector_degradation,0.65,0.65,0.5,0.0,0.0,0.0,0.0,0.0,0.0,0.0,0.29250000000000004,0.0,0.175,1.0
56050,2682.1195144106523,81.51540521489511,764.9095034290837,80.55282843307003,62.11663437161542,19.79257258155476,1.9253552768751865,6.854947541517363,0.3011280228504889,1.0,0.7950831418575314,0.0,0.45023229324783764,0.0,2,injector_degradation,0.65,0.65,0.5,0.0,0.0,0.0,0.0,0.0,0.0,0.0,0.29250000000000004,0.0,0.175,1.0
56100,2682.1195144106523,81.50620650551963,764.8976241345489,80.54705738002718,62.12619712735516,19.79257258155476,1.9251095419430044,6.854072638018014,0.3011280228504889,1.0,0.7952715215063196,0.0,0.45023229324783764,0.0,2,injector_degradation,0.65,0.65,0.5,0.0,0.0,0.0,0.0,0.0,0.0,0.0,0.29250000000000004,0.0,0.175,1.0
56150,2682.1195144106523,81.49701105723341,764.8863014593277,80.54128937741865,62.13575549691219,19.79257258155476,1.9248638806352756,6.853197996647827,0.3011280228504889,1.0,0.7954598147503537,0.0,0.45023229324783764,0.0,2,injector_degradation,0.65,0.65,0.5,0.0,0.0,0.0,0.0,0.0,0.0,0.0,0.29250000000000004,0.0,0.175,1.0
56200,2682.1195144106523,81.48781886901713,764.8755239755172,80.53552442348911,62.14530947794633,19.79257258155476,1.9246182929503999,6.8523236174011055,0.3011280228504889,1.0,0.7956480215435335,0.0,0.45023229324783764,0.0,2,injector_degradation,0.65,0.65,0.5,0.0,0.0,0.0,0.0,0.0,0.0,0.0,0.29250000000000004,0.0,0.175,1.0
56250,2682.1195144106523,81.47862993985166,764.8652804879058,80.5297625164842,62.15485906811672,19.79257258155476,1.9243727788867482,6.851449500272048,0.3011280228504889,1.0,0.7958361418397464,0.0,0.45023229324783764,0.0,2,injector_degradation,0.65,0.65,0.5,0.0,0.0,0.0,0.0,0.0,0.0,0.0,0.29250000000000004,0.0,0.175,1.0
56300,2682.1195144106523,81.46944426871806,764.8555600292342,80.52400365465058,62.164404265081956,19.79257258155476,1.9241273384426645,6.85057564525476,0.3011280228504889,1.0,0.7960241755928676,0.0,0.45023229324783764,0.0,2,injector_degradation,0.65,0.65,0.5,0.0,0.0,0.0,0.0,0.0,0.0,0.0,0.29250000000000004,0.0,0.175,1.0
56350,2682.1195144106523,81.4602618545976,764.8463518555549,80.51824783623601,62.17394506649992,19.79257258155476,1.9238819716164648,6.849702052343245,0.3011280228504889,1.0,0.7962121227567593,0.0,0.45023229324783764,0.0,2,injector_degradation,0.65,0.65,0.5,0.0,0.0,0.0,0.0,0.0,0.0,0.0,0.29250000000000004,0.0,0.175,1.0
56400,2682.1195144106523,81.45108269647181,764.8376454416849,80.51249505948925,62.18348147002776,19.79257258155476,1.9236366784064416,6.848828721531422,0.3011280228504889,1.0,0.7963999832852691,0.0,0.45023229324783764,0.0,2,injector_degradation,0.65,0.65,0.5,0.0,0.0,0.0,0.0,0.0,0.0,0.0,0.29250000000000004,0.0,0.175,1.0
56450,2682.1195144106523,81.44190679332235,764.8294304767513,80.50674532265998,62.193013473321805,19.79257258155476,1.9233914588108636,6.8479556528131305,0.3011280228504889,1.0,0.796587757132228,0.0,0.45023229324783764,0.0,2,injector_degradation,0.65,0.65,0.5,0.0,0.0,0.0,0.0,0.0,0.0,0.0,0.29250000000000004,0.0,0.175,1.0
56500,2682.1195144106523,81.43273414413108,764.8216968598282,80.50099862399901,62.20254107403813,19.79257258155476,1.9231463128279642,6.847082846182078,0.3011280228504889,1.0,0.7967754442514625,0.0,0.45023229324783764,0.0,2,injector_degradation,0.65,0.65,0.5,0.0,0.0,0.0,0.0,0.0,0.0,0.0,0.29250000000000004,0.0,0.175,1.0
56550,2682.1195144106523,81.42356474788005,764.8144346956611,80.49525496175818,62.2120642698318,19.79257258155476,1.9229012404559567,6.846210301631903,0.3011280228504889,1.0,0.7969630445967791,0.0,0.45023229324783764,0.0,2,injector_degradation,0.65,0.65,0.5,0.0,0.0,0.0,0.0,0.0,0.0,0.0,0.29250000000000004,0.0,0.175,1.0
56600,2682.1195144106523,81.4143986035516,764.8076342904798,80.48951433419023,62.221583058357275,19.79257258155476,1.922656241693031,6.845338019156163,0.3011280228504889,1.0,0.797150558121972,0.0,0.45023229324783764,0.0,2,injector_degradation,0.65,0.65,0.5,0.0,0.0,0.0,0.0,0.0,0.0,0.0,0.29250000000000004,0.0,0.175,1.0
56650,2682.1195144106523,81.40523571012824,764.8012861478954,80.48377673954906,62.23109743726855,19.79257258155476,1.9224113165373424,6.844465998748288,0.3011280228504889,1.0,0.7973379847808268,0.0,0.45023229324783764,0.0,2,injector_degradation,0.65,0.65,0.5,0.0,0.0,0.0,0.0,0.0,0.0,0.0,0.29250000000000004,0.0,0.175,1.0
56700,2682.1195144106523,81.39607606659263,764.7953809648822,80.47804217608945,62.24060740421881,19.79257258155476,1.922166464987028,6.843594240401648,0.3011280228504889,1.0,0.7975253245271127,0.0,0.45023229324783764,0.0,2,injector_degradation,0.65,0.65,0.5,0.0,0.0,0.0,0.0,0.0,0.0,0.0,0.29250000000000004,0.0,0.175,1.0
56750,2682.1195144106523,81.38691967192761,764.7899096278394,80.47231064206733,62.2501129568608,19.79257258155476,1.921921687040191,6.842722744109488,0.3011280228504889,1.0,0.7977125773145903,0.0,0.45023229324783764,0.0,2,injector_degradation,0.65,0.65,0.5,0.0,0.0,0.0,0.0,0.0,0.0,0.0,0.29250000000000004,0.0,0.175,1.0
56800,2682.1195144106523,81.37776652511633,764.7848632087354,80.46658213573954,62.259614092846334,19.79257258155476,1.9216769826949158,6.841851509864987,0.3011280228504889,1.0,0.7978997430970026,0.0,0.45023229324783764,0.0,2,injector_degradation,0.65,0.65,0.5,0.0,0.0,0.0,0.0,0.0,0.0,0.0,0.29250000000000004,0.0,0.175,1.0
56850,2682.1195144106523,81.36861662514207,764.7802329613284,80.46085665536401,62.26911080982697,19.79257258155476,1.9214323519492547,6.8409805376612125,0.3011280228504889,1.0,0.7980868218280861,0.0,0.45023229324783764,0.0,2,injector_degradation,0.65,0.65,0.5,0.0,0.0,0.0,0.0,0.0,0.0,0.0,0.29250000000000004,0.0,0.175,1.0
56900,2682.1195144106523,81.3594699709883,764.7760103174652,80.45513419919962,62.27860310545341,19.79257258155476,1.9211877948012375,6.840109827491149,0.3011280228504889,1.0,0.7982738134615619,0.0,0.45023229324783764,0.0,2,injector_degradation,0.65,0.65,0.5,0.0,0.0,0.0,0.0,0.0,0.0,0.0,0.29250000000000004,0.0,0.175,1.0
56950,2682.1195144106523,81.35032656163878,764.7721868834557,80.44941476550633,62.28809097737589,19.79257258155476,1.9209433112488659,6.839239379347682,0.3011280228504889,1.0,0.7984607179511407,0.0,0.45023229324783764,0.0,2,injector_degradation,0.65,0.65,0.5,0.0,0.0,0.0,0.0,0.0,0.0,0.0,0.29250000000000004,0.0,0.175,1.0
57000,2682.1195144106523,81.34118639607732,764.7687544365198,80.44369835254508,62.297574423243994,19.79257258155476,1.9206989012901168,6.838369193223607,0.3011280228504889,1.0,0.7986475352505213,0.0,0.45023229324783764,0.0,2,injector_degradation,0.65,0.65,0.5,0.0,0.0,0.0,0.0,0.0,0.0,0.0,0.29250000000000004,0.0,0.175,1.0
57050,2682.1195144106523,81.33204947328807,764.7657049213079,80.43798495857789,62.3070534407067,19.79257258155476,1.9204545649229399,6.837499269111627,0.3011280228504889,1.0,0.7988342653133903,0.0,0.45023229324783764,0.0,2,injector_degradation,0.65,0.65,0.5,0.0,0.0,0.0,0.0,0.0,0.0,0.0,0.29250000000000004,0.0,0.175,1.0
57100,2682.1195144106523,81.32291579225529,764.7630304464914,80.43227458186766,62.31652802741235,19.79257258155476,1.920210302145263,6.836629607004363,0.3011280228504889,1.0,0.7990209080934213,0.0,0.45023229324783764,0.0,2,injector_degradation,0.65,0.65,0.5,0.0,0.0,0.0,0.0,0.0,0.0,0.0,0.29250000000000004,0.0,0.175,1.0
57150,2682.1195144106523,81.31378535196353,764.7607232814236,80.42656722067841,62.32599818100895,19.79257258155476,1.919966112954979,6.835760206894312,0.3011280228504889,1.0,0.7992074635442821,0.0,0.45023229324783764,0.0,2,injector_degradation,0.65,0.65,0.5,0.0,0.0,0.0,0.0,0.0,0.0,0.0,0.29250000000000004,0.0,0.175,1.0
57200,2682.1195144106523,81.30465815139746,764.7587758528676,80.4208628732751,62.33546389914367,19.79257258155476,1.9197219973499646,6.834891068773914,0.3011280228504889,1.0,0.7993939316196231,0.0,0.45023229324783764,0.0,2,injector_degradation,0.65,0.65,0.5,0.0,0.0,0.0,0.0,0.0,0.0,0.0,0.29250000000000004,0.0,0.175,1.0
57250,2682.1195144106523,81.29553418954197,764.7571807417913,80.41516153792378,62.34492517946336,19.79257258155476,1.9194779553280619,6.834022192635489,0.3011280228504889,1.0,0.7995803122730892,0.0,0.45023229324783764,0.0,2,injector_degradation,0.65,0.65,0.5,0.0,0.0,0.0,0.0,0.0,0.0,0.0,0.29250000000000004,0.0,0.175,1.0
57300,2682.1195144106523,81.28641346538217,764.7559306802278,80.40946321289147,62.35438201961414,19.79257258155476,1.9192339868870931,6.833153578471281,0.3011280228504889,1.0,0.7997666054583107,0.0,0.45023229324783764,0.0,2,injector_degradation,0.65,0.65,0.5,0.0,0.0,0.0,0.0,0.0,0.0,0.0,0.29250000000000004,0.0,0.175,1.0
57350,2682.1195144106523,81.2772959779034,764.7550185481995,80.4037678964462,62.36383441724169,19.79257258155476,1.9189900920248524,6.832285226273436,0.3011280228504889,1.0,0.7999528111289087,0.0,0.45023229324783764,0.0,2,injector_degradation,0.65,0.65,0.5,0.0,0.0,0.0,0.0,0.0,0.0,0.0,0.29250000000000004,0.0,0.175,1.0
57400,2682.1195144106523,81.26818172609114,764.7544373707043,80.39807558685698,62.37328236999101,19.79257258155476,1.9187462707391105,6.831417136034019,0.3011280228504889,1.0,0.8001389292384917,0.0,0.45023229324783764,0.0,2,injector_degradation,0.65,0.65,0.5,0.0,0.0,0.0,0.0,0.0,0.0,0.0,0.29250000000000004,0.0,0.175,1.0
57450,2682.1195144106523,81.25907070893112,764.7541803147645,80.39238628239389,62.38272587550687,19.79257258155476,1.9185025230276047,6.830549307744972,0.3011280228504889,1.0,0.8003249597406632,0.0,0.45023229324783764,0.0,2,injector_degradation,0.65,0.65,0.5,0.0,0.0,0.0,0.0,0.0,0.0,0.0,0.29250000000000004,0.0,0.175,1.0
57500,2682.1195144106523,81.24996292540925,764.7542406865347,80.38669998132798,62.392164931433165,19.79257258155476,1.9182588488880565,6.8296817413981845,0.3011280228504889,1.0,0.8005109025890094,0.0,0.45023229324783764,0.0,2,injector_degradation,0.65,0.65,0.5,0.0,0.0,0.0,0.0,0.0,0.0,0.0,0.29250000000000004,0.0,0.175,1.0
57550,2682.1195144106523,81.24085837451162,764.7546119284685,80.38101668193138,62.401599535413574,19.79257258155476,1.9180152483181527,6.82881443698542,0.3011280228504889,1.0,0.8006967577371128,0.0,0.45023229324783764,0.0,2,injector_degradation,0.65,0.65,0.5,0.0,0.0,0.0,0.0,0.0,0.0,0.0,0.29250000000000004,0.0,0.175,1.0
57600,2682.1195144106523,81.23175705522459,764.7552876165443,80.37533638247714,62.41102968509094,19.79257258155476,1.9177717213155638,6.827947394498384,0.3011280228504889,1.0,0.8008825251385386,0.0,0.45023229324783764,0.0,2,injector_degradation,0.65,0.65,0.5,0.0,0.0,0.0,0.0,0.0,0.0,0.0,0.29250000000000004,0.0,0.175,1.0
57650,2682.1195144106523,81.22265896653465,764.7562614575453,80.36965908123932,62.42045537810796,19.79257258155476,1.9175282678779266,6.827080613928663,0.3011280228504889,1.0,0.8010682047468499,0.0,0.45023229324783764,0.0,2,injector_degradation,0.65,0.65,0.5,0.0,0.0,0.0,0.0,0.0,0.0,0.0,0.29250000000000004,0.0,0.175,1.0
57700,2682.1195144106523,81.21356410742851,764.757527286397,80.363984776493,62.42987661210663,19.79257258155476,1.9172848880028546,6.82621409526776,0.3011280228504889,1.0,0.8012537965155957,0.0,0.45023229324783764,0.0,2,injector_degradation,0.65,0.65,0.5,0.0,0.0,0.0,0.0,0.0,0.0,0.0,0.29250000000000004,0.0,0.175,1.0
57750,2682.1195144106523,81.20447247689316,764.7590790635583,80.35831346651435,62.439293384728686,19.79257258155476,1.9170415816879323,6.825347838507075,0.3011280228504889,1.0,0.8014393003983193,0.0,0.45023229324783764,0.0,2,injector_degradation,0.65,0.65,0.5,0.0,0.0,0.0,0.0,0.0,0.0,0.0,0.29250000000000004,0.0,0.175,1.0
57800,2682.1195144106523,81.19538407391565,764.7609108724643,80.35264514958044,62.44870569361496,19.79257258155476,1.9167983489307285,6.824481843637954,0.3011280228504889,1.0,0.8016247163485475,0.0,0.45023229324783764,0.0,2,injector_degradation,0.65,0.65,0.5,0.0,0.0,0.0,0.0,0.0,0.0,0.0,0.29250000000000004,0.0,0.175,1.0
57850,2682.1195144106523,81.18629889748337,764.7630169170235,80.34697982396938,62.458113536406145,19.79257258155476,1.9165551897287778,6.823616110651617,0.3011280228504889,1.0,0.8018100443198029,0.0,0.45023229324783764,0.0,2,injector_degradation,0.65,0.65,0.5,0.0,0.0,0.0,0.0,0.0,0.0,0.0,0.29250000000000004,0.0,0.175,1.0
57900,2682.1195144106523,81.17721694658383,764.7653915191646,80.34131748796028,62.46751691074255,19.79257258155476,1.916312104079589,6.822750639539195,0.3011280228504889,1.0,0.8019952842656016,0.0,0.45023229324783764,0.0,2,injector_degradation,0.65,0.65,0.5,0.0,0.0,0.0,0.0,0.0,0.0,0.0,0.29250000000000004,0.0,0.175,1.0
57950,2682.1195144106523,81.16813822020481,764.7680291164332,80.33565813983324,62.476915814263755,19.79257258155476,1.9160690919806485,6.821885430291738,0.3011280228504889,1.0,0.8021804361394449,0.0,0.45023229324783764,0.0,2,injector_degradation,0.65,0.65,0.5,0.0,0.0,0.0,0.0,0.0,0.0,0.0,0.29250000000000004,0.0,0.175,1.0
58000,2682.1195144106523,81.15906271733417,764.7709242596376,80.33000177786943,62.48631024460918,19.79257258155476,1.915826153429416,6.821020482900204,0.3011280228504889,1.0,0.8023654998948309,0.0,0.45023229324783764,0.0,2,injector_degradation,0.65,0.65,0.5,0.0,0.0,0.0,0.0,0.0,0.0,0.0,0.29250000000000004,0.0,0.175,1.0
58050,2682.1195144106523,81.14999043696014,764.7740716105428,80.32434840035097,62.495700199417534,19.79257258155476,1.915583288423326,6.820155797355456,0.3011280228504889,1.0,0.802550475485244,0.0,0.45023229324783764,0.0,2,injector_degradation,0.65,0.65,0.5,0.0,0.0,0.0,0.0,0.0,0.0,0.0,0.29250000000000004,0.0,0.175,1.0
58100,2682.1195144106523,81.14092137807103,764.7774659396117,80.31869800556098,62.50508567632719,19.79257258155476,1.9153404969597891,6.8192913736482765,0.3011280228504889,1.0,0.8027353628641618,0.0,0.45023229324783764,0.0,2,injector_degradation,0.65,0.65,0.5,0.0,0.0,0.0,0.0,0.0,0.0,0.0,0.29250000000000004,0.0,0.175,1.0
58150,2682.1195144106523,81.13185553965536,764.7811021237914,80.31305059178362,62.5144666729763,19.79257258155476,1.9150977790361854,6.818427211769338,0.3011280228504889,1.0,0.8029201619850571,0.0,0.45023229324783764,0.0,2,injector_degradation,0.65,0.65,0.5,0.0,0.0,0.0,0.0,0.0,0.0,0.0,0.29250000000000004,0.0,0.175,1.0
58200,2682.1195144106523,81.1227929207019,764.7849751443447,80.307406157304,62.52384318700223,19.79257258155476,1.9148551346498766,6.817563311709246,0.3011280228504889,1.0,0.8031048728013883,0.0,0.45023229324783764,0.0,2,injector_degradation,0.65,0.65,0.5,0.0,0.0,0.0,0.0,0.0,0.0,0.0,0.29250000000000004,0.0,0.175,1.0
58250,2682.1195144106523,81.11373352019962,764.7890800847273,80.30176470040823,62.53321521604232,19.79257258155476,1.9146125637981928,6.816699673458495,0.3011280228504889,1.0,0.8032894952666123,0.0,0.45023229324783764,0.0,2,injector_degradation,0.65,0.65,0.5,0.0,0.0,0.0,0.0,0.0,0.0,0.0,0.29250000000000004,0.0,0.175,1.0
58300,2682.1195144106523,81.10467733713767,764.793412128506,80.2961262193835,62.54258275773333,19.79257258155476,1.9143700664784395,6.815836297007493,0.3011280228504889,1.0,0.8034740293341747,0.0,0.45023229324783764,0.0,2,injector_degradation,0.65,0.65,0.5,0.0,0.0,0.0,0.0,0.0,0.0,0.0,0.29250000000000004,0.0,0.175,1.0
58350,2682.1195144106523,81.09562437050539,764.7979665573208,80.29049071251791,62.55194580971152,19.79257258155476,1.9141276426879013,6.814973182346571,0.3011280228504889,1.0,0.8036584749575119,0.0,0.45023229324783764,0.0,2,injector_degradation,0.65,0.65,0.5,0.0,0.0,0.0,0.0,0.0,0.0,0.0,0.29250000000000004,0.0,0.175,1.0
58400,2682.1195144106523,81.08657461929238,764.8027387488877,80.28485817810059,62.561304369613026,19.79257258155476,1.9138852924238332,6.814110329465955,0.3011280228504889,1.0,0.803842832090057,0.0,0.45023229324783764,0.0,2,injector_degradation,0.65,0.65,0.5,0.0,0.0,0.0,0.0,0.0,0.0,0.0,0.29250000000000004,0.0,0.175,1.0
58450,2682.1195144106523,81.07752808248836,764.8077241750426,80.27922861442175,62.570658435073454,19.79257258155476,1.9136430156834658,6.813247738355787,0.3011280228504889,1.0,0.8040271006852335,0.0,0.45023229324783764,0.0,2,injector_degradation,0.65,0.65,0.5,0.0,0.0,0.0,0.0,0.0,0.0,0.0,0.29250000000000004,0.0,0.175,1.0
58500,2682.1195144106523,81.06848475908333,764.8129183998252,80.27360201977245,62.58000800372801,19.79257258155476,1.9134008124640072,6.812385409006126,0.3011280228504889,1.0,0.8042112806964562,0.0,0.45023229324783764,0.0,2,injector_degradation,0.65,0.65,0.5,0.0,0.0,0.0,0.0,0.0,0.0,0.0,0.29250000000000004,0.0,0.175,1.0
58550,2682.1195144106523,81.05944464806748,764.8183170776014,80.26797839244483,62.589353073211605,19.79257258155476,1.9131586827626361,6.811523341406926,0.3011280228504889,1.0,0.8043953720771349,0.0,0.45023229324783764,0.0,2,injector_degradation,0.65,0.65,0.5,0.0,0.0,0.0,0.0,0.0,0.0,0.0,0.29250000000000004,0.0,0.175,1.0
58600,2682.1195144106523,81.05040774843121,764.8239159512237,80.26235773073205,62.59869364115891,19.79257258155476,1.9129166265765056,6.810661535548053,0.3011280228504889,1.0,0.8045793747806739,0.0,0.45023229324783764,0.0,2,injector_degradation,0.65,0.65,0.5,0.0,0.0,0.0,0.0,0.0,0.0,0.0,0.29250000000000004,0.0,0.175,1.0
58650,2682.1195144106523,81.04137405916504,764.8297108502308,80.25674003292818,62.60802970520398,19.79257258155476,1.912674643902751,6.809799991419306,0.3011280228504889,1.0,0.804763288760466,0.0,0.45023229324783764,0.0,2,injector_degradation,0.65,0.65,0.5,0.0,0.0,0.0,0.0,0.0,0.0,0.0,0.29250000000000004,0.0,0.175,1.0
58700,2682.1195144106523,81.03234357925982,764.835697689081,80.25112529732837,62.61736126298095,19.79257258155476,1.9124327347384706,6.808938709010354,0.3011280228504889,1.0,0.8049471139699049,0.0,0.45023229324783764,0.0,2,injector_degradation,0.65,0.65,0.5,0.0,0.0,0.0,0.0,0.0,0.0,0.0,0.29250000000000004,0.0,0.175,1.0
58750,2682.1195144106523,81.02331630770647,764.8418724654247,80.2455135222288,62.62668831212323,19.79257258155476,1.9121908990807484,6.808077688310815,0.3011280228504889,1.0,0.8051308503623708,0.0,0.45023229324783764,0.0,2,injector_degradation,0.65,0.65,0.5,0.0,0.0,0.0,0.0,0.0,0.0,0.0,0.29250000000000004,0.0,0.175,1.0
58800,2682.1195144106523,81.01429224349624,764.8482312584086,80.2399047059265,62.63601085026402,19.79257258155476,1.9119491369266397,6.807216929310208,0.3011280228504889,1.0,0.8053144978912394,0.0,0.45023229324783764,0.0,2,injector_degradation,0.65,0.65,0.5,0.0,0.0,0.0,0.0,0.0,0.0,0.0,0.29250000000000004,0.0,0.175,1.0
58850,2682.1195144106523,81.00527138562052,764.8547702270188,80.23429884671964,62.645328875036355,19.79257258155476,1.9117074482731713,6.806356431997943,0.3011280228504889,1.0,0.8054980565098829,0.0,0.45023229324783764,0.0,2,injector_degradation,0.65,0.65,0.5,0.0,0.0,0.0,0.0,0.0,0.0,0.0,0.29250000000000004,0.0,0.175,1.0
58900,2682.1195144106523,80.99625373307089,764.8614856084527,80.22869594290728,62.65464238407288,19.79257258155476,1.91146583311735,6.8054961963633644,0.3011280228504889,1.0,0.8056815261716662,0.0,0.45023229324783764,0.0,2,injector_degradation,0.65,0.65,0.5,0.0,0.0,0.0,0.0,0.0,0.0,0.0,0.29250000000000004,0.0,0.175,1.0
58950,2682.1195144106523,80.98723928483918,764.8683737165283,80.22309599278952,62.663951375005965,19.79257258155476,1.9112242914561521,6.804636222395708,0.3011280228504889,1.0,0.8058649068299485,0.0,0.45023229324783764,0.0,2,injector_degradation,0.65,0.65,0.5,0.0,0.0,0.0,0.0,0.0,0.0,0.0,0.29250000000000004,0.0,0.175,1.0
59000,2682.1195144106523,80.97822803991738,764.8754309401235,80.21749899466744,62.67325584546768,19.79257258155476,1.9109828232865338,6.803776510084137,0.3011280228504889,1.0,0.8060481984380834,0.0,0.45023229324783764,0.0,2,injector_degradation,0.65,0.65,0.5,0.0,0.0,0.0,0.0,0.0,0.0,0.0,0.29250000000000004,0.0,0.175,1.0
59050,2682.1195144106523,80.96921999729773,764.8826537416475,80.2119049468431,62.68255579308988,19.79257258155476,1.9107414286054232,6.8029170594177115,0.3011280228504889,1.0,0.80623140094942,0.0,0.45023229324783764,0.0,2,injector_degradation,0.65,0.65,0.5,0.0,0.0,0.0,0.0,0.0,0.0,0.0,0.29250000000000004,0.0,0.175,1.0
59100,2682.1195144106523,80.9602151559726,764.8900386555443,80.20631384761964,62.69185121550408,19.79257258155476,1.9105001074097254,6.802057870385416,0.3011280228504889,1.0,0.8064145143173006,0.0,0.45023229324783764,0.0,2,injector_degradation,0.65,0.65,0.5,0.0,0.0,0.0,0.0,0.0,0.0,0.0,0.29250000000000004,0.0,0.175,1.0
59150,2682.1195144106523,80.95121351493464,764.8975822868257,80.20072569530106,62.70114211034152,19.79257258155476,1.9102588596963201,6.801198942976138,0.3011280228504889,1.0,0.8065975384950628,0.0,0.45023229324783764,0.0,2,injector_degradation,0.65,0.65,0.5,0.0,0.0,0.0,0.0,0.0,0.0,0.0,0.29250000000000004,0.0,0.175,1.0
59200,2682.1195144106523,80.94221507317667,764.905281309634,80.19514048819246,62.71042847523341,19.79257258155476,1.910017685462059,6.800340277178671,0.3011280228504889,1.0,0.8067804734360423,0.0,0.45023229324783764,0.0,2,injector_degradation,0.65,0.65,0.5,0.0,0.0,0.0,0.0,0.0,0.0,0.0,0.29250000000000004,0.0,0.175,1.0
59250,2682.1195144106523,80.93321982969172,764.9131324658352,80.18955822459986,62.71971030781036,19.79257258155476,1.9097765847037753,6.7994818729817394,0.3011280228504889,1.0,0.8069633190935646,0.0,0.45023229324783764,0.0,2,injector_degradation,0.65,0.65,0.5,0.0,0.0,0.0,0.0,0.0,0.0,0.0,0.29250000000000004,0.0,0.175,1.0
59300,2682.1195144106523,80.92422778347304,764.9211325636398,80.18397890283029,62.7289876057031,19.79257258155476,1.9095355574182722,6.7986237303739605,0.3011280228504889,1.0,0.8071460754209561,0.0,0.45023229324783764,0.0,2,injector_degradation,0.65,0.65,0.5,0.0,0.0,0.0,0.0,0.0,0.0,0.0,0.29250000000000004,0.0,0.175,1.0
59350,2682.1195144106523,80.9152389335141,764.9292784762516,80.1784025211918,62.738260366541915,19.79257258155476,1.9092946036023286,6.797765849343867,0.3011280228504889,1.0,0.8073287423715355,0.0,0.45023229324783764,0.0,2,injector_degradation,0.65,0.65,0.5,0.0,0.0,0.0,0.0,0.0,0.0,0.0,0.29250000000000004,0.0,0.175,1.0
59400,2682.1195144106523,80.90625327880849,764.9375671405447,80.17282907799341,62.747528587956964,19.79257258155476,1.9090537232527012,6.796908229879912,0.3011280228504889,1.0,0.8075113198986182,0.0,0.45023229324783764,0.0,2,injector_degradation,0.65,0.65,0.5,0.0,0.0,0.0,0.0,0.0,0.0,0.0,0.29250000000000004,0.0,0.175,1.0
59450,2682.1195144106523,80.89727081835008,764.9459955557674,80.16725857154512,62.75679226757814,19.79257258155476,1.908812916366121,6.796050871970455,0.3011280228504889,1.0,0.8076938079555149,0.0,0.45023229324783764,0.0,2,injector_degradation,0.65,0.65,0.5,0.0,0.0,0.0,0.0,0.0,0.0,0.0,0.29250000000000004,0.0,0.175,1.0
59500,2682.1195144106523,80.88829155113297,764.9545607822714,80.16169100015787,62.76605140303532,19.79257258155476,1.9085721829392914,6.79519377560376,0.3011280228504889,1.0,0.8078762064955358,0.0,0.45023229324783764,0.0,2,injector_degradation,0.65,0.65,0.5,0.0,0.0,0.0,0.0,0.0,0.0,0.0,0.29250000000000004,0.0,0.175,1.0
59550,2682.1195144106523,80.87931547615136,764.9632599402686,80.15612636214365,62.775305991957985,19.79257258155476,1.9083315229688946,6.794336940768014,0.3011280228504889,1.0,0.8080585154719835,0.0,0.45023229324783764,0.0,2,injector_degradation,0.65,0.65,0.5,0.0,0.0,0.0,0.0,0.0,0.0,0.0,0.29250000000000004,0.0,0.175,1.0
59600,2682.1195144106523,80.87034259239971,764.9720902086116,80.15056465581546,62.784556031975626,19.79257258155476,1.9080909364515837,6.793480367451302,0.3011280228504889,1.0,0.8082407348381605,0.0,0.45023229324783764,0.0,2,injector_degradation,0.65,0.65,0.5,0.0,0.0,0.0,0.0,0.0,0.0,0.0,0.29250000000000004,0.0,0.175,1.0
59650,2682.1195144106523,80.86137289887273,764.9810488236002,80.14500587948726,62.793801520717366,19.79257258155476,1.907850423383994,6.792624055641643,0.3011280228504889,1.0,0.8084228645473619,0.0,0.45023229324783764,0.0,2,injector_degradation,0.65,0.65,0.5,0.0,0.0,0.0,0.0,0.0,0.0,0.0,0.29250000000000004,0.0,0.175,1.0
59700,2682.1195144106523,80.85240639456526,764.9901330778113,80.13945003147393,62.80304245581224,19.79257258155476,1.9076099837627316,6.791768005326955,0.3011280228504889,1.0,0.8086049045528817,0.0,0.45023229324783764,0.0,2,injector_degradation,0.65,0.65,0.5,0.0,0.0,0.0,0.0,0.0,0.0,0.0,0.29250000000000004,0.0,0.175,1.0
59750,2682.1195144106523,80.84344307847243,764.9993403189532,80.13389711009143,62.812278834889305,19.79257258155476,1.907369617584377,6.7909122164950615,0.3011280228504889,1.0,0.8087868548080139,0.0,0.45023229324783764,0.0,2,injector_degradation,0.65,0.65,0.5,0.0,0.0,0.0,0.0,0.0,0.0,0.0,0.29250000000000004,0.0,0.175,1.0
59800,2682.1195144106523,80.83448294958947,765.0086679487432,80.12834711365662,62.82151065557728,19.79257258155476,1.907129324845489,6.790056689133713,0.3011280228504889,1.0,0.8089687152660456,0.0,0.45023229324783764,0.0,2,injector_degradation,0.65,0.65,0.5,0.0,0.0,0.0,0.0,0.0,0.0,0.0,0.29250000000000004,0.0,0.175,1.0
59850,2682.1195144106523,80.8255260069119,765.0181134218079,80.12280004048745,62.83073791550482,19.79257258155476,1.9068891055426003,6.789201423230562,0.3011280228504889,1.0,0.8091504858802635,0.0,0.45023229324783764,0.0,2,injector_degradation,0.65,0.65,0.5,0.0,0.0,0.0,0.0,0.0,0.0,0.0,0.29250000000000004,0.0,0.175,1.0
59900,2682.1195144106523,80.81657224943535,765.0276742446059,80.11725588890272,62.83996061230043,19.79257258155476,1.9066489596722194,6.78834641877318,0.3011280228504889,1.0,0.8093321666039505,0.0,0.45023229324783764,0.0,2,injector_degradation,0.65,0.65,0.5,0.0,0.0,0.0,0.0,0.0,0.0,0.0,0.29250000000000004,0.0,0.175,1.0
59950,2682.1195144106523,80.8076216761558,765.0373479743724,80.11171465722236,62.849178743592624,19.79257258155476,1.9064088872308285,6.787491675749041,0.3011280228504889,1.0,0.8095137573903897,0.0,0.45023229324783764,0.0,2,injector_degradation,0.65,0.65,0.5,0.0,0.0,0.0,0.0,0.0,0.0,0.0,0.29250000000000004,0.0,0.175,1.0
60000,2682.1195144106523,80.79867428606934,765.0471322180853,80.10617634376717,62.8583923070096,19.79257258155476,1.906168888214891,6.786637194145554,0.3011280228504889,1.0,0.8096952581928587,0.0,0.45023229324783764,0.0,2,injector_degradation,0.65,0.65,0.5,0.0,0.0,0.0,0.0,0.0,0.0,0.0,0.29250000000000004,0.0,0.175,1.0
