time_ms,true_engine_rpm,true_cht_c,true_egt_c,true_oil_temp_c,true_oil_press_psi,true_afr,true_brake_power_kw,true_engine_torque_nm,true_vibration_g_rms,true_cooling_health,true_lubrication_health,true_injector_health,true_combustion_health,true_overall_health,active_fault_count,primary_fault,max_fault_severity,latent_fin_fouling_factor,latent_radiator_blockage_ratio,latent_coolant_leak_fraction,latent_bearing_clearance_wear,latent_pump_wear_factor,latent_viscosity_loss_ratio,latent_boundary_scuffing_severity,latent_clogging_fraction,latent_leakage_fraction,latent_misfire_fraction,latent_timing_retard_deg
0,2376.4406134185483,86.35048991104281,1126.85,80.71727283590263,54.94449140253578,14.003245101449993,4.004404903707752,16.09097650413534,0.3210704910086915,1.0,0.6537969048830667,1.0,0.9885098200787855,0.6537969048830667,0,nominal,0.0,0.0,0.0,0.0,0.0,0.0,0.0,0.0,0.0,0.0,0.0,0.0
50,2376.4406134185483,86.34246411342934,1126.85,80.71348043038563,54.95030931788487,14.003245101449993,4.004278978611327,16.09047049692164,0.3210704910086915,1.0,0.6539115137761484,1.0,0.9885098200787855,0.6539115137761484,0,nominal,0.0,0.0,0.0,0.0,0.0,0.0,0.0,0.0,0.0,0.0,0.0,0.0
100,2376.4406134185483,86.33444118386382,1126.85,80.70968918136964,54.956126259552214,14.003245101449993,4.004153072988147,16.08996456795765,0.3210704910086915,1.0,0.6540261034883755,1.0,0.9885098200787855,0.6540261034883755,0,nominal,0.0,0.0,0.0,0.0,0.0,0.0,0.0,0.0,0.0,0.0,0.0,0.0
150,2376.4406134185483,86.32642112131771,1126.85,80.70589908874166,54.96194222699163,14.003245101449993,4.004027186848227,16.089458717283616,0.3210704910086915,1.0,0.6541406740089888,1.0,0.9885098200787855,0.6541406740089888,0,nominal,0.0,0.0,0.0,0.0,0.0,0.0,0.0,0.0,0.0,0.0,0.0,0.0
200,2376.4406134185483,86.31840392476295,1126.85,80.70211015238834,54.967757219657216,14.003245101449993,4.0039013202015745,16.08895294493975,0.3210704910086915,1.0,0.6542552253272346,1.0,0.9885098200787855,0.6542552253272346,0,nominal,0.0,0.0,0.0,0.0,0.0,0.0,0.0,0.0,0.0,0.0,0.0,0.0
250,2376.4406134185483,86.3103895931718,1126.85,80.69832237219612,54.97357123700368,14.003245101449993,4.003775473058185,16.088447250966215,0.3210704910086915,1.0,0.6543697574323708,1.0,0.9885098200787855,0.6543697574323708,0,nominal,0.0,0.0,0.0,0.0,0.0,0.0,0.0,0.0,0.0,0.0,0.0,0.0
300,2376.4406134185483,86.30237812551701,1126.85,80.69453574805107,54.97938427848602,14.003245101449993,4.003649645428043,16.087941635403133,0.3210704910086915,1.0,0.6544842703136612,1.0,0.9885098200787855,0.6544842703136612,0,nominal,0.0,0.0,0.0,0.0,0.0,0.0,0.0,0.0,0.0,0.0,0.0,0.0
350,2376.4406134185483,86.29436952077162,1126.85,80.69075027983905,54.98519634355998,14.003245101449993,4.003523837321116,16.087436098290564,0.3210704910086915,1.0,0.6545987639603844,1.0,0.9885098200787855,0.6545987639603844,0,nominal,0.0,0.0,0.0,0.0,0.0,0.0,0.0,0.0,0.0,0.0,0.0,0.0
400,2376.4406134185483,86.28636377790906,1126.85,80.68696596744553,54.991007431681396,14.003245101449993,4.00339804874737,16.086930639668545,0.3210704910086915,1.0,0.6547132383618209,1.0,0.9885098200787855,0.6547132383618209,0,nominal,0.0,0.0,0.0,0.0,0.0,0.0,0.0,0.0,0.0,0.0,0.0,0.0
450,2376.4406134185483,86.27836089590323,1126.85,80.68318281075585,54.99681754230703,14.003245101449993,4.003272279716749,16.086425259577034,0.3210704910086915,1.0,0.6548276935072691,1.0,0.9885098200787855,0.6548276935072691,0,nominal,0.0,0.0,0.0,0.0,0.0,0.0,0.0,0.0,0.0,0.0,0.0,0.0
500,2376.4406134185483,86.27036087372841,1126.85,80.67940080965496,55.00262667489362,14.003245101449993,4.0031465302391975,16.085919958056,0.3210704910086915,1.0,0.6549421293860271,1.0,0.9885098200787855,0.6549421293860271,0,nominal,0.0,0.0,0.0,0.0,0.0,0.0,0.0,0.0,0.0,0.0,0.0,0.0
550,2376.4406134185483,86.26236371035918,1126.85,80.67561996402753,55.00843482889873,14.003245101449993,4.003020800324636,16.0854147351453,0.3210704910086915,1.0,0.6550565459874095,1.0,0.9885098200787855,0.6550565459874095,0,nominal,0.0,0.0,0.0,0.0,0.0,0.0,0.0,0.0,0.0,0.0,0.0,0.0
600,2376.4406134185483,86.25436940477061,1126.85,80.67184027375805,55.014242003780275,14.003245101449993,4.002895089982983,16.08490959088479,0.3210704910086915,1.0,0.6551709433007373,1.0,0.9885098200787855,0.6551709433007373,0,nominal,0.0,0.0,0.0,0.0,0.0,0.0,0.0,0.0,0.0,0.0,0.0,0.0
650,2376.4406134185483,86.24637795593816,1126.85,80.66806173873056,55.02004819899648,14.003245101449993,4.002769399224147,16.084404525314284,0.3210704910086915,1.0,0.655285321315338,1.0,0.9885098200787855,0.655285321315338,0,nominal,0.0,0.0,0.0,0.0,0.0,0.0,0.0,0.0,0.0,0.0,0.0,0.0
700,2376.4406134185483,86.23838936283761,1126.85,80.66428435882898,55.02585341400631,14.003245101449993,4.002643728058015,16.083899538473517,0.3210704910086915,1.0,0.655399680020554,1.0,0.9885098200787855,0.655399680020554,0,nominal,0.0,0.0,0.0,0.0,0.0,0.0,0.0,0.0,0.0,0.0,0.0,0.0
750,2376.4406134185483,86.23040362444516,1126.85,80.66050813393684,55.03165764826897,14.003245101449993,4.002518076494471,16.083394630402207,0.3210704910086915,1.0,0.6555140194057314,1.0,0.9885098200787855,0.6555140194057314,0,nominal,0.0,0.0,0.0,0.0,0.0,0.0,0.0,0.0,0.0,0.0,0.0,0.0
800,2376.4406134185483,86.2224207397374,1126.85,80.65673306393745,55.03746090124425,14.003245101449993,4.002392444543387,16.082889801140013,0.3210704910086915,1.0,0.6556283394602289,1.0,0.9885098200787855,0.6556283394602289,0,nominal,0.0,0.0,0.0,0.0,0.0,0.0,0.0,0.0,0.0,0.0,0.0,0.0
850,2376.4406134185483,86.21444070769132,1126.85,80.65295914871382,55.043263172392344,14.003245101449993,4.002266832214621,16.082385050726554,0.3210704910086915,1.0,0.6557426401734122,1.0,0.9885098200787855,0.6557426401734122,0,nominal,0.0,0.0,0.0,0.0,0.0,0.0,0.0,0.0,0.0,0.0,0.0,0.0
900,2376.4406134185483,86.20646352728431,1126.85,80.64918638814868,55.049064461174,14.003245101449993,4.002141239518021,16.081880379201397,0.3210704910086915,1.0,0.655856921534659,1.0,0.9885098200787855,0.655856921534659,0,nominal,0.0,0.0,0.0,0.0,0.0,0.0,0.0,0.0,0.0,0.0,0.0,0.0
950,2376.4406134185483,86.19848919749415,1126.85,80.64541478212448,55.054864767050255,14.003245101449993,4.002015666463425,16.081375786604085,0.3210704910086915,1.0,0.6559711835333517,1.0,0.9885098200787855,0.6559711835333517,0,nominal,0.0,0.0,0.0,0.0,0.0,0.0,0.0,0.0,0.0,0.0,0.0,0.0
1000,2376.4406134185483,86.19051771729897,1126.85,80.64164433052343,55.06066408948277,14.003245101449993,4.001890113060658,16.08087127297409,0.3210704910086915,1.0,0.6560854261588855,1.0,0.9885098200787855,0.6560854261588855,0,nominal,0.0,0.0,0.0,0.0,0.0,0.0,0.0,0.0,0.0,0.0,0.0,0.0
1050,2376.4406134185483,86.1825490856773,1126.85,80.63787503322737,55.066462427933565,14.003245101449993,4.001764579319535,16.080366838350855,0.3210704910086915,1.0,0.6561996494006627,1.0,0.9885098200787855,0.6561996494006627,0,nominal,0.0,0.0,0.0,0.0,0.0,0.0,0.0,0.0,0.0,0.0,0.0,0.0
1100,2376.4406134185483,86.1745833016081,1126.85,80.63410689011795,55.07225978186523,14.003245101449993,4.001639065249859,16.079862482773766,0.3210704910086915,1.0,0.6563138532480963,1.0,0.9885098200787855,0.6563138532480963,0,nominal,0.0,0.0,0.0,0.0,0.0,0.0,0.0,0.0,0.0,0.0,0.0,0.0
1150,2376.4406134185483,86.1666203640707,1126.85,80.63033990107652,55.07805615074069,14.003245101449993,4.001513570861421,16.079358206282176,0.3210704910086915,1.0,0.656428037690607,1.0,0.9885098200787855,0.656428037690607,0,nominal,0.0,0.0,0.0,0.0,0.0,0.0,0.0,0.0,0.0,0.0,0.0,0.0
1200,2376.4406134185483,86.15866027204476,1126.85,80.62657406598413,55.083851534023424,14.003245101449993,4.001388096164004,16.07885400891539,0.3210704910086915,1.0,0.656542202717625,1.0,0.9885098200787855,0.656542202717625,0,nominal,0.0,0.0,0.0,0.0,0.0,0.0,0.0,0.0,0.0,0.0,0.0,0.0
1250,2376.4406134185483,86.15070302451045,1126.85,80.62280938472156,55.089645931177394,14.003245101449993,4.001262641167375,16.07834989071265,0.3210704910086915,1.0,0.656656348318591,1.0,0.9885098200787855,0.656656348318591,0,nominal,0.0,0.0,0.0,0.0,0.0,0.0,0.0,0.0,0.0,0.0,0.0,0.0
1300,2376.4406134185483,86.14274862044823,1126.85,80.6190458571694,55.09543934166688,14.003245101449993,4.001137205881293,16.077845851713185,0.3210704910086915,1.0,0.6567704744829517,1.0,0.9885098200787855,0.6567704744829517,0,nominal,0.0,0.0,0.0,0.0,0.0,0.0,0.0,0.0,0.0,0.0,0.0,0.0
1350,2376.4406134185483,86.13479705883896,1126.85,80.6152834832078,55.101231764956715,14.003245101449993,4.001011790315509,16.077341891956163,0.3210704910086915,1.0,0.6568845812001647,1.0,0.9885098200787855,0.6568845812001647,0,nominal,0.0,0.0,0.0,0.0,0.0,0.0,0.0,0.0,0.0,0.0,0.0,0.0
1400,2376.4406134185483,86.12684833866388,1126.85,80.61152226271673,55.107023200512224,14.003245101449993,4.000886394479755,16.0768380114807,0.3210704910086915,1.0,0.6569986684596972,1.0,0.9885098200787855,0.6569986684596972,0,nominal,0.0,0.0,0.0,0.0,0.0,0.0,0.0,0.0,0.0,0.0,0.0,0.0
1450,2376.4406134185483,86.1189024589047,1126.85,80.6077621955759,55.112813647799186,14.003245101449993,4.0007610183837565,16.07633421032587,0.3210704910086915,1.0,0.6571127362510256,1.0,0.9885098200787855,0.6571127362510256,0,nominal,0.0,0.0,0.0,0.0,0.0,0.0,0.0,0.0,0.0,0.0,0.0,0.0
1500,2376.4406134185483,86.11095941854342,1126.85,80.60400328166469,55.11860310628382,14.003245101449993,4.000635662037228,16.07583048853071,0.3210704910086915,1.0,0.6572267845636345,1.0,0.9885098200787855,0.6572267845636345,0,nominal,0.0,0.0,0.0,0.0,0.0,0.0,0.0,0.0,0.0,0.0,0.0,0.0
1550,2376.4406134185483,86.10301921656247,1126.85,80.60024552086225,55.12439157543285,14.003245101449993,4.000510325449868,16.0753268461342,0.3210704910086915,1.0,0.657340813387019,1.0,0.9885098200787855,0.657340813387019,0,nominal,0.0,0.0,0.0,0.0,0.0,0.0,0.0,0.0,0.0,0.0,0.0,0.0
1600,2376.4406134185483,86.09508185194471,1126.85,80.59648891304744,55.13017905471333,14.003245101449993,4.0003850086313735,16.07482328317529,0.3210704910086915,1.0,0.6574548227106803,1.0,0.9885098200787855,0.6574548227106803,0,nominal,0.0,0.0,0.0,0.0,0.0,0.0,0.0,0.0,0.0,0.0,0.0,0.0
1650,2376.4406134185483,86.08714732367326,1126.85,80.59273345809885,55.13596554359294,14.003245101449993,4.000259711591419,16.07431979969287,0.3210704910086915,1.0,0.657568812524132,1.0,0.9885098200787855,0.657568812524132,0,nominal,0.0,0.0,0.0,0.0,0.0,0.0,0.0,0.0,0.0,0.0,0.0,0.0
1700,2376.4406134185483,86.07921563073177,1126.85,80.58897915589483,55.14175104153967,14.003245101449993,4.000134434339677,16.0738163957258,0.3210704910086915,1.0,0.6576827828168941,1.0,0.9885098200787855,0.6576827828168941,0,nominal,0.0,0.0,0.0,0.0,0.0,0.0,0.0,0.0,0.0,0.0,0.0,0.0
1750,2376.4406134185483,86.0712867721042,1126.85,80.5852260063134,55.147535548021985,14.003245101449993,4.000009176885806,16.07331307131289,0.3210704910086915,1.0,0.6577967335784954,1.0,0.9885098200787855,0.6577967335784954,0,nominal,0.0,0.0,0.0,0.0,0.0,0.0,0.0,0.0,0.0,0.0,0.0,0.0
1800,2376.4406134185483,86.06336074677489,1126.85,80.5814740092323,55.15331906250894,14.003245101449993,3.99988393923945,16.072809826492897,0.3210704910086915,1.0,0.657910664798477,1.0,0.9885098200787855,0.657910664798477,0,nominal,0.0,0.0,0.0,0.0,0.0,0.0,0.0,0.0,0.0,0.0,0.0,0.0
1850,2376.4406134185483,86.05543755372861,1126.85,80.57772316452906,55.15910158447006,14.003245101449993,3.999758721410243,16.07230666130453,0.3210704910086915,1.0,0.6580245764663886,1.0,0.9885098200787855,0.6580245764663886,0,nominal,0.0,0.0,0.0,0.0,0.0,0.0,0.0,0.0,0.0,0.0,0.0,0.0
1900,2376.4406134185483,86.04751719195048,1126.85,80.57397347208092,55.16488311337514,14.003245101449993,3.999633523407812,16.071803575786475,0.3210704910086915,1.0,0.6581384685717857,1.0,0.9885098200787855,0.6581384685717857,0,nominal,0.0,0.0,0.0,0.0,0.0,0.0,0.0,0.0,0.0,0.0,0.0,0.0
1950,2376.4406134185483,86.039599660426,1126.85,80.57022493176481,55.170663648694514,14.003245101449993,3.9995083452417695,16.07130056997736,0.3210704910086915,1.0,0.6582523411042343,1.0,0.9885098200787855,0.6582523411042343,0,nominal,0.0,0.0,0.0,0.0,0.0,0.0,0.0,0.0,0.0,0.0,0.0,0.0
2000,2376.4406134185483,86.03168495814117,1126.85,80.56647754345744,55.17644318989901,14.003245101449993,3.999383186921717,16.070797643915764,0.3210704910086915,1.0,0.6583661940533101,1.0,0.9885098200787855,0.6583661940533101,0,nominal,0.0,0.0,0.0,0.0,0.0,0.0,0.0,0.0,0.0,0.0,0.0,0.0
2050,2376.4406134185483,86.02377308408217,1126.85,80.56273130703516,55.18222173645993,14.003245101449993,3.9992580484572455,16.070294797640223,0.3210704910086915,1.0,0.6584800274085979,1.0,0.9885098200787855,0.6584800274085979,0,nominal,0.0,0.0,0.0,0.0,0.0,0.0,0.0,0.0,0.0,0.0,0.0,0.0
2100,2376.4406134185483,86.0158640372357,1126.85,80.55898622237419,55.18799928784907,14.003245101449993,3.9991329298579337,16.069792031189237,0.3210704910086915,1.0,0.6585938411596924,1.0,0.9885098200787855,0.6585938411596924,0,nominal,0.0,0.0,0.0,0.0,0.0,0.0,0.0,0.0,0.0,0.0,0.0,0.0
2150,2376.4406134185483,86.00795781658888,1126.85,80.55524228935036,55.19377584353859,14.003245101449993,3.9990078311333486,16.06928934460124,0.3210704910086915,1.0,0.6587076352961958,1.0,0.9885098200787855,0.6587076352961958,0,nominal,0.0,0.0,0.0,0.0,0.0,0.0,0.0,0.0,0.0,0.0,0.0,0.0
2200,2376.4406134185483,86.00005442112911,1126.85,80.55149950783931,55.199551403001074,14.003245101449993,3.99888275229305,16.068786737914653,0.3210704910086915,1.0,0.6588214098077184,1.0,0.9885098200787855,0.6588214098077184,0,nominal,0.0,0.0,0.0,0.0,0.0,0.0,0.0,0.0,0.0,0.0,0.0,0.0
2250,2376.4406134185483,85.99215384984421,1126.85,80.54775787771638,55.20532596570965,14.003245101449993,3.998757693346584,16.068284211167832,0.3210704910086915,1.0,0.6589351646838809,1.0,0.9885098200787855,0.6589351646838809,0,nominal,0.0,0.0,0.0,0.0,0.0,0.0,0.0,0.0,0.0,0.0,0.0,0.0
2300,2376.4406134185483,85.98425610172245,1126.85,80.54401739885662,55.2110995311379,14.003245101449993,3.998632654303485,16.06778176439909,0.3210704910086915,1.0,0.6590488999143135,1.0,0.9885098200787855,0.6590488999143135,0,nominal,0.0,0.0,0.0,0.0,0.0,0.0,0.0,0.0,0.0,0.0,0.0,0.0
2350,2376.4406134185483,85.9763611757524,1126.85,80.54027807113482,55.21687209875982,14.003245101449993,3.998507635173277,16.067279397646697,0.3210704910086915,1.0,0.6591626154886542,1.0,0.9885098200787855,0.6591626154886542,0,nominal,0.0,0.0,0.0,0.0,0.0,0.0,0.0,0.0,0.0,0.0,0.0,0.0
2400,2376.4406134185483,85.96846907092299,1126.85,80.53653989442552,55.22264366804999,14.003245101449993,3.9983826359654717,16.066777110948873,0.3210704910086915,1.0,0.6592763113965523,1.0,0.9885098200787855,0.6592763113965523,0,nominal,0.0,0.0,0.0,0.0,0.0,0.0,0.0,0.0,0.0,0.0,0.0,0.0
2450,2376.4406134185483,85.96057978622366,1126.85,80.53280286860297,55.22841423848325,14.003245101449993,3.9982576566895722,16.066274904343807,0.3210704910086915,1.0,0.659389987627663,1.0,0.9885098200787855,0.659389987627663,0,nominal,0.0,0.0,0.0,0.0,0.0,0.0,0.0,0.0,0.0,0.0,0.0,0.0
2500,2376.4406134185483,85.95269332064413,1126.85,80.52906699354122,55.234183809535075,14.003245101449993,3.9981326973550675,16.065772777869626,0.3210704910086915,1.0,0.6595036441716532,1.0,0.9885098200787855,0.6595036441716532,0,nominal,0.0,0.0,0.0,0.0,0.0,0.0,0.0,0.0,0.0,0.0,0.0,0.0
2550,2376.4406134185483,85.94480967317457,1126.85,80.52533226911396,55.23995238068123,14.003245101449993,3.998007757971439,16.065270731564432,0.3210704910086915,1.0,0.6596172810181958,1.0,0.9885098200787855,0.6596172810181958,0,nominal,0.0,0.0,0.0,0.0,0.0,0.0,0.0,0.0,0.0,0.0,0.0,0.0
2600,2376.4406134185483,85.93692884280551,1126.85,80.52159869519465,55.24571995139809,14.003245101449993,3.997882838548153,16.064768765466262,0.3210704910086915,1.0,0.6597308981569759,1.0,0.9885098200787855,0.6597308981569759,0,nominal,0.0,0.0,0.0,0.0,0.0,0.0,0.0,0.0,0.0,0.0,0.0,0.0
2650,2376.4406134185483,85.9290508285278,1126.85,80.51786627165649,55.25148652116241,14.003245101449993,3.997757939094668,16.064266879613125,0.3210704910086915,1.0,0.6598444955776861,1.0,0.9885098200787855,0.6598444955776861,0,nominal,0.0,0.0,0.0,0.0,0.0,0.0,0.0,0.0,0.0,0.0,0.0,0.0
2700,2376.4406134185483,85.92117562933277,1126.85,80.51413499837241,55.257252089451526,14.003245101449993,3.9976330596204277,16.063765074042966,0.3210704910086915,1.0,0.65995807327003,1.0,0.9885098200787855,0.65995807327003,0,nominal,0.0,0.0,0.0,0.0,0.0,0.0,0.0,0.0,0.0,0.0,0.0,0.0
2750,2376.4406134185483,85.91330324421205,1126.85,80.5104048752151,55.26301665574295,14.003245101449993,3.9975082001348703,16.06326334879371,0.3210704910086915,1.0,0.660071631223715,1.0,0.9885098200787855,0.660071631223715,0,nominal,0.0,0.0,0.0,0.0,0.0,0.0,0.0,0.0,0.0,0.0,0.0,0.0
2800,2376.4406134185483,85.90543367215776,1126.85,80.506675902057,55.26878021951494,14.003245101449993,3.997383360647417,16.062761703903224,0.3210704910086915,1.0,0.6601851694284633,1.0,0.9885098200787855,0.6601851694284633,0,nominal,0.0,0.0,0.0,0.0,0.0,0.0,0.0,0.0,0.0,0.0,0.0,0.0
2850,2376.4406134185483,85.89756691216229,1126.85,80.5029480787702,55.27454278024595,14.003245101449993,3.9972585411674837,16.062260139409332,0.3210704910086915,1.0,0.6602986878740006,1.0,0.9885098200787855,0.6602986878740006,0,nominal,0.0,0.0,0.0,0.0,0.0,0.0,0.0,0.0,0.0,0.0,0.0,0.0
2900,2376.4406134185483,85.88970296321844,1126.85,80.49922140522659,55.28030433741513,14.003245101449993,3.99713374170447,16.06175865534981,0.3210704910086915,1.0,0.6604121865500666,1.0,0.9885098200787855,0.6604121865500666,0,nominal,0.0,0.0,0.0,0.0,0.0,0.0,0.0,0.0,0.0,0.0,0.0,0.0
2950,2376.4406134185483,85.88184182431945,1126.85,80.49549588129776,55.286064890501976,14.003245101449993,3.9970089622677683,16.0612572517624,0.3210704910086915,1.0,0.6605256654464078,1.0,0.9885098200787855,0.6605256654464078,0,nominal,0.0,0.0,0.0,0.0,0.0,0.0,0.0,0.0,0.0,0.0,0.0,0.0
3000,2376.4406134185483,85.87398349445886,1126.85,80.49177150685506,55.29182443898648,14.003245101449993,3.9968842028667555,16.060755928684777,0.3210704910086915,1.0,0.6606391245527803,1.0,0.9885098200787855,0.6606391245527803,0,nominal,0.0,0.0,0.0,0.0,0.0,0.0,0.0,0.0,0.0,0.0,0.0,0.0
3050,2376.4406134185483,85.8661279726307,1126.85,80.48804828176958,55.29758298234905,14.003245101449993,3.9967594635108017,16.0602546861546,0.3210704910086915,1.0,0.6607525638589484,1.0,0.9885098200787855,0.6607525638589484,0,nominal,0.0,0.0,0.0,0.0,0.0,0.0,0.0,0.0,0.0,0.0,0.0,0.0
3100,2376.4406134185483,85.85827525782923,1126.85,80.48432620591217,55.30334052007056,14.003245101449993,3.996634744209264,16.059753524209462,0.3210704910086915,1.0,0.660865983354686,1.0,0.9885098200787855,0.660865983354686,0,nominal,0.0,0.0,0.0,0.0,0.0,0.0,0.0,0.0,0.0,0.0,0.0,0.0
3150,2376.4406134185483,85.85042534904926,1126.85,80.4806052791534,55.30909705163233,14.003245101449993,3.9965100449714885,16.059252442886926,0.3210704910086915,1.0,0.6609793830297752,1.0,0.9885098200787855,0.6609793830297752,0,nominal,0.0,0.0,0.0,0.0,0.0,0.0,0.0,0.0,0.0,0.0,0.0,0.0
3200,2376.4406134185483,85.84257824528589,1126.85,80.47688550136354,55.314852576516095,14.003245101449993,3.9963853658068125,16.058751442224505,0.3210704910086915,1.0,0.6610927628740068,1.0,0.9885098200787855,0.6610927628740068,0,nominal,0.0,0.0,0.0,0.0,0.0,0.0,0.0,0.0,0.0,0.0,0.0,0.0
3250,2376.4406134185483,85.8347339455346,1126.85,80.4731668724126,55.320607094204135,14.003245101449993,3.996260706724559,16.058250522259666,0.3210704910086915,1.0,0.6612061228771817,1.0,0.9885098200787855,0.6612061228771817,0,nominal,0.0,0.0,0.0,0.0,0.0,0.0,0.0,0.0,0.0,0.0,0.0,0.0
3300,2376.4406134185483,85.82689244879123,1126.85,80.46944939217042,55.32636060417921,14.003245101449993,3.99613606773404,16.057749683029822,0.3210704910086915,1.0,0.6613194630291108,1.0,0.9885098200787855,0.6613194630291108,0,nominal,0.0,0.0,0.0,0.0,0.0,0.0,0.0,0.0,0.0,0.0,0.0,0.0
3350,2376.4406134185483,85.8190537540521,1126.85,80.46573306050647,55.33211310592437,14.003245101449993,3.9960114488445586,16.057248924572367,0.3210704910086915,1.0,0.6614327833196109,1.0,0.9885098200787855,0.6614327833196109,0,nominal,0.0,0.0,0.0,0.0,0.0,0.0,0.0,0.0,0.0,0.0,0.0,0.0
3400,2376.4406134185483,85.81121786031377,1126.85,80.46201787729001,55.33786459892332,14.003245101449993,3.995886850065406,16.056748246924627,0.3210704910086915,1.0,0.6615460837385106,1.0,0.9885098200787855,0.6615460837385106,0,nominal,0.0,0.0,0.0,0.0,0.0,0.0,0.0,0.0,0.0,0.0,0.0,0.0
3450,2376.4406134185483,85.80338476657334,1126.85,80.45830384239008,55.34361508266009,14.003245101449993,3.995762271405862,16.05624765012389,0.3210704910086915,1.0,0.6616593642756463,1.0,0.9885098200787855,0.6616593642756463,0,nominal,0.0,0.0,0.0,0.0,0.0,0.0,0.0,0.0,0.0,0.0,0.0,0.0
3500,2376.4406134185483,85.79555447182815,1126.85,80.45459095567537,55.34936455661906,14.003245101449993,3.995637712875197,16.055747134207415,0.3210704910086915,1.0,0.6617726249208604,1.0,0.9885098200787855,0.6617726249208604,0,nominal,0.0,0.0,0.0,0.0,0.0,0.0,0.0,0.0,0.0,0.0,0.0,0.0
3550,2376.4406134185483,85.787726975076,1126.85,80.4508792170144,55.35511302028534,14.003245101449993,3.9955131744826686,16.055246699212397,0.3210704910086915,1.0,0.6618858656640098,1.0,0.9885098200787855,0.6618858656640098,0,nominal,0.0,0.0,0.0,0.0,0.0,0.0,0.0,0.0,0.0,0.0,0.0,0.0
3600,2376.4406134185483,85.77990227531501,1126.85,80.44716862627536,55.36086047314431,14.003245101449993,3.9953886562375227,16.054746345175992,0.3210704910086915,1.0,0.6619990864949572,1.0,0.9885098200787855,0.6619990864949572,0,nominal,0.0,0.0,0.0,0.0,0.0,0.0,0.0,0.0,0.0,0.0,0.0,0.0
3650,2376.4406134185483,85.77208037154372,1126.85,80.44345918332618,55.366606914681796,14.003245101449993,3.9952641581489976,16.054246072135317,0.3210704910086915,1.0,0.6621122874035734,1.0,0.9885098200787855,0.6621122874035734,0,nominal,0.0,0.0,0.0,0.0,0.0,0.0,0.0,0.0,0.0,0.0,0.0,0.0
3700,2376.4406134185483,85.76426126276107,1126.85,80.43975088803461,55.37235234438429,14.003245101449993,3.9951396802263144,16.05374588012743,0.3210704910086915,1.0,0.6622254683797427,1.0,0.9885098200787855,0.6622254683797427,0,nominal,0.0,0.0,0.0,0.0,0.0,0.0,0.0,0.0,0.0,0.0,0.0,0.0
3750,2376.4406134185483,85.75644494796637,1126.85,80.43604374026808,55.37809676173835,14.003245101449993,3.99501522247869,16.053245769189367,0.3210704910086915,1.0,0.6623386294133509,1.0,0.9885098200787855,0.6623386294133509,0,nominal,0.0,0.0,0.0,0.0,0.0,0.0,0.0,0.0,0.0,0.0,0.0,0.0
3800,2376.4406134185483,85.74863142615925,1126.85,80.4323377398938,55.3838401662314,14.003245101449993,3.9948907849153263,16.0527457393581,0.3210704910086915,1.0,0.6624517704943002,1.0,0.9885098200787855,0.6624517704943002,0,nominal,0.0,0.0,0.0,0.0,0.0,0.0,0.0,0.0,0.0,0.0,0.0,0.0
3850,2376.4406134185483,85.74082069633982,1126.85,80.42863288677864,55.38958255735098,14.003245101449993,3.994766367545418,16.052245790670582,0.3210704910086915,1.0,0.6625648916124959,1.0,0.9885098200787855,0.6625648916124959,0,nominal,0.0,0.0,0.0,0.0,0.0,0.0,0.0,0.0,0.0,0.0,0.0,0.0
3900,2376.4406134185483,85.7330127575085,1126.85,80.42492918078938,55.3953239345854,14.003245101449993,3.9946419703781406,16.051745923163683,0.3210704910086915,1.0,0.6626779927578577,1.0,0.9885098200787855,0.6626779927578577,0,nominal,0.0,0.0,0.0,0.0,0.0,0.0,0.0,0.0,0.0,0.0,0.0,0.0
3950,2376.4406134185483,85.7252076086661,1126.85,80.42122662179236,55.401064297422955,14.003245101449993,3.9945175934226707,16.051246136874273,0.3210704910086915,1.0,0.6627910739203057,1.0,0.9885098200787855,0.6627910739203057,0,nominal,0.0,0.0,0.0,0.0,0.0,0.0,0.0,0.0,0.0,0.0,0.0,0.0
4000,2376.4406134185483,85.71740524881375,1126.85,80.41752520965372,55.406803645352966,14.003245101449993,3.994393236688163,16.050746431839137,0.3210704910086915,1.0,0.6629041350897795,1.0,0.9885098200787855,0.6629041350897795,0,nominal,0.0,0.0,0.0,0.0,0.0,0.0,0.0,0.0,0.0,0.0,0.0,0.0
4050,2376.4406134185483,85.70960567695306,1126.85,80.41382494423942,55.412541977864905,14.003245101449993,3.9942689001837652,16.05024680809504,0.3210704910086915,1.0,0.6630171762562226,1.0,0.9885098200787855,0.6630171762562226,0,nominal,0.0,0.0,0.0,0.0,0.0,0.0,0.0,0.0,0.0,0.0,0.0,0.0
4100,2376.4406134185483,85.70180889208604,1126.85,80.4101258254151,55.418279294448624,14.003245101449993,3.9941445839186156,16.0497472656787,0.3210704910086915,1.0,0.6631301974095848,1.0,0.9885098200787855,0.6631301974095848,0,nominal,0.0,0.0,0.0,0.0,0.0,0.0,0.0,0.0,0.0,0.0,0.0,0.0
4150,2376.4406134185483,85.69401489321496,1126.85,80.40642785304618,55.424015594594565,14.003245101449993,3.9940202879018405,16.049247804626788,0.3210704910086915,1.0,0.6632431985398286,1.0,0.9885098200787855,0.6632431985398286,0,nominal,0.0,0.0,0.0,0.0,0.0,0.0,0.0,0.0,0.0,0.0,0.0,0.0
4200,2376.4406134185483,85.6862236793425,1126.85,80.40273102699774,55.42975087779354,14.003245101449993,3.993896012142556,16.048748424975937,0.3210704910086915,1.0,0.6633561796369233,1.0,0.9885098200787855,0.6633561796369233,0,nominal,0.0,0.0,0.0,0.0,0.0,0.0,0.0,0.0,0.0,0.0,0.0,0.0
4250,2376.4406134185483,85.67843524947176,1126.85,80.39903534713471,55.43548514353691,14.003245101449993,3.993771756649864,16.04824912676272,0.3210704910086915,1.0,0.6634691406908488,1.0,0.9885098200787855,0.6634691406908488,0,nominal,0.0,0.0,0.0,0.0,0.0,0.0,0.0,0.0,0.0,0.0,0.0,0.0
4300,2376.4406134185483,85.6706496026062,1126.85,80.39534081332175,55.441218391316454,14.003245101449993,3.993647521432857,16.047749910023676,0.3210704910086915,1.0,0.6635820816915938,1.0,0.9885098200787855,0.6635820816915938,0,nominal,0.0,0.0,0.0,0.0,0.0,0.0,0.0,0.0,0.0,0.0,0.0,0.0
4350,2376.4406134185483,85.66286673774971,1126.85,80.39164742542323,55.44695062062426,14.003245101449993,3.993523306500621,16.047250774795312,0.3210704910086915,1.0,0.6636950026291526,1.0,0.9885098200787855,0.6636950026291526,0,nominal,0.0,0.0,0.0,0.0,0.0,0.0,0.0,0.0,0.0,0.0,0.0,0.0
4400,2376.4406134185483,85.65508665390644,1126.85,80.38795518330323,55.45268183095302,14.003245101449993,3.9933991118622254,16.046751721114074,0.3210704910086915,1.0,0.6638079034935317,1.0,0.9885098200787855,0.6638079034935317,0,nominal,0.0,0.0,0.0,0.0,0.0,0.0,0.0,0.0,0.0,0.0,0.0,0.0
4450,2376.4406134185483,85.647309350081,1126.85,80.38426408682568,55.45841202179598,14.003245101449993,3.9932749375267287,16.04625274901636,0.3210704910086915,1.0,0.6639207842747484,1.0,0.9885098200787855,0.6639207842747484,0,nominal,0.0,0.0,0.0,0.0,0.0,0.0,0.0,0.0,0.0,0.0,0.0,0.0
4500,2376.4406134185483,85.63953482527836,1126.85,80.3805741358542,55.46414119264653,14.003245101449993,3.9931507835031814,16.045753858538543,0.3210704910086915,1.0,0.6640336449628228,1.0,0.9885098200787855,0.6640336449628228,0,nominal,0.0,0.0,0.0,0.0,0.0,0.0,0.0,0.0,0.0,0.0,0.0,0.0
4550,2376.4406134185483,85.63176307850387,1126.85,80.37688533025215,55.46986934299876,14.003245101449993,3.993026649800623,16.04525504971694,0.3210704910086915,1.0,0.6641464855477889,1.0,0.9885098200787855,0.6641464855477889,0,nominal,0.0,0.0,0.0,0.0,0.0,0.0,0.0,0.0,0.0,0.0,0.0,0.0
4600,2376.4406134185483,85.62399410876321,1126.85,80.37319766988264,55.47559647234711,14.003245101449993,3.9929025364280806,16.044756322587826,0.3210704910086915,1.0,0.6642593060196871,1.0,0.9885098200787855,0.6642593060196871,0,nominal,0.0,0.0,0.0,0.0,0.0,0.0,0.0,0.0,0.0,0.0,0.0,0.0
4650,2376.4406134185483,85.61622791506255,1126.85,80.36951115460857,55.48132258018655,14.003245101449993,3.992778443394569,16.044257677187428,0.3210704910086915,1.0,0.6643721063685694,1.0,0.9885098200787855,0.6643721063685694,0,nominal,0.0,0.0,0.0,0.0,0.0,0.0,0.0,0.0,0.0,0.0,0.0,0.0
4700,2376.4406134185483,85.60846449640832,1126.85,80.36582578429255,55.48704766601238,14.003245101449993,3.992654370709095,16.04375911355194,0.3210704910086915,1.0,0.6644848865844928,1.0,0.9885098200787855,0.6644848865844928,0,nominal,0.0,0.0,0.0,0.0,0.0,0.0,0.0,0.0,0.0,0.0,0.0,0.0
4750,2376.4406134185483,85.60070385180734,1126.85,80.36214155879696,55.4927717293204,14.003245101449993,3.9925303183806533,16.043260631717498,0.3210704910086915,1.0,0.6645976466575255,1.0,0.9885098200787855,0.6645976466575255,0,nominal,0.0,0.0,0.0,0.0,0.0,0.0,0.0,0.0,0.0,0.0,0.0,0.0
4800,2376.4406134185483,85.5929459802669,1126.85,80.3584584779839,55.4984947696069,14.003245101449993,3.992406286418228,16.042762231720214,0.3210704910086915,1.0,0.6647103865777443,1.0,0.9885098200787855,0.6647103865777443,0,nominal,0.0,0.0,0.0,0.0,0.0,0.0,0.0,0.0,0.0,0.0,0.0,0.0
4850,2376.4406134185483,85.58519088079458,1126.85,80.35477654171524,55.50421678636861,14.003245101449993,3.992282274830791,16.042263913596127,0.3210704910086915,1.0,0.6648231063352356,1.0,0.9885098200787855,0.6648231063352356,0,nominal,0.0,0.0,0.0,0.0,0.0,0.0,0.0,0.0,0.0,0.0,0.0,0.0
4900,2376.4406134185483,85.57743855239835,1126.85,80.35109574985262,55.509937779102636,14.003245101449993,3.9921582836273046,16.04176567738126,0.3210704910086915,1.0,0.6649358059200924,1.0,0.9885098200787855,0.6649358059200924,0,nominal,0.0,0.0,0.0,0.0,0.0,0.0,0.0,0.0,0.0,0.0,0.0,0.0
4950,2376.4406134185483,85.56968899408656,1126.85,80.3474161022574,55.515657747306655,14.003245101449993,3.9920343128167195,16.04126752311158,0.3210704910086915,1.0,0.6650484853224193,1.0,0.9885098200787855,0.6650484853224193,0,nominal,0.0,0.0,0.0,0.0,0.0,0.0,0.0,0.0,0.0,0.0,0.0,0.0
5000,2376.4406134185483,85.56194220486793,1126.85,80.34373759879071,55.521376690478654,14.003245101449993,3.991910362407977,16.040769450823007,0.3210704910086915,1.0,0.6651611445323271,1.0,0.9885098200787855,0.6651611445323271,0,nominal,0.0,0.0,0.0,0.0,0.0,0.0,0.0,0.0,0.0,0.0,0.0,0.0
5050,2376.4406134185483,85.55419818375157,1126.85,80.3400602393134,55.52709460811717,14.003245101449993,3.9917864324100045,16.040271460551423,0.3210704910086915,1.0,0.6652737835399374,1.0,0.9885098200787855,0.6652737835399374,0,nominal,0.0,0.0,0.0,0.0,0.0,0.0,0.0,0.0,0.0,0.0,0.0,0.0
5100,2376.4406134185483,85.54645692974697,1126.85,80.33638402368615,55.53281149972123,14.003245101449993,3.9916625228317213,16.03977355233266,0.3210704910086915,1.0,0.6653864023353812,1.0,0.9885098200787855,0.6653864023353812,0,nominal,0.0,0.0,0.0,0.0,0.0,0.0,0.0,0.0,0.0,0.0,0.0,0.0
5150,2376.4406134185483,85.53871844186398,1126.85,80.33270895176929,55.53852736479009,14.003245101449993,3.991538633682034,16.039275726202522,0.3210704910086915,1.0,0.6654990009087943,1.0,0.9885098200787855,0.6654990009087943,0,nominal,0.0,0.0,0.0,0.0,0.0,0.0,0.0,0.0,0.0,0.0,0.0,0.0
5200,2376.4406134185483,85.53098271911284,1126.85,80.32903502342299,55.54424220282379,14.003245101449993,3.9914147649698397,16.038777982196745,0.3210704910086915,1.0,0.6656115792503278,1.0,0.9885098200787855,0.6656115792503278,0,nominal,0.0,0.0,0.0,0.0,0.0,0.0,0.0,0.0,0.0,0.0,0.0,0.0
5250,2376.4406134185483,85.52324976050414,1126.85,80.32536223850713,55.54995601332248,14.003245101449993,3.991290916704024,16.038280320351042,0.3210704910086915,1.0,0.6657241373501349,1.0,0.9885098200787855,0.6657241373501349,0,nominal,0.0,0.0,0.0,0.0,0.0,0.0,0.0,0.0,0.0,0.0,0.0,0.0
5300,2376.4406134185483,85.51551956504886,1126.85,80.32169059688135,55.555668795786964,14.003245101449993,3.991167088893461,16.037782740701072,0.3210704910086915,1.0,0.665836675198382,1.0,0.9885098200787855,0.665836675198382,0,nominal,0.0,0.0,0.0,0.0,0.0,0.0,0.0,0.0,0.0,0.0,0.0,0.0
5350,2376.4406134185483,85.50779213175832,1126.85,80.31802009840504,55.56138054971839,14.003245101449993,3.991043281547017,16.03728524328246,0.3210704910086915,1.0,0.665949192785242,1.0,0.9885098200787855,0.665949192785242,0,nominal,0.0,0.0,0.0,0.0,0.0,0.0,0.0,0.0,0.0,0.0,0.0,0.0
5400,2376.4406134185483,85.50006745964424,1126.85,80.31435074293734,55.567091274618456,14.003245101449993,3.9909194946735425,16.036787828130773,0.3210704910086915,1.0,0.6660616901008986,1.0,0.9885098200787855,0.6660616901008986,0,nominal,0.0,0.0,0.0,0.0,0.0,0.0,0.0,0.0,0.0,0.0,0.0,0.0
5450,2376.4406134185483,85.4923455477188,1126.85,80.31068253033715,55.57280096998932,14.003245101449993,3.9907957282818782,16.036290495281534,0.3210704910086915,1.0,0.6661741671355448,1.0,0.9885098200787855,0.6661741671355448,0,nominal,0.0,0.0,0.0,0.0,0.0,0.0,0.0,0.0,0.0,0.0,0.0,0.0
5500,2376.4406134185483,85.4846263949944,1126.85,80.30701546046316,55.57850963533345,14.003245101449993,3.9906719823808583,16.03579324477024,0.3210704910086915,1.0,0.6662866238793792,1.0,0.9885098200787855,0.6662866238793792,0,nominal,0.0,0.0,0.0,0.0,0.0,0.0,0.0,0.0,0.0,0.0,0.0,0.0
5550,2376.4406134185483,85.47691000048388,1126.85,80.30334953317379,55.584217270153815,14.003245101449993,3.9905482569793023,16.03529607663233,0.3210704910086915,1.0,0.6663990603226111,1.0,0.9885098200787855,0.6663990603226111,0,nominal,0.0,0.0,0.0,0.0,0.0,0.0,0.0,0.0,0.0,0.0,0.0,0.0
5600,2376.4406134185483,85.46919636320047,1126.85,80.29968474832714,55.589923873953836,14.003245101449993,3.9904245520860204,16.034798990903216,0.3210704910086915,1.0,0.666511476455458,1.0,0.9885098200787855,0.666511476455458,0,nominal,0.0,0.0,0.0,0.0,0.0,0.0,0.0,0.0,0.0,0.0,0.0,0.0
5650,2376.4406134185483,85.46148548215774,1126.85,80.29602110578122,55.59562944623756,14.003245101449993,3.9903008677098084,16.03430198761823,0.3210704910086915,1.0,0.66662387226815,1.0,0.9885098200787855,0.66662387226815,0,nominal,0.0,0.0,0.0,0.0,0.0,0.0,0.0,0.0,0.0,0.0,0.0,0.0
5700,2376.4406134185483,85.4537773563697,1126.85,80.29235860539364,55.601333986509104,14.003245101449993,3.9901772038594565,16.033805066812697,0.3210704910086915,1.0,0.6667362477509187,1.0,0.9885098200787855,0.6667362477509187,0,nominal,0.0,0.0,0.0,0.0,0.0,0.0,0.0,0.0,0.0,0.0,0.0,0.0
5750,2376.4406134185483,85.44607198485068,1126.85,80.2886972470219,55.60703749427338,14.003245101449993,3.9900535605437413,16.03330822852189,0.3210704910086915,1.0,0.6668486028940109,1.0,0.9885098200787855,0.6668486028940109,0,nominal,0.0,0.0,0.0,0.0,0.0,0.0,0.0,0.0,0.0,0.0,0.0,0.0
5800,2376.4406134185483,85.43836936661535,1126.85,80.2850370305232,55.61273996903558,14.003245101449993,3.9899299377714272,16.03281147278102,0.3210704910086915,1.0,0.6669609376876795,1.0,0.9885098200787855,0.6669609376876795,0,nominal,0.0,0.0,0.0,0.0,0.0,0.0,0.0,0.0,0.0,0.0,0.0,0.0
5850,2376.4406134185483,85.43066950067879,1126.85,80.28137795575446,55.6184414103013,14.003245101449993,3.9898063355512745,16.03231479962529,0.3210704910086915,1.0,0.667073252122185,1.0,0.9885098200787855,0.667073252122185,0,nominal,0.0,0.0,0.0,0.0,0.0,0.0,0.0,0.0,0.0,0.0,0.0,0.0
5900,2376.4406134185483,85.42297238605647,1126.85,80.2777200225724,55.624141817576735,14.003245101449993,3.9896827538920228,16.031818209089824,0.3210704910086915,1.0,0.6671855461877997,1.0,0.9885098200787855,0.6671855461877997,0,nominal,0.0,0.0,0.0,0.0,0.0,0.0,0.0,0.0,0.0,0.0,0.0,0.0
5950,2376.4406134185483,85.41527802176421,1126.85,80.27406323083352,55.62984119036847,14.003245101449993,3.9895591928024063,16.031321701209713,0.3210704910086915,1.0,0.6672978198748037,1.0,0.9885098200787855,0.6672978198748037,0,nominal,0.0,0.0,0.0,0.0,0.0,0.0,0.0,0.0,0.0,0.0,0.0,0.0
6000,2376.4406134185483,85.40758640681821,1126.85,80.27040758039402,55.63553952818337,14.003245101449993,3.989435652291151,16.030825276020025,0.3210704910086915,1.0,0.6674100731734829,1.0,0.9885098200787855,0.6674100731734829,0,nominal,0.0,0.0,0.0,0.0,0.0,0.0,0.0,0.0,0.0,0.0,0.0,0.0
6050,2376.4406134185483,85.39989754023509,1126.85,80.26675307110992,55.64123683052904,14.003245101449993,3.989312132366966,16.030328933555747,0.3210704910086915,1.0,0.6675223060741369,1.0,0.9885098200787855,0.6675223060741369,0,nominal,0.0,0.0,0.0,0.0,0.0,0.0,0.0,0.0,0.0,0.0,0.0,0.0
6100,2376.4406134185483,85.39221142103173,1126.85,80.26309970283694,55.64693309691329,14.003245101449993,3.9891886330385526,16.02983267385186,0.3210704910086915,1.0,0.66763451856707,1.0,0.9885098200787855,0.66763451856707,0,nominal,0.0,0.0,0.0,0.0,0.0,0.0,0.0,0.0,0.0,0.0,0.0,0.0
6150,2376.4406134185483,85.38452804822543,1126.85,80.25944747543059,55.652628326844514,14.003245101449993,3.9890651543146034,16.029336496943277,0.3210704910086915,1.0,0.6677467106425985,1.0,0.9885098200787855,0.6677467106425985,0,nominal,0.0,0.0,0.0,0.0,0.0,0.0,0.0,0.0,0.0,0.0,0.0,0.0
6200,2376.4406134185483,85.37684742083388,1126.85,80.25579638874615,55.658322519831515,14.003245101449993,3.9889416962037942,16.02884040286487,0.3210704910086915,1.0,0.6678588822910456,1.0,0.9885098200787855,0.6678588822910456,0,nominal,0.0,0.0,0.0,0.0,0.0,0.0,0.0,0.0,0.0,0.0,0.0,0.0
6250,2376.4406134185483,85.36916953787517,1126.85,80.2521464426386,55.66401567538351,14.003245101449993,3.9888182587147964,16.02834439165148,0.3210704910086915,1.0,0.6679710335027433,1.0,0.9885098200787855,0.6679710335027433,0,nominal,0.0,0.0,0.0,0.0,0.0,0.0,0.0,0.0,0.0,0.0,0.0,0.0
6300,2376.4406134185483,85.36149439836765,1126.85,80.24849763696284,55.66970779301017,14.003245101449993,3.9886948418562667,16.027848463337893,0.3210704910086915,1.0,0.6680831642680326,1.0,0.9885098200787855,0.6680831642680326,0,nominal,0.0,0.0,0.0,0.0,0.0,0.0,0.0,0.0,0.0,0.0,0.0,0.0
6350,2376.4406134185483,85.35382200133017,1126.85,80.24484997157333,55.67539887222155,14.003245101449993,3.988571445636855,16.02735261795887,0.3210704910086915,1.0,0.6681952745772617,1.0,0.9885098200787855,0.6681952745772617,0,nominal,0.0,0.0,0.0,0.0,0.0,0.0,0.0,0.0,0.0,0.0,0.0,0.0
6400,2376.4406134185483,85.34615234578189,1126.85,80.24120344632439,55.681088912528324,14.003245101449993,3.9884480700651945,16.02685685554909,0.3210704910086915,1.0,0.6683073644207915,1.0,0.9885098200787855,0.6683073644207915,0,nominal,0.0,0.0,0.0,0.0,0.0,0.0,0.0,0.0,0.0,0.0,0.0,0.0
6450,2376.4406134185483,85.33848543074231,1126.85,80.23755806107016,55.6867779134415,14.003245101449993,3.9883247151499113,16.026361176143233,0.3210704910086915,1.0,0.6684194337889892,1.0,0.9885098200787855,0.6684194337889892,0,nominal,0.0,0.0,0.0,0.0,0.0,0.0,0.0,0.0,0.0,0.0,0.0,0.0
6500,2376.4406134185483,85.3308212552314,1126.85,80.23391381566444,55.69246587447248,14.003245101449993,3.9882013808996213,16.025865579775907,0.3210704910086915,1.0,0.6685314826722294,1.0,0.9885098200787855,0.6685314826722294,0,nominal,0.0,0.0,0.0,0.0,0.0,0.0,0.0,0.0,0.0,0.0,0.0,0.0
6550,2376.4406134185483,85.32315981826935,1126.85,80.23027070996079,55.698152795133105,14.003245101449993,3.9880780673229306,16.025370066481702,0.3210704910086915,1.0,0.6686435110608957,1.0,0.9885098200787855,0.6686435110608957,0,nominal,0.0,0.0,0.0,0.0,0.0,0.0,0.0,0.0,0.0,0.0,0.0,0.0
6600,2376.4406134185483,85.31550111887685,1126.85,80.22662874381263,55.70383867493588,14.003245101449993,3.987954774428428,16.024874636295127,0.3210704910086915,1.0,0.6687555189453853,1.0,0.9885098200787855,0.6687555189453853,0,nominal,0.0,0.0,0.0,0.0,0.0,0.0,0.0,0.0,0.0,0.0,0.0,0.0
6650,2376.4406134185483,85.3078451560749,1126.85,80.22298791707306,55.709523513393485,14.003245101449993,3.9878315022246977,16.02437928925068,0.3210704910086915,1.0,0.668867506316098,1.0,0.9885098200787855,0.668867506316098,0,nominal,0.0,0.0,0.0,0.0,0.0,0.0,0.0,0.0,0.0,0.0,0.0,0.0
6700,2376.4406134185483,85.30019192888489,1126.85,80.21934822959497,55.715207310019174,14.003245101449993,3.987708250720313,16.0238840253828,0.3210704910086915,1.0,0.6689794731634453,1.0,0.9885098200787855,0.6689794731634453,0,nominal,0.0,0.0,0.0,0.0,0.0,0.0,0.0,0.0,0.0,0.0,0.0,0.0
6750,2376.4406134185483,85.29254143632858,1126.85,80.21570968123098,55.72089006432664,14.003245101449993,3.9875850199238334,16.023388844725893,0.3210704910086915,1.0,0.6690914194778472,1.0,0.9885098200787855,0.6690914194778472,0,nominal,0.0,0.0,0.0,0.0,0.0,0.0,0.0,0.0,0.0,0.0,0.0,0.0
6800,2376.4406134185483,85.2848936774281,1126.85,80.21207227183356,55.72657177583009,14.003245101449993,3.9874618098438073,16.022893747314306,0.3210704910086915,1.0,0.6692033452497339,1.0,0.9885098200787855,0.6692033452497339,0,nominal,0.0,0.0,0.0,0.0,0.0,0.0,0.0,0.0,0.0,0.0,0.0,0.0
6850,2376.4406134185483,85.27724865120592,1126.85,80.20843600125488,55.732252444043915,14.003245101449993,3.9873386204887784,16.02239873318237,0.3210704910086915,1.0,0.6693152504695397,1.0,0.9885098200787855,0.6693152504695397,0,nominal,0.0,0.0,0.0,0.0,0.0,0.0,0.0,0.0,0.0,0.0,0.0,0.0
6900,2376.4406134185483,85.2696063566849,1126.85,80.20480086934685,55.73793206848316,14.003245101449993,3.9872154518672738,16.02190380236435,0.3210704910086915,1.0,0.6694271351277107,1.0,0.9885098200787855,0.6694271351277107,0,nominal,0.0,0.0,0.0,0.0,0.0,0.0,0.0,0.0,0.0,0.0,0.0,0.0
6950,2376.4406134185483,85.26196679288824,1126.85,80.20116687596123,55.74361064866338,14.003245101449993,3.9870923039878097,16.021408954894465,0.3210704910086915,1.0,0.6695389992147038,1.0,0.9885098200787855,0.6695389992147038,0,nominal,0.0,0.0,0.0,0.0,0.0,0.0,0.0,0.0,0.0,0.0,0.0,0.0
7000,2376.4406134185483,85.2543299588396,1126.85,80.19753402094949,55.7492881841004,14.003245101449993,3.986969176858894,16.020914190806906,0.3210704910086915,1.0,0.6696508427209814,1.0,0.9885098200787855,0.6696508427209814,0,nominal,0.0,0.0,0.0,0.0,0.0,0.0,0.0,0.0,0.0,0.0,0.0,0.0
7050,2376.4406134185483,85.24669585356287,1126.85,80.19390230416286,55.754964674310536,14.003245101449993,3.986846070489024,16.020419510135813,0.3210704910086915,1.0,0.6697626656370151,1.0,0.9885098200787855,0.6697626656370151,0,nominal,0.0,0.0,0.0,0.0,0.0,0.0,0.0,0.0,0.0,0.0,0.0,0.0
7100,2376.4406134185483,85.23906447608243,1126.85,80.19027172545236,55.7606401188106,14.003245101449993,3.9867229848866854,16.01992491291529,0.3210704910086915,1.0,0.6698744679532862,1.0,0.9885098200787855,0.6698744679532862,0,nominal,0.0,0.0,0.0,0.0,0.0,0.0,0.0,0.0,0.0,0.0,0.0,0.0
7150,2376.4406134185483,85.23143582542298,1126.85,80.18664228466878,55.76631451711774,14.003245101449993,3.986599920060354,16.01943039917939,0.3210704910086915,1.0,0.6699862496602833,1.0,0.9885098200787855,0.6699862496602833,0,nominal,0.0,0.0,0.0,0.0,0.0,0.0,0.0,0.0,0.0,0.0,0.0,0.0
7200,2376.4406134185483,85.22380990060958,1126.85,80.18301398166267,55.77198786874973,14.003245101449993,3.986476876018492,16.018935968962122,0.3210704910086915,1.0,0.6700980107485066,1.0,0.9885098200787855,0.6700980107485066,0,nominal,0.0,0.0,0.0,0.0,0.0,0.0,0.0,0.0,0.0,0.0,0.0,0.0
7250,2376.4406134185483,85.21618670066766,1126.85,80.1793868162843,55.77766017322452,14.003245101449993,3.986353852769557,16.018441622297466,0.3210704910086915,1.0,0.6702097512084598,1.0,0.9885098200787855,0.6702097512084598,0,nominal,0.0,0.0,0.0,0.0,0.0,0.0,0.0,0.0,0.0,0.0,0.0,0.0
7300,2376.4406134185483,85.20856622462298,1126.85,80.1757607883838,55.78333143006076,14.003245101449993,3.986230850321988,16.017947359219335,0.3210704910086915,1.0,0.6703214710306612,1.0,0.9885098200787855,0.6703214710306612,0,nominal,0.0,0.0,0.0,0.0,0.0,0.0,0.0,0.0,0.0,0.0,0.0,0.0
7350,2376.4406134185483,85.20094847150176,1126.85,80.17213589781102,55.789001638777414,14.003245101449993,3.986107868684219,16.01745317976162,0.3210704910086915,1.0,0.6704331702056344,1.0,0.9885098200787855,0.6704331702056344,0,nominal,0.0,0.0,0.0,0.0,0.0,0.0,0.0,0.0,0.0,0.0,0.0,0.0
7400,2376.4406134185483,85.19333344033055,1126.85,80.16851214441556,55.79467079889383,14.003245101449993,3.985984907864672,16.016959083958167,0.3210704910086915,1.0,0.670544848723911,1.0,0.9885098200787855,0.670544848723911,0,nominal,0.0,0.0,0.0,0.0,0.0,0.0,0.0,0.0,0.0,0.0,0.0,0.0
7450,2376.4406134185483,85.18572113013619,1126.85,80.16488952804679,55.80033890993,14.003245101449993,3.9858619678717564,16.01646507184276,0.3210704910086915,1.0,0.6706565065760348,1.0,0.9885098200787855,0.6706565065760348,0,nominal,0.0,0.0,0.0,0.0,0.0,0.0,0.0,0.0,0.0,0.0,0.0,0.0
7500,2376.4406134185483,85.17811153994597,1126.85,80.1612680485539,55.806005971406165,14.003245101449993,3.9857390487138726,16.01597114344916,0.3210704910086915,1.0,0.6707681437525556,1.0,0.9885098200787855,0.6707681437525556,0,nominal,0.0,0.0,0.0,0.0,0.0,0.0,0.0,0.0,0.0,0.0,0.0,0.0
7550,2376.4406134185483,85.1705046687876,1126.85,80.15764770578579,55.811671982843045,14.003245101449993,3.9856161503994123,16.015477298811085,0.3210704910086915,1.0,0.6708797602440312,1.0,0.9885098200787855,0.6708797602440312,0,nominal,0.0,0.0,0.0,0.0,0.0,0.0,0.0,0.0,0.0,0.0,0.0,0.0
7600,2376.4406134185483,85.16290051568899,1126.85,80.15402849959116,55.817336943761894,14.003245101449993,3.9854932729367505,16.014983537962188,0.3210704910086915,1.0,0.6709913560410311,1.0,0.9885098200787855,0.6709913560410311,0,nominal,0.0,0.0,0.0,0.0,0.0,0.0,0.0,0.0,0.0,0.0,0.0,0.0
7650,2376.4406134185483,85.15529907967857,1126.85,80.15041042981846,55.82300085368431,14.003245101449993,3.9853704163342583,16.01448986093611,0.3210704910086915,1.0,0.671102931134131,1.0,0.9885098200787855,0.671102931134131,0,nominal,0.0,0.0,0.0,0.0,0.0,0.0,0.0,0.0,0.0,0.0,0.0,0.0
7700,2376.4406134185483,85.147700359785,1126.85,80.14679349631592,55.828663712132375,14.003245101449993,3.9852475806002916,16.013996267766423,0.3210704910086915,1.0,0.6712144855139162,1.0,0.9885098200787855,0.6712144855139162,0,nominal,0.0,0.0,0.0,0.0,0.0,0.0,0.0,0.0,0.0,0.0,0.0,0.0
7750,2376.4406134185483,85.14010435503747,1126.85,80.1431776989316,55.83432551862867,14.003245101449993,3.985124765743195,16.013502758486663,0.3210704910086915,1.0,0.6713260191709818,1.0,0.9885098200787855,0.6713260191709818,0,nominal,0.0,0.0,0.0,0.0,0.0,0.0,0.0,0.0,0.0,0.0,0.0,0.0
7800,2376.4406134185483,85.1325110644654,1126.85,80.13956303751326,55.83998627269599,14.003245101449993,3.9850019717713088,16.01300933313034,0.3210704910086915,1.0,0.6714375320959273,1.0,0.9885098200787855,0.6714375320959273,0,nominal,0.0,0.0,0.0,0.0,0.0,0.0,0.0,0.0,0.0,0.0,0.0,0.0
7850,2376.4406134185483,85.12492048709862,1126.85,80.1359495119084,55.84564597385778,14.003245101449993,3.9848791986929584,16.01251599173091,0.3210704910086915,1.0,0.6715490242793649,1.0,0.9885098200787855,0.6715490242793649,0,nominal,0.0,0.0,0.0,0.0,0.0,0.0,0.0,0.0,0.0,0.0,0.0,0.0
7900,2376.4406134185483,85.11733262196731,1126.85,80.13233712196438,55.851304621637965,14.003245101449993,3.9847564465164536,16.012022734321768,0.3210704910086915,1.0,0.6716604957119162,1.0,0.9885098200787855,0.6716604957119162,0,nominal,0.0,0.0,0.0,0.0,0.0,0.0,0.0,0.0,0.0,0.0,0.0,0.0
7950,2376.4406134185483,85.10974746810206,1126.85,80.12872586752832,55.85696221556071,14.003245101449993,3.984633715250103,16.011529560936292,0.3210704910086915,1.0,0.6717719463842078,1.0,0.9885098200787855,0.6717719463842078,0,nominal,0.0,0.0,0.0,0.0,0.0,0.0,0.0,0.0,0.0,0.0,0.0,0.0
8000,2376.4406134185483,85.1021650245338,1126.85,80.12511574844706,55.862618755150734,14.003245101449993,3.984511004902199,16.01103647160781,0.3210704910086915,1.0,0.6718833762868764,1.0,0.9885098200787855,0.6718833762868764,0,nominal,0.0,0.0,0.0,0.0,0.0,0.0,0.0,0.0,0.0,0.0,0.0,0.0
8050,2376.4406134185483,85.09458529029382,1126.85,80.12150676456719,55.86827423993325,14.003245101449993,3.9843883154810227,16.010543466369597,0.3210704910086915,1.0,0.6719947854105698,1.0,0.9885098200787855,0.6719947854105698,0,nominal,0.0,0.0,0.0,0.0,0.0,0.0,0.0,0.0,0.0,0.0,0.0,0.0
8100,2376.4406134185483,85.08700826441373,1126.85,80.11789891573517,55.8739286694338,14.003245101449993,3.9842656469948476,16.0100505452549,0.3210704910086915,1.0,0.6721061737459411,1.0,0.9885098200787855,0.6721061737459411,0,nominal,0.0,0.0,0.0,0.0,0.0,0.0,0.0,0.0,0.0,0.0,0.0,0.0
8150,2376.4406134185483,85.07943394592559,1126.85,80.11429220179718,55.87958204317848,14.003245101449993,3.984142999451933,16.009557708296903,0.3210704910086915,1.0,0.6722175412836546,1.0,0.9885098200787855,0.6722175412836546,0,nominal,0.0,0.0,0.0,0.0,0.0,0.0,0.0,0.0,0.0,0.0,0.0,0.0
8200,2376.4406134185483,85.07186233386182,1126.85,80.11068662259925,55.88523436069367,14.003245101449993,3.9840203728605332,16.00906495552878,0.3210704910086915,1.0,0.6723288880143805,1.0,0.9885098200787855,0.6723288880143805,0,nominal,0.0,0.0,0.0,0.0,0.0,0.0,0.0,0.0,0.0,0.0,0.0,0.0
8250,2376.4406134185483,85.06429342725511,1126.85,80.10708217798702,55.89088562150621,14.003245101449993,3.983897767228888,16.008572286983632,0.3210704910086915,1.0,0.6724402139287979,1.0,0.9885098200787855,0.6724402139287979,0,nominal,0.0,0.0,0.0,0.0,0.0,0.0,0.0,0.0,0.0,0.0,0.0,0.0
8300,2376.4406134185483,85.05672722513862,1126.85,80.10347886780602,55.89653582514359,14.003245101449993,3.9837751825652252,16.00807970269453,0.3210704910086915,1.0,0.6725515190175986,1.0,0.9885098200787855,0.6725515190175986,0,nominal,0.0,0.0,0.0,0.0,0.0,0.0,0.0,0.0,0.0,0.0,0.0,0.0
8350,2376.4406134185483,85.04916372654577,1126.85,80.09987669190156,55.90218497113353,14.003245101449993,3.983652618877765,16.007587202694506,0.3210704910086915,1.0,0.6726628032714791,1.0,0.9885098200787855,0.6726628032714791,0,nominal,0.0,0.0,0.0,0.0,0.0,0.0,0.0,0.0,0.0,0.0,0.0,0.0
8400,2376.4406134185483,85.04160293051046,1126.85,80.09627565011868,55.90783305900425,14.003245101449993,3.983530076174714,16.00709478701653,0.3210704910086915,1.0,0.6727740666811455,1.0,0.9885098200787855,0.6727740666811455,0,nominal,0.0,0.0,0.0,0.0,0.0,0.0,0.0,0.0,0.0,0.0,0.0,0.0
8450,2376.4406134185483,85.03404483606687,1126.85,80.09267574230222,55.91348008828438,14.003245101449993,3.9834075544642715,16.006602455693553,0.3210704910086915,1.0,0.6728853092373124,1.0,0.9885098200787855,0.6728853092373124,0,nominal,0.0,0.0,0.0,0.0,0.0,0.0,0.0,0.0,0.0,0.0,0.0,0.0
8500,2376.4406134185483,85.02648944224956,1126.85,80.08907696829681,55.91912605850303,14.003245101449993,3.9832850537546256,16.00611020875848,0.3210704910086915,1.0,0.6729965309307034,1.0,0.9885098200787855,0.6729965309307034,0,nominal,0.0,0.0,0.0,0.0,0.0,0.0,0.0,0.0,0.0,0.0,0.0,0.0
8550,2376.4406134185483,85.01893674809344,1126.85,80.08547932794681,55.92477096918978,14.003245101449993,3.98316257405395,16.005618046244148,0.3210704910086915,1.0,0.6731077317520514,1.0,0.9885098200787855,0.6731077317520514,0,nominal,0.0,0.0,0.0,0.0,0.0,0.0,0.0,0.0,0.0,0.0,0.0,0.0
8600,2376.4406134185483,85.01138675263383,1126.85,80.08188282109643,55.9304148198745,14.003245101449993,3.983040115370413,16.005125968183386,0.3210704910086915,1.0,0.6732189116920955,1.0,0.9885098200787855,0.6732189116920955,0,nominal,0.0,0.0,0.0,0.0,0.0,0.0,0.0,0.0,0.0,0.0,0.0,0.0
8650,2376.4406134185483,85.00383945490637,1126.85,80.07828744758956,55.93605761008767,14.003245101449993,3.9829176777121695,16.00463397460896,0.3210704910086915,1.0,0.6733300707415864,1.0,0.9885098200787855,0.6733300707415864,0,nominal,0.0,0.0,0.0,0.0,0.0,0.0,0.0,0.0,0.0,0.0,0.0,0.0
8700,2376.4406134185483,84.99629485394712,1126.85,80.07469320726995,55.94169933936012,14.003245101449993,3.982795261087364,16.0041420655536,0.3210704910086915,1.0,0.6734412088912816,1.0,0.9885098200787855,0.6734412088912816,0,nominal,0.0,0.0,0.0,0.0,0.0,0.0,0.0,0.0,0.0,0.0,0.0,0.0
8750,2376.4406134185483,84.98875294879241,1126.85,80.0711000999811,55.947340007223076,14.003245101449993,3.9826728655041315,16.003650241049996,0.3210704910086915,1.0,0.6735523261319467,1.0,0.9885098200787855,0.6735523261319467,0,nominal,0.0,0.0,0.0,0.0,0.0,0.0,0.0,0.0,0.0,0.0,0.0,0.0
8800,2376.4406134185483,84.98121373847903,1126.85,80.06750812556623,55.952979613208335,14.003245101449993,3.9825504909705933,16.003158501130777,0.3210704910086915,1.0,0.6736634224543584,1.0,0.9885098200787855,0.6736634224543584,0,nominal,0.0,0.0,0.0,0.0,0.0,0.0,0.0,0.0,0.0,0.0,0.0,0.0
8850,2376.4406134185483,84.97367722204405,1126.85,80.06391728386848,55.95861815684804,14.003245101449993,3.982428137494864,16.002666845828553,0.3210704910086915,1.0,0.6737744978493003,1.0,0.9885098200787855,0.6737744978493003,0,nominal,0.0,0.0,0.0,0.0,0.0,0.0,0.0,0.0,0.0,0.0,0.0,0.0
8900,2376.4406134185483,84.96614339852499,1126.85,80.06032757473065,55.96425563767473,14.003245101449993,3.9823058050850464,16.002175275175883,0.3210704910086915,1.0,0.6738855523075638,1.0,0.9885098200787855,0.6738855523075638,0,nominal,0.0,0.0,0.0,0.0,0.0,0.0,0.0,0.0,0.0,0.0,0.0,0.0
8950,2376.4406134185483,84.95861226695962,1126.85,80.05673899799535,55.96989205522146,14.003245101449993,3.982183493749232,16.001683789205284,0.3210704910086915,1.0,0.67399658581995,1.0,0.9885098200787855,0.67399658581995,0,nominal,0.0,0.0,0.0,0.0,0.0,0.0,0.0,0.0,0.0,0.0,0.0,0.0
9000,2376.4406134185483,84.9510838263862,1126.85,80.05315155350496,55.97552740902167,14.003245101449993,3.9820612034955025,16.001192387949224,0.3210704910086915,1.0,0.6741075983772686,1.0,0.9885098200787855,0.6741075983772686,0,nominal,0.0,0.0,0.0,0.0,0.0,0.0,0.0,0.0,0.0,0.0,0.0,0.0
9050,2376.4406134185483,84.94355807584321,1126.85,80.04956524110162,55.98116169860926,14.003245101449993,3.9819389343319282,16.000701071440137,0.3210704910086915,1.0,0.6742185899703375,1.0,0.9885098200787855,0.6742185899703375,0,nominal,0.0,0.0,0.0,0.0,0.0,0.0,0.0,0.0,0.0,0.0,0.0,0.0
9100,2376.4406134185483,84.93603501436962,1126.85,80.04598006062736,55.986794923518694,14.003245101449993,3.9818166862665665,16.000209839710404,0.3210704910086915,1.0,0.6743295605899856,1.0,0.9885098200787855,0.6743295605899856,0,nominal,0.0,0.0,0.0,0.0,0.0,0.0,0.0,0.0,0.0,0.0,0.0,0.0
9150,2376.4406134185483,84.92851464100465,1126.85,80.04239601192381,55.99242708328456,14.003245101449993,3.9816944593074726,15.999718692792385,0.3210704910086915,1.0,0.6744405102270451,1.0,0.9885098200787855,0.6744405102270451,0,nominal,0.0,0.0,0.0,0.0,0.0,0.0,0.0,0.0,0.0,0.0,0.0,0.0
9200,2376.4406134185483,84.920996954788,1126.85,80.03881309483256,55.99805817744219,14.003245101449993,3.981572253462681,15.999227630718371,0.3210704910086915,1.0,0.6745514388723621,1.0,0.9885098200787855,0.6745514388723621,0,nominal,0.0,0.0,0.0,0.0,0.0,0.0,0.0,0.0,0.0,0.0,0.0,0.0
9250,2376.4406134185483,84.91348195475962,1126.85,80.0352313091949,56.00368820552719,14.003245101449993,3.9814500687402217,15.998736653520625,0.3210704910086915,1.0,0.6746623465167886,1.0,0.9885098200787855,0.6746623465167886,0,nominal,0.0,0.0,0.0,0.0,0.0,0.0,0.0,0.0,0.0,0.0,0.0,0.0
9300,2376.4406134185483,84.90596963995989,1126.85,80.03165065485189,56.009317167075565,14.003245101449993,3.981327905148113,15.998245761231372,0.3210704910086915,1.0,0.6747732331511841,1.0,0.9885098200787855,0.6747732331511841,0,nominal,0.0,0.0,0.0,0.0,0.0,0.0,0.0,0.0,0.0,0.0,0.0,0.0
9350,2376.4406134185483,84.89846000942953,1126.85,80.02807113164437,56.01494506162391,14.003245101449993,3.9812057626943633,15.997754953882788,0.3210704910086915,1.0,0.6748840987664196,1.0,0.9885098200787855,0.6748840987664196,0,nominal,0.0,0.0,0.0,0.0,0.0,0.0,0.0,0.0,0.0,0.0,0.0,0.0
9400,2376.4406134185483,84.89095306220958,1126.85,80.024492739413,56.02057188870915,14.003245101449993,3.9810836413869675,15.997264231507001,0.3210704910086915,1.0,0.6749949433533731,1.0,0.9885098200787855,0.6749949433533731,0,nominal,0.0,0.0,0.0,0.0,0.0,0.0,0.0,0.0,0.0,0.0,0.0,0.0
9450,2376.4406134185483,84.88344879734154,1126.85,80.02091547799819,56.026197647868656,14.003245101449993,3.980961541233913,15.996773594136107,0.3210704910086915,1.0,0.6751057669029311,1.0,0.9885098200787855,0.6751057669029311,0,nominal,0.0,0.0,0.0,0.0,0.0,0.0,0.0,0.0,0.0,0.0,0.0,0.0
9500,2376.4406134185483,84.87594721386716,1126.85,80.01733934724018,56.031822338640225,14.003245101449993,3.9808394622431775,15.996283041802162,0.3210704910086915,1.0,0.6752165694059887,1.0,0.9885098200787855,0.6752165694059887,0,nominal,0.0,0.0,0.0,0.0,0.0,0.0,0.0,0.0,0.0,0.0,0.0,0.0
9550,2376.4406134185483,84.86844831082863,1126.85,80.01376434697892,56.03744596056214,14.003245101449993,3.980717404422723,15.99579257453716,0.3210704910086915,1.0,0.6753273508534501,1.0,0.9885098200787855,0.6753273508534501,0,nominal,0.0,0.0,0.0,0.0,0.0,0.0,0.0,0.0,0.0,0.0,0.0,0.0
9600,2376.4406134185483,84.86095208726846,1126.85,80.01019047705415,56.043068513173054,14.003245101449993,3.9805953677805066,15.995302192373076,0.3210704910086915,1.0,0.6754381112362271,1.0,0.9885098200787855,0.6754381112362271,0,nominal,0.0,0.0,0.0,0.0,0.0,0.0,0.0,0.0,0.0,0.0,0.0,0.0
9650,2376.4406134185483,84.85345854222953,1126.85,80.00661773730548,56.04868999601216,14.003245101449993,3.9804733523244717,15.99481189534183,0.3210704910086915,1.0,0.6755488505452423,1.0,0.9885098200787855,0.6755488505452423,0,nominal,0.0,0.0,0.0,0.0,0.0,0.0,0.0,0.0,0.0,0.0,0.0,0.0
9700,2376.4406134185483,84.84596767475512,1126.85,80.00304612757225,56.05431040861894,14.003245101449993,3.9803513580625527,15.994321683475302,0.3210704910086915,1.0,0.6756595687714235,1.0,0.9885098200787855,0.6756595687714235,0,nominal,0.0,0.0,0.0,0.0,0.0,0.0,0.0,0.0,0.0,0.0,0.0,0.0
9750,2376.4406134185483,84.83847948388876,1126.85,79.99947564769354,56.059929750533335,14.003245101449993,3.9802293850026738,15.993831556805336,0.3210704910086915,1.0,0.6757702659057084,1.0,0.9885098200787855,0.6757702659057084,0,nominal,0.0,0.0,0.0,0.0,0.0,0.0,0.0,0.0,0.0,0.0,0.0,0.0
9800,2376.4406134185483,84.83099396867442,1126.85,79.99590629750827,56.065548021295854,14.003245101449993,3.980107433152746,15.993341515363722,0.3210704910086915,1.0,0.6758809419390449,1.0,0.9885098200787855,0.6758809419390449,0,nominal,0.0,0.0,0.0,0.0,0.0,0.0,0.0,0.0,0.0,0.0,0.0,0.0
9850,2376.4406134185483,84.82351112815644,1126.85,79.99233807685516,56.07116522044738,14.003245101449993,3.9799855025206727,15.992851559182215,0.3210704910086915,1.0,0.6759915968623887,1.0,0.9885098200787855,0.6759915968623887,0,nominal,0.0,0.0,0.0,0.0,0.0,0.0,0.0,0.0,0.0,0.0,0.0,0.0
9900,2376.4406134185483,84.81603096137945,1126.85,79.98877098557267,56.07678134752908,14.003245101449993,3.9798635931143456,15.992361688292528,0.3210704910086915,1.0,0.6761022306667015,1.0,0.9885098200787855,0.6761022306667015,0,nominal,0.0,0.0,0.0,0.0,0.0,0.0,0.0,0.0,0.0,0.0,0.0,0.0
9950,2376.4406134185483,84.80855346738855,1126.85,79.98520502349908,56.08239640208275,14.003245101449993,3.9797417049416466,15.991871902726336,0.3210704910086915,1.0,0.6762128433429566,1.0,0.9885098200787855,0.6762128433429566,0,nominal,0.0,0.0,0.0,0.0,0.0,0.0,0.0,0.0,0.0,0.0,0.0,0.0
10000,2376.4406134185483,84.8010786452291,1126.85,79.98164019047238,56.08801038365052,14.003245101449993,3.9796198380104455,15.991382202515258,0.3210704910086915,1.0,0.6763234348821345,1.0,0.9885098200787855,0.6763234348821345,0,nominal,0.0,0.0,0.0,0.0,0.0,0.0,0.0,0.0,0.0,0.0,0.0,0.0
10050,2376.4406134185483,84.79360649394681,1126.85,79.97807648633045,56.09362329177506,14.003245101449993,3.9794979923286027,15.990892587690881,0.3210704910086915,1.0,0.676434005275226,1.0,0.9885098200787855,0.676434005275226,0,nominal,0.0,0.0,0.0,0.0,0.0,0.0,0.0,0.0,0.0,0.0,0.0,0.0
10100,2376.4406134185483,84.78613701258786,1126.85,79.9745139109109,56.09923512599931,14.003245101449993,3.9793761679039688,15.990403058284752,0.3210704910086915,1.0,0.6765445545132274,1.0,0.9885098200787855,0.6765445545132274,0,nominal,0.0,0.0,0.0,0.0,0.0,0.0,0.0,0.0,0.0,0.0,0.0,0.0
10150,2376.4406134185483,84.77867020019863,1126.85,79.97095246405115,56.10484588586672,14.003245101449993,3.979254364744383,15.989913614328369,0.3210704910086915,1.0,0.676655082587145,1.0,0.9885098200787855,0.676655082587145,0,nominal,0.0,0.0,0.0,0.0,0.0,0.0,0.0,0.0,0.0,0.0,0.0,0.0
10200,2376.4406134185483,84.77120605582604,1126.85,79.9673921455884,56.11045557092119,14.003245101449993,3.979132582857676,15.989424255853201,0.3210704910086915,1.0,0.6767655894879938,1.0,0.9885098200787855,0.6767655894879938,0,nominal,0.0,0.0,0.0,0.0,0.0,0.0,0.0,0.0,0.0,0.0,0.0,0.0
10250,2376.4406134185483,84.76374457851722,1126.85,79.96383295535963,56.11606418070699,14.003245101449993,3.9790108222516642,15.988934982890658,0.3210704910086915,1.0,0.6768760752067965,1.0,0.9885098200787855,0.6768760752067965,0,nominal,0.0,0.0,0.0,0.0,0.0,0.0,0.0,0.0,0.0,0.0,0.0,0.0
10300,2376.4406134185483,84.7562857673197,1126.85,79.96027489320164,56.12167171476894,14.003245101449993,3.9788890829341566,15.988445795472115,0.3210704910086915,1.0,0.676986539734586,1.0,0.9885098200787855,0.676986539734586,0,nominal,0.0,0.0,0.0,0.0,0.0,0.0,0.0,0.0,0.0,0.0,0.0,0.0
10350,2376.4406134185483,84.74882962128135,1126.85,79.95671795895095,56.127278172652154,14.003245101449993,3.9787673649129514,15.98795669362891,0.3210704910086915,1.0,0.6770969830624017,1.0,0.9885098200787855,0.6770969830624017,0,nominal,0.0,0.0,0.0,0.0,0.0,0.0,0.0,0.0,0.0,0.0,0.0,0.0
10400,2376.4406134185483,84.7413761394505,1126.85,79.95316215244395,56.13288355390234,14.003245101449993,3.978645668195835,15.98746767739233,0.3210704910086915,1.0,0.6772074051812943,1.0,0.9885098200787855,0.6772074051812943,0,nominal,0.0,0.0,0.0,0.0,0.0,0.0,0.0,0.0,0.0,0.0,0.0,0.0
10450,2376.4406134185483,84.7339253208757,1126.85,79.94960747351678,56.138487858065346,14.003245101449993,3.9785239927905867,15.986978746793637,0.3210704910086915,1.0,0.6773178060823172,1.0,0.9885098200787855,0.6773178060823172,0,nominal,0.0,0.0,0.0,0.0,0.0,0.0,0.0,0.0,0.0,0.0,0.0,0.0
10500,2376.4406134185483,84.72647716460591,1126.85,79.94605392200532,56.14409108468779,14.003245101449993,3.9784023387049707,15.986489901864028,0.3210704910086915,1.0,0.6774281857565392,1.0,0.9885098200787855,0.6774281857565392,0,nominal,0.0,0.0,0.0,0.0,0.0,0.0,0.0,0.0,0.0,0.0,0.0,0.0
10550,2376.4406134185483,84.71903166969048,1126.85,79.9425014977453,56.14969323331658,14.003245101449993,3.9782807059467418,15.986001142634665,0.3210704910086915,1.0,0.6775385441950346,1.0,0.9885098200787855,0.6775385441950346,0,nominal,0.0,0.0,0.0,0.0,0.0,0.0,0.0,0.0,0.0,0.0,0.0,0.0
10600,2376.4406134185483,84.7115888351791,1126.85,79.93895020057226,56.155294303499055,14.003245101449993,3.978159094523648,15.98551246913668,0.3210704910086915,1.0,0.6776488813888863,1.0,0.9885098200787855,0.6776488813888863,0,nominal,0.0,0.0,0.0,0.0,0.0,0.0,0.0,0.0,0.0,0.0,0.0,0.0
10650,2376.4406134185483,84.7041486601218,1126.85,79.93540003032149,56.160894294782985,14.003245101449993,3.9780375044434226,15.985023881401153,0.3210704910086915,1.0,0.6777591973291858,1.0,0.9885098200787855,0.6777591973291858,0,nominal,0.0,0.0,0.0,0.0,0.0,0.0,0.0,0.0,0.0,0.0,0.0,0.0
10700,2376.4406134185483,84.69671114356896,1126.85,79.93185098682807,56.166493206716474,14.003245101449993,3.977915935713792,15.984535379459125,0.3210704910086915,1.0,0.677869492007031,1.0,0.9885098200787855,0.677869492007031,0,nominal,0.0,0.0,0.0,0.0,0.0,0.0,0.0,0.0,0.0,0.0,0.0,0.0
10750,2376.4406134185483,84.68927628457129,1126.85,79.92830306992687,56.172091038848215,14.003245101449993,3.97779438834247,15.984046963341598,0.3210704910086915,1.0,0.6779797654135314,1.0,0.9885098200787855,0.6779797654135314,0,nominal,0.0,0.0,0.0,0.0,0.0,0.0,0.0,0.0,0.0,0.0,0.0,0.0
10800,2376.4406134185483,84.68184408217996,1126.85,79.9247562794526,56.17768779072734,14.003245101449993,3.977672862337159,15.983558633079518,0.3210704910086915,1.0,0.6780900175398052,1.0,0.9885098200787855,0.6780900175398052,0,nominal,0.0,0.0,0.0,0.0,0.0,0.0,0.0,0.0,0.0,0.0,0.0,0.0
10850,2376.4406134185483,84.67441453544637,1126.85,79.92121061523966,56.18328346190315,14.003245101449993,3.977551357705556,15.983070388703815,0.3210704910086915,1.0,0.6782002483769742,1.0,0.9885098200787855,0.6782002483769742,0,nominal,0.0,0.0,0.0,0.0,0.0,0.0,0.0,0.0,0.0,0.0,0.0,0.0
10900,2376.4406134185483,84.66698764342237,1126.85,79.91766607712236,56.1888780519258,14.003245101449993,3.9774298744553382,15.982582230245342,0.3210704910086915,1.0,0.6783104579161764,1.0,0.9885098200787855,0.6783104579161764,0,nominal,0.0,0.0,0.0,0.0,0.0,0.0,0.0,0.0,0.0,0.0,0.0,0.0
10950,2376.4406134185483,84.65956340516016,1126.85,79.91412266493472,56.194471560345455,14.003245101449993,3.9773084125941844,15.98209415773495,0.3210704910086915,1.0,0.6784206461485507,1.0,0.9885098200787855,0.6784206461485507,0,nominal,0.0,0.0,0.0,0.0,0.0,0.0,0.0,0.0,0.0,0.0,0.0,0.0
11000,2376.4406134185483,84.6521418197122,1126.85,79.91058037851059,56.200063986713005,14.003245101449993,3.977186972129754,15.98160617120342,0.3210704910086915,1.0,0.6785308130652495,1.0,0.9885098200787855,0.6785308130652495,0,nominal,0.0,0.0,0.0,0.0,0.0,0.0,0.0,0.0,0.0,0.0,0.0,0.0
11050,2376.4406134185483,84.64472288613143,1126.85,79.90703921768358,56.20565533057962,14.003245101449993,3.9770655530696986,15.981118270681499,0.3210704910086915,1.0,0.6786409586574317,1.0,0.9885098200787855,0.6786409586574317,0,nominal,0.0,0.0,0.0,0.0,0.0,0.0,0.0,0.0,0.0,0.0,0.0,0.0
11100,2376.4406134185483,84.63730660347102,1126.85,79.90349918228713,56.21124559149693,14.003245101449993,3.9769441554216605,15.980630456199894,0.3210704910086915,1.0,0.6787510829162646,1.0,0.9885098200787855,0.6787510829162646,0,nominal,0.0,0.0,0.0,0.0,0.0,0.0,0.0,0.0,0.0,0.0,0.0,0.0
11150,2376.4406134185483,84.62989297078462,1126.85,79.89996027215449,56.21683476901706,14.003245101449993,3.976822779193271,15.980142727789271,0.3210704910086915,1.0,0.678861185832925,1.0,0.9885098200787855,0.678861185832925,0,nominal,0.0,0.0,0.0,0.0,0.0,0.0,0.0,0.0,0.0,0.0,0.0,0.0
11200,2376.4406134185483,84.62248198712615,1126.85,79.89642248711863,56.22242286269243,14.003245101449993,3.9767014243921492,15.979655085480246,0.3210704910086915,1.0,0.6789712673985961,1.0,0.9885098200787855,0.6789712673985961,0,nominal,0.0,0.0,0.0,0.0,0.0,0.0,0.0,0.0,0.0,0.0,0.0,0.0
11250,2376.4406134185483,84.61507365154989,1126.85,79.89288582701238,56.228009872075965,14.003245101449993,3.9765800910259097,15.979167529303416,0.3210704910086915,1.0,0.679081327604471,1.0,0.9885098200787855,0.679081327604471,0,nominal,0.0,0.0,0.0,0.0,0.0,0.0,0.0,0.0,0.0,0.0,0.0,0.0
11300,2376.4406134185483,84.60766796311054,1126.85,79.88935029166834,56.2335957967211,14.003245101449993,3.9764587791021477,15.978680059289303,0.3210704910086915,1.0,0.6791913664417524,1.0,0.9885098200787855,0.6791913664417524,0,nominal,0.0,0.0,0.0,0.0,0.0,0.0,0.0,0.0,0.0,0.0,0.0,0.0
11350,2376.4406134185483,84.60026492086308,1126.85,79.88581588091893,56.23918063618155,14.003245101449993,3.976337488628456,15.978192675468415,0.3210704910086915,1.0,0.6793013839016491,1.0,0.9885098200787855,0.6793013839016491,0,nominal,0.0,0.0,0.0,0.0,0.0,0.0,0.0,0.0,0.0,0.0,0.0,0.0
11400,2376.4406134185483,84.59286452386283,1126.85,79.88228259459629,56.24476439001153,14.003245101449993,3.9762162196124136,15.97770537787121,0.3210704910086915,1.0,0.6794113799753791,1.0,0.9885098200787855,0.6794113799753791,0,nominal,0.0,0.0,0.0,0.0,0.0,0.0,0.0,0.0,0.0,0.0,0.0,0.0
11450,2376.4406134185483,84.58546677116556,1126.85,79.87875043253246,56.25034705776567,14.003245101449993,3.9760949720615897,15.977218166528099,0.3210704910086915,1.0,0.6795213546541693,1.0,0.9885098200787855,0.6795213546541693,0,nominal,0.0,0.0,0.0,0.0,0.0,0.0,0.0,0.0,0.0,0.0,0.0,0.0
11500,2376.4406134185483,84.57807166182732,1126.85,79.87521939455917,56.2559286389991,14.003245101449993,3.9759737459835414,15.976731041469455,0.3210704910086915,1.0,0.6796313079292556,1.0,0.9885098200787855,0.6796313079292556,0,nominal,0.0,0.0,0.0,0.0,0.0,0.0,0.0,0.0,0.0,0.0,0.0,0.0
11550,2376.4406134185483,84.57067919490453,1126.85,79.87168948050805,56.26150913326733,14.003245101449993,3.9758525413858172,15.976244002725604,0.3210704910086915,1.0,0.6797412397918824,1.0,0.9885098200787855,0.6797412397918824,0,nominal,0.0,0.0,0.0,0.0,0.0,0.0,0.0,0.0,0.0,0.0,0.0,0.0
11600,2376.4406134185483,84.56328936945397,1126.85,79.86816069021046,56.26708854012619,14.003245101449993,3.975731358275957,15.975757050326845,0.3210704910086915,1.0,0.6798511502332993,1.0,0.9885098200787855,0.6798511502332993,0,nominal,0.0,0.0,0.0,0.0,0.0,0.0,0.0,0.0,0.0,0.0,0.0,0.0
11650,2376.4406134185483,84.55590218453278,1126.85,79.86463302349756,56.27266685913209,14.003245101449993,3.9756101966614867,15.975270184303422,0.3210704910086915,1.0,0.6799610392447684,1.0,0.9885098200787855,0.6799610392447684,0,nominal,0.0,0.0,0.0,0.0,0.0,0.0,0.0,0.0,0.0,0.0,0.0,0.0
11700,2376.4406134185483,84.5485176391984,1126.85,79.8611064802003,56.27824408984178,14.003245101449993,3.9754890565499266,15.974783404685553,0.3210704910086915,1.0,0.6800709068175577,1.0,0.9885098200787855,0.6800709068175577,0,nominal,0.0,0.0,0.0,0.0,0.0,0.0,0.0,0.0,0.0,0.0,0.0,0.0
11750,2376.4406134185483,84.54113573250868,1126.85,79.85758106014947,56.28382023181257,14.003245101449993,3.9753679379487785,15.97429671150338,0.3210704910086915,1.0,0.6801807529429466,1.0,0.9885098200787855,0.6801807529429466,0,nominal,0.0,0.0,0.0,0.0,0.0,0.0,0.0,0.0,0.0,0.0,0.0,0.0
11800,2376.4406134185483,84.53375646352185,1126.85,79.85405676317566,56.28939528460206,14.003245101449993,3.9752468408655415,15.97381010478704,0.3210704910086915,1.0,0.6802905776122201,1.0,0.9885098200787855,0.6802905776122201,0,nominal,0.0,0.0,0.0,0.0,0.0,0.0,0.0,0.0,0.0,0.0,0.0,0.0
11850,2376.4406134185483,84.52637983129642,1126.85,79.8505335891092,56.2949692477682,14.003245101449993,3.975125765307704,15.973323584566625,0.3210704910086915,1.0,0.68040038081667,1.0,0.9885098200787855,0.68040038081667,0,nominal,0.0,0.0,0.0,0.0,0.0,0.0,0.0,0.0,0.0,0.0,0.0,0.0
11900,2376.4406134185483,84.51900583489123,1126.85,79.84701153778025,56.30054212086959,14.003245101449993,3.97500471128274,15.972837150872165,0.3210704910086915,1.0,0.6805101625476012,1.0,0.9885098200787855,0.6805101625476012,0,nominal,0.0,0.0,0.0,0.0,0.0,0.0,0.0,0.0,0.0,0.0,0.0,0.0
11950,2376.4406134185483,84.51163447336558,1126.85,79.84349060901877,56.30611390346514,14.003245101449993,3.9748836787981148,15.972350803733658,0.3210704910086915,1.0,0.6806199227963244,1.0,0.9885098200787855,0.6806199227963244,0,nominal,0.0,0.0,0.0,0.0,0.0,0.0,0.0,0.0,0.0,0.0,0.0,0.0
12000,2376.4406134185483,84.50426574577904,1126.85,79.83997080265453,56.31168459511416,14.003245101449993,3.9747626678612855,15.97186454318107,0.3210704910086915,1.0,0.6807296615541585,1.0,0.9885098200787855,0.6807296615541585,0,nominal,0.0,0.0,0.0,0.0,0.0,0.0,0.0,0.0,0.0,0.0,0.0,0.0
12050,2376.4406134185483,84.4968996511916,1126.85,79.83645211851712,56.31725419537647,14.003245101449993,3.9746416784796956,15.97137836924431,0.3210704910086915,1.0,0.6808393788124322,1.0,0.9885098200787855,0.6808393788124322,0,nominal,0.0,0.0,0.0,0.0,0.0,0.0,0.0,0.0,0.0,0.0,0.0,0.0
12100,2376.4406134185483,84.48953618866352,1126.85,79.83293455643587,56.322822703812164,14.003245101449993,3.974520710660783,15.970892281953269,0.3210704910086915,1.0,0.6809490745624796,1.0,0.9885098200787855,0.6809490745624796,0,nominal,0.0,0.0,0.0,0.0,0.0,0.0,0.0,0.0,0.0,0.0,0.0,0.0
12150,2376.4406134185483,84.48217535725547,1126.85,79.82941811623994,56.32839011998195,14.003245101449993,3.9743997644119693,15.970406281337766,0.3210704910086915,1.0,0.6810587487956468,1.0,0.9885098200787855,0.6810587487956468,0,nominal,0.0,0.0,0.0,0.0,0.0,0.0,0.0,0.0,0.0,0.0,0.0,0.0
12200,2376.4406134185483,84.47481715602845,1126.85,79.82590279775826,56.3339564434468,14.003245101449993,3.9742788397406716,15.969920367427607,0.3210704910086915,1.0,0.6811684015032855,1.0,0.9885098200787855,0.6811684015032855,0,nominal,0.0,0.0,0.0,0.0,0.0,0.0,0.0,0.0,0.0,0.0,0.0,0.0
12250,2376.4406134185483,84.4674615840438,1126.85,79.82238860081964,56.3395216737683,14.003245101449993,3.974157936654291,15.96943454025253,0.3210704910086915,1.0,0.6812780326767591,1.0,0.9885098200787855,0.6812780326767591,0,nominal,0.0,0.0,0.0,0.0,0.0,0.0,0.0,0.0,0.0,0.0,0.0,0.0
12300,2376.4406134185483,84.46010864036322,1126.85,79.81887552525257,56.34508581050828,14.003245101449993,3.974037055160223,15.968948799842256,0.3210704910086915,1.0,0.681387642307436,1.0,0.9885098200787855,0.681387642307436,0,nominal,0.0,0.0,0.0,0.0,0.0,0.0,0.0,0.0,0.0,0.0,0.0,0.0
12350,2376.4406134185483,84.45275832404877,1126.85,79.8153635708855,56.35064885322912,14.003245101449993,3.9739161952658497,15.968463146226446,0.3210704910086915,1.0,0.6814972303866954,1.0,0.9885098200787855,0.6814972303866954,0,nominal,0.0,0.0,0.0,0.0,0.0,0.0,0.0,0.0,0.0,0.0,0.0,0.0
12400,2376.4406134185483,84.44541063416284,1126.85,79.81185273754653,56.35621080149346,14.003245101449993,3.9737953569785462,15.967977579434736,0.3210704910086915,1.0,0.6816067969059217,1.0,0.9885098200787855,0.6816067969059217,0,nominal,0.0,0.0,0.0,0.0,0.0,0.0,0.0,0.0,0.0,0.0,0.0,0.0
12450,2376.4406134185483,84.43806556976818,1126.85,79.8083430250636,56.36177165486458,14.003245101449993,3.973674540305675,15.96749209949671,0.3210704910086915,1.0,0.6817163418565119,1.0,0.9885098200787855,0.6817163418565119,0,nominal,0.0,0.0,0.0,0.0,0.0,0.0,0.0,0.0,0.0,0.0,0.0,0.0
12500,2376.4406134185483,84.43072312992797,1126.85,79.80483443326455,56.367331412906125,14.003245101449993,3.9735537452545864,15.967006706441907,0.3210704910086915,1.0,0.6818258652298697,1.0,0.9885098200787855,0.6818258652298697,0,nominal,0.0,0.0,0.0,0.0,0.0,0.0,0.0,0.0,0.0,0.0,0.0,0.0
12550,2376.4406134185483,84.42338331370559,1126.85,79.80132696197688,56.37289007518203,14.003245101449993,3.973432971832626,15.96652140029984,0.3210704910086915,1.0,0.6819353670174051,1.0,0.9885098200787855,0.6819353670174051,0,nominal,0.0,0.0,0.0,0.0,0.0,0.0,0.0,0.0,0.0,0.0,0.0,0.0
12600,2376.4406134185483,84.41604612016488,1126.85,79.79782061102799,56.37844764125678,14.003245101449993,3.973312220047124,15.966036181099968,0.3210704910086915,1.0,0.6820448472105389,1.0,0.9885098200787855,0.6820448472105389,0,nominal,0.0,0.0,0.0,0.0,0.0,0.0,0.0,0.0,0.0,0.0,0.0,0.0
12650,2376.4406134185483,84.40871154836998,1126.85,79.79431538024505,56.384004110695244,14.003245101449993,3.9731914899054033,15.965551048871713,0.3210704910086915,1.0,0.6821543058006995,1.0,0.9885098200787855,0.6821543058006995,0,nominal,0.0,0.0,0.0,0.0,0.0,0.0,0.0,0.0,0.0,0.0,0.0,0.0
12700,2376.4406134185483,84.40137959738541,1126.85,79.79081126945505,56.38955948306274,14.003245101449993,3.9730707814147754,15.965066003644457,0.3210704910086915,1.0,0.6822637427793233,1.0,0.9885098200787855,0.6822637427793233,0,nominal,0.0,0.0,0.0,0.0,0.0,0.0,0.0,0.0,0.0,0.0,0.0,0.0
12750,2376.4406134185483,84.394050266276,1126.85,79.78730827848477,56.395113757925024,14.003245101449993,3.9729500945825422,15.964581045447542,0.3210704910086915,1.0,0.6823731581378567,1.0,0.9885098200787855,0.6823731581378567,0,nominal,0.0,0.0,0.0,0.0,0.0,0.0,0.0,0.0,0.0,0.0,0.0,0.0
12800,2376.4406134185483,84.386723554107,1126.85,79.7838064071608,56.40066693484814,14.003245101449993,3.9728294294159943,15.964096174310262,0.3210704910086915,1.0,0.6824825518677506,1.0,0.9885098200787855,0.6824825518677506,0,nominal,0.0,0.0,0.0,0.0,0.0,0.0,0.0,0.0,0.0,0.0,0.0,0.0
12850,2376.4406134185483,84.3793994599439,1126.85,79.78030565530952,56.406219013398754,14.003245101449993,3.972708785922414,15.963611390261882,0.3210704910086915,1.0,0.682591923960469,1.0,0.9885098200787855,0.682591923960469,0,nominal,0.0,0.0,0.0,0.0,0.0,0.0,0.0,0.0,0.0,0.0,0.0,0.0
12900,2376.4406134185483,84.37207798285266,1126.85,79.77680602275711,56.41176999314382,14.003245101449993,3.9725881641090712,15.963126693331612,0.3210704910086915,1.0,0.6827012744074809,1.0,0.9885098200787855,0.6827012744074809,0,nominal,0.0,0.0,0.0,0.0,0.0,0.0,0.0,0.0,0.0,0.0,0.0,0.0
12950,2376.4406134185483,84.36475912189951,1126.85,79.77330750932964,56.4173198736508,14.003245101449993,3.972467563983227,15.96264208354863,0.3210704910086915,1.0,0.6828106032002655,1.0,0.9885098200787855,0.6828106032002655,0,nominal,0.0,0.0,0.0,0.0,0.0,0.0,0.0,0.0,0.0,0.0,0.0,0.0
13000,2376.4406134185483,84.35744287615108,1126.85,79.76981011485282,56.422868654487466,14.003245101449993,3.9723469855521323,15.962157560942073,0.3210704910086915,1.0,0.6829199103303085,1.0,0.9885098200787855,0.6829199103303085,0,nominal,0.0,0.0,0.0,0.0,0.0,0.0,0.0,0.0,0.0,0.0,0.0,0.0
13050,2376.4406134185483,84.35012924467429,1126.85,79.7663138391523,56.4284163352222,14.003245101449993,3.972226428823025,15.961673125541028,0.3210704910086915,1.0,0.6830291957891074,1.0,0.9885098200787855,0.6830291957891074,0,nominal,0.0,0.0,0.0,0.0,0.0,0.0,0.0,0.0,0.0,0.0,0.0,0.0
13100,2376.4406134185483,84.34281822653645,1126.85,79.76281868205353,56.433962915423635,14.003245101449993,3.9721058938031377,15.961188777374552,0.3210704910086915,1.0,0.6831384595681642,1.0,0.9885098200787855,0.6831384595681642,0,nominal,0.0,0.0,0.0,0.0,0.0,0.0,0.0,0.0,0.0,0.0,0.0,0.0
13150,2376.4406134185483,84.33550982080521,1126.85,79.75932464338166,56.43950839466081,14.003245101449993,3.9719853804996905,15.960704516471663,0.3210704910086915,1.0,0.6832477016589897,1.0,0.9885098200787855,0.6832477016589897,0,nominal,0.0,0.0,0.0,0.0,0.0,0.0,0.0,0.0,0.0,0.0,0.0,0.0
13200,2376.4406134185483,84.32820402654858,1126.85,79.75583172296177,56.44505277250343,14.003245101449993,3.9718648889198906,15.96022034286132,0.3210704910086915,1.0,0.6833569220531068,1.0,0.9885098200787855,0.6833569220531068,0,nominal,0.0,0.0,0.0,0.0,0.0,0.0,0.0,0.0,0.0,0.0,0.0,0.0
13250,2376.4406134185483,84.32090084283487,1126.85,79.75233992061868,56.45059604852133,14.003245101449993,3.9717444190709386,15.959736256572455,0.3210704910086915,1.0,0.683466120742042,1.0,0.9885098200787855,0.683466120742042,0,nominal,0.0,0.0,0.0,0.0,0.0,0.0,0.0,0.0,0.0,0.0,0.0,0.0
13300,2376.4406134185483,84.31360026873278,1126.85,79.74884923617702,56.45613822228498,14.003245101449993,3.971623970960023,15.959252257633958,0.3210704910086915,1.0,0.6835752977173339,1.0,0.9885098200787855,0.6835752977173339,0,nominal,0.0,0.0,0.0,0.0,0.0,0.0,0.0,0.0,0.0,0.0,0.0,0.0
13350,2376.4406134185483,84.30630230331133,1126.85,79.74535966946127,56.46167929336513,14.003245101449993,3.9715035445943245,15.95876834607468,0.3210704910086915,1.0,0.6836844529705265,1.0,0.9885098200787855,0.6836844529705265,0,nominal,0.0,0.0,0.0,0.0,0.0,0.0,0.0,0.0,0.0,0.0,0.0,0.0
13400,2376.4406134185483,84.29900694563992,1126.85,79.74187122029565,56.46721926133303,14.003245101449993,3.9713831399810107,15.958284521923423,0.3210704910086915,1.0,0.6837935864931735,1.0,0.9885098200787855,0.6837935864931735,0,nominal,0.0,0.0,0.0,0.0,0.0,0.0,0.0,0.0,0.0,0.0,0.0,0.0
13450,2376.4406134185483,84.29171419478831,1126.85,79.73838388850425,56.47275812576036,14.003245101449993,3.9712627571272408,15.957800785208956,0.3210704910086915,1.0,0.6839026982768374,1.0,0.9885098200787855,0.6839026982768374,0,nominal,0.0,0.0,0.0,0.0,0.0,0.0,0.0,0.0,0.0,0.0,0.0,0.0
13500,2376.4406134185483,84.28442404982655,1126.85,79.73489767391095,56.478295886219136,14.003245101449993,3.971142396040163,15.957317135960004,0.3210704910086915,1.0,0.6840117883130873,1.0,0.9885098200787855,0.6840117883130873,0,nominal,0.0,0.0,0.0,0.0,0.0,0.0,0.0,0.0,0.0,0.0,0.0,0.0
13550,2376.4406134185483,84.27713650982508,1126.85,79.73141257633944,56.483832542281874,14.003245101449993,3.9710220567269165,15.956833574205254,0.3210704910086915,1.0,0.684120856593502,1.0,0.9885098200787855,0.684120856593502,0,nominal,0.0,0.0,0.0,0.0,0.0,0.0,0.0,0.0,0.0,0.0,0.0,0.0
13600,2376.4406134185483,84.26985157385468,1126.85,79.72792859561321,56.4893680935215,14.003245101449993,3.9709017391946295,15.956350099973346,0.3210704910086915,1.0,0.6842299031096685,1.0,0.9885098200787855,0.6842299031096685,0,nominal,0.0,0.0,0.0,0.0,0.0,0.0,0.0,0.0,0.0,0.0,0.0,0.0
13650,2376.4406134185483,84.26256924098647,1126.85,79.72444573155553,56.494902539511344,14.003245101449993,3.9707814434504196,15.955866713292885,0.3210704910086915,1.0,0.6843389278531816,1.0,0.9885098200787855,0.6843389278531816,0,nominal,0.0,0.0,0.0,0.0,0.0,0.0,0.0,0.0,0.0,0.0,0.0,0.0
13700,2376.4406134185483,84.2552895102919,1126.85,79.72096398398952,56.50043587982518,14.003245101449993,3.9706611695013954,15.955383414192431,0.3210704910086915,1.0,0.6844479308156451,1.0,0.9885098200787855,0.6844479308156451,0,nominal,0.0,0.0,0.0,0.0,0.0,0.0,0.0,0.0,0.0,0.0,0.0,0.0
13750,2376.4406134185483,84.24801238084285,1126.85,79.7174833527381,56.50596811403722,14.003245101449993,3.970540917354654,15.954900202700507,0.3210704910086915,1.0,0.6845569119886712,1.0,0.9885098200787855,0.6845569119886712,0,nominal,0.0,0.0,0.0,0.0,0.0,0.0,0.0,0.0,0.0,0.0,0.0,0.0
13800,2376.4406134185483,84.2407378517114,1126.85,79.71400383762403,56.51149924172199,14.003245101449993,3.9704206870172833,15.954417078845594,0.3210704910086915,1.0,0.6846658713638782,1.0,0.9885098200787855,0.6846658713638782,0,nominal,0.0,0.0,0.0,0.0,0.0,0.0,0.0,0.0,0.0,0.0,0.0,0.0
13850,2376.4406134185483,84.2334659219701,1126.85,79.7105254384698,56.51702926245459,14.003245101449993,3.9703004784963607,15.953934042656128,0.3210704910086915,1.0,0.684774808932896,1.0,0.9885098200787855,0.684774808932896,0,nominal,0.0,0.0,0.0,0.0,0.0,0.0,0.0,0.0,0.0,0.0,0.0,0.0
13900,2376.4406134185483,84.22619659069181,1126.85,79.70704815509777,56.522558175810495,14.003245101449993,3.970180291798953,15.953451094160508,0.3210704910086915,1.0,0.6848837246873617,1.0,0.9885098200787855,0.6848837246873617,0,nominal,0.0,0.0,0.0,0.0,0.0,0.0,0.0,0.0,0.0,0.0,0.0,0.0
13950,2376.4406134185483,84.21892985694973,1126.85,79.70357198733012,56.52808598136552,14.003245101449993,3.970060126932118,15.952968233387095,0.3210704910086915,1.0,0.6849926186189194,1.0,0.9885098200787855,0.6849926186189194,0,nominal,0.0,0.0,0.0,0.0,0.0,0.0,0.0,0.0,0.0,0.0,0.0,0.0
14000,2376.4406134185483,84.21166571981735,1126.85,79.70009693498884,56.53361267869598,14.003245101449993,3.969939983902902,15.952485460364203,0.3210704910086915,1.0,0.6851014907192224,1.0,0.9885098200787855,0.6851014907192224,0,nominal,0.0,0.0,0.0,0.0,0.0,0.0,0.0,0.0,0.0,0.0,0.0,0.0
14050,2376.4406134185483,84.20440417836863,1126.85,79.6966229978957,56.539138267378554,14.003245101449993,3.9698198627183436,15.952002775120114,0.3210704910086915,1.0,0.6852103409799318,1.0,0.9885098200787855,0.6852103409799318,0,nominal,0.0,0.0,0.0,0.0,0.0,0.0,0.0,0.0,0.0,0.0,0.0,0.0
14100,2376.4406134185483,84.19714523167778,1126.85,79.69315017587229,56.544662746990326,14.003245101449993,3.9696997633854707,15.951520177683069,0.3210704910086915,1.0,0.6853191693927164,1.0,0.9885098200787855,0.6853191693927164,0,nominal,0.0,0.0,0.0,0.0,0.0,0.0,0.0,0.0,0.0,0.0,0.0,0.0
14150,2376.4406134185483,84.18988887881937,1126.85,79.68967846874006,56.55018611710894,14.003245101449993,3.969579685911297,15.95103766808125,0.3210704910086915,1.0,0.6854279759492562,1.0,0.9885098200787855,0.6854279759492562,0,nominal,0.0,0.0,0.0,0.0,0.0,0.0,0.0,0.0,0.0,0.0,0.0,0.0
14200,2376.4406134185483,84.18263511886835,1126.85,79.68620787632017,56.555708377312286,14.003245101449993,3.969459630302833,15.95055524634283,0.3210704910086915,1.0,0.6855367606412357,1.0,0.9885098200787855,0.6855367606412357,0,nominal,0.0,0.0,0.0,0.0,0.0,0.0,0.0,0.0,0.0,0.0,0.0,0.0
14250,2376.4406134185483,84.17538395089997,1126.85,79.68273839843368,56.56122952717881,14.003245101449993,3.9693395965670706,15.950072912495905,0.3210704910086915,1.0,0.6856455234603507,1.0,0.9885098200787855,0.6856455234603507,0,nominal,0.0,0.0,0.0,0.0,0.0,0.0,0.0,0.0,0.0,0.0,0.0,0.0
14300,2376.4406134185483,84.16813537398986,1126.85,79.67927003490149,56.56674956628731,14.003245101449993,3.969219584711001,15.949590666568563,0.3210704910086915,1.0,0.6857542643983039,1.0,0.9885098200787855,0.6857542643983039,0,nominal,0.0,0.0,0.0,0.0,0.0,0.0,0.0,0.0,0.0,0.0,0.0,0.0
14350,2376.4406134185483,84.16088938721396,1126.85,79.67580278554419,56.57226849421692,14.003245101449993,3.9690995947415986,15.949108508588836,0.3210704910086915,1.0,0.6858629834468044,1.0,0.9885098200787855,0.6858629834468044,0,nominal,0.0,0.0,0.0,0.0,0.0,0.0,0.0,0.0,0.0,0.0,0.0,0.0
14400,2376.4406134185483,84.15364598964862,1126.85,79.67233665018227,56.57778631054744,14.003245101449993,3.968979626665829,15.948626438584709,0.3210704910086915,1.0,0.6859716805975746,1.0,0.9885098200787855,0.6859716805975746,0,nominal,0.0,0.0,0.0,0.0,0.0,0.0,0.0,0.0,0.0,0.0,0.0,0.0
14450,2376.4406134185483,84.14640518037044,1126.85,79.66887162863605,56.58330301485886,14.003245101449993,3.9688596804906493,15.94814445658414,0.3210704910086915,1.0,0.6860803558423406,1.0,0.9885098200787855,0.6860803558423406,0,nominal,0.0,0.0,0.0,0.0,0.0,0.0,0.0,0.0,0.0,0.0,0.0,0.0
14500,2376.4406134185483,84.13916695845643,1126.85,79.66540772072563,56.58881860673172,14.003245101449993,3.968739756223005,15.947662562615037,0.3210704910086915,1.0,0.6861890091728392,1.0,0.9885098200787855,0.6861890091728392,0,nominal,0.0,0.0,0.0,0.0,0.0,0.0,0.0,0.0,0.0,0.0,0.0,0.0
14550,2376.4406134185483,84.13193132298397,1126.85,79.6619449262709,56.5943330857468,14.003245101449993,3.9686198538698347,15.947180756705283,0.3210704910086915,1.0,0.6862976405808123,1.0,0.9885098200787855,0.6862976405808123,0,nominal,0.0,0.0,0.0,0.0,0.0,0.0,0.0,0.0,0.0,0.0,0.0,0.0
14600,2376.4406134185483,84.12469827303067,1126.85,79.65848324509165,56.599846451485554,14.003245101449993,3.9684999734380613,15.946699038882697,0.3210704910086915,1.0,0.6864062500580147,1.0,0.9885098200787855,0.6864062500580147,0,nominal,0.0,0.0,0.0,0.0,0.0,0.0,0.0,0.0,0.0,0.0,0.0,0.0
14650,2376.4406134185483,84.11746780767464,1126.85,79.65502267700737,56.605358703529596,14.003245101449993,3.9683801149346047,15.946217409175082,0.3210704910086915,1.0,0.6865148375962046,1.0,0.9885098200787855,0.6865148375962046,0,nominal,0.0,0.0,0.0,0.0,0.0,0.0,0.0,0.0,0.0,0.0,0.0,0.0
14700,2376.4406134185483,84.11023992599416,1126.85,79.65156322183748,56.610869841461195,14.003245101449993,3.9682602783663667,15.945735867610177,0.3210704910086915,1.0,0.6866234031871526,1.0,0.9885098200787855,0.6866234031871526,0,nominal,0.0,0.0,0.0,0.0,0.0,0.0,0.0,0.0,0.0,0.0,0.0,0.0
14750,2376.4406134185483,84.10301462706803,1126.85,79.6481048794011,56.61637986486287,14.003245101449993,3.9681404637402466,15.945254414215698,0.3210704910086915,1.0,0.6867319468226352,1.0,0.9885098200787855,0.6867319468226352,0,nominal,0.0,0.0,0.0,0.0,0.0,0.0,0.0,0.0,0.0,0.0,0.0,0.0
14800,2376.4406134185483,84.09579190997522,1126.85,79.64464764951725,56.62188877331768,14.003245101449993,3.968020671063128,15.944773049019311,0.3210704910086915,1.0,0.6868404684944385,1.0,0.9885098200787855,0.6868404684944385,0,nominal,0.0,0.0,0.0,0.0,0.0,0.0,0.0,0.0,0.0,0.0,0.0,0.0
14850,2376.4406134185483,84.0885717737952,1126.85,79.64119153200477,56.62739656640903,14.003245101449993,3.967900900341886,15.944291772048643,0.3210704910086915,1.0,0.6869489681943561,1.0,0.9885098200787855,0.6869489681943561,0,nominal,0.0,0.0,0.0,0.0,0.0,0.0,0.0,0.0,0.0,0.0,0.0,0.0
14900,2376.4406134185483,84.08135421760767,1126.85,79.63773652668226,56.63290324372069,14.003245101449993,3.967781151583389,15.943810583331292,0.3210704910086915,1.0,0.6870574459141884,1.0,0.9885098200787855,0.6870574459141884,0,nominal,0.0,0.0,0.0,0.0,0.0,0.0,0.0,0.0,0.0,0.0,0.0,0.0
14950,2376.4406134185483,84.07413924049274,1126.85,79.63428263336817,56.63840880483696,14.003245101449993,3.9676614247944917,15.9433294828948,0.3210704910086915,1.0,0.6871659016457464,1.0,0.9885098200787855,0.6871659016457464,0,nominal,0.0,0.0,0.0,0.0,0.0,0.0,0.0,0.0,0.0,0.0,0.0,0.0
15000,2376.4406134185483,84.0669268415308,1126.85,79.63082985188078,56.643913249342546,14.003245101449993,3.967541719982039,15.942848470766675,0.3210704910086915,1.0,0.6872743353808494,1.0,0.9885098200787855,0.6872743353808494,0,nominal,0.0,0.0,0.0,0.0,0.0,0.0,0.0,0.0,0.0,0.0,0.0,0.0
15050,2377.986148382287,84.05975543339702,1126.85,79.62741393131626,56.64941657682252,14.003245101449993,3.990004848879455,16.033112489513382,0.3219484822102131,1.0,0.687382747111323,1.0,0.9885098200787855,0.687382747111323,0,nominal,0.0,0.0,0.0,0.0,0.0,0.0,0.0,0.0,0.0,0.0,0.0,0.0
15100,2380.857524122271,84.05263227487046,1126.85,79.62405243341288,56.69127108524564,14.003245101449993,4.014854637128295,16.122481497104054,0.323109564746873,1.0,0.6882072518682713,1.0,0.9885098200787855,0.6882072518682713,0,nominal,0.0,0.0,0.0,0.0,0.0,0.0,0.0,0.0,0.0,0.0,0.0,0.0
15150,2384.866424382587,84.0455637081962,1126.85,79.62076053269453,56.76426869352714,14.003245101449993,4.04181674527519,16.211178726101036,0.32451610628245586,1.0,0.6896452540702204,1.0,0.9885098200787855,0.6896452540702204,0,nominal,0.0,0.0,0.0,0.0,0.0,0.0,0.0,0.0,0.0,0.0,0.0,0.0
15200,2389.8514283696545,84.03855529018335,1126.85,79.61755136780062,56.86393475425829,14.003245101449993,4.070653117432761,16.299392501689024,0.32613598809697264,1.0,0.6916086062699017,1.0,0.9885098200787855,0.6916086062699017,0,nominal,0.0,0.0,0.0,0.0,0.0,0.0,0.0,0.0,0.0,0.0,0.0,0.0
15250,2395.67416863387,84.03161190411981,1126.85,79.61443633887376,56.9864253619547,14.003245101449993,4.10115751865824,16.387282081503276,0.3279417668219728,1.0,0.6940215861980419,1.0,0.9885098200787855,0.6940215861980419,0,nominal,0.0,0.0,0.0,0.0,0.0,0.0,0.0,0.0,0.0,0.0,0.0,0.0
15300,2402.216037823487,84.02473785543447,1126.85,79.61142535985647,57.12843855715026,14.003245101449993,4.133151534722129,16.47498243070333,0.3299099718578198,1.0,0.6968191475456619,1.0,0.9885098200787855,0.6968191475456619,0,nominal,0.0,0.0,0.0,0.0,0.0,0.0,0.0,0.0,0.0,0.0,0.0,0.0
15350,2409.3753659004656,84.01793695356156,1126.85,79.60852707295948,57.287137717999144,14.003245101449993,4.166481013534701,16.562608145853275,0.3320205144896844,1.0,0.6999454108318246,1.0,0.9885098200787855,0.6999454108318246,0,nominal,0.0,0.0,0.0,0.0,0.0,0.0,0.0,0.0,0.0,0.0,0.0,0.0
15400,2417.065000609484,84.01121258206757,1126.85,79.60574903129225,57.460085568036014,14.003245101449993,4.201012918188715,16.650256694380015,0.3342561894259553,1.0,0.7033523634023292,1.0,0.9885098200787855,0.7033523634023292,0,nominal,0.0,0.0,0.0,0.0,0.0,0.0,0.0,0.0,0.0,0.0,0.0,0.0
15450,2425.210233592564,84.00456775877637,1126.85,79.60309785461891,57.64518738955794,14.003245101449993,4.236632557039611,16.73801110057573,0.33660225316624676,1.0,0.7069987407727609,1.0,0.9885098200787855,0.7069987407727609,0,nominal,0.0,0.0,0.0,0.0,0.0,0.0,0.0,0.0,0.0,0.0,0.0,0.0
15500,2433.747022771406,83.99800518735867,1126.85,79.60057936237081,57.84064219499509,14.003245101449993,4.273241154801033,16.825942181585614,0.3390460665081111,1.0,0.7108490647383936,1.0,0.9885098200787855,0.7108490647383936,0,nominal,0.0,0.0,0.0,0.0,0.0,0.0,0.0,0.0,0.0,0.0,0.0,0.0
15550,2442.620468673524,83.99152730162632,1126.85,79.59819868736713,58.04490076303782,14.003245101449993,4.310753729143124,16.914110415560405,0.3415767908031775,1.0,0.7148728167150296,1.0,0.9885098200787855,0.7148728167150296,0,nominal,0.0,0.0,0.0,0.0,0.0,0.0,0.0,0.0,0.0,0.0,0.0,0.0
15600,2451.783508424525,83.98513630358491,1126.85,79.5959603731385,58.256629587496086,14.003245101449993,4.349097238971206,17.00256750764411,0.3441851294111616,1.0,0.7190437275565592,1.0,0.9885098200787855,0.7190437275565592,0,nominal,0.0,0.0,0.0,0.0,0.0,0.0,0.0,0.0,0.0,0.0,0.0,0.0
15650,2461.1957963114205,83.97883419614016,1126.85,79.59386845728898,58.474679913313615,14.003245101449993,4.388208972915066,17.091357706580517,0.3468631072771489,1.0,0.7233391675859384,1.0,0.9885098200787855,0.7233391675859384,0,nominal,0.0,0.0,0.0,0.0,0.0,0.0,0.0,0.0,0.0,0.0,0.0,0.0
15700,2470.8227442639977,83.97262281122079,1126.85,79.5919265429522,58.69806114591346,14.003245101449993,4.428035149229805,17.1805189146051,0.3496038827521591,1.0,0.7277396227777566,1.0,0.9885098200787855,0.7277396227777566,0,nominal,0.0,0.0,0.0,0.0,0.0,0.0,0.0,0.0,0.0,0.0,0.0,0.0
15750,2480.6346994088512,83.96650383396889,1126.85,79.59013786008018,58.92591801796091,14.003245101449993,4.4685297010744485,17.270083625301783,0.3524015867491159,1.0,0.7322282449593203,1.0,0.9885098200787855,0.7322282449593203,0,nominal,0.0,0.0,0.0,0.0,0.0,0.0,0.0,0.0,0.0,0.0,0.0,0.0
15800,2490.6062391143014,83.9604788235539,1126.85,79.58850531804029,59.157510982921295,14.003245101449993,4.509653223852008,17.36007971776067,0.35525118512202764,1.0,0.7367904655773527,1.0,0.9885098200787855,0.7367904655773527,0,nominal,0.0,0.0,0.0,0.0,0.0,0.0,0.0,0.0,0.0,0.0,0.0,0.0
15850,2500.715566741826,83.9545492310861,1126.85,79.58703155077347,59.392199378787254,14.003245101449993,4.551372063878654,17.450531130306203,0.3581483608109744,1.0,0.7414136640351116,1.0,0.9885098200787855,0.7414136640351116,0,nominal,0.0,0.0,0.0,0.0,0.0,0.0,0.0,0.0,0.0,0.0,0.0,0.0
15900,2510.9439937173906,83.94871641503704,1126.85,79.58571895558077,59.629426969372204,14.003245101449993,4.593657530051817,17.541458432994176,0.36108941283710266,1.0,0.7460868828659079,1.0,0.9885098200787855,0.7460868828659079,0,nominal,0.0,0.0,0.0,0.0,0.0,0.0,0.0,0.0,0.0,0.0,0.0,0.0
15950,2521.2754955912956,83.94298165451619,1126.85,79.58456972644842,59.86870952584408,14.003245101449993,4.636485212384311,17.632879314786333,0.36407116968186704,1.0,0.7508005830979432,1.0,0.9885098200787855,0.7508005830979432,0,nominal,0.0,0.0,0.0,0.0,0.0,0.0,0.0,0.0,0.0,0.0,0.0,0.0
16000,2531.6963315167873,83.93734616070361,1126.85,79.58358588268806,60.10962415883503,14.003245101449993,4.679834393257701,17.724808998639332,0.3670909149603371,1.0,0.7555464341042769,1.0,0.9885098200787855,0.7555464341042769,0,nominal,0.0,0.0,0.0,0.0,0.0,0.0,0.0,0.0,0.0,0.0,0.0,0.0
16050,2542.194718087636,83.93181108669614,1126.85,79.58276929355662,60.351800152518194,14.003245101449993,4.723687539026611,17.817260595561052,0.37014632361300287,1.0,0.7603171330405025,1.0,0.9885098200787855,0.7603171330405025,0,nominal,0.0,0.0,0.0,0.0,0.0,0.0,0.0,0.0,0.0,0.0,0.0,0.0
16100,2552.760549769149,83.92637753598751,1126.85,79.58212169942391,60.594911087377184,14.003245101449993,4.768029861187346,17.910245406895775,0.37323540710499553,1.0,0.7651062496687755,1.0,0.9885098200787855,0.7651062496687755,0,nominal,0.0,0.0,0.0,0.0,0.0,0.0,0.0,0.0,0.0,0.0,0.0,0.0
16150,2563.385159266436,83.92104656977307,1126.85,79.58164472997498,60.83866806879653,14.003245101449995,4.8128489377226344,18.003773182621565,0.3763564663446505,1.0,0.7699080929657466,0.9999999999999997,0.9885098200787855,0.7699080929657466,0,nominal,0.0,0.0,0.0,0.0,0.0,0.0,0.0,0.0,0.0,0.0,0.0,0.0
16200,2574.061112124641,83.91581921324212,1126.85,79.58133991986466,61.082813904749386,14.003245101449993,4.85813438646513,18.09785234221852,0.37950805122190173,1.0,0.7747175964270518,1.0,0.9885098200787855,0.7747175964270518,0,nominal,0.0,0.0,0.0,0.0,0.0,0.0,0.0,0.0,0.0,0.0,0.0,0.0
16250,2584.78203067088,83.91069646099828,1126.85,79.58120872218177,61.32711809834595,14.003245101449995,4.903877583401968,18.192490163648515,0.3826889258268254,1.0,0.7795302194239926,0.9999999999999997,0.9885098200787855,0.7795302194239926,0,nominal,0.0,0.0,0.0,0.0,0.0,0.0,0.0,0.0,0.0,0.0,0.0,0.0
16300,2595.5424431062406,83.90567928172914,1126.85,79.58125252003043,61.57137254034467,14.003245101449993,4.950071419786413,18.2876929451365,0.3858980385443969,1.0,0.7843418623489976,1.0,0.9885098200787855,0.7843418623489976,0,nominal,0.0,0.0,0.0,0.0,0.0,0.0,0.0,0.0,0.0,0.0,0.0,0.0
16350,2606.337654155008,83.90076862222884,1126.85,79.58147263649255,61.81538780336171,14.003245101449993,4.99671009274597,18.38346614373124,0.38913449633704583,1.0,0.789148793614122,1.0,0.9885098200787855,0.789148793614122,0,nominal,0.0,0.0,0.0,0.0,0.0,0.0,0.0,0.0,0.0,0.0,0.0,0.0
16400,2617.1636341915287,83.8959654108636,1126.85,79.58187034319735,62.0589899538209,14.003245101449993,5.043788924792916,18.479814494025035,0.39239754262505816,1.0,0.7939475868486751,1.0,0.9885098200787855,0.7939475868486751,0,nominal,0.0,0.0,0.0,0.0,0.0,0.0,0.0,0.0,0.0,0.0,0.0,0.0
16450,2628.0169242050847,83.8912705605569,1126.85,79.58244686769302,62.30201780999948,14.003245101449993,5.091304208265796,18.576742109907457,0.39568653825891215,1.0,0.7987350668846244,1.0,0.9885098200787855,0.7987350668846244,0,nominal,0.0,0.0,0.0,0.0,0.0,0.0,0.0,0.0,0.0,0.0,0.0,0.0
16500,2638.89455434022,83.88668497136103,1126.85,79.58320339978786,62.54432058512281,14.003245101449993,5.1392530712709235,18.674252571802892,0.39900094514946427,1.0,0.8035082633271988,1.0,0.9885098200787855,0.8035082633271988,0,nominal,0.0,0.0,0.0,0.0,0.0,0.0,0.0,0.0,0.0,0.0,0.0,0.0
16550,2649.793974073196,83.88220953267216,1126.85,79.58414109700453,62.78575586358282,14.003245101449993,5.187633362160926,18.772349001480286,0.4023403121833345,1.0,0.8082643706877962,1.0,0.9885098200787855,0.8082643706877962,0,nominal,0.0,0.0,0.0,0.0,0.0,0.0,0.0,0.0,0.0,0.0,0.0,0.0
16600,2660.71299236229,83.87784512513832,1126.85,79.58526108927117,63.026187866215444,14.003245101449991,5.236443549993123,18.871034126218973,0.40570426310346197,1.0,0.8130007142111543,0.9999999999999997,0.9885098200787855,0.8130007142111543,0,nominal,0.0,0.0,0.0,0.0,0.0,0.0,0.0,0.0,0.0,0.0,0.0,0.0
16650,2671.6497263471333,83.87359262230234,1126.85,79.58656448295596,63.26548596733917,14.003245101449993,5.285682638760967,18.97031033385374,0.40909248607988086,1.0,0.8177147206620384,1.0,0.9885098200787855,0.8177147206620384,0,nominal,0.0,0.0,0.0,0.0,0.0,0.0,0.0,0.0,0.0,0.0,0.0,0.0
16700,2682.602557375802,83.86945289201685,1126.85,79.58805236433653,63.50352343208297,14.003245101449993,5.335350093495293,19.070179720002344,0.412504724734433,1.0,0.8224038934514801,1.0,0.9885098200787855,0.8224038934514801,0,nominal,0.0,0.0,0.0,0.0,0.0,0.0,0.0,0.0,0.0,0.0,0.0,0.0
16750,2693.5700933128755,83.86542679766268,1126.85,79.58972580258268,63.74017634755006,14.003245101449991,5.385445776593775,19.170644128589736,0.4159407704163024,1.0,0.8270657915814433,0.9999999999999997,0.9885098200787855,0.8270657915814433,0,nominal,0.0,0.0,0.0,0.0,0.0,0.0,0.0,0.0,0.0,0.0,0.0,0.0
16800,2704.5511362311922,83.8615151991977,1126.85,79.5915858523208,63.97532272567111,14.003245101449991,5.435969892963429,19.271705186623265,0.4194004555537361,1.0,0.831698011971657,0.9999999999999997,0.9885098200787855,0.831698011971657,0,nominal,0.0,0.0,0.0,0.0,0.0,0.0,0.0,0.0,0.0,0.0,0.0,0.0
16850,2715.544654718222,83.85771895405941,1126.85,79.59363355583758,64.20884175929761,14.003245101449995,5.4869229427562525,19.373364334036467,0.4228836479317755,1.0,0.83629817480517,0.9999999999999997,0.9885098200787855,0.83629817480517,0,nominal,0.0,0.0,0.0,0.0,0.0,0.0,0.0,0.0,0.0,0.0,0.0,0.0
16900,2726.549760137846,83.85403891794198,1126.85,79.59586994497374,64.44061321624109,14.003245101449993,5.538305680646338,19.47562284930097,0.42639024576682083,1.0,0.840863911591345,1.0,0.9885098200787855,0.840863911591345,0,nominal,0.0,0.0,0.0,0.0,0.0,0.0,0.0,0.0,0.0,0.0,0.0,0.0
16950,2737.565686282505,83.8504759454645,1126.85,79.59829604275052,64.67051695864355,14.003245101449993,5.590119080742403,19.57848187140722,0.42992017346692324,1.0,0.8453928556977894,1.0,0.9885098200787855,0.8453928556977894,0,nominal,0.0,0.0,0.0,0.0,0.0,0.0,0.0,0.0,0.0,0.0,0.0,0.0
17000,2748.591771931389,83.84703089074577,1126.85,79.60091286476649,64.89843257731889,14.003245101449993,5.642364306354865,19.681942418728415,0.433473377982209,1.0,0.8498826351471355,1.0,0.9885098200787855,0.8498826351471355,0,nominal,0.0,0.0,0.0,0.0,0.0,0.0,0.0,0.0,0.0,0.0,0.0,0.0
17050,2759.6274458995445,83.84370460789842,1126.85,79.60372142039631,65.12423913257469,14.003245101449993,5.695042683944636,19.78600540520899,0.43704982566319045,1.0,0.8543308675114092,1.0,0.9885098200787855,0.8543308675114092,0,nominal,0.0,0.0,0.0,0.0,0.0,0.0,0.0,0.0,0.0,0.0,0.0,0.0
17100,2770.672214222065,83.84049795145364,1126.85,79.60672271381924,65.34781499454876,14.003245101449993,5.748155680673971,19.89067165425611,0.4406494995561912,1.0,0.8587351567667713,1.0,0.9885098200787855,0.8587351567667713,0,nominal,0.0,0.0,0.0,0.0,0.0,0.0,0.0,0.0,0.0,0.0,0.0,0.0
17150,2781.725649168371,83.83741177672579,1126.85,79.60991774490094,65.56903777729417,14.003245101449993,5.801704885060031,19.99594191065924,0.4442723970749897,1.0,0.8630930919950383,1.0,0.9885098200787855,0.8630930919950383,0,nominal,0.0,0.0,0.0,0.0,0.0,0.0,0.0,0.0,0.0,0.0,0.0,0.0
17200,2792.787379825154,83.83444694012547,1126.85,79.61330750994898,65.78778436175166,14.003245101449993,5.855691990300926,20.101816850816302,0.4479185279962697,1.0,0.8674022478362221,1.0,0.9885098200787855,0.8674022478362221,0,nominal,0.0,0.0,0.0,0.0,0.0,0.0,0.0,0.0,0.0,0.0,0.0,0.0
17250,2803.857084023906,83.83160429942802,1126.85,79.61689300235975,66.00393100337563,14.003245101449991,5.910118779903634,20.20829709150563,0.45158791273377524,1.0,0.8716601866086888,0.9999999999999997,0.9885098200787855,0.8716601866086888,0,nominal,0.0,0.0,0.0,0.0,0.0,0.0,0.0,0.0,0.0,0.0,0.0,0.0
17300,2814.9344814209626,83.82888471400366,1126.85,79.62067521317158,66.21735352054128,14.003245101449993,5.964987115294641,20.31538319740936,0.4552805808523532,1.0,0.8758644620206475,1.0,0.9885098200787855,0.8758644620206475,0,nominal,0.0,0.0,0.0,0.0,0.0,0.0,0.0,0.0,0.0,0.0,0.0,0.0
17350,2826.019327565434,83.82628904501439,1126.85,79.62465513153745,66.42792755998573,14.003245101449991,6.020298925138242,20.42307568756418,0.458996569788472,1.0,0.8800126243991557,0.9999999999999997,0.9885098200787855,0.8800126243991557,0,nominal,0.0,0.0,0.0,0.0,0.0,0.0,0.0,0.0,0.0,0.0,0.0,0.0
17400,2837.111408813908,83.82381815558256,1126.85,79.62883374512836,66.63552893542474,14.003245101449993,6.076056196125702,20.531375040891046,0.46273592374846245,1.0,0.8841022273606352,1.0,0.9885098200787855,0.8841022273606352,0,nominal,0.0,0.0,0.0,0.0,0.0,0.0,0.0,0.0,0.0,0.0,0.0,0.0
17450,2848.21053797097,83.82147291093452,1126.85,79.63321204047679,66.84003403517222,14.003245101449991,6.132260965031265,20.640281700933773,0.4664986927597294,1.0,0.8881308358406911,0.9999999999999997,0.9885098200787855,0.8881308358406911,0,nominal,0.0,0.0,0.0,0.0,0.0,0.0,0.0,0.0,0.0,0.0,0.0,0.0
17500,2859.316550551872,83.81925417852324,1126.85,79.63779100326872,67.04132029408707,14.003245101449993,6.188915311859255,20.749796079918,0.47028493185363096,1.0,0.8920960353911396,1.0,0.9885098200787855,0.8920960353911396,0,nominal,0.0,0.0,0.0,0.0,0.0,0.0,0.0,0.0,0.0,0.0,0.0,0.0
17550,2870.429301578475,83.81716282813272,1126.85,79.6425716185916,67.23926672450433,14.003245101449993,6.246021353930939,20.85991856222652,0.4740947003616895,1.0,0.895995442638981,1.0,0.9885098200787855,0.895995442638981,0,nominal,0.0,0.0,0.0,0.0,0.0,0.0,0.0,0.0,0.0,0.0,0.0,0.0
17600,2881.548662832308,83.81519973196617,1126.85,79.647554871144,67.43375450000981,14.003245101449991,6.3035812407807885,20.970649507373228,0.47792806130934934,1.0,0.8998267167863546,0.9999999999999997,0.9885098200787855,0.8998267167863546,0,nominal,0.0,0.0,0.0,0.0,0.0,0.0,0.0,0.0,0.0,0.0,0.0,0.0
17650,2892.6745204994413,83.81336576472091,1126.85,79.65274174541236,67.62466758502272,14.003245101449993,6.361597149749801,21.0819892525462,0.4817850808936979,1.0,0.9035875720128813,1.0,0.9885098200787855,0.9035875720128813,0,nominal,0.0,0.0,0.0,0.0,0.0,0.0,0.0,0.0,0.0,0.0,0.0,0.0
17700,2903.806773151223,83.81166180365148,1126.85,79.65813322581948,67.8118934021967,14.003245101449993,6.420071282179245,21.193938114781,0.4856658280334544,1.0,0.9072757906229986,1.0,0.9885098200787855,0.9072757906229986,0,nominal,0.0,0.0,0.0,0.0,0.0,0.0,0.0,0.0,0.0,0.0,0.0,0.0
17750,2914.945330012901,83.81008872862236,1126.85,79.66373029684888,67.99532352868272,14.003245101449995,6.479005860121437,21.306496392815937,0.4895703739811612,1.0,0.9108892367618566,0.9999999999999997,0.9885098200787855,0.9108892367618566,0,nominal,0.0,0.0,0.0,0.0,0.0,0.0,0.0,0.0,0.0,0.0,0.0,0.0
17800,2926.090109479027,83.8086474221522,1126.85,79.66953394314777,68.17485441136623,14.003245101449993,6.538403123495836,21.419664368674354,0.4934987919889136,1.0,0.9144258705049946,1.0,0.9885098200787855,0.9144258705049946,0,nominal,0.0,0.0,0.0,0.0,0.0,0.0,0.0,0.0,0.0,0.0,0.0,0.0
17850,2937.2410378403843,83.80733876945027,1126.85,79.67554514961233,68.35038809034533,14.003245101449993,6.598265327628707,21.533442309012393,0.4974511570201715,1.0,0.9178837621103575,1.0,0.9885098200787855,0.9178837621103575,0,nominal,0.0,0.0,0.0,0.0,0.0,0.0,0.0,0.0,0.0,0.0,0.0,0.0
17900,2948.3980481922463,83.80616365844634,1126.85,79.6817649014572,68.52183291920693,14.003245101449991,6.658594741122971,21.647830466265106,0.5014275455012305,1.0,0.9212611062072353,0.9999999999999997,0.9885098200787855,0.9212611062072353,0,nominal,0.0,0.0,0.0,0.0,0.0,0.0,0.0,0.0,0.0,0.0,0.0,0.0
17950,2959.5610794980653,83.80512297981505,1126.85,79.68819418427148,68.68910427013569,14.003245101449993,6.719393644012557,21.76282907961954,0.5054280351068298,1.0,0.9245562356864225,1.0,0.9885098200787855,0.9245562356864225,0,nominal,0.0,0.0,0.0,0.0,0.0,0.0,0.0,0.0,0.0,0.0,0.0,0.0
18000,2970.7300757863973,83.80421762699547,1126.85,79.69483398406334,68.85212521160008,14.003245101449993,6.780664326161652,21.878438375839064,0.5094527045751405,1.0,0.9277676350501602,1.0,0.9885098200787855,0.9277676350501602,0,nominal,0.0,0.0,0.0,0.0,0.0,0.0,0.0,0.0,0.0,0.0,0.0,0.0
18050,2980.303501176396,83.80338128355976,1126.85,79.7016227364291,69.01082714633883,14.003245101449993,6.8028957167125155,21.867644377623936,0.5119557173474376,1.0,0.9308939529800274,1.0,0.9885098200787855,0.9308939529800274,0,nominal,0.0,0.0,0.0,0.0,0.0,0.0,0.0,0.0,0.0,0.0,0.0,0.0
18100,2988.5092943678233,83.80260424178402,1126.85,79.70853818711595,69.14216986803402,14.003245101449993,6.821971558361779,21.858522020667216,0.5141046508211536,1.0,0.9334813134080474,1.0,0.9885098200787855,0.9334813134080474,0,nominal,0.0,0.0,0.0,0.0,0.0,0.0,0.0,0.0,0.0,0.0,0.0,0.0
18150,2995.5428313890466,83.80187816951957,1126.85,79.71556119274834,69.25098691287207,14.003245101449993,6.83835378010427,21.85085002946198,0.5159491603499915,1.0,0.9356249336412371,1.0,0.9885098200787855,0.9356249336412371,0,nominal,0.0,0.0,0.0,0.0,0.0,0.0,0.0,0.0,0.0,0.0,0.0,0.0
18200,3001.5715774072382,83.80119591676993,1126.85,79.72267529537248,69.34118751514919,14.003245101449993,6.85243534976988,21.844433937760822,0.5175320538718404,1.0,0.9374018228811071,1.0,0.9885098200787855,0.9374018228811071,0,nominal,0.0,0.0,0.0,0.0,0.0,0.0,0.0,0.0,0.0,0.0,0.0,0.0
18250,3006.73907399426,83.80055134903819,1126.85,79.72986635266636,69.4159441457415,14.003245101449993,6.8645509002657645,21.839103543756433,0.5188902047321002,1.0,0.938874476601315,1.0,0.9885098200787855,0.938874476601315,0,nominal,0.0,0.0,0.0,0.0,0.0,0.0,0.0,0.0,0.0,0.0,0.0,0.0
18300,3011.168356783135,83.7999392038634,1126.85,79.73712221723991,69.47784162266304,14.003245101449993,6.874985638989957,21.8347103863087,0.520055351470711,1.0,0.9400938139221352,1.0,0.9885098200787855,0.9400938139221352,0,nominal,0.0,0.0,0.0,0.0,0.0,0.0,0.0,0.0,0.0,0.0,0.0,0.0
18350,3014.9648848878855,83.79935496740643,1126.85,79.74443245901756,69.52899498396303,14.003245101449993,6.883982835684489,21.83112533029031,0.5210547961054547,1.0,0.941101499624697,1.0,0.9885098200787855,0.941101499624697,0,nominal,0.0,0.0,0.0,0.0,0.0,0.0,0.0,0.0,0.0,0.0,0.0,0.0
18400,3018.2190518348143,83.79879476834532,1126.85,79.75178812528395,69.57114244178618,14.003245101449993,6.89175012959717,21.828236312352033,0.5219120120239713,1.0,0.9419317752814351,1.0,0.9885098200787855,0.9419317752814351,0,nominal,0.0,0.0,0.0,0.0,0.0,0.0,0.0,0.0,0.0,0.0,0.0,0.0
18450,3021.0083377893247,83.79825528669659,1126.85,79.75918153354957,69.60571868888421,14.003245101449993,6.898464853040719,21.825946273310276,0.522647171910151,1.0,0.9426129033434719,1.0,0.9885098200787855,0.9426129033434719,0,nominal,0.0,0.0,0.0,0.0,0.0,0.0,0.0,0.0,0.0,0.0,0.0,0.0
18500,3023.399154321762,83.79773367549404,1126.85,79.76660609294095,69.63391281743552,14.003245101449993,6.904278533150485,21.824171286563136,0.5232776053022787,1.0,0.943168308101152,1.0,0.9885098200787855,0.943168308101152,0,nominal,0.0,0.0,0.0,0.0,0.0,0.0,0.0,0.0,0.0,0.0,0.0,0.0
18550,3025.4484256352803,83.79722749353454,1126.85,79.77405615032774,69.65671422466932,14.003245101449993,6.909320705132768,21.822838881009304,0.5238181944945038,1.0,0.9436174799929665,1.0,0.9885098200787855,0.9436174799929665,0,nominal,0.0,0.0,0.0,0.0,0.0,0.0,0.0,0.0,0.0,0.0,0.0,0.0
18600,3027.2049439040097,83.79673464764369,1126.85,79.78152685786324,69.6749491454198,14.003245101449993,6.9137021471936375,21.821886550120936,0.5242817166049695,1.0,0.9439766952715061,1.0,0.9885098200787855,0.9439766952715061,0,nominal,0.0,0.0,0.0,0.0,0.0,0.0,0.0,0.0,0.0,0.0,0.0,0.0
18650,3028.7105309914923,83.79625334312504,1126.85,79.78901405903298,69.68930986201545,14.003245101449993,6.91751762855298,21.821260434842422,0.5246791387778642,1.0,0.944259591418,1.0,0.9885098200787855,0.944259591418,0,nominal,0.0,0.0,0.0,0.0,0.0,0.0,0.0,0.0,0.0,0.0,0.0,0.0
18700,3030.0010342093346,83.79578204124158,1126.85,79.79651419067989,69.70037817784602,14.003245101449993,6.920848246616803,21.820914165950747,0.5250198726834052,1.0,0.9444776295552887,1.0,0.9885098200787855,0.9444776295552887,0,nominal,0.0,0.0,0.0,0.0,0.0,0.0,0.0,0.0,0.0,0.0,0.0,0.0
18750,3031.107179824628,83.79531942273769,1126.85,79.80402419880556,69.70864438039753,14.003245101449993,6.923763416819335,21.82080785077707,0.5253119937402225,1.0,0.9446404680064472,1.0,0.9885098200787855,0.9446404680064472,0,nominal,0.0,0.0,0.0,0.0,0.0,0.0,0.0,0.0,0.0,0.0,0.0,0.0
18800,3032.0553046377368,83.79486435654769,1126.85,79.81154146623999,69.71452264157935,14.003245101449993,6.926322568314506,21.82090718929943,0.525562429813262,1.0,0.9447562656705363,1.0,0.9885098200787855,0.9447562656705363,0,nominal,0.0,0.0,0.0,0.0,0.0,0.0,0.0,0.0,0.0,0.0,0.0,0.0
18850,3032.8679830489727,83.79441587295702,1126.85,79.81906375052796,69.71836358979473,14.003245101449993,6.9285765901654335,21.821182705254806,0.5257771235373789,1.0,0.9448319296836638,1.0,0.9885098200787855,0.9448319296836638,0,nominal,0.0,0.0,0.0,0.0,0.0,0.0,0.0,0.0,0.0,0.0,0.0,0.0
18900,3033.564564544318,83.79397314058451,1126.85,79.82658913060453,69.72046462471019,14.003245101449993,6.930569065611063,21.821609078867077,0.5259611718797795,1.0,0.9448733186127798,1.0,0.9885098200787855,0.9448733186127798,0,nominal,0.0,0.0,0.0,0.0,0.0,0.0,0.0,0.0,0.0,0.0,0.0,0.0
18950,3034.1616343974706,83.79353544664372,1126.85,79.83411596102746,69.72107842039838,14.003245101449993,6.932337326109413,21.82216456889221,0.5261189460793371,1.0,0.9448854099616876,1.0,0.9885098200787855,0.9448854099616876,0,nominal,0.0,0.0,0.0,0.0,0.0,0.0,0.0,0.0,0.0,0.0,0.0,0.0
19000,3034.6734085573157,83.7931021800174,1126.85,79.84164283270394,69.72041996638616,14.003245101449993,6.933913351951102,21.822830512845616,0.5262541946826642,1.0,0.9448724388748021,1.0,0.9885098200787855,0.9448724388748021,0,nominal,0.0,0.0,0.0,0.0,0.0,0.0,0.0,0.0,0.0,0.0,0.0,0.0
19050,3035.1120721228976,83.79267281674487,1126.85,79.84916853919617,69.71867242216618,14.003245101449993,6.935324542131076,21.82359089543225,0.5263701320304054,1.0,0.9448380134669633,1.0,0.9885098200787855,0.9448380134669633,0,nominal,0.0,0.0,0.0,0.0,0.0,0.0,0.0,0.0,0.0,0.0,0.0,0.0
19100,3035.488069464825,83.79224690757934,1126.85,79.85669204781794,69.71599200361976,14.003245101449991,6.93659437272008,21.824431976305412,0.5264695142272705,1.0,0.9447852110825753,0.9999999999999997,0.9885098200787855,0.9447852110825753,0,nominal,0.0,0.0,0.0,0.0,0.0,0.0,0.0,0.0,0.0,0.0,0.0,0.0
19150,3035.8103529007626,83.79182406732014,1126.85,79.86421247484418,69.71251207551292,14.003245101449993,6.937742960078174,21.825341969315247,0.5265547043507738,1.0,0.9447166589149348,1.0,0.9885098200787855,0.9447166589149348,0,nominal,0.0,0.0,0.0,0.0,0.0,0.0,0.0,0.0,0.0,0.0,0.0,0.0
19200,3036.086595845852,83.79140396566726,1126.85,79.87172906425042,69.70834658973125,14.003245101449993,6.938787542806819,21.826310766355135,0.5266277284117085,1.0,0.9446346017370733,1.0,0.9885098200787855,0.9446346017370733,0,nominal,0.0,0.0,0.0,0.0,0.0,0.0,0.0,0.0,0.0,0.0,0.0,0.0
19250,3036.3233755130714,83.79098631938103,1126.85,79.87924116948187,69.70359298190161,14.003245101449993,6.939742894269519,21.82732969977371,0.5266903233696908,1.0,0.9445409589631913,1.0,0.9885098200787855,0.9445409589631913,0,nominal,0.0,0.0,0.0,0.0,0.0,0.0,0.0,0.0,0.0,0.0,0.0,0.0
19300,3036.526329513545,83.79057088556084,1126.85,79.88674823782105,69.69833461777154,14.003245101449993,6.940621675761347,21.828391338090206,0.526743978325646,1.0,0.9444373728406359,1.0,0.9885098200787855,0.9444373728406359,0,nominal,0.0,0.0,0.0,0.0,0.0,0.0,0.0,0.0,0.0,0.0,0.0,0.0
19350,3036.70029008538,83.79015745588373,1126.85,79.89424979698487,69.69264286386785,14.003245101449993,6.94143473892366,21.829489310434894,0.5267899698563318,1.0,0.9443252492404367,1.0,0.9885098200787855,0.9443252492404367,0,nominal,0.0,0.0,0.0,0.0,0.0,0.0,0.0,0.0,0.0,0.0,0.0,0.0
19400,3036.8493991469527,83.78974585166537,1126.85,79.9017454436339,69.68657884352727,14.003245101449993,6.942191384740305,21.830618155741497,0.5268293923206656,1.0,0.94420579224989,1.0,0.9885098200787855,0.94420579224989,0,nominal,0.0,0.0,0.0,0.0,0.0,0.0,0.0,0.0,0.0,0.0,0.0,0.0
19450,3036.977206914015,83.7893359196263,1126.85,79.90923483352162,69.68019492863203,14.003245101449993,6.942899585380136,21.831773193250445,0.5268631838509785,1.0,0.9440800335587147,1.0,0.9885098200787855,0.9440800335587147,0,nominal,0.0,0.0,0.0,0.0,0.0,0.0,0.0,0.0,0.0,0.0,0.0,0.0
19500,3037.0867564286395,83.78892752826295,1126.85,79.9167176730495,69.6735360087071,14.003245101449995,6.943566174238429,21.832950411346605,0.5268921486418069,1.0,0.9439488574593867,0.9999999999999997,0.9885098200787855,0.9439488574593867,0,nominal,0.0,0.0,0.0,0.0,0.0,0.0,0.0,0.0,0.0,0.0,0.0,0.0
19550,3037.180656012604,83.78852056473693,1126.85,79.92419371202834,69.66664057200282,14.003245101449993,6.94419700875273,21.834146372161804,0.5269169760623442,1.0,0.9438130221437155,1.0,0.9885098200787855,0.9438130221437155,0,nominal,0.0,0.0,0.0,0.0,0.0,0.0,0.0,0.0,0.0,0.0,0.0,0.0
19600,3037.261141370287,83.78811493220849,1126.85,79.93166273747283,69.65954162744887,14.003245101449993,6.94479710990585,21.83535812972539,0.5269382570442518,1.0,0.9436731778646985,1.0,0.9885098200787855,0.9436731778646985,0,nominal,0.0,0.0,0.0,0.0,0.0,0.0,0.0,0.0,0.0,0.0,0.0,0.0
19650,3037.33012881973,83.78771054755106,1126.85,79.93912456828292,69.65226749166787,14.003245101449995,6.945370781763168,21.83658315975273,0.5269564981325471,1.0,0.9435298824401415,0.9999999999999997,0.9885098200787855,0.9435298824401415,0,nominal,0.0,0.0,0.0,0.0,0.0,0.0,0.0,0.0,0.0,0.0,0.0,0.0
19700,3037.3892609192526,83.7873073393921,1126.85,79.9465790506847,69.64484246136327,14.003245101449993,6.94592171390842,21.837819299427228,0.5269721335323053,1.0,0.9433836144982332,1.0,0.9885098200787855,0.9433836144982332,0,nominal,0.0,0.0,0.0,0.0,0.0,0.0,0.0,0.0,0.0,0.0,0.0,0.0
19750,3037.4399455759863,83.78690524643389,1126.85,79.95402605432275,69.6372873881927,14.003245101449995,6.946453069229478,21.83906469576071,0.5269855354366677,1.0,0.9432347848021525,0.9999999999999997,0.9885098200787855,0.9432347848021525,0,nominal,0.0,0.0,0.0,0.0,0.0,0.0,0.0,0.0,0.0,0.0,0.0,0.0
19800,3037.4833895674724,83.78650421601424,1126.85,79.96146546891089,69.62962017057724,14.003245101449991,6.946967559152925,21.8403177613159,0.5269970228810814,1.0,0.9430837459383675,0.9999999999999997,0.9885098200787855,0.9430837459383675,0,nominal,0.0,0.0,0.0,0.0,0.0,0.0,0.0,0.0,0.0,0.0,0.0,0.0
19850,3037.5206272744604,83.78610420287276,1126.85,79.96889720136141,69.62185617467308,14.003245101449993,6.947467508124617,21.84157713624535,0.5270068693338732,1.0,0.942930800609487,1.0,0.9885098200787855,0.942930800609487,0,nominal,0.0,0.0,0.0,0.0,0.0,0.0,0.0,0.0,0.0,0.0,0.0,0.0
19900,3037.5525453090213,83.78570516809339,1126.85,79.97632117332466,69.61400859487684,14.003245101449993,6.947954908875321,21.842841655748668,0.5270153092033514,1.0,0.9427762087359636,1.0,0.9885098200787855,0.9427762087359636,0,nominal,0.0,0.0,0.0,0.0,0.0,0.0,0.0,0.0,0.0,0.0,0.0,0.0
19950,3037.5799036243593,83.78530707819812,1126.85,79.98373731908026,69.60608876267047,14.003245101449995,6.948431469789734,21.844110322176796,0.527022543415981,1.0,0.9426201935401245,0.9999999999999997,0.9885098200787855,0.9426201935401245,0,nominal,0.0,0.0,0.0,0.0,0.0,0.0,0.0,0.0,0.0,0.0,0.0,0.0
20000,3037.603353608935,83.78490990436995,1126.85,79.99114558372975,69.59810641129882,14.003245101449993,6.948898655508349,21.84538228112164,0.5270287441981635,1.0,0.9424629467601354,1.0,0.9885098200787855,0.9424629467601354,0,nominal,0.0,0.0,0.0,0.0,0.0,0.0,0.0,0.0,0.0,0.0,0.0,0.0
20050,3037.6234535957137,83.78451362178726,1126.85,79.99854592164746,69.59006990266215,14.003245101449991,6.949357721729546,21.846656800922414,0.5270340591752585,1.0,0.9423046331196262,0.9999999999999997,0.9885098200787855,0.9423046331196262,0,nominal,0.0,0.0,0.0,0.0,0.0,0.0,0.0,0.0,0.0,0.0,0.0,0.0
20100,3037.64068215581,83.78411820905279,1126.85,80.00593829515299,69.58198642186568,14.003245101449993,6.949809745041053,21.847933255101648,0.5270386148852948,1.0,0.942145394160181,1.0,0.9885098200787855,0.942145394160181,0,nominal,0.0,0.0,0.0,0.0,0.0,0.0,0.0,0.0,0.0,0.0,0.0,0.0
20150,3037.655449493035,83.78372364770468,1126.85,80.0133226733733,69.573862144072,14.003245101449993,6.950255648491089,21.84921110731262,0.5270425197909135,1.0,0.9419853515282154,1.0,0.9885098200787855,0.9419853515282154,0,nominal,0.0,0.0,0.0,0.0,0.0,0.0,0.0,0.0,0.0,0.0,0.0,0.0
20200,3037.668107210657,83.78332992179696,1126.85,80.02069903126755,69.56570237762499,14.003245101449993,6.950696223507899,21.850489898439445,0.5270458668611762,1.0,0.9418246097944185,1.0,0.9885098200787855,0.9418246097944185,0,nominal,0.0,0.0,0.0,0.0,0.0,0.0,0.0,0.0,0.0,0.0,0.0,0.0
20250,3037.6789566829043,83.78293701754035,1126.85,80.02806734879147,69.55751168683909,14.003245101449993,6.9511321486894,21.85176923554246,0.5270487357846448,1.0,0.9416632588726159,1.0,0.9885098200787855,0.9416632588726159,0,nominal,0.0,0.0,0.0,0.0,0.0,0.0,0.0,0.0,0.0,0.0,0.0,0.0
20300,3037.688256230545,83.78254492299419,1126.85,80.03542761018076,69.54929399735606,14.003245101449995,6.951564005909968,21.853048782385084,0.5270511948663859,1.0,0.9415013760952246,0.9999999999999997,0.9885098200787855,0.9415013760952246,0,nominal,0.0,0.0,0.0,0.0,0.0,0.0,0.0,0.0,0.0,0.0,0.0,0.0
20350,3037.6962272713795,83.78215362780224,1126.85,80.04277980333751,69.54105268655475,14.003245101449993,6.951992294127604,21.854328251316126,0.5270533026540282,1.0,0.9413390279942633,1.0,0.9885098200787855,0.9413390279942633,0,nominal,0.0,0.0,0.0,0.0,0.0,0.0,0.0,0.0,0.0,0.0,0.0,0.0
20400,3037.703059592095,83.7817631229666,1126.85,80.05012391930387,69.5327906611413,14.003245101449993,6.952417441219863,21.855607396313797,0.5270551093315693,1.0,0.9411762718298247,1.0,0.9885098200787855,0.9411762718298247,0,nominal,0.0,0.0,0.0,0.0,0.0,0.0,0.0,0.0,0.0,0.0,0.0,0.0
20450,3037.708915866994,83.78137340065365,1126.85,80.05745995181132,69.52451042374283,14.003245101449993,6.9528398141300505,21.85688600702515,0.5270566579140965,1.0,0.9410131569019251,1.0,0.9885098200787855,0.9410131569019251,0,nominal,0.0,0.0,0.0,0.0,0.0,0.0,0.0,0.0,0.0,0.0,0.0,0.0
20500,3037.7139355311933,83.78098445402776,1126.85,80.06478789689407,69.51621413006681,14.003245101449993,6.95325972756495,21.858163903658667,0.527057985271854,1.0,0.9408497256765059,1.0,0.9885098200787855,0.9408497256765059,0,nominal,0.0,0.0,0.0,0.0,0.0,0.0,0.0,0.0,0.0,0.0,0.0,0.0
20550,3037.718238100507,83.78059627710883,1126.85,80.07210775255794,69.507903637966,14.003245101449993,6.953677451450922,21.859440932607914,0.5270591230080345,1.0,0.9406860147519756,1.0,0.9885098200787855,0.9406860147519756,0,nominal,0.0,0.0,0.0,0.0,0.0,0.0,0.0,0.0,0.0,0.0,0.0,0.0
20600,3037.7219260170614,83.7802088646502,1126.85,80.0794195184966,69.49958054955619,14.003245101449993,6.95409321732562,21.860716962701567,0.5270600982111796,1.0,0.9405220556889039,1.0,0.9885098200787855,0.9405220556889039,0,nominal,0.0,0.0,0.0,0.0,0.0,0.0,0.0,0.0,0.0,0.0,0.0,0.0
20650,3037.7250870883936,83.77982221203393,1126.85,80.08672319584821,69.49124624737262,14.003245101449993,6.9545072238173145,21.861991881990384,0.5270609341001076,1.0,0.9403578757222745,1.0,0.9885098200787855,0.9403578757222745,0,nominal,0.0,0.0,0.0,0.0,0.0,0.0,0.0,0.0,0.0,0.0,0.0,0.0
20700,3037.7277965781072,83.77943631518099,1126.85,80.09401878698702,69.48290192540946,14.003245101449993,6.954919641342054,21.863265594994054,0.5270616505767121,1.0,0.940193498372944,1.0,0.9885098200787855,0.940193498372944,0,nominal,0.0,0.0,0.0,0.0,0.0,0.0,0.0,0.0,0.0,0.0,0.0,0.0
20750,3037.7301189978616,83.77905117047453,1126.85,80.10130629534467,69.4745486157676,14.003245101449993,6.9553306161303405,21.86453802034225,0.5270622646997954,1.0,0.9400289439725827,1.0,0.9885098200787855,0.9400289439725827,0,nominal,0.0,0.0,0.0,0.0,0.0,0.0,0.0,0.0,0.0,0.0,0.0,0.0
20800,3037.732109643365,83.77866677469387,1126.85,80.10858572525706,69.46618721153182,14.003245101449993,6.955740273679007,21.865809088753345,0.5270627910912151,1.0,0.9398642301143413,1.0,0.9885098200787855,0.9398642301143413,0,nominal,0.0,0.0,0.0,0.0,0.0,0.0,0.0,0.0,0.0,0.0,0.0,0.0
20850,3037.73381591094,83.77828312495797,1126.85,80.11585708183321,69.45781848641217,14.003245101449991,6.956148721710408,21.86707874130263,0.5270632422840114,1.0,0.9396993720397706,0.9999999999999997,0.9885098200787855,0.9396993720397706,0,nominal,0.0,0.0,0.0,0.0,0.0,0.0,0.0,0.0,0.0,0.0,0.0,0.0
20900,3037.735278426004,83.77790021867696,1126.85,80.12312037084274,69.44944311160681,14.003245101449993,6.956556052709169,21.86834692793836,0.527063629020805,1.0,0.9395343829710081,1.0,0.9885098200787855,0.9395343829710081,0,nominal,0.0,0.0,0.0,0.0,0.0,0.0,0.0,0.0,0.0,0.0,0.0,0.0
20950,3037.7365320103445,83.77751805351085,1126.85,80.13037559861948,69.44106167027975,14.003245101449993,6.9569623460969,21.869613606210393,0.5270639605095664,1.0,0.9393692743959798,1.0,0.9885098200787855,0.9393692743959798,0,nominal,0.0,0.0,0.0,0.0,0.0,0.0,0.0,0.0,0.0,0.0,0.0,0.0
21000,3037.737606511208,83.77713662733368,1126.85,80.13762277197895,69.43267466999086,14.003245101449993,6.957367670096427,21.870878740180725,0.5270642446428504,1.0,0.9392040563132634,1.0,0.9885098200787855,0.9392040563132634,0,nominal,0.0,0.0,0.0,0.0,0.0,0.0,0.0,0.0,0.0,0.0,0.0,0.0
21050,3037.738527511948,83.77675593820322,1126.85,80.14486189814744,69.42428255336799,14.003245101449991,6.9577720833300045,21.872142299490196,0.5270644881857093,1.0,0.9390387374423194,0.9999999999999997,0.9885098200787855,0.9390387374423194,0,nominal,0.0,0.0,0.0,0.0,0.0,0.0,0.0,0.0,0.0,0.0,0.0,0.0
21100,3037.739316941154,83.77637598433483,1126.85,80.15209298470154,69.41588570726975,14.003245101449993,6.958175636189328,21.87340425855864,0.5270646969367635,1.0,0.9388733254039943,1.0,0.9885098200787855,0.9388733254039943,0,nominal,0.0,0.0,0.0,0.0,0.0,0.0,0.0,0.0,0.0,0.0,0.0,0.0
21150,3037.7399935947587,83.77599676407891,1126.85,80.159316039516,69.40748447065216,14.003245101449993,6.958578372010063,21.874664595899738,0.5270648758662622,1.0,0.9387078268754866,1.0,0.9885098200787855,0.9387078268754866,0,nominal,0.0,0.0,0.0,0.0,0.0,0.0,0.0,0.0,0.0,0.0,0.0,0.0
21200,3037.7405735835628,83.77561827590188,1126.85,80.16653107071926,69.39907914132316,14.003245101449991,6.95898032807868,21.87592329353383,0.5270650292344213,1.0,0.9385422477234052,0.9999999999999997,0.9885098200787855,0.9385422477234052,0,nominal,0.0,0.0,0.0,0.0,0.0,0.0,0.0,0.0,0.0,0.0,0.0,0.0
21250,3037.7410707168233,83.77524051836957,1126.85,80.1737380866553,69.39066998174144,14.003245101449993,6.959381536495601,21.877180336484898,0.5270651606928561,1.0,0.9383765931180046,1.0,0.9885098200787855,0.9383765931180046,0,nominal,0.0,0.0,0.0,0.0,0.0,0.0,0.0,0.0,0.0,0.0,0.0,0.0
21300,3037.741496831047,83.77486349013321,1126.85,80.18093709585082,69.3822572239953,14.003245101449993,6.959782024915158,21.878435712349606,0.5270652733715241,1.0,0.9382108676312633,1.0,0.9885098200787855,0.9382108676312633,0,nominal,0.0,0.0,0.0,0.0,0.0,0.0,0.0,0.0,0.0,0.0,0.0,0.0
21350,3037.74186207181,83.7744871899173,1126.85,80.18812810698722,69.37384107407749,14.003245101449991,6.960181817179884,21.87968941092791,0.5270653699532465,1.0,0.9380450753210949,0.9999999999999997,0.9885098200787855,0.9380450753210949,0,nominal,0.0,0.0,0.0,0.0,0.0,0.0,0.0,0.0,0.0,0.0,0.0,0.0
21400,3037.742175135321,83.77411161650929,1126.85,80.19531112887677,69.36542171555519,14.003245101449993,6.960580933864317,21.880941423906663,0.527065452737585,1.0,0.937879219803646,1.0,0.9885098200787855,0.937879219803646,0,nominal,0.0,0.0,0.0,0.0,0.0,0.0,0.0,0.0,0.0,0.0,0.0,0.0
21450,3037.7424434754735,83.77373676875067,1126.85,80.20248617044177,69.35699931272075,14.003245101449993,6.960979392741179,21.882191744588592,0.527065523695593,1.0,0.9377133043153616,1.0,0.9885098200787855,0.9377133043153616,0,nominal,0.0,0.0,0.0,0.0,0.0,0.0,0.0,0.0,0.0,0.0,0.0,0.0
21500,3037.7426734813184,83.77336264552929,1126.85,80.2096532406971,69.34857401329725,14.003245101449993,6.961377209181006,21.883440367659972,0.5270655845167457,1.0,0.9375473317662836,1.0,0.9885098200787855,0.9375473317662836,0,nominal,0.0,0.0,0.0,0.0,0.0,0.0,0.0,0.0,0.0,0.0,0.0,0.0
21550,3037.7428706291853,83.77298924577298,1126.85,80.216812348735,69.34014595076097,14.003245101449993,6.961774396494708,21.884687288991532,0.5270656366491642,1.0,0.9373813047858023,1.0,0.9885098200787855,0.9373813047858023,0,nominal,0.0,0.0,0.0,0.0,0.0,0.0,0.0,0.0,0.0,0.0,0.0,0.0
21600,3037.7430396130712,83.77261656844388,1126.85,80.22396350371213,69.33171524633539,14.003245101449993,6.962170966227304,21.885932505468066,0.5270656813340958,1.0,0.937215225761936,1.0,0.9885098200787855,0.937215225761936,0,nominal,0.0,0.0,0.0,0.0,0.0,0.0,0.0,0.0,0.0,0.0,0.0,0.0
21650,3037.743184456402,83.77224461253354,1126.85,80.23110671483852,69.32328201070325,14.003245101449993,6.962566928409653,21.8871760148422,0.5270657196354669,1.0,0.937049096875058,1.0,0.9885098200787855,0.937049096875058,0,nominal,0.0,0.0,0.0,0.0,0.0,0.0,0.0,0.0,0.0,0.0,0.0,0.0
21700,3037.7433086078286,83.77187337705908,1126.85,80.238241991368,69.3148463454761,14.003245101449993,6.962962291774321,21.888417815609323,0.5270657524652141,1.0,0.9368829201268448,1.0,0.9885098200787855,0.9368829201268448,0,nominal,0.0,0.0,0.0,0.0,0.0,0.0,0.0,0.0,0.0,0.0,0.0,0.0
21750,3037.743415023337,83.77150286105939,1126.85,80.24536934259015,69.30640834445623,14.003245101449993,6.9633570639406015,21.889657906900304,0.5270657806049984,1.0,0.9367166973651372,1.0,0.9885098200787855,0.9367166973651372,0,nominal,0.0,0.0,0.0,0.0,0.0,0.0,0.0,0.0,0.0,0.0,0.0,0.0
21800,3037.74350623663,83.77113306359223,1126.85,80.25248877782326,69.29796809471982,14.003245101449993,6.963751251573122,21.89089628838953,0.5270658047248138,1.0,0.9365504303052745,1.0,0.9885098200787855,0.9365504303052745,0,nominal,0.0,0.0,0.0,0.0,0.0,0.0,0.0,0.0,0.0,0.0,0.0,0.0
21850,3037.7435844194524,83.77076398373163,1126.85,80.2596003064084,69.28952567754695,14.003245101449993,6.964144860517834,21.892132960216273,0.5270658253989414,1.0,0.9363841205484186,1.0,0.9885098200787855,0.9363841205484186,0,nominal,0.0,0.0,0.0,0.0,0.0,0.0,0.0,0.0,0.0,0.0,0.0,0.0
21900,3037.7436514333003,83.77039562056575,1126.85,80.26670393770416,69.28108116921977,14.003245101449993,6.964537895918598,21.893367922917207,0.5270658431196225,1.0,0.9362177695972749,1.0,0.9885098200787855,0.9362177695972749,0,nominal,0.0,0.0,0.0,0.0,0.0,0.0,0.0,0.0,0.0,0.0,0.0,0.0
21950,3037.7437088737415,83.77002797319489,1126.85,80.27379968108255,69.27263464170836,14.003245101449993,6.964930362317089,21.894601177368564,0.5270658583087781,1.0,0.9360513788696035,1.0,0.9885098200787855,0.9360513788696035,0,nominal,0.0,0.0,0.0,0.0,0.0,0.0,0.0,0.0,0.0,0.0,0.0,0.0
22000,3037.7437581084055,83.76966104072989,1126.85,80.28088754592488,69.26418616325839,14.003245101449993,6.9653222637384875,21.89583272473668,0.5270658713280543,1.0,0.9358849497097966,1.0,0.9885098200787855,0.9358849497097966,0,nominal,0.0,0.0,0.0,0.0,0.0,0.0,0.0,0.0,0.0,0.0,0.0,0.0
22050,3037.743800309546,83.76929482229065,1126.85,80.28796754161891,69.25573579889664,14.003245101449993,6.965713603764913,21.89706256643553,0.5270658824874341,1.0,0.9357184833988376,1.0,0.9885098200787855,0.9357184833988376,0,nominal,0.0,0.0,0.0,0.0,0.0,0.0,0.0,0.0,0.0,0.0,0.0,0.0
22100,3037.743836481952,83.76892931700507,1126.85,80.29503967755579,69.24728361086446,14.003245101449993,6.966104385598377,21.89829070409039,0.527065892052617,1.0,0.9355519811628371,1.0,0.9885098200787855,0.9355519811628371,0,nominal,0.0,0.0,0.0,0.0,0.0,0.0,0.0,0.0,0.0,0.0,0.0,0.0
22150,3037.7438674868713,83.76856452400796,1126.85,80.30210396312799,69.2388296589899,14.003245101449993,6.966494612114778,21.899517139506717,0.5270659002513449,1.0,0.9353854441803662,1.0,0.9885098200787855,0.9353854441803662,0,nominal,0.0,0.0,0.0,0.0,0.0,0.0,0.0,0.0,0.0,0.0,0.0,0.0
22200,3037.7438940625166,83.76820044244016,1126.85,80.309160407727,69.23037400100705,14.003245101449993,6.966884285910161,21.900741874643458,0.5270659072788262,1.0,0.9352188735887467,1.0,0.9885098200787855,0.9352188735887467,0,nominal,0.0,0.0,0.0,0.0,0.0,0.0,0.0,0.0,0.0,0.0,0.0,0.0
22250,3037.743916841641,83.76783707144779,1126.85,80.31620902074184,69.22191669283052,14.003245101449993,6.96727340934037,21.90196491159017,0.5270659133023815,1.0,0.9350522704894573,1.0,0.9885098200787855,0.9350522704894573,0,nominal,0.0,0.0,0.0,0.0,0.0,0.0,0.0,0.0,0.0,0.0,0.0,0.0
22300,3037.743936366605,83.76747441018153,1126.85,80.32324981155745,69.21345778879062,14.003245101449993,6.967661984555081,21.90318625254749,0.527065918465429,1.0,0.9348856359527676,1.0,0.9885098200787855,0.9348856359527676,0,nominal,0.0,0.0,0.0,0.0,0.0,0.0,0.0,0.0,0.0,0.0,0.0,0.0
22350,3037.7439531022883,83.76711245779626,1126.85,80.33028278955345,69.20499734183541,14.003245101449993,6.9680500135269305,21.90440589981028,0.5270659228908983,1.0,0.9347189710217174,1.0,0.9885098200787855,0.9347189710217174,0,nominal,0.0,0.0,0.0,0.0,0.0,0.0,0.0,0.0,0.0,0.0,0.0,0.0
22400,3037.74396744716,83.76675121345039,1126.85,80.33730796410316,69.19653540370412,14.003245101449993,6.96843749807653,21.905623855753355,0.5270659266841579,1.0,0.9345522767155336,1.0,0.9885098200787855,0.9345522767155336,0,nominal,0.0,0.0,0.0,0.0,0.0,0.0,0.0,0.0,0.0,0.0,0.0,0.0
22450,3037.7439797427637,83.7663906763056,1126.85,80.34432534457255,69.1880720250759,14.003245101449993,6.968824439893864,21.906840122819073,0.5270659299355228,1.0,0.9343855540325604,1.0,0.9885098200787855,0.9343855540325604,0,nominal,0.0,0.0,0.0,0.0,0.0,0.0,0.0,0.0,0.0,0.0,0.0,0.0
22500,3037.743990281853,83.7660308455263,1126.85,80.35133494031959,69.17960725569758,14.003245101449993,6.969210840556696,21.908054703506913,0.5270659327224073,1.0,0.9342188039527762,1.0,0.9885098200787855,0.9342188039527762,0,nominal,0.0,0.0,0.0,0.0,0.0,0.0,0.0,0.0,0.0,0.0,0.0,0.0
22550,3037.743999315358,83.76567172027956,1126.85,80.35833676069336,69.1711411444933,14.003245101449993,6.969596701546274,21.909267600364288,0.5270659351111655,1.0,0.9340520274399521,1.0,0.9885098200787855,0.9340520274399521,0,nominal,0.0,0.0,0.0,0.0,0.0,0.0,0.0,0.0,0.0,0.0,0.0,0.0
22600,3037.744007058362,83.76531329973466,1126.85,80.36533081503376,69.16267373965862,14.003245101449993,6.969982024260858,21.91047881597892,0.5270659371586726,1.0,0.9338852254435067,1.0,0.9885098200787855,0.9338852254435067,0,nominal,0.0,0.0,0.0,0.0,0.0,0.0,0.0,0.0,0.0,0.0,0.0,0.0
22650,3037.7440136952227,83.764955583063,1126.85,80.37231711267077,69.154205088741,14.003245101449993,6.970366810027288,21.911688352972178,0.5270659389136785,1.0,0.9337183989000931,1.0,0.9885098200787855,0.9337183989000931,0,nominal,0.0,0.0,0.0,0.0,0.0,0.0,0.0,0.0,0.0,0.0,0.0,0.0
22700,3037.7440193839607,83.76459856943785,1126.85,80.37929566292422,69.14573523870932,14.003245101449993,6.970751060110895,21.91289621399339,0.5270659404179694,1.0,0.933551548734965,1.0,0.9885098200787855,0.933551548734965,0,nominal,0.0,0.0,0.0,0.0,0.0,0.0,0.0,0.0,0.0,0.0,0.0,0.0
22750,3037.744024260022,83.76424225803419,1126.85,80.38626647510335,69.1372642360132,14.003245101449991,6.971134775724026,21.914102401714988,0.5270659417073613,1.0,0.9333846758631473,0.9999999999999997,0.9885098200787855,0.9333846758631473,0,nominal,0.0,0.0,0.0,0.0,0.0,0.0,0.0,0.0,0.0,0.0,0.0,0.0
22800,3037.744028439503,83.76388664802863,1126.85,80.39322955850656,69.12879212663391,14.003245101449993,6.971517958033323,21.915306918828374,0.5270659428125547,1.0,0.93321778119044,1.0,0.9885098200787855,0.93321778119044,0,nominal,0.0,0.0,0.0,0.0,0.0,0.0,0.0,0.0,0.0,0.0,0.0,0.0
22850,3037.7440320219152,83.76353173859917,1126.85,80.40018492242103,69.1203189561281,14.003245101449993,6.9719006081659884,21.916509768040317,0.5270659437598633,1.0,0.9330508656142769,1.0,0.9885098200787855,0.9330508656142769,0,nominal,0.0,0.0,0.0,0.0,0.0,0.0,0.0,0.0,0.0,0.0,0.0,0.0
22900,3037.744035092554,83.76317752892527,1126.85,80.40713257612276,69.11184476966562,14.003245101449993,6.972282727215129,21.917710952069907,0.527065944571842,1.0,0.9328839300244726,1.0,0.9885098200787855,0.9328839300244726,0,nominal,0.0,0.0,0.0,0.0,0.0,0.0,0.0,0.0,0.0,0.0,0.0,0.0
22950,3037.7440377245302,83.76282401818759,1126.85,80.41407252887609,69.1033696120611,14.003245101449991,6.97266431624437,21.918910473645965,0.5270659452678237,1.0,0.9327169753038442,0.9999999999999997,0.9885098200787855,0.9327169753038442,0,nominal,0.0,0.0,0.0,0.0,0.0,0.0,0.0,0.0,0.0,0.0,0.0,0.0
23000,3037.74403998051,83.76247120556803,1126.85,80.42100478993376,69.09489352780224,14.003245101449993,6.973045376291787,21.92010833550477,0.5270659458643795,1.0,0.932550002328769,1.0,0.9885098200787855,0.932550002328769,0,nominal,0.0,0.0,0.0,0.0,0.0,0.0,0.0,0.0,0.0,0.0,0.0,0.0
23050,3037.7440419142067,83.76211909024966,1126.85,80.4279293685367,69.08641656107285,14.003245101449993,6.973425908373287,21.921304540388196,0.5270659463757129,1.0,0.9323830119696369,1.0,0.9885098200787855,0.9323830119696369,0,nominal,0.0,0.0,0.0,0.0,0.0,0.0,0.0,0.0,0.0,0.0,0.0,0.0
23100,3037.744043571661,83.76176767141652,1126.85,80.43484627391393,69.07793875577374,14.003245101449993,6.973805913485508,21.922499091042038,0.5270659468139989,1.0,0.9322160050912636,1.0,0.9885098200787855,0.9322160050912636,0,nominal,0.0,0.0,0.0,0.0,0.0,0.0,0.0,0.0,0.0,0.0,0.0,0.0
23150,3037.7440449923365,83.76141694825378,1126.85,80.44175551528252,69.06946015553952,14.003245101449993,6.974185392608296,21.92369199021458,0.5270659471896725,1.0,0.9320489825532204,1.0,0.9885098200787855,0.9320489825532204,0,nominal,0.0,0.0,0.0,0.0,0.0,0.0,0.0,0.0,0.0,0.0,0.0,0.0
23200,3037.744046210058,83.76106691994755,1126.85,80.44865710184752,69.06098080375403,14.003245101449993,6.974564346706847,21.92488324065547,0.5270659475116786,1.0,0.9318819452101391,1.0,0.9885098200787855,0.9318819452101391,0,nominal,0.0,0.0,0.0,0.0,0.0,0.0,0.0,0.0,0.0,0.0,0.0,0.0
23250,3037.7440472538196,83.76071758568497,1126.85,80.45555104280169,69.05250074356267,14.003245101449993,6.974942776733534,21.92607284511467,0.5270659477876836,1.0,0.9317148939119541,1.0,0.9885098200787855,0.9317148939119541,0,nominal,0.0,0.0,0.0,0.0,0.0,0.0,0.0,0.0,0.0,0.0,0.0,0.0
23300,3037.7440481484723,83.76036894465403,1126.85,80.46243734732582,69.04402001788391,14.003245101449993,6.975320683629455,21.927260806341536,0.5270659480242595,1.0,0.9315478295041292,1.0,0.9885098200787855,0.9315478295041292,0,nominal,0.0,0.0,0.0,0.0,0.0,0.0,0.0,0.0,0.0,0.0,0.0,0.0
23350,3037.7440489153173,83.76002099604369,1126.85,80.46931602458841,69.0355386694181,14.003245101449991,6.975698068325799,21.92844712708411,0.5270659482270386,1.0,0.9313807528278318,0.9999999999999997,0.9885098200787855,0.9313807528278318,0,nominal,0.0,0.0,0.0,0.0,0.0,0.0,0.0,0.0,0.0,0.0,0.0,0.0
23400,3037.744049572613,83.75967373904376,1126.85,80.47618708374574,69.02705674065577,14.003245101449993,6.976074931745006,21.929631810088523,0.5270659484008496,1.0,0.9312136647200957,1.0,0.9885098200787855,0.9312136647200957,0,nominal,0.0,0.0,0.0,0.0,0.0,0.0,0.0,0.0,0.0,0.0,0.0,0.0
23450,3037.7440501360097,83.7593271728449,1126.85,80.48305053394182,69.01857427388464,14.003245101449993,6.976451274801712,21.930814858098323,0.5270659485498301,1.0,0.9310465660139601,1.0,0.9885098200787855,0.9310465660139601,0,nominal,0.0,0.0,0.0,0.0,0.0,0.0,0.0,0.0,0.0,0.0,0.0,0.0
23500,3037.744050618921,83.7589812966387,1126.85,80.48990638430843,69.01009131119541,14.003245101449995,6.976827098403655,21.931996273854164,0.5270659486775279,1.0,0.9308794575385819,0.9999999999999997,0.9885098200787855,0.9308794575385819,0,nominal,0.0,0.0,0.0,0.0,0.0,0.0,0.0,0.0,0.0,0.0,0.0,0.0
23550,3037.7440510328447,83.75863610961744,1126.85,80.496754643965,69.00160789448665,14.003245101449993,6.977202403452356,21.93317606009328,0.527065948786983,1.0,0.9307123401193346,1.0,0.9885098200787855,0.9307123401193346,0,nominal,0.0,0.0,0.0,0.0,0.0,0.0,0.0,0.0,0.0,0.0,0.0,0.0
23600,3037.744051387637,83.75829161097431,1126.85,80.50359532201878,68.9931240654695,14.003245101449993,6.9775771908437765,21.934354219549245,0.5270659488808019,1.0,0.9305452145778979,1.0,0.9885098200787855,0.9305452145778979,0,nominal,0.0,0.0,0.0,0.0,0.0,0.0,0.0,0.0,0.0,0.0,0.0,0.0
23650,3037.744051691744,83.75794779990332,1126.85,80.51042842756465,68.98463986567101,14.003245101449993,6.977951461468827,21.93553075495159,0.5270659489612181,1.0,0.9303780817323265,1.0,0.9885098200787855,0.9303780817323265,0,nominal,0.0,0.0,0.0,0.0,0.0,0.0,0.0,0.0,0.0,0.0,0.0,0.0
23700,3037.7440519524075,83.75760467559923,1126.85,80.51725396968527,68.97615533643743,14.003245101449993,6.978325216213858,21.93670566902567,0.527065949030146,1.0,0.9302109423971123,1.0,0.9885098200787855,0.9302109423971123,0,nominal,0.0,0.0,0.0,0.0,0.0,0.0,0.0,0.0,0.0,0.0,0.0,0.0
23750,3037.744052175833,83.75726223725763,1126.85,80.52407195745093,68.96767051893703,14.003245101449993,6.978698455961029,21.937878964492363,0.5270659490892272,1.0,0.9300437973832418,1.0,0.9885098200787855,0.9300437973832418,0,nominal,0.0,0.0,0.0,0.0,0.0,0.0,0.0,0.0,0.0,0.0,0.0,0.0
23800,3037.744052367341,83.7569204840749,1126.85,80.53088239991968,68.9591854541623,14.003245101449993,6.979071181588664,21.939050644067965,0.5270659491398683,1.0,0.9298766474982391,1.0,0.9885098200787855,0.9298766474982391,0,nominal,0.0,0.0,0.0,0.0,0.0,0.0,0.0,0.0,0.0,0.0,0.0,0.0
23850,3037.7440525314905,83.75657941524821,1126.85,80.53768530613729,68.950700182932,14.003245101449993,6.979443393971534,21.94022071046397,0.5270659491832748,1.0,0.9297094935462047,1.0,0.9885098200787855,0.9297094935462047,0,nominal,0.0,0.0,0.0,0.0,0.0,0.0,0.0,0.0,0.0,0.0,0.0,0.0
23900,3037.7440526721903,83.75623902997546,1126.85,80.54448068513733,68.94221474589291,14.003245101449993,6.979815093981112,21.941389166386994,0.5270659492204803,1.0,0.9295423363278525,1.0,0.9885098200787855,0.9295423363278525,0,nominal,0.0,0.0,0.0,0.0,0.0,0.0,0.0,0.0,0.0,0.0,0.0,0.0
23950,3037.7440527927897,83.75589932745532,1126.85,80.55126854594107,68.93372918352108,14.003245101449995,6.980186282485792,21.942556014538685,0.5270659492523709,1.0,0.9293751766405322,0.9999999999999997,0.9885098200787855,0.9293751766405322,0,nominal,0.0,0.0,0.0,0.0,0.0,0.0,0.0,0.0,0.0,0.0,0.0,0.0
24000,3037.744052896161,83.75556030688728,1126.85,80.55804889755751,68.92524353612329,14.003245101449993,6.980556960351069,21.9437212576156,0.5270659492797056,1.0,0.9292080152782594,1.0,0.9885098200787855,0.9292080152782594,0,nominal,0.0,0.0,0.0,0.0,0.0,0.0,0.0,0.0,0.0,0.0,0.0,0.0
24050,3037.744052984765,83.75522196747158,1126.85,80.56482174898349,68.91675784383803,14.003245101449995,6.980927128439698,21.944884898309123,0.5270659493031354,1.0,0.9290408530317347,0.9999999999999997,0.9885098200787855,0.9290408530317347,0,nominal,0.0,0.0,0.0,0.0,0.0,0.0,0.0,0.0,0.0,0.0,0.0,0.0
24100,3037.744053060711,83.7548843084092,1126.85,80.57158710920368,68.9082721466365,14.003245101449993,6.981296787611844,21.946046939305464,0.5270659493232183,1.0,0.9288736906883629,1.0,0.9885098200787855,0.9288736906883629,0,nominal,0.0,0.0,0.0,0.0,0.0,0.0,0.0,0.0,0.0,0.0,0.0,0.0
24150,3037.7440531258076,83.75454732890194,1126.85,80.5783449871904,68.89978648432312,14.003245101449993,6.981665938725176,21.94720738328554,0.5270659493404318,1.0,0.9287065290322634,1.0,0.9885098200787855,0.9287065290322634,0,nominal,0.0,0.0,0.0,0.0,0.0,0.0,0.0,0.0,0.0,0.0,0.0,0.0
24200,3037.7440531816046,83.75421102815227,1126.85,80.58509539190396,68.8913008965367,14.003245101449993,6.982034582634994,21.948366232924958,0.5270659493551865,1.0,0.9285393688442936,1.0,0.9885098200787855,0.9285393688442936,0,nominal,0.0,0.0,0.0,0.0,0.0,0.0,0.0,0.0,0.0,0.0,0.0,0.0
24250,3037.744053229431,83.75387540536343,1126.85,80.59183833229241,68.88281542275054,14.003245101449993,6.982402720194317,21.949523490894045,0.5270659493678335,1.0,0.9283722109020494,1.0,0.9885098200787855,0.9283722109020494,0,nominal,0.0,0.0,0.0,0.0,0.0,0.0,0.0,0.0,0.0,0.0,0.0,0.0
24300,3037.7440532704245,83.7535404597395,1126.85,80.59857381729176,68.8743301022733,14.003245101449993,6.982770352253923,21.950679159857668,0.5270659493786735,1.0,0.9282050559798845,1.0,0.9885098200787855,0.9282050559798845,0,nominal,0.0,0.0,0.0,0.0,0.0,0.0,0.0,0.0,0.0,0.0,0.0,0.0
24350,3037.744053305562,83.75320619048517,1126.85,80.60530185582576,68.86584497424897,14.003245101449993,6.983137479662475,21.95183324247543,0.5270659493879649,1.0,0.9280379048489082,1.0,0.9885098200787855,0.9280379048489082,0,nominal,0.0,0.0,0.0,0.0,0.0,0.0,0.0,0.0,0.0,0.0,0.0,0.0
24400,3037.74405333568,83.75287259680601,1126.85,80.61202245680613,68.85736007765797,14.003245101449993,6.983504103266519,21.95298574140144,0.5270659493959291,1.0,0.927870758277008,1.0,0.9885098200787855,0.927870758277008,0,nominal,0.0,0.0,0.0,0.0,0.0,0.0,0.0,0.0,0.0,0.0,0.0,0.0
24450,3037.7440533614954,83.75253967790832,1126.85,80.61873562913252,68.84887545131673,14.003245101449993,6.983870223910577,21.954136659284462,0.5270659494027556,1.0,0.9277036170288405,1.0,0.9885098200787855,0.9277036170288405,0,nominal,0.0,0.0,0.0,0.0,0.0,0.0,0.0,0.0,0.0,0.0,0.0,0.0
24500,3037.744053383623,83.75220743299911,1126.85,80.62544138169244,68.84039113387848,14.003245101449993,6.984235842437167,21.9552859987678,0.527065949408607,1.0,0.9275364818658475,1.0,0.9885098200787855,0.9275364818658475,0,nominal,0.0,0.0,0.0,0.0,0.0,0.0,0.0,0.0,0.0,0.0,0.0,0.0
24550,3037.7440534025895,83.75187586128612,1126.85,80.63213972336143,68.83190716383329,14.003245101449993,6.984600959686848,21.956433762489368,0.5270659494136222,1.0,0.9273693535462564,1.0,0.9885098200787855,0.9273693535462564,0,nominal,0.0,0.0,0.0,0.0,0.0,0.0,0.0,0.0,0.0,0.0,0.0,0.0
24600,3037.7440534188463,83.75154496197786,1126.85,80.63883066300292,68.8234235795084,14.003245101449993,6.984965576498252,21.95757995308163,0.5270659494179211,1.0,0.9272022328250874,1.0,0.9885098200787855,0.9272022328250874,0,nominal,0.0,0.0,0.0,0.0,0.0,0.0,0.0,0.0,0.0,0.0,0.0,0.0
24650,3037.7440534327807,83.75121473428362,1126.85,80.64551420946839,68.81494041906836,14.003245101449993,6.985329693708116,21.95872457317166,0.5270659494216059,1.0,0.9270351204541558,1.0,0.9885098200787855,0.9270351204541558,0,nominal,0.0,0.0,0.0,0.0,0.0,0.0,0.0,0.0,0.0,0.0,0.0,0.0
24700,3037.7440534447246,83.75088517741341,1126.85,80.65219037159727,68.80645772051527,14.003245101449993,6.985693312151309,21.95986762538112,0.5270659494247641,1.0,0.9268680171820761,1.0,0.9885098200787855,0.9268680171820761,0,nominal,0.0,0.0,0.0,0.0,0.0,0.0,0.0,0.0,0.0,0.0,0.0,0.0
24750,3037.7440534549623,83.75055629057795,1126.85,80.65885915821707,68.79797552168881,14.003245101449993,6.986056432660842,21.961009112326206,0.5270659494274714,1.0,0.9267009237542645,1.0,0.9885098200787855,0.9267009237542645,0,nominal,0.0,0.0,0.0,0.0,0.0,0.0,0.0,0.0,0.0,0.0,0.0,0.0
24800,3037.7440534637376,83.7502280729887,1126.85,80.66552057814329,68.78949386026673,14.003245101449993,6.9864190560679,21.96214903661775,0.5270659494297918,1.0,0.9265338409129459,1.0,0.9885098200787855,0.9265338409129459,0,nominal,0.0,0.0,0.0,0.0,0.0,0.0,0.0,0.0,0.0,0.0,0.0,0.0
24850,3037.744053471259,83.74990052385795,1126.85,80.67217464017949,68.78101277376463,14.003245101449993,6.986781183201855,21.963287400861148,0.5270659494317805,1.0,0.9263667693971517,1.0,0.9885098200787855,0.9263667693971517,0,nominal,0.0,0.0,0.0,0.0,0.0,0.0,0.0,0.0,0.0,0.0,0.0,0.0
24900,3037.744053477706,83.74957364239867,1126.85,80.67882135311737,68.7725322995363,14.003245101449991,6.987142814890296,21.964424207656478,0.5270659494334855,1.0,0.9261997099427255,0.9999999999999997,0.9885098200787855,0.9261997099427255,0,nominal,0.0,0.0,0.0,0.0,0.0,0.0,0.0,0.0,0.0,0.0,0.0,0.0
24950,3037.744053483232,83.74924742782463,1126.85,80.68546072573673,68.76405247477385,14.003245101449993,6.987503951959001,21.965559459598303,0.5270659494349466,1.0,0.9260326632823265,1.0,0.9885098200787855,0.9260326632823265,0,nominal,0.0,0.0,0.0,0.0,0.0,0.0,0.0,0.0,0.0,0.0,0.0,0.0
25000,3037.744053487969,83.74892187935023,1126.85,80.69209276680539,68.75557333650775,14.003245101449993,6.987864595232018,21.966693159275955,0.5270659494361993,1.0,0.925865630145429,1.0,0.9885098200787855,0.925865630145429,0,nominal,0.0,0.0,0.0,0.0,0.0,0.0,0.0,0.0,0.0,0.0,0.0,0.0
25050,3037.744053492029,83.74856404390738,1126.85,80.6986716705656,68.74709492160716,14.003245101449991,6.988224745531599,21.967825309273273,0.5270659494372729,1.0,0.9256986112583298,0.9999999999999997,0.9885098200787855,0.9256986112583298,0,nominal,0.0,0.0,0.0,0.0,0.0,0.0,0.0,0.0,0.0,0.0,0.0,0.0
25100,3037.7440534955085,83.74817396005682,1126.85,80.70519752244195,68.73867592510963,14.003245101449993,6.9885819167174414,21.96894809428615,0.5270659494381932,1.0,0.9255327628725173,1.0,0.9885098200787855,0.9255327628725173,0,nominal,0.0,0.0,0.0,0.0,0.0,0.0,0.0,0.0,0.0,0.0,0.0,0.0
25150,3037.744053498491,83.74775166629672,1126.85,80.71167040772843,68.73031646161937,14.003245101449991,6.9889361157123675,21.97006153607612,0.527065949438982,1.0,0.9253680872456153,0.9999999999999997,0.9885098200787855,0.9253680872456153,0,nominal,0.0,0.0,0.0,0.0,0.0,0.0,0.0,0.0,0.0,0.0,0.0,0.0
25200,3037.744053501048,83.74729720106325,1126.85,80.71809041158912,68.72201664294059,14.003245101449993,6.9892873494076335,21.971165656305587,0.5270659494396578,1.0,0.9252045865800886,1.0,0.9885098200787855,0.9252045865800886,0,nominal,0.0,0.0,0.0,0.0,0.0,0.0,0.0,0.0,0.0,0.0,0.0,0.0
25250,3037.7440535032392,83.74681060273093,1126.85,80.7244576190588,68.71377657810423,14.003245101449993,6.989635624663146,21.972260476538473,0.5270659494402373,1.0,0.9250422630237718,1.0,0.9885098200787855,0.9250422630237718,0,nominal,0.0,0.0,0.0,0.0,0.0,0.0,0.0,0.0,0.0,0.0,0.0,0.0
25300,3037.744053505118,83.74629190961303,1126.85,80.73077211504369,68.70559637339491,14.003245101449993,6.989980948307579,21.973346018240623,0.527065949440734,1.0,0.9248811186703977,1.0,0.9885098200787855,0.9248811186703977,0,nominal,0.0,0.0,0.0,0.0,0.0,0.0,0.0,0.0,0.0,0.0,0.0,0.0
25350,3037.7440535067276,83.74574115996217,1126.85,80.73703398432218,68.6974761323776,14.003245101449993,6.990323327138612,21.97442230278049,0.5270659494411598,1.0,0.9247211555601239,1.0,0.9885098200787855,0.9247211555601239,0,nominal,0.0,0.0,0.0,0.0,0.0,0.0,0.0,0.0,0.0,0.0,0.0,0.0
25400,3037.7440535081078,83.74515839197062,1126.85,80.74324331154543,68.68941595592369,14.003245101449993,6.990662767923067,21.975489351429587,0.5270659494415247,1.0,0.9245623756800472,1.0,0.9885098200787855,0.9245623756800472,0,nominal,0.0,0.0,0.0,0.0,0.0,0.0,0.0,0.0,0.0,0.0,0.0,0.0
25450,3037.7440535092906,83.74454364377078,1126.85,80.74940018123806,68.68141594223773,14.003245101449993,6.99099927739711,21.976547185363103,0.5270659494418375,1.0,0.924404780964729,1.0,0.9885098200787855,0.924404780964729,0,nominal,0.0,0.0,0.0,0.0,0.0,0.0,0.0,0.0,0.0,0.0,0.0,0.0
25500,3037.7440535103046,83.74389695343552,1126.85,80.75550467779885,68.67347618688306,14.003245101449993,6.991332862266414,21.977595825660416,0.5270659494421055,1.0,0.9242483732967007,1.0,0.9885098200787855,0.9242483732967007,0,nominal,0.0,0.0,0.0,0.0,0.0,0.0,0.0,0.0,0.0,0.0,0.0,0.0
25550,3037.7440535111737,83.74321835897882,1126.85,80.76155688550142,68.66559678280781,14.003245101449993,6.991663529206339,21.978635293305636,0.5270659494423355,1.0,0.9240931545069759,1.0,0.9885098200787855,0.9240931545069759,0,nominal,0.0,0.0,0.0,0.0,0.0,0.0,0.0,0.0,0.0,0.0,0.0,0.0
25600,3037.7440535119185,83.742507898356,1126.85,80.76755688849477,68.6577778203706,14.003245101449993,6.991991284862083,21.979665609188093,0.5270659494425324,1.0,0.9239391263755569,1.0,0.9885098200787855,0.9239391263755569,0,nominal,0.0,0.0,0.0,0.0,0.0,0.0,0.0,0.0,0.0,0.0,0.0,0.0
25650,3037.744053512557,83.7417656094641,1126.85,80.77350477080404,68.65001938736602,14.003245101449993,6.9923161358488795,21.980686794102954,0.5270659494427012,1.0,0.9237862906319358,1.0,0.9885098200787855,0.9237862906319358,0,nominal,0.0,0.0,0.0,0.0,0.0,0.0,0.0,0.0,0.0,0.0,0.0,0.0
25700,3037.744053513104,83.74099153014254,1126.85,80.77940061633109,68.64232156904993,14.003245101449995,6.992638088752143,21.98169886875165,0.5270659494428459,1.0,0.9236346489555941,0.9999999999999997,0.9885098200787855,0.9236346489555941,0,nominal,0.0,0.0,0.0,0.0,0.0,0.0,0.0,0.0,0.0,0.0,0.0,0.0
25750,3037.7440535135734,83.7401856981732,1126.85,80.78524450885516,68.63468444816446,14.003245101449995,6.992957150127663,21.98270185374253,0.5270659494429699,1.0,0.9234842029764944,0.9999999999999997,0.9885098200787855,0.9234842029764944,0,nominal,0.0,0.0,0.0,0.0,0.0,0.0,0.0,0.0,0.0,0.0,0.0,0.0
25800,3037.7440535139754,83.73934815128109,1126.85,80.79103653203344,68.62710810496304,14.003245101449993,6.99327332650174,21.983695769591222,0.5270659494430764,1.0,0.9233349542755733,1.0,0.9885098200787855,0.9233349542755733,0,nominal,0.0,0.0,0.0,0.0,0.0,0.0,0.0,0.0,0.0,0.0,0.0,0.0
25850,3037.74405351432,83.73847892713462,1126.85,80.79677676940184,68.61959261723509,14.003245101449993,6.9935866243713605,21.98468063672127,0.5270659494431676,1.0,0.9231869043852284,1.0,0.9885098200787855,0.9231869043852284,0,nominal,0.0,0.0,0.0,0.0,0.0,0.0,0.0,0.0,0.0,0.0,0.0,0.0
25900,3037.7440535146156,83.73757806334606,1126.85,80.8024653043754,68.61213806033045,14.003245101449993,6.99389705020437,21.985656475464562,0.5270659494432456,1.0,0.9230400547897993,1.0,0.9885098200787855,0.9230400547897993,0,nominal,0.0,0.0,0.0,0.0,0.0,0.0,0.0,0.0,0.0,0.0,0.0,0.0
25950,3037.744053514869,83.73664559747186,1126.85,80.808102220249,68.60474450718377,14.003245101449993,6.994204610439639,21.986623306061958,0.5270659494433126,1.0,0.9228944069260481,1.0,0.9885098200787855,0.9228944069260481,0,nominal,0.0,0.0,0.0,0.0,0.0,0.0,0.0,0.0,0.0,0.0,0.0,0.0
26000,3037.744053515086,83.7356815670131,1126.85,80.81368760019808,68.59741202833878,14.003245101449993,6.994509311487187,21.987581148663615,0.52706594944337,1.0,0.922749962183637,1.0,0.9885098200787855,0.922749962183637,0,nominal,0.0,0.0,0.0,0.0,0.0,0.0,0.0,0.0,0.0,0.0,0.0,0.0
26050,3037.744053515272,83.73468600941584,1126.85,80.81922152727901,68.59014069197177,14.003245101449993,6.994811159728401,21.988530023329687,0.5270659494434192,1.0,0.922606721905592,1.0,0.9885098200787855,0.922606721905592,0,nominal,0.0,0.0,0.0,0.0,0.0,0.0,0.0,0.0,0.0,0.0,0.0,0.0
26100,3037.7440535154315,83.7336589620715,1126.85,80.82470408442981,68.58293056391591,14.003245101449991,6.99511016151613,21.989469950030628,0.5270659494434613,1.0,0.9224646873887803,0.9999999999999997,0.9885098200787855,0.9224646873887803,0,nominal,0.0,0.0,0.0,0.0,0.0,0.0,0.0,0.0,0.0,0.0,0.0,0.0
26150,3037.744053515568,83.7326004623173,1126.85,80.83013535447083,68.57578170768438,14.003245101449993,6.995406323174904,21.99040094864788,0.5270659494434976,1.0,0.9223238598843683,1.0,0.9885098200787855,0.9223238598843683,0,nominal,0.0,0.0,0.0,0.0,0.0,0.0,0.0,0.0,0.0,0.0,0.0,0.0
26200,3037.744053515685,83.73151054743659,1126.85,80.83551542010508,68.56869418449365,14.003245101449993,6.995699651001049,21.99132303897422,0.5270659494435284,1.0,0.9221842405982767,1.0,0.9885098200787855,0.9221842405982767,0,nominal,0.0,0.0,0.0,0.0,0.0,0.0,0.0,0.0,0.0,0.0,0.0,0.0
26250,3037.7440535157857,83.7303892546592,1126.85,80.84084436391908,68.56166805328702,14.003245101449993,6.99599015126285,21.99223624071428,0.527065949443555,1.0,0.9220458306916487,1.0,0.9885098200787855,0.9220458306916487,0,nominal,0.0,0.0,0.0,0.0,0.0,0.0,0.0,0.0,0.0,0.0,0.0,0.0
26300,3037.7440535158717,83.72923662116182,1126.85,80.84612226838328,68.55470337075705,14.003245101449993,6.996277830200724,21.993140573485103,0.5270659494435778,1.0,0.921908631281288,1.0,0.9885098200787855,0.921908631281288,0,nominal,0.0,0.0,0.0,0.0,0.0,0.0,0.0,0.0,0.0,0.0,0.0,0.0
26350,3037.7440535159453,83.72805268406842,1126.85,80.85134921585262,68.54780019136864,14.003245101449995,6.996562694027354,21.994036056816533,0.5270659494435974,1.0,0.921772643440115,0.9999999999999997,0.9885098200787855,0.921772643440115,0,nominal,0.0,0.0,0.0,0.0,0.0,0.0,0.0,0.0,0.0,0.0,0.0,0.0
26400,3037.7440535160085,83.72683748045057,1126.85,80.85652528856713,68.54095856738148,14.003245101449993,6.996844748927842,21.994922710151734,0.5270659494436142,1.0,0.9216378681976098,1.0,0.9885098200787855,0.9216378681976098,0,nominal,0.0,0.0,0.0,0.0,0.0,0.0,0.0,0.0,0.0,0.0,0.0,0.0
26450,3037.7440535160626,83.72559104732773,1126.85,80.86165056865246,68.5341785488723,14.003245101449993,6.99712400105987,21.995800552847662,0.5270659494436284,1.0,0.9215043065402491,1.0,0.9885098200787855,0.9215043065402491,0,nominal,0.0,0.0,0.0,0.0,0.0,0.0,0.0,0.0,0.0,0.0,0.0,0.0
26500,3037.744053516109,83.72431342166777,1126.85,80.8667251381205,68.5274601837571,14.003245101449993,6.997400456553838,21.996669604175523,0.5270659494436406,1.0,0.9213719594119444,1.0,0.9885098200787855,0.9213719594119444,0,nominal,0.0,0.0,0.0,0.0,0.0,0.0,0.0,0.0,0.0,0.0,0.0,0.0
26550,3037.744053516149,83.72300464038716,1126.85,80.87174907886987,68.52080351781288,14.003245101449993,6.997674121513037,21.997529883321295,0.527065949443651,1.0,0.9212408277144712,1.0,0.9885098200787855,0.9212408277144712,0,nominal,0.0,0.0,0.0,0.0,0.0,0.0,0.0,0.0,0.0,0.0,0.0,0.0
26600,3037.744053516183,83.7216647403514,1126.85,80.87672247268642,68.5142085946996,14.003245101449993,6.997945002013769,21.99838140938612,0.5270659494436601,1.0,0.9211109123079004,1.0,0.9885098200787855,0.9211109123079004,0,nominal,0.0,0.0,0.0,0.0,0.0,0.0,0.0,0.0,0.0,0.0,0.0,0.0
26650,3037.7440535162123,83.7202937583753,1126.85,80.88164540124382,68.50767545598154,14.003245101449993,6.998213104105505,21.99922420138681,0.5270659494436678,1.0,0.9209822140110195,1.0,0.9885098200787855,0.9209822140110195,0,nominal,0.0,0.0,0.0,0.0,0.0,0.0,0.0,0.0,0.0,0.0,0.0,0.0
26700,3037.7440535162373,83.7188917312235,1126.85,80.8865179461041,68.50120414114878,14.003245101449993,6.998478433811036,22.000058278256283,0.5270659494436745,1.0,0.9208547336017556,1.0,0.9885098200787855,0.9208547336017556,0,nominal,0.0,0.0,0.0,0.0,0.0,0.0,0.0,0.0,0.0,0.0,0.0,0.0
26750,3037.7440535162586,83.71745869561056,1126.85,80.89134018871823,68.4947946876381,14.003245101449993,6.998740997126612,22.000883658844046,0.5270659494436802,1.0,0.9207284718175877,1.0,0.9885098200787855,0.9207284718175877,0,nominal,0.0,0.0,0.0,0.0,0.0,0.0,0.0,0.0,0.0,0.0,0.0,0.0
26800,3037.7440535162773,83.71599468820148,1126.85,80.8961122104264,68.48844713085397,14.003245101449993,6.999000800022084,22.001700361916605,0.5270659494436849,1.0,0.9206034293559581,1.0,0.9885098200787855,0.9206034293559581,0,nominal,0.0,0.0,0.0,0.0,0.0,0.0,0.0,0.0,0.0,0.0,0.0,0.0
26850,3037.744053516293,83.71449974561199,1126.85,80.90083409245881,68.4821615041895,14.003245101449991,6.9992578484410615,22.00250840615799,0.5270659494436892,1.0,0.9204796068746889,0.9999999999999997,0.9885098200787855,0.9204796068746889,0,nominal,0.0,0.0,0.0,0.0,0.0,0.0,0.0,0.0,0.0,0.0,0.0,0.0
26900,3037.744053516307,83.71297390440884,1126.85,80.90550591593609,68.4759378390466,14.003245101449993,6.999512148301034,22.003307810170114,0.5270659494436929,1.0,0.9203570049923752,1.0,0.9885098200787855,0.9203570049923752,0,nominal,0.0,0.0,0.0,0.0,0.0,0.0,0.0,0.0,0.0,0.0,0.0,0.0
26950,3037.744053516318,83.71141720111012,1126.85,80.91012776186977,68.46977616485644,14.003245101449995,6.999763705493527,22.004098592473273,0.527065949443696,1.0,0.9202356242887917,0.9999999999999997,0.9885098200787855,0.9202356242887917,0,nominal,0.0,0.0,0.0,0.0,0.0,0.0,0.0,0.0,0.0,0.0,0.0,0.0
27000,3037.744053516328,83.70982967218566,1126.85,80.91469971116277,68.46367650909961,14.003245101449993,7.00001252588424,22.00488077150657,0.5270659494436983,1.0,0.9201154653052861,1.0,0.9885098200787855,0.9201154653052861,0,nominal,0.0,0.0,0.0,0.0,0.0,0.0,0.0,0.0,0.0,0.0,0.0,0.0
27050,3037.744053516337,83.70821135405731,1126.85,80.91922184460992,68.4576388973261,14.003245101449993,7.000258615313178,22.005654365628345,0.5270659494437008,1.0,0.9199965285451756,1.0,0.9885098200787855,0.9199965285451756,0,nominal,0.0,0.0,0.0,0.0,0.0,0.0,0.0,0.0,0.0,0.0,0.0,0.0
27100,3037.744053516344,83.70656228309929,1126.85,80.92369424289853,68.45166335317484,14.003245101449995,7.0005019795947945,22.006419393116623,0.5270659494437027,1.0,0.9198788144741303,0.9999999999999997,0.9885098200787855,0.9198788144741303,0,nominal,0.0,0.0,0.0,0.0,0.0,0.0,0.0,0.0,0.0,0.0,0.0,0.0
27150,3037.7440535163505,83.7048824956384,1126.85,80.92811698660881,68.44574989839326,14.003245101449993,7.000742624518139,22.007175872169558,0.5270659494437043,1.0,0.9197623235205604,1.0,0.9885098200787855,0.9197623235205604,0,nominal,0.0,0.0,0.0,0.0,0.0,0.0,0.0,0.0,0.0,0.0,0.0,0.0
27200,3037.744053516356,83.7031720279544,1126.85,80.93249015621427,68.43989855285659,14.003245101449993,7.000980555846983,22.007923820905834,0.5270659494437059,1.0,0.9196470560759938,1.0,0.9885098200787855,0.9196470560759938,0,nominal,0.0,0.0,0.0,0.0,0.0,0.0,0.0,0.0,0.0,0.0,0.0,0.0
27250,3037.7440535163605,83.7014309162804,1126.85,80.93681383208235,68.4341093345872,14.003245101449993,7.001215779319942,22.008663257365086,0.527065949443707,1.0,0.9195330124954585,1.0,0.9885098200787855,0.9195330124954585,0,nominal,0.0,0.0,0.0,0.0,0.0,0.0,0.0,0.0,0.0,0.0,0.0,0.0
27300,3037.7440535163646,83.69965919680311,1126.85,80.94108809447482,68.42838225977327,14.003245101449993,7.00144830065065,22.009394199508392,0.5270659494437081,1.0,0.9194201930978502,1.0,0.9885098200787855,0.9194201930978502,0,nominal,0.0,0.0,0.0,0.0,0.0,0.0,0.0,0.0,0.0,0.0,0.0,0.0
27350,3037.744053516368,83.69785690566306,1126.85,80.94531302354824,68.42271734278751,14.003245101449993,7.0016781255278495,22.010116665218586,0.527065949443709,1.0,0.9193085981663015,1.0,0.9885098200787855,0.9193085981663015,0,nominal,0.0,0.0,0.0,0.0,0.0,0.0,0.0,0.0,0.0,0.0,0.0,0.0
27400,3037.7440535163705,83.69602407895496,1126.85,80.94948869935445,68.41711459620592,14.003245101449993,7.001905259615554,22.010830672300777,0.5270659494437098,1.0,0.9191982279485511,1.0,0.9885098200787855,0.9191982279485511,0,nominal,0.0,0.0,0.0,0.0,0.0,0.0,0.0,0.0,0.0,0.0,0.0,0.0
27450,3037.744053516373,83.69416075272812,1126.85,80.9536152018411,68.41157403082592,14.003245101449993,7.00212970855316,22.011536238482687,0.5270659494437104,1.0,0.9190890826573005,1.0,0.9885098200787855,0.9190890826573005,0,nominal,0.0,0.0,0.0,0.0,0.0,0.0,0.0,0.0,0.0,0.0,0.0,0.0
27500,3037.744053516375,83.6922669629866,1126.85,80.95769261085195,68.40609565568452,14.003245101449993,7.002351477955602,22.012233381415125,0.5270659494437109,1.0,0.9189811624705727,1.0,0.9885098200787855,0.9189811624705727,0,nominal,0.0,0.0,0.0,0.0,0.0,0.0,0.0,0.0,0.0,0.0,0.0,0.0
27550,3037.744053516377,83.69034274568946,1126.85,80.96172100612745,68.40067947807628,14.003245101449993,7.00257057341347,22.012922118672382,0.5270659494437114,1.0,0.9188744675320651,1.0,0.9885098200787855,0.9188744675320651,0,nominal,0.0,0.0,0.0,0.0,0.0,0.0,0.0,0.0,0.0,0.0,0.0,0.0
27600,3037.7440535163782,83.68838813675126,1126.85,80.96570046730511,68.39532550357113,14.003245101449993,7.002787000493124,22.01360246775259,0.5270659494437118,1.0,0.9187689979515015,1.0,0.9885098200787855,0.9187689979515015,0,nominal,0.0,0.0,0.0,0.0,0.0,0.0,0.0,0.0,0.0,0.0,0.0,0.0
27650,3037.7440535163796,83.68640317204216,1126.85,80.96963107392003,68.39003373603198,14.003245101449993,7.003000764736842,22.01427444607816,0.527065949443712,1.0,0.918664753804979,1.0,0.9885098200787855,0.918664753804979,0,nominal,0.0,0.0,0.0,0.0,0.0,0.0,0.0,0.0,0.0,0.0,0.0,0.0
27700,3037.744053516381,83.68438788738831,1126.85,80.9735129054053,68.38480417763178,14.003245101449995,7.003211871662952,22.01493807099624,0.5270659494437124,1.0,0.9185617351353027,0.9999999999999997,0.9885098200787855,0.9185617351353027,0,nominal,0.0,0.0,0.0,0.0,0.0,0.0,0.0,0.0,0.0,0.0,0.0,0.0
27750,3037.744053516382,83.68234231857207,1126.85,80.97734604109246,68.37963682887101,14.003245101449993,7.003420326765945,22.015593359779015,0.5270659494437127,1.0,0.9184599419523319,1.0,0.9885098200787855,0.9184599419523319,0,nominal,0.0,0.0,0.0,0.0,0.0,0.0,0.0,0.0,0.0,0.0,0.0,0.0
27800,3037.744053516383,83.68026650133231,1126.85,80.98113056021185,68.37453168859449,14.003245101449993,7.003626135516601,22.016240329624157,0.527065949443713,1.0,0.9183593742333103,1.0,0.9885098200787855,0.9183593742333103,0,nominal,0.0,0.0,0.0,0.0,0.0,0.0,0.0,0.0,0.0,0.0,0.0,0.0
27850,3037.7440535163837,83.67816047136478,1126.85,80.9848665418931,68.36948875400836,14.003245101449995,7.003829303362132,22.016878997655244,0.5270659494437132,1.0,0.918260031923201,0.9999999999999997,0.9885098200787855,0.918260031923201,0,nominal,0.0,0.0,0.0,0.0,0.0,0.0,0.0,0.0,0.0,0.0,0.0,0.0
27900,3037.744053516384,83.67602426432222,1126.85,80.98855406516566,68.36450802069656,14.003245101449993,7.004029835726281,22.017509380922068,0.5270659494437133,1.0,0.9181619149350108,1.0,0.9885098200787855,0.9181619149350108,0,nominal,0.0,0.0,0.0,0.0,0.0,0.0,0.0,0.0,0.0,0.0,0.0,0.0
27950,3037.7440535163846,83.67385791581478,1126.85,80.99219320895901,68.35958948263708,14.003245101449993,7.004227738009475,22.01813149640114,0.5270659494437134,1.0,0.9180650231501096,1.0,0.9885098200787855,0.9180650231501096,0,nominal,0.0,0.0,0.0,0.0,0.0,0.0,0.0,0.0,0.0,0.0,0.0,0.0
28000,3037.744053516385,83.67166146141017,1126.85,80.9957840521032,68.35473313221863,14.003245101449993,7.0044230155889196,22.018745360995972,0.5270659494437135,1.0,0.9179693564185608,1.0,0.9885098200787855,0.9179693564185608,0,nominal,0.0,0.0,0.0,0.0,0.0,0.0,0.0,0.0,0.0,0.0,0.0,0.0
28050,3037.7440535163855,83.66943493663405,1126.85,80.99932667332934,68.3499389602564,14.003245101449993,7.004615673818736,22.0193509915375,0.5270659494437135,1.0,0.9178749145594299,1.0,0.9885098200787855,0.9178749145594299,0,nominal,0.0,0.0,0.0,0.0,0.0,0.0,0.0,0.0,0.0,0.0,0.0,0.0
28100,3037.744053516386,83.66717837697024,1126.85,81.00282115126981,68.34520695600781,14.003245101449993,7.004805718030087,22.01994840478449,0.5270659494437138,1.0,0.9177816973610959,1.0,0.9885098200787855,0.9177816973610959,0,nominal,0.0,0.0,0.0,0.0,0.0,0.0,0.0,0.0,0.0,0.0,0.0,0.0
28150,3037.7440535163864,83.66489181786102,1126.85,81.00626756445888,68.34053710718857,14.003245101449993,7.004993153531286,22.02053761742389,0.5270659494437138,1.0,0.917689704581566,1.0,0.9885098200787855,0.917689704581566,0,nominal,0.0,0.0,0.0,0.0,0.0,0.0,0.0,0.0,0.0,0.0,0.0,0.0
28200,3037.7440535163864,83.66257529470727,1126.85,81.00966599133295,68.33592939998779,14.003245101449995,7.005177985607925,22.021118646071212,0.527065949443714,1.0,0.917598935948776,0.9999999999999997,0.9885098200787855,0.917598935948776,0,nominal,0.0,0.0,0.0,0.0,0.0,0.0,0.0,0.0,0.0,0.0,0.0,0.0
28250,3037.7440535163864,83.66022884286883,1126.85,81.01301651023107,68.33138381908354,14.003245101449995,7.0053602195229905,22.02169150727092,0.527065949443714,1.0,0.917509391160894,0.9999999999999997,0.9885098200787855,0.917509391160894,0,nominal,0.0,0.0,0.0,0.0,0.0,0.0,0.0,0.0,0.0,0.0,0.0,0.0
28300,3037.7440535163864,83.65785249766486,1126.85,81.01631919939524,68.32690034765798,14.003245101449995,7.005539860516979,22.022256217496764,0.527065949443714,1.0,0.9174210698866209,0.9999999999999997,0.9885098200787855,0.9174210698866209,0,nominal,0.0,0.0,0.0,0.0,0.0,0.0,0.0,0.0,0.0,0.0,0.0,0.0
28350,3037.7440535163864,83.65544629437392,1126.85,81.0195741369709,68.3224789674122,14.003245101449995,7.005716913808024,22.022812793152198,0.527065949443714,1.0,0.91733397176548,0.9999999999999997,0.9885098200787855,0.91733397176548,0,nominal,0.0,0.0,0.0,0.0,0.0,0.0,0.0,0.0,0.0,0.0,0.0,0.0
28400,3037.7440535163864,83.6530102682342,1126.85,81.0227814010072,68.31811965858097,14.003245101449995,7.005891384592007,22.02336125057073,0.527065949443714,1.0,0.9172480964081108,0.9999999999999997,0.9885098200787855,0.9172480964081108,0,nominal,0.0,0.0,0.0,0.0,0.0,0.0,0.0,0.0,0.0,0.0,0.0,0.0
28450,3037.7440535163864,83.650544454444,1126.85,81.02594106945747,68.31382239994768,14.003245101449995,7.0060632780426655,22.023901606016263,0.527065949443714,1.0,0.9171634433965601,0.9999999999999997,0.9885098200787855,0.9171634433965601,0,nominal,0.0,0.0,0.0,0.0,0.0,0.0,0.0,0.0,0.0,0.0,0.0,0.0
28500,3037.7440535163864,83.64804888816184,1126.85,81.0290532201796,68.30958716885836,14.003245101449995,7.0062325993117245,22.02443387568349,0.527065949443714,1.0,0.917080012284561,0.9999999999999997,0.9885098200787855,0.917080012284561,0,nominal,0.0,0.0,0.0,0.0,0.0,0.0,0.0,0.0,0.0,0.0,0.0,0.0
28550,3037.7440535163864,83.6455236045066,1126.85,81.03211793093647,68.30541394123611,14.003245101449995,7.006399353528999,22.02495807569823,0.527065949443714,1.0,0.916997802597815,0.9999999999999997,0.9885098200787855,0.916997802597815,0,nominal,0.0,0.0,0.0,0.0,0.0,0.0,0.0,0.0,0.0,0.0,0.0,0.0
28600,3037.7440535163864,83.64296863855793,1126.85,81.03513527939612,68.3013026915951,14.003245101449995,7.00656354580252,22.02547422211784,0.527065949443714,1.0,0.916916813834269,0.9999999999999997,0.9885098200787855,0.916916813834269,0,nominal,0.0,0.0,0.0,0.0,0.0,0.0,0.0,0.0,0.0,0.0,0.0,0.0
28650,3037.7440535163864,83.64038402535641,1126.85,81.03810534313237,68.29725339305479,14.003245101449995,7.006725181218626,22.02598233093146,0.527065949443714,1.0,0.9168370454643949,0.9999999999999997,0.9885098200787855,0.9168370454643949,0,nominal,0.0,0.0,0.0,0.0,0.0,0.0,0.0,0.0,0.0,0.0,0.0,0.0
28700,3037.7440535163864,83.63776979990388,1126.85,81.04102819962509,68.2932660173531,14.003245101449995,7.006884264842106,22.026482418060507,0.527065949443714,1.0,0.9167584969314497,0.9999999999999997,0.9885098200787855,0.9167584969314497,0,nominal,0.0,0.0,0.0,0.0,0.0,0.0,0.0,0.0,0.0,0.0,0.0,0.0
28750,3037.7440535163864,83.63512599716358,1126.85,81.0439039262605,68.28934053486049,14.003245101449995,7.0070408017162835,22.026974499358918,0.527065949443714,1.0,0.9166811676517517,0.9999999999999997,0.9885098200787855,0.9166811676517517,0,nominal,0.0,0.0,0.0,0.0,0.0,0.0,0.0,0.0,0.0,0.0,0.0,0.0
28800,3037.7440535163864,83.63245265206046,1126.85,81.04673260033167,68.28547691459308,14.003245101449995,7.0071947968631445,22.027458590613545,0.527065949443714,1.0,0.91660505701494,0.9999999999999997,0.9885098200787855,0.91660505701494,0,nominal,0.0,0.0,0.0,0.0,0.0,0.0,0.0,0.0,0.0,0.0,0.0,0.0
28850,3037.7440535163864,83.62974979948132,1126.85,81.04951429903872,68.28167512422593,14.003245101449995,7.007346255283444,22.02793470754451,0.527065949443714,1.0,0.9165301643842358,0.9999999999999997,0.9885098200787855,0.9165301643842358,0,nominal,0.0,0.0,0.0,0.0,0.0,0.0,0.0,0.0,0.0,0.0,0.0,0.0
28900,3037.7440535163864,83.62701747427508,1126.85,81.0522490994893,68.27793513010621,14.003245101449995,7.007495181956808,22.028402865805507,0.527065949443714,1.0,0.916456489096702,0.9999999999999997,0.9885098200787855,0.916456489096702,0,nominal,0.0,0.0,0.0,0.0,0.0,0.0,0.0,0.0,0.0,0.0,0.0,0.0
28950,3037.7440535163864,83.62425571125317,1126.85,81.05493707869891,68.27425689726594,14.003245101449995,7.007641581841857,22.0288630809842,0.527065949443714,1.0,0.9163840304634931,0.9999999999999997,0.9885098200787855,0.9163840304634931,0,nominal,0.0,0.0,0.0,0.0,0.0,0.0,0.0,0.0,0.0,0.0,0.0,0.0
29000,3037.7440535163864,83.62146454518944,1126.85,81.05757831359125,68.2706403894348,14.003245101449995,7.007785459876301,22.029315368602525,0.527065949443714,1.0,0.9163127877701096,0.9999999999999997,0.9885098200787855,0.9163127877701096,0,nominal,0.0,0.0,0.0,0.0,0.0,0.0,0.0,0.0,0.0,0.0,0.0,0.0
29050,3037.7440535163864,83.61864401082073,1126.85,81.06017288099855,68.26708556905268,14.003245101449995,7.007926820977053,22.029759744117033,0.527065949443714,1.0,0.9162427602766428,0.9999999999999997,0.9885098200787855,0.9162427602766428,0,nominal,0.0,0.0,0.0,0.0,0.0,0.0,0.0,0.0,0.0,0.0,0.0,0.0
29100,3037.7440535163864,83.61579414284682,1126.85,81.06272085766193,68.26359239728198,14.003245101449995,7.008065670040342,22.030196222919265,0.527065949443714,1.0,0.9161739472180193,0.9999999999999997,0.9885098200787855,0.9161739472180193,0,nominal,0.0,0.0,0.0,0.0,0.0,0.0,0.0,0.0,0.0,0.0,0.0,0.0
29150,3037.7440535163864,83.61291497593083,1126.85,81.06522232023173,68.26016083402014,14.003245101449995,7.0082020119418065,22.03062482033603,0.527065949443714,1.0,0.9161063478042463,0.9999999999999997,0.9885098200787855,0.9161063478042463,0,nominal,0.0,0.0,0.0,0.0,0.0,0.0,0.0,0.0,0.0,0.0,0.0,0.0
29200,3037.7440535163864,83.61000654469939,1126.85,81.0676773452679,68.25679083791135,14.003245101449995,7.008335851536611,22.031045551629763,0.527065949443714,1.0,0.9160399612206434,0.9999999999999997,0.9885098200787855,0.9160399612206434,0,nominal,0.0,0.0,0.0,0.0,0.0,0.0,0.0,0.0,0.0,0.0,0.0,0.0
29250,3037.7440535163864,83.60706888374278,1126.85,81.07008600924024,68.25348236635872,14.003245101449995,7.0084671936595475,22.03145843199888,0.527065949443714,1.0,0.9159747866280811,0.9999999999999997,0.9885098200787855,0.9159747866280811,0,nominal,0.0,0.0,0.0,0.0,0.0,0.0,0.0,0.0,0.0,0.0,0.0,0.0
29300,3037.7440535163864,83.60410202761528,1126.85,81.07244838852881,68.25023537553598,14.003245101449995,7.008596043125141,22.031863476578067,0.527065949443714,1.0,0.9159108231632123,0.9999999999999997,0.9885098200787855,0.9159108231632123,0,nominal,0.0,0.0,0.0,0.0,0.0,0.0,0.0,0.0,0.0,0.0,0.0,0.0
29350,3037.7440535163864,83.60110601083528,1126.85,81.07476455942418,68.24704982039908,14.003245101449995,7.008722404727747,22.03226070043862,0.527065949443714,1.0,0.9158480699387009,0.9999999999999997,0.9885098200787855,0.9158480699387009,0,nominal,0.0,0.0,0.0,0.0,0.0,0.0,0.0,0.0,0.0,0.0,0.0,0.0
29400,3037.7440535163864,83.59808086788553,1126.85,81.07703459812791,68.24392565469776,14.003245101449995,7.008846283241659,22.03265011858876,0.527065949443714,1.0,0.9157865260434485,0.9999999999999997,0.9885098200787855,0.9157865260434485,0,nominal,0.0,0.0,0.0,0.0,0.0,0.0,0.0,0.0,0.0,0.0,0.0,0.0
29450,3037.7440535163864,83.59502663321342,1126.85,81.07925858075271,68.24086283098652,14.003245101449995,7.008967683421224,22.033031745974007,0.527065949443714,1.0,0.9157261905428116,0.9999999999999997,0.9885098200787855,0.9157261905428116,0,nominal,0.0,0.0,0.0,0.0,0.0,0.0,0.0,0.0,0.0,0.0,0.0,0.0
29500,3037.7440535163864,83.59194334123106,1126.85,81.08143658332284,68.23786130063611,14.003245101449995,7.009086610000921,22.033405597477433,0.527065949443714,1.0,0.9156670624788283,0.9999999999999997,0.9885098200787855,0.9156670624788283,0,nominal,0.0,0.0,0.0,0.0,0.0,0.0,0.0,0.0,0.0,0.0,0.0,0.0
29550,3037.7440535163864,83.58883102631557,1126.85,81.08356868177441,68.23492101384444,14.003245101449995,7.009203067695474,22.03377168792,0.527065949443714,1.0,0.9156091408704317,0.9999999999999997,0.9885098200787855,0.9156091408704317,0,nominal,0.0,0.0,0.0,0.0,0.0,0.0,0.0,0.0,0.0,0.0,0.0,0.0
29600,3037.7440535163864,83.58568972280926,1126.85,81.08565495195575,68.23204191964732,14.003245101449995,7.009317061199961,22.03413003206091,0.527065949443714,1.0,0.9155524247136623,0.9999999999999997,0.9885098200787855,0.9155524247136623,0,nominal,0.0,0.0,0.0,0.0,0.0,0.0,0.0,0.0,0.0,0.0,0.0,0.0
29650,3037.7440535163864,83.58251946501991,1126.85,81.08769546962759,68.22922396592911,14.003245101449995,7.009428595189902,22.034480644597895,0.527065949443714,1.0,0.9154969129818784,0.9999999999999997,0.9885098200787855,0.9154969129818784,0,nominal,0.0,0.0,0.0,0.0,0.0,0.0,0.0,0.0,0.0,0.0,0.0,0.0
29700,3037.7440535163864,83.57932028722081,1126.85,81.08969031046348,68.2264670994336,14.003245101449995,7.009537674321357,22.0348235401675,0.527065949443714,1.0,0.9154426046259702,0.9999999999999997,0.9885098200787855,0.9154426046259702,0,nominal,0.0,0.0,0.0,0.0,0.0,0.0,0.0,0.0,0.0,0.0,0.0,0.0
29750,3037.7440535163864,83.57609222365119,1126.85,81.09163955005016,68.2237712657741,14.003245101449995,7.009644303231032,22.035158733345444,0.527065949443714,1.0,0.9153894985745566,0.9999999999999997,0.9885098200787855,0.9153894985745566,0,nominal,0.0,0.0,0.0,0.0,0.0,0.0,0.0,0.0,0.0,0.0,0.0,0.0
29800,3037.7440535163864,83.57283530851618,1126.85,81.09354326388763,68.22113640944363,14.003245101449995,7.009748486536383,22.03548623864692,0.527065949443714,1.0,0.9153375937341895,0.9999999999999997,0.9885098200787855,0.9153375937341895,0,nominal,0.0,0.0,0.0,0.0,0.0,0.0,0.0,0.0,0.0,0.0,0.0,0.0
29850,3037.7440535163864,83.56954957598714,1126.85,81.0954015273897,68.21856247382536,14.003245101449995,7.0098502288357,22.03580607052688,0.527065949443714,1.0,0.9152868889895562,0.9999999999999997,0.9885098200787855,0.9152868889895562,0,nominal,0.0,0.0,0.0,0.0,0.0,0.0,0.0,0.0,0.0,0.0,0.0,0.0
29900,3037.7440535163864,83.56623506020185,1126.85,81.0972144158842,68.21604940120231,14.003245101449995,7.009949534708207,22.03611824338034,0.527065949443714,1.0,0.9152373832036728,0.9999999999999997,0.9885098200787855,0.9152373832036728,0,nominal,0.0,0.0,0.0,0.0,0.0,0.0,0.0,0.0,0.0,0.0,0.0,0.0
29950,3037.7440535163864,83.5628917952647,1126.85,81.09898200461316,68.21359713276722,14.003245101449995,7.010046408714174,22.036422771542718,0.527065949443714,1.0,0.9151890752180764,0.9999999999999997,0.9885098200787855,0.9151890752180764,0,nominal,0.0,0.0,0.0,0.0,0.0,0.0,0.0,0.0,0.0,0.0,0.0,0.0
30000,3037.7440535163864,83.55951981524692,1126.85,81.10070436873332,68.21120560863243,14.003245101449995,7.010140855394984,22.03671966929009,0.527065949443714,1.0,0.9151419638530218,0.9999999999999997,0.9885098200787855,0.9151419638530218,0,nominal,0.0,0.0,0.0,0.0,0.0,0.0,0.0,0.0,0.0,0.0,0.0,0.0
30050,3037.7440535163864,83.556149542306,1126.85,81.10242373915287,68.20887476783903,14.003245101449995,7.010232879273261,22.03700895083953,0.527065949443714,1.0,0.9150960479076615,0.9999999999999997,0.9885098200787855,0.9150960479076615,0,nominal,0.0,0.0,0.0,0.0,0.0,0.0,0.0,0.0,0.0,0.0,0.0,0.0
30100,3037.7440535163864,83.55278097541225,1126.85,81.10414011986654,68.20654748160719,14.003245101449995,7.010324736961904,22.037297709963756,0.527065949443714,1.0,0.9150502019846958,0.9999999999999997,0.9885098200787855,0.9150502019846958,0,nominal,0.0,0.0,0.0,0.0,0.0,0.0,0.0,0.0,0.0,0.0,0.0,0.0
30150,3037.7440535163864,83.54941411353661,1126.85,81.1058535148639,68.2042237474754,14.003245101449995,7.010416428707404,22.037585947437616,0.527065949443714,1.0,0.9150044260356349,0.9999999999999997,0.9885098200787855,0.9150044260356349,0,nominal,0.0,0.0,0.0,0.0,0.0,0.0,0.0,0.0,0.0,0.0,0.0,0.0
30200,3037.7440535163864,83.54604895565092,1126.85,81.10756392812954,68.20190356297634,14.003245101449995,7.010507954755856,22.037873664034727,0.527065949443714,1.0,0.9149587200118744,0.9999999999999997,0.9885098200787855,0.9149587200118744,0,nominal,0.0,0.0,0.0,0.0,0.0,0.0,0.0,0.0,0.0,0.0,0.0,0.0
30250,3037.7440535163864,83.54268550072771,1126.85,81.1092713636429,68.19958692563678,14.003245101449995,7.010599315352965,22.038160860527473,0.527065949443714,1.0,0.9149130838646933,0.9999999999999997,0.9885098200787855,0.9149130838646933,0,nominal,0.0,0.0,0.0,0.0,0.0,0.0,0.0,0.0,0.0,0.0,0.0,0.0
30300,3037.7440535163864,83.5393237477403,1126.85,81.11097582537832,68.19727383297774,14.003245101449995,7.010690510744047,22.038447537687013,0.527065949443714,1.0,0.9148675175452573,0.9999999999999997,0.9885098200787855,0.9148675175452573,0,nominal,0.0,0.0,0.0,0.0,0.0,0.0,0.0,0.0,0.0,0.0,0.0,0.0
30350,3037.7440535163864,83.53596369566276,1126.85,81.11267731730504,68.19496428251455,14.003245101449995,7.010781541174023,22.03873369628327,0.527065949443714,1.0,0.9148220210046205,0.9999999999999997,0.9885098200787855,0.9148220210046205,0,nominal,0.0,0.0,0.0,0.0,0.0,0.0,0.0,0.0,0.0,0.0,0.0,0.0
30400,3037.7440535163864,83.53260534346998,1126.85,81.11437584338728,68.19265827175686,14.003245101449995,7.010872406887425,22.039019337084948,0.527065949443714,1.0,0.9147765941937243,0.9999999999999997,0.9885098200787855,0.9147765941937243,0,nominal,0.0,0.0,0.0,0.0,0.0,0.0,0.0,0.0,0.0,0.0,0.0,0.0
30450,3037.7440535163864,83.52924869013759,1126.85,81.11607140758417,68.19035579820856,14.003245101449995,7.010963108128398,22.03930446085952,0.527065949443714,1.0,0.9147312370633972,0.9999999999999997,0.9885098200787855,0.9147312370633972,0,nominal,0.0,0.0,0.0,0.0,0.0,0.0,0.0,0.0,0.0,0.0,0.0,0.0
30500,3037.7440535163864,83.52589373464201,1126.85,81.11776401384986,68.18805685936796,14.003245101449995,7.011053645140698,22.03958906837325,0.527065949443714,1.0,0.914685949564358,0.9999999999999997,0.9885098200787855,0.914685949564358,0,nominal,0.0,0.0,0.0,0.0,0.0,0.0,0.0,0.0,0.0,0.0,0.0,0.0
30550,3037.7440535163864,83.5225404759604,1126.85,81.11945366613332,68.18576145272779,14.003245101449995,7.011144018167698,22.039873160391192,0.527065949443714,1.0,0.9146407316472145,0.9999999999999997,0.9885098200787855,0.9146407316472145,0,nominal,0.0,0.0,0.0,0.0,0.0,0.0,0.0,0.0,0.0,0.0,0.0,0.0
30600,3037.7440535163864,83.5191889130707,1126.85,81.12114036837858,68.18346957577528,14.003245101449995,7.011234227452374,22.04015673767715,0.527065949443714,1.0,0.9145955832624675,0.9999999999999997,0.9885098200787855,0.9145955832624675,0,nominal,0.0,0.0,0.0,0.0,0.0,0.0,0.0,0.0,0.0,0.0,0.0,0.0
30650,3037.7440535163864,83.51583904495158,1126.85,81.12282412452458,68.1811812259921,14.003245101449995,7.011324273237328,22.040439800993763,0.527065949443714,1.0,0.9145505043605074,0.9999999999999997,0.9885098200787855,0.9145505043605074,0,nominal,0.0,0.0,0.0,0.0,0.0,0.0,0.0,0.0,0.0,0.0,0.0,0.0
30700,3037.7440535163864,83.5124908705825,1126.85,81.12450493850525,68.17889640085451,14.003245101449995,7.011414155764768,22.04072235110241,0.527065949443714,1.0,0.9145054948916185,0.9999999999999997,0.9885098200787855,0.9145054948916185,0,nominal,0.0,0.0,0.0,0.0,0.0,0.0,0.0,0.0,0.0,0.0,0.0,0.0
30750,3037.7440535163864,83.50914438894375,1126.85,81.12618281424949,68.17661509783335,14.003245101449995,7.011503875276519,22.041004388763298,0.527065949443714,1.0,0.9144605548059774,0.9999999999999997,0.9885098200787855,0.9144605548059774,0,nominal,0.0,0.0,0.0,0.0,0.0,0.0,0.0,0.0,0.0,0.0,0.0,0.0
30800,3037.7440535163864,83.50579959901631,1126.85,81.12785775568119,68.17433731439402,14.003245101449995,7.011593432014028,22.04128591473541,0.527065949443714,1.0,0.9144156840536554,0.9999999999999997,0.9885098200787855,0.9144156840536554,0,nominal,0.0,0.0,0.0,0.0,0.0,0.0,0.0,0.0,0.0,0.0,0.0,0.0
30850,3037.7440535163864,83.50245649978189,1126.85,81.1295297667192,68.17206304799667,14.003245101449995,7.01168282621835,22.04156692977653,0.527065949443714,1.0,0.9143708825846183,0.9999999999999997,0.9885098200787855,0.9143708825846183,0,nominal,0.0,0.0,0.0,0.0,0.0,0.0,0.0,0.0,0.0,0.0,0.0,0.0
30900,3037.7440535163864,83.49911509022303,1126.85,81.13119885127742,68.1697922960961,14.003245101449995,7.0117720581301635,22.04184743464323,0.527065949443714,1.0,0.9143261503487277,0.9999999999999997,0.9885098200787855,0.9143261503487277,0,nominal,0.0,0.0,0.0,0.0,0.0,0.0,0.0,0.0,0.0,0.0,0.0,0.0
30950,3037.7440535163864,83.49577536932304,1126.85,81.13286501326468,68.16752505614187,14.003245101449995,7.011861127989765,22.042127430090897,0.527065949443714,1.0,0.9142814872957415,0.9999999999999997,0.9885098200787855,0.9142814872957415,0,nominal,0.0,0.0,0.0,0.0,0.0,0.0,0.0,0.0,0.0,0.0,0.0,0.0
31000,3037.7440535163864,83.49243733606596,1126.85,81.13452825658493,68.16526132557838,14.003245101449995,7.011950036037064,22.0424069168737,0.527065949443714,1.0,0.9142368933753167,0.9999999999999997,0.9885098200787855,0.9142368933753167,0,nominal,0.0,0.0,0.0,0.0,0.0,0.0,0.0,0.0,0.0,0.0,0.0,0.0
31050,3037.7440535163864,83.48910098943662,1126.85,81.136188585137,68.16300110184463,14.003245101449995,7.012038782511603,22.04268589574465,0.527065949443714,1.0,0.9141923685370027,0.9999999999999997,0.9885098200787855,0.9141923685370027,0,nominal,0.0,0.0,0.0,0.0,0.0,0.0,0.0,0.0,0.0,0.0,0.0,0.0
31100,3037.7440535163864,83.48576632842054,1126.85,81.13784600281491,68.1607443823747,14.003245101449995,7.012127367652528,22.04296436745552,0.527065949443714,1.0,0.9141479127302533,0.9999999999999997,0.9885098200787855,0.9141479127302533,0,nominal,0.0,0.0,0.0,0.0,0.0,0.0,0.0,0.0,0.0,0.0,0.0,0.0
31150,3037.7440535163864,83.48243335200408,1126.85,81.13950051350753,68.15849116459748,14.003245101449995,7.012215791698623,22.043242332756936,0.527065949443714,1.0,0.9141035259044187,0.9999999999999997,0.9885098200787855,0.9141035259044187,0,nominal,0.0,0.0,0.0,0.0,0.0,0.0,0.0,0.0,0.0,0.0,0.0,0.0
31200,3037.7440535163864,83.47910205917435,1126.85,81.14115212109891,68.15624144593676,14.003245101449995,7.012304054888283,22.043519792398296,0.527065949443714,1.0,0.9140592080087501,0.9999999999999997,0.9885098200787855,0.9140592080087501,0,nominal,0.0,0.0,0.0,0.0,0.0,0.0,0.0,0.0,0.0,0.0,0.0,0.0
31250,3037.7440535163864,83.47577244891914,1126.85,81.14280082946806,68.15399522381136,14.003245101449995,7.012392157459527,22.04379674712784,0.527065949443714,1.0,0.9140149589923997,0.9999999999999997,0.9885098200787855,0.9140149589923997,0,nominal,0.0,0.0,0.0,0.0,0.0,0.0,0.0,0.0,0.0,0.0,0.0,0.0
31300,3037.7440535163864,83.4724445202271,1126.85,81.14444664248907,68.15175249563505,14.003245101449995,7.012480099650002,22.044073197692608,0.527065949443714,1.0,0.9139707788044206,0.9999999999999997,0.9885098200787855,0.9139707788044206,0,nominal,0.0,0.0,0.0,0.0,0.0,0.0,0.0,0.0,0.0,0.0,0.0,0.0
31350,3037.7440535163864,83.46911827208754,1126.85,81.14608956403106,68.14951325881671,14.003245101449995,7.012567881696973,22.044349144838467,0.527065949443714,1.0,0.9139266673937695,0.9999999999999997,0.9885098200787855,0.9139266673937695,0,nominal,0.0,0.0,0.0,0.0,0.0,0.0,0.0,0.0,0.0,0.0,0.0,0.0
31400,3037.7440535163864,83.46579370349065,1126.85,81.14772959795829,68.14727751076033,14.003245101449995,7.012655503837333,22.044624589310093,0.527065949443714,1.0,0.9138826247093067,0.9999999999999997,0.9885098200787855,0.9138826247093067,0,nominal,0.0,0.0,0.0,0.0,0.0,0.0,0.0,0.0,0.0,0.0,0.0,0.0
31450,3037.7440535163864,83.46247081342722,1126.85,81.14936674812998,68.14504524886483,14.003245101449995,7.012742966307604,22.044899531851005,0.527065949443714,1.0,0.9138386506997929,0.9999999999999997,0.9885098200787855,0.9138386506997929,0,nominal,0.0,0.0,0.0,0.0,0.0,0.0,0.0,0.0,0.0,0.0,0.0,0.0
31500,3037.7440535163864,83.4591496008889,1126.85,81.1510010184005,68.14281647052452,14.003245101449995,7.012830269343928,22.04517397320353,0.527065949443714,1.0,0.9137947453138977,0.9999999999999997,0.9885098200787855,0.9137947453138977,0,nominal,0.0,0.0,0.0,0.0,0.0,0.0,0.0,0.0,0.0,0.0,0.0,0.0
31550,3037.7440535163864,83.45583006486811,1126.85,81.15263241261931,68.1405911731288,14.003245101449995,7.012917413182072,22.045447914108816,0.527065949443714,1.0,0.9137509085001942,0.9999999999999997,0.9885098200787855,0.9137509085001942,0,nominal,0.0,0.0,0.0,0.0,0.0,0.0,0.0,0.0,0.0,0.0,0.0,0.0
31600,3037.7440535163864,83.45251220435796,1126.85,81.15426093463094,68.13836935406228,14.003245101449995,7.013004398057442,22.045721355306863,0.527065949443714,1.0,0.9137071402071609,0.9999999999999997,0.9885098200787855,0.9137071402071609,0,nominal,0.0,0.0,0.0,0.0,0.0,0.0,0.0,0.0,0.0,0.0,0.0,0.0
31650,3037.7440535163864,83.44919601835232,1126.85,81.155886588275,68.13615101070476,14.003245101449995,7.013091224205066,22.045994297536502,0.527065949443714,1.0,0.9136634403831819,0.9999999999999997,0.9885098200787855,0.9136634403831819,0,nominal,0.0,0.0,0.0,0.0,0.0,0.0,0.0,0.0,0.0,0.0,0.0,0.0
31700,3037.7440535163864,83.44588150584582,1126.85,81.15750937738619,68.1339361404316,14.003245101449995,7.013177891859596,22.04626674153537,0.527065949443714,1.0,0.9136198089765536,0.9999999999999997,0.9885098200787855,0.9136198089765536,0,nominal,0.0,0.0,0.0,0.0,0.0,0.0,0.0,0.0,0.0,0.0,0.0,0.0
31750,3037.7440535163864,83.4425686658339,1126.85,81.15912930579435,68.13172474061331,14.003245101449995,7.013264401255319,22.046538688039963,0.527065949443714,1.0,0.9135762459354765,0.9999999999999997,0.9885098200787855,0.9135762459354765,0,nominal,0.0,0.0,0.0,0.0,0.0,0.0,0.0,0.0,0.0,0.0,0.0,0.0
31800,3037.7440535163864,83.43925749731267,1126.85,81.16074637732441,68.12951680861579,14.003245101449995,7.0133507526261525,22.046810137785606,0.527065949443714,1.0,0.913532751208061,0.9999999999999997,0.9885098200787855,0.913532751208061,0,nominal,0.0,0.0,0.0,0.0,0.0,0.0,0.0,0.0,0.0,0.0,0.0,0.0
31850,3037.7440535163864,83.43594799927905,1126.85,81.16236059579649,68.12731234180045,14.003245101449995,7.013436946205642,22.04708109150646,0.527065949443714,1.0,0.9134893247423285,0.9999999999999997,0.9885098200787855,0.9134893247423285,0,nominal,0.0,0.0,0.0,0.0,0.0,0.0,0.0,0.0,0.0,0.0,0.0,0.0
31900,3037.7440535163864,83.43264017073062,1126.85,81.16397196502572,68.125111337524,14.003245101449995,7.013522982226968,22.04735154993555,0.527065949443714,1.0,0.9134459664862085,0.9999999999999997,0.9885098200787855,0.9134459664862085,0,nominal,0.0,0.0,0.0,0.0,0.0,0.0,0.0,0.0,0.0,0.0,0.0,0.0
31950,3037.7440535163864,83.42933401066585,1126.85,81.16558048882251,68.12291379313876,14.003245101449995,7.013608860922942,22.047621513804717,0.527065949443714,1.0,0.913402676387543,0.9999999999999997,0.9885098200787855,0.913402676387543,0,nominal,0.0,0.0,0.0,0.0,0.0,0.0,0.0,0.0,0.0,0.0,0.0,0.0
32000,3037.7440535163864,83.42602951808385,1126.85,81.1671861709923,68.12071970599253,14.003245101449995,7.0136945825260115,22.04789098384468,0.527065949443714,1.0,0.9133594543940855,0.9999999999999997,0.9885098200787855,0.9133594543940855,0,nominal,0.0,0.0,0.0,0.0,0.0,0.0,0.0,0.0,0.0,0.0,0.0,0.0
32050,3037.7440535163864,83.42272669198451,1126.85,81.16878901533568,68.1185290734287,14.003245101449995,7.01378014726825,22.048159960784968,0.527065949443714,1.0,0.9133163004535029,0.9999999999999997,0.9885098200787855,0.9133163004535029,0,nominal,0.0,0.0,0.0,0.0,0.0,0.0,0.0,0.0,0.0,0.0,0.0,0.0
32100,3037.7440535163864,83.41942553136846,1126.85,81.17038902564849,68.11634189278614,14.003245101449995,7.013865555381375,22.048428445354002,0.527065949443714,1.0,0.9132732145133727,0.9999999999999997,0.9885098200787855,0.9132732145133727,0,nominal,0.0,0.0,0.0,0.0,0.0,0.0,0.0,0.0,0.0,0.0,0.0,0.0
32150,3037.7440535163864,83.41612603523708,1126.85,81.17198620572162,68.11415816139946,14.003245101449995,7.013950807096733,22.048696438279027,0.527065949443714,1.0,0.9132301965211885,0.9999999999999997,0.9885098200787855,0.9132301965211885,0,nominal,0.0,0.0,0.0,0.0,0.0,0.0,0.0,0.0,0.0,0.0,0.0,0.0
32200,3037.7440535163864,83.4128282025925,1126.85,81.17358055934119,68.11197787659893,14.003245101449995,7.014035902645308,22.04896394028615,0.527065949443714,1.0,0.9131872464243589,0.9999999999999997,0.9885098200787855,0.9131872464243589,0,nominal,0.0,0.0,0.0,0.0,0.0,0.0,0.0,0.0,0.0,0.0,0.0,0.0
32250,3037.7440535163864,83.4095320324376,1126.85,81.17517209028847,68.1098010357105,14.003245101449995,7.0141208422577215,22.049230952100345,0.527065949443714,1.0,0.9131443641702063,0.9999999999999997,0.9885098200787855,0.9131443641702063,0,nominal,0.0,0.0,0.0,0.0,0.0,0.0,0.0,0.0,0.0,0.0,0.0,0.0
32300,3037.7440535163864,83.40623752377599,1126.85,81.17676080233991,68.10762763605581,14.003245101449995,7.01420562616423,22.049497474445438,0.527065949443714,1.0,0.9131015497059691,0.9999999999999997,0.9885098200787855,0.9131015497059691,0,nominal,0.0,0.0,0.0,0.0,0.0,0.0,0.0,0.0,0.0,0.0,0.0,0.0
32350,3037.7440535163864,83.40294467561205,1126.85,81.1783466992672,68.1054576749523,14.003245101449995,7.014290254594731,22.049763508044116,0.527065949443714,1.0,0.9130588029788032,0.9999999999999997,0.9885098200787855,0.9130588029788032,0,nominal,0.0,0.0,0.0,0.0,0.0,0.0,0.0,0.0,0.0,0.0,0.0,0.0
32400,3037.7440535163864,83.39965348695085,1126.85,81.1799297848371,68.10329114971321,14.003245101449995,7.01437472777876,22.050029053617937,0.527065949443714,1.0,0.9130161239357807,0.9999999999999997,0.9885098200787855,0.9130161239357807,0,nominal,0.0,0.0,0.0,0.0,0.0,0.0,0.0,0.0,0.0,0.0,0.0,0.0
32450,3037.7440535163864,83.39636395679827,1126.85,81.1815100628117,68.10112805764759,14.003245101449995,7.014459045945489,22.050294111887318,0.527065949443714,1.0,0.9129735125238917,0.9999999999999997,0.9885098200787855,0.9129735125238917,0,nominal,0.0,0.0,0.0,0.0,0.0,0.0,0.0,0.0,0.0,0.0,0.0,0.0
32500,3037.7440535163864,83.3930760841609,1126.85,81.18308753694822,68.09896839606049,14.003245101449995,7.014543209323729,22.05055868357153,0.527065949443714,1.0,0.9129309686900479,0.9999999999999997,0.9885098200787855,0.9129309686900479,0,nominal,0.0,0.0,0.0,0.0,0.0,0.0,0.0,0.0,0.0,0.0,0.0,0.0
32550,3037.7440535163864,83.38978986804602,1126.85,81.18466221099914,68.09681216225262,14.003245101449995,7.01462721814194,22.05082276938876,0.527065949443714,1.0,0.9128884923810753,0.9999999999999997,0.9885098200787855,0.9128884923810753,0,nominal,0.0,0.0,0.0,0.0,0.0,0.0,0.0,0.0,0.0,0.0,0.0,0.0
32600,3037.7440535163864,83.38650530746179,1126.85,81.18623408871213,68.09465935352084,14.003245101449995,7.014711072628214,22.051086370056012,0.527065949443714,1.0,0.9128460835437238,0.9999999999999997,0.9885098200787855,0.9128460835437238,0,nominal,0.0,0.0,0.0,0.0,0.0,0.0,0.0,0.0,0.0,0.0,0.0,0.0
32650,3037.7440535163864,83.38322240141696,1126.85,81.18780317383005,68.09250996715787,14.003245101449995,7.014794773010291,22.051349486289208,0.527065949443714,1.0,0.9128037421246611,0.9999999999999997,0.9885098200787855,0.9128037421246611,0,nominal,0.0,0.0,0.0,0.0,0.0,0.0,0.0,0.0,0.0,0.0,0.0,0.0
32700,3037.7440535163864,83.37994114892109,1126.85,81.18936947009104,68.09036400045247,14.003245101449995,7.01487831951555,22.051612118803124,0.527065949443714,1.0,0.9127614680704791,0.9999999999999997,0.9885098200787855,0.9127614680704791,0,nominal,0.0,0.0,0.0,0.0,0.0,0.0,0.0,0.0,0.0,0.0,0.0,0.0
32750,3037.7440535163864,83.37666154898449,1126.85,81.19093298122851,68.0882214506895,14.003245101449995,7.014961712371012,22.05187426831141,0.527065949443714,1.0,0.9127192613276901,0.9999999999999997,0.9885098200787855,0.9127192613276901,0,nominal,0.0,0.0,0.0,0.0,0.0,0.0,0.0,0.0,0.0,0.0,0.0,0.0
32800,3037.7440535163864,83.37338360061818,1126.85,81.19249371097101,68.08608231514974,14.003245101449995,7.0150449518033495,22.052135935526614,0.527065949443714,1.0,0.9126771218427281,0.9999999999999997,0.9885098200787855,0.9126771218427281,0,nominal,0.0,0.0,0.0,0.0,0.0,0.0,0.0,0.0,0.0,0.0,0.0,0.0
32850,3037.7440535163864,83.3701073028339,1126.85,81.19405166304244,68.08394659111026,14.003245101449995,7.015128038038869,22.052397121160155,0.527065949443714,1.0,0.9126350495619532,0.9999999999999997,0.9885098200787855,0.9126350495619532,0,nominal,0.0,0.0,0.0,0.0,0.0,0.0,0.0,0.0,0.0,0.0,0.0,0.0
32900,3037.7440535163864,83.36683265464421,1126.85,81.19560684116186,68.08181427584407,14.003245101449995,7.0152109713035316,22.052657825922346,0.527065949443714,1.0,0.9125930444316451,0.9999999999999997,0.9885098200787855,0.9125930444316451,0,nominal,0.0,0.0,0.0,0.0,0.0,0.0,0.0,0.0,0.0,0.0,0.0,0.0
32950,3037.7440535163864,83.36355965506232,1126.85,81.1971592490437,68.07968536662054,14.003245101449995,7.015293751822938,22.052918050522376,0.527065949443714,1.0,0.9125511063980128,0.9999999999999997,0.9885098200787855,0.9125511063980128,0,nominal,0.0,0.0,0.0,0.0,0.0,0.0,0.0,0.0,0.0,0.0,0.0,0.0
33000,3037.7440535163864,83.36028830310215,1126.85,81.19870889039754,68.07755986070511,14.003245101449995,7.015376379822339,22.053177795668326,0.527065949443714,1.0,0.9125092354071874,0.9999999999999997,0.9885098200787855,0.9125092354071874,0,nominal,0.0,0.0,0.0,0.0,0.0,0.0,0.0,0.0,0.0,0.0,0.0,0.0
33050,3037.7440535163864,83.35701859777845,1126.85,81.2002557689284,68.07543775535956,14.003245101449995,7.015458855526631,22.053437062067175,0.527065949443714,1.0,0.9124674314052272,0.9999999999999997,0.9885098200787855,0.9124674314052272,0,nominal,0.0,0.0,0.0,0.0,0.0,0.0,0.0,0.0,0.0,0.0,0.0,0.0
33100,3037.7440535163864,83.35375053810668,1126.85,81.20179988833638,68.07331904784175,14.003245101449995,7.01554117916036,22.053695850424795,0.527065949443714,1.0,0.912425694338115,0.9999999999999997,0.9885098200787855,0.912425694338115,0,nominal,0.0,0.0,0.0,0.0,0.0,0.0,0.0,0.0,0.0,0.0,0.0,0.0
33150,3037.7440535163864,83.350484123103,1126.85,81.20334125231705,68.07120373540612,14.003245101449995,7.015623350947717,22.053954161445937,0.527065949443714,1.0,0.912384024151764,0.9999999999999997,0.9885098200787855,0.912384024151764,0,nominal,0.0,0.0,0.0,0.0,0.0,0.0,0.0,0.0,0.0,0.0,0.0,0.0
33200,3037.7440535163864,83.34721935178436,1126.85,81.20487986456112,68.06909181530314,14.003245101449995,7.015705371112548,22.054211995834276,0.527065949443714,1.0,0.9123424207920113,0.9999999999999997,0.9885098200787855,0.9123424207920113,0,nominal,0.0,0.0,0.0,0.0,0.0,0.0,0.0,0.0,0.0,0.0,0.0,0.0
33250,3037.7440535163864,83.34395622316839,1126.85,81.20641572875473,68.06698328477991,14.003245101449995,7.015787239878342,22.054469354292355,0.527065949443714,1.0,0.9123008842046263,0.9999999999999997,0.9885098200787855,0.9123008842046263,0,nominal,0.0,0.0,0.0,0.0,0.0,0.0,0.0,0.0,0.0,0.0,0.0,0.0
33300,3037.7440535163864,83.3406947362734,1126.85,81.20794884857924,68.06487814107969,14.003245101449995,7.0158689574682445,22.05472623752165,0.527065949443714,1.0,0.9122594143353033,0.9999999999999997,0.9885098200787855,0.9122594143353033,0,nominal,0.0,0.0,0.0,0.0,0.0,0.0,0.0,0.0,0.0,0.0,0.0,0.0
33350,3037.7440535163864,83.33743489011857,1126.85,81.20947922771131,68.06277638144243,14.003245101449995,7.015950524105048,22.054982646222513,0.527065949443714,1.0,0.9122180111296709,0.9999999999999997,0.9885098200787855,0.9122180111296709,0,nominal,0.0,0.0,0.0,0.0,0.0,0.0,0.0,0.0,0.0,0.0,0.0,0.0
33400,3037.7440535163864,83.33417668372368,1126.85,81.21100686982305,68.06067800310436,14.003245101449995,7.016031940011195,22.055238581094205,0.527065949443714,1.0,0.912176674533285,0.9999999999999997,0.9885098200787855,0.912176674533285,0,nominal,0.0,0.0,0.0,0.0,0.0,0.0,0.0,0.0,0.0,0.0,0.0,0.0
33450,3037.7440535163864,83.33092011610933,1126.85,81.21253177858176,68.05858300329811,14.003245101449995,7.016113205408792,22.055494042834933,0.527065949443714,1.0,0.9121354044916303,0.9999999999999997,0.9885098200787855,0.9121354044916303,0,nominal,0.0,0.0,0.0,0.0,0.0,0.0,0.0,0.0,0.0,0.0,0.0,0.0
33500,3037.7440535163864,83.32766518629683,1126.85,81.2140539576501,68.05649137925309,14.003245101449995,7.016194320519583,22.055749032141755,0.527065949443714,1.0,0.912094200950128,0.9999999999999997,0.9885098200787855,0.912094200950128,0,nominal,0.0,0.0,0.0,0.0,0.0,0.0,0.0,0.0,0.0,0.0,0.0,0.0
33550,3037.7440535163864,83.3244118933082,1126.85,81.21557341068609,68.05440312819502,14.003245101449995,7.016275285564977,22.056003549710685,0.527065949443714,1.0,0.9120530638541271,0.9999999999999997,0.9885098200787855,0.9120530638541271,0,nominal,0.0,0.0,0.0,0.0,0.0,0.0,0.0,0.0,0.0,0.0,0.0,0.0
33600,3037.7440535163864,83.32116023616612,1126.85,81.21709014134308,68.05231824734642,14.003245101449995,7.01635610076603,22.05625759623662,0.527065949443714,1.0,0.9120119931489126,0.9999999999999997,0.9885098200787855,0.9120119931489126,0,nominal,0.0,0.0,0.0,0.0,0.0,0.0,0.0,0.0,0.0,0.0,0.0,0.0
33650,3037.7440535163864,83.31791021389415,1126.85,81.21860415326978,68.05023673392625,14.003245101449995,7.016436766343459,22.05651117241339,0.527065949443714,1.0,0.9119709887797005,0.9999999999999997,0.9885098200787855,0.9119709887797005,0,nominal,0.0,0.0,0.0,0.0,0.0,0.0,0.0,0.0,0.0,0.0,0.0,0.0
33700,3037.7440535163864,83.31466182551645,1126.85,81.22011545011026,68.04815858515018,14.003245101449995,7.016517282517633,22.05676427893375,0.527065949443714,1.0,0.9119300506916408,0.9999999999999997,0.9885098200787855,0.9119300506916408,0,nominal,0.0,0.0,0.0,0.0,0.0,0.0,0.0,0.0,0.0,0.0,0.0,0.0
33750,3037.7440535163864,83.31141507005799,1126.85,81.22162403550391,68.04608379823057,14.003245101449995,7.016597649508577,22.057016916489346,0.527065949443714,1.0,0.9118891788298192,0.9999999999999997,0.9885098200787855,0.9118891788298192,0,nominal,0.0,0.0,0.0,0.0,0.0,0.0,0.0,0.0,0.0,0.0,0.0,0.0
33800,3037.7440535163864,83.30816994654441,1126.85,81.22312991308559,68.04401237037649,14.003245101449995,7.016677867535974,22.05726908577077,0.527065949443714,1.0,0.9118483731392568,0.9999999999999997,0.9885098200787855,0.9118483731392568,0,nominal,0.0,0.0,0.0,0.0,0.0,0.0,0.0,0.0,0.0,0.0,0.0,0.0
33850,3037.7440535163864,83.3049264540021,1126.85,81.22463308648537,68.04194429879362,14.003245101449995,7.01675793681917,22.05752078746754,0.527065949443714,1.0,0.9118076335649069,0.9999999999999997,0.9885098200787855,0.9118076335649069,0,nominal,0.0,0.0,0.0,0.0,0.0,0.0,0.0,0.0,0.0,0.0,0.0,0.0
33900,3037.7440535163864,83.30168459145813,1126.85,81.22613355932884,68.03987958068468,14.003245101449995,7.016837857577155,22.057772022268068,0.527065949443714,1.0,0.9117669600516651,0.9999999999999997,0.9885098200787855,0.9117669600516651,0,nominal,0.0,0.0,0.0,0.0,0.0,0.0,0.0,0.0,0.0,0.0,0.0,0.0
33950,3037.7440535163864,83.29844435794035,1126.85,81.22763133523694,68.03781821324888,14.003245101449995,7.016917630028592,22.05802279085973,0.527065949443714,1.0,0.9117263525443577,0.9999999999999997,0.9885098200787855,0.9117263525443577,0,nominal,0.0,0.0,0.0,0.0,0.0,0.0,0.0,0.0,0.0,0.0,0.0,0.0
34000,3037.7440535163864,83.29520575247733,1126.85,81.22912641782597,68.03576019368245,14.003245101449995,7.016997254391799,22.058273093928815,0.527065949443714,1.0,0.9116858109877525,0.9999999999999997,0.9885098200787855,0.9116858109877525,0,nominal,0.0,0.0,0.0,0.0,0.0,0.0,0.0,0.0,0.0,0.0,0.0,0.0
34050,3037.7440535163864,83.29196877409834,1126.85,81.23061881070765,68.03370551917843,14.003245101449995,7.017076730884749,22.058522932160535,0.527065949443714,1.0,0.9116453353265545,0.9999999999999997,0.9885098200787855,0.9116453353265545,0,nominal,0.0,0.0,0.0,0.0,0.0,0.0,0.0,0.0,0.0,0.0,0.0,0.0
34100,3037.7440535163864,83.2887334218334,1126.85,81.23210851748917,68.0316541869267,14.003245101449995,7.017156059725082,22.058772306239057,0.527065949443714,1.0,0.9116049255054062,0.9999999999999997,0.9885098200787855,0.9116049255054062,0,nominal,0.0,0.0,0.0,0.0,0.0,0.0,0.0,0.0,0.0,0.0,0.0,0.0
34150,3037.7440535163864,83.28549969471317,1126.85,81.23359554177296,68.02960619411402,14.003245101449995,7.0172352411300984,22.05902121684747,0.527065949443714,1.0,0.9115645814688886,0.9999999999999997,0.9885098200787855,0.9115645814688886,0,nominal,0.0,0.0,0.0,0.0,0.0,0.0,0.0,0.0,0.0,0.0,0.0,0.0
34200,3037.7440535163864,83.28226759176914,1126.85,81.23507988715704,68.02756153792429,14.003245101449995,7.017314275316756,22.059269664667788,0.527065949443714,1.0,0.9115243031615263,0.9999999999999997,0.9885098200787855,0.9115243031615263,0,nominal,0.0,0.0,0.0,0.0,0.0,0.0,0.0,0.0,0.0,0.0,0.0,0.0
34250,3037.7440535163864,83.27903711203345,1126.85,81.23656155723478,68.02552021553817,14.003245101449995,7.01739316250168,22.059517650380993,0.527065949443714,1.0,0.9114840905277807,0.9999999999999997,0.9885098200787855,0.9114840905277807,0,nominal,0.0,0.0,0.0,0.0,0.0,0.0,0.0,0.0,0.0,0.0,0.0,0.0
34300,3037.7440535163864,83.27580825453896,1126.85,81.23804055559498,68.0234822241334,14.003245101449995,7.017471902901158,22.059765174666982,0.527065949443714,1.0,0.9114439435120553,0.9999999999999997,0.9885098200787855,0.9114439435120553,0,nominal,0.0,0.0,0.0,0.0,0.0,0.0,0.0,0.0,0.0,0.0,0.0,0.0
34350,3037.7440535163864,83.27258101831927,1126.85,81.23951688582184,68.02144756088481,14.003245101449995,7.017550496731138,22.060012238204614,0.527065949443714,1.0,0.9114038620586954,0.9999999999999997,0.9885098200787855,0.9114038620586954,0,nominal,0.0,0.0,0.0,0.0,0.0,0.0,0.0,0.0,0.0,0.0,0.0,0.0
34400,3037.7440535163864,83.26935540240868,1126.85,81.24099055149509,68.0194162229642,14.003245101449995,7.017628944207235,22.060258841671672,0.527065949443714,1.0,0.9113638461119884,0.9999999999999997,0.9885098200787855,0.9113638461119884,0,nominal,0.0,0.0,0.0,0.0,0.0,0.0,0.0,0.0,0.0,0.0,0.0,0.0
34450,3037.7440535163864,83.26613140584226,1126.85,81.24246155618977,68.0173882075405,14.003245101449995,7.017707245544731,22.06050498574491,0.527065949443714,1.0,0.9113238956161638,0.9999999999999997,0.9885098200787855,0.9113238956161638,0,nominal,0.0,0.0,0.0,0.0,0.0,0.0,0.0,0.0,0.0,0.0,0.0,0.0
34500,3037.7440535163864,83.26290902765572,1126.85,81.24392990347656,68.01536351177981,14.003245101449995,7.017785400958567,22.06075067110001,0.527065949443714,1.0,0.9112840105153954,0.9999999999999997,0.9885098200787855,0.9112840105153954,0,nominal,0.0,0.0,0.0,0.0,0.0,0.0,0.0,0.0,0.0,0.0,0.0,0.0
34550,3037.7440535163864,83.25968826688558,1126.85,81.24539559692141,68.01334213284521,14.003245101449995,7.0178634106633595,22.060995898411623,0.527065949443714,1.0,0.9112441907537985,0.9999999999999997,0.9885098200787855,0.9112441907537985,0,nominal,0.0,0.0,0.0,0.0,0.0,0.0,0.0,0.0,0.0,0.0,0.0,0.0
34600,3037.7440535163864,83.25646912256894,1126.85,81.24685864008586,68.01132406789718,14.003245101449995,7.017941274873382,22.061240668353328,0.527065949443714,1.0,0.9112044362754357,0.9999999999999997,0.9885098200787855,0.9112044362754357,0,nominal,0.0,0.0,0.0,0.0,0.0,0.0,0.0,0.0,0.0,0.0,0.0,0.0
34650,3037.7440535163864,83.25325159374376,1126.85,81.24831903652688,68.00930931409319,14.003245101449995,7.018018993802582,22.061484981597687,0.527065949443714,1.0,0.911164747024312,0.9999999999999997,0.9885098200787855,0.911164747024312,0,nominal,0.0,0.0,0.0,0.0,0.0,0.0,0.0,0.0,0.0,0.0,0.0,0.0
34700,3037.7440535163864,83.25003567944862,1126.85,81.24977678979695,68.00729786858801,14.003245101449995,7.0180965676645775,22.061728838816208,0.527065949443714,1.0,0.9111251229443779,0.9999999999999997,0.9885098200787855,0.9111251229443779,0,nominal,0.0,0.0,0.0,0.0,0.0,0.0,0.0,0.0,0.0,0.0,0.0,0.0
34750,3037.7440535163864,83.24682137872281,1126.85,81.25123190344397,68.00528972853368,14.003245101449995,7.018173996672649,22.06197224067936,0.527065949443714,1.0,0.9110855639795306,0.9999999999999997,0.9885098200787855,0.9110855639795306,0,nominal,0.0,0.0,0.0,0.0,0.0,0.0,0.0,0.0,0.0,0.0,0.0,0.0
34800,3037.7440535163864,83.24360869060638,1126.85,81.25268438101136,68.00328489107963,14.003245101449995,7.0182512810397455,22.06221518785655,0.527065949443714,1.0,0.9110460700736158,0.9999999999999997,0.9885098200787855,0.9110460700736158,0,nominal,0.0,0.0,0.0,0.0,0.0,0.0,0.0,0.0,0.0,0.0,0.0,0.0
34850,3037.7440535163864,83.24039761414008,1126.85,81.25413422603799,68.00128335337237,14.003245101449995,7.018328420978494,22.062457681016184,0.527065949443714,1.0,0.9110066411704217,0.9999999999999997,0.9885098200787855,0.9110066411704217,0,nominal,0.0,0.0,0.0,0.0,0.0,0.0,0.0,0.0,0.0,0.0,0.0,0.0
34900,3037.7440535163864,83.23718814836542,1126.85,81.25558144205831,67.99928511255604,14.003245101449995,7.018405416701182,22.0626997208256,0.527065949443714,1.0,0.91096727721369,0.9999999999999997,0.9885098200787855,0.91096727721369,0,nominal,0.0,0.0,0.0,0.0,0.0,0.0,0.0,0.0,0.0,0.0,0.0,0.0
34950,3037.7440535163864,83.23398029232447,1126.85,81.25702603260225,67.99729016577191,14.003245101449995,7.018482268419771,22.062941307951107,0.527065949443714,1.0,0.9109279781471058,0.9999999999999997,0.9885098200787855,0.9109279781471058,0,nominal,0.0,0.0,0.0,0.0,0.0,0.0,0.0,0.0,0.0,0.0,0.0,0.0
35000,3037.7440535163864,83.23077404506017,1126.85,81.25846800119524,67.99529851015875,14.003245101449995,7.018558976345902,22.063182443058007,0.527065949443714,1.0,0.9108887439143044,0.9999999999999997,0.9885098200787855,0.9108887439143044,0,nominal,0.0,0.0,0.0,0.0,0.0,0.0,0.0,0.0,0.0,0.0,0.0,0.0
35050,3036.1433697759,83.22750085010244,1126.85,81.25984355076457,67.99331014285264,14.003245101449993,6.978332718613552,21.93672924000857,0.5254981384988422,1.0,0.9108495744588692,1.0,0.9885098200787855,0.9108495744588692,0,nominal,0.0,0.0,0.0,0.0,0.0,0.0,0.0,0.0,0.0,0.0,0.0,0.0
35100,3033.1714755655453,83.22415117618613,1126.85,81.2611306932265,67.9653666973669,14.003245101449993,6.935157017467408,21.812498015135308,0.5235775589707418,1.0,0.9102991079835353,1.0,0.9885098200787855,0.9102991079835353,0,nominal,0.0,0.0,0.0,0.0,0.0,0.0,0.0,0.0,0.0,0.0,0.0,0.0
35150,3029.0250659145427,83.22071702269176,1126.85,81.26231078651693,67.91502275097163,14.003245101449993,6.889541372054334,21.690258671461084,0.5213582656258872,1.0,0.9093073671926312,1.0,0.9885098200787855,0.9093073671926312,0,nominal,0.0,0.0,0.0,0.0,0.0,0.0,0.0,0.0,0.0,0.0,0.0,0.0
35200,3023.8727402518625,83.21719169683064,1126.85,81.26336806291499,67.84519051740743,14.003245101449993,6.841917056553937,21.569810009740575,0.5188866495223323,1.0,0.9079317206749384,1.0,0.9885098200787855,0.9079317206749384,0,nominal,0.0,0.0,0.0,0.0,0.0,0.0,0.0,0.0,0.0,0.0,0.0,0.0
35250,3017.859016099164,83.21356962288934,1126.85,81.26428922152326,67.75828181584242,14.003245101449991,6.7926494385065475,21.450976830565814,0.5162024942169665,1.0,0.906219679593578,0.9999999999999997,0.9885098200787855,0.906219679593578,0,nominal,0.0,0.0,0.0,0.0,0.0,0.0,0.0,0.0,0.0,0.0,0.0,0.0
35300,3011.1077693795564,83.20984617900132,1126.85,81.26506307679017,67.6563160929949,14.003245101449991,6.742048270997466,21.33360710031567,0.5133398941393373,1.0,0.9042110256468263,0.9999999999999997,0.9885098200787855,0.9042110256468263,0,nominal,0.0,0.0,0.0,0.0,0.0,0.0,0.0,0.0,0.0,0.0,0.0,0.0
35350,3003.7251832542256,83.2060175575316,1126.85,81.26568025581082,67.54100257874497,14.003245101449993,6.690376312051776,21.21756926874863,0.5103280509660295,1.0,0.9019394294766283,1.0,0.9885098200787855,0.9019394294766283,0,nominal,0.0,0.0,0.0,0.0,0.0,0.0,0.0,0.0,0.0,0.0,0.0,0.0
35400,2995.802275697237,83.20208064569886,1126.85,81.2661329379576,67.41380285999539,14.003245101449993,6.637856558713991,21.102749787044186,0.5071919626457361,1.0,0.8994336833302091,1.0,0.9885098200787855,0.8994336833302091,0,nominal,0.0,0.0,0.0,0.0,0.0,0.0,0.0,0.0,0.0,0.0,0.0,0.0
35450,2987.4170659887877,83.19803292353129,1126.85,81.2664146311547,67.27597868909263,14.003245101449993,6.584678330450083,20.989050848837753,0.5039530184163882,1.0,0.8967186428527777,1.0,0.9885098200787855,0.8967186428527777,0,nominal,0.0,0.0,0.0,0.0,0.0,0.0,0.0,0.0,0.0,0.0,0.0,0.0
35500,2978.636431710001,83.19387237665995,1126.85,81.26651997980969,67.12862868323876,14.003245101449993,6.531002394044154,20.876388359516,0.50062951181925,1.0,0.8938159500404605,1.0,0.9885098200787855,0.8938159500404605,0,nominal,0.0,0.0,0.0,0.0,0.0,0.0,0.0,0.0,0.0,0.0,0.0,0.0
35550,2969.5177004533357,83.18959742180812,1126.85,81.26644460004627,66.97271667385718,14.003245101449995,6.476965287936288,20.764690128050724,0.4972370824126986,1.0,0.8907445917031243,0.9999999999999997,0.9885098200787855,0.8907445917031243,0,nominal,0.0,0.0,0.0,0.0,0.0,0.0,0.0,0.0,0.0,0.0,0.0,0.0
35600,2960.1100141463953,83.1852068431391,1126.85,81.26618493844921,66.8090937790828,14.003245101449993,6.422682976270937,20.653894269018167,0.49378909565796164,1.0,0.8875213342771072,1.0,0.9885098200787855,0.8875213342771072,0,nominal,0.0,0.0,0.0,0.0,0.0,0.0,0.0,0.0,0.0,0.0,0.0,0.0
35650,2950.455498472948,83.18069973788857,1126.85,81.2657381510324,66.63851575255488,14.003245101449993,6.368253940461103,20.543947798800282,0.490296969311122,1.0,0.8841610655843942,1.0,0.9885098200787855,0.8841610655843942,0,nominal,0.0,0.0,0.0,0.0,0.0,0.0,0.0,0.0,0.0,0.0,0.0,0.0
35700,2940.590265234427,83.17607546993332,1126.85,81.26510199958364,66.4616567694079,14.003245101449993,6.313761797771024,20.434805408319775,0.48677045361966886,1.0,0.8806770664070641,1.0,0.9885098200787855,0.8806770664070641,0,nominal,0.0,0.0,0.0,0.0,0.0,0.0,0.0,0.0,0.0,0.0,0.0,0.0
35750,2930.5452715175684,83.17133363014204,1126.85,81.26427476292776,66.27912051549168,14.003245101449993,6.25927752144845,20.326428394329668,0.483217871689766,1.0,0.8770812289372281,1.0,0.9885098200787855,0.8770812289372281,0,nominal,0.0,0.0,0.0,0.0,0.0,0.0,0.0,0.0,0.0,0.0,0.0,0.0
35800,2920.3470561244662,83.16647400252145,1126.85,81.26325516098717,66.09144922487349,14.003245101449993,6.204861324644488,20.218783731783255,0.47964632555949194,1.0,0.8733842348095457,1.0,0.9885098200787855,0.8733842348095457,0,nominal,0.0,0.0,0.0,0.0,0.0,0.0,0.0,0.0,0.0,0.0,0.0,0.0
35850,2910.0183707990004,83.16149653531284,1126.85,81.26204228981419,65.89913114554932,14.003245101449993,6.150564260226003,20.111843270814195,0.476061872777958,1.0,0.8695957021705547,1.0,0.9885098200787855,0.8695957021705547,0,nominal,0.0,0.0,0.0,0.0,0.0,0.0,0.0,0.0,0.0,0.0,0.0,0.0
35900,2899.578721278742,83.1564013163171,1126.85,81.26063556602406,65.7026067902568,14.003245101449993,6.096429580203641,20.00558304313351,0.47246967764321,1.0,0.8657243088153446,1.0,0.9885098200787855,0.8657243088153446,0,nominal,0.0,0.0,0.0,0.0,0.0,0.0,0.0,0.0,0.0,0.0,0.0,0.0
35950,2889.0448310544184,83.1511885518313,1126.85,81.25903467927992,65.5022742379053,14.003245101449993,6.042493891541701,19.899982664047055,0.468874140685276,1.0,0.861777896622049,1.0,0.9885098200787855,0.861777896622049,0,nominal,0.0,0.0,0.0,0.0,0.0,0.0,0.0,0.0,0.0,0.0,0.0,0.0
36000,2878.4310388787435,83.14585854866908,1126.85,81.25723955167064,65.29849368349255,14.003245101449993,5.988788139323572,19.795024817712996,0.465279009486513,1.0,0.8577635611820459,1.0,0.9885098200787855,0.8577635611820459,0,nominal,0.0,0.0,0.0,0.0,0.0,0.0,0.0,0.0,0.0,0.0,0.0,0.0
36050,2867.7496394889886,83.14041169881438,1126.85,81.25525030298792,65.0915913844707,14.003245101449993,5.9353384434098935,19.69069481463094,0.4616874735017213,1.0,0.8536877295406258,1.0,0.9885098200787855,0.8536877295406258,0,nominal,0.0,0.0,0.0,0.0,0.0,0.0,0.0,0.0,0.0,0.0,0.0,0.0
36100,2857.011175655646,83.13484846632332,1126.85,81.2530672210504,64.88186311481917,14.003245101449993,5.882166810677367,19.586980211645216,0.4581022451678701,1.0,0.8495562282398321,1.0,0.9885098200787855,0.8495562282398321,0,nominal,0.0,0.0,0.0,0.0,0.0,0.0,0.0,0.0,0.0,0.0,0.0,0.0
36150,2846.224688510611,83.12916937614574,1126.85,81.25069073634529,64.66957721116101,14.003245101449991,5.829291741528287,19.483870485933565,0.4545256292708942,1.0,0.8453743433248366,0.9999999999999997,0.9885098200787855,0.8453743433248366,0,nominal,0.0,0.0,0.0,0.0,0.0,0.0,0.0,0.0,0.0,0.0,0.0,0.0
36200,2835.3979321149654,83.12337500458506,1126.85,81.24812140036147,64.45497727555312,14.003245101449993,5.776728746503422,19.381356755530945,0.4509595822586007,1.0,0.8411468735870308,1.0,0.9885098200787855,0.8411468735870308,0,nominal,0.0,0.0,0.0,0.0,0.0,0.0,0.0,0.0,0.0,0.0,0.0,0.0
36250,2824.5375573750157,83.11746597115706,1126.85,81.24535986707946,64.23828458516549,14.003245101449995,5.724490786423459,19.279431539904866,0.4474057629486778,1.0,0.8368781780330338,0.9999999999999997,0.9885098200787855,0.8368781780330338,0,nominal,0.0,0.0,0.0,0.0,0.0,0.0,0.0,0.0,0.0,0.0,0.0,0.0
36300,2813.649269685415,83.11144293164233,1126.85,81.24240687715991,64.01970024850505,14.003245101449993,5.672588647452547,19.17808855495789,0.443865575874098,1.0,0.8325722183608054,1.0,0.9885098200787855,0.8325722183608054,0,nominal,0.0,0.0,0.0,0.0,0.0,0.0,0.0,0.0,0.0,0.0,0.0,0.0
36350,2802.7379640526688,83.1053065721581,1126.85,81.23926324443829,63.799407140080284,14.003245101449993,5.621031260760382,19.077322537590636,0.4403402083304324,1.0,0.8282325970711957,1.0,0.9885098200787855,0.8282325970711957,0,nominal,0.0,0.0,0.0,0.0,0.0,0.0,0.0,0.0,0.0,0.0,0.0,0.0
36400,2791.807840916124,83.09905760409947,1126.85,81.23592984439114,63.57757163966073,14.003245101449993,5.56982597500626,18.97712909562366,0.436830662036856,1.0,0.8238625917301493,1.0,0.9885098200787855,0.8238625917301493,0,nominal,0.0,0.0,0.0,0.0,0.0,0.0,0.0,0.0,0.0,0.0,0.0,0.0
36450,2780.8625054239706,83.09269675982347,1126.85,81.23240760428678,63.35434519798965,14.003245101449993,5.518978788637471,18.877504579457128,0.4333377801914813,1.0,0.8194651858121585,1.0,0.9885098200787855,0.8194651858121585,0,nominal,0.0,0.0,0.0,0.0,0.0,0.0,0.0,0.0,0.0,0.0,0.0,0.0
36500,2769.9050525278367,83.08622478896604,1126.85,81.22869749477553,63.129865747547775,14.003245101449991,5.468494547950547,18.778445972352397,0.42986227058916704,1.0,0.8150430964913292,0.9999999999999997,0.9885098200787855,0.8150430964913292,0,nominal,0.0,0.0,0.0,0.0,0.0,0.0,0.0,0.0,0.0,0.0,0.0,0.0
36550,2758.93813992192,83.07964245530019,1126.85,81.22480052270953,62.90425897444989,14.003245101449993,5.418377115977713,18.679950796657018,0.4264047253734916,1.0,0.8105987996968606,1.0,0.9885098200787855,0.8105987996968606,0,nominal,0.0,0.0,0.0,0.0,0.0,0.0,0.0,0.0,0.0,0.0,0.0,0.0
36600,2747.9640505631673,83.07295053405551,1126.85,81.22071772501357,62.677639465558,14.003245101449991,5.368629516508665,18.582017033674866,0.422965637911938,1.0,0.8061345527103779,0.9999999999999997,0.9885098200787855,0.8061345527103779,0,nominal,0.0,0.0,0.0,0.0,0.0,0.0,0.0,0.0,0.0,0.0,0.0,0.0
36650,2736.984746260945,83.06614980963127,1126.85,81.21645016345349,62.45011174328416,14.003245101449991,5.319254056917771,18.48464305520843,0.41954541721253513,1.0,0.8016524145508305,0.9999999999999997,0.9885098200787855,0.8016524145508305,0,nominal,0.0,0.0,0.0,0.0,0.0,0.0,0.0,0.0,0.0,0.0,0.0,0.0
36700,2726.001913612011,83.05924107364552,1126.85,81.2119989201712,62.221771199212014,14.003245101449993,5.27025243292342,18.387827565083835,0.4161444002395976,1.0,0.7971542643661869,1.0,0.9885098200787855,0.7971542643661869,0,nominal,0.0,0.0,0.0,0.0,0.0,0.0,0.0,0.0,0.0,0.0,0.0,0.0
36750,2715.0170033743398,83.0522251232714,1126.85,81.20736509387484,61.992704936527396,14.003245101449993,5.221625817943133,18.29156954921037,0.4127628624343219,1.0,0.7926418180287337,1.0,0.9885098200787855,0.7926418180287337,0,nominal,0.0,0.0,0.0,0.0,0.0,0.0,0.0,0.0,0.0,0.0,0.0,0.0
36800,2704.0312642171302,83.0451027598175,1126.85,81.20254979658853,61.76299253025886,14.003245101449993,5.173374939314499,18.195868232935247,0.40940102670161055,1.0,0.7881166431112857,1.0,0.9885098200787855,0.7881166431112857,0,nominal,0.0,0.0,0.0,0.0,0.0,0.0,0.0,0.0,0.0,0.0,0.0,0.0
36850,2693.04577165042,83.03787478751764,1126.85,81.19755415087991,61.532706713452846,14.003245101449993,5.125500143316617,18.100723044633128,0.4060590710865214,1.0,0.78358017240436,1.0,0.9885098200787855,0.78358017240436,0,nominal,0.0,0.0,0.0,0.0,0.0,0.0,0.0,0.0,0.0,0.0,0.0,0.0
36900,2682.061452822964,83.03054201249847,1126.85,81.19237928749573,61.301913996631995,14.003245101449995,5.078001450641195,18.006133584623036,0.40273713533126476,1.0,0.7790337161190755,0.9999999999999997,0.9885098200787855,0.7790337161190755,0,nominal,0.0,0.0,0.0,0.0,0.0,0.0,0.0,0.0,0.0,0.0,0.0,0.0
36950,2671.079107778645,83.0231052418992,1126.85,81.18702634334619,61.070675227177674,14.003245101449993,5.03087860371927,17.912099598637177,0.39943532647589763,1.0,0.7744784729065995,1.0,0.9885098200787855,0.7744784729065995,0,nominal,0.0,0.0,0.0,0.0,0.0,0.0,0.0,0.0,0.0,0.0,0.0,0.0
37000,2660.099427677372,83.0155652831213,1126.85,81.18149645978707,60.839046094640736,14.003245101449993,4.984131107102165,17.818620955178265,0.3961537236421235,1.0,0.7699155398124196,1.0,0.9885098200787855,0.7699155398124196,0,nominal,0.0,0.0,0.0,0.0,0.0,0.0,0.0,0.0,0.0,0.0,0.0,0.0
37050,2649.1230104141373,83.00792294318859,1126.85,81.17579078115591,60.6070775874036,14.003245101449991,4.937758261918814,17.72569762619877,0.3928923821193115,1.0,0.7653459212722687,0.9999999999999997,0.9885098200787855,0.7653459212722687,0,nominal,0.0,0.0,0.0,0.0,0.0,0.0,0.0,0.0,0.0,0.0,0.0,0.0
37100,2638.1503740079434,83.00017902820201,1126.85,81.16991045352557,60.37481640558656,14.003245101449993,4.891759195280917,17.633329670617595,0.3896513368544981,1.0,0.7607705372460934,1.0,0.9885098200787855,0.7607705372460934,0,nominal,0.0,0.0,0.0,0.0,0.0,0.0,0.0,0.0,0.0,0.0,0.0,0.0
37150,2627.1819680792337,82.99233434287504,1126.85,81.16385662364303,60.14230533460847,14.003245101449993,4.846132885379198,17.54151722026062,0.3864306054333109,1.0,0.7561902305769403,1.0,0.9885098200787855,0.7561902305769403,0,nominal,0.0,0.0,0.0,0.0,0.0,0.0,0.0,0.0,0.0,0.0,0.0,0.0
37200,2616.218183688915,82.98438969013785,1126.85,81.15763043802662,59.909583583373696,14.003245101449991,4.800878182904485,17.450260467871207,0.38323019062608255,1.0,0.7516057736530024,0.9999999999999997,0.9885098200787855,0.7516057736530024,0,nominal,0.0,0.0,0.0,0.0,0.0,0.0,0.0,0.0,0.0,0.0,0.0,0.0
37250,2605.259361773066,82.97634587080023,1126.85,81.15123304219856,59.676687090655555,14.003245101449991,4.7559938293342165,17.359559656889022,0.38005008256259887,1.0,0.7470178744431628,0.9999999999999997,0.9885098200787855,0.7470178744431628,0,nominal,0.0,0.0,0.0,0.0,0.0,0.0,0.0,0.0,0.0,0.0,0.0,0.0
37300,2594.3058003739798,82.96820368326456,1126.85,81.14466558003289,59.44364880288452,14.003245101449993,4.711478472545381,17.26941507273932,0.3768902605896754,1.0,0.7424271819692275,1.0,0.9885098200787855,0.7424271819692275,0,nominal,0.0,0.0,0.0,0.0,0.0,0.0,0.0,0.0,0.0,0.0,0.0,0.0
37350,2583.3577608395244,82.95996392328163,1126.85,81.13792919320196,59.21049892622234,14.003245101449991,4.667330680146991,17.17982703541201,0.37375069485784934,1.0,0.7378342912716113,0.9999999999999997,0.9885098200787855,0.7378342912716113,0,nominal,0.0,0.0,0.0,0.0,0.0,0.0,0.0,0.0,0.0,0.0,0.0,0.0
37400,2572.4154731382396,82.95162738374285,1126.85,81.13102502070717,58.977265155503574,14.003245101449995,4.623548950867499,17.090795893142737,0.3706313476767268,1.0,0.7332397479193267,0.9999999999999997,0.9885098200787855,0.7332397479193267,0,nominal,0.0,0.0,0.0,0.0,0.0,0.0,0.0,0.0,0.0,0.0,0.0,0.0
37450,2561.4791404165244,82.94319485450382,1126.85,81.12395419848173,58.743972882359635,14.003245101449993,4.580131724283174,17.002322017035226,0.3675321746727574,1.0,0.7286440521098836,1.0,0.9885098200787855,0.7286440521098836,0,nominal,0.0,0.0,0.0,0.0,0.0,0.0,0.0,0.0,0.0,0.0,0.0,0.0
37500,2550.5489429062295,82.93466712223415,1126.85,81.1167178590544,58.5106453846,14.003245101449993,4.537077389131345,16.914405796487646,0.3644531257782761,1.0,0.7240476623999672,1.0,0.9885098200787855,0.7240476623999672,0,nominal,0.0,0.0,0.0,0.0,0.0,0.0,0.0,0.0,0.0,0.0,0.0,0.0
37550,2539.6250412754885,82.92604497029038,1126.85,81.10931713126604,58.27730399870599,14.003245101449995,4.494384290416663,16.827047635305945,0.36139414607644976,1.0,0.719450999103446,0.9999999999999997,0.9885098200787855,0.719450999103446,0,nominal,0.0,0.0,0.0,0.0,0.0,0.0,0.0,0.0,0.0,0.0,0.0,0.0
37600,2528.7075795023607,82.91732917860799,1126.85,81.10175314003078,58.04396827710106,14.003245101449995,4.452050735487763,16.74024794840389,0.3583551765231653,1.0,0.714854447389487,0.9999999999999997,0.9885098200787855,0.714854447389487,0,nominal,0.0,0.0,0.0,0.0,0.0,0.0,0.0,0.0,0.0,0.0,0.0,0.0
37650,2517.7966873395,82.9085205236101,1126.85,81.0940270061352,57.81065613168428,14.003245101449995,4.410074999235794,16.654007159004713,0.35533615456382867,1.0,0.7102583601100659,0.9999999999999997,0.9885098200787855,0.7102583601100659,0,nominal,0.0,0.0,0.0,0.0,0.0,0.0,0.0,0.0,0.0,0.0,0.0,0.0
37700,2506.8924824283126,82.89961977813016,1126.85,81.0861398460703,57.57738396496042,14.003245101449993,4.368455328543912,16.568325696271224,0.3523370146604216,1.0,0.7056630603831388,1.0,0.9885098200787855,0.7056630603831388,0,nominal,0.0,0.0,0.0,0.0,0.0,0.0,0.0,0.0,0.0,0.0,0.0,0.0
37750,2495.99507211272,82.89062771134695,1126.85,81.0780927718913,57.344166789959445,14.003245101449993,4.327189946097806,16.48320399330198,0.34935768874191897,1.0,0.7010688439549725,1.0,0.9885098200787855,0.7010688439549725,0,nominal,0.0,0.0,0.0,0.0,0.0,0.0,0.0,0.0,0.0,0.0,0.0,0.0
37800,2485.1045549954833,82.88154508872958,1126.85,81.06988689110113,57.11101834001284,14.003245101449993,4.28627705365132,16.398642485440735,0.34639810658926,1.0,0.6964759813626626,1.0,0.9885098200787855,0.6964759813626626,0,nominal,0.0,0.0,0.0,0.0,0.0,0.0,0.0,0.0,0.0,0.0,0.0,0.0
37850,2474.221022273912,82.87237267199157,1126.85,81.06152330655414,56.87795116934614,14.003245101449993,4.2457148348271705,16.31464160885325,0.34345819616443246,1.0,0.6918847199157356,1.0,0.9885098200787855,0.6918847199157356,0,nominal,0.0,0.0,0.0,0.0,0.0,0.0,0.0,0.0,0.0,0.0,0.0,0.0
37900,2463.344558886521,82.86311121905231,1126.85,81.05300311637723,56.644976745344294,14.003245101449993,4.205501457521208,16.23120179933316,0.3405378838918288,1.0,0.6872952855137137,1.0,0.9885098200787855,0.6872952855137137,0,nominal,0.0,0.0,0.0,0.0,0.0,0.0,0.0,0.0,0.0,0.0,0.0,0.0
37950,2452.4752444976925,82.85376148400502,1126.85,81.04432741390565,56.41210553326196,14.003245101449993,4.16563507596843,16.14832349130336,0.3376370948988483,1.0,0.6827078843148473,1.0,0.9885098200787855,0.6827078843148473,0,nominal,0.0,0.0,0.0,0.0,0.0,0.0,0.0,0.0,0.0,0.0,0.0,0.0
38000,2441.613154343529,82.84432421709022,1126.85,81.03549728763164,56.17934707406873,14.003245101449993,4.1261138325205575,16.066007116985013,0.3347557532216946,1.0,0.678122704269614,1.0,0.9885098200787855,0.678122704269614,0,nominal,0.0,0.0,0.0,0.0,0.0,0.0,0.0,0.0,0.0,0.0,0.0,0.0
38050,2432.302791354246,82.83483949908248,1126.85,81.02655042738934,55.94671005605154,14.003245101449993,4.1100600047311415,16.074693036288203,0.33278667790013283,1.0,0.6735399165312336,1.0,0.9885098200787855,0.6735399165312336,0,nominal,0.0,0.0,0.0,0.0,0.0,0.0,0.0,0.0,0.0,0.0,0.0,0.0
38100,2424.322480220575,82.82531465044661,1126.85,81.01750471662803,55.74922172495659,14.003245101449993,4.096225495523395,16.081908994610387,0.33110262659560635,1.0,0.66964953352199,1.0,0.9885098200787855,0.66964953352199,0,nominal,0.0,0.0,0.0,0.0,0.0,0.0,0.0,0.0,0.0,0.0,0.0,0.0
38150,2417.482213534571,82.81575593288613,1126.85,81.00837541774717,55.5819062104503,14.003245101449993,4.084301334680966,16.087878204193977,0.32966189147682723,1.0,0.6663535340509876,1.0,0.9885098200787855,0.6663535340509876,0,nominal,0.0,0.0,0.0,0.0,0.0,0.0,0.0,0.0,0.0,0.0,0.0,0.0
38200,2411.619127803711,82.80616870400752,1126.85,80.99917556416318,55.440484983576674,14.003245101449993,4.0740204682573005,16.09278840978993,0.3284289860859436,1.0,0.6635676340683148,1.0,0.9885098200787855,0.6635676340683148,0,nominal,0.0,0.0,0.0,0.0,0.0,0.0,0.0,0.0,0.0,0.0,0.0,0.0
38250,2406.593625748688,82.79655754900062,1126.85,80.98991629167051,55.321281587048574,14.003245101449993,4.06515238142476,16.096797918038433,0.3273736866101213,1.0,0.6612194099179265,1.0,0.9885098200787855,0.6612194099179265,0,nominal,0.0,0.0,0.0,0.0,0.0,0.0,0.0,0.0,0.0,0.0,0.0,0.0
38300,2402.286052558668,82.78692639284628,1126.85,80.98060711901223,55.22113846232292,14.003245101449993,4.0574983208990805,16.10004050826626,0.3264702287316013,1.0,0.6592466598887718,1.0,0.9885098200787855,0.6592466598887718,0,nominal,0.0,0.0,0.0,0.0,0.0,0.0,0.0,0.0,0.0,0.0,0.0,0.0
38350,2398.5938469672224,82.77727859600316,1126.85,80.97125618583169,55.13734470537966,14.003245101449993,4.050887078238198,16.10262945302471,0.32569663287125744,1.0,0.6575959810537981,1.0,0.9885098200787855,0.6575959810537981,0,nominal,0.0,0.0,0.0,0.0,0.0,0.0,0.0,0.0,0.0,0.0,0.0,0.0
38400,2395.429099317412,82.76761703606144,1126.85,80.96187045476762,55.06757353153544,14.003245101449993,4.045171287587314,16.104660825849084,0.32503413584721724,1.0,0.6562215373701962,1.0,0.9885098200787855,0.6562215373701962,0,nominal,0.0,0.0,0.0,0.0,0.0,0.0,0.0,0.0,0.0,0.0,0.0,0.0
38450,2392.716458474717,82.75794417746329,1126.85,80.95245588331085,55.009828274599215,14.003245101449993,4.040224188628795,16.106216234985542,0.32446671107934366,1.0,0.6550839959002596,1.0,0.9885098200787855,0.6550839959002596,0,nominal,0.0,0.0,0.0,0.0,0.0,0.0,0.0,0.0,0.0,0.0,0.0,0.0
38500,2390.3913377524073,82.7482621310649,1126.85,80.94301757010726,54.96239583551233,14.003245101449993,4.035936805774541,16.107365092184914,0.32398066273370707,1.0,0.6541496097819128,1.0,0.9885098200787855,0.6541496097819128,0,nominal,0.0,0.0,0.0,0.0,0.0,0.0,0.0,0.0,0.0,0.0,0.0,0.0
38550,2388.3983771332846,82.73857270504385,1126.85,80.93355987962565,54.92380660268371,14.003245101449993,4.032215496786513,16.10816650286374,0.32356428180871916,1.0,0.653389428687142,1.0,0.9885098200787855,0.653389428687142,0,nominal,0.0,0.0,0.0,0.0,0.0,0.0,0.0,0.0,0.0,0.0,0.0,0.0
38600,2386.6901251740364,82.72887744842677,1126.85,80.92408654847765,54.89279997597197,14.003245101449993,4.028979827211944,16.108670846309003,0.32320755426072806,1.0,0.6527786196683786,1.0,0.9885098200787855,0.6527786196683786,0,nominal,0.0,0.0,0.0,0.0,0.0,0.0,0.0,0.0,0.0,0.0,0.0,0.0
38650,2385.2259092089666,82.71917768831992,1126.85,80.91460077615562,54.868294731256306,14.003245101449993,4.026160730734831,16.108921100904126,0.32290191296173254,1.0,0.6522958833611214,1.0,0.9885098200787855,0.6522958833611214,0,nominal,0.0,0.0,0.0,0.0,0.0,0.0,0.0,0.0,0.0,0.0,0.0,0.0
38700,2383.9708669531924,82.70947456176384,1126.85,80.90510530252061,54.84936355928007,14.003245101449993,4.023698919426852,16.108953958646545,0.3226400266599724,1.0,0.6519229524168318,1.0,0.9885098200787855,0.6519229524168318,0,nominal,0.0,0.0,0.0,0.0,0.0,0.0,0.0,0.0,0.0,0.0,0.0,0.0
38750,2382.8951164482432,82.69976904299489,1126.85,80.89560247401067,54.8352111996157,14.003245101449993,4.02154351170905,16.108800764809054,0.32241562024064446,1.0,0.651644160757225,1.0,0.9885098200787855,0.651644160757225,0,nominal,0.0,0.0,0.0,0.0,0.0,0.0,0.0,0.0,0.0,0.0,0.0,0.0
38800,2381.973044586858,82.69006196678157,1126.85,80.88609430023786,54.82515566801417,14.003245101449993,4.019650849478383,16.108488311938245,0.32222332150940736,1.0,0.6514460737660867,1.0,0.9885098200787855,0.6514460737660867,0,nominal,0.0,0.0,0.0,0.0,0.0,0.0,0.0,0.0,0.0,0.0,0.0,0.0
38850,2381.1826972770996,82.68035404840487,1126.85,80.876582502389,54.818612143504694,14.003245101449993,4.01798347923702,16.10803951208588,0.3220585304851006,1.0,0.6513171708763256,1.0,0.9885098200787855,0.6513171708763256,0,nominal,0.0,0.0,0.0,0.0,0.0,0.0,0.0,0.0,0.0,0.0,0.0,0.0
38900,2380.505256725878,82.67064590076791,1126.85,80.86706855463092,54.815079141124926,14.003245101449993,4.016509275151784,16.107473966928353,0.3219173078211408,1.0,0.6512475731823574,1.0,0.9885098200787855,0.6512475731823574,0,nominal,0.0,0.0,0.0,0.0,0.0,0.0,0.0,0.0,0.0,0.0,0.0,0.0
38950,2379.9245933962598,82.66093804904966,1126.85,80.85755371954235,54.814126647939375,14.003245101449993,4.0152006847565715,16.106808452014903,0.3217962795018034,1.0,0.6512288097279043,1.0,0.9885098200787855,0.6512288097279043,0,nominal,0.0,0.0,0.0,0.0,0.0,0.0,0.0,0.0,0.0,0.0,0.0,0.0
39000,2379.4268819708723,82.65123094325662,1126.85,80.84803907844184,54.815385944883694,14.003245101449993,4.014034080498052,16.10605732862124,0.32169255539944985,1.0,0.6512536170033956,1.0,0.9885098200787855,0.6512536170033956,0,nominal,0.0,0.0,0.0,0.0,0.0,0.0,0.0,0.0,0.0,0.0,0.0,0.0
39050,2379.000272177683,82.64152496897555,1126.85,80.83852555735268,54.81854087579827,14.003245101449993,4.012989202529308,16.10523289443347,0.32160365964722887,1.0,0.6513157669519892,1.0,0.9885098200787855,0.6513157669519892,0,nominal,0.0,0.0,0.0,0.0,0.0,0.0,0.0,0.0,0.0,0.0,0.0,0.0
39100,2378.634606640664,82.63182045658544,1126.85,80.82901394923664,54.82332035852116,14.003245101449993,4.012048680098752,16.104345682445707,0.32152747109134083,1.0,0.6514099194433036,1.0,0.9885098200787855,0.6514099194433036,0,nominal,0.0,0.0,0.0,0.0,0.0,0.0,0.0,0.0,0.0,0.0,0.0,0.0
39150,2378.321179037505,82.62211768915057,1126.85,80.819504933036,54.829491961800116,14.003245101449993,4.01119762058508,16.103404715939377,0.32146217234767843,1.0,0.651531495743043,1.0,0.9885098200787855,0.651531495743043,0,nominal,0.0,0.0,0.0,0.0,0.0,0.0,0.0,0.0,0.0,0.0,0.0,0.0
39200,2378.052526806225,82.61241690918382,1126.85,80.80999908998416,54.83685639666095,14.003245101449993,4.010423256717327,16.102417726160134,0.32140620620775473,1.0,0.6516765699967795,1.0,0.9885098200787855,0.6516765699967795,0,nominal,0.0,0.0,0.0,0.0,0.0,0.0,0.0,0.0,0.0,0.0,0.0,0.0
39250,2377.8222534651286,82.60271832444204,1126.85,80.80049691757836,54.845242792271584,14.003245101449993,4.0097146438152516,16.101391338270215,0.32135823832500376,1.0,0.6518417761677544,1.0,0.9885098200787855,0.6518417761677544,0,nominal,0.0,0.0,0.0,0.0,0.0,0.0,0.0,0.0,0.0,0.0,0.0,0.0
39300,2377.6248763156173,82.5930221128927,1126.85,80.7909988415509,54.8545046447468,14.003245101449993,4.009062400011356,16.100331230288624,0.3213171252702845,1.0,0.6520242282311443,1.0,0.9885098200787855,0.6520242282311443,0,nominal,0.0,0.0,0.0,0.0,0.0,0.0,0.0,0.0,0.0,0.0,0.0,0.0
39350,2377.4556959017505,82.58332842697018,1126.85,80.78150522612668,54.864516343155074,14.003245101449993,4.008458483391745,16.09924226900842,0.32128188717929573,1.0,0.6522214517388081,1.0,0.9885098200787855,0.6522214517388081,0,nominal,0.0,0.0,0.0,0.0,0.0,0.0,0.0,0.0,0.0,0.0,0.0,0.0
39400,2377.310684118436,82.57363739722354,1126.85,80.7720163828123,54.87517019057607,14.003245101449993,4.00789600083795,16.09812862627475,0.32125168432837914,1.0,0.6524313251361876,1.0,0.9885098200787855,0.6524313251361876,0,nominal,0.0,0.0,0.0,0.0,0.0,0.0,0.0,0.0,0.0,0.0,0.0,0.0
39450,2377.186388304166,82.56394913544278,1126.85,80.76253257792854,54.886373849727235,14.003245101449993,4.007369044081248,16.096993878496356,0.3212257970719664,1.0,0.652652029442925,1.0,0.9885098200787855,0.652652029442925,0,nominal,0.0,0.0,0.0,0.0,0.0,0.0,0.0,0.0,0.0,0.0,0.0,0.0
39500,2377.079849034792,82.55426373733854,1126.85,80.75305403906515,54.8980481526927,14.003245101449993,4.006872549111285,16.09584109183501,0.3212036086573745,1.0,0.6528820051060431,1.0,0.9885098200787855,0.6528820051060431,0,nominal,0.0,0.0,0.0,0.0,0.0,0.0,0.0,0.0,0.0,0.0,0.0,0.0
39550,2376.988529661043,82.54458128483861,1126.85,80.74358096061337,54.91012522289094,14.003245101449993,4.006402175623355,16.094672895153085,0.32118459050290527,1.0,0.653119915004011,1.0,0.9885098200787855,0.653119915004011,0,nominal,0.0,0.0,0.0,0.0,0.0,0.0,0.0,0.0,0.0,0.0,0.0,0.0
39600,2376.910255912115,82.53490184805645,1126.85,80.73411350850722,54.922546864791094,14.003245101449993,4.005954203656583,16.0934915424927,0.32116828958515287,1.0,0.6533646127252755,1.0,0.9885098200787855,0.6533646127252755,0,nominal,0.0,0.0,0.0,0.0,0.0,0.0,0.0,0.0,0.0,0.0,0.0,0.0
39650,2376.84316412732,82.52522548697846,1126.85,80.72465182428772,54.9352631832261,14.003245101449993,4.005525444977665,16.092298966599188,0.3211543176325936,1.0,0.6536151153696869,1.0,0.9885098200787855,0.6536151153696869,0,nominal,0.0,0.0,0.0,0.0,0.0,0.0,0.0,0.0,0.0,0.0,0.0,0.0
39700,2376.78565688321,82.51555225291014,1126.85,80.71519602858626,54.94823139957755,14.003245101449993,4.005113167111091,16.091096824780344,0.321142341866229,1.0,0.6538705802281631,1.0,0.9885098200787855,0.6538705802281631,0,nominal,0.0,0.0,0.0,0.0,0.0,0.0,0.0,0.0,0.0,0.0,0.0,0.0
39750,2376.736364959687,82.50588218971592,1126.85,80.70574622411038,54.961414836771226,14.003245101449993,4.004715028214296,16.08988653820432,0.32113207706540536,1.0,0.6541302847878064,1.0,0.9885098200787855,0.6541302847878064,0,nominal,0.0,0.0,0.0,0.0,0.0,0.0,0.0,0.0,0.0,0.0,0.0,0.0
39800,2376.694114739524,82.49621533488158,1126.85,80.69630249820324,54.974782049017996,14.003245101449993,4.004329021252087,16.08866932557942,0.32112327876886027,1.0,0.6543936095884033,1.0,0.9885098200787855,0.6543936095884033,0,nominal,0.0,0.0,0.0,0.0,0.0,0.0,0.0,0.0,0.0,0.0,0.0,0.0
39850,2376.657900265099,82.48655172042504,1126.85,80.68686492503736,54.98830607566336,14.003245101449993,4.0039534261441725,16.0874462320217,0.32111573744834754,1.0,0.6546600235237785,1.0,0.9885098200787855,0.6546600235237785,0,nominal,0.0,0.0,0.0,0.0,0.0,0.0,0.0,0.0,0.0,0.0,0.0,0.0
39900,2376.6268592870206,82.47689137367723,1126.85,80.67743356749543,55.00196380145128,14.003245101449993,4.003586768748464,16.086218153800417,0.3211092735155598,1.0,0.6549290712394366,1.0,0.9885098200787855,0.6549290712394366,0,nominal,0.0,0.0,0.0,0.0,0.0,0.0,0.0,0.0,0.0,0.0,0.0,0.0
39950,2376.6002527343817,82.4672343179513,1126.85,80.66800847878216,55.015735408027716,14.003245101449993,4.003227785704528,16.084985859551452,0.3211037330430484,1.0,0.6552003623275626,1.0,0.9885098200787855,0.6552003623275626,0,nominal,0.0,0.0,0.0,0.0,0.0,0.0,0.0,0.0,0.0,0.0,0.0,0.0
40000,2376.5774471178343,82.45758057311616,1126.85,80.6585897038064,55.02960390367387,14.003245101449993,4.002875394300683,16.083750008464104,0.32109898409695786,1.0,0.6554735620630935,1.0,0.9885098200787855,0.6554735620630935,0,nominal,0.0,0.0,0.0,0.0,0.0,0.0,0.0,0.0,0.0,0.0,0.0,0.0
40050,2376.5578994465077,82.44793015608832,1126.85,80.64917728036562,55.04355472011273,14.003245101449993,4.002528666647411,16.082511165874006,0.32109491359403364,1.0,0.6557483834610864,1.0,0.9885098200787855,0.6557483834610864,0,nominal,0.0,0.0,0.0,0.0,0.0,0.0,0.0,0.0,0.0,0.0,0.0,0.0
40100,2376.5411442996565,82.43828308125353,1126.85,80.63977124016156,55.05757536682441,14.003245101449993,4.002186807542015,16.081269816632652,0.32109142460790807,1.0,0.6560245804669718,1.0,0.9885098200787855,0.6560245804669718,0,nominal,0.0,0.0,0.0,0.0,0.0,0.0,0.0,0.0,0.0,0.0,0.0,0.0
40150,2376.5267827452126,82.4286393608279,1126.85,80.6303716096707,55.071655134667004,14.003245101449993,4.001849135497279,16.080026376571208,0.3210884340604068,1.0,0.6563019421180893,1.0,0.9885098200787855,0.6563019421180893,0,nominal,0.0,0.0,0.0,0.0,0.0,0.0,0.0,0.0,0.0,0.0,0.0,0.0
40200,2376.5144728414034,82.41899900516773,1126.85,80.62097841089053,55.08578484177301,14.003245101449993,4.001515066482027,16.07878120233043,0.3210858707428192,1.0,0.6565802875380238,1.0,0.9885098200787855,0.6565802875380238,0,nominal,0.0,0.0,0.0,0.0,0.0,0.0,0.0,0.0,0.0,0.0,0.0,0.0
40250,2376.5039214952812,82.4093620230351,1126.85,80.61159166197945,55.099956615689855,14.003245101449993,4.001184099986109,16.077534599789907,0.32108367361995444,1.0,0.6568594616449255,1.0,0.9885098200787855,0.6568594616449255,0,nominal,0.0,0.0,0.0,0.0,0.0,0.0,0.0,0.0,0.0,0.0,0.0,0.0
40300,2376.494877484319,82.39972842182533,1126.85,80.60221137780513,55.11416370659636,14.003245101449993,4.000855807077617,16.07628683129648,0.32108179037655743,1.0,0.6571393314720033,1.0,0.9885098200787855,0.6571393314720033,0,nominal,0.0,0.0,0.0,0.0,0.0,0.0,0.0,0.0,0.0,0.0,0.0,0.0
40350,2376.4871254749232,82.39009820776221,1126.85,80.59283757041459,55.12840032716219,14.003245101449993,4.000529820167578,16.07503812186279,0.32108017617143775,1.0,0.657419783012868,1.0,0.9885098200787855,0.657419783012868,0,nominal,0.0,0.0,0.0,0.0,0.0,0.0,0.0,0.0,0.0,0.0,0.0,0.0
40400,2376.480480895441,82.3804713860651,1126.85,80.58347024943737,55.14266151525061,14.003245101449993,4.0002058242380825,16.07378866448309,0.32107879256962574,1.0,0.6577007185168706,1.0,0.9885098200787855,0.6577007185168706,0,nominal,0.0,0.0,0.0,0.0,0.0,0.0,0.0,0.0,0.0,0.0,0.0,0.0
40450,2376.474785541599,82.37084796109241,1126.85,80.57410942243104,55.15694301620519,14.003245101449993,3.99988354932464,16.072538624691873,0.321077606627108,1.0,0.6579820541702337,1.0,0.9885098200787855,0.6579820541702337,0,nominal,0.0,0.0,0.0,0.0,0.0,0.0,0.0,0.0,0.0,0.0,0.0,0.0
40500,2376.4699038097347,82.36122793646445,1126.85,80.56475509517742,55.17124118192838,14.003245101449993,3.9995627640734854,16.07128814447344,0.32107659010634054,1.0,0.6582637181079684,1.0,0.9885098200787855,0.6582637181079684,0,nominal,0.0,0.0,0.0,0.0,0.0,0.0,0.0,0.0,0.0,0.0,0.0,0.0
40550,2376.4657194681367,82.35161131516878,1126.85,80.55540727193647,55.185552884355744,14.003245101449993,3.9992432702200875,16.070037345614534,0.3210757188038473,1.0,0.6585456487093769,1.0,0.9885098200787855,0.6585456487093769,0,nominal,0.0,0.0,0.0,0.0,0.0,0.0,0.0,0.0,0.0,0.0,0.0,0.0
40600,2376.462132889624,82.34199809965054,1126.85,80.54606595566406,55.19987544127329,14.003245101449993,3.998924897857252,16.06878633257982,0.3210749719738894,1.0,0.658827793136706,1.0,0.9885098200787855,0.658827793136706,0,nominal,0.0,0.0,0.0,0.0,0.0,0.0,0.0,0.0,0.0,0.0,0.0,0.0
40650,2376.4590586794707,82.3323882918898,1126.85,80.53673114819856,55.214206552716334,14.003245101449993,3.9986075013798223,16.067535194977733,0.3210743318344769,1.0,0.659110106082248,1.0,0.9885098200787855,0.659110106082248,0,nominal,0.0,0.0,0.0,0.0,0.0,0.0,0.0,0.0,0.0,0.0,0.0,0.0
40700,2376.456423642196,82.322781893468,1126.85,80.52740285042074,55.22854424644099,14.003245101449993,3.99829095600934,16.066284009675464,0.32107378314395707,1.0,0.6593925486941677,1.0,0.9885098200787855,0.6593925486941677,0,nominal,0.0,0.0,0.0,0.0,0.0,0.0,0.0,0.0,0.0,0.0,0.0,0.0
40750,2376.454165038818,82.31317890562474,1126.85,80.51808106239116,55.2428868311747,14.003245101449993,3.997975154815632,16.06503284261262,0.32107331283809476,1.0,0.6596750876555701,1.0,0.9885098200787855,0.6596750876555701,0,nominal,0.0,0.0,0.0,0.0,0.0,0.0,0.0,0.0,0.0,0.0,0.0,0.0
40800,2376.452229093065,82.30357932930661,1126.85,80.50876578346748,55.25723285653466,14.003245101449993,3.997660006164357,16.063781750356835,0.32107290971900304,1.0,0.6599576943949209,1.0,0.9885098200787855,0.6599576943949209,0,nominal,0.0,0.0,0.0,0.0,0.0,0.0,0.0,0.0,0.0,0.0,0.0,0.0
40850,2376.450569710991,82.29398316520906,1126.85,80.49945701240546,55.27158107866462,14.003245101449993,3.9973454315295345,16.06253078143781,0.3210725641885136,1.0,0.6602403444091154,1.0,0.9885098200787855,0.6602403444091154,0,nominal,0.0,0.0,0.0,0.0,0.0,0.0,0.0,0.0,0.0,0.0,0.0,0.0
40900,2376.449147383499,82.28439041381199,1126.85,80.49015474744527,55.285930430773355,14.003245101449993,3.9970313636189143,16.061279977491473,0.3210722680196407,1.0,0.6605230166831074,1.0,0.9885098200787855,0.6605230166831074,0,nominal,0.0,0.0,0.0,0.0,0.0,0.0,0.0,0.0,0.0,0.0,0.0,0.0
40950,2376.447928245649,82.27480107541078,1126.85,80.48085898638561,55.30027999787567,14.003245101449993,3.9967177447674382,16.060029374241346,0.3210720141606934,1.0,0.6608056931923235,1.0,0.9885098200787855,0.6608056931923235,0,nominal,0.0,0.0,0.0,0.0,0.0,0.0,0.0,0.0,0.0,0.0,0.0,0.0
41000,2376.446883270349,82.26521515014235,1126.85,80.4715697266472,55.314628995137056,14.003245101449993,3.996404525560419,16.058779002340025,0.3210717965673739,1.0,0.661088358476069,1.0,0.9885098200787855,0.661088358476069,0,nominal,0.0,0.0,0.0,0.0,0.0,0.0,0.0,0.0,0.0,0.0,0.0,0.0
41050,2376.445987577235,82.25563263800785,1126.85,80.46228696532728,55.32897674930693,14.003245101449993,3.996091663653645,16.057528888091063,0.32107161005886103,1.0,0.6613709992717749,1.0,0.9885098200787855,0.6613709992717749,0,nominal,0.0,0.0,0.0,0.0,0.0,0.0,0.0,0.0,0.0,0.0,0.0,0.0
41100,2376.4452198402796,82.24605353889206,1126.85,80.45301069924619,55.34332268280117,14.003245101449993,3.995779122762209,16.056279054067947,0.32107145019445593,1.0,0.6616536042014346,1.0,0.9885098200787855,0.6616536042014346,0,nominal,0.0,0.0,0.0,0.0,0.0,0.0,0.0,0.0,0.0,0.0,0.0,0.0
41150,2376.4445617800325,82.23647785257992,1126.85,80.44374092498742,55.35766630005478,14.003245101449993,3.995466871793935,16.05502951964503,0.32107131316784815,1.0,0.6619361635027623,1.0,0.9885098200787855,0.6619361635027623,0,nominal,0.0,0.0,0.0,0.0,0.0,0.0,0.0,0.0,0.0,0.0,0.0,0.0
41200,2376.443997728392,82.2269055787707,1126.85,80.43447763893204,55.37200717582175,14.003245101449993,3.9951548841067535,16.05378030145287,0.3210711957164887,1.0,0.6622186687987063,1.0,0.9885098200787855,0.6622186687987063,0,nominal,0.0,0.0,0.0,0.0,0.0,0.0,0.0,0.0,0.0,0.0,0.0,0.0
41250,2376.443514255557,82.21733671709023,1126.85,80.4252208372879,55.386344945143236,14.003245101449993,3.9948431368722694,16.052531413768786,0.3210710950439084,1.0,0.6625011128998312,1.0,0.9885098200787855,0.6625011128998312,0,nominal,0.0,0.0,0.0,0.0,0.0,0.0,0.0,0.0,0.0,0.0,0.0,0.0
41300,2376.4430998502703,82.2077712671014,1126.85,80.4159705161149,55.40067929474816,14.003245101449993,3.9945316105303488,16.051282868851754,0.3210710087531355,1.0,0.6627834896349141,1.0,0.9885098200787855,0.6627834896349141,0,nominal,0.0,0.0,0.0,0.0,0.0,0.0,0.0,0.0,0.0,0.0,0.0,0.0
41350,2376.4427446457385,82.19820922831309,1126.85,80.40672667134675,55.41500995567924,14.003245101449993,3.994220288321691,16.050034677229647,0.32107093478962306,1.0,0.6630657937056831,1.0,0.9885098200787855,0.6630657937056831,0,nominal,0.0,0.0,0.0,0.0,0.0,0.0,0.0,0.0,0.0,0.0,0.0,0.0
41400,2376.4424401847114,82.18865060018771,1126.85,80.39748929880926,55.429336696971596,14.003245101449993,3.9939091558872772,16.04878684794564,0.3210708713923321,1.0,0.6633480205622907,1.0,0.9885098200787855,0.6633480205622907,0,nominal,0.0,0.0,0.0,0.0,0.0,0.0,0.0,0.0,0.0,0.0,0.0,0.0
41450,2376.4421792181165,82.17909538214803,1126.85,80.38825839423646,55.44365932023305,14.003245101449993,3.993598200925083,16.04753938876949,0.32107081705180107,1.0,0.6636301662965488,1.0,0.9885098200787855,0.6636301662965488,0,nominal,0.0,0.0,0.0,0.0,0.0,0.0,0.0,0.0,0.0,0.0,0.0,0.0
41500,2376.441955532464,82.16954357358264,1126.85,80.37903395328402,55.45797765499735,14.003245101449993,3.9932874128958855,16.046292306378746,0.32107077047420585,1.0,0.6639122275503901,1.0,0.9885098200787855,0.6639122275503901,0,nominal,0.0,0.0,0.0,0.0,0.0,0.0,0.0,0.0,0.0,0.0,0.0,0.0
41550,2376.4417638019045,82.1599951738508,1126.85,80.36981597154102,55.47229155474071,14.003245101449993,3.992976782771147,16.045045606514158,0.321070730550555,1.0,0.6641942014373982,1.0,0.9885098200787855,0.6641942014373982,0,nominal,0.0,0.0,0.0,0.0,0.0,0.0,0.0,0.0,0.0,0.0,0.0,0.0
41600,2376.441599461425,82.1504501822867,1126.85,80.36060444453994,55.486600893466175,14.003245101449993,3.992666302816958,16.043799294113008,0.3210706963302844,1.0,0.6644760854755204,1.0,0.9885098200787855,0.6644760854755204,0,nominal,0.0,0.0,0.0,0.0,0.0,0.0,0.0,0.0,0.0,0.0,0.0,0.0
41650,2376.441458598157,82.14090859820283,1126.85,80.35139936776528,55.5009055627754,14.003245101449993,3.9923559664088764,16.042553373423413,0.3210706669986251,1.0,0.6647578775293845,1.0,0.9885098200787855,0.6647578775293845,0,nominal,0.0,0.0,0.0,0.0,0.0,0.0,0.0,0.0,0.0,0.0,0.0,0.0
41700,2376.441337858213,82.13137042089323,1126.85,80.3422007366608,55.51520546935829,14.003245101449993,3.9920457678732415,16.041307848102363,0.32107064185720374,1.0,0.6650395757608467,1.0,0.9885098200787855,0.6650395757608467,0,nominal,0.0,0.0,0.0,0.0,0.0,0.0,0.0,0.0,0.0,0.0,0.0,0.0
41750,2376.4412343668323,82.12183564963601,1126.85,80.33300854663588,55.52950053284054,14.003245101449993,3.991735702351188,16.04006272129983,0.3210706203074145,1.0,0.6653211785865886,1.0,0.9885098200787855,0.6653211785865886,0,nominal,0.0,0.0,0.0,0.0,0.0,0.0,0.0,0.0,0.0,0.0,0.0,0.0
41800,2376.4411456599346,82.11230428369555,1126.85,80.32382279307103,55.543790683938354,14.003245101449993,3.9914257656821026,16.038817995730856,0.32107060183616704,1.0,0.6656026846417679,1.0,0.9885098200787855,0.6656026846417679,0,nominal,0.0,0.0,0.0,0.0,0.0,0.0,0.0,0.0,0.0,0.0,0.0,0.0
41850,2376.441069625451,82.10277632232447,1126.85,80.31464347132237,55.558075862876436,14.003245101449993,3.9911159543037686,16.037573673737484,0.32107058600366956,1.0,0.6658840927488523,1.0,0.9885098200787855,0.6658840927488523,0,nominal,0.0,0.0,0.0,0.0,0.0,0.0,0.0,0.0,0.0,0.0,0.0,0.0
41900,2376.4410044530364,82.09325176476523,1126.85,80.30547057672567,55.57235601803152,14.003245101449993,3.9908062651667526,16.036329757341736,0.3210705724329578,1.0,0.6661654018908999,1.0,0.9885098200787855,0.6661654018908999,0,nominal,0.0,0.0,0.0,0.0,0.0,0.0,0.0,0.0,0.0,0.0,0.0,0.0
41950,2376.440948590967,82.08373061025156,1126.85,80.2963041045997,55.58663110476965,14.003245101449993,3.9904966956610637,16.035086248291105,0.3210705608009192,1.0,0.6664466111886521,1.0,0.9885098200787855,0.6664466111886521,0,nominal,0.0,0.0,0.0,0.0,0.0,0.0,0.0,0.0,0.0,0.0,0.0,0.0
42000,2376.4409007091926,82.07421285800979,1126.85,80.28714405024925,55.600901084449035,14.003245101449993,3.9901872435533026,16.033843148097652,0.32107055083060065,1.0,0.666727719880893,1.0,0.9885098200787855,0.666727719880893,0,nominal,0.0,0.0,0.0,0.0,0.0,0.0,0.0,0.0,0.0,0.0,0.0,0.0
42050,2376.440859667672,82.0646985072596,1126.85,80.27799040896753,55.61516592356532,14.003245101449993,3.989877906932774,16.032600458071382,0.3210705422846133,1.0,0.6670087273076098,1.0,0.9885098200787855,0.6670087273076098,0,nominal,0.0,0.0,0.0,0.0,0.0,0.0,0.0,0.0,0.0,0.0,0.0,0.0
42100,2376.440824489226,82.05518755721528,1126.85,80.26884317603839,55.629425593018965,14.003245101449993,3.9895686841653393,16.031358179349013,0.32107053495948146,1.0,0.6672896328955618,1.0,0.9885098200787855,0.6672896328955618,0,nominal,0.0,0.0,0.0,0.0,0.0,0.0,0.0,0.0,0.0,0.0,0.0,0.0
42150,2376.440794336272,82.04568000708616,1126.85,80.2597023467381,55.643680067486514,14.003245101449993,3.9892595738538414,16.030116312918576,0.32107052868079705,1.0,0.6675704361458946,1.0,0.9885098200787855,0.6675704361458946,0,nominal,0.0,0.0,0.0,0.0,0.0,0.0,0.0,0.0,0.0,0.0,0.0,0.0
42200,2376.440768490883,82.03617585607748,1126.85,80.25056791633693,55.65792932488247,14.003245101449993,3.988950574804207,16.028874859640514,0.3210705232990676,1.0,0.667851136623539,1.0,0.9885098200787855,0.667851136623539,0,nominal,0.0,0.0,0.0,0.0,0.0,0.0,0.0,0.0,0.0,0.0,0.0,0.0
42250,2376.4407463376924,82.0266751033908,1126.85,80.24143988010053,55.67217334589714,14.003245101449993,3.9886416859963747,16.02763382026578,0.3210705186861566,1.0,0.6681317339481078,1.0,0.9885098200787855,0.6681317339481078,0,nominal,0.0,0.0,0.0,0.0,0.0,0.0,0.0,0.0,0.0,0.0,0.0,0.0
42300,2376.4407273492434,82.01717774822458,1126.85,80.2323182332911,55.68641211360093,14.003245101449993,3.988332906559411,16.02639319545138,0.3210705147322329,1.0,0.6684122277860993,1.0,0.9885098200787855,0.6684122277860993,0,nominal,0.0,0.0,0.0,0.0,0.0,0.0,0.0,0.0,0.0,0.0,0.0,0.0
42350,2376.4407110734296,82.00768378977466,1126.85,80.22320297116835,55.700645613104555,14.003245101449993,3.9880242357501725,16.025152985773758,0.32107051134315556,1.0,0.6686926178442055,1.0,0.9885098200787855,0.6686926178442055,0,nominal,0.0,0.0,0.0,0.0,0.0,0.0,0.0,0.0,0.0,0.0,0.0,0.0
42400,2376.440697122732,81.99819322723437,1126.85,80.2140940889903,55.71487383126833,14.003245101449993,3.987715672934997,16.023913191740085,0.3210705084382321,1.0,0.6689729038635831,1.0,0.9885098200787855,0.6689729038635831,0,nominal,0.0,0.0,0.0,0.0,0.0,0.0,0.0,0.0,0.0,0.0,0.0,0.0
42450,2376.4406851649915,81.98870605979505,1126.85,80.20499158201409,55.729096756452584,14.003245101449993,3.987407217574047,16.022673813798146,0.32107050594829767,1.0,0.6692530856149392,1.0,0.9885098200787855,0.6692530856149392,0,nominal,0.0,0.0,0.0,0.0,0.0,0.0,0.0,0.0,0.0,0.0,0.0,0.0
42500,2376.4406749154996,81.97922228664623,1126.85,80.1958954454966,55.74331437830382,14.003245101449993,3.9870988692078804,16.02143485234475,0.3210705038140682,1.0,0.6695331628943169,1.0,0.9885098200787855,0.6695331628943169,0,nominal,0.0,0.0,0.0,0.0,0.0,0.0,0.0,0.0,0.0,0.0,0.0,0.0
42550,2376.440666130221,81.96974190697586,1126.85,80.186805674695,55.75752668757107,14.003245101449993,3.986790627445928,16.020196307732874,0.32107050198472864,1.0,0.6698131355194784,1.0,0.9885098200787855,0.6698131355194784,0,nominal,0.0,0.0,0.0,0.0,0.0,0.0,0.0,0.0,0.0,0.0,0.0,0.0
42600,2376.440658599982,81.96026491997048,1126.85,80.17772226486704,55.77173367594876,14.003245101449993,3.986482491956641,16.018958180277906,0.32107050041672336,1.0,0.6700930033268098,1.0,0.9885098200787855,0.6700930033268098,0,nominal,0.0,0.0,0.0,0.0,0.0,0.0,0.0,0.0,0.0,0.0,0.0,0.0
42650,2376.440652145491,81.9507913248155,1126.85,80.16864521127167,55.78593533594212,14.003245101449993,3.98617446245903,16.017720470262912,0.3210704990727187,1.0,0.6703727661686694,1.0,0.9885098200787855,0.6703727661686694,0,nominal,0.0,0.0,0.0,0.0,0.0,0.0,0.0,0.0,0.0,0.0,0.0,0.0
42700,2376.440646613071,81.94132112069514,1126.85,80.15957450916926,55.80013166075152,14.003245101449993,3.9858665387154213,16.016483177943176,0.32107049792071485,1.0,0.670652423911109,1.0,0.9885098200787855,0.670652423911109,0,nominal,0.0,0.0,0.0,0.0,0.0,0.0,0.0,0.0,0.0,0.0,0.0,0.0
42750,2376.4406418709964,81.93185430679273,1126.85,80.15051015382187,55.81432264417288,14.003245101449993,3.9855587205252587,16.01524630355014,0.32107049693328293,1.0,0.6709319764319127,1.0,0.9885098200787855,0.6709319764319127,0,nominal,0.0,0.0,0.0,0.0,0.0,0.0,0.0,0.0,0.0,0.0,0.0,0.0
42800,2376.440637806361,81.92239088229064,1126.85,80.14145214049358,55.828508280513645,14.003245101449993,3.9852510077197616,16.014009847294684,0.32107049608691274,1.0,0.6712114236189411,1.0,0.9885098200787855,0.6712114236189411,0,nominal,0.0,0.0,0.0,0.0,0.0,0.0,0.0,0.0,0.0,0.0,0.0,0.0
42850,2376.4406343223877,81.91293084637061,1126.85,80.13240046445065,55.84268856451907,14.003245101449993,3.9849434001573902,16.01277380937007,0.3210704953614526,1.0,0.6714907653686795,1.0,0.9885098200787855,0.6714907653686795,0,nominal,0.0,0.0,0.0,0.0,0.0,0.0,0.0,0.0,0.0,0.0,0.0,0.0
42900,2376.440631336125,81.90347419821359,1126.85,80.1233551209616,55.856863491310264,14.003245101449993,3.984635897719918,16.011538189954333,0.32107049473962956,1.0,0.6717700015850168,1.0,0.9885098200787855,0.6717700015850168,0,nominal,0.0,0.0,0.0,0.0,0.0,0.0,0.0,0.0,0.0,0.0,0.0,0.0
42950,2376.4406287764714,81.89402093699994,1126.85,80.11431610529763,55.871033056330766,14.003245101449993,3.9843285003090902,16.010302989212413,0.3210704942066384,1.0,0.6720491321781942,1.0,0.9885098200787855,0.6720491321781942,0,nominal,0.0,0.0,0.0,0.0,0.0,0.0,0.0,0.0,0.0,0.0,0.0,0.0
43000,2376.4406265824823,81.88457106190941,1126.85,80.10528341273243,55.885197255299964,14.003245101449993,3.984021207843766,16.00906820729802,0.3210704937497889,1.0,0.6723281570638863,1.0,0.9885098200787855,0.6723281570638863,0,nominal,0.0,0.0,0.0,0.0,0.0,0.0,0.0,0.0,0.0,0.0,0.0,0.0
43050,2376.44062470192,81.87512457212125,1126.85,80.09625703854255,55.89935608417452,14.003245101449993,3.983714020257434,16.00783384435508,0.3210704933582035,1.0,0.6726070761624424,1.0,0.9885098200787855,0.6726070761624424,0,nominal,0.0,0.0,0.0,0.0,0.0,0.0,0.0,0.0,0.0,0.0,0.0,0.0
43100,2376.44062309001,81.86568146681424,1126.85,80.08723697800735,55.913509539114195,14.003245101449993,3.983406937496129,16.006599900519163,0.321070493022559,1.0,0.6728858893982125,1.0,0.9885098200787855,0.6728858893982125,0,nominal,0.0,0.0,0.0,0.0,0.0,0.0,0.0,0.0,0.0,0.0,0.0,0.0
43150,2376.4406217083724,81.85624174516664,1126.85,80.07822322640914,55.92765761645304,14.003245101449993,3.9830999595166046,16.00536637591854,0.3210704927348635,1.0,0.6731645966989797,1.0,0.9885098200787855,0.6731645966989797,0,nominal,0.0,0.0,0.0,0.0,0.0,0.0,0.0,0.0,0.0,0.0,0.0,0.0
43200,2376.4406205241116,81.84680540635645,1126.85,80.06921577903324,55.9418003126745,14.003245101449993,3.9827930862848113,16.004133270675275,0.3210704924882676,1.0,0.6734431979954705,1.0,0.9885098200787855,0.6734431979954705,0,nominal,0.0,0.0,0.0,0.0,0.0,0.0,0.0,0.0,0.0,0.0,0.0,0.0
43250,2376.440619509031,81.83737244956109,1126.85,80.06021463116804,55.955937624390394,14.003245101449993,3.982486317774537,16.00290058490592,0.32107049227689943,1.0,0.67372169322094,1.0,0.9885098200787855,0.67372169322094,0,nominal,0.0,0.0,0.0,0.0,0.0,0.0,0.0,0.0,0.0,0.0,0.0,0.0
43300,2376.440618638962,81.82794287395774,1126.85,80.05121977810506,55.970069548322336,14.003245101449993,3.9821796539663024,16.00166831872237,0.32107049209572697,1.0,0.6740000823108063,1.0,0.9885098200787855,0.6740000823108063,0,nominal,0.0,0.0,0.0,0.0,0.0,0.0,0.0,0.0,0.0,0.0,0.0,0.0
43350,2376.4406178931886,81.8185166787232,1126.85,80.042231215139,55.984196081286285,14.003245101449993,3.981873094846363,16.00043647223238,0.3210704919404361,1.0,0.6742783652023462,1.0,0.9885098200787855,0.6742783652023462,0,nominal,0.0,0.0,0.0,0.0,0.0,0.0,0.0,0.0,0.0,0.0,0.0,0.0
43400,2376.4406172539543,81.80909386303392,1126.85,80.03324893756769,55.99831722017916,14.003245101449993,3.9815666404058927,15.99920504554018,0.32107049180732977,1.0,0.6745565418344309,1.0,0.9885098200787855,0.6745565418344309,0,nominal,0.0,0.0,0.0,0.0,0.0,0.0,0.0,0.0,0.0,0.0,0.0,0.0
43450,2376.4406167060392,81.79967442606602,1126.85,80.0242729406923,56.01243296196741,14.003245101449993,3.981260290640251,15.997974038746856,0.3210704916932386,1.0,0.6748346121473014,1.0,0.9885098200787855,0.6748346121473014,0,nominal,0.0,0.0,0.0,0.0,0.0,0.0,0.0,0.0,0.0,0.0,0.0,0.0
43500,2376.4406162363975,81.79025836699537,1126.85,80.0153032198171,56.026543303676895,14.003245101449993,3.9809540455483794,15.996743451950767,0.32107049159544615,1.0,0.6751125760823696,1.0,0.9885098200787855,0.6751125760823696,0,nominal,0.0,0.0,0.0,0.0,0.0,0.0,0.0,0.0,0.0,0.0,0.0,0.0
43550,2376.4406158338475,81.78084568499753,1126.85,80.00633977024984,56.04064824238472,14.003245101449993,3.980647905132275,15.995513285247892,0.3210704915116239,1.0,0.6753904335820563,1.0,0.9885098200787855,0.6753904335820563,0,nominal,0.0,0.0,0.0,0.0,0.0,0.0,0.0,0.0,0.0,0.0,0.0,0.0
43600,2376.4406154888047,81.77143637924769,1126.85,79.99738258730139,56.05474777521185,14.003245101449993,3.98034186939655,15.99428353873214,0.3210704914397765,1.0,0.6756681845896466,1.0,0.9885098200787855,0.6756681845896466,0,nominal,0.0,0.0,0.0,0.0,0.0,0.0,0.0,0.0,0.0,0.0,0.0,0.0
43650,2376.440615193054,81.76203044892088,1126.85,79.98843166628603,56.068841899316894,14.003245101449993,3.9800359383480175,15.9930542124955,0.3210704913781928,1.0,0.6759458290491669,1.0,0.9885098200787855,0.6759458290491669,0,nominal,0.0,0.0,0.0,0.0,0.0,0.0,0.0,0.0,0.0,0.0,0.0,0.0
43700,2376.440614939553,81.75262789319186,1126.85,79.97948700252135,56.082930611890944,14.003245101449993,3.979730111995391,15.991825306628352,0.32107049132540694,1.0,0.6762233669052838,1.0,0.9885098200787855,0.6762233669052838,0,nominal,0.0,0.0,0.0,0.0,0.0,0.0,0.0,0.0,0.0,0.0,0.0,0.0
43750,2376.4406147222667,81.74322871123502,1126.85,79.97054859132822,56.0970139101526,14.003245101449993,3.979424390348994,15.99059682121964,0.321070491280162,1.0,0.6765007981032056,1.0,0.9885098200787855,0.6765007981032056,0,nominal,0.0,0.0,0.0,0.0,0.0,0.0,0.0,0.0,0.0,0.0,0.0,0.0
43800,2376.4406145360213,81.73383290222455,1126.85,79.961616428031,56.11109179134465,14.003245101449993,3.979118773420489,15.98936875635691,0.3210704912413804,1.0,0.6767781225886172,1.0,0.9885098200787855,0.6767781225886172,0,nominal,0.0,0.0,0.0,0.0,0.0,0.0,0.0,0.0,0.0,0.0,0.0,0.0
43850,2376.440614376382,81.7244404653344,1126.85,79.95269050795724,56.12516425273004,14.003245101449993,3.97881326122272,15.988141112126629,0.3210704912081391,1.0,0.6770553403076006,1.0,0.9885098200787855,0.6770553403076006,0,nominal,0.0,0.0,0.0,0.0,0.0,0.0,0.0,0.0,0.0,0.0,0.0,0.0
43900,2376.4406142395487,81.71505139973823,1126.85,79.94377082643803,56.139231291589574,14.003245101449993,3.978507853769496,15.986913888614167,0.32107049117964653,1.0,0.6773324512065892,1.0,0.9885098200787855,0.6773324512065892,0,nominal,0.0,0.0,0.0,0.0,0.0,0.0,0.0,0.0,0.0,0.0,0.0,0.0
43950,2376.440614122263,81.70566570460954,1126.85,79.93485737880764,56.15329290521904,14.003245101449993,3.9782025510754435,15.985687085903908,0.3210704911552244,1.0,0.6776094552323122,1.0,0.9885098200787855,0.6776094552323122,0,nominal,0.0,0.0,0.0,0.0,0.0,0.0,0.0,0.0,0.0,0.0,0.0,0.0
44000,2376.4406140217325,81.6962833791215,1126.85,79.92595016040383,56.1673490909274,14.003245101449993,3.9778973531558885,15.984460704079385,0.3210704911342912,1.0,0.6778863523317581,1.0,0.9885098200787855,0.6778863523317581,0,nominal,0.0,0.0,0.0,0.0,0.0,0.0,0.0,0.0,0.0,0.0,0.0,0.0
44050,2376.4406139355633,81.68690442244707,1126.85,79.91704916656772,56.18139984603464,14.003245101449993,3.9775922600267317,15.983234743223305,0.32107049111634833,1.0,0.678163142452132,1.0,0.9885098200787855,0.678163142452132,0,nominal,0.0,0.0,0.0,0.0,0.0,0.0,0.0,0.0,0.0,0.0,0.0,0.0
44100,2376.440613861704,81.67752883375897,1126.85,79.90815439264378,56.19544516787056,14.003245101449993,3.9772872717043635,15.982009203417649,0.3210704911009689,1.0,0.6784398255408334,1.0,0.9885098200787855,0.6784398255408334,0,nominal,0.0,0.0,0.0,0.0,0.0,0.0,0.0,0.0,0.0,0.0,0.0,0.0
44150,2376.440613798396,81.66815661222967,1126.85,79.89926583397988,56.209485053773086,14.003245101449993,3.976982388205571,15.980784084743696,0.32107049108778635,1.0,0.678716401545421,1.0,0.9885098200787855,0.678716401545421,0,nominal,0.0,0.0,0.0,0.0,0.0,0.0,0.0,0.0,0.0,0.0,0.0,0.0
44200,2376.440613744132,81.65878775703146,1126.85,79.89038348592726,56.22351950108743,14.003245101449993,3.9766776095474685,15.97955938728206,0.321070491076487,1.0,0.6789928704135973,1.0,0.9885098200787855,0.6789928704135973,0,nominal,0.0,0.0,0.0,0.0,0.0,0.0,0.0,0.0,0.0,0.0,0.0,0.0
44250,2376.44061369762,81.64942226733638,1126.85,79.8815073438405,56.23754850716486,14.003245101449993,3.976372935747454,15.978335111112807,0.32107049106680186,1.0,0.6792692320931841,1.0,0.9885098200787855,0.6792692320931841,0,nominal,0.0,0.0,0.0,0.0,0.0,0.0,0.0,0.0,0.0,0.0,0.0,0.0
44300,2376.4406136577527,81.64006014231614,1126.85,79.87263740307759,56.25157206936214,14.003245101449993,3.9760683668231303,15.977111256315364,0.32107049105850044,1.0,0.6795454865321117,1.0,0.9885098200787855,0.6795454865321117,0,nominal,0.0,0.0,0.0,0.0,0.0,0.0,0.0,0.0,0.0,0.0,0.0,0.0
44350,2376.4406136235807,81.63070138114239,1126.85,79.86377365899995,56.265590185040374,14.003245101449993,3.9757639027922815,15.975887822968652,0.32107049105138497,1.0,0.6798216336783954,1.0,0.9885098200787855,0.6798216336783954,0,nominal,0.0,0.0,0.0,0.0,0.0,0.0,0.0,0.0,0.0,0.0,0.0,0.0
44400,2376.4406135942904,81.62134598298644,1126.85,79.85491610697233,56.27960285156487,14.003245101449993,3.975459543672822,15.974664811151047,0.3210704910452859,1.0,0.6800976734801337,1.0,0.9885098200787855,0.6800976734801337,0,nominal,0.0,0.0,0.0,0.0,0.0,0.0,0.0,0.0,0.0,0.0,0.0,0.0
44450,2376.4406135691843,81.61199394701936,1126.85,79.84606474236284,56.293610066304076,14.003245101449993,3.9751552894827746,15.973442220940449,0.3210704910400581,1.0,0.680373605885487,1.0,0.9885098200787855,0.680373605885487,0,nominal,0.0,0.0,0.0,0.0,0.0,0.0,0.0,0.0,0.0,0.0,0.0,0.0
44500,2376.4406135476647,81.60264527241208,1126.85,79.83721956054302,56.30761182662965,14.003245101449993,3.974851140240235,15.97222005241427,0.32107049103557705,1.0,0.6806494308426788,1.0,0.9885098200787855,0.6806494308426788,0,nominal,0.0,0.0,0.0,0.0,0.0,0.0,0.0,0.0,0.0,0.0,0.0,0.0
44550,2376.4406135292197,81.59329995833525,1126.85,79.82838055688774,56.32160812991571,14.003245101449993,3.9745470959633598,15.970998305649491,0.32107049103173635,1.0,0.6809251482999807,1.0,0.9885098200787855,0.6809251482999807,0,nominal,0.0,0.0,0.0,0.0,0.0,0.0,0.0,0.0,0.0,0.0,0.0,0.0
44600,2376.4406135134095,81.58395800395937,1126.85,79.81954772677523,56.33559897353864,14.003245101449993,3.9742431566703162,15.969776980722557,0.3210704910284441,1.0,0.6812007582057095,1.0,0.9885098200787855,0.6812007582057095,0,nominal,0.0,0.0,0.0,0.0,0.0,0.0,0.0,0.0,0.0,0.0,0.0,0.0
44650,2376.440613499858,81.57461940845457,1126.85,79.81072106558713,56.3495843548768,14.003245101449993,3.973939322379307,15.968556077709573,0.32107049102562235,1.0,0.6814762605082207,1.0,0.9885098200787855,0.6814762605082207,0,nominal,0.0,0.0,0.0,0.0,0.0,0.0,0.0,0.0,0.0,0.0,0.0,0.0
44700,2376.4406134882424,81.56528417099088,1126.85,79.8019005687085,56.3635642713101,14.003245101449993,3.973635593108517,15.967335596686148,0.3210704910232036,1.0,0.6817516551559006,1.0,0.9885098200787855,0.6817516551559006,0,nominal,0.0,0.0,0.0,0.0,0.0,0.0,0.0,0.0,0.0,0.0,0.0,0.0
44750,2376.440613478286,81.5559522907381,1126.85,79.7930862315277,56.37753872021988,14.003245101449993,3.9733319688761313,15.966115537727521,0.32107049102113056,1.0,0.682026942097163,1.0,0.9885098200787855,0.682026942097163,0,nominal,0.0,0.0,0.0,0.0,0.0,0.0,0.0,0.0,0.0,0.0,0.0,0.0
44800,2376.4406134697524,81.54662376686576,1126.85,79.78427804943647,56.391507698988974,14.003245101449993,3.973028449700296,15.964895900908473,0.3210704910193536,1.0,0.6823021212804518,1.0,0.9885098200787855,0.6823021212804518,0,nominal,0.0,0.0,0.0,0.0,0.0,0.0,0.0,0.0,0.0,0.0,0.0,0.0
44850,2376.4406134624373,81.5372985985432,1126.85,79.77547601782987,56.40547120500109,14.003245101449993,3.9727250355991304,15.963676686303408,0.3210704910178305,1.0,0.6825771926542277,1.0,0.9885098200787855,0.6825771926542277,0,nominal,0.0,0.0,0.0,0.0,0.0,0.0,0.0,0.0,0.0,0.0,0.0,0.0
44900,2376.4406134561673,81.5279767849396,1126.85,79.76668013210644,56.41942923564108,14.003245101449993,3.9724217265907074,15.962457893986313,0.32107049101652485,1.0,0.6828521561669743,1.0,0.9885098200787855,0.6828521561669743,0,nominal,0.0,0.0,0.0,0.0,0.0,0.0,0.0,0.0,0.0,0.0,0.0,0.0
44950,2376.440613450793,81.51865832522378,1126.85,79.75789038766806,56.43338178829456,14.003245101449993,3.9721185226930533,15.961239524030802,0.32107049101540575,1.0,0.6831270117671897,1.0,0.9885098200787855,0.6831270117671897,0,nominal,0.0,0.0,0.0,0.0,0.0,0.0,0.0,0.0,0.0,0.0,0.0,0.0
45000,2376.4406134461865,81.50934321856454,1126.85,79.74910677991983,56.44732886034774,14.003245101449993,3.97181542392414,15.960021576510087,0.32107049101444646,1.0,0.6834017594033845,1.0,0.9885098200787855,0.6834017594033845,0,nominal,0.0,0.0,0.0,0.0,0.0,0.0,0.0,0.0,0.0,0.0,0.0,0.0
45050,2376.4406134422384,81.50003146413025,1126.85,79.7403293042704,56.461270449187786,14.003245101449993,3.971512430301877,15.958804051496998,0.3210704910136244,1.0,0.6836763990240875,1.0,0.9885098200787855,0.6836763990240875,0,nominal,0.0,0.0,0.0,0.0,0.0,0.0,0.0,0.0,0.0,0.0,0.0,0.0
45100,2376.440613438854,81.49072306108923,1126.85,79.73155795613167,56.47520655220224,14.003245101449993,3.971209541844105,15.957586949063963,0.3210704910129197,1.0,0.6839509305778348,1.0,0.9885098200787855,0.6839509305778348,0,nominal,0.0,0.0,0.0,0.0,0.0,0.0,0.0,0.0,0.0,0.0,0.0,0.0
45150,2376.4406134359533,81.48141800860952,1126.85,79.72279273091885,56.48913716677908,14.003245101449993,3.9709067585685998,15.956370269283042,0.3210704910123156,1.0,0.6842253540131721,1.0,0.9885098200787855,0.6842253540131721,0,nominal,0.0,0.0,0.0,0.0,0.0,0.0,0.0,0.0,0.0,0.0,0.0,0.0
45200,2376.4406134334668,81.47211630585895,1126.85,79.71403362405067,56.50306229030696,14.003245101449993,3.9706040804930662,15.955154012225924,0.32107049101179785,1.0,0.6844996692786569,1.0,0.9885098200787855,0.6844996692786569,0,nominal,0.0,0.0,0.0,0.0,0.0,0.0,0.0,0.0,0.0,0.0,0.0,0.0
45250,2376.4406134313354,81.46281795200508,1126.85,79.70528063094906,56.516981920174615,14.003245101449993,3.9703015076351336,15.95393817796391,0.32107049101135404,1.0,0.6847738763228496,1.0,0.9885098200787855,0.6847738763228496,0,nominal,0.0,0.0,0.0,0.0,0.0,0.0,0.0,0.0,0.0,0.0,0.0,0.0
45300,2376.4406134295086,81.4535229462154,1126.85,79.69653374703933,56.530896053771336,14.003245101449993,3.9699990400123544,15.95272276656793,0.32107049101097357,1.0,0.6850479750943207,1.0,0.9885098200787855,0.6850479750943207,0,nominal,0.0,0.0,0.0,0.0,0.0,0.0,0.0,0.0,0.0,0.0,0.0,0.0
45350,2376.440613427943,81.44423128765709,1126.85,79.68779296775017,56.544804688486714,14.003245101449993,3.969696677642206,15.951507778108558,0.32107049101064766,1.0,0.6853219655416474,1.0,0.9885098200787855,0.6853219655416474,0,nominal,0.0,0.0,0.0,0.0,0.0,0.0,0.0,0.0,0.0,0.0,0.0,0.0
45400,2376.440613426601,81.43494297549711,1126.85,79.6790582885136,56.558707821710435,14.003245101449993,3.9693944205420766,15.950293212655954,0.3210704910103683,1.0,0.6855958476134079,1.0,0.9885098200787855,0.6855958476134079,0,nominal,0.0,0.0,0.0,0.0,0.0,0.0,0.0,0.0,0.0,0.0,0.0,0.0
45450,2376.4406134254505,81.42565800890225,1126.85,79.67032970476498,56.57260545083259,14.003245101449993,3.9690922687292787,15.949079070279934,0.3210704910101287,1.0,0.685869621258189,1.0,0.9885098200787855,0.685869621258189,0,nominal,0.0,0.0,0.0,0.0,0.0,0.0,0.0,0.0,0.0,0.0,0.0,0.0
45500,2376.4406134244646,81.41637638703907,1126.85,79.66160721194302,56.58649757324332,14.003245101449993,3.968790222221043,15.947865351049959,0.3210704910099234,1.0,0.6861432864245782,1.0,0.9885098200787855,0.6861432864245782,0,nominal,0.0,0.0,0.0,0.0,0.0,0.0,0.0,0.0,0.0,0.0,0.0,0.0
45550,2376.440613423619,81.40709810907396,1126.85,79.65289080548973,56.600384186333024,14.003245101449993,3.9684882810345137,15.946652055035095,0.3210704910097474,1.0,0.6864168430611682,1.0,0.9885098200787855,0.6864168430611682,0,nominal,0.0,0.0,0.0,0.0,0.0,0.0,0.0,0.0,0.0,0.0,0.0,0.0
45600,2376.440613422895,81.39782317417303,1126.85,79.64418048085054,56.614265287492294,14.003245101449993,3.9681864451867517,15.945439182304062,0.32107049100959645,1.0,0.6866902911165557,1.0,0.9885098200787855,0.6866902911165557,0,nominal,0.0,0.0,0.0,0.0,0.0,0.0,0.0,0.0,0.0,0.0,0.0,0.0
45650,2376.440613422274,81.38855158150221,1126.85,79.6354762334741,56.62814087411167,14.003245101449993,3.967884714694736,15.94422673292522,0.3210704910094673,1.0,0.6869636305393358,1.0,0.9885098200787855,0.6869636305393358,0,nominal,0.0,0.0,0.0,0.0,0.0,0.0,0.0,0.0,0.0,0.0,0.0,0.0
45700,2376.440613421742,81.37928333022728,1126.85,79.62677805881248,56.642010943581994,14.003245101449993,3.967583089575348,15.943014706966517,0.3210704910093565,1.0,0.68723686127811,1.0,0.9885098200787855,0.68723686127811,0,nominal,0.0,0.0,0.0,0.0,0.0,0.0,0.0,0.0,0.0,0.0,0.0,0.0
45750,2376.440613421286,81.37001841951371,1126.85,79.61808595232105,56.655875493294104,14.003245101449993,3.9672815698453943,15.941803104495593,0.32107049100926144,1.0,0.6875099832814798,1.0,0.9885098200787855,0.6875099832814798,0,nominal,0.0,0.0,0.0,0.0,0.0,0.0,0.0,0.0,0.0,0.0,0.0,0.0
45800,2376.440613420895,81.36075684852688,1126.85,79.60939990945849,56.66973452063887,14.003245101449993,3.9669801555215902,15.940591925579696,0.32107049100918006,1.0,0.687782996498047,1.0,0.9885098200787855,0.687782996498047,0,nominal,0.0,0.0,0.0,0.0,0.0,0.0,0.0,0.0,0.0,0.0,0.0,0.0
45850,2376.4406134205597,81.35149861643185,1126.85,79.60071992568686,56.683588023007395,14.003245101449993,3.9666788466205603,15.939381170285705,0.3210704910091102,1.0,0.6880559008764183,1.0,0.9885098200787855,0.6880559008764183,0,nominal,0.0,0.0,0.0,0.0,0.0,0.0,0.0,0.0,0.0,0.0,0.0,0.0
45900,2376.4406134202723,81.34224372239356,1126.85,79.59204599647148,56.697435997790514,14.003245101449993,3.966377643158851,15.93817083868017,0.32107049100905044,1.0,0.6883286963651947,1.0,0.9885098200787855,0.6883286963651947,0,nominal,0.0,0.0,0.0,0.0,0.0,0.0,0.0,0.0,0.0,0.0,0.0,0.0
45950,2376.440613420026,81.33299216557674,1126.85,79.58337811728097,56.71127844237946,14.003245101449993,3.9660765451529087,15.936960930829228,0.32107049100899915,1.0,0.6886013829129852,1.0,0.9885098200787855,0.6886013829129852,0,nominal,0.0,0.0,0.0,0.0,0.0,0.0,0.0,0.0,0.0,0.0,0.0,0.0
46000,2376.440613419815,81.32374394514585,1126.85,79.5747162835874,56.72511535416524,14.003245101449993,3.965775552619097,15.935751446798687,0.32107049100895513,1.0,0.688873960468395,1.0,0.9885098200787855,0.688873960468395,0,nominal,0.0,0.0,0.0,0.0,0.0,0.0,0.0,0.0,0.0,0.0,0.0,0.0
46050,2376.440613419634,81.31449906026523,1126.85,79.566060490866,56.73894673053895,14.003245101449993,3.9654746655736974,15.934542386654002,0.3210704910089175,1.0,0.6891464289800301,1.0,0.9885098200787855,0.6891464289800301,0,nominal,0.0,0.0,0.0,0.0,0.0,0.0,0.0,0.0,0.0,0.0,0.0,0.0
46100,2376.4406134194787,81.30525751009895,1126.85,79.55741073459541,56.752772568891686,14.003245101449993,3.9651738840328963,15.933333750460253,0.3210704910088853,1.0,0.689418788396497,1.0,0.9885098200787855,0.689418788396497,0,nominal,0.0,0.0,0.0,0.0,0.0,0.0,0.0,0.0,0.0,0.0,0.0,0.0
46150,2376.440613419346,81.2960192938109,1126.85,79.54876701025756,56.76659286661442,14.003245101449993,3.9648732080127895,15.932125538282147,0.32107049100885754,1.0,0.6896910386663995,1.0,0.9885098200787855,0.6896910386663995,0,nominal,0.0,0.0,0.0,0.0,0.0,0.0,0.0,0.0,0.0,0.0,0.0,0.0
46200,2376.440613419232,81.28678441056479,1126.85,79.54012931333767,56.780407621098256,14.003245101449993,3.96457263752939,15.93091775018405,0.32107049100883384,1.0,0.6899631797383443,1.0,0.9885098200787855,0.6899631797383443,0,nominal,0.0,0.0,0.0,0.0,0.0,0.0,0.0,0.0,0.0,0.0,0.0,0.0
46250,2376.440613419134,81.27755285952412,1126.85,79.5314976393243,56.79421682973421,14.003245101449993,3.964272172598619,15.92971038622997,0.32107049100881346,1.0,0.6902352115609364,1.0,0.9885098200787855,0.6902352115609364,0,nominal,0.0,0.0,0.0,0.0,0.0,0.0,0.0,0.0,0.0,0.0,0.0,0.0
46300,2376.4406134190504,81.26832463985215,1126.85,79.52287198370931,56.80802048991316,14.003245101449993,3.9639718132363124,15.928503446483546,0.32107049100879603,1.0,0.6905071340827776,1.0,0.9885098200787855,0.6905071340827776,0,nominal,0.0,0.0,0.0,0.0,0.0,0.0,0.0,0.0,0.0,0.0,0.0,0.0
46350,2376.4406134189785,81.25909975071198,1126.85,79.5142523419878,56.821818599026,14.003245101449993,3.963671559458215,15.92729693100807,0.32107049100878104,1.0,0.6907789472524706,1.0,0.9885098200787855,0.6907789472524706,0,nominal,0.0,0.0,0.0,0.0,0.0,0.0,0.0,0.0,0.0,0.0,0.0,0.0
46400,2376.440613418917,81.24987819126653,1126.85,79.50563870965829,56.83561115446367,14.003245101449993,3.96337141127998,15.926090839866454,0.32107049100876817,1.0,0.6910506510186184,1.0,0.9885098200787855,0.6910506510186184,0,nominal,0.0,0.0,0.0,0.0,0.0,0.0,0.0,0.0,0.0,0.0,0.0,0.0
46450,2376.4406134188644,81.2406599606785,1126.85,79.49703108222246,56.849398153616775,14.003245101449993,3.9630713687171806,15.924885173121284,0.32107049100875723,1.0,0.691322245329818,1.0,0.9885098200787855,0.691322245329818,0,nominal,0.0,0.0,0.0,0.0,0.0,0.0,0.0,0.0,0.0,0.0,0.0,0.0
46500,2376.4406134188193,81.23144505811035,1126.85,79.48842945518544,56.863179593876104,14.003245101449993,3.962771431785295,15.92367993083477,0.3210704910087479,1.0,0.6915937301346697,1.0,0.9885098200787855,0.6915937301346697,0,nominal,0.0,0.0,0.0,0.0,0.0,0.0,0.0,0.0,0.0,0.0,0.0,0.0
46550,2376.4406134187807,81.22223348272439,1126.85,79.4798338240555,56.876955472632176,14.003245101449993,3.962471600499712,15.922475113068751,0.3210704910087398,1.0,0.6918651053817685,1.0,0.9885098200787855,0.6918651053817685,0,nominal,0.0,0.0,0.0,0.0,0.0,0.0,0.0,0.0,0.0,0.0,0.0,0.0
46600,2376.4406134187475,81.21302523368274,1126.85,79.4712441843443,56.89072578727546,14.003245101449993,3.962171874875735,15.921270719884738,0.3210704910087329,1.0,0.6921363710197085,1.0,0.9885098200787855,0.6921363710197085,0,nominal,0.0,0.0,0.0,0.0,0.0,0.0,0.0,0.0,0.0,0.0,0.0,0.0
46650,2376.440613418719,81.20382031014731,1126.85,79.46266053156677,56.90449053519638,14.003245101449993,3.9618722549285805,15.920066751343873,0.321070491008727,1.0,0.6924075269970829,1.0,0.9885098200787855,0.6924075269970829,0,nominal,0.0,0.0,0.0,0.0,0.0,0.0,0.0,0.0,0.0,0.0,0.0,0.0
46700,2376.4406134186943,81.19461871127976,1126.85,79.45408286124109,56.91824971378518,14.003245101449993,3.961572740673374,15.918863207506948,0.3210704910087219,1.0,0.692678573262481,1.0,0.9885098200787855,0.692678573262481,0,nominal,0.0,0.0,0.0,0.0,0.0,0.0,0.0,0.0,0.0,0.0,0.0,0.0
46750,2376.4406134186734,81.18542043624166,1126.85,79.44551116888874,56.93200332043201,14.003245101449993,3.9612733321251494,15.917660088434372,0.32107049100871743,1.0,0.692949509764491,1.0,0.9885098200787855,0.692949509764491,0,nominal,0.0,0.0,0.0,0.0,0.0,0.0,0.0,0.0,0.0,0.0,0.0,0.0
46800,2376.4406134186556,81.17622548419433,1126.85,79.43694545003456,56.94575135252687,14.003245101449993,3.9609740292988613,15.916457394186246,0.3210704910087137,1.0,0.6932203364516974,1.0,0.9885098200787855,0.6932203364516974,0,nominal,0.0,0.0,0.0,0.0,0.0,0.0,0.0,0.0,0.0,0.0,0.0,0.0
46850,2376.44061341864,81.1670338542989,1126.85,79.42838570020655,56.95949380745966,14.003245101449993,3.960674832209371,15.915255124822288,0.3210704910087107,1.0,0.6934910532726831,1.0,0.9885098200787855,0.6934910532726831,0,nominal,0.0,0.0,0.0,0.0,0.0,0.0,0.0,0.0,0.0,0.0,0.0,0.0
46900,2376.440613418627,81.15784554571627,1126.85,79.41983191493608,56.973230682620006,14.003245101449993,3.9603757408714455,15.91405328040184,0.3210704910087078,1.0,0.6937616601760258,1.0,0.9885098200787855,0.6937616601760258,0,nominal,0.0,0.0,0.0,0.0,0.0,0.0,0.0,0.0,0.0,0.0,0.0,0.0
46950,2376.4406134186156,81.14866055760723,1126.85,79.41128408975777,56.98696197539752,14.003245101449993,3.9600767552997787,15.912851860983947,0.32107049100870555,1.0,0.6940321571103024,1.0,0.9885098200787855,0.6940321571103024,0,nominal,0.0,0.0,0.0,0.0,0.0,0.0,0.0,0.0,0.0,0.0,0.0,0.0
47000,2376.440613418606,81.1394788891323,1126.85,79.40274222020952,57.000687683181596,14.003245101449993,3.9597778755089608,15.911650866627244,0.3210704910087034,1.0,0.694302544024086,1.0,0.9885098200787855,0.694302544024086,0,nominal,0.0,0.0,0.0,0.0,0.0,0.0,0.0,0.0,0.0,0.0,0.0,0.0
47050,2376.440613418598,81.13030053945187,1126.85,79.39420630183247,57.014407803361394,14.003245101449993,3.9594791015135082,15.910450297390062,0.3210704910087017,1.0,0.6945728208659444,1.0,0.9885098200787855,0.6945728208659444,0,nominal,0.0,0.0,0.0,0.0,0.0,0.0,0.0,0.0,0.0,0.0,0.0,0.0
47100,2376.4406134185906,81.12112550772605,1126.85,79.38567633017107,57.02812233332599,14.003245101449993,3.9591804333278398,15.909250153330339,0.3210704910087002,1.0,0.6948429875844447,1.0,0.9885098200787855,0.6948429875844447,0,nominal,0.0,0.0,0.0,0.0,0.0,0.0,0.0,0.0,0.0,0.0,0.0,0.0
47150,2376.4406134185847,81.11195379311488,1126.85,79.37715230077299,57.041831270464236,14.003245101449993,3.9588818709662905,15.908050434505686,0.321070491008699,1.0,0.695113044128149,1.0,0.9885098200787855,0.695113044128149,0,nominal,0.0,0.0,0.0,0.0,0.0,0.0,0.0,0.0,0.0,0.0,0.0,0.0
47200,2376.4406134185797,81.1027853947781,1126.85,79.36863420918922,57.055534612164855,14.003245101449993,3.958583414443105,15.906851140973338,0.32107049100869794,1.0,0.6953829904456169,1.0,0.9885098200787855,0.6953829904456169,0,nominal,0.0,0.0,0.0,0.0,0.0,0.0,0.0,0.0,0.0,0.0,0.0,0.0
47250,2376.440613418575,81.09362031187533,1126.85,79.36012205097398,57.06923235581619,14.003245101449993,3.958285063772444,15.905652272790194,0.321070491008697,1.0,0.6956528264854004,1.0,0.9885098200787855,0.6956528264854004,0,nominal,0.0,0.0,0.0,0.0,0.0,0.0,0.0,0.0,0.0,0.0,0.0,0.0
47300,2376.4406134185715,81.08445854356597,1126.85,79.35161582168473,57.08292449880662,14.003245101449993,3.957986818968378,15.904453830012809,0.3210704910086963,1.0,0.6959225521960525,1.0,0.9885098200787855,0.6959225521960525,0,nominal,0.0,0.0,0.0,0.0,0.0,0.0,0.0,0.0,0.0,0.0,0.0,0.0
47350,2376.4406134185683,81.07530008900926,1126.85,79.34311551688228,57.096611038524124,14.003245101449993,3.9576886800448903,15.90325581269736,0.32107049100869556,1.0,0.6961921675261185,1.0,0.9885098200787855,0.6961921675261185,0,nominal,0.0,0.0,0.0,0.0,0.0,0.0,0.0,0.0,0.0,0.0,0.0,0.0
47400,2376.4406134185656,81.06614494736425,1126.85,79.33462113213062,57.110291972356414,14.003245101449993,3.9573906470158837,15.902058220899717,0.32107049100869506,1.0,0.6964616724241377,1.0,0.9885098200787855,0.6964616724241377,0,nominal,0.0,0.0,0.0,0.0,0.0,0.0,0.0,0.0,0.0,0.0,0.0,0.0
47450,2376.4406134185633,81.05699311778977,1126.85,79.326132662997,57.12396729769113,14.003245101449993,3.9570927198951624,15.900861054675355,0.3210704910086945,1.0,0.6967310668386486,1.0,0.9885098200787855,0.6967310668386486,0,nominal,0.0,0.0,0.0,0.0,0.0,0.0,0.0,0.0,0.0,0.0,0.0,0.0
47500,2376.440613418561,81.04784459944443,1126.85,79.31765010505194,57.13763701191565,14.003245101449993,3.9567948986964523,15.899664314079423,0.3210704910086942,1.0,0.6970003507181842,1.0,0.9885098200787855,0.6970003507181842,0,nominal,0.0,0.0,0.0,0.0,0.0,0.0,0.0,0.0,0.0,0.0,0.0,0.0
47550,2376.440613418559,81.03869939148677,1126.85,79.30917345386916,57.15130111241694,14.003245101449993,3.9564971834333877,15.898467999166712,0.32107049100869384,1.0,0.6972695240112698,1.0,0.9885098200787855,0.6972695240112698,0,nominal,0.0,0.0,0.0,0.0,0.0,0.0,0.0,0.0,0.0,0.0,0.0,0.0
47600,2376.440613418558,81.02955749307506,1126.85,79.30070270502574,57.16495959658198,14.003245101449993,3.9561995741195144,15.897272109991652,0.3210704910086934,1.0,0.6975385866664306,1.0,0.9885098200787855,0.6975385866664306,0,nominal,0.0,0.0,0.0,0.0,0.0,0.0,0.0,0.0,0.0,0.0,0.0,0.0
47650,2376.4406134185565,81.02041890336739,1126.85,79.29223785410193,57.17861246179726,14.003245101449993,3.9559020707682975,15.896076646608352,0.3210704910086931,1.0,0.6978075386321824,1.0,0.9885098200787855,0.6978075386321824,0,nominal,0.0,0.0,0.0,0.0,0.0,0.0,0.0,0.0,0.0,0.0,0.0,0.0
47700,2376.440613418555,81.01128362152167,1126.85,79.28377889668121,57.19225970544904,14.003245101449993,3.9556046733931143,15.894881609070564,0.32107049100869295,1.0,0.6980763798570362,1.0,0.9885098200787855,0.6980763798570362,0,nominal,0.0,0.0,0.0,0.0,0.0,0.0,0.0,0.0,0.0,0.0,0.0,0.0
47750,2376.440613418554,81.00215164669567,1126.85,79.27532582835033,57.20590132492334,14.003245101449993,3.955307382007253,15.893686997431688,0.3210704910086927,1.0,0.6983451102894984,1.0,0.9885098200787855,0.6983451102894984,0,nominal,0.0,0.0,0.0,0.0,0.0,0.0,0.0,0.0,0.0,0.0,0.0,0.0
47800,2376.4406134185533,80.99302297804695,1126.85,79.26687864469932,57.21953731760597,14.003245101449993,3.95501019662391,15.89249281174475,0.32107049100869256,1.0,0.6986137298780712,1.0,0.9885098200787855,0.6986137298780712,0,nominal,0.0,0.0,0.0,0.0,0.0,0.0,0.0,0.0,0.0,0.0,0.0,0.0
47850,2376.4406134185524,80.98389761473283,1126.85,79.25843734132133,57.23316768088228,14.003245101449993,3.954713117256208,15.891299052062479,0.32107049100869245,1.0,0.6988822385712482,1.0,0.9885098200787855,0.6988822385712482,0,nominal,0.0,0.0,0.0,0.0,0.0,0.0,0.0,0.0,0.0,0.0,0.0,0.0
47900,2376.440613418552,80.97477555591053,1126.85,79.25000191381287,57.2467924121375,14.003245101449993,3.95441614391717,15.890105718437209,0.3210704910086921,1.0,0.6991506363175197,1.0,0.9885098200787855,0.6991506363175197,0,nominal,0.0,0.0,0.0,0.0,0.0,0.0,0.0,0.0,0.0,0.0,0.0,0.0
47950,2376.4406134185515,80.96565680073707,1126.85,79.24157235777363,57.26041150875642,14.003245101449993,3.9541192766197426,15.88891281092096,0.3210704910086921,1.0,0.6994189230653682,1.0,0.9885098200787855,0.6994189230653682,0,nominal,0.0,0.0,0.0,0.0,0.0,0.0,0.0,0.0,0.0,0.0,0.0,0.0
48000,2376.440613418551,80.95654134836929,1126.85,79.23314866880656,57.27402496812358,14.003245101449993,3.95382251537678,15.887720329565386,0.32107049100869195,1.0,0.6996870987632707,1.0,0.9885098200787855,0.6996870987632707,0,nominal,0.0,0.0,0.0,0.0,0.0,0.0,0.0,0.0,0.0,0.0,0.0,0.0
48050,2376.4406134185506,80.9474291979638,1126.85,79.22473084251777,57.28763278762309,14.003245101449993,3.9535258602010566,15.88652827442182,0.3210704910086919,1.0,0.6999551633596965,1.0,0.9885098200787855,0.6999551633596965,0,nominal,0.0,0.0,0.0,0.0,0.0,0.0,0.0,0.0,0.0,0.0,0.0,0.0
48100,2376.44061341855,80.93832034867705,1126.85,79.21631887451662,57.301234964638965,14.003245101449993,3.953229311105253,15.88533664554122,0.3210704910086919,1.0,0.700223116803112,1.0,0.9885098200787855,0.700223116803112,0,nominal,0.0,0.0,0.0,0.0,0.0,0.0,0.0,0.0,0.0,0.0,0.0,0.0
48150,2376.4406134185497,80.92921479966537,1126.85,79.20791276041575,57.31483149655478,14.003245101449993,3.952932868101964,15.884145442974187,0.3210704910086917,1.0,0.7004909590419758,1.0,0.9885098200787855,0.7004909590419758,0,nominal,0.0,0.0,0.0,0.0,0.0,0.0,0.0,0.0,0.0,0.0,0.0,0.0
48200,2376.4406134185497,80.92011255008487,1126.85,79.19951249583102,57.3284223807536,14.003245101449993,3.952636531203709,15.882954666771036,0.32107049100869167,1.0,0.7007586900247358,1.0,0.9885098200787855,0.7007586900247358,0,nominal,0.0,0.0,0.0,0.0,0.0,0.0,0.0,0.0,0.0,0.0,0.0,0.0
48250,2376.4406134185497,80.9110135990914,1126.85,79.19111807638143,57.34200761461828,14.003245101449993,3.952340300422913,15.88176431698169,0.32107049100869167,1.0,0.7010263096998363,1.0,0.9885098200787855,0.7010263096998363,0,nominal,0.0,0.0,0.0,0.0,0.0,0.0,0.0,0.0,0.0,0.0,0.0,0.0
48300,2376.4406134185497,80.90191794584081,1126.85,79.18272949768925,57.355587195531434,14.003245101449993,3.952044175771914,15.880574393655724,0.32107049100869167,1.0,0.7012938180157163,1.0,0.9885098200787855,0.7012938180157163,0,nominal,0.0,0.0,0.0,0.0,0.0,0.0,0.0,0.0,0.0,0.0,0.0,0.0
48350,2376.4406134185497,80.89282558948861,1126.85,79.17434675537993,57.369161120875084,14.003245101449993,3.951748157262969,15.879384896842401,0.32107049100869167,1.0,0.7015612149208037,1.0,0.9885098200787855,0.7015612149208037,0,nominal,0.0,0.0,0.0,0.0,0.0,0.0,0.0,0.0,0.0,0.0,0.0,0.0
48400,2376.4406134185497,80.88373652919023,1126.85,79.1659698450822,57.38272938803119,14.003245101449993,3.951452244908244,15.878195826590602,0.32107049100869167,1.0,0.701828500363525,1.0,0.9885098200787855,0.701828500363525,0,nominal,0.0,0.0,0.0,0.0,0.0,0.0,0.0,0.0,0.0,0.0,0.0,0.0
48450,2376.4406134185497,80.87465076410092,1126.85,79.157598762428,57.39629199438094,14.003245101449993,3.951156438719828,15.877007182948903,0.32107049100869167,1.0,0.7020956742922911,1.0,0.9885098200787855,0.7020956742922911,0,nominal,0.0,0.0,0.0,0.0,0.0,0.0,0.0,0.0,0.0,0.0,0.0,0.0
48500,2376.4406134185497,80.8655682933757,1126.85,79.14923350305241,57.40984893730541,14.003245101449993,3.9508607387097183,15.875818965965513,0.32107049100869167,1.0,0.7023627366555114,1.0,0.9885098200787855,0.7023627366555114,0,nominal,0.0,0.0,0.0,0.0,0.0,0.0,0.0,0.0,0.0,0.0,0.0,0.0
48550,2376.4406134185497,80.85648911616943,1126.85,79.14087406259375,57.42340021418521,14.003245101449993,3.9505651448898274,15.874631175688306,0.32107049100869167,1.0,0.7026296874015855,1.0,0.9885098200787855,0.7026296874015855,0,nominal,0.0,0.0,0.0,0.0,0.0,0.0,0.0,0.0,0.0,0.0,0.0,0.0
48600,2376.4406134185497,80.84741323163684,1126.85,79.1325204366936,57.4369458224006,14.003245101449993,3.950269657271984,15.873443812164805,0.32107049100869167,1.0,0.7028965264789065,1.0,0.9885098200787855,0.7028965264789065,0,nominal,0.0,0.0,0.0,0.0,0.0,0.0,0.0,0.0,0.0,0.0,0.0,0.0
48650,2376.4406134185497,80.83834063893244,1126.85,79.12417262099666,57.450485759331315,14.003245101449993,3.9499742758679313,15.872256875442206,0.32107049100869167,1.0,0.7031632538358568,1.0,0.9885098200787855,0.7031632538358568,0,nominal,0.0,0.0,0.0,0.0,0.0,0.0,0.0,0.0,0.0,0.0,0.0,0.0
48700,2376.4406134185497,80.82927133721057,1126.85,79.11583061115084,57.4640200223568,14.003245101449993,3.9496790006893288,15.871070365567356,0.32107049100869167,1.0,0.7034298694208133,1.0,0.9885098200787855,0.7034298694208133,0,nominal,0.0,0.0,0.0,0.0,0.0,0.0,0.0,0.0,0.0,0.0,0.0,0.0
48750,2376.4406134185497,80.82020532562541,1126.85,79.10749440280733,57.47754860885607,14.003245101449993,3.9493838317477485,15.869884282586757,0.32107049100869167,1.0,0.7036963731821447,1.0,0.9885098200787855,0.7036963731821447,0,nominal,0.0,0.0,0.0,0.0,0.0,0.0,0.0,0.0,0.0,0.0,0.0,0.0
48800,2376.4406134185497,80.811142603331,1126.85,79.0991639916204,57.49107151620766,14.003245101449993,3.9490887690546788,15.86869862654657,0.32107049100869167,1.0,0.7039627650682097,1.0,0.9885098200787855,0.7039627650682097,0,nominal,0.0,0.0,0.0,0.0,0.0,0.0,0.0,0.0,0.0,0.0,0.0,0.0
48850,2376.4406134185497,80.80208316948114,1126.85,79.0908393732476,57.50458874178972,14.003245101449993,3.9487938126215236,15.867513397492623,0.32107049100869167,1.0,0.7042290450273595,1.0,0.9885098200787855,0.7042290450273595,0,nominal,0.0,0.0,0.0,0.0,0.0,0.0,0.0,0.0,0.0,0.0,0.0,0.0
48900,2376.4406134185497,80.79302702322951,1126.85,79.08252054334969,57.51810028298,14.003245101449993,3.948498962459601,15.866328595470394,0.32107049100869167,1.0,0.704495213007938,1.0,0.9885098200787855,0.704495213007938,0,nominal,0.0,0.0,0.0,0.0,0.0,0.0,0.0,0.0,0.0,0.0,0.0,0.0
48950,2376.4406134185497,80.78397416372962,1126.85,79.07420749759052,57.531606137155606,14.003245101449993,3.9482042185801474,15.865144220525034,0.32107049100869167,1.0,0.704761268958276,1.0,0.9885098200787855,0.704761268958276,0,nominal,0.0,0.0,0.0,0.0,0.0,0.0,0.0,0.0,0.0,0.0,0.0,0.0
49000,2376.4406134185497,80.77492459013479,1126.85,79.06590023163722,57.54510630169348,14.003245101449993,3.9479095809943106,15.86396027270134,0.32107049100869167,1.0,0.7050272128267006,1.0,0.9885098200787855,0.7050272128267006,0,nominal,0.0,0.0,0.0,0.0,0.0,0.0,0.0,0.0,0.0,0.0,0.0,0.0
49050,2376.4406134185497,80.76587830159815,1126.85,79.05759874116006,57.55860077396992,14.003245101449993,3.947615049713156,15.862776752043777,0.32107049100869167,1.0,0.7052930445615272,1.0,0.9885098200787855,0.7052930445615272,0,nominal,0.0,0.0,0.0,0.0,0.0,0.0,0.0,0.0,0.0,0.0,0.0,0.0
49100,2376.4406134185497,80.75683529727269,1126.85,79.04930302183254,57.57208955136078,14.003245101449993,3.9473206247476673,15.861593658596476,0.32107049100869167,1.0,0.7055587641110617,1.0,0.9885098200787855,0.7055587641110617,0,nominal,0.0,0.0,0.0,0.0,0.0,0.0,0.0,0.0,0.0,0.0,0.0,0.0
49150,2376.4406134185497,80.74779557631126,1126.85,79.04101306933126,57.58557263124149,14.003245101449993,3.94702630610874,15.860410992403223,0.32107049100869167,1.0,0.7058243714236019,1.0,0.9885098200787855,0.7058243714236019,0,nominal,0.0,0.0,0.0,0.0,0.0,0.0,0.0,0.0,0.0,0.0,0.0,0.0
49200,2376.4406134185497,80.73875913786651,1126.85,79.03272887933605,57.59905001098699,14.003245101449993,3.9467320938071864,15.859228753507466,0.32107049100869167,1.0,0.7060898664474361,1.0,0.9885098200787855,0.7060898664474361,0,nominal,0.0,0.0,0.0,0.0,0.0,0.0,0.0,0.0,0.0,0.0,0.0,0.0
49250,2376.4406134185497,80.7297259810909,1126.85,79.02445044752994,57.6125216879718,14.003245101449993,3.946437987853733,15.858046941952304,0.32107049100869167,1.0,0.7063552491308439,1.0,0.9885098200787855,0.7063552491308439,0,nominal,0.0,0.0,0.0,0.0,0.0,0.0,0.0,0.0,0.0,0.0,0.0,0.0
49300,2376.4406134185497,80.72069610513671,1126.85,79.01617776959915,57.62598765956975,14.003245101449993,3.9461439882590286,15.85686555778053,0.32107049100869167,1.0,0.7066205194220918,1.0,0.9885098200787855,0.7066205194220918,0,nominal,0.0,0.0,0.0,0.0,0.0,0.0,0.0,0.0,0.0,0.0,0.0,0.0
49350,2376.4406134185497,80.71166950915614,1126.85,79.00791084123301,57.639447923154364,14.003245101449993,3.945850095033633,15.855684601034577,0.32107049100869167,1.0,0.70688567726944,1.0,0.9885098200787855,0.70688567726944,0,nominal,0.0,0.0,0.0,0.0,0.0,0.0,0.0,0.0,0.0,0.0,0.0,0.0
49400,2376.4406134185497,80.70264619230119,1126.85,78.99964965812404,57.652902476098596,14.003245101449993,3.945556308188023,15.85450407175654,0.32107049100869167,1.0,0.7071507226211374,1.0,0.9885098200787855,0.7071507226211374,0,nominal,0.0,0.0,0.0,0.0,0.0,0.0,0.0,0.0,0.0,0.0,0.0,0.0
49450,2376.4406134185497,80.6936261537237,1126.85,78.99139421596794,57.66635131577491,14.003245101449993,3.9452626277325913,15.853323969988187,0.32107049100869167,1.0,0.7074156554254236,1.0,0.9885098200787855,0.7074156554254236,0,nominal,0.0,0.0,0.0,0.0,0.0,0.0,0.0,0.0,0.0,0.0,0.0,0.0
49500,2376.4406134185497,80.68460939257528,1126.85,78.98314451046355,57.679794439555195,14.003245101449993,3.944969053677649,15.852144295770945,0.32107049100869167,1.0,0.7076804756305264,1.0,0.9885098200787855,0.7076804756305264,0,nominal,0.0,0.0,0.0,0.0,0.0,0.0,0.0,0.0,0.0,0.0,0.0,0.0
49550,2376.4406134185497,80.67559590800744,1126.85,78.97490053731292,57.69323184481101,14.003245101449993,3.94467558603342,15.8509650491459,0.32107049100869167,1.0,0.7079451831846674,1.0,0.9885098200787855,0.7079451831846674,0,nominal,0.0,0.0,0.0,0.0,0.0,0.0,0.0,0.0,0.0,0.0,0.0,0.0
49600,2376.4406134185497,80.66658569917149,1126.85,78.96666229222126,57.70666352891311,14.003245101449993,3.944382224810049,15.849786230153814,0.32107049100869167,1.0,0.7082097780360525,1.0,0.9885098200787855,0.7082097780360525,0,nominal,0.0,0.0,0.0,0.0,0.0,0.0,0.0,0.0,0.0,0.0,0.0,0.0
49650,2376.4406134185497,80.6575787652186,1126.85,78.95842977089688,57.72008948923189,14.003245101449993,3.9440889700175963,15.848607838835116,0.32107049100869167,1.0,0.7084742601328798,1.0,0.9885098200787855,0.7084742601328798,0,nominal,0.0,0.0,0.0,0.0,0.0,0.0,0.0,0.0,0.0,0.0,0.0,0.0
49700,2376.4406134185497,80.64857510529981,1126.85,78.95020296905136,57.733509723137146,14.003245101449993,3.943795821666036,15.847429875229885,0.32107049100869167,1.0,0.7087386294233369,1.0,0.9885098200787855,0.7087386294233369,0,nominal,0.0,0.0,0.0,0.0,0.0,0.0,0.0,0.0,0.0,0.0,0.0,0.0
49750,2376.4406134185497,80.63957471856594,1126.85,78.94198188239932,57.74692422799819,14.003245101449993,3.9435027797652613,15.846252339377873,0.32107049100869167,1.0,0.7090028858556003,1.0,0.9885098200787855,0.7090028858556003,0,nominal,0.0,0.0,0.0,0.0,0.0,0.0,0.0,0.0,0.0,0.0,0.0,0.0
49800,2376.4406134185497,80.63057760416763,1126.85,78.93376650665857,57.76033300118371,14.003245101449993,3.943209844325084,15.845075231318505,0.32107049100869167,1.0,0.7092670293778354,1.0,0.9885098200787855,0.7092670293778354,0,nominal,0.0,0.0,0.0,0.0,0.0,0.0,0.0,0.0,0.0,0.0,0.0,0.0
49850,2376.4406134185497,80.62158376125547,1126.85,78.92555683755012,57.77373604006189,14.003245101449993,3.9429170153552278,15.843898551090858,0.32107049100869167,1.0,0.7095310599381971,1.0,0.9885098200787855,0.7095310599381971,0,nominal,0.0,0.0,0.0,0.0,0.0,0.0,0.0,0.0,0.0,0.0,0.0,0.0
49900,2376.4406134185497,80.61259318897976,1126.85,78.91735287079808,57.78713334200028,14.003245101449993,3.94262429286534,15.842722298733696,0.32107049100869167,1.0,0.7097949774848281,1.0,0.9885098200787855,0.7097949774848281,0,nominal,0.0,0.0,0.0,0.0,0.0,0.0,0.0,0.0,0.0,0.0,0.0,0.0
49950,2376.4406134185497,80.60360588649075,1126.85,78.90915460212972,57.80052490436596,14.003245101449993,3.94233167686498,15.841546474285432,0.32107049100869167,1.0,0.7100587819658614,1.0,0.9885098200787855,0.7100587819658614,0,nominal,0.0,0.0,0.0,0.0,0.0,0.0,0.0,0.0,0.0,0.0,0.0,0.0
50000,2376.4406134185497,80.59462185293847,1126.85,78.90096202727545,57.81391072452535,14.003245101449993,3.9420391673636264,15.840371077784154,0.32107049100869167,1.0,0.7103224733294178,1.0,0.9885098200787855,0.7103224733294178,0,nominal,0.0,0.0,0.0,0.0,0.0,0.0,0.0,0.0,0.0,0.0,0.0,0.0
50050,2376.4406134185497,80.58564108747277,1126.85,78.89277514196891,57.827290799844285,14.003245101449993,3.941746764370676,15.839196109267622,0.32107049100869167,1.0,0.7105860515236057,1.0,0.9885098200787855,0.7105860515236057,0,nominal,0.0,0.0,0.0,0.0,0.0,0.0,0.0,0.0,0.0,0.0,0.0,0.0
50100,2376.4406134185497,80.57666358924342,1126.85,78.88459394194672,57.84066512768801,14.003245101449993,3.9414544678954417,15.838021568773257,0.32107049100869167,1.0,0.7108495164965223,1.0,0.9885098200787855,0.7108495164965223,0,nominal,0.0,0.0,0.0,0.0,0.0,0.0,0.0,0.0,0.0,0.0,0.0,0.0
50150,2376.4406134185497,80.56768935739996,1126.85,78.87641842294875,57.85403370542133,14.003245101449993,3.9411622779471536,15.83684745633815,0.32107049100869167,1.0,0.7111128681962561,1.0,0.9885098200787855,0.7111128681962561,0,nominal,0.0,0.0,0.0,0.0,0.0,0.0,0.0,0.0,0.0,0.0,0.0,0.0
50200,2376.4406134185497,80.55871839109182,1126.85,78.86824858071799,57.867396530408286,14.003245101449993,3.940870194534959,15.835673771999057,0.32107049100869167,1.0,0.7113761065708806,1.0,0.9885098200787855,0.7113761065708806,0,nominal,0.0,0.0,0.0,0.0,0.0,0.0,0.0,0.0,0.0,0.0,0.0,0.0
50250,2376.4406134185497,80.54975068946823,1126.85,78.86008441100057,57.880753600012234,14.003245101449993,3.940578217667927,15.83450051579242,0.32107049100869167,1.0,0.7116392315684559,1.0,0.9885098200787855,0.7116392315684559,0,nominal,0.0,0.0,0.0,0.0,0.0,0.0,0.0,0.0,0.0,0.0,0.0,0.0
50300,2376.4406134185497,80.5407862516783,1126.85,78.85192590954574,57.89410491159617,14.003245101449993,3.9402863473550402,15.833327687754334,0.32107049100869167,1.0,0.7119022431370345,1.0,0.9885098200787855,0.7119022431370345,0,nominal,0.0,0.0,0.0,0.0,0.0,0.0,0.0,0.0,0.0,0.0,0.0,0.0
50350,2376.4406134185497,80.53182507687097,1126.85,78.84377307210593,57.907450462522235,14.003245101449993,3.939994583605201,15.832155287920573,0.32107049100869167,1.0,0.7121651412246526,1.0,0.9885098200787855,0.7121651412246526,0,nominal,0.0,0.0,0.0,0.0,0.0,0.0,0.0,0.0,0.0,0.0,0.0,0.0
50400,2376.4406134185497,80.52286716419508,1126.85,78.83562589443659,57.920790250152,14.003245101449993,3.939702926427231,15.830983316326583,0.32107049100869167,1.0,0.712427925779335,1.0,0.9885098200787855,0.712427925779335,0,nominal,0.0,0.0,0.0,0.0,0.0,0.0,0.0,0.0,0.0,0.0,0.0,0.0
50450,2376.4406134185497,80.51391251279921,1126.85,78.8274843722964,57.9341242718466,14.003245101449993,3.939411375829865,15.829811773007465,0.32107049100869167,1.0,0.7126905967490977,1.0,0.9885098200787855,0.7126905967490977,0,nominal,0.0,0.0,0.0,0.0,0.0,0.0,0.0,0.0,0.0,0.0,0.0,0.0
50500,2376.4406134185497,80.50496112183185,1126.85,78.81934850144711,57.94745252496635,14.003245101449993,3.939119931821759,15.828640657998001,0.32107049100869167,1.0,0.7129531540819413,1.0,0.9885098200787855,0.7129531540819413,0,nominal,0.0,0.0,0.0,0.0,0.0,0.0,0.0,0.0,0.0,0.0,0.0,0.0
50550,2376.4406134185497,80.49601299044133,1126.85,78.81121827765361,57.960775006870875,14.003245101449993,3.938828594411491,15.82746997133266,0.32107049100869167,1.0,0.7132155977258514,1.0,0.9885098200787855,0.7132155977258514,0,nominal,0.0,0.0,0.0,0.0,0.0,0.0,0.0,0.0,0.0,0.0,0.0,0.0
50600,2376.4406134185497,80.48706811777583,1126.85,78.8030936966839,57.97409171491939,14.003245101449993,3.938537363607548,15.826299713045543,0.32107049100869167,1.0,0.7134779276288069,1.0,0.9885098200787855,0.7134779276288069,0,nominal,0.0,0.0,0.0,0.0,0.0,0.0,0.0,0.0,0.0,0.0,0.0,0.0
50650,2376.4406134185497,80.4781265029834,1126.85,78.79497475430912,57.98740264647016,14.003245101449993,3.938246239418347,15.825129883170478,0.32107049100869167,1.0,0.7137401437387675,1.0,0.9885098200787855,0.7137401437387675,0,nominal,0.0,0.0,0.0,0.0,0.0,0.0,0.0,0.0,0.0,0.0,0.0,0.0
50700,2376.4406134185497,80.46918814521183,1126.85,78.78686144630353,58.000707798881066,14.003245101449993,3.9379552218522123,15.82396048174091,0.32107049100869167,1.0,0.7140022460036851,1.0,0.9885098200787855,0.7140022460036851,0,nominal,0.0,0.0,0.0,0.0,0.0,0.0,0.0,0.0,0.0,0.0,0.0,0.0
50750,2376.4406134185497,80.46025304360893,1126.85,78.77875376844446,58.01400716950918,14.003245101449993,3.9376643109173943,15.822791508789994,0.32107049100869167,1.0,0.714264234371496,1.0,0.9885098200787855,0.714264234371496,0,nominal,0.0,0.0,0.0,0.0,0.0,0.0,0.0,0.0,0.0,0.0,0.0,0.0
50800,2376.4406134185497,80.45132119732222,1126.85,78.77065171651242,58.02730075571091,14.003245101449993,3.9373735066220603,15.821622964350547,0.32107049100869167,1.0,0.714526108790123,1.0,0.9885098200787855,0.714526108790123,0,nominal,0.0,0.0,0.0,0.0,0.0,0.0,0.0,0.0,0.0,0.0,0.0,0.0
50850,2376.4406134185497,80.44239260549915,1126.85,78.76255528629099,58.04058855484198,14.003245101449993,3.9370828089742957,15.82045484845506,0.32107049100869167,1.0,0.7147878692074761,1.0,0.9885098200787855,0.7147878692074761,0,nominal,0.0,0.0,0.0,0.0,0.0,0.0,0.0,0.0,0.0,0.0,0.0,0.0
50900,2376.4406134185497,80.43346726728697,1126.85,78.75446447356683,58.053870564257444,14.003245101449993,3.936792217982106,15.819287161135701,0.32107049100869167,1.0,0.7150495155714512,1.0,0.9885098200787855,0.7150495155714512,0,nominal,0.0,0.0,0.0,0.0,0.0,0.0,0.0,0.0,0.0,0.0,0.0,0.0
50950,2376.4406134185497,80.4245451818328,1126.85,78.74637927412977,58.0671467813118,14.003245101449993,3.936501733653413,15.818119902424302,0.32107049100869167,1.0,0.7153110478299343,1.0,0.9885098200787855,0.7153110478299343,0,nominal,0.0,0.0,0.0,0.0,0.0,0.0,0.0,0.0,0.0,0.0,0.0,0.0
51000,2376.4406134185497,80.41562634828358,1126.85,78.73829968377271,58.08041720335871,14.003245101449993,3.936211355996058,15.816953072352375,0.32107049100869167,1.0,0.7155724659307938,1.0,0.9885098200787855,0.7155724659307938,0,nominal,0.0,0.0,0.0,0.0,0.0,0.0,0.0,0.0,0.0,0.0,0.0,0.0
51050,2376.4406134185497,80.40671076578622,1126.85,78.73022569829169,58.09368182775107,14.003245101449993,3.935921085017807,15.815786670951121,0.32107049100869167,1.0,0.7158337698218842,1.0,0.9885098200787855,0.7158337698218842,0,nominal,0.0,0.0,0.0,0.0,0.0,0.0,0.0,0.0,0.0,0.0,0.0,0.0
51100,2376.4406134185497,80.39779843348731,1126.85,78.72215731348575,58.106940651841285,14.003245101449993,3.935630920726338,15.814620698251396,0.32107049100869167,1.0,0.7160949594510493,1.0,0.9885098200787855,0.7160949594510493,0,nominal,0.0,0.0,0.0,0.0,0.0,0.0,0.0,0.0,0.0,0.0,0.0,0.0
51150,2376.4406134185497,80.38888935053342,1126.85,78.71409452515712,58.12019367298098,14.003245101449993,3.9353408631292504,15.813455154283737,0.32107049100869167,1.0,0.716356034766118,1.0,0.9885098200787855,0.716356034766118,0,nominal,0.0,0.0,0.0,0.0,0.0,0.0,0.0,0.0,0.0,0.0,0.0,0.0
51200,2376.4406134185497,80.37998351607092,1126.85,78.70603732911115,58.133440888520965,14.003245101449993,3.9350509122340656,15.812290039078366,0.32107049100869167,1.0,0.7166169957149032,1.0,0.9885098200787855,0.7166169957149032,0,nominal,0.0,0.0,0.0,0.0,0.0,0.0,0.0,0.0,0.0,0.0,0.0,0.0
51250,2376.4406134185497,80.37108092924609,1126.85,78.69798572115621,58.14668229581144,14.003245101449993,3.934761068048222,15.811125352665174,0.32107049100869167,1.0,0.7168778422452056,1.0,0.9885098200787855,0.7168778422452056,0,nominal,0.0,0.0,0.0,0.0,0.0,0.0,0.0,0.0,0.0,0.0,0.0,0.0
51300,2376.4406134185497,80.36218158920497,1126.85,78.6899396971038,58.159917892201804,14.003245101449993,3.9344713305790795,15.809961095073735,0.32107049100869167,1.0,0.7171385743048103,1.0,0.9885098200787855,0.7171385743048103,0,nominal,0.0,0.0,0.0,0.0,0.0,0.0,0.0,0.0,0.0,0.0,0.0,0.0
51350,2376.4406134185497,80.35328549509353,1126.85,78.68189925276846,58.173147675040866,14.003245101449993,3.9341816998339145,15.808797266333286,0.32107049100869167,1.0,0.7173991918414906,1.0,0.9885098200787855,0.7173991918414906,0,nominal,0.0,0.0,0.0,0.0,0.0,0.0,0.0,0.0,0.0,0.0,0.0,0.0
51400,2376.4406134185497,80.3443926460576,1126.85,78.67386438396784,58.18637164167652,14.003245101449993,3.933892175819927,15.807633866472761,0.32107049100869167,1.0,0.7176596948030018,1.0,0.9885098200787855,0.7176596948030018,0,nominal,0.0,0.0,0.0,0.0,0.0,0.0,0.0,0.0,0.0,0.0,0.0,0.0
51450,2376.4406134185497,80.33550304124276,1126.85,78.66583508652275,58.19958978945622,14.003245101449993,3.933602758544231,15.806470895520748,0.32107049100869167,1.0,0.7179200831370908,1.0,0.9885098200787855,0.7179200831370908,0,nominal,0.0,0.0,0.0,0.0,0.0,0.0,0.0,0.0,0.0,0.0,0.0,0.0
51500,2376.4406134185497,80.3266166797946,1126.85,78.65781135625701,58.21280211572625,14.003245101449993,3.9333134480138696,15.805308353505545,0.32107049100869167,1.0,0.718180356791481,1.0,0.9885098200787855,0.718180356791481,0,nominal,0.0,0.0,0.0,0.0,0.0,0.0,0.0,0.0,0.0,0.0,0.0,0.0
51550,2376.4406134185497,80.31773356085847,1126.85,78.64979318899753,58.22600861783244,14.003245101449993,3.9330242442357983,15.804146240455104,0.32107049100869167,1.0,0.7184405157138873,1.0,0.9885098200787855,0.7184405157138873,0,nominal,0.0,0.0,0.0,0.0,0.0,0.0,0.0,0.0,0.0,0.0,0.0,0.0
51600,2376.4406134185497,80.30885368357963,1126.85,78.64178058057428,58.23920929311985,14.003245101449993,3.9327351472168957,15.802984556397062,0.32107049100869167,1.0,0.7187005598520089,1.0,0.9885098200787855,0.7187005598520089,0,nominal,0.0,0.0,0.0,0.0,0.0,0.0,0.0,0.0,0.0,0.0,0.0,0.0
51650,2376.4406134185497,80.29997704710314,1126.85,78.63377352682039,58.25240413893279,14.003245101449993,3.9324461569639575,15.80182330135873,0.32107049100869167,1.0,0.7189604891535308,1.0,0.9885098200787855,0.7189604891535308,0,nominal,0.0,0.0,0.0,0.0,0.0,0.0,0.0,0.0,0.0,0.0,0.0,0.0
51700,2376.4406134185497,80.29110365057392,1126.85,78.62577202357198,58.26559315261463,14.003245101449993,3.932157273483707,15.800662475367123,0.32107049100869167,1.0,0.7192203035661192,1.0,0.9885098200787855,0.7192203035661192,0,nominal,0.0,0.0,0.0,0.0,0.0,0.0,0.0,0.0,0.0,0.0,0.0,0.0
51750,2376.4406134185497,80.2822334931368,1126.85,78.61777606666828,58.27877633150817,14.003245101449993,3.931868496782779,15.799502078448901,0.32107049100869167,1.0,0.7194800030374292,1.0,0.9885098200787855,0.7194800030374292,0,nominal,0.0,0.0,0.0,0.0,0.0,0.0,0.0,0.0,0.0,0.0,0.0,0.0
51800,2376.4406134185497,80.27336657393647,1126.85,78.6097856519516,58.29195367295535,14.003245101449993,3.931579826867735,15.798342110630431,0.32107049100869167,1.0,0.7197395875150988,1.0,0.9885098200787855,0.7197395875150988,0,nominal,0.0,0.0,0.0,0.0,0.0,0.0,0.0,0.0,0.0,0.0,0.0,0.0
51850,2376.4406134185497,80.26450289211749,1126.85,78.60180077526724,58.30512517429738,14.003245101449993,3.9312912637450546,15.79718257193775,0.32107049100869167,1.0,0.7199990569467517,1.0,0.9885098200787855,0.7199990569467517,0,nominal,0.0,0.0,0.0,0.0,0.0,0.0,0.0,0.0,0.0,0.0,0.0,0.0
51900,2376.4406134185497,80.2556424468242,1126.85,78.5938214324637,58.31829083287472,14.003245101449993,3.9310028074211374,15.796023462396574,0.32107049100869167,1.0,0.7202584112799966,1.0,0.9885098200787855,0.7202584112799966,0,nominal,0.0,0.0,0.0,0.0,0.0,0.0,0.0,0.0,0.0,0.0,0.0,0.0
51950,2376.4406134185497,80.24678523720081,1126.85,78.58584761939244,58.3314506460269,14.003245101449993,3.930714457902305,15.794864782032306,0.32107049100869167,1.0,0.7205176504624242,1.0,0.9885098200787855,0.7205176504624242,0,nominal,0.0,0.0,0.0,0.0,0.0,0.0,0.0,0.0,0.0,0.0,0.0,0.0
52000,2376.4406134185497,80.2379312623915,1126.85,78.57787933190804,58.34460461109286,14.003245101449993,3.9304262151948004,15.793706530870029,0.32107049100869167,1.0,0.7207767744416137,1.0,0.9885098200787855,0.7207767744416137,0,nominal,0.0,0.0,0.0,0.0,0.0,0.0,0.0,0.0,0.0,0.0,0.0,0.0
52050,2376.4406134185497,80.2290805215402,1126.85,78.56991656586814,58.357752725410556,14.003245101449993,3.930138079304786,15.792548708934508,0.32107049100869167,1.0,0.7210357831651242,1.0,0.9885098200787855,0.7210357831651242,0,nominal,0.0,0.0,0.0,0.0,0.0,0.0,0.0,0.0,0.0,0.0,0.0,0.0
52100,2376.4406134185497,80.22023301379079,1126.85,78.56195931713336,58.370894986317154,14.003245101449993,3.929850050238349,15.791391316250204,0.32107049100869167,1.0,0.7212946765805003,1.0,0.9885098200787855,0.7212946765805003,0,nominal,0.0,0.0,0.0,0.0,0.0,0.0,0.0,0.0,0.0,0.0,0.0,0.0
52150,2376.4406134185497,80.21138873828693,1126.85,78.55400758156748,58.38403139114932,14.003245101449993,3.9295621280014896,15.790234352841226,0.32107049100869167,1.0,0.7215534546352756,1.0,0.9885098200787855,0.7215534546352756,0,nominal,0.0,0.0,0.0,0.0,0.0,0.0,0.0,0.0,0.0,0.0,0.0,0.0
52200,2376.4406134185497,80.20254769417221,1126.85,78.5460613550373,58.39716193724256,14.003245101449993,3.929274312600136,15.789077818731394,0.32107049100869167,1.0,0.7218121172769619,1.0,0.9885098200787855,0.7218121172769619,0,nominal,0.0,0.0,0.0,0.0,0.0,0.0,0.0,0.0,0.0,0.0,0.0,0.0
52250,2376.4406134185497,80.19370988059006,1126.85,78.53812063341269,58.41028662193166,14.003245101449993,3.928986604040137,15.787921713944215,0.32107049100869167,1.0,0.7220706644530561,1.0,0.9885098200787855,0.7220706644530561,0,nominal,0.0,0.0,0.0,0.0,0.0,0.0,0.0,0.0,0.0,0.0,0.0,0.0
52300,2376.4406134185497,80.1848752966838,1126.85,78.53018541256648,58.423405442550596,14.003245101449993,3.928699002327263,15.786766038502874,0.32107049100869167,1.0,0.7223290961110393,1.0,0.9885098200787855,0.7223290961110393,0,nominal,0.0,0.0,0.0,0.0,0.0,0.0,0.0,0.0,0.0,0.0,0.0,0.0
52350,2376.4406134185497,80.1760439415965,1126.85,78.52225568837468,58.43651839643273,14.003245101449993,3.928411507467201,15.78561079243022,0.32107049100869167,1.0,0.722587412198381,1.0,0.9885098200787855,0.722587412198381,0,nominal,0.0,0.0,0.0,0.0,0.0,0.0,0.0,0.0,0.0,0.0,0.0,0.0
52400,2376.4406134185497,80.16721581447126,1126.85,78.51433145671626,58.44962548091021,14.003245101449993,3.928124119465566,15.784455975748822,0.32107049100869167,1.0,0.7228456126625257,1.0,0.9885098200787855,0.7228456126625257,0,nominal,0.0,0.0,0.0,0.0,0.0,0.0,0.0,0.0,0.0,0.0,0.0,0.0
52450,2376.4406134185497,80.15839091445099,1126.85,78.50641271347325,58.46272669331473,14.003245101449993,3.9278368383278903,15.783301588480905,0.32107049100869167,1.0,0.7231036974509102,1.0,0.9885098200787855,0.7231036974509102,0,nominal,0.0,0.0,0.0,0.0,0.0,0.0,0.0,0.0,0.0,0.0,0.0,0.0
52500,2376.4406134185497,80.14956924067837,1126.85,78.4984994545307,58.4758220309769,14.003245101449993,3.9275496640596304,15.782147630648398,0.32107049100869167,1.0,0.7233616665109491,1.0,0.9885098200787855,0.7233616665109491,0,nominal,0.0,0.0,0.0,0.0,0.0,0.0,0.0,0.0,0.0,0.0,0.0,0.0
52550,2376.4406134185497,80.1407507922961,1126.85,78.49059167577678,58.48891149122668,14.003245101449993,3.927262596666161,15.7809941022729,0.32107049100869167,1.0,0.7236195197900445,1.0,0.9885098200787855,0.7236195197900445,0,nominal,0.0,0.0,0.0,0.0,0.0,0.0,0.0,0.0,0.0,0.0,0.0,0.0
52600,2376.4406134185497,80.13193556844664,1126.85,78.48268937310263,58.501995071393026,14.003245101449993,3.926975636152784,15.779841003375708,0.32107049100869167,1.0,0.7238772572355787,1.0,0.9885098200787855,0.7238772572355787,0,nominal,0.0,0.0,0.0,0.0,0.0,0.0,0.0,0.0,0.0,0.0,0.0,0.0
52650,2376.4406134185497,80.12312356827232,1126.85,78.47479254240244,58.515072768804146,14.003245101449993,3.9266887825247183,15.778688333977803,0.32107049100869167,1.0,0.7241348787949192,1.0,0.9885098200787855,0.7241348787949192,0,nominal,0.0,0.0,0.0,0.0,0.0,0.0,0.0,0.0,0.0,0.0,0.0,0.0
52700,2376.4406134185497,80.11431479091544,1126.85,78.46690117957348,58.52814458078732,14.003245101449993,3.9264020357871097,15.777536094099855,0.32107049100869167,1.0,0.7243923844154154,1.0,0.9885098200787855,0.7243923844154154,0,nominal,0.0,0.0,0.0,0.0,0.0,0.0,0.0,0.0,0.0,0.0,0.0,0.0
52750,2376.4406134185497,80.10550923551807,1126.85,78.45901528051598,58.54121050466903,14.003245101449993,3.9261153959450223,15.77638428376222,0.32107049100869167,1.0,0.7246497740444009,1.0,0.9885098200787855,0.7246497740444009,0,nominal,0.0,0.0,0.0,0.0,0.0,0.0,0.0,0.0,0.0,0.0,0.0,0.0
52800,2376.4406134185497,80.09670690122215,1126.85,78.45113484113324,58.55427053777495,14.003245101449993,3.9258288630034435,15.77523290298493,0.32107049100869167,1.0,0.7249070476291931,1.0,0.9885098200787855,0.7249070476291931,0,nominal,0.0,0.0,0.0,0.0,0.0,0.0,0.0,0.0,0.0,0.0,0.0,0.0
52850,2376.4406134185497,80.08790778716957,1126.85,78.44325985733155,58.56732467742985,14.003245101449993,3.9255424369672833,15.774081951787723,0.32107049100869167,1.0,0.7251642051170919,1.0,0.9885098200787855,0.7251642051170919,0,nominal,0.0,0.0,0.0,0.0,0.0,0.0,0.0,0.0,0.0,0.0,0.0,0.0
52900,2376.4406134185497,80.079111892502,1126.85,78.43539032502031,58.580372920957586,14.003245101449993,3.9252561178413736,15.772931430190011,0.32107049100869167,1.0,0.7254212464553793,1.0,0.9885098200787855,0.7254212464553793,0,nominal,0.0,0.0,0.0,0.0,0.0,0.0,0.0,0.0,0.0,0.0,0.0,0.0
52950,2376.4406134185497,80.07031921636104,1126.85,78.42752624011189,58.593415265681244,14.003245101449993,3.9249699056304697,15.771781338210905,0.32107049100869167,1.0,0.7256781715913216,1.0,0.9885098200787855,0.7256781715913216,0,nominal,0.0,0.0,0.0,0.0,0.0,0.0,0.0,0.0,0.0,0.0,0.0,0.0
53000,2376.4406134185497,80.0615297578882,1126.85,78.4196675985217,58.60645170892283,14.003245101449993,3.9246838003392517,15.770631675869208,0.32107049100869167,1.0,0.7259349804721646,1.0,0.9885098200787855,0.7259349804721646,0,nominal,0.0,0.0,0.0,0.0,0.0,0.0,0.0,0.0,0.0,0.0,0.0,0.0
53050,2376.4406134185497,80.05274351622472,1126.85,78.41181439616815,58.61948224800367,14.003245101449993,3.9243978019723182,15.769482443183401,0.32107049100869167,1.0,0.7261916730451401,1.0,0.9885098200787855,0.7261916730451401,0,nominal,0.0,0.0,0.0,0.0,0.0,0.0,0.0,0.0,0.0,0.0,0.0,0.0
53100,2376.4406134185497,80.04396049051184,1126.85,78.40396662897263,58.63250688024422,14.003245101449993,3.924111910534193,15.76833364017166,0.32107049100869167,1.0,0.7264482492574629,1.0,0.9885098200787855,0.7264482492574629,0,nominal,0.0,0.0,0.0,0.0,0.0,0.0,0.0,0.0,0.0,0.0,0.0,0.0
53150,2376.4406134185497,80.03518067989063,1126.85,78.39612429285961,58.64552560296402,14.003245101449993,3.92382612602932,15.767185266851843,0.32107049100869167,1.0,0.7267047090563297,1.0,0.9885098200787855,0.7267047090563297,0,nominal,0.0,0.0,0.0,0.0,0.0,0.0,0.0,0.0,0.0,0.0,0.0,0.0
53200,2376.4406134185497,80.02640408350203,1126.85,78.38828738375662,58.65853841348166,14.003245101449993,3.923540448462069,15.766037323241513,0.32107049100869167,1.0,0.7269610523889187,1.0,0.9885098200787855,0.7269610523889187,0,nominal,0.0,0.0,0.0,0.0,0.0,0.0,0.0,0.0,0.0,0.0,0.0,0.0
53250,2376.4406134185497,80.0176307004869,1126.85,78.38045589759406,58.67154530911478,14.003245101449993,3.9232548778367353,15.764889809357925,0.32107049100869167,1.0,0.7272172792023892,1.0,0.9885098200787855,0.7272172792023892,0,nominal,0.0,0.0,0.0,0.0,0.0,0.0,0.0,0.0,0.0,0.0,0.0,0.0
53300,2376.4406134185497,80.0088605299859,1126.85,78.37262983030547,58.68454628718042,14.003245101449993,3.9229694141575293,15.763742725217996,0.32107049100869167,1.0,0.7274733894438891,1.0,0.9885098200787855,0.7274733894438891,0,nominal,0.0,0.0,0.0,0.0,0.0,0.0,0.0,0.0,0.0,0.0,0.0,0.0
53350,2376.4406134185497,80.00009357113964,1126.85,78.36480917782734,58.697541344994356,14.003245101449993,3.9226840574285924,15.762596070838374,0.32107049100869167,1.0,0.7277293830605407,1.0,0.9885098200787855,0.7277293830605407,0,nominal,0.0,0.0,0.0,0.0,0.0,0.0,0.0,0.0,0.0,0.0,0.0,0.0
53400,2376.4406134185497,79.99132982308856,1126.85,78.35699393609917,58.71053047987169,14.003245101449993,3.922398807653987,15.76144984623538,0.32107049100869167,1.0,0.7279852599994534,1.0,0.9885098200787855,0.7279852599994534,0,nominal,0.0,0.0,0.0,0.0,0.0,0.0,0.0,0.0,0.0,0.0,0.0,0.0
53450,2376.4406134185497,79.98256928497295,1126.85,78.34918410106349,58.723513689126555,14.003245101449993,3.9221136648376977,15.760304051425022,0.32107049100869167,1.0,0.7282410202077174,1.0,0.9885098200787855,0.7282410202077174,0,nominal,0.0,0.0,0.0,0.0,0.0,0.0,0.0,0.0,0.0,0.0,0.0,0.0
53500,2376.4406134185497,79.97381195593306,1126.85,78.34137966866575,58.7364909700722,14.003245101449993,3.921828628983633,15.75915868642301,0.32107049100869167,1.0,0.7284966636324058,1.0,0.9885098200787855,0.7284966636324058,0,nominal,0.0,0.0,0.0,0.0,0.0,0.0,0.0,0.0,0.0,0.0,0.0,0.0
53550,2376.4406134185497,79.96505783510895,1126.85,78.33358063485457,58.74946232002097,14.003245101449993,3.9215437000956235,15.758013751244736,0.32107049100869167,1.0,0.7287521902205737,1.0,0.9885098200787855,0.7287521902205737,0,nominal,0.0,0.0,0.0,0.0,0.0,0.0,0.0,0.0,0.0,0.0,0.0,0.0
53600,2376.4406134185497,79.95630692164059,1126.85,78.32578699558138,58.76242773628417,14.003245101449993,3.92125887817743,15.75686924590531,0.32107049100869167,1.0,0.7290075999192555,1.0,0.9885098200787855,0.7290075999192555,0,nominal,0.0,0.0,0.0,0.0,0.0,0.0,0.0,0.0,0.0,0.0,0.0,0.0
53650,2376.4406134185497,79.94755921466776,1126.85,78.3179987468007,58.77538721617234,14.003245101449993,3.920974163232729,15.755725170419506,0.32107049100869167,1.0,0.7292628926754706,1.0,0.9885098200787855,0.7292628926754706,0,nominal,0.0,0.0,0.0,0.0,0.0,0.0,0.0,0.0,0.0,0.0,0.0,0.0
53700,2376.4406134185497,79.93881471333026,1126.85,78.31021588447004,58.78834075699511,14.003245101449993,3.920689555265125,15.75458152480181,0.32107049100869167,1.0,0.7295180684362209,1.0,0.9885098200787855,0.7295180684362209,0,nominal,0.0,0.0,0.0,0.0,0.0,0.0,0.0,0.0,0.0,0.0,0.0,0.0
53750,2376.4406134185497,79.93007341676764,1126.85,78.30243840454989,58.80128835606106,14.003245101449993,3.9204050542781457,15.753438309066398,0.32107049100869167,1.0,0.729773127148487,1.0,0.9885098200787855,0.729773127148487,0,nominal,0.0,0.0,0.0,0.0,0.0,0.0,0.0,0.0,0.0,0.0,0.0,0.0
53800,2376.4406134185497,79.92133532411935,1126.85,78.29466630300374,58.814230010677974,14.003245101449993,3.9201206602752428,15.752295523227136,0.32107049100869167,1.0,0.7300280687592343,1.0,0.9885098200787855,0.7300280687592343,0,nominal,0.0,0.0,0.0,0.0,0.0,0.0,0.0,0.0,0.0,0.0,0.0,0.0
53850,2376.4406134185497,79.91260043452479,1126.85,78.28689957579803,58.82716571815259,14.003245101449993,3.919836373259792,15.751153167297593,0.32107049100869167,1.0,0.7302828932154074,1.0,0.9885098200787855,0.7302828932154074,0,nominal,0.0,0.0,0.0,0.0,0.0,0.0,0.0,0.0,0.0,0.0,0.0,0.0
53900,2376.4406134185497,79.90386874712317,1126.85,78.27913821890229,58.840095475790775,14.003245101449993,3.9195521932350945,15.750011241291027,0.32107049100869167,1.0,0.7305376004639336,1.0,0.9885098200787855,0.7305376004639336,0,nominal,0.0,0.0,0.0,0.0,0.0,0.0,0.0,0.0,0.0,0.0,0.0,0.0
53950,2376.4406134185497,79.89514026105365,1126.85,78.27138222828893,58.85301928089746,14.003245101449993,3.9192681202043747,15.748869745220404,0.32107049100869167,1.0,0.7307921904517222,1.0,0.9885098200787855,0.7307921904517222,0,nominal,0.0,0.0,0.0,0.0,0.0,0.0,0.0,0.0,0.0,0.0,0.0,0.0
54000,2376.4406134185497,79.88641497545518,1126.85,78.26363159993332,58.86593713077653,14.003245101449993,3.9189841541707824,15.747728679098376,0.32107049100869167,1.0,0.7310466631256611,1.0,0.9885098200787855,0.7310466631256611,0,nominal,0.0,0.0,0.0,0.0,0.0,0.0,0.0,0.0,0.0,0.0,0.0,0.0
54050,2376.4406134185497,79.87769288946669,1126.85,78.25588632981396,58.87884902273127,14.003245101449993,3.918700295137387,15.746588042937276,0.32107049100869167,1.0,0.7313010184326274,1.0,0.9885098200787855,0.7313010184326274,0,nominal,0.0,0.0,0.0,0.0,0.0,0.0,0.0,0.0,0.0,0.0,0.0,0.0
54100,2376.4406134185497,79.86897400222688,1126.85,78.2481464139122,58.89175495406352,14.003245101449993,3.9184165431071927,15.745447836749179,0.32107049100869167,1.0,0.7315552563194689,1.0,0.9885098200787855,0.7315552563194689,0,nominal,0.0,0.0,0.0,0.0,0.0,0.0,0.0,0.0,0.0,0.0,0.0,0.0
54150,2376.4406134185497,79.86025831287446,1126.85,78.24041184821237,58.904654922074535,14.003245101449993,3.9181328980831185,15.744308060545812,0.32107049100869167,1.0,0.7318093767330224,1.0,0.9885098200787855,0.7318093767330224,0,nominal,0.0,0.0,0.0,0.0,0.0,0.0,0.0,0.0,0.0,0.0,0.0,0.0
54200,2376.4406134185497,79.85154582054793,1126.85,78.23268262870181,58.91754892406454,14.003245101449993,3.9178493600680127,15.74316871433862,0.32107049100869167,1.0,0.7320633796201041,1.0,0.9885098200787855,0.7320633796201041,0,nominal,0.0,0.0,0.0,0.0,0.0,0.0,0.0,0.0,0.0,0.0,0.0,0.0
54250,2376.4406134185497,79.84283652438569,1126.85,78.22495875137088,58.93043695733276,14.003245101449993,3.917565929064647,15.742029798138743,0.32107049100869167,1.0,0.7323172649275106,1.0,0.9885098200787855,0.7323172649275106,0,nominal,0.0,0.0,0.0,0.0,0.0,0.0,0.0,0.0,0.0,0.0,0.0,0.0
54300,2376.4406134185497,79.83413042352606,1126.85,78.2172402122128,58.943319019177494,14.003245101449993,3.91728260507572,15.740891311957023,0.32107049100869167,1.0,0.7325710326020204,1.0,0.9885098200787855,0.7325710326020204,0,nominal,0.0,0.0,0.0,0.0,0.0,0.0,0.0,0.0,0.0,0.0,0.0,0.0
54350,2376.4406134185497,79.82542751710724,1126.85,78.20952700722387,58.95619510689605,14.003245101449993,3.9169993881038536,15.739753255803997,0.32107049100869167,1.0,0.7328246825903922,1.0,0.9885098200787855,0.7328246825903922,0,nominal,0.0,0.0,0.0,0.0,0.0,0.0,0.0,0.0,0.0,0.0,0.0,0.0
54400,2376.4406134185497,79.81672780426732,1126.85,78.20181913240327,58.96906521778486,14.003245101449993,3.9167162781515956,15.738615629689901,0.32107049100869167,1.0,0.7330782148393676,1.0,0.9885098200787855,0.7330782148393676,0,nominal,0.0,0.0,0.0,0.0,0.0,0.0,0.0,0.0,0.0,0.0,0.0,0.0
54450,2376.4406134185497,79.80803128414419,1126.85,78.19411658375316,58.98192934913925,14.003245101449993,3.91643327522142,15.737478433624677,0.32107049100869167,1.0,0.7333316292956664,1.0,0.9885098200787855,0.7333316292956664,0,nominal,0.0,0.0,0.0,0.0,0.0,0.0,0.0,0.0,0.0,0.0,0.0,0.0
54500,2376.4406134185497,79.79933795587579,1126.85,78.18641935727868,58.99478749825381,14.003245101449993,3.916150379315722,15.736341667617952,0.32107049100869167,1.0,0.7335849259059939,1.0,0.9885098200787855,0.7335849259059939,0,nominal,0.0,0.0,0.0,0.0,0.0,0.0,0.0,0.0,0.0,0.0,0.0,0.0
54550,2376.4406134185497,79.79064781859978,1126.85,78.17872744898796,59.00763966242199,14.003245101449993,3.9158675904368256,15.735205331679062,0.32107049100869167,1.0,0.7338381046170332,1.0,0.9885098200787855,0.7338381046170332,0,nominal,0.0,0.0,0.0,0.0,0.0,0.0,0.0,0.0,0.0,0.0,0.0,0.0
54600,2376.4406134185497,79.7819608714538,1126.85,78.17104085489206,59.02048583893627,14.003245101449993,3.915584908586981,15.734069425817049,0.32107049100869167,1.0,0.7340911653754476,1.0,0.9885098200787855,0.7340911653754476,0,nominal,0.0,0.0,0.0,0.0,0.0,0.0,0.0,0.0,0.0,0.0,0.0,0.0
54650,2376.4406134185497,79.77327711357538,1126.85,78.163359571005,59.03332602508815,14.003245101449993,3.9153023337683632,15.732933950040652,0.32107049100869167,1.0,0.734344108127882,1.0,0.9885098200787855,0.734344108127882,0,nominal,0.0,0.0,0.0,0.0,0.0,0.0,0.0,0.0,0.0,0.0,0.0,0.0
54700,2376.4406134185497,79.76459654410183,1126.85,78.15568359334378,59.046160218168176,14.003245101449993,3.9150198659830746,15.731798904358321,0.32107049100869167,1.0,0.7345969328209615,1.0,0.9885098200787855,0.7345969328209615,0,nominal,0.0,0.0,0.0,0.0,0.0,0.0,0.0,0.0,0.0,0.0,0.0,0.0
54750,2376.4406134185497,79.75591916217053,1126.85,78.14801291792827,59.05898841546598,14.003245101449993,3.9147375052331377,15.730664288778184,0.32107049100869167,1.0,0.7348496394012941,1.0,0.9885098200787855,0.7348496394012941,0,nominal,0.0,0.0,0.0,0.0,0.0,0.0,0.0,0.0,0.0,0.0,0.0,0.0
54800,2376.4406134185497,79.74724496691863,1126.85,78.14034754078136,59.0718106142702,14.003245101449993,3.9144552515205056,15.729530103308088,0.32107049100869167,1.0,0.7351022278154677,1.0,0.9885098200787855,0.7351022278154677,0,nominal,0.0,0.0,0.0,0.0,0.0,0.0,0.0,0.0,0.0,0.0,0.0,0.0
54850,2376.4406134185497,79.7385739574832,1126.85,78.13268745792885,59.08462681186844,14.003245101449993,3.914173104847058,15.728396347955586,0.32107049100869167,1.0,0.7353546980100503,1.0,0.9885098200787855,0.7353546980100503,0,nominal,0.0,0.0,0.0,0.0,0.0,0.0,0.0,0.0,0.0,0.0,0.0,0.0
54900,2376.4406134185497,79.72990613300118,1126.85,78.12503266539954,59.097437005547455,14.003245101449993,3.913891065214595,15.727263022727913,0.32107049100869167,1.0,0.7356070499315924,1.0,0.9885098200787855,0.7356070499315924,0,nominal,0.0,0.0,0.0,0.0,0.0,0.0,0.0,0.0,0.0,0.0,0.0,0.0
54950,2376.4406134185497,79.72124149260941,1126.85,78.11738315922514,59.11024119259279,14.003245101449993,3.9136091326248494,15.726130127632027,0.32107049100869167,1.0,0.7358592835266213,1.0,0.9885098200787855,0.7358592835266213,0,nominal,0.0,0.0,0.0,0.0,0.0,0.0,0.0,0.0,0.0,0.0,0.0,0.0
55000,2376.4406134185497,79.71258003544466,1126.85,78.1097389354403,59.1230393702892,14.003245101449993,3.913327307079476,15.724997662674582,0.32107049100869167,1.0,0.7361113987416487,1.0,0.9885098200787855,0.7361113987416487,0,nominal,0.0,0.0,0.0,0.0,0.0,0.0,0.0,0.0,0.0,0.0,0.0,0.0
55050,2376.4406134185497,79.70392176064354,1126.85,78.10209999008259,59.13583153592028,14.003245101449993,3.9130455885800606,15.72386562786195,0.32107049100869167,1.0,0.7363633955231632,1.0,0.9885098200787855,0.7363633955231632,0,nominal,0.0,0.0,0.0,0.0,0.0,0.0,0.0,0.0,0.0,0.0,0.0,0.0
55100,2376.4406134185497,79.6952666673426,1126.85,78.09446631919258,59.14861768676889,14.003245101449993,3.912763977128108,15.722734023200177,0.32107049100869167,1.0,0.7366152738176388,1.0,0.9885098200787855,0.7366152738176388,0,nominal,0.0,0.0,0.0,0.0,0.0,0.0,0.0,0.0,0.0,0.0,0.0,0.0
55150,2376.4406134185497,79.6866147546782,1126.85,78.08683791881373,59.16139782011669,14.003245101449993,3.912482472725055,15.721602848695035,0.32107049100869167,1.0,0.7368670335715264,1.0,0.9885098200787855,0.7368670335715264,0,nominal,0.0,0.0,0.0,0.0,0.0,0.0,0.0,0.0,0.0,0.0,0.0,0.0
55200,2376.4406134185497,79.67796602178674,1126.85,78.07921478499247,59.17417193324434,14.003245101449993,3.9122010753722654,15.720472104352005,0.32107049100869167,1.0,0.7371186747312569,1.0,0.9885098200787855,0.7371186747312569,0,nominal,0.0,0.0,0.0,0.0,0.0,0.0,0.0,0.0,0.0,0.0,0.0,0.0
55250,2376.4406134185497,79.66932046780437,1126.85,78.07159691377814,59.186940023431575,14.003245101449993,3.911919785071026,15.719341790176262,0.32107049100869167,1.0,0.7373701972432428,1.0,0.9885098200787855,0.7373701972432428,0,nominal,0.0,0.0,0.0,0.0,0.0,0.0,0.0,0.0,0.0,0.0,0.0,0.0
55300,2376.4406134185497,79.66067809186717,1126.85,78.063984301223,59.19970208795708,14.003245101449993,3.9116386018225557,15.718211906172698,0.32107049100869167,1.0,0.7376216010538761,1.0,0.9885098200787855,0.7376216010538761,0,nominal,0.0,0.0,0.0,0.0,0.0,0.0,0.0,0.0,0.0,0.0,0.0,0.0
55350,2376.4406134185497,79.65203889311113,1126.85,78.05637694338225,59.21245812409872,14.003245101449993,3.9113575256279933,15.717082452345892,0.32107049100869167,1.0,0.7378728861095327,1.0,0.9885098200787855,0.7378728861095327,0,nominal,0.0,0.0,0.0,0.0,0.0,0.0,0.0,0.0,0.0,0.0,0.0,0.0
55400,2376.4406134185497,79.64340287067216,1126.85,78.04877483631401,59.225208129133094,14.003245101449993,3.9110765564884096,15.715953428700145,0.32107049100869167,1.0,0.7381240523565638,1.0,0.9885098200787855,0.7381240523565638,0,nominal,0.0,0.0,0.0,0.0,0.0,0.0,0.0,0.0,0.0,0.0,0.0,0.0
55450,2376.4406134185497,79.63477002368609,1126.85,78.04117797607933,59.237952100336045,14.003245101449993,3.9107956944048,15.714824835239458,0.32107049100869167,1.0,0.7383750997413047,1.0,0.9885098200787855,0.7383750997413047,0,nominal,0.0,0.0,0.0,0.0,0.0,0.0,0.0,0.0,0.0,0.0,0.0,0.0
55500,2376.4406134185497,79.62614035128854,1126.85,78.03358635874218,59.25069003498219,14.003245101449993,3.91051493937809,15.71369667196755,0.32107049100869167,1.0,0.7386260282100677,1.0,0.9885098200787855,0.7386260282100677,0,nominal,0.0,0.0,0.0,0.0,0.0,0.0,0.0,0.0,0.0,0.0,0.0,0.0
55550,2376.4406134185497,79.6175138526151,1126.85,78.02599998036948,59.26342193034539,14.003245101449993,3.9102342914091266,15.712568938887825,0.32107049100869167,1.0,0.7388768377091496,1.0,0.9885098200787855,0.7388768377091496,0,nominal,0.0,0.0,0.0,0.0,0.0,0.0,0.0,0.0,0.0,0.0,0.0,0.0
55600,2376.4406134185497,79.60889052680125,1126.85,78.01841883703099,59.276147783698256,14.003245101449993,3.9099537504986905,15.711441636003421,0.32107049100869167,1.0,0.739127528184823,1.0,0.9885098200787855,0.739127528184823,0,nominal,0.0,0.0,0.0,0.0,0.0,0.0,0.0,0.0,0.0,0.0,0.0,0.0
55650,2376.4406134185497,79.60027037298232,1126.85,78.01084292479948,59.288867592312634,14.003245101449993,3.9096733166474844,15.710314763317161,0.32107049100869167,1.0,0.7393780995833448,1.0,0.9885098200787855,0.7393780995833448,0,nominal,0.0,0.0,0.0,0.0,0.0,0.0,0.0,0.0,0.0,0.0,0.0,0.0
55700,2376.4406134185497,79.59165339029363,1126.85,78.00327223975063,59.301581353459106,14.003245101449993,3.909392989856144,15.709188320831595,0.32107049100869167,1.0,0.7396285518509476,1.0,0.9885098200787855,0.7396285518509476,0,nominal,0.0,0.0,0.0,0.0,0.0,0.0,0.0,0.0,0.0,0.0,0.0,0.0
55750,2376.4406134185497,79.58303957787035,1126.85,77.99570677796294,59.3142890644074,14.003245101449993,3.9091127701252293,15.70806230854898,0.32107049100869167,1.0,0.7398788849338467,1.0,0.9885098200787855,0.7398788849338467,0,nominal,0.0,0.0,0.0,0.0,0.0,0.0,0.0,0.0,0.0,0.0,0.0,0.0
55800,2376.4406134185497,79.57442893484756,1126.85,77.98814653551796,59.326990722426196,14.003245101449993,3.908832657455228,15.70693672647127,0.32107049100869167,1.0,0.7401290987782373,1.0,0.9885098200787855,0.7401290987782373,0,nominal,0.0,0.0,0.0,0.0,0.0,0.0,0.0,0.0,0.0,0.0,0.0,0.0
55850,2376.4406134185497,79.56582146036021,1126.85,77.98059150850003,59.33968632478316,14.003245101449993,3.9085526518465556,15.70581157460014,0.32107049100869167,1.0,0.740379193330294,1.0,0.9885098200787855,0.740379193330294,0,nominal,0.0,0.0,0.0,0.0,0.0,0.0,0.0,0.0,0.0,0.0,0.0,0.0
55900,2376.4406134185497,79.55721715354315,1126.85,77.97304169299639,59.352375868744915,14.003245101449993,3.9082727532995576,15.704686852936975,0.32107049100869167,1.0,0.7406291685361717,1.0,0.9885098200787855,0.7406291685361717,0,nominal,0.0,0.0,0.0,0.0,0.0,0.0,0.0,0.0,0.0,0.0,0.0,0.0
55950,2376.4406134185497,79.54861601353116,1126.85,77.9654970850973,59.36505935157727,14.003245101449993,3.907992961814502,15.703562561482851,0.32107049100869167,1.0,0.7408790243420081,1.0,0.9885098200787855,0.7408790243420081,0,nominal,0.0,0.0,0.0,0.0,0.0,0.0,0.0,0.0,0.0,0.0,0.0,0.0
56000,2376.4406134185497,79.54001803945891,1126.85,77.95795768089584,59.37773677054478,14.003245101449993,3.90771327739159,15.702438700238579,0.32107049100869167,1.0,0.7411287606939171,1.0,0.9885098200787855,0.7411287606939171,0,nominal,0.0,0.0,0.0,0.0,0.0,0.0,0.0,0.0,0.0,0.0,0.0,0.0
56050,2376.4406134185497,79.53142323046097,1126.85,77.95042347648803,59.39040812291097,14.003245101449993,3.907433700030952,15.701315269204683,0.32107049100869167,1.0,0.7413783775379921,1.0,0.9885098200787855,0.7413783775379921,0,nominal,0.0,0.0,0.0,0.0,0.0,0.0,0.0,0.0,0.0,0.0,0.0,0.0
56100,2376.4406134185497,79.52283158567184,1126.85,77.94289446797274,59.40307340593859,14.003245101449993,3.90715422973264,15.70019226838137,0.32107049100869167,1.0,0.7416278748203112,1.0,0.9885098200787855,0.7416278748203112,0,nominal,0.0,0.0,0.0,0.0,0.0,0.0,0.0,0.0,0.0,0.0,0.0,0.0
56150,2376.4406134185497,79.51424310422584,1126.85,77.93537065145176,59.41573261688917,14.003245101449993,3.9068748664966404,15.699069697768586,0.32107049100869167,1.0,0.7418772524869284,1.0,0.9885098200787855,0.7418772524869284,0,nominal,0.0,0.0,0.0,0.0,0.0,0.0,0.0,0.0,0.0,0.0,0.0,0.0
56200,2376.4406134185497,79.50565778525731,1126.85,77.9278520230298,59.4283857530233,14.003245101449993,3.906595610322866,15.69794755736598,0.32107049100869167,1.0,0.742126510483879,1.0,0.9885098200787855,0.742126510483879,0,nominal,0.0,0.0,0.0,0.0,0.0,0.0,0.0,0.0,0.0,0.0,0.0,0.0
56250,2376.4406134185497,79.49707562790041,1126.85,77.92033857881444,59.44103281160057,14.003245101449993,3.906316461211156,15.696825847172908,0.32107049100869167,1.0,0.7423756487571791,1.0,0.9885098200787855,0.7423756487571791,0,nominal,0.0,0.0,0.0,0.0,0.0,0.0,0.0,0.0,0.0,0.0,0.0,0.0
56300,2376.4406134185497,79.4884966312892,1126.85,77.9128303149161,59.45367378987949,14.003245101449993,3.9060374191612803,15.695704567188447,0.32107049100869167,1.0,0.7426246672528232,1.0,0.9885098200787855,0.7426246672528232,0,nominal,0.0,0.0,0.0,0.0,0.0,0.0,0.0,0.0,0.0,0.0,0.0,0.0
56350,2376.4406134185497,79.4799207945577,1126.85,77.90532722744825,59.46630868511767,14.003245101449993,3.905758484172938,15.69458371741138,0.32107049100869167,1.0,0.7428735659167881,1.0,0.9885098200787855,0.7428735659167881,0,nominal,0.0,0.0,0.0,0.0,0.0,0.0,0.0,0.0,0.0,0.0,0.0,0.0
56400,2376.4406134185497,79.4713481168398,1126.85,77.89782931252711,59.47893749457149,14.003245101449993,3.9054796562457557,15.693463297840214,0.32107049100869167,1.0,0.7431223446950264,1.0,0.9885098200787855,0.7431223446950264,0,nominal,0.0,0.0,0.0,0.0,0.0,0.0,0.0,0.0,0.0,0.0,0.0,0.0
56450,2376.4406134185497,79.46277859726928,1126.85,77.8903365662718,59.491560215496484,14.003245101449993,3.9052009353792903,15.692343308473166,0.32107049100869167,1.0,0.7433710035334739,1.0,0.9885098200787855,0.7433710035334739,0,nominal,0.0,0.0,0.0,0.0,0.0,0.0,0.0,0.0,0.0,0.0,0.0,0.0
56500,2376.4406134185497,79.45421223497988,1126.85,77.88284898480435,59.50417684514714,14.003245101449993,3.9049223215730255,15.691223749308161,0.32107049100869167,1.0,0.7436195423780462,1.0,0.9885098200787855,0.7436195423780462,0,nominal,0.0,0.0,0.0,0.0,0.0,0.0,0.0,0.0,0.0,0.0,0.0,0.0
56550,2376.4406134185497,79.4456490291052,1126.85,77.8753665642497,59.51678738077691,14.003245101449993,3.904643814826375,15.690104620342845,0.32107049100869167,1.0,0.7438679611746378,1.0,0.9885098200787855,0.7438679611746378,0,nominal,0.0,0.0,0.0,0.0,0.0,0.0,0.0,0.0,0.0,0.0,0.0,0.0
56600,2376.4406134185497,79.43708897877872,1126.85,77.86788930073561,59.5293918196382,14.003245101449993,3.9043654151386824,15.688985921574577,0.32107049100869167,1.0,0.7441162598691233,1.0,0.9885098200787855,0.7441162598691233,0,nominal,0.0,0.0,0.0,0.0,0.0,0.0,0.0,0.0,0.0,0.0,0.0,0.0
56650,2376.4406134185497,79.42853208313392,1126.85,77.86041719039275,59.54199015898239,14.003245101449993,3.9040871225092206,15.68786765300044,0.32107049100869167,1.0,0.7443644384073569,1.0,0.9885098200787855,0.7443644384073569,0,nominal,0.0,0.0,0.0,0.0,0.0,0.0,0.0,0.0,0.0,0.0,0.0,0.0
56700,2376.4406134185497,79.4199783413041,1126.85,77.85295022935463,59.55458239605995,14.003245101449993,3.903808936937188,15.686749814617206,0.32107049100869167,1.0,0.7446124967351745,1.0,0.9885098200787855,0.7446124967351745,0,nominal,0.0,0.0,0.0,0.0,0.0,0.0,0.0,0.0,0.0,0.0,0.0,0.0
56750,2376.4406134185497,79.41142775242253,1126.85,77.84548841375772,59.56716852812028,14.003245101449993,3.9035308584217163,15.685632406421394,0.32107049100869167,1.0,0.7448604347983913,1.0,0.9885098200787855,0.7448604347983913,0,nominal,0.0,0.0,0.0,0.0,0.0,0.0,0.0,0.0,0.0,0.0,0.0,0.0
56800,2376.4406134185497,79.40288031562233,1126.85,77.83803173974127,59.5797485524116,14.003245101449993,3.903252886961867,15.684515428409226,0.32107049100869167,1.0,0.7451082525427992,1.0,0.9885098200787855,0.7451082525427992,0,nominal,0.0,0.0,0.0,0.0,0.0,0.0,0.0,0.0,0.0,0.0,0.0,0.0
56850,2376.4406134185497,79.39433603003653,1126.85,77.83058020344748,59.592322466181365,14.003245101449993,3.9029750225566286,15.683398880576643,0.32107049100869167,1.0,0.7453559499141749,1.0,0.9885098200787855,0.7453559499141749,0,nominal,0.0,0.0,0.0,0.0,0.0,0.0,0.0,0.0,0.0,0.0,0.0,0.0
56900,2376.4406134185497,79.38579489479815,1126.85,77.82313380102136,59.60489026667576,14.003245101449993,3.9026972652049223,15.682282762919304,0.32107049100869167,1.0,0.7456035268582701,1.0,0.9885098200787855,0.7456035268582701,0,nominal,0.0,0.0,0.0,0.0,0.0,0.0,0.0,0.0,0.0,0.0,0.0,0.0
56950,2376.4406134185497,79.37725690904006,1126.85,77.81569252861078,59.617451951140175,14.003245101449993,3.9024196149055945,15.68116707543258,0.32107049100869167,1.0,0.745850983320821,1.0,0.9885098200787855,0.745850983320821,0,nominal,0.0,0.0,0.0,0.0,0.0,0.0,0.0,0.0,0.0,0.0,0.0,0.0
57000,2376.4406134185497,79.36872207189504,1126.85,77.80825638236655,59.63000751681884,14.003245101449993,3.9021420716574258,15.680051818111565,0.32107049100869167,1.0,0.746098319247541,1.0,0.9885098200787855,0.746098319247541,0,nominal,0.0,0.0,0.0,0.0,0.0,0.0,0.0,0.0,0.0,0.0,0.0,0.0
57050,2376.4406134185497,79.36019038249577,1126.85,77.80082535844224,59.642556960954984,14.003245101449993,3.901864635459126,15.67893699095108,0.32107049100869167,1.0,0.7463455345841231,1.0,0.9885098200787855,0.7463455345841231,0,nominal,0.0,0.0,0.0,0.0,0.0,0.0,0.0,0.0,0.0,0.0,0.0,0.0
57100,2376.4406134185497,79.3516618399749,1126.85,77.79339945299438,59.65510028079091,14.003245101449993,3.901587306309331,15.677822593945638,0.32107049100869167,1.0,0.7465926292762431,1.0,0.9885098200787855,0.7465926292762431,0,nominal,0.0,0.0,0.0,0.0,0.0,0.0,0.0,0.0,0.0,0.0,0.0,0.0
57150,2376.4406134185497,79.34313644346486,1126.85,77.78597866218229,59.667637473567765,14.003245101449993,3.9013100842066124,15.676708627089504,0.32107049100869167,1.0,0.7468396032695532,1.0,0.9885098200787855,0.7468396032695532,0,nominal,0.0,0.0,0.0,0.0,0.0,0.0,0.0,0.0,0.0,0.0,0.0,0.0
57200,2376.4406134185497,79.33461419209817,1126.85,77.77856298216813,59.680168536525805,14.003245101449993,3.901032969149467,15.675595090376637,0.32107049100869167,1.0,0.7470864565096887,1.0,0.9885098200787855,0.7470864565096887,0,nominal,0.0,0.0,0.0,0.0,0.0,0.0,0.0,0.0,0.0,0.0,0.0,0.0
57250,2376.4406134185497,79.32609508500718,1126.85,77.77115240911701,59.692693466904245,14.003245101449993,3.9007559611363245,15.674481983800723,0.32107049100869167,1.0,0.7473331889422637,1.0,0.9885098200787855,0.7473331889422637,0,nominal,0.0,0.0,0.0,0.0,0.0,0.0,0.0,0.0,0.0,0.0,0.0,0.0
57300,2376.4406134185497,79.31757912132412,1126.85,77.76374693919684,59.70521226194115,14.003245101449993,3.9004790601655457,15.67336930735518,0.32107049100869167,1.0,0.7475798005128702,1.0,0.9885098200787855,0.7475798005128702,0,nominal,0.0,0.0,0.0,0.0,0.0,0.0,0.0,0.0,0.0,0.0,0.0,0.0
57350,2376.4406134185497,79.30906630018114,1126.85,77.75634656857835,59.71772491887368,14.003245101449993,3.900202266235421,15.672257061033136,0.32107049100869167,1.0,0.747826291167082,1.0,0.9885098200787855,0.747826291167082,0,nominal,0.0,0.0,0.0,0.0,0.0,0.0,0.0,0.0,0.0,0.0,0.0,0.0
57400,2376.4406134185497,79.30055662071038,1126.85,77.74895129343514,59.73023143493797,14.003245101449993,3.899925579344172,15.671145244827445,0.32107049100869167,1.0,0.7480726608504531,1.0,0.9885098200787855,0.7480726608504531,0,nominal,0.0,0.0,0.0,0.0,0.0,0.0,0.0,0.0,0.0,0.0,0.0,0.0
57450,2376.4406134185497,79.29205008204377,1126.85,77.74156110994369,59.742731807369246,14.003245101449993,3.899648999489945,15.67003385873066,0.32107049100869167,1.0,0.7483189095085192,1.0,0.9885098200787855,0.7483189095085192,0,nominal,0.0,0.0,0.0,0.0,0.0,0.0,0.0,0.0,0.0,0.0,0.0,0.0
57500,2376.4406134185497,79.28354668331326,1126.85,77.73417601428332,59.75522603340149,14.003245101449993,3.899372526670827,15.66892290273509,0.32107049100869167,1.0,0.7485650370867918,1.0,0.9885098200787855,0.7485650370867918,0,nominal,0.0,0.0,0.0,0.0,0.0,0.0,0.0,0.0,0.0,0.0,0.0,0.0
57550,2376.4406134185497,79.27504642365068,1126.85,77.72679600263615,59.76771411026784,14.003245101449993,3.899096160884829,15.667812376832748,0.32107049100869167,1.0,0.7488110435307654,1.0,0.9885098200787855,0.7488110435307654,0,nominal,0.0,0.0,0.0,0.0,0.0,0.0,0.0,0.0,0.0,0.0,0.0,0.0
57600,2376.4406134185497,79.2665493021878,1126.85,77.71942107118718,59.780196035200284,14.003245101449993,3.898819902129897,15.666702281015374,0.32107049100869167,1.0,0.7490569287859125,1.0,0.9885098200787855,0.7490569287859125,0,nominal,0.0,0.0,0.0,0.0,0.0,0.0,0.0,0.0,0.0,0.0,0.0,0.0
57650,2376.4406134185497,79.25805531805628,1126.85,77.71205121612422,59.79267180543003,14.003245101449993,3.8985437504039013,15.665592615274415,0.32107049100869167,1.0,0.7493026927976896,1.0,0.9885098200787855,0.7493026927976896,0,nominal,0.0,0.0,0.0,0.0,0.0,0.0,0.0,0.0,0.0,0.0,0.0,0.0
57700,2376.4406134185497,79.24956447038767,1126.85,77.7046864336379,59.80514141818707,14.003245101449993,3.8982677057046526,15.664483379601071,0.32107049100869167,1.0,0.7495483355115291,1.0,0.9885098200787855,0.7495483355115291,0,nominal,0.0,0.0,0.0,0.0,0.0,0.0,0.0,0.0,0.0,0.0,0.0,0.0
57750,2376.4406134185497,79.24107675831345,1126.85,77.69732671992176,59.81760487070049,14.003245101449993,3.8979917680298826,15.66337457398623,0.32107049100869167,1.0,0.7497938568728465,1.0,0.9885098200787855,0.7497938568728465,0,nominal,0.0,0.0,0.0,0.0,0.0,0.0,0.0,0.0,0.0,0.0,0.0,0.0
57800,2376.4406134185497,79.23259218096507,1126.85,77.68997207117218,59.830062160198366,14.003245101449993,3.897715937377262,15.66226619842053,0.32107049100869167,1.0,0.7500392568270365,1.0,0.9885098200787855,0.7500392568270365,0,nominal,0.0,0.0,0.0,0.0,0.0,0.0,0.0,0.0,0.0,0.0,0.0,0.0
57850,2376.4406134185497,79.22411073747384,1126.85,77.68262248358826,59.84251328390757,14.003245101449993,3.8974402137443924,15.661158252894335,0.32107049100869167,1.0,0.7502845353194705,1.0,0.9885098200787855,0.7502845353194705,0,nominal,0.0,0.0,0.0,0.0,0.0,0.0,0.0,0.0,0.0,0.0,0.0,0.0
57900,2376.4406134185497,79.21563242697101,1126.85,77.67527795337202,59.85495823905421,14.003245101449993,3.897164597128804,15.660050737397718,0.32107049100869167,1.0,0.7505296922955048,1.0,0.9885098200787855,0.7505296922955048,0,nominal,0.0,0.0,0.0,0.0,0.0,0.0,0.0,0.0,0.0,0.0,0.0,0.0
57950,2376.4406134185497,79.2071572485878,1126.85,77.6679384767283,59.867397022863386,14.003245101449993,3.896889087527957,15.658943651920476,0.32107049100869167,1.0,0.7507747277004756,1.0,0.9885098200787855,0.7507747277004756,0,nominal,0.0,0.0,0.0,0.0,0.0,0.0,0.0,0.0,0.0,0.0,0.0,0.0
58000,2376.4406134185497,79.19868520145525,1126.85,77.66060404986473,59.879829632559044,14.003245101449993,3.8966136849392474,15.657836996452144,0.32107049100869167,1.0,0.7510196414796968,1.0,0.9885098200787855,0.7510196414796968,0,nominal,0.0,0.0,0.0,0.0,0.0,0.0,0.0,0.0,0.0,0.0,0.0,0.0
58050,2376.4406134185497,79.19021628470438,1126.85,77.6532746689918,59.892256065364236,14.003245101449993,3.8963383893600003,15.656730770981973,0.32107049100869167,1.0,0.7512644335784643,1.0,0.9885098200787855,0.7512644335784643,0,nominal,0.0,0.0,0.0,0.0,0.0,0.0,0.0,0.0,0.0,0.0,0.0,0.0
58100,2376.4406134185497,79.18175049746611,1126.85,77.64595033032282,59.90467631850096,14.003245101449993,3.8960632007874745,15.65562497549895,0.32107049100869167,1.0,0.7515091039420535,1.0,0.9885098200787855,0.7515091039420535,0,nominal,0.0,0.0,0.0,0.0,0.0,0.0,0.0,0.0,0.0,0.0,0.0,0.0
58150,2376.4406134185497,79.17328783887126,1126.85,77.6386310300739,59.91709038919023,14.003245101449993,3.895788119218859,15.654519609991775,0.32107049100869167,1.0,0.75175365251572,1.0,0.9885098200787855,0.75175365251572,0,nominal,0.0,0.0,0.0,0.0,0.0,0.0,0.0,0.0,0.0,0.0,0.0,0.0
58200,2376.4406134185497,79.16482830805063,1126.85,77.63131676446392,59.92949827465213,14.003245101449993,3.8955131446512743,15.653414674448882,0.32107049100869167,1.0,0.751998079244702,1.0,0.9885098200787855,0.751998079244702,0,nominal,0.0,0.0,0.0,0.0,0.0,0.0,0.0,0.0,0.0,0.0,0.0,0.0
58250,2376.4406134185497,79.15637190413491,1126.85,77.62400752971473,59.941899972105695,14.003245101449993,3.895238277081774,15.652310168858431,0.32107049100869167,1.0,0.7522423840742157,1.0,0.9885098200787855,0.7522423840742157,0,nominal,0.0,0.0,0.0,0.0,0.0,0.0,0.0,0.0,0.0,0.0,0.0,0.0
58300,2376.4406134185497,79.14791862625475,1126.85,77.61670332205085,59.95429547876888,14.003245101449993,3.8949635165073464,15.651206093208318,0.32107049100869167,1.0,0.7524865669494573,1.0,0.9885098200787855,0.7524865669494573,0,nominal,0.0,0.0,0.0,0.0,0.0,0.0,0.0,0.0,0.0,0.0,0.0,0.0
58350,2376.4406134185497,79.13946847354066,1126.85,77.60940413769964,59.966684791858846,14.003245101449993,3.8946888629249066,15.650102447486148,0.32107049100869167,1.0,0.7527306278156065,1.0,0.9885098200787855,0.7527306278156065,0,nominal,0.0,0.0,0.0,0.0,0.0,0.0,0.0,0.0,0.0,0.0,0.0,0.0
58400,2376.4406134185497,79.13102144512305,1126.85,77.60210997289136,59.97906790859163,14.003245101449993,3.894414316331304,15.64899923167926,0.32107049100869167,1.0,0.7529745666178215,1.0,0.9885098200787855,0.7529745666178215,0,nominal,0.0,0.0,0.0,0.0,0.0,0.0,0.0,0.0,0.0,0.0,0.0,0.0
58450,2376.4406134185497,79.12257754013234,1126.85,77.59482082385898,59.99144482618233,14.003245101449993,3.8941398767233237,15.647896445774736,0.32107049100869167,1.0,0.753218383301241,1.0,0.9885098200787855,0.753218383301241,0,nominal,0.0,0.0,0.0,0.0,0.0,0.0,0.0,0.0,0.0,0.0,0.0,0.0
58500,2376.4406134185497,79.11413675769887,1126.85,77.58753668683829,60.00381554184489,14.003245101449993,3.893865544097682,15.64679408975938,0.32107049100869167,1.0,0.7534620778109823,1.0,0.9885098200787855,0.7534620778109823,0,nominal,0.0,0.0,0.0,0.0,0.0,0.0,0.0,0.0,0.0,0.0,0.0,0.0
58550,2376.4406134185497,79.10569909695283,1126.85,77.58025755806796,60.016180052792606,14.003245101449993,3.893591318451023,15.645692163619712,0.32107049100869167,1.0,0.753705650092149,1.0,0.9885098200787855,0.753705650092149,0,nominal,0.0,0.0,0.0,0.0,0.0,0.0,0.0,0.0,0.0,0.0,0.0,0.0
58600,2376.4406134185497,79.09726455702435,1126.85,77.57298343378937,60.02853835623748,14.003245101449993,3.89331719977993,15.644590667341994,0.32107049100869167,1.0,0.7539491000898195,1.0,0.9885098200787855,0.7539491000898195,0,nominal,0.0,0.0,0.0,0.0,0.0,0.0,0.0,0.0,0.0,0.0,0.0,0.0
58650,2376.4406134185497,79.08883313704354,1126.85,77.56571431024679,60.0408904493907,14.003245101449993,3.893043188080917,15.643489600912226,0.32107049100869167,1.0,0.7541924277490561,1.0,0.9885098200787855,0.7541924277490561,0,nominal,0.0,0.0,0.0,0.0,0.0,0.0,0.0,0.0,0.0,0.0,0.0,0.0
58700,2376.4406134185497,79.08040483614042,1126.85,77.55845018368717,60.053236329462436,14.003245101449993,3.8927692833504275,15.642388964316112,0.32107049100869167,1.0,0.7544356330149012,1.0,0.9885098200787855,0.7544356330149012,0,nominal,0.0,0.0,0.0,0.0,0.0,0.0,0.0,0.0,0.0,0.0,0.0,0.0
58750,2376.4406134185497,79.07197965344488,1126.85,77.55119105036039,60.06557599366194,14.003245101449993,3.892495485584842,15.641288757539108,0.32107049100869167,1.0,0.7546787158323788,1.0,0.9885098200787855,0.7546787158323788,0,nominal,0.0,0.0,0.0,0.0,0.0,0.0,0.0,0.0,0.0,0.0,0.0,0.0
58800,2376.4406134185497,79.06355758808684,1126.85,77.54393690651904,60.07790943919737,14.003245101449993,3.892221794780472,15.640188980566396,0.32107049100869167,1.0,0.7549216761464919,1.0,0.9885098200787855,0.7549216761464919,0,nominal,0.0,0.0,0.0,0.0,0.0,0.0,0.0,0.0,0.0,0.0,0.0,0.0
58850,2376.4406134185497,79.055138639196,1126.85,77.53668774841856,60.09023666327604,14.003245101449993,3.891948210933564,15.639089633382891,0.32107049100869167,1.0,0.7551645139022259,1.0,0.9885098200787855,0.7551645139022259,0,nominal,0.0,0.0,0.0,0.0,0.0,0.0,0.0,0.0,0.0,0.0,0.0,0.0
58900,2376.4406134185497,79.0467228059021,1126.85,77.52944357231712,60.102557663104164,14.003245101449993,3.891674734040296,15.637990715973235,0.32107049100869167,1.0,0.7554072290445458,1.0,0.9885098200787855,0.7554072290445458,0,nominal,0.0,0.0,0.0,0.0,0.0,0.0,0.0,0.0,0.0,0.0,0.0,0.0
58950,2376.4406134185497,79.03831008733482,1126.85,77.52220437447573,60.11487243588716,14.003245101449993,3.891401364096779,15.6368922283218,0.32107049100869167,1.0,0.7556498215184,1.0,0.9885098200787855,0.7556498215184,0,nominal,0.0,0.0,0.0,0.0,0.0,0.0,0.0,0.0,0.0,0.0,0.0,0.0
59000,2376.4406134185497,79.0299004826237,1126.85,77.5149701511582,60.12718097882935,14.003245101449993,3.8911281010990604,15.635794170412703,0.32107049100869167,1.0,0.7558922912687156,1.0,0.9885098200787855,0.7558922912687156,0,nominal,0.0,0.0,0.0,0.0,0.0,0.0,0.0,0.0,0.0,0.0,0.0,0.0
59050,2376.4406134185497,79.02149399089825,1126.85,77.50774089863103,60.139483289134155,14.003245101449993,3.8908549450431162,15.634696542229777,0.32107049100869167,1.0,0.7561346382404021,1.0,0.9885098200787855,0.7561346382404021,0,nominal,0.0,0.0,0.0,0.0,0.0,0.0,0.0,0.0,0.0,0.0,0.0,0.0
59100,2376.4406134185497,79.01309061128785,1126.85,77.5005166131636,60.15177936400402,14.003245101449993,3.8905818959248615,15.633599343756604,0.32107049100869167,1.0,0.7563768623783492,1.0,0.9885098200787855,0.7563768623783492,0,nominal,0.0,0.0,0.0,0.0,0.0,0.0,0.0,0.0,0.0,0.0,0.0,0.0
59150,2376.4406134185497,79.00469034292189,1126.85,77.49329729102811,60.16406920064057,14.003245101449993,3.890308953740138,15.632502574976476,0.32107049100869167,1.0,0.7566189636274312,1.0,0.9885098200787855,0.7566189636274312,0,nominal,0.0,0.0,0.0,0.0,0.0,0.0,0.0,0.0,0.0,0.0,0.0,0.0
59200,2376.4406134185497,78.99629318492964,1126.85,77.4860829284994,60.176352796244146,14.003245101449993,3.8900361184847294,15.631406235872452,0.32107049100869167,1.0,0.7568609419324968,1.0,0.9885098200787855,0.7568609419324968,0,nominal,0.0,0.0,0.0,0.0,0.0,0.0,0.0,0.0,0.0,0.0,0.0,0.0
59250,2376.4406134185497,78.98789913644032,1126.85,77.47887352185523,60.18863014801447,14.003245101449993,3.8897633901543496,15.63031032642731,0.32107049100869167,1.0,0.7571027972383823,1.0,0.9885098200787855,0.7571027972383823,0,nominal,0.0,0.0,0.0,0.0,0.0,0.0,0.0,0.0,0.0,0.0,0.0,0.0
59300,2376.4406134185497,78.97950819658308,1126.85,77.47166906737607,60.200901253150185,14.003245101449993,3.889490768744644,15.629214846623547,0.32107049100869167,1.0,0.7573445294899028,1.0,0.9885098200787855,0.7573445294899028,0,nominal,0.0,0.0,0.0,0.0,0.0,0.0,0.0,0.0,0.0,0.0,0.0,0.0
59350,2376.4406134185497,78.97112036448698,1126.85,77.46446956134514,60.213166108848995,14.003245101449993,3.8892182542511966,15.628119796443421,0.32107049100869167,1.0,0.7575861386318553,1.0,0.9885098200787855,0.7575861386318553,0,nominal,0.0,0.0,0.0,0.0,0.0,0.0,0.0,0.0,0.0,0.0,0.0,0.0
59400,2376.4406134185497,78.96273563928105,1126.85,77.45727500004847,60.22542471230769,14.003245101449993,3.888945846669521,15.627025175868907,0.32107049100869167,1.0,0.7578276246090183,1.0,0.9885098200787855,0.7578276246090183,0,nominal,0.0,0.0,0.0,0.0,0.0,0.0,0.0,0.0,0.0,0.0,0.0,0.0
59450,2376.4406134185497,78.95435402009423,1126.85,77.45008537977486,60.23767706072212,14.003245101449993,3.8886735459950676,15.62593098488172,0.32107049100869167,1.0,0.7580689873661521,1.0,0.9885098200787855,0.7580689873661521,0,nominal,0.0,0.0,0.0,0.0,0.0,0.0,0.0,0.0,0.0,0.0,0.0,0.0
59500,2376.4406134185497,78.94597550605539,1126.85,77.44290069681585,60.24992315128728,14.003245101449993,3.888401352223221,15.62483722346331,0.32107049100869167,1.0,0.7583102268479999,1.0,0.9885098200787855,0.7583102268479999,0,nominal,0.0,0.0,0.0,0.0,0.0,0.0,0.0,0.0,0.0,0.0,0.0,0.0
59550,2376.4406134185497,78.9376000962933,1126.85,77.43572094746582,60.26216298119711,14.003245101449993,3.8881292653492987,15.62374389159487,0.32107049100869167,1.0,0.7585513429992845,1.0,0.9885098200787855,0.7585513429992845,0,nominal,0.0,0.0,0.0,0.0,0.0,0.0,0.0,0.0,0.0,0.0,0.0,0.0
59600,2376.4406134185497,78.9292277899367,1126.85,77.42854612802188,60.27439654764466,14.003245101449993,3.887857285368555,15.622650989257323,0.32107049100869167,1.0,0.7587923357647111,1.0,0.9885098200787855,0.7587923357647111,0,nominal,0.0,0.0,0.0,0.0,0.0,0.0,0.0,0.0,0.0,0.0,0.0,0.0
59650,2376.4406134185497,78.92085858611432,1126.85,77.42137623478385,60.28662384782203,14.003245101449993,3.887585412276179,15.621558516431342,0.32107049100869167,1.0,0.7590332050889652,1.0,0.9885098200787855,0.7590332050889652,0,nominal,0.0,0.0,0.0,0.0,0.0,0.0,0.0,0.0,0.0,0.0,0.0,0.0
59700,2376.4406134185497,78.91249248395474,1126.85,77.41421126405436,60.29884487892049,14.003245101449993,3.887313646067291,15.620466473097316,0.32107049100869167,1.0,0.7592739509167177,1.0,0.9885098200787855,0.7592739509167177,0,nominal,0.0,0.0,0.0,0.0,0.0,0.0,0.0,0.0,0.0,0.0,0.0,0.0
59750,2376.4406134185497,78.90412948258648,1126.85,77.40705121213881,60.31105963813047,14.003245101449993,3.8870419867369463,15.619374859235377,0.32107049100869167,1.0,0.7595145731926215,1.0,0.9885098200787855,0.7595145731926215,0,nominal,0.0,0.0,0.0,0.0,0.0,0.0,0.0,0.0,0.0,0.0,0.0,0.0
59800,2376.4406134185497,78.89576958113804,1126.85,77.39989607534534,60.32326812264124,14.003245101449993,3.886770434280141,15.618283674825417,0.32107049100869167,1.0,0.7597550718613072,1.0,0.9885098200787855,0.7597550718613072,0,nominal,0.0,0.0,0.0,0.0,0.0,0.0,0.0,0.0,0.0,0.0,0.0,0.0
59850,2376.4406134185497,78.88741277873783,1126.85,77.39274584998486,60.33547032964139,14.003245101449993,3.8864989886917973,15.617192919847032,0.32107049100869167,1.0,0.7599954468673922,1.0,0.9885098200787855,0.7599954468673922,0,nominal,0.0,0.0,0.0,0.0,0.0,0.0,0.0,0.0,0.0,0.0,0.0,0.0
59900,2376.4406134185497,78.87905907451415,1126.85,77.38560053237103,60.347666256318426,14.003245101449993,3.8862276499667825,15.616102594279596,0.32107049100869167,1.0,0.7602356981554721,1.0,0.9885098200787855,0.7602356981554721,0,nominal,0.0,0.0,0.0,0.0,0.0,0.0,0.0,0.0,0.0,0.0,0.0,0.0
59950,2376.4406134185497,78.8707084675953,1126.85,77.37846011882027,60.35985589985914,14.003245101449993,3.8859564180998882,15.615012698102182,0.32107049100869167,1.0,0.7604758256701288,1.0,0.9885098200787855,0.7604758256701288,0,nominal,0.0,0.0,0.0,0.0,0.0,0.0,0.0,0.0,0.0,0.0,0.0,0.0
60000,2376.4406134185497,78.86236095710956,1126.85,77.37132460565175,60.37203925744927,14.003245101449993,3.8856852930858508,15.613923231293638,0.32107049100869167,1.0,0.7607158293559233,1.0,0.9885098200787855,0.7607158293559233,0,nominal,0.0,0.0,0.0,0.0,0.0,0.0,0.0,0.0,0.0,0.0,0.0,0.0
