time_ms,altitude,temperature,humidity,wind_speed,wind_direction,throttle,engine_rpm,engine_load,afr,cht,egt,oil_pressure,oil_temperature,brake_power_w,indicated_torque_nm,engine_torque_nm,air_mass_flow_gps,fuel_mass_flow_gps,equivalence_ratio_phi,vibration_g_rms,cooling_health_index,lubrication_health_index,injector_health_index,combustion_health_index,overall_engine_health,ambient_pressure_pa,ambient_temperature_k,air_density_kgpm3,cooling_velocity_mps,oil_viscosity_pa_s,brake_power_kw,brake_horsepower
0.0,10000.0,14.700000000000001,50.5,25.400000000000002,178.0,34.7,2377.0,44.900000000000006,14.0,85.80000000000001,1129.0,55.2,80.80000000000001,4004.4049037077525,26.22000017754527,16.09097650413534,6.226801794615099,0.4446684857333771,1.0497566737925526,0.35000000000000003,1.0,0.6537969048830667,1.0,0.9885098200787855,0.6537969048830667,69681.64162360138,288.15,0.8385412648334485,25.08154214696492,0.02390262316112082,4.1000000000000005,5.369987063970171
50.0,9990.0,15.100000000000001,49.5,25.400000000000002,180.0,35.0,2374.0,45.400000000000006,14.0,86.10000000000001,1126.0,55.1,80.9,4004.278978611327,26.22000017754527,16.09047049692164,6.226801794615099,0.4446684857333771,1.0497566737925526,0.33,1.0,0.6539115137761484,1.0,0.9885098200787855,0.6539115137761484,69681.64162360138,288.15,0.8385412648334485,25.08154214696492,0.023905172198504875,4.1000000000000005,5.369818195897363
100.0,10030.0,14.9,49.5,24.700000000000003,180.0,35.2,2376.0,44.7,13.950000000000001,86.7,1129.0,55.1,80.4,4004.153072988147,26.22000017754527,16.08996456795765,6.226801794615099,0.4446684857333771,1.0497566737925526,0.33,1.0,0.6540261034883755,1.0,0.9885098200787855,0.6540261034883755,69681.64162360138,288.15,0.8385412648334485,25.08154214696492,0.023907720841438246,4.0,5.369649353938565
150.0,10000.0,15.3,50.0,25.3,180.0,35.1,2379.0,44.6,14.0,86.0,1125.0,54.900000000000006,81.5,4004.0271868482273,26.22000017754527,16.089458717283616,6.226801794615099,0.4446684857333771,1.0497566737925526,0.3,1.0,0.6541406740089888,1.0,0.9885098200787855,0.6541406740089888,69681.64162360138,288.15,0.8385412648334485,25.08154214696492,0.023910269089718324,4.2,5.369480538107211
200.0,9980.0,14.9,50.0,25.200000000000003,181.0,35.2,2375.0,44.900000000000006,14.05,86.2,1124.0,54.6,80.2,4003.901320201575,26.22000017754527,16.08895294493975,6.226801794615099,0.4446684857333771,1.0497566737925526,0.34,1.0,0.6542552253272346,1.0,0.9885098200787855,0.6542552253272346,69681.64162360138,288.15,0.8385412648334485,25.08154214696492,0.023912816943142783,4.0,5.369311748416716
250.0,10010.0,14.9,50.0,25.3,180.0,35.1,2374.0,44.900000000000006,14.0,85.60000000000001,1128.0,54.800000000000004,80.7,4003.775473058185,26.22000017754527,16.088447250966215,6.226801794615099,0.4446684857333771,1.0497566737925526,0.34,1.0,0.6543697574323708,1.0,0.9885098200787855,0.6543697574323708,69681.64162360138,288.15,0.8385412648334485,25.08154214696492,0.02391536440150945,4.1000000000000005,5.3691429848804875
300.0,10010.0,15.0,50.0,25.0,179.0,34.7,2371.0,44.7,14.05,85.80000000000001,1126.0,55.400000000000006,80.5,4003.6496454280427,26.22000017754527,16.087941635403133,6.226801794615099,0.4446684857333771,1.0497566737925526,0.34,1.0,0.6544842703136612,1.0,0.9885098200787855,0.6544842703136612,69681.64162360138,288.15,0.8385412648334485,25.08154214696492,0.02391791146461651,3.8000000000000003,5.368974247511915
350.0,10000.0,14.700000000000001,50.0,25.3,179.0,35.1,2377.0,44.800000000000004,13.9,86.30000000000001,1126.0,55.1,80.7,4003.523837321116,26.22000017754527,16.087436098290564,6.226801794615099,0.4446684857333771,1.0497566737925526,0.37,1.0,0.6545987639603844,1.0,0.9885098200787855,0.6545987639603844,69681.64162360138,288.15,0.8385412648334485,25.08154214696492,0.02392045813226222,3.9000000000000004,5.368805536324364
400.0,9990.0,15.100000000000001,50.0,25.5,181.0,35.1,2382.0,44.6,13.950000000000001,85.7,1126.0,54.5,81.0,4003.39804874737,26.22000017754527,16.086930639668545,6.226801794615099,0.4446684857333771,1.0497566737925526,0.31,1.0,0.6547132383618209,1.0,0.9885098200787855,0.6547132383618209,69681.64162360138,288.15,0.8385412648334485,25.08154214696492,0.023923004404245246,3.6,5.368636851331199
450.0,9990.0,15.100000000000001,50.5,25.8,182.0,35.1,2372.0,44.400000000000006,14.0,85.80000000000001,1126.0,54.800000000000004,80.60000000000001,4003.272279716749,26.22000017754527,16.086425259577034,6.226801794615099,0.4446684857333771,1.0497566737925526,0.35000000000000003,1.0,0.6548276935072691,1.0,0.9885098200787855,0.6548276935072691,69681.64162360138,288.15,0.8385412648334485,25.08154214696492,0.02392555028036428,4.0,5.368468192545755
500.0,10000.0,14.700000000000001,49.0,24.8,180.0,35.4,2377.0,45.300000000000004,13.950000000000001,85.60000000000001,1124.0,54.7,81.7,4003.146530239197,26.22000017754527,16.085919958056,6.226801794615099,0.4446684857333771,1.0497566737925526,0.3,1.0,0.6549421293860271,1.0,0.9885098200787855,0.6549421293860271,69681.64162360138,288.15,0.8385412648334485,25.08154214696492,0.023928095760418416,4.2,5.368299559981369
550.0,9990.0,15.3,50.0,24.900000000000002,180.0,34.9,2378.0,44.900000000000006,13.9,85.5,1127.0,55.6,80.80000000000001,4003.020800324636,26.22000017754527,16.0854147351453,6.226801794615099,0.4446684857333771,1.0497566737925526,0.32,1.0,0.6550565459874095,1.0,0.9885098200787855,0.6550565459874095,69681.64162360138,288.15,0.8385412648334485,25.08154214696492,0.0239306408442069,4.1000000000000005,5.368130953651344
600.0,10020.0,15.100000000000001,50.0,25.400000000000002,180.0,35.300000000000004,2377.0,44.6,13.9,87.2,1131.0,55.0,80.5,4002.895089982984,26.22000017754527,16.08490959088479,6.226801794615099,0.4446684857333771,1.0497566737925526,0.36,1.0,0.6551709433007373,1.0,0.9885098200787855,0.6551709433007373,69681.64162360138,288.15,0.8385412648334485,25.08154214696492,0.023933185531529146,3.7,5.3679623735689805
650.0,9990.0,15.200000000000001,50.0,25.0,180.0,35.1,2382.0,45.0,14.05,85.0,1127.0,54.7,80.10000000000001,4002.7693992241466,26.22000017754527,16.084404525314284,6.226801794615099,0.4446684857333771,1.0497566737925526,0.29,1.0,0.655285321315338,1.0,0.9885098200787855,0.655285321315338,69681.64162360138,288.15,0.8385412648334485,25.08154214696492,0.023935729822184944,3.9000000000000004,5.367793819747566
700.0,10010.0,14.600000000000001,50.0,24.8,180.0,35.2,2379.0,45.400000000000006,14.0,85.80000000000001,1126.0,55.1,80.80000000000001,4002.643728058015,26.22000017754527,16.083899538473517,6.226801794615099,0.4446684857333771,1.0497566737925526,0.29,1.0,0.655399680020554,1.0,0.9885098200787855,0.655399680020554,69681.64162360138,288.15,0.8385412648334485,25.08154214696492,0.023938273715974165,4.0,5.367625292200359
750.0,10000.0,15.8,51.0,24.700000000000003,180.0,34.7,2374.0,45.1,14.100000000000001,85.80000000000001,1125.0,54.300000000000004,80.60000000000001,4002.5180764944716,26.22000017754527,16.083394630402207,6.226801794615099,0.4446684857333771,1.0497566737925526,0.29,1.0,0.6555140194057314,1.0,0.9885098200787855,0.6555140194057314,69681.64162360138,288.15,0.8385412648334485,25.08154214696492,0.02394081721269701,3.9000000000000004,5.367456790940617
800.0,9990.0,15.0,49.0,24.400000000000002,182.0,34.7,2372.0,45.6,14.200000000000001,85.5,1126.0,55.2,81.5,4002.3924445433872,26.22000017754527,16.082889801140013,6.226801794615099,0.4446684857333771,1.0497566737925526,0.29,1.0,0.6556283394602289,1.0,0.9885098200787855,0.6556283394602289,69681.64162360138,288.15,0.8385412648334485,25.08154214696492,0.023943360312153845,3.9000000000000004,5.367288315981574
850.0,10010.0,15.100000000000001,50.0,24.900000000000002,179.0,35.0,2375.0,45.1,13.950000000000001,86.5,1129.0,55.1,80.80000000000001,4002.2668322146214,26.22000017754527,16.082385050726554,6.226801794615099,0.4446684857333771,1.0497566737925526,0.32,1.0,0.6557426401734122,1.0,0.9885098200787855,0.6557426401734122,69681.64162360138,288.15,0.8385412648334485,25.08154214696492,0.023945903014145325,4.0,5.367119867336452
900.0,9990.0,15.100000000000001,50.0,25.8,181.0,35.1,2373.0,44.7,14.100000000000001,86.4,1128.0,54.400000000000006,81.10000000000001,4002.141239518021,26.22000017754527,16.081880379201397,6.226801794615099,0.4446684857333771,1.0497566737925526,0.33,1.0,0.655856921534659,1.0,0.9885098200787855,0.655856921534659,69681.64162360138,288.15,0.8385412648334485,25.08154214696492,0.023948445318472254,3.7,5.366951445018457
950.0,9990.0,15.100000000000001,50.0,24.900000000000002,180.0,34.9,2377.0,45.400000000000006,13.8,86.10000000000001,1127.0,55.2,80.5,4002.0156664634246,26.22000017754527,16.081375786604085,6.226801794615099,0.4446684857333771,1.0497566737925526,0.27,1.0,0.6559711835333517,1.0,0.9885098200787855,0.6559711835333517,69681.64162360138,288.15,0.8385412648334485,25.08154214696492,0.023950987224935723,4.1000000000000005,5.366783049040783
1000.0,10020.0,14.5,50.5,24.900000000000002,180.0,34.800000000000004,2375.0,45.400000000000006,14.05,87.2,1130.0,55.2,81.5,4001.8901130606578,26.22000017754527,16.08087127297409,6.226801794615099,0.4446684857333771,1.0497566737925526,0.33,1.0,0.6560854261588855,1.0,0.9885098200787855,0.6560854261588855,69681.64162360138,288.15,0.8385412648334485,25.08154214696492,0.02395352873333702,4.2,5.366614679416604
1050.0,10000.0,15.0,49.5,25.400000000000002,179.0,35.2,2376.0,45.400000000000006,14.05,87.30000000000001,1129.0,54.5,80.60000000000001,4001.7645793195347,26.22000017754527,16.080366838350855,6.226801794615099,0.4446684857333771,1.0497566737925526,0.29,1.0,0.6561996494006627,1.0,0.9885098200787855,0.6561996494006627,69681.64162360138,288.15,0.8385412648334485,25.08154214696492,0.023956069843477694,3.9000000000000004,5.3664463361590835
1100.0,10020.0,15.200000000000001,49.5,24.6,180.0,34.800000000000004,2374.0,45.1,14.100000000000001,86.5,1121.0,55.2,80.7,4001.6390652498585,26.22000017754527,16.079862482773766,6.226801794615099,0.4446684857333771,1.0497566737925526,0.33,1.0,0.6563138532480963,1.0,0.9885098200787855,0.6563138532480963,69681.64162360138,288.15,0.8385412648334485,25.08154214696492,0.023958610555159476,4.4,5.366278019281366
1150.0,9980.0,14.8,50.5,24.400000000000002,181.0,35.1,2380.0,44.800000000000004,14.05,86.80000000000001,1127.0,55.2,80.80000000000001,4001.513570861421,26.22000017754527,16.079358206282176,6.226801794615099,0.4446684857333771,1.0497566737925526,0.3,1.0,0.656428037690607,1.0,0.9885098200787855,0.656428037690607,69681.64162360138,288.15,0.8385412648334485,25.08154214696492,0.023961150868184355,4.0,5.366109728796584
1200.0,10000.0,15.100000000000001,50.5,24.6,180.0,35.300000000000004,2373.0,44.800000000000004,14.0,86.7,1127.0,55.5,81.10000000000001,4001.388096164004,26.22000017754527,16.07885400891539,6.226801794615099,0.4446684857333771,1.0497566737925526,0.35000000000000003,1.0,0.656542202717625,1.0,0.9885098200787855,0.656542202717625,69681.64162360138,288.15,0.8385412648334485,25.08154214696492,0.02396369078235457,4.1000000000000005,5.365941464717854
1250.0,10030.0,14.9,49.0,25.6,180.0,35.0,2382.0,44.5,13.9,85.2,1125.0,55.2,80.9,4001.2626411673746,26.22000017754527,16.07834989071265,6.226801794615099,0.4446684857333771,1.0497566737925526,0.33,1.0,0.656656348318591,1.0,0.9885098200787855,0.656656348318591,69681.64162360138,288.15,0.8385412648334485,25.08154214696492,0.023966230297472507,3.6,5.365773227058273
1300.0,9970.0,15.0,50.0,25.200000000000003,181.0,35.0,2379.0,45.1,14.05,85.7,1126.0,55.2,81.0,4001.1372058812935,26.22000017754527,16.077845851713185,6.226801794615099,0.4446684857333771,1.0497566737925526,0.31,1.0,0.6567704744829517,1.0,0.9885098200787855,0.6567704744829517,69681.64162360138,288.15,0.8385412648334485,25.08154214696492,0.023968769413340824,4.1000000000000005,5.3656050158309325
1350.0,10000.0,15.0,50.5,24.200000000000003,179.0,34.7,2367.0,44.800000000000004,14.05,86.0,1127.0,55.5,81.30000000000001,4001.011790315509,26.22000017754527,16.077341891956163,6.226801794615099,0.4446684857333771,1.0497566737925526,0.32,1.0,0.6568845812001647,1.0,0.9885098200787855,0.6568845812001647,69681.64162360138,288.15,0.8385412648334485,25.08154214696492,0.023971308129762444,4.3,5.365436831048904
1400.0,10000.0,14.700000000000001,49.5,24.400000000000002,179.0,34.9,2380.0,45.5,13.9,86.4,1124.0,55.300000000000004,80.5,4000.8863944797554,26.22000017754527,16.0768380114807,6.226801794615099,0.4446684857333771,1.0497566737925526,0.27,1.0,0.6569986684596972,1.0,0.9885098200787855,0.6569986684596972,69681.64162360138,288.15,0.8385412648334485,25.08154214696492,0.023973846446540478,4.2,5.365268672725241
1450.0,9990.0,14.8,49.5,24.700000000000003,180.0,35.0,2378.0,45.1,14.100000000000001,85.9,1123.0,55.5,80.4,4000.761018383757,26.22000017754527,16.07633421032587,6.226801794615099,0.4446684857333771,1.0497566737925526,0.35000000000000003,1.0,0.6571127362510256,1.0,0.9885098200787855,0.6571127362510256,69681.64162360138,288.15,0.8385412648334485,25.08154214696492,0.023976384363478265,4.1000000000000005,5.3651005408729855
1500.0,10000.0,15.100000000000001,51.0,25.8,180.0,35.0,2381.0,44.7,14.05,86.10000000000001,1128.0,54.800000000000004,79.80000000000001,4000.6356620372276,26.22000017754527,16.07583048853071,6.226801794615099,0.4446684857333771,1.0497566737925526,0.26,1.0,0.6572267845636345,1.0,0.9885098200787855,0.6572267845636345,69681.64162360138,288.15,0.8385412648334485,25.08154214696492,0.0239789218803794,3.7,5.364932435505163
1550.0,9990.0,14.9,51.0,25.400000000000002,179.0,35.1,2375.0,44.900000000000006,14.0,86.5,1126.0,55.5,80.0,4000.5103254498686,26.22000017754527,16.0753268461342,6.226801794615099,0.4446684857333771,1.0497566737925526,0.32,1.0,0.657340813387019,1.0,0.9885098200787855,0.657340813387019,69681.64162360138,288.15,0.8385412648334485,25.08154214696492,0.02398145899704765,4.6000000000000005,5.364764356634782
1600.0,10000.0,15.4,50.0,25.200000000000003,180.0,35.0,2373.0,45.1,13.950000000000001,86.5,1130.0,55.300000000000004,80.5,4000.3850086313732,26.22000017754527,16.07482328317529,6.226801794615099,0.4446684857333771,1.0497566737925526,0.33,1.0,0.6574548227106803,1.0,0.9885098200787855,0.6574548227106803,69681.64162360138,288.15,0.8385412648334485,25.08154214696492,0.02398399571328706,3.9000000000000004,5.364596304274845
1650.0,10010.0,14.5,50.0,24.200000000000003,179.0,35.300000000000004,2380.0,44.800000000000004,13.9,84.30000000000001,1125.0,56.0,80.80000000000001,4000.259711591419,26.22000017754527,16.07431979969287,6.226801794615099,0.4446684857333771,1.0497566737925526,0.3,1.0,0.657568812524132,1.0,0.9885098200787855,0.657568812524132,69681.64162360138,288.15,0.8385412648334485,25.08154214696492,0.023986532028901858,4.1000000000000005,5.364428278438326
1700.0,9980.0,14.9,50.0,25.0,181.0,35.1,2379.0,44.800000000000004,14.05,87.10000000000001,1124.0,54.800000000000004,81.30000000000001,4000.1344343396772,26.22000017754527,16.0738163957258,6.226801794615099,0.4446684857333771,1.0497566737925526,0.32,1.0,0.6576827828168941,1.0,0.9885098200787855,0.6576827828168941,69681.64162360138,288.15,0.8385412648334485,25.08154214696492,0.02398906794369649,4.4,5.364260279138194
1750.0,9990.0,15.4,50.0,25.1,181.0,34.9,2373.0,44.900000000000006,14.05,85.10000000000001,1128.0,55.0,81.2,4000.0091768858056,26.22000017754527,16.07331307131289,6.226801794615099,0.4446684857333771,1.0497566737925526,0.25,1.0,0.6577967335784954,1.0,0.9885098200787855,0.6577967335784954,69681.64162360138,288.15,0.8385412648334485,25.08154214696492,0.023991603457475693,3.8000000000000003,5.364092306387404
1800.0,9980.0,14.8,50.0,24.900000000000002,180.0,35.0,2377.0,44.7,14.05,86.5,1128.0,55.300000000000004,80.7,3999.88393923945,26.22000017754527,16.072809826492897,6.226801794615099,0.4446684857333771,1.0497566737925526,0.38,1.0,0.657910664798477,1.0,0.9885098200787855,0.657910664798477,69681.64162360138,288.15,0.8385412648334485,25.08154214696492,0.023994138570044423,4.0,5.3639243601988875
1850.0,10000.0,14.8,49.5,24.5,179.0,35.0,2378.0,45.0,13.950000000000001,86.60000000000001,1129.0,55.1,80.30000000000001,3999.758721410243,26.22000017754527,16.07230666130453,6.226801794615099,0.4446684857333771,1.0497566737925526,0.34,1.0,0.6580245764663886,1.0,0.9885098200787855,0.6580245764663886,69681.64162360138,288.15,0.8385412648334485,25.08154214696492,0.023996673281207803,4.0,5.363756440585565
1900.0,9980.0,15.0,50.0,24.6,180.0,34.7,2382.0,45.400000000000006,14.0,86.30000000000001,1121.0,54.800000000000004,80.4,3999.633523407812,26.22000017754527,16.071803575786475,6.226801794615099,0.4446684857333771,1.0497566737925526,0.29,1.0,0.6581384685717857,1.0,0.9885098200787855,0.6581384685717857,69681.64162360138,288.15,0.8385412648334485,25.08154214696492,0.02399920759077119,4.2,5.363588547560345
1950.0,10020.0,14.600000000000001,49.5,25.1,181.0,34.800000000000004,2377.0,45.5,13.9,85.30000000000001,1126.0,55.0,81.0,3999.5083452417693,26.22000017754527,16.07130056997736,6.226801794615099,0.4446684857333771,1.0497566737925526,0.33,1.0,0.6582523411042343,1.0,0.9885098200787855,0.6582523411042343,69681.64162360138,288.15,0.8385412648334485,25.08154214696492,0.024001741498540206,3.6,5.363420681136118
2000.0,10010.0,14.8,50.5,24.700000000000003,179.0,35.1,2379.0,45.1,13.9,86.4,1124.0,55.300000000000004,79.9,3999.383186921717,26.22000017754527,16.070797643915764,6.226801794615099,0.4446684857333771,1.0497566737925526,0.33,1.0,0.6583661940533101,1.0,0.9885098200787855,0.6583661940533101,69681.64162360138,288.15,0.8385412648334485,25.08154214696492,0.02400427500432068,3.8000000000000003,5.363252841325761
2050.0,9980.0,15.200000000000001,50.0,24.8,181.0,34.9,2377.0,45.1,13.950000000000001,86.30000000000001,1126.0,55.0,81.2,3999.2580484572454,26.22000017754527,16.070294797640223,6.226801794615099,0.4446684857333771,1.0497566737925526,0.29,1.0,0.6584800274085979,1.0,0.9885098200787855,0.6584800274085979,69681.64162360138,288.15,0.8385412648334485,25.08154214696492,0.024006808107918703,3.4000000000000004,5.363085028142136
2100.0,10020.0,15.8,50.0,24.200000000000003,180.0,34.9,2376.0,44.7,14.05,86.30000000000001,1123.0,55.400000000000006,81.60000000000001,3999.1329298579335,26.22000017754527,16.069792031189237,6.226801794615099,0.4446684857333771,1.0497566737925526,0.33,1.0,0.6585938411596924,1.0,0.9885098200787855,0.6585938411596924,69681.64162360138,288.15,0.8385412648334485,25.08154214696492,0.024009340809140536,3.9000000000000004,5.362917241598087
2150.0,10000.0,15.200000000000001,49.0,25.1,180.0,35.4,2376.0,45.5,13.950000000000001,86.4,1128.0,54.900000000000006,80.60000000000001,3999.0078311333486,26.22000017754527,16.06928934460124,6.226801794615099,0.4446684857333771,1.0497566737925526,0.36,1.0,0.6587076352961958,1.0,0.9885098200787855,0.6587076352961958,69681.64162360138,288.15,0.8385412648334485,25.08154214696492,0.02401187310779267,3.9000000000000004,5.362749481706444
2200.0,9980.0,15.0,49.5,24.900000000000002,180.0,34.7,2370.0,45.1,13.950000000000001,84.5,1129.0,55.300000000000004,80.2,3998.88275229305,26.22000017754527,16.068786737914653,6.226801794615099,0.4446684857333771,1.0497566737925526,0.28,1.0,0.6588214098077184,1.0,0.9885098200787855,0.6588214098077184,69681.64162360138,288.15,0.8385412648334485,25.08154214696492,0.024014405003681835,4.2,5.362581748480027
2250.0,10000.0,15.700000000000001,50.0,25.200000000000003,180.0,35.2,2379.0,45.400000000000006,13.950000000000001,85.7,1126.0,55.5,81.30000000000001,3998.757693346584,26.22000017754527,16.068284211167832,6.226801794615099,0.4446684857333771,1.0497566737925526,0.31,1.0,0.6589351646838809,1.0,0.9885098200787855,0.6589351646838809,69681.64162360138,288.15,0.8385412648334485,25.08154214696492,0.024016936496615,3.9000000000000004,5.362414041931636
2300.0,10000.0,14.9,50.5,24.1,179.0,34.800000000000004,2367.0,44.7,13.950000000000001,85.9,1130.0,55.1,80.0,3998.6326543034847,26.22000017754527,16.06778176439909,6.226801794615099,0.4446684857333771,1.0497566737925526,0.32,1.0,0.6590488999143135,1.0,0.9885098200787855,0.6590488999143135,69681.64162360138,288.15,0.8385412648334485,25.08154214696492,0.024019467586399335,4.3,5.3622463620740595
2350.0,9990.0,14.700000000000001,50.5,24.900000000000002,181.0,35.0,2379.0,44.7,14.0,85.9,1124.0,54.7,80.9,3998.5076351732773,26.22000017754527,16.067279397646697,6.226801794615099,0.4446684857333771,1.0497566737925526,0.31,1.0,0.6591626154886542,1.0,0.9885098200787855,0.6591626154886542,69681.64162360138,288.15,0.8385412648334485,25.08154214696492,0.024021998272842283,3.7,5.362078708920069
2400.0,10000.0,15.3,49.0,24.400000000000002,179.0,35.300000000000004,2378.0,45.2,13.9,85.30000000000001,1128.0,55.2,80.80000000000001,3998.3826359654718,26.22000017754527,16.066777110948873,6.226801794615099,0.4446684857333771,1.0497566737925526,0.32,1.0,0.6592763113965523,1.0,0.9885098200787855,0.6592763113965523,69681.64162360138,288.15,0.8385412648334485,25.08154214696492,0.02402452855575145,4.1000000000000005,5.361911082482417
2450.0,10000.0,15.200000000000001,50.5,24.400000000000002,178.0,35.2,2381.0,44.7,13.850000000000001,86.0,1129.0,55.900000000000006,80.80000000000001,3998.2576566895723,26.22000017754527,16.066274904343807,6.226801794615099,0.4446684857333771,1.0497566737925526,0.31,1.0,0.659389987627663,1.0,0.9885098200787855,0.659389987627663,69681.64162360138,288.15,0.8385412648334485,25.08154214696492,0.024027058434934714,3.8000000000000003,5.361743482773851
2500.0,10000.0,14.9,49.5,25.8,181.0,35.2,2373.0,45.300000000000004,14.05,86.2,1130.0,55.5,80.9,3998.1326973550676,26.22000017754527,16.065772777869626,6.226801794615099,0.4446684857333771,1.0497566737925526,0.34,1.0,0.6595036441716532,1.0,0.9885098200787855,0.6595036441716532,69681.64162360138,288.15,0.8385412648334485,25.08154214696492,0.024029587910200125,4.1000000000000005,5.361575909807093
2550.0,9980.0,15.0,49.5,24.5,181.0,35.300000000000004,2382.0,45.1,14.100000000000001,86.0,1127.0,54.900000000000006,80.7,3998.007757971439,26.22000017754527,16.065270731564432,6.226801794615099,0.4446684857333771,1.0497566737925526,0.32,1.0,0.6596172810181958,1.0,0.9885098200787855,0.6596172810181958,69681.64162360138,288.15,0.8385412648334485,25.08154214696492,0.024032116981356016,3.7,5.361408363594859
2600.0,10000.0,15.0,51.0,25.400000000000002,180.0,35.0,2377.0,44.900000000000006,13.950000000000001,85.80000000000001,1125.0,54.800000000000004,80.80000000000001,3997.882838548153,26.22000017754527,16.064768765466262,6.226801794615099,0.4446684857333771,1.0497566737925526,0.33,1.0,0.6597308981569759,1.0,0.9885098200787855,0.6597308981569759,69681.64162360138,288.15,0.8385412648334485,25.08154214696492,0.024034645648210923,3.6,5.361240844149845
2650.0,10000.0,15.3,50.5,25.400000000000002,180.0,34.800000000000004,2372.0,45.1,14.05,86.7,1130.0,55.2,79.9,3997.757939094668,26.22000017754527,16.064266879613125,6.226801794615099,0.4446684857333771,1.0497566737925526,0.31,1.0,0.6598444955776861,1.0,0.9885098200787855,0.6598444955776861,69681.64162360138,288.15,0.8385412648334485,25.08154214696492,0.024037173910573636,4.1000000000000005,5.361073351484732
2700.0,10000.0,14.8,50.0,24.8,179.0,35.1,2375.0,45.1,14.0,85.2,1126.0,55.800000000000004,79.9,3997.6330596204275,26.22000017754527,16.063765074042966,6.226801794615099,0.4446684857333771,1.0497566737925526,0.26,1.0,0.65995807327003,1.0,0.9885098200787855,0.65995807327003,69681.64162360138,288.15,0.8385412648334485,25.08154214696492,0.024039701768253076,3.5,5.360905885612186
2750.0,10000.0,15.0,50.0,25.5,178.0,35.1,2383.0,44.7,14.0,85.5,1125.0,55.2,81.2,3997.50820013487,26.22000017754527,16.06326334879371,6.226801794615099,0.4446684857333771,1.0497566737925526,0.38,1.0,0.660071631223715,1.0,0.9885098200787855,0.660071631223715,69681.64162360138,288.15,0.8385412648334485,25.08154214696492,0.024042229221058493,3.9000000000000004,5.360738446544864
2800.0,10020.0,15.0,51.0,25.0,180.0,35.1,2389.0,45.300000000000004,13.950000000000001,86.5,1126.0,55.1,81.0,3997.383360647417,26.22000017754527,16.062761703903224,6.226801794615099,0.4446684857333771,1.0497566737925526,0.32,1.0,0.6601851694284633,1.0,0.9885098200787855,0.6601851694284633,69681.64162360138,288.15,0.8385412648334485,25.08154214696492,0.024044756268799268,4.1000000000000005,5.3605710342954
2850.0,10000.0,15.100000000000001,50.0,24.200000000000003,181.0,34.800000000000004,2371.0,45.0,14.0,85.5,1129.0,54.800000000000004,80.30000000000001,3997.2585411674836,26.22000017754527,16.062260139409332,6.226801794615099,0.4446684857333771,1.0497566737925526,0.3,1.0,0.6602986878740006,1.0,0.9885098200787855,0.6602986878740006,69681.64162360138,288.15,0.8385412648334485,25.08154214696492,0.02404728291128509,4.0,5.360403648876419
2900.0,10000.0,14.700000000000001,50.5,25.0,178.0,34.6,2376.0,44.900000000000006,14.0,85.9,1127.0,55.6,79.9,3997.13374170447,26.22000017754527,16.06175865534981,6.226801794615099,0.4446684857333771,1.0497566737925526,0.29,1.0,0.6604121865500666,1.0,0.9885098200787855,0.6604121865500666,69681.64162360138,288.15,0.8385412648334485,25.08154214696492,0.02404980914832583,3.7,5.360236290300529
2950.0,10000.0,15.4,50.0,24.0,179.0,34.800000000000004,2374.0,44.900000000000006,14.0,85.7,1129.0,55.1,80.10000000000001,3997.0089622677683,26.22000017754527,16.0612572517624,6.226801794615099,0.4446684857333771,1.0497566737925526,0.34,1.0,0.6605256654464078,1.0,0.9885098200787855,0.6605256654464078,69681.64162360138,288.15,0.8385412648334485,25.08154214696492,0.024052334979731617,3.6,5.360068958580323
3000.0,10000.0,15.0,50.0,25.6,180.0,35.4,2376.0,44.6,14.0,85.2,1125.0,55.400000000000006,80.80000000000001,3996.8842028667555,26.22000017754527,16.060755928684777,6.226801794615099,0.4446684857333771,1.0497566737925526,0.3,1.0,0.6606391245527803,1.0,0.9885098200787855,0.6606391245527803,69681.64162360138,288.15,0.8385412648334485,25.08154214696492,0.024054860405312763,4.2,5.359901653728377
3050.0,10010.0,15.4,50.5,25.5,178.0,34.9,2373.0,45.0,13.950000000000001,85.80000000000001,1132.0,55.2,80.7,3996.7594635108017,26.22000017754527,16.0602546861546,6.226801794615099,0.4446684857333771,1.0497566737925526,0.31,1.0,0.6607525638589484,1.0,0.9885098200787855,0.6607525638589484,69681.64162360138,288.15,0.8385412648334485,25.08154214696492,0.024057385424879833,4.0,5.359734375757256
3100.0,10000.0,15.100000000000001,50.5,25.700000000000003,180.0,35.1,2372.0,45.0,14.05,86.4,1127.0,55.6,80.7,3996.6347442092638,26.22000017754527,16.059753524209462,6.226801794615099,0.4446684857333771,1.0497566737925526,0.36,1.0,0.660865983354686,1.0,0.9885098200787855,0.660865983354686,69681.64162360138,288.15,0.8385412648334485,25.08154214696492,0.024059910038243582,4.1000000000000005,5.359567124679507
3150.0,10000.0,15.100000000000001,48.5,25.200000000000003,177.0,34.7,2378.0,45.1,13.9,85.4,1130.0,55.1,81.60000000000001,3996.5100449714887,26.22000017754527,16.059252442886926,6.226801794615099,0.4446684857333771,1.0497566737925526,0.32,1.0,0.6609793830297752,1.0,0.9885098200787855,0.6609793830297752,69681.64162360138,288.15,0.8385412648334485,25.08154214696492,0.024062434245215005,4.1000000000000005,5.359399900507666
3200.0,10020.0,15.0,49.5,25.0,180.0,34.7,2375.0,44.800000000000004,14.05,85.9,1126.0,55.300000000000004,80.60000000000001,3996.3853658068124,26.22000017754527,16.058751442224505,6.226801794615099,0.4446684857333771,1.0497566737925526,0.34,1.0,0.6610927628740068,1.0,0.9885098200787855,0.6610927628740068,69681.64162360138,288.15,0.8385412648334485,25.08154214696492,0.024064958045605333,3.7,5.359232703254252
3250.0,9990.0,15.3,50.0,24.400000000000002,180.0,35.1,2370.0,45.1,14.05,86.10000000000001,1128.0,54.800000000000004,80.60000000000001,3996.260706724559,26.22000017754527,16.058250522259666,6.226801794615099,0.4446684857333771,1.0497566737925526,0.31,1.0,0.6612061228771817,1.0,0.9885098200787855,0.6612061228771817,69681.64162360138,288.15,0.8385412648334485,25.08154214696492,0.024067481439226043,3.9000000000000004,5.359065532931768
3300.0,10010.0,15.4,51.0,25.5,180.0,35.1,2380.0,45.0,14.0,86.30000000000001,1127.0,55.1,80.30000000000001,3996.13606773404,26.22000017754527,16.057749683029822,6.226801794615099,0.4446684857333771,1.0497566737925526,0.34,1.0,0.6613194630291108,1.0,0.9885098200787855,0.6613194630291108,69681.64162360138,288.15,0.8385412648334485,25.08154214696492,0.024070004425888778,4.0,5.358898389552703
3350.0,10000.0,15.200000000000001,50.0,25.3,180.0,34.800000000000004,2382.0,44.800000000000004,13.9,85.2,1124.0,55.400000000000006,80.30000000000001,3996.011448844559,26.22000017754527,16.057248924572367,6.226801794615099,0.4446684857333771,1.0497566737925526,0.31,1.0,0.6614327833196109,1.0,0.9885098200787855,0.6614327833196109,69681.64162360138,288.15,0.8385412648334485,25.08154214696492,0.024072527005405447,4.2,5.35873127312953
3400.0,10000.0,15.100000000000001,50.0,25.200000000000003,178.0,34.9,2368.0,45.0,14.0,86.4,1130.0,55.400000000000006,80.2,3995.886850065406,26.22000017754527,16.056748246924627,6.226801794615099,0.4446684857333771,1.0497566737925526,0.34,1.0,0.6615460837385106,1.0,0.9885098200787855,0.6615460837385106,69681.64162360138,288.15,0.8385412648334485,25.08154214696492,0.02407504917758818,3.9000000000000004,5.358564183674711
3450.0,10000.0,15.3,49.5,25.3,181.0,34.800000000000004,2380.0,45.2,14.0,85.30000000000001,1125.0,55.2,80.7,3995.7622714058616,26.22000017754527,16.05624765012389,6.226801794615099,0.4446684857333771,1.0497566737925526,0.29,1.0,0.6616593642756463,1.0,0.9885098200787855,0.6616593642756463,69681.64162360138,288.15,0.8385412648334485,25.08154214696492,0.024077570942249257,4.1000000000000005,5.35839712120069
3500.0,9990.0,14.9,50.0,26.0,179.0,35.300000000000004,2377.0,45.1,14.0,86.10000000000001,1126.0,55.900000000000006,80.2,3995.637712875197,26.22000017754527,16.055747134207415,6.226801794615099,0.4446684857333771,1.0497566737925526,0.36,1.0,0.6617726249208604,1.0,0.9885098200787855,0.6617726249208604,69681.64162360138,288.15,0.8385412648334485,25.08154214696492,0.024080092299201293,3.8000000000000003,5.358230085719897
3550.0,10000.0,14.700000000000001,50.0,25.6,180.0,35.0,2372.0,44.900000000000006,13.9,85.2,1127.0,55.800000000000004,81.9,3995.5131744826685,26.22000017754527,16.055246699212397,6.226801794615099,0.4446684857333771,1.0497566737925526,0.3,1.0,0.6618858656640098,1.0,0.9885098200787855,0.6618858656640098,69681.64162360138,288.15,0.8385412648334485,25.08154214696492,0.024082613248257077,4.4,5.358063077244749
3600.0,10000.0,15.0,50.0,25.0,180.0,34.9,2371.0,44.5,14.05,85.60000000000001,1125.0,55.400000000000006,80.80000000000001,3995.388656237523,26.22000017754527,16.054746345175992,6.226801794615099,0.4446684857333771,1.0497566737925526,0.33,1.0,0.6619990864949572,1.0,0.9885098200787855,0.6619990864949572,69681.64162360138,288.15,0.8385412648334485,25.08154214696492,0.024085133789229586,3.8000000000000003,5.357896095787643
3650.0,10010.0,15.5,50.0,25.400000000000002,181.0,35.2,2379.0,45.2,14.05,85.10000000000001,1129.0,54.900000000000006,80.0,3995.2641581489975,26.22000017754527,16.054246072135317,6.226801794615099,0.4446684857333771,1.0497566737925526,0.36,1.0,0.6621122874035734,1.0,0.9885098200787855,0.6621122874035734,69681.64162360138,288.15,0.8385412648334485,25.08154214696492,0.02408765392193212,4.2,5.357729141360969
3700.0,10020.0,14.9,49.5,24.900000000000002,180.0,35.0,2381.0,44.900000000000006,14.05,85.2,1128.0,55.400000000000006,80.10000000000001,3995.1396802263143,26.22000017754527,16.05374588012743,6.226801794615099,0.4446684857333771,1.0497566737925526,0.31,1.0,0.6622254683797427,1.0,0.9885098200787855,0.6622254683797427,69681.64162360138,288.15,0.8385412648334485,25.08154214696492,0.024090173646178065,3.9000000000000004,5.357562213977093
3750.0,10000.0,15.5,50.0,24.900000000000002,178.0,34.800000000000004,2375.0,44.800000000000004,14.100000000000001,85.7,1130.0,55.400000000000006,80.5,3995.0152224786902,26.22000017754527,16.053245769189367,6.226801794615099,0.4446684857333771,1.0497566737925526,0.32,1.0,0.6623386294133509,1.0,0.9885098200787855,0.6623386294133509,69681.64162360138,288.15,0.8385412648334485,25.08154214696492,0.024092692961781157,4.0,5.357395313648373
3800.0,10020.0,14.3,49.0,24.8,180.0,35.1,2378.0,44.900000000000006,14.05,86.4,1127.0,55.7,80.60000000000001,3994.8907849153265,26.22000017754527,16.0527457393581,6.226801794615099,0.4446684857333771,1.0497566737925526,0.3,1.0,0.6624517704943002,1.0,0.9885098200787855,0.6624517704943002,69681.64162360138,288.15,0.8385412648334485,25.08154214696492,0.02409521186855525,4.2,5.357228440387152
3850.0,10000.0,15.0,50.5,24.0,179.0,34.800000000000004,2375.0,44.900000000000006,13.9,85.2,1125.0,56.300000000000004,81.30000000000001,3994.766367545418,26.22000017754527,16.052245790670582,6.226801794615099,0.4446684857333771,1.0497566737925526,0.31,1.0,0.6625648916124959,1.0,0.9885098200787855,0.6625648916124959,69681.64162360138,288.15,0.8385412648334485,25.08154214696492,0.024097730366314535,3.9000000000000004,5.3570615942057564
3900.0,9990.0,14.4,50.0,24.6,180.0,34.7,2373.0,45.0,14.05,86.0,1124.0,55.7,80.0,3994.6419703781407,26.22000017754527,16.051745923163683,6.226801794615099,0.4446684857333771,1.0497566737925526,0.34,1.0,0.6626779927578577,1.0,0.9885098200787855,0.6626779927578577,69681.64162360138,288.15,0.8385412648334485,25.08154214696492,0.024100248454873244,4.0,5.356894775116494
3950.0,9980.0,14.9,50.0,25.200000000000003,180.0,35.300000000000004,2380.0,44.900000000000006,14.05,86.9,1132.0,55.0,80.0,3994.517593422671,26.22000017754527,16.051246136874273,6.226801794615099,0.4446684857333771,1.0497566737925526,0.37,1.0,0.6627910739203057,1.0,0.9885098200787855,0.6627910739203057,69681.64162360138,288.15,0.8385412648334485,25.08154214696492,0.024102766134046046,3.7,5.3567279831316705
4000.0,9980.0,14.9,50.0,25.0,179.0,34.9,2374.0,44.7,14.15,85.9,1129.0,55.2,80.30000000000001,3994.393236688163,26.22000017754527,16.050746431839137,6.226801794615099,0.4446684857333771,1.0497566737925526,0.3,1.0,0.6629041350897795,1.0,0.9885098200787855,0.6629041350897795,69681.64162360138,288.15,0.8385412648334485,25.08154214696492,0.024105283403647742,3.3000000000000003,5.35656121826356
4050.0,9980.0,14.5,49.0,24.5,181.0,35.0,2382.0,45.1,14.05,85.2,1128.0,55.7,80.10000000000001,3994.2689001837653,26.22000017754527,16.05024680809504,6.226801794615099,0.4446684857333771,1.0497566737925526,0.34,1.0,0.6630171762562226,1.0,0.9885098200787855,0.6630171762562226,69681.64162360138,288.15,0.8385412648334485,25.08154214696492,0.024107800263493292,4.1000000000000005,5.3563944805244335
4100.0,9990.0,14.700000000000001,49.5,25.0,180.0,34.800000000000004,2377.0,45.2,14.05,86.60000000000001,1130.0,55.1,81.30000000000001,3994.144583918616,26.22000017754527,16.0497472656787,6.226801794615099,0.4446684857333771,1.0497566737925526,0.31,1.0,0.6631301974095848,1.0,0.9885098200787855,0.6631301974095848,69681.64162360138,288.15,0.8385412648334485,25.08154214696492,0.024110316713397962,4.3,5.356227769926543
4150.0,10000.0,14.9,49.0,24.900000000000002,179.0,35.2,2383.0,44.800000000000004,14.0,85.30000000000001,1125.0,55.7,80.4,3994.0202879018407,26.22000017754527,16.049247804626788,6.226801794615099,0.4446684857333771,1.0497566737925526,0.37,1.0,0.6632431985398286,1.0,0.9885098200787855,0.6632431985398286,69681.64162360138,288.15,0.8385412648334485,25.08154214696492,0.02411283275317719,3.9000000000000004,5.356061086482127
4200.0,10010.0,15.0,50.5,24.8,180.0,35.0,2373.0,45.2,14.05,86.0,1131.0,55.900000000000006,80.2,3993.896012142556,26.22000017754527,16.048748424975937,6.226801794615099,0.4446684857333771,1.0497566737925526,0.33,1.0,0.6633561796369233,1.0,0.9885098200787855,0.6633561796369233,69681.64162360138,288.15,0.8385412648334485,25.08154214696492,0.02411534838264668,3.8000000000000003,5.355894430203411
4250.0,10000.0,14.8,51.0,25.1,180.0,35.2,2368.0,44.400000000000006,14.05,85.7,1127.0,55.0,80.4,3993.7717566498636,26.22000017754527,16.04824912676272,6.226801794615099,0.4446684857333771,1.0497566737925526,0.38,1.0,0.6634691406908488,1.0,0.9885098200787855,0.6634691406908488,69681.64162360138,288.15,0.8385412648334485,25.08154214696492,0.024117863601622345,4.2,5.355727801102601
4300.0,10000.0,14.9,50.0,24.1,180.0,35.2,2370.0,44.800000000000004,13.9,85.10000000000001,1127.0,54.7,80.7,3993.647521432857,26.22000017754527,16.047749910023676,6.226801794615099,0.4446684857333771,1.0497566737925526,0.34,1.0,0.6635820816915938,1.0,0.9885098200787855,0.6635820816915938,69681.64162360138,288.15,0.8385412648334485,25.08154214696492,0.02412037840992027,3.9000000000000004,5.35556119919189
4350.0,9970.0,14.700000000000001,50.5,23.900000000000002,180.0,34.800000000000004,2380.0,44.800000000000004,14.05,86.0,1131.0,55.400000000000006,80.60000000000001,3993.523306500621,26.22000017754527,16.047250774795312,6.226801794615099,0.4446684857333771,1.0497566737925526,0.28,1.0,0.6636950026291526,1.0,0.9885098200787855,0.6636950026291526,69681.64162360138,288.15,0.8385412648334485,25.08154214696492,0.024122892807356803,4.3,5.355394624483464
4400.0,9990.0,14.8,50.0,24.400000000000002,180.0,35.2,2378.0,44.5,14.0,86.10000000000001,1122.0,55.1,80.80000000000001,3993.3991118622253,26.22000017754527,16.046751721114074,6.226801794615099,0.4446684857333771,1.0497566737925526,0.33,1.0,0.6638079034935317,1.0,0.9885098200787855,0.6638079034935317,69681.64162360138,288.15,0.8385412648334485,25.08154214696492,0.024125406793748576,4.1000000000000005,5.355228076989482
4450.0,10020.0,15.100000000000001,50.5,26.1,180.0,34.800000000000004,2378.0,45.1,13.950000000000001,85.0,1133.0,55.6,80.0,3993.2749375267285,26.22000017754527,16.04625274901636,6.226801794615099,0.4446684857333771,1.0497566737925526,0.35000000000000003,1.0,0.6639207842747484,1.0,0.9885098200787855,0.6639207842747484,69681.64162360138,288.15,0.8385412648334485,25.08154214696492,0.024127920368912318,4.0,5.355061556722094
4500.0,10000.0,15.200000000000001,49.5,25.1,182.0,35.1,2375.0,44.800000000000004,13.950000000000001,85.5,1126.0,55.800000000000004,79.5,3993.1507835031816,26.22000017754527,16.045753858538543,6.226801794615099,0.4446684857333771,1.0497566737925526,0.35000000000000003,1.0,0.6640336449628228,1.0,0.9885098200787855,0.6640336449628228,69681.64162360138,288.15,0.8385412648334485,25.08154214696492,0.02413043353266506,3.9000000000000004,5.354895063693437
4550.0,10000.0,14.700000000000001,50.5,25.5,181.0,34.7,2380.0,45.1,13.9,85.60000000000001,1128.0,55.7,80.5,3993.026649800623,26.22000017754527,16.04525504971694,6.226801794615099,0.4446684857333771,1.0497566737925526,0.33,1.0,0.6641464855477889,1.0,0.9885098200787855,0.6641464855477889,69681.64162360138,288.15,0.8385412648334485,25.08154214696492,0.02413294628482403,4.4,5.354728597915632
4600.0,10010.0,14.100000000000001,50.0,24.900000000000002,179.0,35.0,2381.0,44.7,14.05,85.10000000000001,1125.0,56.0,80.10000000000001,3992.9025364280806,26.22000017754527,16.044756322587826,6.226801794615099,0.4446684857333771,1.0497566737925526,0.33,1.0,0.6642593060196871,1.0,0.9885098200787855,0.6642593060196871,69681.64162360138,288.15,0.8385412648334485,25.08154214696492,0.024135458625206715,3.5,5.354562159400785
4650.0,10020.0,15.200000000000001,50.0,25.200000000000003,179.0,35.2,2375.0,44.900000000000006,13.950000000000001,85.30000000000001,1129.0,55.6,80.7,3992.778443394569,26.22000017754527,16.044257677187428,6.226801794615099,0.4446684857333771,1.0497566737925526,0.32,1.0,0.6643721063685694,1.0,0.9885098200787855,0.6643721063685694,69681.64162360138,288.15,0.8385412648334485,25.08154214696492,0.02413797055363076,4.1000000000000005,5.354395748160985
4700.0,9990.0,15.700000000000001,49.0,25.5,181.0,34.800000000000004,2385.0,45.300000000000004,14.05,85.60000000000001,1126.0,55.400000000000006,80.60000000000001,3992.654370709095,26.22000017754527,16.04375911355194,6.226801794615099,0.4446684857333771,1.0497566737925526,0.36,1.0,0.6644848865844928,1.0,0.9885098200787855,0.6644848865844928,69681.64162360138,288.15,0.8385412648334485,25.08154214696492,0.024140482069914062,4.0,5.354229364208311
4750.0,9990.0,15.200000000000001,50.5,25.3,181.0,34.9,2373.0,44.7,13.9,85.7,1127.0,55.300000000000004,78.9,3992.530318380653,26.22000017754527,16.043260631717498,6.226801794615099,0.4446684857333771,1.0497566737925526,0.28,1.0,0.6645976466575255,1.0,0.9885098200787855,0.6645976466575255,69681.64162360138,288.15,0.8385412648334485,25.08154214696492,0.024142993173874746,4.3,5.354063007554824
4800.0,9990.0,15.100000000000001,49.5,25.6,180.0,35.1,2386.0,45.5,14.0,85.2,1126.0,55.7,80.30000000000001,3992.4062864182283,26.22000017754527,16.042762231720214,6.226801794615099,0.4446684857333771,1.0497566737925526,0.31,1.0,0.6647103865777443,1.0,0.9885098200787855,0.6647103865777443,69681.64162360138,288.15,0.8385412648334485,25.08154214696492,0.024145503865331167,4.4,5.353896678212573
4850.0,10000.0,15.700000000000001,50.0,25.700000000000003,180.0,35.2,2374.0,44.7,14.05,86.2,1127.0,55.1,79.7,3992.282274830791,26.22000017754527,16.042263913596127,6.226801794615099,0.4446684857333771,1.0497566737925526,0.28,1.0,0.6648231063352356,1.0,0.9885098200787855,0.6648231063352356,69681.64162360138,288.15,0.8385412648334485,25.08154214696492,0.024148014144101865,3.6,5.353730376193588
4900.0,10000.0,15.3,50.0,24.1,180.0,35.0,2385.0,44.6,14.0,86.60000000000001,1128.0,55.7,80.4,3992.1582836273046,26.22000017754527,16.04176567738126,6.226801794615099,0.4446684857333771,1.0497566737925526,0.33,1.0,0.6649358059200924,1.0,0.9885098200787855,0.6649358059200924,69681.64162360138,288.15,0.8385412648334485,25.08154214696492,0.024150524010005635,4.2,5.353564101509888
4950.0,9990.0,15.3,49.5,25.1,180.0,34.9,2376.0,44.800000000000004,13.950000000000001,85.4,1124.0,55.6,79.80000000000001,3992.0343128167196,26.22000017754527,16.04126752311158,6.226801794615099,0.4446684857333771,1.0497566737925526,0.34,1.0,0.6650484853224193,1.0,0.9885098200787855,0.6650484853224193,69681.64162360138,288.15,0.8385412648334485,25.08154214696492,0.02415303346286147,3.7,5.353397854173478
5000.0,9990.0,14.8,50.5,25.1,180.0,35.1,2368.0,45.0,14.15,85.60000000000001,1127.0,55.7,80.80000000000001,3991.9103624079767,26.22000017754527,16.040769450823007,6.226801794615099,0.4446684857333771,1.0497566737925526,0.26,1.0,0.6651611445323271,1.0,0.9885098200787855,0.6651611445323271,69681.64162360138,288.15,0.8385412648334485,25.08154214696492,0.02415554250248859,3.6,5.353231634196345
5050.0,10000.0,14.8,50.5,24.900000000000002,178.0,34.7,2365.0,44.900000000000006,14.0,85.30000000000001,1130.0,55.900000000000006,80.30000000000001,3991.7864324100046,26.22000017754527,16.040271460551423,6.226801794615099,0.4446684857333771,1.0497566737925526,0.26,1.0,0.6652737835399374,1.0,0.9885098200787855,0.6652737835399374,69681.64162360138,288.15,0.8385412648334485,25.08154214696492,0.024158051128706476,4.1000000000000005,5.353065441590465
5100.0,10010.0,15.100000000000001,50.5,24.5,182.0,34.800000000000004,2379.0,44.5,13.950000000000001,86.5,1126.0,55.800000000000004,80.5,3991.662522831721,26.22000017754527,16.03977355233266,6.226801794615099,0.4446684857333771,1.0497566737925526,0.32,1.0,0.6653864023353812,1.0,0.9885098200787855,0.6653864023353812,69681.64162360138,288.15,0.8385412648334485,25.08154214696492,0.024160559341334733,4.3,5.352899276367795
5150.0,10000.0,14.5,49.5,25.200000000000003,180.0,34.7,2374.0,44.800000000000004,14.0,84.7,1125.0,55.300000000000004,80.7,3991.5386336820343,26.22000017754527,16.039275726202522,6.226801794615099,0.4446684857333771,1.0497566737925526,0.35000000000000003,1.0,0.6654990009087943,1.0,0.9885098200787855,0.6654990009087943,69681.64162360138,288.15,0.8385412648334485,25.08154214696492,0.024163067140193315,4.0,5.352733138540282
5200.0,10000.0,15.0,49.5,24.5,179.0,34.9,2372.0,45.0,14.05,84.60000000000001,1127.0,55.5,80.5,3991.41476496984,26.22000017754527,16.038777982196745,6.226801794615099,0.4446684857333771,1.0497566737925526,0.32,1.0,0.6656115792503278,1.0,0.9885098200787855,0.6656115792503278,69681.64162360138,288.15,0.8385412648334485,25.08154214696492,0.02416557452510227,3.6,5.3525670281198545
5250.0,9980.0,15.0,50.5,24.1,180.0,35.2,2376.0,45.2,13.950000000000001,85.5,1123.0,54.7,80.80000000000001,3991.290916704024,26.22000017754527,16.038280320351042,6.226801794615099,0.4446684857333771,1.0497566737925526,0.29,1.0,0.6657241373501349,1.0,0.9885098200787855,0.6657241373501349,69681.64162360138,288.15,0.8385412648334485,25.08154214696492,0.02416808149588195,3.9000000000000004,5.352400945118431
5300.0,9980.0,14.600000000000001,50.0,24.700000000000003,180.0,35.1,2378.0,45.1,14.100000000000001,84.9,1127.0,56.0,81.0,3991.167088893461,26.22000017754527,16.037782740701072,6.226801794615099,0.4446684857333771,1.0497566737925526,0.28,1.0,0.665836675198382,1.0,0.9885098200787855,0.665836675198382,69681.64162360138,288.15,0.8385412648334485,25.08154214696492,0.02417058805235287,3.9000000000000004,5.352234889547909
5350.0,10020.0,15.200000000000001,50.0,24.900000000000002,180.0,35.1,2375.0,45.0,14.0,85.10000000000001,1128.0,56.6,79.4,3991.043281547017,26.22000017754527,16.03728524328246,6.226801794615099,0.4446684857333771,1.0497566737925526,0.33,1.0,0.665949192785242,1.0,0.9885098200787855,0.665949192785242,69681.64162360138,288.15,0.8385412648334485,25.08154214696492,0.024173094194335824,3.8000000000000003,5.3520688614201815
5400.0,10010.0,15.0,50.5,25.5,180.0,35.2,2367.0,45.5,14.05,86.2,1124.0,55.300000000000004,80.4,3990.9194946735424,26.22000017754527,16.036787828130773,6.226801794615099,0.4446684857333771,1.0497566737925526,0.32,1.0,0.6660616901008986,1.0,0.9885098200787855,0.6660616901008986,69681.64162360138,288.15,0.8385412648334485,25.08154214696492,0.02417559992165183,4.1000000000000005,5.351902860747114
5450.0,10010.0,14.5,50.5,25.0,180.0,34.7,2378.0,44.300000000000004,14.05,84.60000000000001,1127.0,55.5,80.9,3990.7957282818784,26.22000017754527,16.036290495281534,6.226801794615099,0.4446684857333771,1.0497566737925526,0.32,1.0,0.6661741671355448,1.0,0.9885098200787855,0.6661741671355448,69681.64162360138,288.15,0.8385412648334485,25.08154214696492,0.02417810523412205,3.8000000000000003,5.351736887540564
5500.0,9990.0,15.4,50.5,24.8,180.0,34.7,2378.0,44.5,14.05,85.60000000000001,1133.0,55.2,80.30000000000001,3990.6719823808585,26.22000017754527,16.03579324477024,6.226801794615099,0.4446684857333771,1.0497566737925526,0.38,1.0,0.6662866238793792,1.0,0.9885098200787855,0.6662866238793792,69681.64162360138,288.15,0.8385412648334485,25.08154214696492,0.02418061013156791,4.3,5.351570941812379
5550.0,9990.0,15.100000000000001,50.0,25.1,179.0,35.0,2370.0,45.0,14.05,85.30000000000001,1123.0,55.900000000000006,80.5,3990.548256979302,26.22000017754527,16.03529607663233,6.226801794615099,0.4446684857333771,1.0497566737925526,0.3,1.0,0.6663990603226111,1.0,0.9885098200787855,0.6663990603226111,69681.64162360138,288.15,0.8385412648334485,25.08154214696492,0.024183114613811056,3.9000000000000004,5.351405023574384
5600.0,9980.0,14.700000000000001,49.5,25.5,179.0,35.1,2374.0,45.1,14.0,86.0,1126.0,55.0,79.60000000000001,3990.4245520860204,26.22000017754527,16.034798990903216,6.226801794615099,0.4446684857333771,1.0497566737925526,0.31,1.0,0.666511476455458,1.0,0.9885098200787855,0.666511476455458,69681.64162360138,288.15,0.8385412648334485,25.08154214696492,0.024185618680673412,3.7,5.351239132838396
5650.0,10000.0,14.9,51.0,24.3,180.0,34.800000000000004,2374.0,45.0,13.850000000000001,85.60000000000001,1132.0,55.400000000000006,80.4,3990.3008677098082,26.22000017754527,16.03430198761823,6.226801794615099,0.4446684857333771,1.0497566737925526,0.35000000000000003,1.0,0.66662387226815,1.0,0.9885098200787855,0.66662387226815,69681.64162360138,288.15,0.8385412648334485,25.08154214696492,0.02418812233197698,3.9000000000000004,5.351073269616208
5700.0,9990.0,14.3,50.5,25.0,179.0,35.0,2374.0,44.800000000000004,14.05,84.7,1129.0,55.1,80.0,3990.1772038594563,26.22000017754527,16.033805066812697,6.226801794615099,0.4446684857333771,1.0497566737925526,0.38,1.0,0.6667362477509187,1.0,0.9885098200787855,0.6667362477509187,69681.64162360138,288.15,0.8385412648334485,25.08154214696492,0.02419062556754412,4.3,5.350907433919609
5750.0,10000.0,14.700000000000001,49.5,25.0,180.0,35.0,2376.0,44.900000000000006,13.9,85.10000000000001,1129.0,55.1,80.2,3990.0535605437412,26.22000017754527,16.03330822852189,6.226801794615099,0.4446684857333771,1.0497566737925526,0.3,1.0,0.6668486028940109,1.0,0.9885098200787855,0.6668486028940109,69681.64162360138,288.15,0.8385412648334485,25.08154214696492,0.024193128387197345,4.0,5.350741625760368
5800.0,10000.0,15.4,50.5,24.5,181.0,34.800000000000004,2374.0,45.1,13.950000000000001,86.0,1125.0,55.400000000000006,80.0,3989.9299377714274,26.22000017754527,16.03281147278102,6.226801794615099,0.4446684857333771,1.0497566737925526,0.3,1.0,0.6669609376876795,1.0,0.9885098200787855,0.6669609376876795,69681.64162360138,288.15,0.8385412648334485,25.08154214696492,0.024195630790759357,4.3,5.35057584515024
5850.0,10010.0,15.5,51.0,24.6,180.0,34.800000000000004,2373.0,44.800000000000004,13.950000000000001,84.80000000000001,1127.0,55.2,80.7,3989.8063355512745,26.22000017754527,16.03231479962529,6.226801794615099,0.4446684857333771,1.0497566737925526,0.29,1.0,0.667073252122185,1.0,0.9885098200787855,0.667073252122185,69681.64162360138,288.15,0.8385412648334485,25.08154214696492,0.02419813277805317,4.7,5.3504100921009705
5900.0,9990.0,15.0,49.5,25.700000000000003,181.0,35.1,2371.0,45.1,13.9,86.30000000000001,1129.0,55.7,79.10000000000001,3989.682753892023,26.22000017754527,16.031818209089824,6.226801794615099,0.4446684857333771,1.0497566737925526,0.29,1.0,0.6671855461877997,1.0,0.9885098200787855,0.6671855461877997,69681.64162360138,288.15,0.8385412648334485,25.08154214696492,0.024200634348901965,4.2,5.350244366624281
5950.0,10010.0,15.3,49.0,25.1,181.0,34.7,2376.0,45.1,14.0,84.30000000000001,1126.0,55.5,80.2,3989.5591928024064,26.22000017754527,16.031321701209713,6.226801794615099,0.4446684857333771,1.0497566737925526,0.3,1.0,0.6672978198748037,1.0,0.9885098200787855,0.6672978198748037,69681.64162360138,288.15,0.8385412648334485,25.08154214696492,0.024203135503129088,3.9000000000000004,5.350078668731883
6000.0,10000.0,15.100000000000001,50.0,24.8,180.0,34.6,2378.0,45.0,14.0,86.0,1122.0,54.900000000000006,80.4,3989.435652291151,26.22000017754527,16.030825276020025,6.226801794615099,0.4446684857333771,1.0497566737925526,0.32,1.0,0.6674100731734829,1.0,0.9885098200787855,0.6674100731734829,69681.64162360138,288.15,0.8385412648334485,25.08154214696492,0.024205636240558215,4.0,5.34991299843548
6050.0,9990.0,15.200000000000001,50.5,25.200000000000003,180.0,34.6,2380.0,45.400000000000006,14.05,84.9,1129.0,55.900000000000006,81.10000000000001,3989.3121323669657,26.22000017754527,16.030328933555747,6.226801794615099,0.4446684857333771,1.0497566737925526,0.29,1.0,0.6675223060741369,1.0,0.9885098200787855,0.6675223060741369,69681.64162360138,288.15,0.8385412648334485,25.08154214696492,0.02420813656101315,3.9000000000000004,5.349747355746749
6100.0,10010.0,15.0,49.5,25.200000000000003,180.0,35.0,2377.0,44.900000000000006,14.100000000000001,84.9,1125.0,55.7,80.7,3989.188633038553,26.22000017754527,16.02983267385186,6.226801794615099,0.4446684857333771,1.0497566737925526,0.28,1.0,0.66763451856707,1.0,0.9885098200787855,0.66763451856707,69681.64162360138,288.15,0.8385412648334485,25.08154214696492,0.024210636464317984,3.7,5.34958174067736
6150.0,9980.0,15.0,49.5,24.8,181.0,34.9,2377.0,44.900000000000006,14.05,85.7,1125.0,55.6,80.80000000000001,3989.065154314603,26.22000017754527,16.029336496943277,6.226801794615099,0.4446684857333771,1.0497566737925526,0.33,1.0,0.6677467106425985,1.0,0.9885098200787855,0.6677467106425985,69681.64162360138,288.15,0.8385412648334485,25.08154214696492,0.024213135950296994,3.6,5.34941615323897
6200.0,10010.0,14.700000000000001,50.5,25.400000000000002,180.0,35.0,2376.0,45.2,14.0,85.5,1129.0,55.5,80.0,3988.9416962037944,26.22000017754527,16.02884040286487,6.226801794615099,0.4446684857333771,1.0497566737925526,0.29,1.0,0.6678588822910456,1.0,0.9885098200787855,0.6678588822910456,69681.64162360138,288.15,0.8385412648334485,25.08154214696492,0.02421563501877465,3.7,5.349250593443212
6250.0,9980.0,15.200000000000001,51.0,25.6,179.0,35.1,2382.0,44.900000000000006,14.0,84.2,1128.0,55.300000000000004,80.4,3988.8182587147962,26.22000017754527,16.02834439165148,6.226801794615099,0.4446684857333771,1.0497566737925526,0.27,1.0,0.6679710335027433,1.0,0.9885098200787855,0.6679710335027433,69681.64162360138,288.15,0.8385412648334485,25.08154214696492,0.024218133669575693,4.1000000000000005,5.349085061301717
6300.0,10010.0,14.8,49.5,24.1,180.0,34.9,2370.0,45.1,13.950000000000001,84.7,1125.0,56.0,80.60000000000001,3988.6948418562665,26.22000017754527,16.027848463337893,6.226801794615099,0.4446684857333771,1.0497566737925526,0.32,1.0,0.6680831642680326,1.0,0.9885098200787855,0.6680831642680326,69681.64162360138,288.15,0.8385412648334485,25.08154214696492,0.024220631902525002,4.1000000000000005,5.348919556826091
6350.0,9990.0,15.0,50.0,24.8,180.0,34.800000000000004,2378.0,45.2,13.8,86.10000000000001,1119.0,55.5,80.80000000000001,3988.571445636855,26.22000017754527,16.02735261795887,6.226801794615099,0.4446684857333771,1.0497566737925526,0.31,1.0,0.6681952745772617,1.0,0.9885098200787855,0.6681952745772617,69681.64162360138,288.15,0.8385412648334485,25.08154214696492,0.024223129717447788,3.6,5.348754080027936
6400.0,9990.0,15.3,49.0,25.5,180.0,34.800000000000004,2374.0,44.7,14.05,85.80000000000001,1123.0,55.5,79.80000000000001,3988.4480700651943,26.22000017754527,16.02685685554909,6.226801794615099,0.4446684857333771,1.0497566737925526,0.36,1.0,0.6683073644207915,1.0,0.9885098200787855,0.6683073644207915,69681.64162360138,288.15,0.8385412648334485,25.08154214696492,0.02422562711416941,3.7,5.348588630918828
6450.0,10020.0,15.0,49.5,24.700000000000003,179.0,34.7,2377.0,44.6,13.850000000000001,85.10000000000001,1122.0,55.400000000000006,79.80000000000001,3988.3247151499113,26.22000017754527,16.026361176143233,6.226801794615099,0.4446684857333771,1.0497566737925526,0.29,1.0,0.6684194337889892,1.0,0.9885098200787855,0.6684194337889892,69681.64162360138,288.15,0.8385412648334485,25.08154214696492,0.024228124092515433,4.5,5.348423209510335
6500.0,10000.0,15.100000000000001,49.0,24.700000000000003,180.0,34.800000000000004,2380.0,44.6,14.0,85.0,1127.0,55.5,80.10000000000001,3988.201380899621,26.22000017754527,16.025865579775907,6.226801794615099,0.4446684857333771,1.0497566737925526,0.31,1.0,0.6685314826722294,1.0,0.9885098200787855,0.6685314826722294,69681.64162360138,288.15,0.8385412648334485,25.08154214696492,0.024230620652311637,3.8000000000000003,5.34825781581401
6550.0,10010.0,15.100000000000001,50.0,24.8,181.0,35.0,2375.0,45.0,14.100000000000001,84.5,1129.0,55.0,80.30000000000001,3988.0780673229306,26.22000017754527,16.025370066481702,6.226801794615099,0.4446684857333771,1.0497566737925526,0.37,1.0,0.6686435110608957,1.0,0.9885098200787855,0.6686435110608957,69681.64162360138,288.15,0.8385412648334485,25.08154214696492,0.024233116793384114,4.1000000000000005,5.348092449841396
6600.0,10000.0,14.8,50.0,24.900000000000002,179.0,34.9,2377.0,44.800000000000004,13.950000000000001,84.5,1128.0,55.900000000000006,80.30000000000001,3987.9547744284278,26.22000017754527,16.024874636295127,6.226801794615099,0.4446684857333771,1.0497566737925526,0.35000000000000003,1.0,0.6687555189453853,1.0,0.9885098200787855,0.6687555189453853,69681.64162360138,288.15,0.8385412648334485,25.08154214696492,0.02423561251555906,4.0,5.347927111604011
6650.0,10000.0,15.100000000000001,50.0,24.8,182.0,34.9,2374.0,45.1,14.0,84.5,1130.0,55.7,79.7,3987.831502224698,26.22000017754527,16.02437928925068,6.226801794615099,0.4446684857333771,1.0497566737925526,0.36,1.0,0.668867506316098,1.0,0.9885098200787855,0.668867506316098,69681.64162360138,288.15,0.8385412648334485,25.08154214696492,0.024238107818662948,4.1000000000000005,5.347761801113364
6700.0,9980.0,15.5,50.5,25.0,181.0,35.0,2376.0,44.800000000000004,14.05,85.60000000000001,1127.0,55.400000000000006,80.30000000000001,3987.708250720313,26.22000017754527,16.0238840253828,6.226801794615099,0.4446684857333771,1.0497566737925526,0.32,1.0,0.6689794731634453,1.0,0.9885098200787855,0.6689794731634453,69681.64162360138,288.15,0.8385412648334485,25.08154214696492,0.024240602702522457,3.7,5.347596518380954
6750.0,9980.0,15.200000000000001,48.5,25.1,180.0,35.300000000000004,2374.0,45.2,14.0,85.4,1129.0,55.6,80.7,3987.5850199238334,26.22000017754527,16.023388844725893,6.226801794615099,0.4446684857333771,1.0497566737925526,0.29,1.0,0.6690914194778472,1.0,0.9885098200787855,0.6690914194778472,69681.64162360138,288.15,0.8385412648334485,25.08154214696492,0.02424309716696452,4.1000000000000005,5.34743126341826
6800.0,10010.0,15.200000000000001,51.0,24.700000000000003,179.0,34.800000000000004,2379.0,45.1,14.0,84.60000000000001,1129.0,55.300000000000004,80.80000000000001,3987.4618098438073,26.22000017754527,16.022893747314306,6.226801794615099,0.4446684857333771,1.0497566737925526,0.41000000000000003,1.0,0.6692033452497339,1.0,0.9885098200787855,0.6692033452497339,69681.64162360138,288.15,0.8385412648334485,25.08154214696492,0.024245591211816183,4.1000000000000005,5.347266036236743
6850.0,10010.0,14.9,49.0,24.8,179.0,34.7,2383.0,45.1,14.05,85.10000000000001,1126.0,56.1,80.2,3987.3386204887784,26.22000017754527,16.02239873318237,6.226801794615099,0.4446684857333771,1.0497566737925526,0.34,1.0,0.6693152504695397,1.0,0.9885098200787855,0.6693152504695397,69681.64162360138,288.15,0.8385412648334485,25.08154214696492,0.024248084836904785,3.9000000000000004,5.347100836847862
6900.0,10000.0,14.600000000000001,49.0,24.900000000000002,180.0,34.7,2376.0,45.0,13.850000000000001,84.7,1128.0,55.900000000000006,79.60000000000001,3987.2154518672737,26.22000017754527,16.02190380236435,6.226801794615099,0.4446684857333771,1.0497566737925526,0.33,1.0,0.6694271351277107,1.0,0.9885098200787855,0.6694271351277107,69681.64162360138,288.15,0.8385412648334485,25.08154214696492,0.024250578042057925,4.2,5.346935665263052
6950.0,10010.0,15.0,50.0,24.700000000000003,180.0,35.0,2379.0,45.0,14.05,85.30000000000001,1129.0,56.1,79.80000000000001,3987.09230398781,26.22000017754527,16.021408954894465,6.226801794615099,0.4446684857333771,1.0497566737925526,0.27,1.0,0.6695389992147038,1.0,0.9885098200787855,0.6695389992147038,69681.64162360138,288.15,0.8385412648334485,25.08154214696492,0.02425307082710334,4.4,5.346770521493733
7000.0,10000.0,14.5,49.5,25.3,180.0,34.9,2382.0,44.7,13.950000000000001,85.4,1128.0,55.900000000000006,80.7,3986.969176858894,26.22000017754527,16.020914190806906,6.226801794615099,0.4446684857333771,1.0497566737925526,0.33,1.0,0.6696508427209814,1.0,0.9885098200787855,0.6696508427209814,69681.64162360138,288.15,0.8385412648334485,25.08154214696492,0.024255563191869,4.1000000000000005,5.346605405551315
7050.0,10000.0,15.0,50.0,25.1,181.0,35.1,2377.0,44.800000000000004,14.0,85.2,1127.0,56.5,79.9,3986.846070489024,26.22000017754527,16.020419510135813,6.226801794615099,0.4446684857333771,1.0497566737925526,0.33,1.0,0.6697626656370151,1.0,0.9885098200787855,0.6697626656370151,69681.64162360138,288.15,0.8385412648334485,25.08154214696492,0.02425805513618312,4.3,5.3464403174471915
7100.0,10000.0,15.700000000000001,50.0,25.1,179.0,34.9,2377.0,45.300000000000004,14.05,86.0,1127.0,55.6,81.5,3986.7229848866855,26.22000017754527,16.01992491291529,6.226801794615099,0.4446684857333771,1.0497566737925526,0.33,1.0,0.6698744679532862,1.0,0.9885098200787855,0.6698744679532862,69681.64162360138,288.15,0.8385412648334485,25.08154214696492,0.024260546659874108,3.8000000000000003,5.346275257192743
7150.0,9990.0,14.700000000000001,50.5,24.900000000000002,180.0,35.0,2379.0,44.7,13.950000000000001,85.4,1128.0,55.900000000000006,79.80000000000001,3986.599920060354,26.22000017754527,16.01943039917939,6.226801794615099,0.4446684857333771,1.0497566737925526,0.34,1.0,0.6699862496602833,1.0,0.9885098200787855,0.6699862496602833,69681.64162360138,288.15,0.8385412648334485,25.08154214696492,0.02426303776277062,3.8000000000000003,5.346110224799337
7200.0,9990.0,14.700000000000001,50.5,25.3,180.0,35.2,2388.0,44.5,13.950000000000001,84.9,1125.0,55.400000000000006,80.0,3986.476876018492,26.22000017754527,16.018935968962122,6.226801794615099,0.4446684857333771,1.0497566737925526,0.28,1.0,0.6700980107485066,1.0,0.9885098200787855,0.6700980107485066,69681.64162360138,288.15,0.8385412648334485,25.08154214696492,0.02426552844470145,4.1000000000000005,5.345945220278319
7250.0,10000.0,15.100000000000001,50.5,25.200000000000003,180.0,35.4,2377.0,44.400000000000006,13.950000000000001,84.2,1127.0,55.7,80.0,3986.353852769557,26.22000017754527,16.018441622297466,6.226801794615099,0.4446684857333771,1.0497566737925526,0.38,1.0,0.6702097512084598,1.0,0.9885098200787855,0.6702097512084598,69681.64162360138,288.15,0.8385412648334485,25.08154214696492,0.024268018705495723,4.1000000000000005,5.345780243641031
7300.0,10010.0,14.700000000000001,49.5,25.0,180.0,34.6,2376.0,45.0,14.0,84.7,1126.0,55.7,80.2,3986.230850321988,26.22000017754527,16.017947359219335,6.226801794615099,0.4446684857333771,1.0497566737925526,0.34,1.0,0.6703214710306612,1.0,0.9885098200787855,0.6703214710306612,69681.64162360138,288.15,0.8385412648334485,25.08154214696492,0.024270508544982698,4.3,5.345615294898793
7350.0,10000.0,14.9,50.0,25.200000000000003,180.0,35.2,2380.0,45.400000000000006,14.15,84.7,1127.0,55.800000000000004,80.10000000000001,3986.107868684219,26.22000017754527,16.01745317976162,6.226801794615099,0.4446684857333771,1.0497566737925526,0.3,1.0,0.6704331702056344,1.0,0.9885098200787855,0.6704331702056344,69681.64162360138,288.15,0.8385412648334485,25.08154214696492,0.024272997962991854,3.6,5.345450374062912
7400.0,10000.0,14.8,50.0,24.700000000000003,179.0,35.0,2377.0,45.2,14.15,85.4,1128.0,55.400000000000006,79.5,3985.984907864672,26.22000017754527,16.016959083958167,6.226801794615099,0.4446684857333771,1.0497566737925526,0.37,1.0,0.670544848723911,1.0,0.9885098200787855,0.670544848723911,69681.64162360138,288.15,0.8385412648334485,25.08154214696492,0.024275486959352957,3.8000000000000003,5.345285481144683
7450.0,9990.0,15.0,50.0,24.6,180.0,35.2,2373.0,44.6,14.05,85.5,1125.0,55.300000000000004,79.80000000000001,3985.8619678717564,26.22000017754527,16.01646507184276,6.226801794615099,0.4446684857333771,1.0497566737925526,0.32,1.0,0.6706565065760348,1.0,0.9885098200787855,0.6706565065760348,69681.64162360138,288.15,0.8385412648334485,25.08154214696492,0.024277975533895914,4.3,5.345120616155383
7500.0,9990.0,15.0,50.5,24.0,181.0,34.800000000000004,2378.0,45.1,14.100000000000001,85.5,1121.0,55.5,80.2,3985.7390487138728,26.22000017754527,16.01597114344916,6.226801794615099,0.4446684857333771,1.0497566737925526,0.32,1.0,0.6707681437525556,1.0,0.9885098200787855,0.6707681437525556,69681.64162360138,288.15,0.8385412648334485,25.08154214696492,0.024280463686450864,4.1000000000000005,5.344955779106278
7550.0,10010.0,15.200000000000001,50.0,24.3,180.0,35.1,2372.0,45.2,14.05,85.30000000000001,1119.0,55.400000000000006,81.10000000000001,3985.616150399412,26.22000017754527,16.015477298811085,6.226801794615099,0.4446684857333771,1.0497566737925526,0.3,1.0,0.6708797602440312,1.0,0.9885098200787855,0.6708797602440312,69681.64162360138,288.15,0.8385412648334485,25.08154214696492,0.024282951416848206,3.5,5.344790970008621
7600.0,10010.0,15.0,50.5,25.1,180.0,35.1,2379.0,45.7,14.05,84.2,1128.0,56.2,80.80000000000001,3985.4932729367506,26.22000017754527,16.014983537962188,6.226801794615099,0.4446684857333771,1.0497566737925526,0.31,1.0,0.6709913560410311,1.0,0.9885098200787855,0.6709913560410311,69681.64162360138,288.15,0.8385412648334485,25.08154214696492,0.024285438724918503,4.3,5.344626188873642
7650.0,10010.0,15.8,49.5,24.8,180.0,34.9,2373.0,44.2,13.950000000000001,85.4,1126.0,56.5,80.2,3985.370416334258,26.22000017754527,16.01448986093611,6.226801794615099,0.4446684857333771,1.0497566737925526,0.36,1.0,0.671102931134131,1.0,0.9885098200787855,0.671102931134131,69681.64162360138,288.15,0.8385412648334485,25.08154214696492,0.024287925610492565,4.1000000000000005,5.344461435712567
7700.0,10010.0,15.100000000000001,50.5,25.0,180.0,35.1,2375.0,45.1,14.15,85.0,1128.0,56.300000000000004,80.7,3985.2475806002917,26.22000017754527,16.013996267766423,6.226801794615099,0.4446684857333771,1.0497566737925526,0.32,1.0,0.6712144855139162,1.0,0.9885098200787855,0.6712144855139162,69681.64162360138,288.15,0.8385412648334485,25.08154214696492,0.02429041207340143,3.4000000000000004,5.344296710536604
7750.0,10010.0,14.3,50.5,25.1,181.0,34.800000000000004,2370.0,45.1,14.0,84.9,1127.0,56.800000000000004,80.60000000000001,3985.124765743195,26.22000017754527,16.013502758486663,6.226801794615099,0.4446684857333771,1.0497566737925526,0.35000000000000003,1.0,0.6713260191709818,1.0,0.9885098200787855,0.6713260191709818,69681.64162360138,288.15,0.8385412648334485,25.08154214696492,0.024292898113476277,4.2,5.34413201335694
7800.0,10020.0,14.9,49.0,24.900000000000002,181.0,34.800000000000004,2376.0,44.800000000000004,14.100000000000001,85.60000000000001,1128.0,56.1,80.10000000000001,3985.001971771309,26.22000017754527,16.01300933313034,6.226801794615099,0.4446684857333771,1.0497566737925526,0.33,1.0,0.6714375320959273,1.0,0.9885098200787855,0.6714375320959273,69681.64162360138,288.15,0.8385412648334485,25.08154214696492,0.024295383730548563,3.7,5.343967344184761
7850.0,9970.0,15.0,50.0,25.5,181.0,35.300000000000004,2372.0,44.900000000000006,14.05,86.7,1131.0,56.2,79.9,3984.879198692958,26.22000017754527,16.01251599173091,6.226801794615099,0.4446684857333771,1.0497566737925526,0.29,1.0,0.6715490242793649,1.0,0.9885098200787855,0.6715490242793649,69681.64162360138,288.15,0.8385412648334485,25.08154214696492,0.024297868924449996,4.2,5.343802703031232
7900.0,9990.0,14.9,50.0,25.6,180.0,34.5,2378.0,44.800000000000004,14.0,85.10000000000001,1126.0,56.1,79.4,3984.7564465164537,26.22000017754527,16.012022734321768,6.226801794615099,0.4446684857333771,1.0497566737925526,0.31,1.0,0.6716604957119162,1.0,0.9885098200787855,0.6716604957119162,69681.64162360138,288.15,0.8385412648334485,25.08154214696492,0.02430035369501242,4.2,5.343638089907495
7950.0,9990.0,14.5,50.5,25.400000000000002,180.0,34.6,2379.0,44.5,14.0,84.60000000000001,1124.0,55.7,80.0,3984.633715250103,26.22000017754527,16.011529560936292,6.226801794615099,0.4446684857333771,1.0497566737925526,0.3,1.0,0.6717719463842078,1.0,0.9885098200787855,0.6717719463842078,69681.64162360138,288.15,0.8385412648334485,25.08154214696492,0.024302838042067912,4.1000000000000005,5.3434735048246935
8000.0,9990.0,15.3,50.0,24.700000000000003,179.0,34.7,2378.0,44.900000000000006,13.850000000000001,84.80000000000001,1125.0,56.400000000000006,79.30000000000001,3984.511004902199,26.22000017754527,16.01103647160781,6.226801794615099,0.4446684857333771,1.0497566737925526,0.28,1.0,0.6718833762868764,1.0,0.9885098200787855,0.6718833762868764,69681.64162360138,288.15,0.8385412648334485,25.08154214696492,0.02430532196544883,4.3,5.343308947793948
8050.0,10020.0,14.8,49.5,25.200000000000003,178.0,34.6,2375.0,45.5,13.950000000000001,85.2,1130.0,56.6,79.80000000000001,3984.388315481023,26.22000017754527,16.010543466369597,6.226801794615099,0.4446684857333771,1.0497566737925526,0.32,1.0,0.6719947854105698,1.0,0.9885098200787855,0.6719947854105698,69681.64162360138,288.15,0.8385412648334485,25.08154214696492,0.02430780546498768,4.4,5.343144418826362
8100.0,9980.0,15.3,49.5,25.0,180.0,34.800000000000004,2373.0,45.1,14.05,85.0,1127.0,56.1,79.60000000000001,3984.2656469948474,26.22000017754527,16.0100505452549,6.226801794615099,0.4446684857333771,1.0497566737925526,0.34,1.0,0.6721061737459411,1.0,0.9885098200787855,0.6721061737459411,69681.64162360138,288.15,0.8385412648334485,25.08154214696492,0.02431028854051722,4.2,5.342979917933031
8150.0,10030.0,14.9,50.0,25.3,181.0,34.9,2375.0,45.2,13.950000000000001,84.80000000000001,1127.0,56.2,79.80000000000001,3984.142999451933,26.22000017754527,16.009557708296903,6.226801794615099,0.4446684857333771,1.0497566737925526,0.27,1.0,0.6722175412836546,1.0,0.9885098200787855,0.6722175412836546,69681.64162360138,288.15,0.8385412648334485,25.08154214696492,0.024312771191870378,3.5,5.342815445125032
8200.0,9980.0,14.600000000000001,50.0,24.5,179.0,34.800000000000004,2375.0,45.400000000000006,14.05,85.10000000000001,1126.0,55.7,80.30000000000001,3984.0203728605334,26.22000017754527,16.00906495552878,6.226801794615099,0.4446684857333771,1.0497566737925526,0.34,1.0,0.6723288880143805,1.0,0.9885098200787855,0.6723288880143805,69681.64162360138,288.15,0.8385412648334485,25.08154214696492,0.024315253418880297,3.8000000000000003,5.342651000413433
8250.0,10000.0,14.4,50.0,25.3,180.0,35.4,2373.0,45.1,14.0,85.0,1127.0,55.900000000000006,80.5,3983.8977672288884,26.22000017754527,16.008572286983632,6.226801794615099,0.4446684857333771,1.0497566737925526,0.36,1.0,0.6724402139287979,1.0,0.9885098200787855,0.6724402139287979,69681.64162360138,288.15,0.8385412648334485,25.08154214696492,0.024317735221380428,4.0,5.342486583809284
8300.0,10010.0,14.8,50.5,24.700000000000003,181.0,35.4,2376.0,44.300000000000004,13.950000000000001,85.80000000000001,1128.0,56.0,80.60000000000001,3983.7751825652254,26.22000017754527,16.00807970269453,6.226801794615099,0.4446684857333771,1.0497566737925526,0.34,1.0,0.6725515190175986,1.0,0.9885098200787855,0.6725515190175986,69681.64162360138,288.15,0.8385412648334485,25.08154214696492,0.02432021659920434,4.3,5.342322195323619
8350.0,10010.0,15.5,50.0,25.400000000000002,180.0,34.9,2383.0,45.1,14.05,85.10000000000001,1125.0,55.900000000000006,80.80000000000001,3983.652618877765,26.22000017754527,16.007587202694506,6.226801794615099,0.4446684857333771,1.0497566737925526,0.34,1.0,0.6726628032714791,1.0,0.9885098200787855,0.6726628032714791,69681.64162360138,288.15,0.8385412648334485,25.08154214696492,0.024322697552185864,3.6,5.342157834967461
8400.0,10000.0,15.5,50.0,24.3,182.0,35.1,2376.0,44.900000000000006,14.100000000000001,84.7,1130.0,56.1,80.2,3983.530076174714,26.22000017754527,16.00709478701653,6.226801794615099,0.4446684857333771,1.0497566737925526,0.33,1.0,0.6727740666811455,1.0,0.9885098200787855,0.6727740666811455,69681.64162360138,288.15,0.8385412648334485,25.08154214696492,0.024325178080159018,3.9000000000000004,5.341993502751816
8450.0,10010.0,14.700000000000001,49.0,25.200000000000003,181.0,35.1,2378.0,44.900000000000006,14.05,85.0,1126.0,55.800000000000004,81.10000000000001,3983.4075544642715,26.22000017754527,16.006602455693553,6.226801794615099,0.4446684857333771,1.0497566737925526,0.27,1.0,0.6728853092373124,1.0,0.9885098200787855,0.6728853092373124,69681.64162360138,288.15,0.8385412648334485,25.08154214696492,0.024327658182958047,4.1000000000000005,5.341829198687678
8500.0,9980.0,15.0,50.0,24.200000000000003,180.0,34.9,2368.0,45.300000000000004,14.100000000000001,85.9,1128.0,55.900000000000006,80.80000000000001,3983.2850537546256,26.22000017754527,16.00611020875848,6.226801794615099,0.4446684857333771,1.0497566737925526,0.37,1.0,0.6729965309307034,1.0,0.9885098200787855,0.6729965309307034,69681.64162360138,288.15,0.8385412648334485,25.08154214696492,0.02433013786041743,4.3,5.341664922786029
8550.0,9990.0,15.100000000000001,50.0,24.3,180.0,35.5,2379.0,45.400000000000006,14.0,85.0,1128.0,55.6,79.60000000000001,3983.16257405395,26.22000017754527,16.005618046244148,6.226801794615099,0.4446684857333771,1.0497566737925526,0.36,1.0,0.6731077317520514,1.0,0.9885098200787855,0.6731077317520514,69681.64162360138,288.15,0.8385412648334485,25.08154214696492,0.024332617112371807,4.3,5.341500675057828
8600.0,9990.0,15.3,50.0,25.1,180.0,35.2,2377.0,45.400000000000006,14.0,85.4,1125.0,56.7,80.30000000000001,3983.0401153704133,26.22000017754527,16.005125968183386,6.226801794615099,0.4446684857333771,1.0497566737925526,0.34,1.0,0.6732189116920955,1.0,0.9885098200787855,0.6732189116920955,69681.64162360138,288.15,0.8385412648334485,25.08154214696492,0.024335095938656105,3.6,5.341336455514032
8650.0,9990.0,15.4,50.0,24.200000000000003,181.0,34.9,2382.0,45.0,14.0,85.7,1125.0,55.6,80.0,3982.9176777121697,26.22000017754527,16.00463397460896,6.226801794615099,0.4446684857333771,1.0497566737925526,0.35000000000000003,1.0,0.6733300707415864,1.0,0.9885098200787855,0.6733300707415864,69681.64162360138,288.15,0.8385412648334485,25.08154214696492,0.02433757433910541,3.7,5.341172264165574
8700.0,9980.0,15.3,49.5,24.8,179.0,34.9,2376.0,45.300000000000004,13.950000000000001,86.0,1125.0,55.7,80.80000000000001,3982.795261087364,26.22000017754527,16.0041420655536,6.226801794615099,0.4446684857333771,1.0497566737925526,0.33,1.0,0.6734412088912816,1.0,0.9885098200787855,0.6734412088912816,69681.64162360138,288.15,0.8385412648334485,25.08154214696492,0.02434005231355503,3.8000000000000003,5.341008101023378
8750.0,10000.0,15.4,50.5,24.700000000000003,180.0,35.0,2372.0,45.0,14.0,85.7,1130.0,55.800000000000004,80.0,3982.6728655041316,26.22000017754527,16.003650241049996,6.226801794615099,0.4446684857333771,1.0497566737925526,0.34,1.0,0.6735523261319467,1.0,0.9885098200787855,0.6735523261319467,69681.64162360138,288.15,0.8385412648334485,25.08154214696492,0.024342529861840528,3.8000000000000003,5.340843966098351
8800.0,10010.0,15.0,49.5,24.6,181.0,35.0,2383.0,44.800000000000004,14.0,86.4,1124.0,55.300000000000004,80.7,3982.5504909705933,26.22000017754527,16.003158501130777,6.226801794615099,0.4446684857333771,1.0497566737925526,0.3,1.0,0.6736634224543584,1.0,0.9885098200787855,0.6736634224543584,69681.64162360138,288.15,0.8385412648334485,25.08154214696492,0.024345006983797636,4.0,5.340679859401385
8850.0,9990.0,15.100000000000001,49.5,24.900000000000002,180.0,34.800000000000004,2374.0,44.900000000000006,13.9,84.7,1127.0,55.800000000000004,79.9,3982.428137494864,26.22000017754527,16.002666845828553,6.226801794615099,0.4446684857333771,1.0497566737925526,0.32,1.0,0.6737744978493003,1.0,0.9885098200787855,0.6737744978493003,69681.64162360138,288.15,0.8385412648334485,25.08154214696492,0.02434748367926231,3.8000000000000003,5.340515780943363
8900.0,10010.0,15.4,50.0,25.200000000000003,180.0,35.1,2383.0,45.2,13.9,85.2,1130.0,55.900000000000006,80.60000000000001,3982.3058050850464,26.22000017754527,16.002175275175883,6.226801794615099,0.4446684857333771,1.0497566737925526,0.3,1.0,0.6738855523075638,1.0,0.9885098200787855,0.6738855523075638,69681.64162360138,288.15,0.8385412648334485,25.08154214696492,0.02434995994807072,3.6,5.340351730735149
8950.0,10000.0,14.5,50.0,25.5,178.0,34.7,2372.0,45.0,14.0,85.80000000000001,1129.0,56.1,80.10000000000001,3982.183493749232,26.22000017754527,16.001683789205284,6.226801794615099,0.4446684857333771,1.0497566737925526,0.33,1.0,0.67399658581995,1.0,0.9885098200787855,0.67399658581995,69681.64162360138,288.15,0.8385412648334485,25.08154214696492,0.024352435790059263,3.8000000000000003,5.340187708787596
9000.0,10010.0,14.700000000000001,50.5,25.5,180.0,35.0,2378.0,44.1,14.0,84.9,1127.0,56.2,80.0,3982.0612034955025,26.22000017754527,16.001192387949224,6.226801794615099,0.4446684857333771,1.0497566737925526,0.29,1.0,0.6741075983772686,1.0,0.9885098200787855,0.6741075983772686,69681.64162360138,288.15,0.8385412648334485,25.08154214696492,0.02435491120506453,3.9000000000000004,5.340023715111539
9050.0,10000.0,15.0,50.0,25.400000000000002,179.0,35.0,2382.0,44.5,14.0,84.60000000000001,1126.0,55.7,80.0,3981.938934331928,26.22000017754527,16.000701071440137,6.226801794615099,0.4446684857333771,1.0497566737925526,0.38,1.0,0.6742185899703375,1.0,0.9885098200787855,0.6742185899703375,69681.64162360138,288.15,0.8385412648334485,25.08154214696492,0.024357386192923398,3.7,5.339859749717803
9100.0,9990.0,14.600000000000001,51.0,24.8,180.0,34.9,2373.0,44.900000000000006,14.200000000000001,85.80000000000001,1125.0,56.2,79.60000000000001,3981.8166862665666,26.22000017754527,16.000209839710404,6.226801794615099,0.4446684857333771,1.0497566737925526,0.27,1.0,0.6743295605899856,1.0,0.9885098200787855,0.6743295605899856,69681.64162360138,288.15,0.8385412648334485,25.08154214696492,0.024359860753472816,4.2,5.339695812617191
9150.0,10010.0,15.3,50.0,24.900000000000002,181.0,35.1,2375.0,44.5,14.0,85.60000000000001,1124.0,56.2,80.2,3981.6944593074727,26.22000017754527,15.999718692792385,6.226801794615099,0.4446684857333771,1.0497566737925526,0.34,1.0,0.6744405102270451,1.0,0.9885098200787855,0.6744405102270451,69681.64162360138,288.15,0.8385412648334485,25.08154214696492,0.02436233488655009,4.2,5.339531903820507
9200.0,9990.0,14.5,49.5,25.400000000000002,180.0,34.9,2369.0,45.5,14.05,85.4,1129.0,56.2,79.9,3981.572253462681,26.22000017754527,15.999227630718371,6.226801794615099,0.4446684857333771,1.0497566737925526,0.32,1.0,0.6745514388723621,1.0,0.9885098200787855,0.6745514388723621,69681.64162360138,288.15,0.8385412648334485,25.08154214696492,0.02436480859199265,3.9000000000000004,5.339368023338525
9250.0,10030.0,15.200000000000001,50.0,25.200000000000003,179.0,35.300000000000004,2374.0,45.2,14.100000000000001,85.2,1127.0,56.0,80.0,3981.4500687402215,26.22000017754527,15.998736653520625,6.226801794615099,0.4446684857333771,1.0497566737925526,0.3,1.0,0.6746623465167886,1.0,0.9885098200787855,0.6746623465167886,69681.64162360138,288.15,0.8385412648334485,25.08154214696492,0.024367281869638147,3.9000000000000004,5.339204171182012
9300.0,10020.0,15.0,49.5,24.8,181.0,35.1,2379.0,44.900000000000006,14.05,84.5,1126.0,56.400000000000006,80.5,3981.327905148113,26.22000017754527,15.998245761231372,6.226801794615099,0.4446684857333771,1.0497566737925526,0.29,1.0,0.6747732331511841,1.0,0.9885098200787855,0.6747732331511841,69681.64162360138,288.15,0.8385412648334485,25.08154214696492,0.024369754719324493,3.8000000000000003,5.339040347361723
9350.0,10000.0,15.5,49.0,25.1,179.0,34.9,2375.0,44.900000000000006,13.950000000000001,84.9,1126.0,55.5,80.4,3981.2057626943633,26.22000017754527,15.997754953882788,6.226801794615099,0.4446684857333771,1.0497566737925526,0.34,1.0,0.6748840987664196,1.0,0.9885098200787855,0.6748840987664196,69681.64162360138,288.15,0.8385412648334485,25.08154214696492,0.024372227140889775,4.2,5.338876551888395
9400.0,9980.0,15.100000000000001,50.5,24.6,180.0,35.0,2384.0,45.6,13.9,86.4,1125.0,56.400000000000006,80.5,3981.0836413869674,26.22000017754527,15.997264231507001,6.226801794615099,0.4446684857333771,1.0497566737925526,0.29,1.0,0.6749949433533731,1.0,0.9885098200787855,0.6749949433533731,69681.64162360138,288.15,0.8385412648334485,25.08154214696492,0.024374699134172305,4.1000000000000005,5.338712784772752
9450.0,10000.0,15.200000000000001,50.0,25.5,180.0,35.0,2381.0,45.2,14.05,84.5,1124.0,55.800000000000004,79.7,3980.961541233913,26.22000017754527,15.996773594136107,6.226801794615099,0.4446684857333771,1.0497566737925526,0.34,1.0,0.6751057669029311,1.0,0.9885098200787855,0.6751057669029311,69681.64162360138,288.15,0.8385412648334485,25.08154214696492,0.024377170699010593,4.2,5.338549046025502
9500.0,10000.0,15.4,50.5,25.1,179.0,35.300000000000004,2376.0,45.0,14.0,84.30000000000001,1123.0,56.300000000000004,79.60000000000001,3980.8394622431774,26.22000017754527,15.996283041802162,6.226801794615099,0.4446684857333771,1.0497566737925526,0.41000000000000003,1.0,0.6752165694059887,1.0,0.9885098200787855,0.6752165694059887,69681.64162360138,288.15,0.8385412648334485,25.08154214696492,0.02437964183524339,3.7,5.338385335657346
9550.0,9980.0,15.200000000000001,51.0,25.0,180.0,34.6,2374.0,44.7,13.850000000000001,84.9,1121.0,55.6,79.80000000000001,3980.717404422723,26.22000017754527,15.99579257453716,6.226801794615099,0.4446684857333771,1.0497566737925526,0.3,1.0,0.6753273508534501,1.0,0.9885098200787855,0.6753273508534501,69681.64162360138,288.15,0.8385412648334485,25.08154214696492,0.024382112542709635,4.1000000000000005,5.338221653678961
9600.0,10000.0,15.3,50.5,25.5,180.0,35.1,2378.0,45.0,14.0,84.7,1125.0,56.2,80.0,3980.5953677805064,26.22000017754527,15.995302192373076,6.226801794615099,0.4446684857333771,1.0497566737925526,0.3,1.0,0.6754381112362271,1.0,0.9885098200787855,0.6754381112362271,69681.64162360138,288.15,0.8385412648334485,25.08154214696492,0.024384582821248512,3.8000000000000003,5.338058000101015
9650.0,9990.0,15.3,50.0,24.700000000000003,181.0,34.9,2371.0,45.300000000000004,13.950000000000001,84.60000000000001,1127.0,56.5,80.0,3980.4733523244718,26.22000017754527,15.99481189534183,6.226801794615099,0.4446684857333771,1.0497566737925526,0.29,1.0,0.6755488505452423,1.0,0.9885098200787855,0.6755488505452423,69681.64162360138,288.15,0.8385412648334485,25.08154214696492,0.02438705267069938,4.1000000000000005,5.337894374934163
9700.0,9990.0,15.600000000000001,50.0,24.1,180.0,35.4,2383.0,45.5,13.950000000000001,85.4,1125.0,56.1,79.4,3980.3513580625527,26.22000017754527,15.994321683475302,6.226801794615099,0.4446684857333771,1.0497566737925526,0.3,1.0,0.6756595687714235,1.0,0.9885098200787855,0.6756595687714235,69681.64162360138,288.15,0.8385412648334485,25.08154214696492,0.024389522090901793,3.8000000000000003,5.337730778189044
9750.0,10010.0,15.200000000000001,50.0,24.5,180.0,34.9,2380.0,45.400000000000006,14.100000000000001,84.4,1120.0,55.400000000000006,80.7,3980.2293850026736,26.22000017754527,15.993831556805336,6.226801794615099,0.4446684857333771,1.0497566737925526,0.31,1.0,0.6757702659057084,1.0,0.9885098200787855,0.6757702659057084,69681.64162360138,288.15,0.8385412648334485,25.08154214696492,0.024391991081695596,3.8000000000000003,5.337567209876286
9800.0,10020.0,15.4,50.0,24.900000000000002,180.0,35.0,2383.0,45.1,14.05,85.5,1124.0,56.300000000000004,79.9,3980.107433152746,26.22000017754527,15.993341515363722,6.226801794615099,0.4446684857333771,1.0497566737925526,0.25,1.0,0.6758809419390449,1.0,0.9885098200787855,0.6758809419390449,69681.64162360138,288.15,0.8385412648334485,25.08154214696492,0.024394459642920807,3.4000000000000004,5.337403670006496
9850.0,9990.0,15.200000000000001,50.0,25.1,182.0,34.7,2376.0,45.1,13.950000000000001,84.80000000000001,1123.0,56.6,79.7,3979.9855025206725,26.22000017754527,15.992851559182215,6.226801794615099,0.4446684857333771,1.0497566737925526,0.38,1.0,0.6759915968623887,1.0,0.9885098200787855,0.6759915968623887,69681.64162360138,288.15,0.8385412648334485,25.08154214696492,0.02439692777441761,4.0,5.337240158590273
9900.0,10010.0,15.0,50.0,24.8,180.0,35.1,2373.0,45.0,13.950000000000001,86.2,1127.0,56.6,79.9,3979.8635931143453,26.22000017754527,15.992361688292528,6.226801794615099,0.4446684857333771,1.0497566737925526,0.33,1.0,0.6761022306667015,1.0,0.9885098200787855,0.6761022306667015,69681.64162360138,288.15,0.8385412648334485,25.08154214696492,0.02439939547602645,3.6,5.3370766756382
9950.0,9990.0,15.100000000000001,51.0,25.1,181.0,35.1,2383.0,45.0,14.15,84.5,1125.0,55.7,81.2,3979.7417049416467,26.22000017754527,15.991871902726336,6.226801794615099,0.4446684857333771,1.0497566737925526,0.35000000000000003,1.0,0.6762128433429566,1.0,0.9885098200787855,0.6762128433429566,69681.64162360138,288.15,0.8385412648334485,25.08154214696492,0.02440186274758799,3.9000000000000004,5.336913221160847
10000.0,10010.0,15.200000000000001,51.0,24.400000000000002,180.0,34.9,2369.0,45.300000000000004,14.0,85.30000000000001,1133.0,56.0,79.80000000000001,3979.6198380104456,26.22000017754527,15.991382202515258,6.226801794615099,0.4446684857333771,1.0497566737925526,0.32,1.0,0.6763234348821345,1.0,0.9885098200787855,0.6763234348821345,69681.64162360138,288.15,0.8385412648334485,25.08154214696492,0.024404329588943122,4.2,5.336749795168768
10050.0,9990.0,14.8,50.5,25.200000000000003,178.0,34.800000000000004,2382.0,45.1,13.950000000000001,84.7,1127.0,56.400000000000006,79.30000000000001,3979.497992328603,26.22000017754527,15.990892587690881,6.226801794615099,0.4446684857333771,1.0497566737925526,0.3,1.0,0.676434005275226,1.0,0.9885098200787855,0.676434005275226,69681.64162360138,288.15,0.8385412648334485,25.08154214696492,0.02440679599993287,4.0,5.336586397672503
10100.0,10000.0,15.200000000000001,49.5,25.1,181.0,35.1,2377.0,45.0,13.950000000000001,84.80000000000001,1130.0,56.1,79.5,3979.376167903969,26.22000017754527,15.990403058284752,6.226801794615099,0.4446684857333771,1.0497566737925526,0.31,1.0,0.6765445545132274,1.0,0.9885098200787855,0.6765445545132274,69681.64162360138,288.15,0.8385412648334485,25.08154214696492,0.02440926198039854,4.0,5.336423028682581
10150.0,10000.0,15.100000000000001,50.5,25.400000000000002,181.0,35.2,2373.0,44.7,14.0,84.5,1124.0,56.0,79.7,3979.254364744383,26.22000017754527,15.989913614328369,6.226801794615099,0.4446684857333771,1.0497566737925526,0.3,1.0,0.676655082587145,1.0,0.9885098200787855,0.676655082587145,69681.64162360138,288.15,0.8385412648334485,25.08154214696492,0.02441172753018161,3.9000000000000004,5.3362596882095135
10200.0,10010.0,15.100000000000001,51.0,25.1,180.0,35.0,2377.0,45.1,14.15,84.30000000000001,1129.0,56.2,79.2,3979.132582857676,26.22000017754527,15.989424255853201,6.226801794615099,0.4446684857333771,1.0497566737925526,0.34,1.0,0.6767655894879938,1.0,0.9885098200787855,0.6767655894879938,69681.64162360138,288.15,0.8385412648334485,25.08154214696492,0.02441419264912379,4.3,5.336096376263801
10250.0,9990.0,15.0,49.0,24.5,181.0,34.9,2372.0,45.1,13.950000000000001,84.5,1129.0,55.7,79.5,3979.010822251664,26.22000017754527,15.988934982890658,6.226801794615099,0.4446684857333771,1.0497566737925526,0.33,1.0,0.6768760752067965,1.0,0.9885098200787855,0.6768760752067965,69681.64162360138,288.15,0.8385412648334485,25.08154214696492,0.02441665733706701,4.2,5.335933092855927
10300.0,10010.0,14.8,50.5,24.700000000000003,181.0,34.800000000000004,2382.0,44.800000000000004,14.15,85.10000000000001,1124.0,55.900000000000006,80.4,3978.8890829341567,26.22000017754527,15.988445795472115,6.226801794615099,0.4446684857333771,1.0497566737925526,0.35000000000000003,1.0,0.676986539734586,1.0,0.9885098200787855,0.676986539734586,69681.64162360138,288.15,0.8385412648334485,25.08154214696492,0.024419121593853392,4.0,5.335769837996363
10350.0,10000.0,15.200000000000001,50.0,24.5,179.0,35.0,2381.0,45.5,14.05,84.9,1129.0,55.900000000000006,79.9,3978.7673649129515,26.22000017754527,15.98795669362891,6.226801794615099,0.4446684857333771,1.0497566737925526,0.3,1.0,0.6770969830624017,1.0,0.9885098200787855,0.6770969830624017,69681.64162360138,288.15,0.8385412648334485,25.08154214696492,0.0244215854193253,3.7,5.3356066116955665
10400.0,10000.0,15.100000000000001,50.5,25.200000000000003,180.0,35.1,2376.0,45.1,13.950000000000001,85.0,1129.0,55.900000000000006,80.0,3978.645668195835,26.22000017754527,15.98746767739233,6.226801794615099,0.4446684857333771,1.0497566737925526,0.3,1.0,0.6772074051812943,1.0,0.9885098200787855,0.6772074051812943,69681.64162360138,288.15,0.8385412648334485,25.08154214696492,0.02442404881332522,3.8000000000000003,5.335443413963979
10450.0,9990.0,15.4,50.5,25.200000000000003,182.0,35.0,2389.0,44.900000000000006,14.0,84.5,1128.0,56.400000000000006,79.9,3978.523992790587,26.22000017754527,15.986978746793637,6.226801794615099,0.4446684857333771,1.0497566737925526,0.37,1.0,0.6773178060823172,1.0,0.9885098200787855,0.6773178060823172,69681.64162360138,288.15,0.8385412648334485,25.08154214696492,0.02442651177569597,4.0,5.335280244812033
10500.0,10000.0,14.700000000000001,50.0,24.900000000000002,180.0,34.800000000000004,2387.0,44.900000000000006,13.9,84.30000000000001,1127.0,56.300000000000004,80.2,3978.4023387049706,26.22000017754527,15.986489901864028,6.226801794615099,0.4446684857333771,1.0497566737925526,0.34,1.0,0.6774281857565392,1.0,0.9885098200787855,0.6774281857565392,69681.64162360138,288.15,0.8385412648334485,25.08154214696492,0.02442897430628053,3.8000000000000003,5.33511710425014
10550.0,10000.0,14.700000000000001,49.5,24.6,179.0,35.2,2379.0,45.300000000000004,14.0,85.2,1122.0,56.5,80.0,3978.280705946742,26.22000017754527,15.986001142634665,6.226801794615099,0.4446684857333771,1.0497566737925526,0.34,1.0,0.6775385441950346,1.0,0.9885098200787855,0.6775385441950346,69681.64162360138,288.15,0.8385412648334485,25.08154214696492,0.024431436404922086,4.1000000000000005,5.3349539922887
10600.0,9990.0,14.600000000000001,49.5,25.200000000000003,181.0,34.7,2373.0,44.800000000000004,14.0,83.9,1123.0,55.900000000000006,80.0,3978.1590945236476,26.22000017754527,15.98551246913668,6.226801794615099,0.4446684857333771,1.0497566737925526,0.29,1.0,0.6776488813888863,1.0,0.9885098200787855,0.6776488813888863,69681.64162360138,288.15,0.8385412648334485,25.08154214696492,0.02443389807146403,3.9000000000000004,5.3347909089381025
10650.0,10010.0,14.600000000000001,50.0,25.400000000000002,180.0,34.9,2381.0,44.900000000000006,14.100000000000001,85.0,1126.0,56.300000000000004,80.10000000000001,3978.0375044434227,26.22000017754527,15.985023881401153,6.226801794615099,0.4446684857333771,1.0497566737925526,0.35000000000000003,1.0,0.6777591973291858,1.0,0.9885098200787855,0.6777591973291858,69681.64162360138,288.15,0.8385412648334485,25.08154214696492,0.024436359305749944,3.8000000000000003,5.334627854208719
10700.0,10000.0,15.0,50.5,24.6,181.0,35.1,2371.0,45.400000000000006,14.15,85.30000000000001,1130.0,56.2,79.10000000000001,3977.915935713792,26.22000017754527,15.984535379459125,6.226801794615099,0.4446684857333771,1.0497566737925526,0.27,1.0,0.677869492007031,1.0,0.9885098200787855,0.677869492007031,69681.64162360138,288.15,0.8385412648334485,25.08154214696492,0.024438820107623667,4.0,5.33446482811091
10750.0,9990.0,14.700000000000001,50.0,25.200000000000003,179.0,34.9,2382.0,44.7,14.05,84.4,1128.0,56.6,80.30000000000001,3977.79438834247,26.22000017754527,15.984046963341598,6.226801794615099,0.4446684857333771,1.0497566737925526,0.35000000000000003,1.0,0.6779797654135314,1.0,0.9885098200787855,0.6779797654135314,69681.64162360138,288.15,0.8385412648334485,25.08154214696492,0.02444128047692925,3.7,5.334301830655019
10800.0,10010.0,14.700000000000001,50.0,25.1,180.0,35.1,2373.0,44.6,14.05,84.80000000000001,1130.0,56.2,79.2,3977.672862337159,26.22000017754527,15.983558633079518,6.226801794615099,0.4446684857333771,1.0497566737925526,0.35000000000000003,1.0,0.6780900175398052,1.0,0.9885098200787855,0.6780900175398052,69681.64162360138,288.15,0.8385412648334485,25.08154214696492,0.024443740413510873,3.9000000000000004,5.334138861851377
10850.0,10000.0,14.8,51.0,24.6,180.0,35.0,2372.0,45.1,14.100000000000001,84.4,1128.0,55.2,79.9,3977.551357705556,26.22000017754527,15.983070388703815,6.226801794615099,0.4446684857333771,1.0497566737925526,0.31,1.0,0.6782002483769742,1.0,0.9885098200787855,0.6782002483769742,69681.64162360138,288.15,0.8385412648334485,25.08154214696492,0.024446199917213075,3.8000000000000003,5.333975921710305
10900.0,10010.0,14.9,50.0,24.8,178.0,34.800000000000004,2380.0,44.400000000000006,13.950000000000001,84.4,1131.0,56.5,79.60000000000001,3977.4298744553384,26.22000017754527,15.982582230245342,6.226801794615099,0.4446684857333771,1.0497566737925526,0.36,1.0,0.6783104579161764,1.0,0.9885098200787855,0.6783104579161764,69681.64162360138,288.15,0.8385412648334485,25.08154214696492,0.024448658987880432,3.8000000000000003,5.333813010242098
10950.0,10010.0,14.600000000000001,50.5,24.8,179.0,35.0,2378.0,44.900000000000006,14.05,84.30000000000001,1128.0,56.400000000000006,79.9,3977.3084125941846,26.22000017754527,15.98209415773495,6.226801794615099,0.4446684857333771,1.0497566737925526,0.31,1.0,0.6784206461485507,1.0,0.9885098200787855,0.6784206461485507,69681.64162360138,288.15,0.8385412648334485,25.08154214696492,0.024451117625357875,4.0,5.333650127457053
11000.0,10010.0,15.600000000000001,50.5,25.400000000000002,182.0,35.1,2378.0,45.2,13.950000000000001,84.4,1126.0,56.400000000000006,79.80000000000001,3977.186972129754,26.22000017754527,15.98160617120342,6.226801794615099,0.4446684857333771,1.0497566737925526,0.33,1.0,0.6785308130652495,1.0,0.9885098200787855,0.6785308130652495,69681.64162360138,288.15,0.8385412648334485,25.08154214696492,0.024453575829490468,4.2,5.333487273365443
11050.0,10010.0,15.0,49.5,25.5,181.0,34.7,2375.0,45.0,14.05,85.2,1128.0,56.400000000000006,79.9,3977.0655530696986,26.22000017754527,15.981118270681499,6.226801794615099,0.4446684857333771,1.0497566737925526,0.3,1.0,0.6786409586574317,1.0,0.9885098200787855,0.6786409586574317,69681.64162360138,288.15,0.8385412648334485,25.08154214696492,0.024456033600123498,3.9000000000000004,5.333324447977527
11100.0,10000.0,15.0,49.0,24.8,180.0,34.9,2375.0,45.1,13.950000000000001,83.7,1126.0,56.5,80.80000000000001,3976.9441554216605,26.22000017754527,15.980630456199894,6.226801794615099,0.4446684857333771,1.0497566737925526,0.34,1.0,0.6787510829162646,1.0,0.9885098200787855,0.6787510829162646,69681.64162360138,288.15,0.8385412648334485,25.08154214696492,0.024458490937102482,3.6,5.333161651303556
11150.0,10000.0,15.100000000000001,50.0,25.200000000000003,179.0,35.0,2378.0,45.2,13.950000000000001,84.4,1120.0,56.0,79.60000000000001,3976.822779193271,26.22000017754527,15.980142727789271,6.226801794615099,0.4446684857333771,1.0497566737925526,0.29,1.0,0.678861185832925,1.0,0.9885098200787855,0.678861185832925,69681.64162360138,288.15,0.8385412648334485,25.08154214696492,0.024460947840273112,4.0,5.332998883353761
11200.0,10000.0,14.3,50.0,24.6,180.0,34.7,2377.0,44.900000000000006,14.0,84.7,1126.0,55.7,79.2,3976.7014243921494,26.22000017754527,15.979655085480246,6.226801794615099,0.4446684857333771,1.0497566737925526,0.3,1.0,0.6789712673985961,1.0,0.9885098200787855,0.6789712673985961,69681.64162360138,288.15,0.8385412648334485,25.08154214696492,0.024463404309481303,4.0,5.33283614413836
11250.0,9990.0,15.200000000000001,50.0,24.6,180.0,35.0,2378.0,45.6,13.950000000000001,84.60000000000001,1128.0,56.2,79.7,3976.5800910259095,26.22000017754527,15.979167529303416,6.226801794615099,0.4446684857333771,1.0497566737925526,0.27,1.0,0.679081327604471,1.0,0.9885098200787855,0.679081327604471,69681.64162360138,288.15,0.8385412648334485,25.08154214696492,0.024465860344573223,3.8000000000000003,5.332673433667566
11300.0,9990.0,14.5,49.5,24.6,180.0,35.1,2373.0,44.900000000000006,13.850000000000001,84.30000000000001,1128.0,56.5,79.5,3976.4587791021477,26.22000017754527,15.978680059289303,6.226801794615099,0.4446684857333771,1.0497566737925526,0.35000000000000003,1.0,0.6791913664417524,1.0,0.9885098200787855,0.6791913664417524,69681.64162360138,288.15,0.8385412648334485,25.08154214696492,0.024468315945395176,3.6,5.332510751951562
11350.0,9990.0,15.200000000000001,51.0,25.200000000000003,180.0,34.6,2368.0,45.0,14.0,83.9,1127.0,56.300000000000004,80.4,3976.337488628456,26.22000017754527,15.978192675468415,6.226801794615099,0.4446684857333771,1.0497566737925526,0.33,1.0,0.6793013839016491,1.0,0.9885098200787855,0.6793013839016491,69681.64162360138,288.15,0.8385412648334485,25.08154214696492,0.024470771111793722,4.3,5.332348099000533
11400.0,10000.0,15.0,50.5,24.6,182.0,35.1,2378.0,45.2,14.15,85.10000000000001,1123.0,56.7,79.7,3976.2162196124136,26.22000017754527,15.97770537787121,6.226801794615099,0.4446684857333771,1.0497566737925526,0.32,1.0,0.6794113799753791,1.0,0.9885098200787855,0.6794113799753791,69681.64162360138,288.15,0.8385412648334485,25.08154214696492,0.024473225843615616,3.7,5.332185474824639
11450.0,10010.0,14.8,50.0,24.900000000000002,182.0,35.4,2377.0,45.0,14.0,85.30000000000001,1126.0,56.1,80.4,3976.0949720615895,26.22000017754527,15.977218166528099,6.226801794615099,0.4446684857333771,1.0497566737925526,0.3,1.0,0.6795213546541693,1.0,0.9885098200787855,0.6795213546541693,69681.64162360138,288.15,0.8385412648334485,25.08154214696492,0.02447568014070785,4.0,5.332022879434033
11500.0,9980.0,15.200000000000001,51.0,25.3,181.0,34.800000000000004,2377.0,44.7,14.0,85.10000000000001,1127.0,55.800000000000004,79.2,3975.9737459835414,26.22000017754527,15.976731041469455,6.226801794615099,0.4446684857333771,1.0497566737925526,0.28,1.0,0.6796313079292556,1.0,0.9885098200787855,0.6796313079292556,69681.64162360138,288.15,0.8385412648334485,25.08154214696492,0.024478134002917613,4.1000000000000005,5.331860312838849
11550.0,10020.0,15.4,49.0,25.6,181.0,34.7,2375.0,45.300000000000004,14.05,83.80000000000001,1128.0,55.5,79.80000000000001,3975.8525413858174,26.22000017754527,15.976244002725604,6.226801794615099,0.4446684857333771,1.0497566737925526,0.36,1.0,0.6797412397918824,1.0,0.9885098200787855,0.6797412397918824,69681.64162360138,288.15,0.8385412648334485,25.08154214696492,0.02448058743009225,4.0,5.331697775049209
11600.0,9990.0,15.3,50.5,25.5,181.0,35.2,2379.0,45.1,14.0,84.4,1124.0,55.900000000000006,79.7,3975.731358275957,26.22000017754527,15.975757050326845,6.226801794615099,0.4446684857333771,1.0497566737925526,0.33,1.0,0.6798511502332993,1.0,0.9885098200787855,0.6798511502332993,69681.64162360138,288.15,0.8385412648334485,25.08154214696492,0.02448304042207938,4.3,5.331535266075225
11650.0,10000.0,15.3,50.5,24.900000000000002,180.0,35.0,2382.0,45.2,13.9,84.7,1131.0,56.2,80.10000000000001,3975.610196661487,26.22000017754527,15.975270184303422,6.226801794615099,0.4446684857333771,1.0497566737925526,0.34,1.0,0.6799610392447684,1.0,0.9885098200787855,0.6799610392447684,69681.64162360138,288.15,0.8385412648334485,25.08154214696492,0.024485492978726806,3.7,5.3313727859269875
11700.0,10010.0,14.600000000000001,49.5,25.400000000000002,180.0,34.9,2378.0,45.0,14.0,85.0,1125.0,56.300000000000004,79.7,3975.4890565499268,26.22000017754527,15.974783404685553,6.226801794615099,0.4446684857333771,1.0497566737925526,0.27,1.0,0.6800709068175577,1.0,0.9885098200787855,0.6800709068175577,69681.64162360138,288.15,0.8385412648334485,25.08154214696492,0.02448794509988258,3.7,5.331210334614583
11750.0,10020.0,15.100000000000001,49.5,24.400000000000002,180.0,35.300000000000004,2376.0,45.400000000000006,14.05,84.80000000000001,1124.0,56.6,79.7,3975.3679379487785,26.22000017754527,15.97429671150338,6.226801794615099,0.4446684857333771,1.0497566737925526,0.35000000000000003,1.0,0.6801807529429466,1.0,0.9885098200787855,0.6801807529429466,69681.64162360138,288.15,0.8385412648334485,25.08154214696492,0.024490396785394903,3.8000000000000003,5.331047912148072
11800.0,10000.0,15.100000000000001,50.0,25.200000000000003,180.0,34.9,2383.0,45.300000000000004,13.950000000000001,84.9,1125.0,55.900000000000006,80.4,3975.2468408655413,26.22000017754527,15.97381010478704,6.226801794615099,0.4446684857333771,1.0497566737925526,0.27,1.0,0.6802905776122201,1.0,0.9885098200787855,0.6802905776122201,69681.64162360138,288.15,0.8385412648334485,25.08154214696492,0.024492848035112175,4.2,5.330885518537509
11850.0,10000.0,14.9,50.0,25.200000000000003,179.0,35.1,2377.0,44.6,14.0,85.4,1131.0,56.6,79.30000000000001,3975.125765307704,26.22000017754527,15.973323584566625,6.226801794615099,0.4446684857333771,1.0497566737925526,0.34,1.0,0.68040038081667,1.0,0.9885098200787855,0.68040038081667,69681.64162360138,288.15,0.8385412648334485,25.08154214696492,0.024495298848883077,4.2,5.330723153792937
11900.0,10010.0,15.200000000000001,50.0,25.0,180.0,34.6,2378.0,45.1,14.05,83.7,1128.0,57.0,79.9,3975.00471128274,26.22000017754527,15.972837150872165,6.226801794615099,0.4446684857333771,1.0497566737925526,0.32,1.0,0.6805101625476012,1.0,0.9885098200787855,0.6805101625476012,69681.64162360138,288.15,0.8385412648334485,25.08154214696492,0.02449774922655646,4.1000000000000005,5.330560817924381
11950.0,10020.0,14.700000000000001,50.0,24.700000000000003,180.0,35.0,2382.0,45.5,14.05,84.30000000000001,1133.0,56.2,79.60000000000001,3974.883678798115,26.22000017754527,15.972350803733658,6.226801794615099,0.4446684857333771,1.0497566737925526,0.27,1.0,0.6806199227963244,1.0,0.9885098200787855,0.6806199227963244,69681.64162360138,288.15,0.8385412648334485,25.08154214696492,0.024500199167981365,4.3,5.330398510941849
12000.0,10010.0,15.700000000000001,49.5,25.6,180.0,35.2,2370.0,45.400000000000006,14.05,84.5,1128.0,56.0,79.60000000000001,3974.7626678612855,26.22000017754527,15.97186454318107,6.226801794615099,0.4446684857333771,1.0497566737925526,0.31,1.0,0.6807296615541585,1.0,0.9885098200787855,0.6807296615541585,69681.64162360138,288.15,0.8385412648334485,25.08154214696492,0.024502648673007086,3.5,5.330236232855341
12050.0,10010.0,15.4,49.5,25.1,180.0,35.1,2374.0,44.7,14.100000000000001,84.5,1132.0,56.300000000000004,79.4,3974.6416784796957,26.22000017754527,15.97137836924431,6.226801794615099,0.4446684857333771,1.0497566737925526,0.36,1.0,0.6808393788124322,1.0,0.9885098200787855,0.6808393788124322,69681.64162360138,288.15,0.8385412648334485,25.08154214696492,0.024505097741483045,4.1000000000000005,5.330073983674842
12100.0,10010.0,15.4,49.5,24.900000000000002,180.0,34.7,2375.0,45.400000000000006,14.0,83.7,1123.0,56.900000000000006,79.80000000000001,3974.520710660783,26.22000017754527,15.970892281953269,6.226801794615099,0.4446684857333771,1.0497566737925526,0.3,1.0,0.6809490745624796,1.0,0.9885098200787855,0.6809490745624796,69681.64162360138,288.15,0.8385412648334485,25.08154214696492,0.02450754637325897,3.9000000000000004,5.3299117634103235
12150.0,9980.0,15.4,50.0,25.5,180.0,35.300000000000004,2377.0,45.300000000000004,14.05,84.9,1128.0,56.300000000000004,80.80000000000001,3974.3997644119695,26.22000017754527,15.970406281337766,6.226801794615099,0.4446684857333771,1.0497566737925526,0.29,1.0,0.6810587487956468,1.0,0.9885098200787855,0.6810587487956468,69681.64162360138,288.15,0.8385412648334485,25.08154214696492,0.024509994568184725,4.0,5.32974957207174
12200.0,10000.0,15.100000000000001,50.0,25.1,180.0,34.7,2376.0,44.7,13.9,84.60000000000001,1128.0,56.5,80.10000000000001,3974.2788397406716,26.22000017754527,15.969920367427607,6.226801794615099,0.4446684857333771,1.0497566737925526,0.26,1.0,0.6811684015032855,1.0,0.9885098200787855,0.6811684015032855,69681.64162360138,288.15,0.8385412648334485,25.08154214696492,0.024512442326110447,3.6,5.329587409669036
12250.0,10020.0,14.700000000000001,50.5,24.700000000000003,180.0,34.9,2379.0,45.0,13.950000000000001,83.80000000000001,1128.0,55.900000000000006,80.0,3974.157936654291,26.22000017754527,15.96943454025253,6.226801794615099,0.4446684857333771,1.0497566737925526,0.4,1.0,0.6812780326767591,1.0,0.9885098200787855,0.6812780326767591,69681.64162360138,288.15,0.8385412648334485,25.08154214696492,0.024514889646886414,4.3,5.329425276212137
12300.0,10010.0,15.0,49.0,24.5,181.0,34.800000000000004,2374.0,45.0,13.950000000000001,83.7,1127.0,56.0,79.5,3974.037055160223,26.22000017754527,15.968948799842256,6.226801794615099,0.4446684857333771,1.0497566737925526,0.3,1.0,0.681387642307436,1.0,0.9885098200787855,0.681387642307436,69681.64162360138,288.15,0.8385412648334485,25.08154214696492,0.024517336530363174,4.1000000000000005,5.329263171710963
12350.0,10000.0,15.0,50.5,24.900000000000002,180.0,35.1,2379.0,45.0,14.0,84.0,1125.0,56.6,80.0,3973.9161952658496,26.22000017754527,15.968463146226446,6.226801794615099,0.4446684857333771,1.0497566737925526,0.33,1.0,0.6814972303866954,1.0,0.9885098200787855,0.6814972303866954,69681.64162360138,288.15,0.8385412648334485,25.08154214696492,0.024519782976391406,4.0,5.32910109617541
12400.0,10000.0,15.200000000000001,50.5,25.400000000000002,180.0,35.300000000000004,2377.0,45.2,14.0,84.60000000000001,1125.0,56.6,81.2,3973.7953569785464,26.22000017754527,15.967977579434736,6.226801794615099,0.4446684857333771,1.0497566737925526,0.31,1.0,0.6816067969059217,1.0,0.9885098200787855,0.6816067969059217,69681.64162360138,288.15,0.8385412648334485,25.08154214696492,0.02452222898482207,4.0,5.328939049615371
12450.0,9990.0,14.9,51.0,24.700000000000003,180.0,34.7,2373.0,44.5,14.05,86.10000000000001,1126.0,55.800000000000004,80.30000000000001,3973.674540305675,26.22000017754527,15.96749209949671,6.226801794615099,0.4446684857333771,1.0497566737925526,0.3,1.0,0.6817163418565119,1.0,0.9885098200787855,0.6817163418565119,69681.64162360138,288.15,0.8385412648334485,25.08154214696492,0.02452467455550634,4.3,5.328777032040716
12500.0,10000.0,14.8,50.0,25.3,180.0,34.9,2376.0,44.6,14.05,83.4,1126.0,56.6,80.0,3973.5537452545864,26.22000017754527,15.967006706441907,6.226801794615099,0.4446684857333771,1.0497566737925526,0.34,1.0,0.6818258652298697,1.0,0.9885098200787855,0.6818258652298697,69681.64162360138,288.15,0.8385412648334485,25.08154214696492,0.024527119688295507,4.0,5.328615043461306
12550.0,10010.0,15.3,50.0,25.400000000000002,181.0,34.9,2371.0,45.1,14.05,85.10000000000001,1125.0,56.1,80.0,3973.4329718326258,26.22000017754527,15.96652140029984,6.226801794615099,0.4446684857333771,1.0497566737925526,0.32,1.0,0.6819353670174051,1.0,0.9885098200787855,0.6819353670174051,69681.64162360138,288.15,0.8385412648334485,25.08154214696492,0.02452956438304115,3.5,5.328453083886989
12600.0,10000.0,14.4,49.5,25.5,181.0,34.800000000000004,2375.0,45.0,14.15,84.10000000000001,1126.0,56.900000000000006,79.60000000000001,3973.312220047124,26.22000017754527,15.966036181099968,6.226801794615099,0.4446684857333771,1.0497566737925526,0.34,1.0,0.6820448472105389,1.0,0.9885098200787855,0.6820448472105389,69681.64162360138,288.15,0.8385412648334485,25.08154214696492,0.02453200863959503,3.6,5.328291153327594
12650.0,10000.0,14.5,49.5,25.3,180.0,34.9,2373.0,44.900000000000006,14.0,85.0,1120.0,56.1,79.9,3973.191489905403,26.22000017754527,15.965551048871713,6.226801794615099,0.4446684857333771,1.0497566737925526,0.32,1.0,0.6821543058006995,1.0,0.9885098200787855,0.6821543058006995,69681.64162360138,288.15,0.8385412648334485,25.08154214696492,0.024534452457809115,4.1000000000000005,5.328129251792944
12700.0,10000.0,14.9,49.5,24.900000000000002,181.0,34.9,2376.0,45.1,14.100000000000001,84.2,1129.0,56.800000000000004,79.80000000000001,3973.0707814147754,26.22000017754527,15.965066003644457,6.226801794615099,0.4446684857333771,1.0497566737925526,0.31,1.0,0.6822637427793233,1.0,0.9885098200787855,0.6822637427793233,69681.64162360138,288.15,0.8385412648334485,25.08154214696492,0.02453689583753559,3.9000000000000004,5.327967379292843
12750.0,10000.0,15.3,50.0,25.1,179.0,34.800000000000004,2385.0,44.900000000000006,13.950000000000001,85.30000000000001,1128.0,56.6,79.7,3972.950094582542,26.22000017754527,15.964581045447542,6.226801794615099,0.4446684857333771,1.0497566737925526,0.31,1.0,0.6823731581378567,1.0,0.9885098200787855,0.6823731581378567,69681.64162360138,288.15,0.8385412648334485,25.08154214696492,0.024539338778626806,3.9000000000000004,5.327805535837081
12800.0,9980.0,15.0,50.0,25.700000000000003,180.0,34.5,2376.0,45.800000000000004,14.05,83.9,1128.0,56.1,79.10000000000001,3972.829429415994,26.22000017754527,15.964096174310262,6.226801794615099,0.4446684857333771,1.0497566737925526,0.31,1.0,0.6824825518677506,1.0,0.9885098200787855,0.6824825518677506,69681.64162360138,288.15,0.8385412648334485,25.08154214696492,0.024541781280935374,4.0,5.327643721435437
12850.0,9980.0,14.700000000000001,50.0,24.8,180.0,34.800000000000004,2379.0,44.6,14.100000000000001,83.4,1124.0,56.6,80.60000000000001,3972.7087859224143,26.22000017754527,15.963611390261882,6.226801794615099,0.4446684857333771,1.0497566737925526,0.33,1.0,0.682591923960469,1.0,0.9885098200787855,0.682591923960469,69681.64162360138,288.15,0.8385412648334485,25.08154214696492,0.0245442233443141,4.1000000000000005,5.327481936097676
12900.0,10000.0,14.700000000000001,50.0,24.5,179.0,35.1,2372.0,45.1,13.9,84.60000000000001,1126.0,56.900000000000006,79.9,3972.5881641090714,26.22000017754527,15.963126693331612,6.226801794615099,0.4446684857333771,1.0497566737925526,0.36,1.0,0.6827012744074809,1.0,0.9885098200787855,0.6827012744074809,69681.64162360138,288.15,0.8385412648334485,25.08154214696492,0.02454666496861597,3.8000000000000003,5.327320179833547
12950.0,10000.0,14.700000000000001,50.0,24.900000000000002,179.0,34.800000000000004,2371.0,44.300000000000004,13.950000000000001,84.80000000000001,1123.0,55.900000000000006,80.7,3972.467563983227,26.22000017754527,15.96264208354863,6.226801794615099,0.4446684857333771,1.0497566737925526,0.3,1.0,0.6828106032002655,1.0,0.9885098200787855,0.6828106032002655,69681.64162360138,288.15,0.8385412648334485,25.08154214696492,0.024549106153694187,4.1000000000000005,5.327158452652788
13000.0,10010.0,15.200000000000001,49.0,24.900000000000002,179.0,35.5,2370.0,44.7,13.950000000000001,83.5,1130.0,57.300000000000004,79.5,3972.346985552132,26.22000017754527,15.962157560942073,6.226801794615099,0.4446684857333771,1.0497566737925526,0.28,1.0,0.6829199103303085,1.0,0.9885098200787855,0.6829199103303085,69681.64162360138,288.15,0.8385412648334485,25.08154214696492,0.02455154689940221,3.4000000000000004,5.326996754565121
13050.0,10000.0,14.9,49.5,25.1,180.0,35.1,2375.0,44.7,14.05,84.4,1129.0,56.7,79.10000000000001,3972.2264288230253,26.22000017754527,15.961673125541028,6.226801794615099,0.4446684857333771,1.0497566737925526,0.28,1.0,0.6830291957891074,1.0,0.9885098200787855,0.6830291957891074,69681.64162360138,288.15,0.8385412648334485,25.08154214696492,0.024553987205593635,3.8000000000000003,5.326835085580254
13100.0,9990.0,15.200000000000001,50.0,25.400000000000002,180.0,35.0,2381.0,45.1,14.0,85.2,1127.0,56.300000000000004,79.4,3972.105893803138,26.22000017754527,15.961188777374552,6.226801794615099,0.4446684857333771,1.0497566737925526,0.34,1.0,0.6831384595681642,1.0,0.9885098200787855,0.6831384595681642,69681.64162360138,288.15,0.8385412648334485,25.08154214696492,0.024556427072122265,4.3,5.326673445707884
13150.0,10000.0,15.4,49.0,25.0,180.0,34.9,2386.0,45.0,13.950000000000001,84.4,1122.0,56.2,80.30000000000001,3971.9853804996906,26.22000017754527,15.960704516471663,6.226801794615099,0.4446684857333771,1.0497566737925526,0.3,1.0,0.6832477016589897,1.0,0.9885098200787855,0.6832477016589897,69681.64162360138,288.15,0.8385412648334485,25.08154214696492,0.024558866498842192,3.8000000000000003,5.326511834957695
13200.0,10020.0,15.4,50.5,24.8,180.0,34.800000000000004,2372.0,44.7,13.950000000000001,83.7,1123.0,56.5,79.9,3971.8648889198907,26.22000017754527,15.96022034286132,6.226801794615099,0.4446684857333771,1.0497566737925526,0.37,1.0,0.6833569220531068,1.0,0.9885098200787855,0.6833569220531068,69681.64162360138,288.15,0.8385412648334485,25.08154214696492,0.024561305485607622,3.8000000000000003,5.326350253339352
13250.0,10000.0,15.100000000000001,50.0,25.3,181.0,35.1,2375.0,44.900000000000006,13.9,83.80000000000001,1125.0,56.1,80.0,3971.7444190709384,26.22000017754527,15.959736256572455,6.226801794615099,0.4446684857333771,1.0497566737925526,0.36,1.0,0.683466120742042,1.0,0.9885098200787855,0.683466120742042,69681.64162360138,288.15,0.8385412648334485,25.08154214696492,0.024563744032273033,3.7,5.32618870086251
13300.0,10000.0,14.700000000000001,50.0,24.700000000000003,180.0,34.9,2380.0,44.900000000000006,13.950000000000001,83.60000000000001,1128.0,56.800000000000004,79.9,3971.623970960023,26.22000017754527,15.959252257633958,6.226801794615099,0.4446684857333771,1.0497566737925526,0.39,1.0,0.6835752977173339,1.0,0.9885098200787855,0.6835752977173339,69681.64162360138,288.15,0.8385412648334485,25.08154214696492,0.024566182138693052,4.3,5.326027177536811
13350.0,10000.0,14.9,50.0,24.700000000000003,181.0,35.1,2377.0,45.2,14.100000000000001,84.4,1127.0,57.0,80.2,3971.5035445943245,26.22000017754527,15.95876834607468,6.226801794615099,0.4446684857333771,1.0497566737925526,0.31,1.0,0.6836844529705265,1.0,0.9885098200787855,0.6836844529705265,69681.64162360138,288.15,0.8385412648334485,25.08154214696492,0.024568619804722556,4.0,5.325865683371881
13400.0,10000.0,15.100000000000001,49.5,24.400000000000002,179.0,34.800000000000004,2374.0,45.2,14.0,84.4,1124.0,56.300000000000004,80.0,3971.3831399810106,26.22000017754527,15.958284521923423,6.226801794615099,0.4446684857333771,1.0497566737925526,0.34,1.0,0.6837935864931735,1.0,0.9885098200787855,0.6837935864931735,69681.64162360138,288.15,0.8385412648334485,25.08154214696492,0.024571057030216614,3.8000000000000003,5.325704218377336
13450.0,10000.0,15.700000000000001,50.0,24.700000000000003,180.0,35.0,2376.0,45.0,13.9,83.7,1127.0,56.400000000000006,79.5,3971.2627571272405,26.22000017754527,15.957800785208956,6.226801794615099,0.4446684857333771,1.0497566737925526,0.32,1.0,0.6839026982768374,1.0,0.9885098200787855,0.6839026982768374,69681.64162360138,288.15,0.8385412648334485,25.08154214696492,0.024573493815030482,4.0,5.325542782562772
13500.0,10010.0,15.0,50.0,24.8,180.0,35.1,2380.0,45.2,14.05,84.2,1127.0,56.900000000000006,79.4,3971.142396040163,26.22000017754527,15.957317135960004,6.226801794615099,0.4446684857333771,1.0497566737925526,0.3,1.0,0.6840117883130873,1.0,0.9885098200787855,0.6840117883130873,69681.64162360138,288.15,0.8385412648334485,25.08154214696492,0.02457593015901964,4.0,5.32538137593778
13550.0,10000.0,14.8,50.0,25.0,178.0,35.0,2376.0,45.0,14.100000000000001,83.60000000000001,1125.0,55.6,79.5,3971.0220567269166,26.22000017754527,15.956833574205254,6.226801794615099,0.4446684857333771,1.0497566737925526,0.31,1.0,0.684120856593502,1.0,0.9885098200787855,0.684120856593502,69681.64162360138,288.15,0.8385412648334485,25.08154214696492,0.024578366062039784,3.8000000000000003,5.32521999851193
13600.0,10010.0,15.3,50.0,24.900000000000002,181.0,35.0,2373.0,44.5,13.950000000000001,84.7,1133.0,56.5,79.4,3970.9017391946295,26.22000017754527,15.956350099973346,6.226801794615099,0.4446684857333771,1.0497566737925526,0.29,1.0,0.6842299031096685,1.0,0.9885098200787855,0.6842299031096685,69681.64162360138,288.15,0.8385412648334485,25.08154214696492,0.024580801523946788,4.1000000000000005,5.325058650294783
13650.0,9980.0,15.200000000000001,50.5,25.200000000000003,180.0,35.1,2377.0,44.800000000000004,14.15,84.10000000000001,1129.0,55.7,80.4,3970.78144345042,26.22000017754527,15.955866713292885,6.226801794615099,0.4446684857333771,1.0497566737925526,0.37,1.0,0.6843389278531816,1.0,0.9885098200787855,0.6843389278531816,69681.64162360138,288.15,0.8385412648334485,25.08154214696492,0.02458323654459676,4.0,5.324897331295882
13700.0,10010.0,15.200000000000001,49.5,25.200000000000003,179.0,34.9,2381.0,45.300000000000004,13.950000000000001,83.80000000000001,1125.0,56.800000000000004,79.2,3970.6611695013953,26.22000017754527,15.955383414192431,6.226801794615099,0.4446684857333771,1.0497566737925526,0.33,1.0,0.6844479308156451,1.0,0.9885098200787855,0.6844479308156451,69681.64162360138,288.15,0.8385412648334485,25.08154214696492,0.02458567112384601,4.2,5.324736041524762
13750.0,10000.0,15.3,50.0,24.900000000000002,179.0,35.2,2373.0,45.1,14.0,83.60000000000001,1125.0,57.0,79.80000000000001,3970.540917354654,26.22000017754527,15.954900202700507,6.226801794615099,0.4446684857333771,1.0497566737925526,0.29,1.0,0.6845569119886712,1.0,0.9885098200787855,0.6845569119886712,69681.64162360138,288.15,0.8385412648334485,25.08154214696492,0.024588105261551012,4.0,5.324574780990939
13800.0,10000.0,16.0,50.0,24.8,181.0,34.6,2377.0,45.6,14.0,83.2,1126.0,57.0,79.9,3970.4206870172834,26.22000017754527,15.954417078845594,6.226801794615099,0.4446684857333771,1.0497566737925526,0.3,1.0,0.6846658713638782,1.0,0.9885098200787855,0.6846658713638782,69681.64162360138,288.15,0.8385412648334485,25.08154214696492,0.024590538957568506,3.8000000000000003,5.324413549703918
13850.0,9990.0,15.100000000000001,50.5,25.400000000000002,180.0,34.7,2371.0,45.2,13.9,84.10000000000001,1128.0,56.1,79.2,3970.3004784963605,26.22000017754527,15.953934042656128,6.226801794615099,0.4446684857333771,1.0497566737925526,0.32,1.0,0.684774808932896,1.0,0.9885098200787855,0.684774808932896,69681.64162360138,288.15,0.8385412648334485,25.08154214696492,0.02459297221175542,4.1000000000000005,5.32425234767319
13900.0,10010.0,15.200000000000001,50.0,24.700000000000003,179.0,34.9,2378.0,45.1,13.850000000000001,83.80000000000001,1130.0,56.6,79.0,3970.180291798953,26.22000017754527,15.953451094160508,6.226801794615099,0.4446684857333771,1.0497566737925526,0.39,1.0,0.6848837246873617,1.0,0.9885098200787855,0.6848837246873617,69681.64162360138,288.15,0.8385412648334485,25.08154214696492,0.02459540502396886,4.0,5.324091174908232
13950.0,10000.0,15.100000000000001,50.0,24.700000000000003,182.0,35.2,2380.0,45.2,13.950000000000001,85.0,1125.0,56.6,78.9,3970.060126932118,26.22000017754527,15.952968233387095,6.226801794615099,0.4446684857333771,1.0497566737925526,0.26,1.0,0.6849926186189194,1.0,0.9885098200787855,0.6849926186189194,69681.64162360138,288.15,0.8385412648334485,25.08154214696492,0.02459783739406615,4.0,5.323930031418509
14000.0,9990.0,14.4,50.5,25.8,181.0,34.9,2376.0,45.300000000000004,14.100000000000001,84.0,1127.0,56.6,80.0,3969.939983902902,26.22000017754527,15.952485460364203,6.226801794615099,0.4446684857333771,1.0497566737925526,0.32,1.0,0.6851014907192224,1.0,0.9885098200787855,0.6851014907192224,69681.64162360138,288.15,0.8385412648334485,25.08154214696492,0.024600269321904816,3.9000000000000004,5.32376891721347
14050.0,10020.0,15.4,50.0,25.700000000000003,180.0,35.300000000000004,2379.0,46.0,13.9,83.80000000000001,1128.0,56.7,80.7,3969.8198627183438,26.22000017754527,15.952002775120114,6.226801794615099,0.4446684857333771,1.0497566737925526,0.3,1.0,0.6852103409799318,1.0,0.9885098200787855,0.6852103409799318,69681.64162360138,288.15,0.8385412648334485,25.08154214696492,0.024602700807342573,4.2,5.323607832302554
14100.0,10010.0,15.200000000000001,49.5,25.6,181.0,35.1,2377.0,45.1,14.0,84.60000000000001,1127.0,56.300000000000004,79.2,3969.6997633854708,26.22000017754527,15.951520177683069,6.226801794615099,0.4446684857333771,1.0497566737925526,0.3,1.0,0.6853191693927164,1.0,0.9885098200787855,0.6853191693927164,69681.64162360138,288.15,0.8385412648334485,25.08154214696492,0.024605131850237397,4.0,5.323446776695184
14150.0,10000.0,15.100000000000001,50.5,24.700000000000003,181.0,34.9,2375.0,45.1,13.850000000000001,83.7,1129.0,55.900000000000006,80.30000000000001,3969.579685911297,26.22000017754527,15.95103766808125,6.226801794615099,0.4446684857333771,1.0497566737925526,0.37,1.0,0.6854279759492562,1.0,0.9885098200787855,0.6854279759492562,69681.64162360138,288.15,0.8385412648334485,25.08154214696492,0.0246075624504474,3.9000000000000004,5.323285750400768
14200.0,10000.0,15.3,50.0,25.3,179.0,34.9,2373.0,45.1,14.100000000000001,84.10000000000001,1124.0,56.2,79.9,3969.459630302833,26.22000017754527,15.95055524634283,6.226801794615099,0.4446684857333771,1.0497566737925526,0.38,1.0,0.6855367606412357,1.0,0.9885098200787855,0.6855367606412357,69681.64162360138,288.15,0.8385412648334485,25.08154214696492,0.02460999260783097,4.1000000000000005,5.323124753428706
14250.0,10000.0,15.200000000000001,50.0,24.8,179.0,35.300000000000004,2366.0,45.2,13.950000000000001,83.9,1131.0,56.300000000000004,79.4,3969.3395965670707,26.22000017754527,15.950072912495905,6.226801794615099,0.4446684857333771,1.0497566737925526,0.32,1.0,0.6856455234603507,1.0,0.9885098200787855,0.6856455234603507,69681.64162360138,288.15,0.8385412648334485,25.08154214696492,0.024612422322246637,4.1000000000000005,5.322963785788374
14300.0,9990.0,14.5,49.5,25.5,180.0,35.1,2375.0,44.800000000000004,14.100000000000001,84.10000000000001,1126.0,57.0,79.30000000000001,3969.2195847110006,26.22000017754527,15.949590666568563,6.226801794615099,0.4446684857333771,1.0497566737925526,0.3,1.0,0.6857542643983039,1.0,0.9885098200787855,0.6857542643983039,69681.64162360138,288.15,0.8385412648334485,25.08154214696492,0.02461485159355312,4.0,5.322802847489147
14350.0,10000.0,15.100000000000001,51.0,25.1,178.0,35.1,2377.0,45.0,14.0,84.2,1127.0,56.800000000000004,79.4,3969.0995947415986,26.22000017754527,15.949108508588836,6.226801794615099,0.4446684857333771,1.0497566737925526,0.29,1.0,0.6858629834468044,1.0,0.9885098200787855,0.6858629834468044,69681.64162360138,288.15,0.8385412648334485,25.08154214696492,0.024617280421609454,4.7,5.322641938540379
14400.0,9990.0,15.0,49.5,25.0,179.0,34.9,2381.0,45.1,14.05,83.10000000000001,1131.0,56.2,80.4,3968.979626665829,26.22000017754527,15.948626438584709,6.226801794615099,0.4446684857333771,1.0497566737925526,0.35000000000000003,1.0,0.6859716805975746,1.0,0.9885098200787855,0.6859716805975746,69681.64162360138,288.15,0.8385412648334485,25.08154214696492,0.024619708806274766,4.1000000000000005,5.322481058951411
14450.0,9990.0,15.100000000000001,50.0,25.0,180.0,34.6,2381.0,45.0,13.950000000000001,83.80000000000001,1128.0,56.300000000000004,78.60000000000001,3968.859680490649,26.22000017754527,15.94814445658414,6.226801794615099,0.4446684857333771,1.0497566737925526,0.33,1.0,0.6860803558423406,1.0,0.9885098200787855,0.6860803558423406,69681.64162360138,288.15,0.8385412648334485,25.08154214696492,0.024622136747408447,4.1000000000000005,5.322320208731571
14500.0,10000.0,14.700000000000001,50.0,24.400000000000002,179.0,34.800000000000004,2380.0,44.900000000000006,13.950000000000001,85.30000000000001,1128.0,56.7,79.5,3968.739756223005,26.22000017754527,15.947662562615037,6.226801794615099,0.4446684857333771,1.0497566737925526,0.3,1.0,0.6861890091728392,1.0,0.9885098200787855,0.6861890091728392,69681.64162360138,288.15,0.8385412648334485,25.08154214696492,0.02462456424487002,3.4000000000000004,5.322159387890174
14550.0,10010.0,15.100000000000001,50.0,24.900000000000002,181.0,34.7,2374.0,44.7,14.15,84.7,1121.0,56.1,79.60000000000001,3968.6198538698345,26.22000017754527,15.947180756705283,6.226801794615099,0.4446684857333771,1.0497566737925526,0.31,1.0,0.6862976405808123,1.0,0.9885098200787855,0.6862976405808123,69681.64162360138,288.15,0.8385412648334485,25.08154214696492,0.02462699129851932,3.6,5.321998596436527
14600.0,10020.0,15.100000000000001,50.0,24.700000000000003,181.0,34.9,2375.0,45.2,13.9,85.10000000000001,1127.0,57.1,79.10000000000001,3968.4999734380613,26.22000017754527,15.946699038882697,6.226801794615099,0.4446684857333771,1.0497566737925526,0.29,1.0,0.6864062500580147,1.0,0.9885098200787855,0.6864062500580147,69681.64162360138,288.15,0.8385412648334485,25.08154214696492,0.024629417908216267,3.7,5.3218378343799095
14650.0,10000.0,15.0,50.0,24.6,179.0,35.0,2375.0,44.800000000000004,14.100000000000001,84.10000000000001,1130.0,56.400000000000006,79.80000000000001,3968.3801149346045,26.22000017754527,15.946217409175082,6.226801794615099,0.4446684857333771,1.0497566737925526,0.32,1.0,0.6865148375962046,1.0,0.9885098200787855,0.6865148375962046,69681.64162360138,288.15,0.8385412648334485,25.08154214696492,0.0246318440738211,3.5,5.321677101729604
14700.0,10020.0,15.0,50.5,24.700000000000003,180.0,34.800000000000004,2381.0,45.1,14.05,84.9,1130.0,56.900000000000006,79.0,3968.260278366367,26.22000017754527,15.945735867610177,6.226801794615099,0.4446684857333771,1.0497566737925526,0.3,1.0,0.6866234031871526,1.0,0.9885098200787855,0.6866234031871526,69681.64162360138,288.15,0.8385412648334485,25.08154214696492,0.024634269795194168,3.7,5.3215163984948655
14750.0,10010.0,15.100000000000001,49.5,24.900000000000002,179.0,35.0,2370.0,45.2,14.05,85.30000000000001,1129.0,56.5,80.10000000000001,3968.1404637402466,26.22000017754527,15.945254414215698,6.226801794615099,0.4446684857333771,1.0497566737925526,0.28,1.0,0.6867319468226352,1.0,0.9885098200787855,0.6867319468226352,69681.64162360138,288.15,0.8385412648334485,25.08154214696492,0.024636695072196093,3.7,5.321355724684946
14800.0,10000.0,14.4,50.0,24.6,180.0,34.800000000000004,2378.0,45.0,14.100000000000001,84.10000000000001,1125.0,56.5,79.0,3968.020671063128,26.22000017754527,15.944773049019311,6.226801794615099,0.4446684857333771,1.0497566737925526,0.33,1.0,0.6868404684944385,1.0,0.9885098200787855,0.6868404684944385,69681.64162360138,288.15,0.8385412648334485,25.08154214696492,0.02463911990468768,4.1000000000000005,5.321195080309076
14850.0,10030.0,14.8,50.0,24.8,180.0,35.1,2376.0,45.300000000000004,13.950000000000001,84.7,1128.0,56.6,79.5,3967.900900341886,26.22000017754527,15.944291772048643,6.226801794615099,0.4446684857333771,1.0497566737925526,0.39,1.0,0.6869489681943561,1.0,0.9885098200787855,0.6869489681943561,69681.64162360138,288.15,0.8385412648334485,25.08154214696492,0.02464154429252988,3.8000000000000003,5.321034465376477
14900.0,10000.0,14.8,51.0,25.400000000000002,179.0,35.1,2377.0,44.800000000000004,14.05,84.30000000000001,1127.0,56.6,79.9,3967.781151583389,26.22000017754527,15.943810583331292,6.226801794615099,0.4446684857333771,1.0497566737925526,0.33,1.0,0.6870574459141884,1.0,0.9885098200787855,0.6870574459141884,69681.64162360138,288.15,0.8385412648334485,25.08154214696492,0.024643968235583923,4.0,5.320873879896356
14950.0,9990.0,15.5,49.5,25.200000000000003,180.0,35.4,2373.0,44.800000000000004,13.950000000000001,84.30000000000001,1123.0,56.5,78.60000000000001,3967.6614247944917,26.22000017754527,15.9433294828948,6.226801794615099,0.4446684857333771,1.0497566737925526,0.33,1.0,0.6871659016457464,1.0,0.9885098200787855,0.6871659016457464,69681.64162360138,288.15,0.8385412648334485,25.08154214696492,0.024646391733711227,3.8000000000000003,5.32071332387791
15000.0,9980.0,15.3,49.5,25.3,179.0,35.300000000000004,2379.0,44.7,13.950000000000001,84.4,1126.0,56.6,80.30000000000001,3967.541719982039,26.22000017754527,15.942848470766675,6.226801794615099,0.4446684857333771,1.0497566737925526,0.3,1.0,0.6872743353808494,1.0,0.9885098200787855,0.6872743353808494,69681.64162360138,288.15,0.8385412648334485,25.08154214696492,0.024648814786773394,4.0,5.320552797330315
15050.0,10010.0,15.200000000000001,50.0,24.900000000000002,179.0,35.0,2379.0,45.0,14.0,84.7,1124.0,56.6,79.7,3990.004848879455,26.314526159356724,16.033112489513382,6.24925009931364,0.4462715644866167,1.0497566737925526,0.3,1.0,0.687382747111323,1.0,0.9885098200787855,0.687382747111323,69681.64162360138,288.15,0.8385412648334485,25.086951519338005,0.024651212301732194,4.3,5.350676302444327
15100.0,10010.0,15.100000000000001,51.0,24.400000000000002,180.0,35.6,2377.0,45.1,13.950000000000001,84.5,1130.0,56.800000000000004,78.7,4014.854637128295,26.411429166540277,16.122481497104054,6.276342117452419,0.44820626019054133,1.0497566737925526,0.29,1.0,0.6882072518682713,1.0,0.9885098200787855,0.6882072518682713,69681.64162360138,288.15,0.8385412648334485,25.09700133442795,0.024653571939549854,4.2,5.3840003654817865
15150.0,10000.0,14.200000000000001,50.5,25.1,179.0,35.9,2382.0,44.800000000000004,14.05,85.10000000000001,1131.0,56.900000000000006,79.9,4041.8167452751895,26.51046892479287,16.211178726101036,6.3074846530454165,0.4504302115223489,1.0497566737925526,0.35000000000000003,1.0,0.6896452540702204,1.0,0.9885098200787855,0.6896452540702204,69681.64162360138,288.15,0.8385412648334485,25.111032485339052,0.024655883030813303,3.7,5.420157091748935
15200.0,10010.0,14.8,50.0,24.900000000000002,180.0,36.0,2378.0,45.1,14.05,84.30000000000001,1127.0,57.400000000000006,79.80000000000001,4070.653117432761,26.611436234262584,16.299392501689024,6.342168253805341,0.4529070374658106,1.0497566737925526,0.34,1.0,0.6916086062699017,1.0,0.9885098200787855,0.6916086062699017,69681.64162360138,288.15,0.8385412648334485,25.128479999293788,0.024658136330419016,4.3,5.458827243539682
15250.0,10000.0,14.700000000000001,49.0,24.8,181.0,36.2,2399.0,45.0,14.100000000000001,83.9,1128.0,57.2,80.4,4101.1575186582395,26.714149415393916,16.387282081503276,6.379955347149135,0.4556054900794752,1.0497566737925526,0.28,1.0,0.6940215861980419,1.0,0.9885098200787855,0.6940215861980419,69681.64162360138,288.15,0.8385412648334485,25.148859590218542,0.024660323809942486,4.0,5.499734255671073
15300.0,10010.0,15.5,50.0,24.900000000000002,181.0,36.7,2401.0,45.1,14.100000000000001,85.2,1129.0,57.2,79.60000000000001,4133.151534722128,26.81845102498112,16.47498243070333,6.420470076196136,0.4584987286647805,1.0497566737925526,0.35000000000000003,1.0,0.6968191475456619,1.0,0.9885098200787855,0.6968191475456619,69681.64162360138,288.15,0.8385412648334485,25.171756132382207,0.02466243848149861,4.1000000000000005,5.542638871093069
15350.0,10000.0,14.700000000000001,50.5,24.5,180.0,36.800000000000004,2417.0,44.900000000000006,13.950000000000001,83.7,1131.0,56.300000000000004,79.10000000000001,4166.481013534701,26.924204866890495,16.562608145853275,6.4633895881774714,0.4615636976537822,1.0497566737925526,0.41000000000000003,1.0,0.6999454108318246,1.0,0.9885098200787855,0.6999454108318246,69681.64162360138,288.15,0.8385412648334485,25.19681378065163,0.024664474248014177,4.3,5.587334368770304
15400.0,9990.0,15.0,50.0,25.3,181.0,37.1,2415.0,45.2,13.950000000000001,83.4,1122.0,56.900000000000006,79.2,4201.012918188715,27.031293301756516,16.650256694380015,6.508436564374247,0.46478059315696174,1.0497566737925526,0.3,1.0,0.7033523634023292,1.0,0.9885098200787855,0.7033523634023292,69681.64162360138,288.15,0.8385412648334485,25.223727502133194,0.02466642577572614,4.3,5.633642343549431
15450.0,9990.0,14.100000000000001,49.5,24.8,180.0,37.6,2423.0,45.300000000000004,14.0,84.0,1125.0,57.6,79.2,4236.632557039611,27.139614847071552,16.73801110057573,6.55537281194318,0.4681324053425581,1.0497566737925526,0.34,1.0,0.7069987407727609,1.0,0.9885098200787855,0.7069987407727609,69681.64162360138,288.15,0.8385412648334485,25.252235817573975,0.024668288385438265,4.2,5.68140899164126
15500.0,9990.0,15.3,50.0,24.8,180.0,37.5,2430.0,45.0,13.950000000000001,83.4,1123.0,57.7,79.9,4273.241154801033,27.249082051280094,16.825942181585614,6.603993764533041,0.4716045257144873,1.0497566737925526,0.32,1.0,0.7108490647383936,1.0,0.9885098200787855,0.7108490647383936,69681.64162360138,288.15,0.8385412648334485,25.282114579699922,0.02467005795965169,4.9,5.7305018534112815
15550.0,10010.0,15.4,50.5,25.700000000000003,179.0,37.2,2441.0,45.2,14.0,84.2,1130.0,58.2,80.0,4310.753729143124,27.359619621178588,16.914110415560405,6.654123761133173,0.47518440996538425,1.0497566737925526,0.31,1.0,0.7148728167150296,1.0,0.9885098200787855,0.7148728167150296,69681.64162360138,288.15,0.8385412648334485,25.313171640357332,0.02467173086316043,4.0,5.780806965855512
15600.0,10020.0,15.0,49.5,24.8,179.0,37.9,2447.0,44.5,14.0,83.60000000000001,1130.0,58.400000000000006,79.7,4349.097238971206,27.471162779983302,17.00256750764411,6.70561199173098,0.47886128844782094,1.0497566737925526,0.32,1.0,0.7190437275565592,1.0,0.9885098200787855,0.7190437275565592,69681.64162360138,288.15,0.8385412648334485,25.345242279485838,0.024673303875091236,4.3,5.832226379405167
15650.0,10000.0,15.200000000000001,50.0,25.400000000000002,180.0,38.400000000000006,2459.0,44.5,14.0,84.4,1128.0,58.6,79.4,4388.208972915067,27.583655833060636,17.091357706580517,6.758329014610627,0.48262591746757494,1.0497566737925526,0.32,1.0,0.7233391675859384,1.0,0.9885098200787855,0.7233391675859384,69681.64162360138,288.15,0.8385412648334485,25.37818528708997,0.024674774130688904,4.5,5.8846759968585625
15700.0,10010.0,14.8,50.5,24.6,180.0,38.800000000000004,2474.0,44.900000000000006,14.0,84.10000000000001,1120.0,58.400000000000006,79.60000000000001,4428.035149229805,27.69705091895072,17.1805189146051,6.812163763944263,0.48647036558967927,1.0497566737925526,0.34,1.0,0.7277396227777566,1.0,0.9885098200787855,0.7277396227777566,69681.64162360138,288.15,0.8385412648334485,25.41187960492399,0.024676139071413,4.5,5.938083695820153
15750.0,10010.0,14.9,49.5,25.1,180.0,38.7,2479.0,45.7,13.850000000000001,83.7,1127.0,58.7,80.10000000000001,4468.529701074449,27.811306924562228,17.270083625301783,6.867020978086782,0.4903878299877593,1.0497566737925526,0.38,1.0,0.7322282449593203,1.0,0.9885098200787855,0.7322282449593203,69681.64162360138,288.15,0.8385412648334485,25.44622144793098,0.02467739640213294,4.5,5.9923876997348575
15800.0,10000.0,15.0,50.0,25.0,180.0,39.1,2494.0,44.6,13.950000000000001,82.9,1129.0,59.300000000000004,79.9,4509.6532238520085,27.926388545001387,17.36007971776067,6.9228189890022245,0.49437247858251,1.0497566737925526,0.31,1.0,0.7367904655773527,1.0,0.9885098200787855,0.7367904655773527,69681.64162360138,288.15,0.8385412648334485,25.481121836900055,0.02467854405439235,5.0,6.047535166250021
15850.0,9990.0,15.100000000000001,50.5,24.6,180.0,39.300000000000004,2512.0,45.1,14.100000000000001,84.7,1128.0,59.1,80.10000000000001,4551.372063878654,28.042265470237027,17.450531130306203,6.979487821791835,0.4984193143251582,1.0497566737925526,0.31,1.0,0.7414136640351116,1.0,0.9885098200787855,0.7414136640351116,69681.64162360138,288.15,0.8385412648334485,25.516504483596393,0.024679580154868874,5.0,6.103480965102553
15900.0,10000.0,14.200000000000001,50.0,25.3,180.0,39.6,2508.0,44.6,14.0,84.0,1126.0,60.1,79.2,4593.657530051817,28.158911682573383,17.541458432994176,7.036967560584957,0.5025240585024324,1.0497566737925526,0.37,1.0,0.7460868828659079,1.0,0.9885098200787855,0.7460868828659079,69681.64162360138,288.15,0.8385412648334485,25.55230397801087,0.024680502998284632,4.6000000000000005,6.160186620950088
15950.0,9980.0,14.600000000000001,50.0,25.8,180.0,39.400000000000006,2509.0,45.2,14.0,84.60000000000001,1125.0,60.0,80.0,4636.485212384311,28.27630485062518,17.632879314786333,7.095206943283483,0.5066830503844281,1.0497566737925526,0.35000000000000003,1.0,0.7508005830979432,1.0,0.9885098200787855,0.7508005830979432,69681.64162360138,288.15,0.8385412648334485,25.588464234569535,0.02468131102413247,4.5,6.21761939951161
16000.0,10000.0,15.200000000000001,50.0,25.400000000000002,180.0,39.7,2540.0,44.800000000000004,13.950000000000001,83.9,1127.0,60.0,79.60000000000001,4679.834393257701,28.39442580711785,17.724808998639332,7.1541621529778014,0.5108931609171798,1.0497566737925526,0.37,1.0,0.7555464341042769,1.0,0.9885098200787855,0.7555464341042769,69681.64162360138,288.15,0.8385412648334485,25.624937160308754,0.024682002796676154,4.7,6.275751518046442
16050.0,9970.0,15.600000000000001,50.0,25.200000000000003,179.0,40.2,2540.0,45.400000000000006,13.950000000000001,84.4,1125.0,60.2,79.5,4723.6875390266105,28.513258099342046,17.817260595561052,7.213795778411333,0.515151718487336,1.0497566737925526,0.41000000000000003,1.0,0.7603171330405025,1.0,0.9885098200787855,0.7603171330405025,69681.64162360138,288.15,0.8385412648334485,25.661681513306725,0.024682576987760885,4.3,6.3345594635854665
16100.0,9980.0,14.4,49.5,24.700000000000003,179.0,40.400000000000006,2545.0,44.7,14.100000000000001,84.2,1127.0,60.300000000000004,78.80000000000001,4768.029861187346,28.632787602465044,17.910245406895775,7.274075919775414,0.5194564450651661,1.0497566737925526,0.34,1.0,0.7651062496687755,1.0,0.9885098200787855,0.7651062496687755,69681.64162360138,288.15,0.8385412648334485,25.69866192419202,0.024683032362037293,4.800000000000001,6.394023404449455
16150.0,10010.0,15.3,50.5,24.700000000000003,180.0,40.7,2563.0,45.6,13.9,83.80000000000001,1130.0,60.300000000000004,79.30000000000001,4812.848937722634,28.75300218713872,18.003773182621565,7.334975419462709,0.5238054012711092,1.0497566737925523,0.36,1.0,0.7699080929657466,0.9999999999999997,0.9885098200787855,0.7699080929657466,69681.64162360138,288.15,0.8385412648334485,25.735848057432527,0.024683367764259247,4.800000000000001,6.454126682464808
16200.0,9980.0,15.200000000000001,50.5,25.200000000000003,179.0,41.0,2570.0,44.900000000000006,14.15,84.0,1124.0,61.2,78.9,4858.13438646513,28.873891433947765,18.09785234221852,7.396471200276541,0.5281969391159668,1.0497566737925526,0.34,1.0,0.7747175964270518,1.0,0.9885098200787855,0.7747175964270518,69681.64162360138,288.15,0.8385412648334485,25.773213892436246,0.024683582108363907,4.6000000000000005,6.514855374937469
16250.0,9990.0,15.3,50.5,25.200000000000003,179.0,41.1,2586.0,44.800000000000004,14.0,84.2,1126.0,61.400000000000006,80.4,4903.877583401968,28.995446388220994,18.192490163648515,7.45854369605542,0.5326296613406495,1.0497566737925523,0.38,1.0,0.7795302194239926,0.9999999999999997,0.9885098200787855,0.7795302194239926,69681.64162360138,288.15,0.8385412648334485,25.810737107348082,0.024683674368084173,5.2,6.576197916893708
16300.0,10010.0,14.600000000000001,49.5,24.700000000000003,179.0,41.5,2598.0,45.400000000000006,14.0,83.7,1122.0,61.6,79.60000000000001,4950.071419786413,29.1176593495913,18.2876929451365,7.521176361784671,0.5371023864322617,1.0497566737925526,0.39,1.0,0.7843418623489976,1.0,0.9885098200787855,0.7843418623489976,69681.64162360138,288.15,0.8385412648334485,25.848398550871842,0.024683643568879088,5.5,6.638144775361976
16350.0,10010.0,15.200000000000001,49.5,24.8,180.0,41.6,2608.0,45.1,13.950000000000001,84.60000000000001,1127.0,61.2,79.60000000000001,4996.7100927459705,29.240523691446295,18.38346614373124,7.584355252081239,0.5416141185228488,1.0497566737925526,0.4,1.0,0.789148793614122,1.0,0.9885098200787855,0.789148793614122,69681.64162360138,288.15,0.8385412648334485,25.886181789542526,0.024683488780997496,5.2,6.700688168574201
16400.0,10000.0,15.3,50.0,24.5,179.0,42.2,2622.0,45.1,14.100000000000001,84.5,1129.0,61.7,80.5,5043.788924792916,29.364033706073155,18.479814494025035,7.648068658495738,0.5461640214884051,1.0497566737925526,0.41000000000000003,1.0,0.7939475868486751,1.0,0.9885098200787855,0.7939475868486751,69681.64162360138,288.15,0.8385412648334485,25.92407271967035,0.024683209113516933,4.9,6.763821823925797
16450.0,9990.0,15.100000000000001,49.0,25.3,179.0,42.300000000000004,2626.0,44.900000000000006,13.950000000000001,83.80000000000001,1132.0,62.800000000000004,79.80000000000001,5091.304208265796,29.488184471877187,18.576742109907457,7.7123067974143975,0.5507513966613219,1.0497566737925526,0.39,1.0,0.7987350668846244,1.0,0.9885098200787855,0.7987350668846244,69681.64162360138,288.15,0.8385412648334485,25.962059234717795,0.024682803709221837,5.300000000000001,6.827540769368598
16500.0,10010.0,14.8,50.0,24.3,181.0,42.900000000000006,2639.0,44.400000000000006,14.05,83.4,1125.0,62.800000000000004,79.7,5139.253071270923,29.612971739554318,18.674252571802892,7.777061541493881,0.5553756636516053,1.0497566737925526,0.38,1.0,0.8035082633271988,1.0,0.9885098200787855,0.8035082633271988,69681.64162360138,288.15,0.8385412648334485,26.000130940190772,0.02468227174020352,5.0,6.891841153635735
16550.0,10000.0,14.9,49.5,24.900000000000002,180.0,42.7,2644.0,45.300000000000004,13.8,83.60000000000001,1125.0,62.800000000000004,79.9,5187.6333621609265,29.738391834530884,18.772349001480286,7.842326188550514,0.56003634384279,1.0497566737925526,0.44,1.0,0.8082643706877962,1.0,0.9885098200787855,0.8082643706877962,69681.64162360138,288.15,0.8385412648334485,26.038278909256185,0.024681612404081794,5.0,6.956720091325046
16600.0,10010.0,15.100000000000001,49.0,25.8,179.0,43.1,2662.0,45.1,13.950000000000001,84.4,1123.0,63.0,79.30000000000001,5236.443549993122,29.864441573360537,18.871034126218973,7.9080952626755465,0.5647330461891785,1.0497566737925526,0.39,1.0,0.8130007142111543,0.9999999999999997,0.9885098200787855,0.8130007142111543,69681.64162360138,288.15,0.8385412648334485,26.076495473268015,0.024680824920761645,5.300000000000001,7.022175529411777
16650.0,10010.0,14.9,50.5,25.0,179.0,43.2,2670.0,44.800000000000004,14.05,84.0,1123.0,62.7,79.80000000000001,5285.682638760967,29.99111819209131,18.97031033385374,7.974364343078655,0.5694654549932097,1.0497566737925526,0.38,1.0,0.8177147206620384,1.0,0.9885098200787855,0.8177147206620384,69681.64162360138,288.15,0.8385412648334485,26.114774042214968,0.024679908529650074,5.4,7.088206132231233
16700.0,10010.0,14.600000000000001,49.5,25.700000000000003,180.0,43.400000000000006,2679.0,44.800000000000004,13.9,84.4,1125.0,63.900000000000006,79.4,5335.350093495294,30.118419284896696,19.070179720002344,8.0411299167905,0.5742333193866517,1.0497566737925526,0.38,1.0,0.8224038934514801,1.0,0.9885098200787855,0.8224038934514801,69681.64162360138,288.15,0.8385412648334485,26.15310895081531,0.02467886248726969,5.2,7.154811182379059
16750.0,9970.0,15.0,50.0,25.3,178.0,44.0,2697.0,45.400000000000006,14.0,84.5,1123.0,64.0,79.2,5385.445776593775,30.246342751504915,19.170644128589736,8.108389251895375,0.5790364442778894,1.0497566737925526,0.37,1.0,0.8270657915814433,0.9999999999999997,0.9885098200787855,0.8270657915814433,69681.64162360138,288.15,0.8385412648334485,26.191495326595064,0.02467768606521334,5.1000000000000005,7.221990495327785
16800.0,10000.0,14.8,50.0,24.3,178.0,44.300000000000004,2708.0,44.7,14.0,84.5,1128.0,64.0,80.2,5435.969892963429,30.374886752168685,19.271705186623265,8.176140288429956,0.5838746825607831,1.0497566737925526,0.4,1.0,0.831698011971657,0.9999999999999997,0.9885098200787855,0.831698011971657,69681.64162360138,288.15,0.8385412648334485,26.229928976809173,0.024676378548392754,5.4,7.289744345861817
16850.0,10000.0,14.9,50.0,25.0,180.0,44.0,2719.0,44.7,14.0,83.7,1128.0,63.5,80.10000000000001,5486.922942756252,30.504049669096577,19.373364334036467,8.244381544483938,0.5887479284091268,1.0497566737925523,0.4,1.0,0.83629817480517,0.9999999999999997,0.9885098200787855,0.83629817480517,69681.64162360138,288.15,0.8385412648334485,26.268406291513777,0.024674939233540086,5.800000000000001,7.3580734046949905
16900.0,9990.0,15.0,51.0,24.900000000000002,181.0,44.5,2728.0,45.0,14.05,83.5,1124.0,64.2,79.7,5538.305680646337,30.633830073419777,19.47562284930097,8.313112035382202,0.5936561115052827,1.0497566737925526,0.42,1.0,0.840863911591345,1.0,0.9885098200787855,0.840863911591345,69681.64162360138,288.15,0.8385412648334485,26.30692416048246,0.024673367427927338,5.7,7.426978683860352
16950.0,10020.0,14.700000000000001,49.5,24.400000000000002,182.0,44.800000000000004,2739.0,44.6,14.0,84.2,1126.0,65.10000000000001,80.80000000000001,5590.119080742403,30.764226696901044,19.57848187140722,8.382331204124158,0.5985991920727142,1.0497566737925526,0.4,1.0,0.8453928556977894,1.0,0.9885098200787855,0.8453928556977894,69681.64162360138,288.15,0.8385412648334485,26.345479901988767,0.02467166244827344,5.300000000000001,7.496461489657177
17000.0,9990.0,15.5,50.5,24.900000000000002,180.0,44.800000000000004,2752.0,44.900000000000006,14.0,84.2,1126.0,64.8,79.60000000000001,5642.364306354864,30.895238407705268,19.681942418728415,8.452038861510399,0.6035771566003095,1.0497566737925526,0.46,1.0,0.8498826351471355,1.0,0.9885098200787855,0.8498826351471355,69681.64162360138,288.15,0.8385412648334485,26.38407120175986,0.024669823619812657,6.1000000000000005,7.566523382108001
17050.0,10010.0,15.200000000000001,50.0,24.700000000000003,181.0,45.300000000000004,2754.0,44.900000000000006,14.0,83.60000000000001,1131.0,65.3,80.30000000000001,5695.042683944636,31.02686418964857,19.78600540520899,8.522235134605804,0.6085900141620282,1.0497566737925526,0.44,1.0,0.8543308675114092,1.0,0.9885098200787855,0.8543308675114092,69681.64162360138,288.15,0.8385412648334485,26.422696060648406,0.02466785027550239,5.7,7.637166140023436
17100.0,9990.0,15.0,50.0,24.5,180.0,45.400000000000006,2772.0,45.1,13.950000000000001,84.10000000000001,1126.0,64.4,79.4,5748.155680673971,31.159103124426032,19.89067165425611,8.592920422376647,0.6136377932488575,1.0497566737925526,0.47000000000000003,1.0,0.8587351567667713,1.0,0.9885098200787855,0.8587351567667713,69681.64162360138,288.15,0.8385412648334485,26.461352749777227,0.024665741755350534,5.300000000000001,7.708391730897409
17150.0,10000.0,15.5,49.5,25.0,179.0,46.1,2781.0,45.0,14.100000000000001,84.2,1125.0,65.4,79.9,5801.70488506003,31.29195437639036,19.99594191065924,8.66409535750151,0.6187205390416519,1.0497566737925526,0.43,1.0,0.8630930919950383,1.0,0.9885098200787855,0.8630930919950383,69681.64162360138,288.15,0.8385412648334485,26.5000397720893,0.024663497405845995,5.300000000000001,7.780202284963202
17200.0,10000.0,14.600000000000001,51.0,25.1,179.0,45.900000000000006,2785.0,44.7,14.05,85.2,1129.0,65.8,79.4,5855.691990300926,31.42541717951428,20.101816850816302,8.735760773495125,0.6238383110633808,1.0497566737925526,0.42,1.0,0.8674022478362221,1.0,0.9885098200787855,0.8674022478362221,69681.64162360138,288.15,0.8385412648334485,26.538755829388037,0.024661116579478354,6.4,7.852600072833348
17250.0,10000.0,15.600000000000001,50.5,24.3,179.0,46.1,2804.0,45.0,14.200000000000001,83.2,1127.0,66.2,79.60000000000001,5910.118779903634,31.559490826222792,20.20829709150563,8.807917676404443,0.6289911811578882,1.0497566737925526,0.45,1.0,0.8716601866086888,0.9999999999999997,0.9885098200787855,0.8716601866086888,69681.64162360138,288.15,0.8385412648334485,26.57749979408367,0.024658598634333558,5.6000000000000005,7.925587486226371
17300.0,10000.0,15.200000000000001,50.0,25.200000000000003,181.0,46.7,2815.0,44.6,13.950000000000001,83.7,1128.0,66.10000000000001,79.2,5964.987115294642,31.694174657826224,20.31538319740936,8.880567220439538,0.6341792317496451,1.0497566737925526,0.42,1.0,0.8758644620206475,1.0,0.9885098200787855,0.8758644620206475,69681.64162360138,288.15,0.8385412648334485,26.61627068497337,0.02465594293375598,5.6000000000000005,7.99916702135242
17350.0,10000.0,14.600000000000001,49.5,24.8,179.0,46.800000000000004,2829.0,44.800000000000004,13.950000000000001,84.2,1125.0,66.2,80.2,6020.298925138242,31.82946805632362,20.42307568756418,8.953710686990684,0.6394025543453178,1.0497566737925526,0.49,1.0,0.8800126243991557,0.9999999999999997,0.9885098200787855,0.8800126243991557,69681.64162360138,288.15,0.8385412648334485,26.65506764647902,0.024653148846067025,6.2,8.073341264588885
17400.0,10010.0,14.4,50.5,25.200000000000003,181.0,47.1,2837.0,44.900000000000006,14.05,83.7,1129.0,66.10000000000001,79.4,6076.056196125702,31.96537043737922,20.531375040891046,9.027349466559627,0.6446612482434427,1.0497566737925526,0.52,1.0,0.8841022273606352,1.0,0.9885098200787855,0.8841022273606352,69681.64162360138,288.15,0.8385412648334485,26.693889930848677,0.02465021574433253,5.9,8.148112880128489
17450.0,10000.0,14.700000000000001,50.0,24.700000000000003,180.0,47.400000000000006,2845.0,45.2,14.05,84.5,1127.0,68.0,80.2,6132.260965031265,32.10188124430312,20.640281700933773,9.101485043198739,0.6499554194231957,1.0497566737925526,0.48,1.0,0.8881308358406911,0.9999999999999997,0.9885098200787855,0.8881308358406911,69681.64162360138,288.15,0.8385412648334485,26.732736882898394,0.024647143006172444,5.9,8.223484599326229
17500.0,10000.0,15.4,51.0,25.6,181.0,47.2,2861.0,44.6,13.9,84.0,1128.0,67.4,79.9,6188.915311859255,32.238999942891496,20.749796079918,9.176118981108461,0.6552851795872874,1.0497566737925526,0.49,1.0,0.8920960353911396,1.0,0.9885098200787855,0.8920960353911396,69681.64162360138,288.15,0.8385412648334485,26.77160792693155,0.024643930013606846,5.9,8.299459211509499
17550.0,10000.0,14.600000000000001,49.0,25.3,179.0,47.900000000000006,2875.0,44.800000000000004,14.05,83.4,1122.0,67.3,79.4,6246.021353930939,32.37672601700256,20.85991856222652,9.251252913092166,0.660650645337503,1.0497566737925526,0.46,1.0,0.895995442638981,1.0,0.9885098200787855,0.895995442638981,69681.64162360138,288.15,0.8385412648334485,26.810502555524664,0.024640576152932935,6.7,8.376039556048468
17600.0,9980.0,15.100000000000001,49.5,25.400000000000002,180.0,48.1,2878.0,44.800000000000004,14.05,84.9,1128.0,67.10000000000001,79.80000000000001,6303.581240780789,32.515058964762346,20.970649507373228,9.326888530609502,0.6660519374643904,1.0497566737925526,0.55,1.0,0.8998267167863546,0.9999999999999997,0.9885098200787855,0.8998267167863546,69681.64162360138,288.15,0.8385412648334485,26.84942031991308,0.02463708081462913,6.300000000000001,8.453228515511853
17650.0,10020.0,14.8,50.0,25.200000000000003,180.0,48.1,2889.0,45.300000000000004,14.100000000000001,84.7,1131.0,67.7,79.5,6361.5971497498,32.65399829530939,21.0819892525462,9.4030275752054,0.6714891803351886,1.0497566737925526,0.52,1.0,0.9035875720128813,1.0,0.9885098200787855,0.9035875720128813,69681.64162360138,288.15,0.8385412648334485,26.888360821748044,0.024633443393282405,6.5,8.531029009757479
17700.0,9990.0,14.700000000000001,50.0,24.900000000000002,180.0,48.7,2907.0,45.400000000000006,13.850000000000001,84.0,1129.0,67.3,79.30000000000001,6420.071282179246,32.79354352600102,21.193938114781,9.479671831122982,0.6769625013663005,1.0497566737925526,0.46,1.0,0.9072757906229986,1.0,0.9885098200787855,0.9072757906229986,69681.64162360138,288.15,0.8385412648334485,26.927323706029277,0.024629663287535505,6.4,8.609443990828012
17750.0,10020.0,15.600000000000001,49.5,25.200000000000003,180.0,48.800000000000004,2917.0,45.1,14.100000000000001,84.5,1124.0,68.3,80.10000000000001,6479.005860121437,32.933694180014285,21.306496392815937,9.55682311893528,0.6824720305685216,1.0497566737925523,0.5,1.0,0.9108892367618566,0.9999999999999997,0.9885098200787855,0.9108892367618566,69681.64162360138,288.15,0.8385412648334485,26.966308655045154,0.02462573990005134,6.800000000000001,8.68847643854005
17800.0,10000.0,15.100000000000001,50.0,24.200000000000003,180.0,48.900000000000006,2921.0,45.400000000000006,14.05,83.80000000000001,1125.0,68.3,80.2,6538.403123495837,33.07444978428512,21.419664368674354,9.63448329005383,0.6880179001548868,1.0497566737925526,0.47000000000000003,1.0,0.9144258705049946,1.0,0.9885098200787855,0.9144258705049946,69681.64162360138,288.15,0.8385412648334485,27.005315383176594,0.024621672637492334,6.5,8.768129356670388
17850.0,10010.0,14.4,50.0,24.8,180.0,49.1,2938.0,45.6,14.0,84.0,1132.0,68.2,80.60000000000001,6598.2653276287065,33.21580986773678,21.533442309012393,9.712654221991835,0.6936002442024042,1.0497566737925526,0.5,1.0,0.9178837621103575,1.0,0.9885098200787855,0.9178837621103575,69681.64162360138,288.15,0.8385412648334485,27.044343632441347,0.024617460910512395,7.0,8.84840576965665
17900.0,10010.0,15.100000000000001,50.0,24.8,180.0,49.7,2948.0,44.900000000000006,14.0,84.4,1130.0,68.3,79.4,6658.594741122971,33.357773959755804,21.647830466265106,9.791337814276734,0.6992191983601623,1.0497566737925526,0.51,1.0,0.9212611062072353,0.9999999999999997,0.9885098200787855,0.9212611062072353,69681.64162360138,288.15,0.8385412648334485,27.083393168672863,0.02461310413376003,7.0,8.929308719740726
17950.0,10010.0,14.600000000000001,50.0,24.6,180.0,50.1,2954.0,44.5,13.950000000000001,84.0,1128.0,68.9,80.30000000000001,6719.393644012557,33.50034158888017,21.76282907961954,9.870535984921633,0.704874899597349,1.0497566737925526,0.45,1.0,0.9245562356864225,1.0,0.9885098200787855,0.9245562356864225,69681.64162360138,288.15,0.8385412648334485,27.12246377824323,0.024608601725890886,7.0,9.01084126449372
18000.0,10000.0,15.200000000000001,49.5,25.0,180.0,50.2,2964.0,45.0,13.950000000000001,84.10000000000001,1129.0,69.3,79.4,6780.664326161652,33.643512281668805,21.878438375839064,9.95025066737773,0.7105674859856171,1.0497566737925526,0.54,1.0,0.9277676350501602,1.0,0.9885098200787855,0.9277676350501602,69681.64162360138,288.15,0.8385412648334485,27.16155526525239,0.024603953109588506,7.1000000000000005,9.0930064746693
18050.0,9980.0,15.200000000000001,50.5,24.900000000000002,179.0,50.2,2976.0,44.900000000000006,14.0,84.2,1125.0,68.8,79.80000000000001,6802.895716712515,33.65497911137652,21.867644377623936,9.991205787016355,0.7134921737520538,1.0497566737925526,0.54,1.0,0.9308939529800274,1.0,0.9885098200787855,0.9308939529800274,69681.64162360138,288.15,0.8385412648334485,27.195062254117385,0.024599201486555557,7.4,9.122819214025817
18100.0,9980.0,15.100000000000001,49.5,25.400000000000002,179.0,49.900000000000006,2986.0,45.0,14.05,84.10000000000001,1127.0,68.7,80.10000000000001,6821.971558361779,33.6647367800611,21.858522020667216,10.026309390118826,0.7159989929106241,1.0497566737925526,0.51,1.0,0.9334813134080474,1.0,0.9885098200787855,0.9334813134080474,69681.64162360138,288.15,0.8385412648334485,27.22378253028738,0.02459436251122514,7.1000000000000005,9.148400299194313
18150.0,9990.0,14.5,50.0,25.5,180.0,50.0,2992.0,45.5,13.950000000000001,83.4,1128.0,68.60000000000001,80.4,6838.353780104269,33.67304830159147,21.85085002946198,10.056397464935174,0.7181476430698099,1.0497566737925526,0.53,1.0,0.9356249336412371,1.0,0.9885098200787855,0.9356249336412371,69681.64162360138,288.15,0.8385412648334485,27.24839990986166,0.02458944964638665,7.1000000000000005,9.170369186195428
18200.0,10010.0,15.0,49.5,24.900000000000002,179.0,50.1,3005.0,45.400000000000006,14.05,84.4,1126.0,69.2,80.0,6852.435349769879,33.68013411593466,21.844433937760822,10.082186613522586,0.7199892982290659,1.0497566737925526,0.51,1.0,0.9374018228811071,1.0,0.9885098200787855,0.9374018228811071,69681.64162360138,288.15,0.8385412648334485,27.269500520925334,0.02458447446306861,6.9,9.189252852748405
18250.0,9990.0,14.700000000000001,50.5,25.400000000000002,179.0,50.1,3005.0,45.0,14.100000000000001,84.30000000000001,1129.0,70.10000000000001,79.4,6864.5509002657645,33.68617949780294,21.839103543756433,10.104291075417812,0.721567822473631,1.0497566737925526,0.49,1.0,0.938874476601315,1.0,0.9885098200787855,0.938874476601315,69681.64162360138,288.15,0.8385412648334485,27.28758675897991,0.02457944690122252,6.7,9.205500048274397
18300.0,10000.0,14.3,50.0,24.8,181.0,50.1,3009.0,45.2,14.05,83.4,1126.0,68.7,79.2,6874.985638989957,33.691340554951495,21.8347103863087,10.123237335377443,0.7229208131427488,1.0497566737925526,0.5,1.0,0.9400938139221352,1.0,0.9885098200787855,0.9400938139221352,69681.64162360138,288.15,0.8385412648334485,27.303089248740974,0.02457437549581641,6.9,9.219493241598313
18350.0,9990.0,14.9,49.5,25.1,180.0,50.1,3015.0,44.5,13.950000000000001,83.60000000000001,1126.0,69.60000000000001,80.5,6883.982835684489,33.69574911098519,21.83112533029031,10.139476653230835,0.7240804956117581,1.0497566737925526,0.55,1.0,0.941101499624697,1.0,0.9885098200787855,0.941101499624697,69681.64162360138,288.15,0.8385412648334485,27.316377097107598,0.024569267572557944,6.6000000000000005,9.231558662309615
18400.0,10010.0,15.200000000000001,49.5,25.3,180.0,49.7,3020.0,45.1,14.0,83.80000000000001,1125.0,69.8,79.7,6891.750129597171,33.69951670063626,21.828236312352033,10.153395808529782,0.7250744905892156,1.0497566737925526,0.53,1.0,0.9419317752814351,1.0,0.9885098200787855,0.9419317752814351,69681.64162360138,288.15,0.8385412648334485,27.32776668142185,0.02456412941705795,7.0,9.241974758792399
18450.0,9990.0,14.700000000000001,49.0,25.200000000000003,179.0,50.0,3022.0,45.2,13.9,83.80000000000001,1131.0,70.2,80.30000000000001,6898.4648530407185,33.7027378547068,21.825946273310276,10.165326312631477,0.7259264719703356,1.0497566737925526,0.53,1.0,0.9426129033434719,1.0,0.9885098200787855,0.9426129033434719,69681.64162360138,288.15,0.8385412648334485,27.337529182262635,0.02455896642084495,6.6000000000000005,9.250979337224665
18500.0,10010.0,15.0,50.5,24.700000000000003,180.0,50.0,3024.0,45.1,13.950000000000001,83.0,1131.0,70.5,80.0,6904.278533150486,33.70549281318463,21.824171286563136,10.175552305811934,0.7266567307858011,1.0497566737925526,0.48,1.0,0.943168308101152,1.0,0.9885098200787855,0.943168308101152,69681.64162360138,288.15,0.8385412648334485,27.345897040126168,0.02455378320725761,6.7,9.258775598525464
18550.0,10010.0,15.4,49.5,25.0,180.0,50.2,3024.0,44.5,14.05,84.5,1127.0,69.8,79.5,6909.320705132768,33.707849775428514,21.822838881009304,10.184317326539748,0.7272826586092671,1.0497566737925526,0.5,1.0,0.9436174799929665,1.0,0.9885098200787855,0.9436174799929665,69681.64162360138,288.15,0.8385412648334485,27.35306948972348,0.024548583739885613,7.2,9.265537251997145
18600.0,10000.0,15.200000000000001,51.0,24.6,180.0,50.0,3025.0,45.2,14.0,83.2,1127.0,69.7,80.30000000000001,6913.702147193638,33.709866773544974,21.821886550120936,10.19183011366442,0.7278191619033424,1.0497566737925526,0.54,1.0,0.9439766952715061,1.0,0.9885098200787855,0.9439766952715061,69681.64162360138,288.15,0.8385412648334485,27.359217303664032,0.024543371415903924,7.0,9.271412853429613
18650.0,10000.0,14.9,49.5,25.1,180.0,50.300000000000004,3034.0,45.2,14.05,83.80000000000001,1124.0,69.60000000000001,79.9,6917.51762855298,33.711593237471845,21.821260434842422,10.198269579509573,0.7282790171582139,1.0497566737925526,0.53,1.0,0.944259591418,1.0,0.9885098200787855,0.944259591418,69681.64162360138,288.15,0.8385412648334485,27.364486858470222,0.024538149146350195,7.0,9.276529490242117
18700.0,10010.0,14.8,49.5,25.6,181.0,49.900000000000006,3030.0,45.0,14.0,84.10000000000001,1133.0,69.8,80.10000000000001,6920.8482466168025,33.71307130659987,21.820914165950747,10.203789072257782,0.7286731752771514,1.0497566737925526,0.47000000000000003,1.0,0.9444776295552887,1.0,0.9885098200787855,0.9444776295552887,69681.64162360138,288.15,0.8385412648334485,27.369003619732673,0.024532919425132724,6.800000000000001,9.280995915678066
18750.0,10010.0,15.100000000000001,48.0,25.3,182.0,49.6,3037.0,44.2,14.05,83.80000000000001,1121.0,69.9,80.4,6923.763416819334,33.71433693206837,21.82080785077707,10.208520029157253,0.7290110224593721,1.0497566737925526,0.54,1.0,0.9446404680064472,1.0,0.9885098200787855,0.9446404680064472,69681.64162360138,288.15,0.8385412648334485,27.3728751293862,0.02452768438832164,7.1000000000000005,9.284905217223065
18800.0,10000.0,14.4,50.5,25.700000000000003,181.0,49.6,3026.0,44.7,13.9,83.80000000000001,1128.0,69.2,80.2,6926.3225683145065,33.7154208054624,21.82090718929943,10.212575107602275,0.7293006037968152,1.0497566737925526,0.54,1.0,0.9447562656705363,1.0,0.9885098200787855,0.9447562656705363,69681.64162360138,288.15,0.8385412648334485,27.37619356623208,0.024522445865070703,6.800000000000001,9.28833709056112
18850.0,10000.0,14.4,50.0,25.0,180.0,50.1,3034.0,44.900000000000006,14.0,84.4,1127.0,69.8,79.7,6928.576590165433,33.71634914298992,21.821182705254806,10.216050868712497,0.7295488149139556,1.0497566737925526,0.51,1.0,0.9448319296836638,1.0,0.9885098200787855,0.9448319296836638,69681.64162360138,288.15,0.8385412648334485,27.379037940671402,0.024517205421335304,7.1000000000000005,9.29135977894365
18900.0,9990.0,15.100000000000001,50.0,24.900000000000002,180.0,49.900000000000006,3027.0,45.1,14.0,84.30000000000001,1126.0,70.4,79.60000000000001,6930.569065611063,33.71714434892845,21.821609078867077,10.219030077376486,0.7297615662185571,1.0497566737925526,0.5,1.0,0.9448733186127798,1.0,0.9885098200787855,0.9448733186127798,69681.64162360138,288.15,0.8385412648334485,27.38147597590511,0.024511964397394715,6.7,9.294031728365749
18950.0,9980.0,15.5,50.5,25.200000000000003,179.0,50.400000000000006,3033.0,44.900000000000006,14.100000000000001,84.2,1132.0,69.8,79.60000000000001,6932.337326109413,33.71782557789783,21.82216456889221,10.221583673583627,0.7299439236784632,1.0497566737925526,0.51,1.0,0.9448854099616876,1.0,0.9885098200787855,0.9448854099616876,69681.64162360138,288.15,0.8385412648334485,27.383565720391147,0.02450672394004841,6.5,9.296403001059245
19000.0,10000.0,15.3,50.5,25.0,179.0,50.0,3039.0,45.1,14.0,83.30000000000001,1129.0,68.60000000000001,80.0,6933.9133519511015,33.71840921210935,21.822830512845616,10.223772462031807,0.7301002294798916,1.0497566737925526,0.6,1.0,0.9448724388748021,1.0,0.9885098200787855,0.9448724388748021,69681.64162360138,288.15,0.8385412648334485,27.385356929950603,0.024501485030235862,6.6000000000000005,9.298516483233467
19050.0,10000.0,15.0,50.0,25.400000000000002,180.0,50.0,3038.0,45.0,14.25,83.9,1127.0,69.10000000000001,79.60000000000001,6935.324542131076,33.71890926698432,21.82359089543225,10.225648560280792,0.730234205442991,1.0497566737925526,0.56,1.0,0.9448380134669633,1.0,0.9885098200787855,0.9448380134669633,69681.64162360138,288.15,0.8385412648334485,27.386892252430144,0.024496248506726763,6.6000000000000005,9.300408917488616
19100.0,9970.0,15.0,50.5,25.0,180.0,49.6,3037.0,45.2,13.9,84.5,1129.0,70.10000000000001,80.2,6936.59437272008,33.71933773629055,21.824431976305412,10.227256639963667,0.7303490416592555,1.0497566737925526,0.55,1.0,0.9447852110825753,0.9999999999999997,0.9885098200787855,0.9447852110825753,69681.64162360138,288.15,0.8385412648334485,27.388208243126886,0.024491015086436585,7.1000000000000005,9.302111785705083
19150.0,10010.0,14.5,49.0,24.700000000000003,180.0,50.1,3037.0,45.300000000000004,14.100000000000001,83.30000000000001,1127.0,69.4,79.80000000000001,6937.742960078174,33.7197048861104,21.825341969315247,10.228634990634472,0.7304474724630313,1.0497566737925526,0.54,1.0,0.9447166589149348,1.0,0.9885098200787855,0.9447166589149348,69681.64162360138,288.15,0.8385412648334485,27.38933623515267,0.024485785381846363,6.1000000000000005,9.303652064324034
19200.0,10030.0,15.200000000000001,49.5,25.8,180.0,50.0,3034.0,45.5,14.0,83.9,1130.0,69.9,79.9,6938.787542806818,33.72001950544421,21.826310766355135,10.229816431601298,0.7305318415473592,1.0497566737925526,0.56,1.0,0.9446346017370733,1.0,0.9885098200787855,0.9446346017370733,69681.64162360138,288.15,0.8385412648334485,27.39030308546048,0.024480559915937755,7.6000000000000005,9.305052870654801
19250.0,10000.0,15.0,50.0,25.5,180.0,49.900000000000006,3030.0,44.6,13.950000000000001,83.80000000000001,1131.0,69.9,79.4,6939.742894269519,33.72028912000739,21.82732969977371,10.230829093470156,0.7306041577755991,1.0497566737925526,0.5,1.0,0.9445409589631913,1.0,0.9885098200787855,0.9445409589631913,69681.64162360138,288.15,0.8385412648334485,27.391131814295747,0.024475339134995933,7.300000000000001,9.306334016073311
19300.0,10010.0,15.0,50.0,25.400000000000002,179.0,50.1,3046.0,45.1,13.950000000000001,84.10000000000001,1126.0,69.2,80.30000000000001,6940.6216757613465,33.720520174746135,21.828391338090206,10.23169708801918,0.7306661430185007,1.0497566737925526,0.56,1.0,0.9444373728406359,1.0,0.9885098200787855,0.9444373728406359,69681.64162360138,288.15,0.8385412648334485,27.391842153297407,0.02447012341958456,6.9,9.307512479629482
19350.0,10000.0,14.700000000000001,50.0,24.8,179.0,50.400000000000006,3039.0,45.2,14.05,84.30000000000001,1126.0,69.8,79.80000000000001,6941.43473892366,33.720718189736566,21.829489310434894,10.232441082361202,0.7307192731563102,1.0497566737925526,0.54,1.0,0.9443252492404367,1.0,0.9885098200787855,0.9443252492404367,69681.64162360138,288.15,0.8385412648334485,27.392451015298832,0.024464913093952493,7.0,9.308602813591408
19400.0,10000.0,14.600000000000001,50.0,24.900000000000002,178.0,50.1,3041.0,45.800000000000004,14.0,83.5,1124.0,69.8,80.0,6942.191384740305,33.72088789341351,21.830618155741497,10.233078791071573,0.730764813222613,1.0497566737925526,0.5,1.0,0.94420579224989,1.0,0.9885098200787855,0.94420579224989,69681.64162360138,288.15,0.8385412648334485,27.39297289701433,0.024459708434096207,6.9,9.309617490764444
19450.0,9980.0,15.3,49.5,25.0,179.0,49.900000000000006,3036.0,45.0,14.05,84.7,1129.0,70.0,80.60000000000001,6942.899585380136,33.72103333647383,21.831773193250445,10.233625398003582,0.7308038475270223,1.0497566737925526,0.54,1.0,0.9440800335587147,1.0,0.9885098200787855,0.9440800335587147,69681.64162360138,288.15,0.8385412648334485,27.39342022419905,0.024454509674669236,6.9,9.310567201986471
19500.0,10010.0,15.3,50.5,24.400000000000002,179.0,49.900000000000006,3040.0,45.0,14.100000000000001,84.60000000000001,1130.0,70.10000000000001,79.4,6943.566174238429,33.72115798929223,21.832950411346605,10.234093917838099,0.730837305474171,1.0497566737925523,0.54,1.0,0.9439488574593867,0.9999999999999997,0.9885098200787855,0.9439488574593867,69681.64162360138,288.15,0.8385412648334485,27.39380364750024,0.024449317014903993,6.800000000000001,9.311461110977218
19550.0,9980.0,14.9,50.5,25.200000000000003,182.0,50.0,3047.0,45.1,14.0,83.0,1130.0,69.5,79.60000000000001,6944.19700875273,33.721264825262544,21.834146372161804,10.23449550597865,0.7308659836939438,1.0497566737925526,0.5700000000000001,1.0,0.9438130221437155,1.0,0.9885098200787855,0.9438130221437155,69681.64162360138,288.15,0.8385412648334485,27.394132296044113,0.024444130623685986,7.2,9.312307072677587
19600.0,10010.0,14.9,50.0,25.0,181.0,50.300000000000004,3039.0,45.6,14.05,83.7,1129.0,70.3,80.9,6944.79710990585,33.721356392116824,21.83535812972539,10.234839724172259,0.7308905650099972,1.0497566737925526,0.56,1.0,0.9436731778646985,1.0,0.9885098200787855,0.9436731778646985,69681.64162360138,288.15,0.8385412648334485,27.394413994796004,0.02443895064390239,7.0,9.313111820325943
19650.0,10000.0,15.200000000000001,51.0,25.200000000000003,180.0,50.0,3036.0,45.0,14.0,84.80000000000001,1126.0,69.7,79.5,6945.3707817631675,33.7214348729706,21.83658315975273,10.235134768181886,0.7309116346983078,1.0497566737925523,0.55,1.0,0.9435298824401415,0.9999999999999997,0.9885098200787855,0.9435298824401415,69681.64162360138,288.15,0.8385412648334485,27.394655450869053,0.02443377719616831,7.300000000000001,9.313881125760044
19700.0,10020.0,15.100000000000001,50.5,24.900000000000002,180.0,50.1,3038.0,45.0,14.05,83.60000000000001,1126.0,70.3,81.30000000000001,6945.921713908419,33.72150213858471,21.837819299427228,10.235387662932341,0.7309296944229376,1.0497566737925526,0.49,1.0,0.9433836144982332,1.0,0.9885098200787855,0.9433836144982332,69681.64162360138,288.15,0.8385412648334485,27.394862413217382,0.024428610382019524,6.6000000000000005,9.31461993678547
19750.0,9990.0,15.0,50.5,25.200000000000003,180.0,50.1,3035.0,44.900000000000006,14.0,82.9,1124.0,69.3,80.30000000000001,6946.453069229478,33.72155979211501,21.83906469576071,10.235604429776805,0.7309451741808718,1.0497566737925523,0.53,1.0,0.9432347848021525,0.9999999999999997,0.9885098200787855,0.9432347848021525,69681.64162360138,288.15,0.8385412648334485,27.39503980951595,0.024423450286648617,7.1000000000000005,9.315332494898115
19800.0,9980.0,14.600000000000001,50.5,23.900000000000002,181.0,49.6,3041.0,44.7,14.100000000000001,85.7,1121.0,69.9,79.10000000000001,6946.967559152925,33.72160920743539,21.8403177613159,10.235790229867085,0.7309584425403796,1.0497566737925526,0.54,1.0,0.9430837459383675,0.9999999999999997,0.9885098200787855,0.9430837459383675,69681.64162360138,288.15,0.8385412648334485,27.395191863486154,0.02441829698124894,6.9,9.316022436175256
19850.0,10000.0,14.700000000000001,50.5,24.400000000000002,181.0,49.900000000000006,3032.0,45.5,14.0,84.9,1130.0,69.4,79.9,6947.467508124617,33.72165156196128,21.84157713624535,10.23594948704166,0.7309698154166965,1.0497566737925526,0.53,1.0,0.942930800609487,1.0,0.9885098200787855,0.942930800609487,69681.64162360138,288.15,0.8385412648334485,27.39532219546061,0.024413150525023432,7.300000000000001,9.316692877745274
19900.0,10010.0,15.100000000000001,50.0,25.0,181.0,50.0,3036.0,44.800000000000004,13.950000000000001,83.0,1125.0,70.10000000000001,79.9,6947.954908875321,33.72168786476578,21.842841655748668,10.236085993157738,0.7309795635940003,1.0497566737925526,0.55,1.0,0.9427762087359636,1.0,0.9885098200787855,0.9427762087359636,69681.64162360138,288.15,0.8385412648334485,27.395433908581573,0.024408010966905678,6.300000000000001,9.317346491899984
19950.0,10010.0,15.0,50.0,25.1,180.0,49.6,3041.0,45.1,14.0,83.2,1123.0,69.7,80.80000000000001,6948.4314697897335,33.72171898066564,21.844110322176796,10.236202998375424,0.7309879191727848,1.0497566737925523,0.53,1.0,0.9426201935401245,0.9999999999999997,0.9885098200787855,0.9426201935401245,69681.64162360138,288.15,0.8385412648334485,27.395529662685256,0.024402878347034352,6.6000000000000005,9.317985569617429
20000.0,10000.0,15.0,50.5,25.200000000000003,178.0,50.1,3034.0,44.6,14.0,84.0,1123.0,69.9,80.4,6948.898655508348,33.721745650856775,21.84538228112164,10.236303288543883,0.7309950810961628,1.0497566737925526,0.53,1.0,0.9424629467601354,1.0,0.9885098200787855,0.9424629467601354,69681.64162360138,288.15,0.8385412648334485,27.39561173763127,0.024397752698016778,6.7,9.318612075009806
20050.0,9990.0,15.3,49.0,25.400000000000002,180.0,50.0,3031.0,45.0,14.05,83.0,1128.0,69.60000000000001,79.7,6949.357721729546,33.721768510594366,21.846656800922414,10.236389251532103,0.7310012198866788,1.0497566737925526,0.55,1.0,0.9423046331196262,0.9999999999999997,0.9885098200787855,0.9423046331196262,69681.64162360138,288.15,0.8385412648334485,27.395682087584998,0.024392634046011424,6.4,9.319227691993756
20100.0,10000.0,15.5,50.5,25.200000000000003,180.0,49.900000000000006,3036.0,45.2,13.950000000000001,84.30000000000001,1132.0,69.60000000000001,79.30000000000001,6949.809745041053,33.72178810434198,21.847933255101648,10.236462934083642,0.7310064817064216,1.0497566737925526,0.49,1.0,0.942145394160181,1.0,0.9885098200787855,0.942145394160181,69681.64162360138,288.15,0.8385412648334485,27.395742387545333,0.024387522411655396,7.1000000000000005,9.319833864294953
20150.0,10000.0,15.3,49.5,25.3,180.0,49.900000000000006,3036.0,44.6,14.15,83.7,1129.0,69.4,79.5,6950.255648491088,33.721804898752715,21.84921110731262,10.236526090549196,0.731010991837116,1.0497566737925526,0.52,1.0,0.9419853515282154,1.0,0.9885098200787855,0.9419853515282154,69681.64162360138,288.15,0.8385412648334485,27.395794073225623,0.024382417810859012,7.2,9.32043182973952
20200.0,9990.0,14.700000000000001,50.0,25.200000000000003,181.0,50.1,3040.0,45.2,13.9,83.2,1124.0,69.10000000000001,80.4,6950.696223507899,33.72181929379287,21.850489898439445,10.23658022465724,0.731014857663048,1.0497566737925526,0.54,1.0,0.9418246097944185,1.0,0.9885098200787855,0.9418246097944185,69681.64162360138,288.15,0.8385412648334485,27.3958383752373,0.024377320255486754,7.0,9.321022649648564
20250.0,9970.0,15.600000000000001,49.5,25.8,179.0,49.800000000000004,3029.0,45.1,13.950000000000001,83.2,1123.0,69.8,80.4,6951.132148689399,33.72183163227453,21.85176923554246,10.236626625317399,0.7310181712278554,1.0497566737925526,0.58,1.0,0.9416632588726159,1.0,0.9885098200787855,0.9416632588726159,69681.64162360138,288.15,0.8385412648334485,27.395876348390164,0.024372229753940464,6.800000000000001,9.32160723403546
20300.0,10000.0,14.600000000000001,50.0,24.8,180.0,50.2,3042.0,44.7,14.05,83.80000000000001,1126.0,69.3,79.80000000000001,6951.564005909968,33.72184220802472,21.853048782385084,10.236666397308966,0.7310210114260579,1.0497566737925523,0.58,1.0,0.9415013760952246,0.9999999999999997,0.9885098200787855,0.9415013760952246,69681.64162360138,288.15,0.8385412648334485,27.395908896806908,0.02436714631165922,7.0,9.322186363205386
20350.0,10000.0,14.9,51.0,25.5,179.0,49.900000000000006,3037.0,45.0,13.950000000000001,84.10000000000001,1131.0,69.10000000000001,79.5,6951.992294127604,33.72185127288641,21.854328251316126,10.236700487585354,0.7310234458815104,1.0497566737925526,0.51,1.0,0.9413390279942633,1.0,0.9885098200787855,0.9413390279942633,69681.64162360138,288.15,0.8385412648334485,27.395936795449828,0.02436206993154747,6.800000000000001,9.322760706271
20400.0,10020.0,15.3,50.5,24.900000000000002,180.0,49.7,3041.0,45.1,14.100000000000001,83.7,1127.0,69.60000000000001,80.5,6952.417441219863,33.721859042718606,21.855607396313797,10.236729707820714,0.7310255325575021,1.0497566737925526,0.48,1.0,0.9411762718298247,1.0,0.9885098200787855,0.9411762718298247,69681.64162360138,288.15,0.8385412648334485,27.395960708572332,0.02435700061434188,7.1000000000000005,9.323330837024661
20450.0,10000.0,14.700000000000001,49.0,24.900000000000002,181.0,50.300000000000004,3039.0,45.6,14.0,84.4,1126.0,69.4,79.7,6952.83981413005,33.721865702538594,21.85688600702515,10.236754753735609,0.7310273211368431,1.0497566737925526,0.47000000000000003,1.0,0.9410131569019251,1.0,0.9885098200787855,0.9410131569019251,69681.64162360138,288.15,0.8385412648334485,27.39598120553448,0.024351938358925573,7.300000000000001,9.32389724754468
20500.0,9990.0,14.8,49.5,24.900000000000002,181.0,50.400000000000006,3031.0,44.900000000000006,13.950000000000001,84.4,1128.0,69.3,80.10000000000001,6953.25972756495,33.721871410929126,21.858163903658667,10.236776221661826,0.7310288542047899,1.0497566737925526,0.51,1.0,0.9408497256765059,1.0,0.9885098200787855,0.9408497256765059,69681.64162360138,288.15,0.8385412648334485,27.395998774359178,0.024346883162597536,7.4,9.324460359859149
20550.0,10010.0,15.200000000000001,48.5,25.0,182.0,50.300000000000004,3030.0,44.900000000000006,13.9,84.80000000000001,1128.0,69.2,80.10000000000001,6953.677451450922,33.72187630381578,21.859440932607914,10.236794622740831,0.7310301682629866,1.0497566737925526,0.45,1.0,0.9406860147519756,1.0,0.9885098200787855,0.9406860147519756,69681.64162360138,288.15,0.8385412648334485,27.396013833351773,0.02434183502130322,6.7,9.325020535944716
20600.0,10000.0,15.3,49.0,24.8,181.0,49.7,3039.0,45.0,14.100000000000001,83.7,1126.0,69.8,79.4,6954.09321732562,33.721880497704284,21.860716962701567,10.236810395093817,0.7310312945985519,1.0497566737925526,0.52,1.0,0.9405220556889039,1.0,0.9885098200787855,0.9405220556889039,69681.64162360138,288.15,0.8385412648334485,27.396026741059714,0.024336793929832137,6.800000000000001,9.325578086298004
20650.0,10000.0,15.3,50.5,24.700000000000003,180.0,50.300000000000004,3034.0,45.0,14.0,83.80000000000001,1123.0,70.0,79.7,6954.507223817314,33.721884092455305,21.861991881990384,10.23682391425319,0.7310322600290127,1.0497566737925526,0.56,1.0,0.9403578757222745,1.0,0.9885098200787855,0.9403578757222745,69681.64162360138,288.15,0.8385412648334485,27.396037804809378,0.02433175988198724,6.800000000000001,9.326133277283496
20700.0,9990.0,15.4,50.5,25.1,181.0,49.900000000000006,3038.0,44.800000000000004,14.05,83.4,1131.0,69.4,80.10000000000001,6954.919641342054,33.721887173662715,21.863265594994054,10.236835502103833,0.7310330875408187,1.0497566737925526,0.55,1.0,0.940193498372944,1.0,0.9885098200787855,0.940193498372944,69681.64162360138,288.15,0.8385412648334485,27.396047288023375,0.024326732870730044,7.0,9.326686337432523
20750.0,10000.0,15.0,50.5,24.700000000000003,180.0,50.0,3041.0,45.0,14.15,83.7,1126.0,69.4,79.5,6955.330616130341,33.721889814691956,21.86453802034225,10.236845434547067,0.7310337968366399,1.0497566737925526,0.5,1.0,0.9400289439725827,1.0,0.9885098200787855,0.9400289439725827,69681.64162360138,288.15,0.8385412648334485,27.396055416492516,0.024321712888304772,6.800000000000001,9.32723746284311
20800.0,10010.0,15.0,50.0,25.5,181.0,50.300000000000004,3034.0,44.900000000000006,14.15,83.9,1126.0,69.7,80.60000000000001,6955.740273679007,33.72189207842712,21.865809088753345,10.236853948069708,0.7310344048044773,1.0497566737925526,0.51,1.0,0.9398642301143413,1.0,0.9885098200787855,0.9398642301143413,69681.64162360138,288.15,0.8385412648334485,27.396062383751776,0.024316699926344915,7.0,9.327786821809022
20850.0,10010.0,14.700000000000001,50.0,24.6,179.0,49.900000000000006,3040.0,44.900000000000006,13.950000000000001,83.80000000000001,1124.0,69.60000000000001,80.7,6956.148721710408,33.72189401876848,21.86707874130263,10.236861245374733,0.7310349259197597,1.0497566737925526,0.52,1.0,0.9396993720397706,0.9999999999999997,0.9885098200787855,0.9396993720397706,69681.64162360138,288.15,0.8385412648334485,27.39606835568829,0.02431169397596439,6.9,9.328334558788091
20900.0,10000.0,14.4,50.5,26.200000000000003,180.0,50.0,3041.0,45.5,14.05,82.5,1128.0,70.4,80.4,6956.556052709169,33.72189568191596,21.86834692793836,10.236867500207543,0.7310353725899967,1.0497566737925526,0.49,1.0,0.9395343829710081,1.0,0.9885098200787855,0.9395343829710081,69681.64162360138,288.15,0.8385412648334485,27.39607347449101,0.024306695027835702,7.0,9.32888079780405
20950.0,9980.0,15.4,49.5,25.0,179.0,49.900000000000006,3044.0,45.0,13.950000000000001,83.10000000000001,1122.0,69.0,80.2,6956.962346096901,33.72189710746929,21.869613606210393,10.236872861492753,0.7310357554501961,1.0497566737925526,0.56,1.0,0.9393692743959798,1.0,0.9885098200787855,0.9393692743959798,69681.64162360138,288.15,0.8385412648334485,27.396077862036208,0.02430170307225686,6.800000000000001,9.329425645362866
21000.0,10020.0,14.8,50.0,24.6,181.0,50.400000000000006,3031.0,44.900000000000006,14.100000000000001,82.9,1128.0,69.9,80.2,6957.367670096427,33.721898329370916,21.870878740180725,10.23687745688004,0.7310360836160785,1.0497566737925526,0.54,1.0,0.9392040563132634,1.0,0.9885098200787855,0.9392040563132634,69681.64162360138,288.15,0.8385412648334485,27.396081622789225,0.024296718099208664,7.4,9.329969192952712
21050.0,10020.0,15.0,49.5,24.6,181.0,49.7,3037.0,45.0,13.950000000000001,84.0,1133.0,69.4,79.9,6957.7720833300045,33.721899376714276,21.872142299490196,10.2368813957834,0.7310363649011187,1.0497566737925526,0.56,1.0,0.9390387374423194,0.9999999999999997,0.9885098200787855,0.9390387374423194,69681.64162360138,288.15,0.8385412648334485,27.39608484629182,0.024291740098403958,7.0,9.330511519187203
21100.0,10020.0,15.100000000000001,50.0,24.3,179.0,49.6,3039.0,44.6,14.100000000000001,83.80000000000001,1126.0,69.10000000000001,80.5,6958.175636189328,33.72190027443649,21.87340425855864,10.236884771986261,0.7310366060025802,1.0497566737925526,0.5,1.0,0.9388733254039943,1.0,0.9885098200787855,0.9388733254039943,69681.64162360138,288.15,0.8385412648334485,27.39608760929404,0.02428676905932952,6.7,9.331052691642613
21150.0,10010.0,15.100000000000001,50.0,25.3,180.0,50.1,3034.0,45.6,13.950000000000001,84.7,1126.0,69.7,80.5,6958.578372010063,33.7219010439122,21.874664595899738,10.23688766587441,0.7310368126609746,1.0497566737925526,0.56,1.0,0.9387078268754866,1.0,0.9885098200787855,0.9387078268754866,69681.64162360138,288.15,0.8385412648334485,27.396089977581653,0.024281804971282225,6.7,9.331592768432936
21200.0,10010.0,15.600000000000001,50.0,25.0,180.0,49.900000000000006,3045.0,44.7,13.950000000000001,84.80000000000001,1128.0,70.2,80.0,6958.98032807868,33.72190170346246,21.87592329353383,10.236890146349957,0.7310369897967407,1.0497566737925526,0.53,1.0,0.9385422477234052,0.9999999999999997,0.9885098200787855,0.9385422477234052,69681.64162360138,288.15,0.8385412648334485,27.39609200754247,0.024276847823399877,6.800000000000001,9.332131799560072
21250.0,10000.0,14.5,50.5,25.1,180.0,49.900000000000006,3034.0,45.2,13.9,84.10000000000001,1132.0,69.9,79.4,6959.381536495602,33.72190226879097,21.877180336484898,10.236892272471843,0.7310371416273964,1.0497566737925526,0.51,1.0,0.9383765931180046,1.0,0.9885098200787855,0.9383765931180046,69681.64162360138,288.15,0.8385412648334485,27.396093747508882,0.02427189760468756,7.1000000000000005,9.332669828071332
21300.0,10000.0,14.600000000000001,50.0,25.0,182.0,49.900000000000006,3042.0,44.6,13.950000000000001,84.2,1130.0,69.10000000000001,80.2,6959.782024915157,33.72190275335809,21.878435712349606,10.236894094862025,0.7310372717679581,1.0497566737925526,0.49,1.0,0.9382108676312633,1.0,0.9885098200787855,0.9382108676312633,69681.64162360138,288.15,0.8385412648334485,27.396095238908664,0.024266954304040435,6.9,9.333206891051725
21350.0,10010.0,14.9,50.0,24.5,179.0,50.400000000000006,3038.0,44.7,14.0,82.80000000000001,1124.0,69.9,80.10000000000001,6960.181817179884,33.721903168701196,21.87968941092791,10.236895656910752,0.7310373833170108,1.0497566737925526,0.58,1.0,0.9380450753210949,0.9999999999999997,0.9885098200787855,0.9380450753210949,69681.64162360138,288.15,0.8385412648334485,27.396096517251337,0.024262017910263042,6.9,9.33374302047457
21400.0,10000.0,15.200000000000001,48.5,25.1,180.0,50.300000000000004,3042.0,44.7,14.100000000000001,83.60000000000001,1125.0,69.4,80.10000000000001,6960.580933864317,33.72190352470947,21.880941423906663,10.236896995809655,0.7310374789304843,1.0497566737925526,0.5700000000000001,1.0,0.937879219803646,1.0,0.9885098200787855,0.937879219803646,69681.64162360138,288.15,0.8385412648334485,27.396097612973623,0.024257088412085785,7.0,9.334278243930727
21450.0,10000.0,15.3,50.5,25.3,181.0,50.1,3038.0,45.400000000000006,14.0,83.80000000000001,1131.0,69.9,80.2,6960.979392741179,33.72190382985933,21.882191744588592,10.236898143437283,0.7310375608848898,1.0497566737925526,0.51,1.0,0.9377133043153616,1.0,0.9885098200787855,0.9377133043153616,69681.64162360138,288.15,0.8385412648334485,27.396098552164155,0.02425216579817931,7.300000000000001,9.334812585253777
21500.0,10010.0,15.100000000000001,50.0,25.1,180.0,49.900000000000006,3038.0,45.1,14.0,84.30000000000001,1130.0,69.7,80.10000000000001,6961.377209181006,33.72190409141631,21.883440367659972,10.236899127118111,0.7310376311315233,1.0497566737925526,0.55,1.0,0.9375473317662836,1.0,0.9885098200787855,0.9375473317662836,69681.64162360138,288.15,0.8385412648334485,27.396099357184614,0.024247250057166617,7.0,9.335346065055914
21550.0,9990.0,15.200000000000001,50.0,26.0,181.0,50.1,3039.0,45.0,13.950000000000001,82.7,1125.0,69.3,79.2,6961.7743964947085,33.72190431560796,21.884687288991532,10.2368999702731,0.7310376913429232,1.0497566737925526,0.51,1.0,0.9373813047858023,1.0,0.9885098200787855,0.9373813047858023,69681.64162360138,288.15,0.8385412648334485,27.396100047202147,0.024242341177633433,6.9,9.335878701187335
21600.0,10000.0,14.8,50.0,25.700000000000003,181.0,49.900000000000006,3037.0,45.0,13.950000000000001,83.30000000000001,1129.0,69.2,79.7,6962.170966227304,33.72190450777221,21.885932505468066,10.236900692977377,0.7310377429526944,1.0497566737925526,0.53,1.0,0.937215225761936,1.0,0.9885098200787855,0.937215225761936,69681.64162360138,288.15,0.8385412648334485,27.39610063864575,0.024237439148137224,7.0,9.33641050913014
21650.0,9980.0,15.0,50.5,25.200000000000003,182.0,50.300000000000004,3044.0,45.800000000000004,14.05,83.9,1129.0,69.10000000000001,80.30000000000001,6962.566928409653,33.7219046724844,21.8871760148422,10.236901312438185,0.7310377871896411,1.0497566737925526,0.51,1.0,0.937049096875058,1.0,0.9885098200787855,0.937049096875058,69681.64162360138,288.15,0.8385412648334485,27.396101145597406,0.024232543957214716,7.1000000000000005,9.336941502335913
21700.0,9990.0,14.8,50.0,24.900000000000002,178.0,49.7,3033.0,44.7,14.05,83.9,1130.0,69.60000000000001,80.80000000000001,6962.962291774321,33.72190481366624,21.888417815609323,10.236901843404587,0.7310378251070238,1.0497566737925526,0.55,1.0,0.9368829201268448,1.0,0.9885098200787855,0.9368829201268448,69681.64162360138,288.15,0.8385412648334485,27.3961015801274,0.02422765559338849,7.0,9.337471692515201
21750.0,10010.0,15.3,50.0,25.5,178.0,49.900000000000006,3037.0,45.300000000000004,14.100000000000001,82.9,1130.0,68.9,79.7,6963.357063940602,33.721904934679266,21.889657906900304,10.236902298518652,0.7310378576076378,1.0497566737925526,0.52,1.0,0.9367166973651372,1.0,0.9885098200787855,0.9367166973651372,69681.64162360138,288.15,0.8385412648334485,27.39610195258168,0.024222774045172493,6.9,9.338001089885626
21800.0,9980.0,15.200000000000001,50.5,25.400000000000002,180.0,50.0,3038.0,45.5,13.8,83.2,1127.0,68.9,80.10000000000001,6963.751251573121,33.72190503840469,21.89089628838953,10.236902688616418,0.7310378854653068,1.0497566737925526,0.52,1.0,0.9365504303052745,1.0,0.9885098200787855,0.9365504303052745,69681.64162360138,288.15,0.8385412648334485,27.396102271828205,0.024217899301076914,6.800000000000001,9.338529703384589
21850.0,10000.0,15.200000000000001,50.0,24.8,180.0,50.0,3031.0,45.1,13.950000000000001,84.5,1128.0,69.7,79.80000000000001,6964.144860517834,33.72190512731219,21.892132960216273,10.236903022985933,0.7310379093433088,1.0497566737925526,0.52,1.0,0.9363841205484186,1.0,0.9885098200787855,0.9363841205484186,69681.64162360138,288.15,0.8385412648334485,27.396102545468082,0.02421303134961209,6.7,9.339057540851627
21900.0,9990.0,15.4,50.5,24.5,180.0,50.0,3040.0,44.5,13.9,84.10000000000001,1122.0,69.10000000000001,80.4,6964.537895918598,33.72190520351861,21.893367922917207,10.236903309588373,0.7310379298101676,1.0497566737925526,0.54,1.0,0.9362177695972749,1.0,0.9885098200787855,0.9362177695972749,69681.64162360138,288.15,0.8385412648334485,27.396102780016548,0.024208170179292287,6.9,9.339584609184758
21950.0,10000.0,15.3,50.0,24.700000000000003,180.0,50.1,3045.0,45.2,14.100000000000001,83.4,1126.0,69.2,80.2,6964.930362317089,33.7219052688384,21.894601177368564,10.236903555247608,0.7310379473531894,1.0497566737925526,0.5,1.0,0.9360513788696035,1.0,0.9885098200787855,0.9360513788696035,69681.64162360138,288.15,0.8385412648334485,27.396102981058092,0.024203315778638306,7.300000000000001,9.340110914474463
22000.0,10010.0,14.9,50.5,25.1,181.0,49.7,3037.0,45.0,14.05,83.4,1121.0,68.9,80.30000000000001,6965.322263738488,33.72190532482679,21.89583272473668,10.236903765812666,0.7310379623900654,1.0497566737925526,0.53,1.0,0.9358849497097966,1.0,0.9885098200787855,0.9358849497097966,69681.64162360138,288.15,0.8385412648334485,27.39610315337942,0.02419846813618034,7.4,9.340636462118587
22050.0,10010.0,15.0,50.0,25.400000000000002,180.0,50.0,3033.0,45.400000000000006,14.05,83.4,1127.0,69.4,80.2,6965.7136037649125,33.72190537281684,21.89706256643553,10.236903946297005,0.7310379752788163,1.0497566737925526,0.51,1.0,0.9357184833988376,1.0,0.9885098200787855,0.9357184833988376,69681.64162360138,288.15,0.8385412648334485,27.39610330108341,0.024193627240459963,6.800000000000001,9.341161256920824
22100.0,10000.0,14.9,50.0,24.5,180.0,50.0,3036.0,45.1,14.05,84.2,1128.0,69.2,80.0,6966.104385598377,33.72190541395117,21.89829070409039,10.236904100997863,0.7310379863263168,1.0497566737925526,0.5,1.0,0.9355519811628371,1.0,0.9885098200787855,0.9355519811628371,69681.64162360138,288.15,0.8385412648334485,27.396103427686832,0.024188793080032057,6.800000000000001,9.341685303175137
22150.0,10000.0,14.8,50.0,24.6,179.0,50.2,3036.0,44.7,13.950000000000001,84.0,1130.0,69.10000000000001,80.2,6966.494612114779,33.72190544920916,21.899517139506717,10.236904233598601,0.7310379957956031,1.0497566737925526,0.56,1.0,0.9353854441803662,1.0,0.9885098200787855,0.9353854441803662,69681.64162360138,288.15,0.8385412648334485,27.39610353620405,0.024183965643466313,6.5,9.342208604738161
22200.0,10020.0,15.700000000000001,48.5,25.0,179.0,49.900000000000006,3036.0,45.2,14.0,83.2,1126.0,69.4,79.7,6966.8842859101605,33.72190547943029,21.900741874643458,10.236904347256374,0.7310380039121342,1.0497566737925526,0.48,1.0,0.9352188735887467,1.0,0.9885098200787855,0.9352188735887467,69681.64162360138,288.15,0.8385412648334485,27.396103629218807,0.024179144919348666,7.5,9.342731165091244
22250.0,9990.0,15.0,50.0,25.200000000000003,181.0,50.1,3032.0,44.6,14.0,83.60000000000001,1123.0,69.5,79.80000000000001,6967.27340934037,33.721905505334114,21.90196491159017,10.236904444677323,0.7310380108691608,1.0497566737925526,0.5700000000000001,1.0,0.9350522704894573,1.0,0.9885098200787855,0.9350522704894573,69681.64162360138,288.15,0.8385412648334485,27.396103708945745,0.024174330896282396,7.4,9.343252987393624
22300.0,10000.0,15.100000000000001,49.5,25.200000000000003,180.0,49.800000000000004,3037.0,44.900000000000006,14.0,84.4,1125.0,69.8,79.7,6967.66198455508,33.7219055275374,21.90318625254749,10.236904528180993,0.7310380168323265,1.0497566737925526,0.58,1.0,0.9348856359527676,1.0,0.9885098200787855,0.9348856359527676,69681.64162360138,288.15,0.8385412648334485,27.396103777283116,0.024169523562889046,6.7,9.343774074528055
22350.0,10000.0,14.9,50.0,25.3,181.0,50.2,3036.0,45.1,13.950000000000001,83.2,1124.0,69.10000000000001,80.5,6968.05001352693,33.721905546568784,21.90440589981028,10.236904599755567,0.7310380219436112,1.0497566737925526,0.47000000000000003,1.0,0.9347189710217174,1.0,0.9885098200787855,0.9347189710217174,69681.64162360138,288.15,0.8385412648334485,27.396103835858007,0.02416472290780932,7.0,9.344294429139886
22400.0,10020.0,15.3,49.5,24.400000000000002,180.0,49.5,3042.0,44.900000000000006,14.15,82.7,1129.0,69.2,80.2,6968.43749807653,33.7219055628814,21.905623855753355,10.236904661105205,0.7310380263247127,1.0497566737925526,0.49,1.0,0.9345522767155336,1.0,0.9885098200787855,0.9345522767155336,69681.64162360138,288.15,0.8385412648334485,27.39610388606506,0.024159928919703696,7.1000000000000005,9.34481405367059
22450.0,10010.0,15.5,50.5,24.8,179.0,49.7,3044.0,44.800000000000004,14.100000000000001,84.10000000000001,1128.0,69.10000000000001,80.7,6968.824439893864,33.72190557686363,21.906840122819073,10.236904713690604,0.7310380300799423,1.0497566737925526,0.53,1.0,0.9343855540325604,1.0,0.9885098200787855,0.9343855540325604,69681.64162360138,288.15,0.8385412648334485,27.396103929099674,0.02415514158725304,6.9,9.34533295038647
22500.0,10010.0,15.0,49.5,25.200000000000003,180.0,50.1,3036.0,44.6,14.100000000000001,84.7,1129.0,69.10000000000001,80.2,6969.210840556696,33.72190558884841,21.908054703506913,10.236904758763806,0.7310380332987106,1.0497566737925526,0.5700000000000001,1.0,0.9342188039527762,1.0,0.9885098200787855,0.9342188039527762,69681.64162360138,288.15,0.8385412648334485,27.396103965986484,0.024150360899159132,6.9,9.34585112140334
22550.0,9990.0,15.600000000000001,50.0,25.700000000000003,179.0,50.1,3046.0,45.0,14.0,83.10000000000001,1130.0,68.9,80.30000000000001,6969.596701546274,33.72190559912108,21.909267600364288,10.236904797397978,0.7310380360576547,1.0497566737925526,0.49,1.0,0.9340520274399521,1.0,0.9885098200787855,0.9340520274399521,69681.64162360138,288.15,0.8385412648334485,27.396103997603753,0.024145586844145084,7.4,9.346368568707584
22600.0,10010.0,15.0,49.5,25.6,180.0,49.800000000000004,3031.0,44.800000000000004,13.9,83.4,1129.0,69.0,80.60000000000001,6969.982024260858,33.721905607926224,21.91047881597892,10.236904830512985,0.7310380384224644,1.0497566737925526,0.51,1.0,0.9338852254435067,1.0,0.9885098200787855,0.9338852254435067,69681.64162360138,288.15,0.8385412648334485,27.396104024704265,0.024140819410955593,7.0,9.346885294174296
22650.0,10020.0,14.9,50.0,24.400000000000002,181.0,49.900000000000006,3042.0,45.0,14.05,84.2,1126.0,69.5,80.0,6970.366810027288,33.721905615473496,21.911688352972178,10.236904858897276,0.7310380404494439,1.0497566737925526,0.55,1.0,0.9337183989000931,1.0,0.9885098200787855,0.9337183989000931,69681.64162360138,288.15,0.8385412648334485,27.396104047933278,0.024136058588357323,6.9,9.347401299582796
22700.0,10000.0,14.9,50.0,24.6,180.0,50.0,3036.0,45.0,14.0,83.4,1127.0,68.8,81.60000000000001,6970.751060110895,33.72190562194258,21.91289621399339,10.236904883226668,0.7310380421868548,1.0497566737925526,0.56,1.0,0.933551548734965,1.0,0.9885098200787855,0.933551548734965,69681.64162360138,288.15,0.8385412648334485,27.39610406784386,0.024131304365139106,7.0,9.347916586629912
22750.0,10010.0,14.4,48.5,24.8,179.0,50.0,3039.0,45.300000000000004,13.9,84.0,1127.0,69.3,80.10000000000001,6971.1347757240255,33.7219056274875,21.914102401714988,10.236904904080431,0.7310380436760641,1.0497566737925526,0.5700000000000001,1.0,0.9333846758631473,0.9999999999999997,0.9885098200787855,0.9333846758631473,69681.64162360138,288.15,0.8385412648334485,27.39610408491008,0.02412655673011215,6.9,9.348431156941434
22800.0,10020.0,14.8,50.5,25.0,180.0,50.1,3037.0,44.2,13.8,84.5,1130.0,69.8,80.4,6971.517958033323,33.72190563224031,21.915306918828374,10.236904921955087,0.7310380449525293,1.0497566737925526,0.49,1.0,0.93321778119044,1.0,0.9885098200787855,0.93321778119044,69681.64162360138,288.15,0.8385412648334485,27.39610409953826,0.0241218156721101,6.9,9.348945012081847
22850.0,10000.0,14.700000000000001,51.0,25.900000000000002,180.0,50.0,3033.0,45.5,14.0,83.60000000000001,1128.0,68.9,80.5,6971.900608165988,33.721905636314126,21.916509768040317,10.23690493727622,0.7310380460466425,1.0497566737925526,0.48,1.0,0.9330508656142769,1.0,0.9885098200787855,0.9330508656142769,69681.64162360138,288.15,0.8385412648334485,27.396104112076703,0.024117081179989393,7.2,9.349458153562754
22900.0,10000.0,15.4,50.0,24.900000000000002,179.0,50.2,3034.0,44.900000000000006,14.0,83.9,1123.0,69.0,80.80000000000001,6972.282727215129,33.721905639805975,21.917710952069907,10.236904950408622,0.7310380469844537,1.0497566737925526,0.52,1.0,0.9328839300244726,1.0,0.9885098200787855,0.9328839300244726,69681.64162360138,288.15,0.8385412648334485,27.39610412282394,0.02411235324262902,6.9,9.349970582850032
22950.0,10000.0,15.0,49.5,25.0,181.0,49.800000000000004,3036.0,44.6,14.05,83.7,1125.0,69.10000000000001,79.80000000000001,6972.664316244371,33.721905642798994,21.918910473645965,10.236904961664962,0.7310380477882917,1.0497566737925526,0.5,1.0,0.9327169753038442,0.9999999999999997,0.9885098200787855,0.9327169753038442,69681.64162360138,288.15,0.8385412648334485,27.396104132035855,0.024107631848930975,6.6000000000000005,9.350482301370025
23000.0,9990.0,15.4,49.5,25.200000000000003,179.0,50.2,3034.0,45.0,14.0,85.2,1128.0,68.9,80.80000000000001,6973.045376291787,33.72190564536443,21.92010833550477,10.236904971313255,0.7310380484772958,1.0497566737925526,0.59,1.0,0.932550002328769,1.0,0.9885098200787855,0.932550002328769,69681.64162360138,288.15,0.8385412648334485,27.396104139931786,0.02410291698781996,6.6000000000000005,9.350993310514813
23050.0,9990.0,14.9,50.0,24.900000000000002,179.0,50.300000000000004,3032.0,44.900000000000006,14.100000000000001,83.80000000000001,1124.0,68.60000000000001,80.30000000000001,6973.425908373287,33.72190564756337,21.921304540388196,10.23690497958322,0.7310380490678707,1.0497566737925526,0.5,1.0,0.9323830119696369,1.0,0.9885098200787855,0.9323830119696369,69681.64162360138,288.15,0.8385412648334485,27.396104146699724,0.024098208648243753,7.0,9.351503611646745
23100.0,9980.0,15.3,50.0,25.1,181.0,49.900000000000006,3035.0,44.800000000000004,14.0,83.7,1125.0,68.4,80.2,6973.805913485508,33.721905649448196,21.922499091042038,10.236904986671764,0.7310380495740778,1.0497566737925526,0.54,1.0,0.9322160050912636,1.0,0.9885098200787855,0.9322160050912636,69681.64162360138,288.15,0.8385412648334485,27.39610415250081,0.024093506819172928,7.0,9.352013206102336
23150.0,10010.0,15.600000000000001,50.5,25.6,181.0,50.300000000000004,3045.0,45.300000000000004,14.05,83.7,1127.0,69.0,80.80000000000001,6974.185392608297,33.72190565106374,21.92369199021458,10.236904992747654,0.7310380500079696,1.0497566737925526,0.51,1.0,0.9320489825532204,1.0,0.9885098200787855,0.9320489825532204,69681.64162360138,288.15,0.8385412648334485,27.396104157473175,0.024088811489601118,6.9,9.352522095195578
23200.0,9970.0,15.5,50.0,25.200000000000003,181.0,50.1,3044.0,44.6,14.15,84.4,1127.0,69.60000000000001,79.9,6974.564346706848,33.72190565244851,21.92488324065547,10.236904997955564,0.731038050379877,1.0497566737925526,0.52,1.0,0.9318819452101391,1.0,0.9885098200787855,0.9318819452101391,69681.64162360138,288.15,0.8385412648334485,27.396104161735202,0.024084122648544804,7.300000000000001,9.353030280220818
23250.0,9980.0,15.200000000000001,50.5,25.8,179.0,50.300000000000004,3036.0,44.900000000000006,13.9,83.10000000000001,1128.0,68.7,80.80000000000001,6974.942776733534,33.721905653635446,21.92607284511467,10.236905002419487,0.7310380506986546,1.0497566737925526,0.51,1.0,0.9317148939119541,1.0,0.9885098200787855,0.9317148939119541,69681.64162360138,288.15,0.8385412648334485,27.39610416538837,0.024079440285043545,6.7,9.353537762455204
23300.0,9990.0,15.100000000000001,50.0,25.0,181.0,50.2,3037.0,44.7,14.0,84.10000000000001,1123.0,68.7,80.10000000000001,6975.320683629455,33.72190565465283,21.927260806341536,10.236905006245706,0.7310380509718927,1.0497566737925526,0.52,1.0,0.9315478295041292,1.0,0.9885098200787855,0.9315478295041292,69681.64162360138,288.15,0.8385412648334485,27.396104168519653,0.02407476438815974,6.800000000000001,9.354044543160773
23350.0,10010.0,14.5,49.0,24.900000000000002,180.0,49.7,3035.0,44.900000000000006,14.0,83.9,1125.0,69.60000000000001,80.7,6975.698068325799,33.72190565552486,21.92844712708411,10.23690500952532,0.7310380512060964,1.0497566737925526,0.5,1.0,0.9313807528278318,0.9999999999999997,0.9885098200787855,0.9313807528278318,69681.64162360138,288.15,0.8385412648334485,27.39610417120361,0.024070094946978673,7.0,9.354550623586263
23400.0,10000.0,15.4,49.5,25.3,180.0,50.300000000000004,3043.0,45.1,14.0,84.10000000000001,1126.0,69.60000000000001,80.5,6976.074931745006,33.72190565627233,21.929631810088523,10.236905012336422,0.7310380514068429,1.0497566737925526,0.51,1.0,0.9312136647200957,1.0,0.9885098200787855,0.9312136647200957,69681.64162360138,288.15,0.8385412648334485,27.396104173504146,0.024065431950608614,6.9,9.35505600496869
23450.0,9990.0,15.200000000000001,49.5,25.400000000000002,179.0,50.0,3042.0,44.400000000000006,14.15,83.5,1127.0,69.2,80.9,6976.451274801712,33.721905656912995,21.930814858098323,10.236905014745933,0.731038051578911,1.0497566737925526,0.54,1.0,0.9310465660139601,1.0,0.9885098200787855,0.9310465660139601,69681.64162360138,288.15,0.8385412648334485,27.396104175476033,0.024060775388180626,7.2,9.355560688534592
23500.0,10010.0,15.5,50.5,25.8,181.0,49.6,3048.0,44.800000000000004,14.100000000000001,83.80000000000001,1130.0,68.8,80.80000000000001,6976.827098403655,33.72190565746215,21.931996273854164,10.236905016811233,0.7310380517263982,1.0497566737925523,0.52,1.0,0.9308794575385819,0.9999999999999997,0.9885098200787855,0.9308794575385819,69681.64162360138,288.15,0.8385412648334485,27.396104177166222,0.024056125248848585,7.4,9.35606467550127
23550.0,10010.0,15.3,49.0,25.0,180.0,50.0,3042.0,44.900000000000006,14.0,84.5,1121.0,69.2,80.30000000000001,6977.2024034523565,33.72190565793285,21.93317606009328,10.236905018581488,0.7310380518528157,1.0497566737925526,0.5,1.0,0.9307123401193346,1.0,0.9885098200787855,0.9307123401193346,69681.64162360138,288.15,0.8385412648334485,27.396104178614955,0.024051481521789222,7.1000000000000005,9.356567967077678
23600.0,10010.0,15.3,50.0,25.400000000000002,181.0,50.0,3035.0,44.800000000000004,14.05,83.80000000000001,1124.0,68.4,80.9,6977.577190843776,33.72190565833632,21.934354219549245,10.236905020098849,0.7310380519611736,1.0497566737925526,0.51,1.0,0.9305452145778979,1.0,0.9885098200787855,0.9305452145778979,69681.64162360138,288.15,0.8385412648334485,27.396104179856728,0.02404684419620192,7.1000000000000005,9.357070564465323
23650.0,10010.0,14.600000000000001,50.0,24.900000000000002,180.0,50.2,3032.0,45.2,14.100000000000001,83.7,1127.0,69.10000000000001,80.7,6977.951461468827,33.72190565868215,21.93553075495159,10.236905021399446,0.7310380520540518,1.0497566737925526,0.54,1.0,0.9303780817323265,1.0,0.9885098200787855,0.9303780817323265,69681.64162360138,288.15,0.8385412648334485,27.396104180921103,0.024042213261308783,7.1000000000000005,9.357572468858926
23700.0,9990.0,15.3,50.5,25.1,179.0,50.0,3039.0,44.7,14.0,82.9,1128.0,69.0,79.7,6978.325216213858,33.721905658978564,21.93670566902567,10.236905022514241,0.7310380521336616,1.0497566737925526,0.54,1.0,0.9302109423971123,1.0,0.9885098200787855,0.9302109423971123,69681.64162360138,288.15,0.8385412648334485,27.396104181833426,0.024037588706354574,7.0,9.35807368144711
23750.0,10010.0,14.9,49.5,24.700000000000003,180.0,50.0,3038.0,44.900000000000006,13.950000000000001,83.60000000000001,1133.0,68.7,80.30000000000001,6978.698455961028,33.72190565923263,21.937878964492363,10.23690502346978,0.7310380522018984,1.0497566737925526,0.63,1.0,0.9300437973832418,1.0,0.9885098200787855,0.9300437973832418,69681.64162360138,288.15,0.8385412648334485,27.396104182615417,0.02403297052060668,7.1000000000000005,9.358574203412859
23800.0,9980.0,15.3,49.5,25.400000000000002,180.0,49.900000000000006,3044.0,45.2,14.05,84.0,1126.0,69.2,81.2,6979.071181588664,33.72190565945042,21.939050644067965,10.236905024288813,0.7310380522603873,1.0497566737925526,0.53,1.0,0.9298766474982391,1.0,0.9885098200787855,0.9298766474982391,69681.64162360138,288.15,0.8385412648334485,27.396104183285694,0.024028358693354995,7.4,9.35907403593403
23850.0,10010.0,15.100000000000001,50.0,25.1,179.0,50.0,3039.0,44.900000000000006,14.05,83.80000000000001,1129.0,69.2,80.60000000000001,6979.4433939715345,33.72190565963708,21.94022071046397,10.236905024990842,0.7310380523105207,1.0497566737925526,0.49,1.0,0.9297094935462047,1.0,0.9885098200787855,0.9297094935462047,69681.64162360138,288.15,0.8385412648334485,27.396104183860217,0.024023753213912008,7.4,9.359573180183707
23900.0,10000.0,15.0,50.0,24.8,181.0,50.300000000000004,3040.0,45.0,14.05,83.80000000000001,1126.0,69.10000000000001,80.30000000000001,6979.815093981112,33.72190565979708,21.941389166386994,10.23690502559258,0.7310380523534921,1.0497566737925526,0.53,1.0,0.9295423363278525,1.0,0.9885098200787855,0.9295423363278525,69681.64162360138,288.15,0.8385412648334485,27.396104184352666,0.02401915407161253,7.0,9.360071637330552
23950.0,10010.0,14.8,50.5,24.6,180.0,49.900000000000006,3033.0,45.300000000000004,13.950000000000001,83.4,1130.0,68.7,80.5,6980.186282485792,33.721905659934215,21.942556014538685,10.236905026108358,0.7310380523903246,1.0497566737925523,0.5,1.0,0.9293751766405322,0.9999999999999997,0.9885098200787855,0.9293751766405322,69681.64162360138,288.15,0.8385412648334485,27.396104184774764,0.024014561255813874,7.2,9.360569408539098
24000.0,10010.0,15.200000000000001,50.5,25.0,180.0,49.800000000000004,3043.0,45.2,13.950000000000001,83.80000000000001,1126.0,68.5,80.7,6980.5569603510685,33.72190566005177,21.9437212576156,10.23690502655045,0.7310380524218955,1.0497566737925526,0.51,1.0,0.9292080152782594,1.0,0.9885098200787855,0.9292080152782594,69681.64162360138,288.15,0.8385412648334485,27.396104185136565,0.024009974755895645,6.7,9.361066494969991
24050.0,9980.0,14.5,50.0,25.0,179.0,50.1,3037.0,45.2,14.0,83.30000000000001,1127.0,68.5,80.9,6980.927128439698,33.72190566015253,21.944884898309123,10.23690502692939,0.7310380524489563,1.0497566737925523,0.5,1.0,0.9290408530317347,0.9999999999999997,0.9885098200787855,0.9290408530317347,69681.64162360138,288.15,0.8385412648334485,27.396104185446674,0.024005394561259795,7.2,9.361562897780205
24100.0,10000.0,15.3,49.5,24.700000000000003,180.0,50.2,3044.0,45.0,14.15,83.60000000000001,1130.0,68.60000000000001,80.80000000000001,6981.296787611844,33.721905660238896,21.946046939305464,10.236905027254195,0.7310380524721513,1.0497566737925526,0.46,1.0,0.9288736906883629,1.0,0.9885098200787855,0.9288736906883629,69681.64162360138,288.15,0.8385412648334485,27.39610418571249,0.024000820661330392,6.7,9.362058618123235
24150.0,10010.0,14.600000000000001,50.0,25.400000000000002,180.0,49.800000000000004,3036.0,44.7,14.0,83.80000000000001,1126.0,69.5,80.2,6981.665938725177,33.72190566031292,21.94720738328554,10.236905027532597,0.7310380524920325,1.0497566737925526,0.5700000000000001,1.0,0.9287065290322634,1.0,0.9885098200787855,0.9287065290322634,69681.64162360138,288.15,0.8385412648334485,27.396104185940324,0.023996253045553872,6.7,9.362553657149236
24200.0,10000.0,15.4,50.5,24.8,180.0,50.1,3036.0,45.2,14.15,84.10000000000001,1128.0,69.10000000000001,79.9,6982.034582634994,33.721905660376365,21.948366232924958,10.236905027771225,0.7310380525090734,1.0497566737925526,0.54,1.0,0.9285393688442936,1.0,0.9885098200787855,0.9285393688442936,69681.64162360138,288.15,0.8385412648334485,27.396104186135616,0.023991691703398627,6.7,9.36304801600518
24250.0,9990.0,15.700000000000001,50.0,24.700000000000003,181.0,49.800000000000004,3036.0,45.400000000000006,14.0,82.80000000000001,1128.0,68.8,81.4,6982.402720194317,33.72190566043077,21.949523490894045,10.23690502797577,0.7310380525236805,1.0497566737925526,0.51,1.0,0.9283722109020494,1.0,0.9885098200787855,0.9283722109020494,69681.64162360138,288.15,0.8385412648334485,27.396104186303006,0.02398713662435527,7.2,9.363541695834984
24300.0,10020.0,14.8,50.0,25.200000000000003,179.0,50.1,3037.0,44.900000000000006,14.0,83.80000000000001,1127.0,68.7,80.30000000000001,6982.770352253923,33.721905660477375,21.950679159857668,10.23690502815109,0.7310380525362004,1.0497566737925526,0.52,1.0,0.9282050559798845,1.0,0.9885098200787855,0.9282050559798845,69681.64162360138,288.15,0.8385412648334485,27.396104186446486,0.023982587797936255,7.0,9.364034697779557
24350.0,9990.0,15.100000000000001,49.0,24.700000000000003,180.0,49.800000000000004,3044.0,45.0,14.0,83.5,1127.0,68.5,80.5,6983.137479662475,33.72190566051733,21.95183324247543,10.236905028301363,0.7310380525469317,1.0497566737925526,0.5,1.0,0.9280379048489082,1.0,0.9885098200787855,0.9280379048489082,69681.64162360138,288.15,0.8385412648334485,27.396104186569467,0.023978045213676216,6.9,9.364527022976974
24400.0,9970.0,14.700000000000001,50.5,25.3,181.0,50.300000000000004,3040.0,44.900000000000006,13.950000000000001,84.5,1127.0,69.7,80.4,6983.5041032665185,33.72190566055158,21.95298574140144,10.23690502843017,0.7310380525561301,1.0497566737925526,0.59,1.0,0.927870758277008,1.0,0.9885098200787855,0.927870758277008,69681.64162360138,288.15,0.8385412648334485,27.39610418667488,0.02397350886113151,6.9,9.365018672562467
24450.0,10020.0,15.5,49.5,24.8,179.0,49.800000000000004,3040.0,44.900000000000006,14.0,84.10000000000001,1122.0,69.3,80.5,6983.870223910577,33.721905660580944,21.954136659284462,10.236905028540578,0.7310380525640144,1.0497566737925526,0.54,1.0,0.9277036170288405,1.0,0.9885098200787855,0.9277036170288405,69681.64162360138,288.15,0.8385412648334485,27.396104186765236,0.023968978729880453,7.1000000000000005,9.365509647668562
24500.0,10020.0,15.0,49.0,25.0,180.0,49.800000000000004,3038.0,44.900000000000006,13.9,84.2,1125.0,68.7,80.4,6984.235842437167,33.72190566060611,21.9552859987678,10.236905028635213,0.7310380525707726,1.0497566737925526,0.56,1.0,0.9275364818658475,1.0,0.9885098200787855,0.9275364818658475,69681.64162360138,288.15,0.8385412648334485,27.396104186842678,0.023964454809523108,7.0,9.36599994942509
24550.0,10000.0,14.9,50.0,25.5,181.0,50.1,3040.0,44.6,13.950000000000001,83.60000000000001,1125.0,68.5,79.7,6984.600959686848,33.72190566062768,21.956433762489368,10.236905028716329,0.7310380525765652,1.0497566737925526,0.49,1.0,0.9273693535462564,1.0,0.9885098200787855,0.9273693535462564,69681.64162360138,288.15,0.8385412648334485,27.396104186909064,0.0239599370896813,6.9,9.366489578959257
24600.0,10000.0,14.8,50.0,24.8,181.0,50.0,3041.0,45.1,13.9,83.7,1124.0,68.8,80.30000000000001,6984.965576498252,33.72190566064615,21.95757995308163,10.236905028785856,0.7310380525815302,1.0497566737925526,0.54,1.0,0.9272022328250874,1.0,0.9885098200787855,0.9272022328250874,69681.64162360138,288.15,0.8385412648334485,27.396104186965964,0.023955425559998567,6.6000000000000005,9.366978537395687
24650.0,10000.0,15.200000000000001,50.5,24.700000000000003,180.0,50.0,3044.0,44.6,13.950000000000001,85.5,1126.0,68.2,80.4,6985.329693708116,33.721905660662,21.95872457317166,10.236905028845447,0.7310380525857858,1.0497566737925526,0.44,1.0,0.9270351204541558,1.0,0.9885098200787855,0.9270351204541558,69681.64162360138,288.15,0.8385412648334485,27.396104187014732,0.023950920210140024,7.0,9.367466825856459
24700.0,10010.0,14.700000000000001,50.0,25.400000000000002,179.0,49.7,3037.0,44.800000000000004,14.0,83.0,1127.0,68.8,80.9,6985.693312151308,33.72190566067559,21.95986762538112,10.23690502889653,0.7310380525894338,1.0497566737925526,0.53,1.0,0.9268680171820761,1.0,0.9885098200787855,0.9268680171820761,69681.64162360138,288.15,0.8385412648334485,27.396104187056537,0.023946421029792372,7.0,9.367954445461148
24750.0,9980.0,15.200000000000001,50.0,24.900000000000002,181.0,49.900000000000006,3043.0,45.400000000000006,14.05,83.2,1121.0,69.2,80.7,6986.056432660842,33.721905660687234,21.961009112326206,10.236905028940315,0.7310380525925605,1.0497566737925526,0.5,1.0,0.9267009237542645,1.0,0.9885098200787855,0.9267009237542645,69681.64162360138,288.15,0.8385412648334485,27.39610418709237,0.023941928008663866,7.300000000000001,9.368441397326842
24800.0,9990.0,14.9,50.5,24.6,180.0,50.2,3039.0,45.400000000000006,14.100000000000001,83.80000000000001,1121.0,68.4,81.10000000000001,6986.4190560679,33.72190566069721,21.96214903661775,10.236905028977844,0.7310380525952405,1.0497566737925526,0.48,1.0,0.9265338409129459,1.0,0.9885098200787855,0.9265338409129459,69681.64162360138,288.15,0.8385412648334485,27.39610418712308,0.023937441136484206,6.9,9.368927682568176
24850.0,10000.0,15.4,49.5,24.700000000000003,180.0,50.1,3037.0,45.300000000000004,13.950000000000001,83.80000000000001,1128.0,68.7,81.10000000000001,6986.781183201855,33.72190566070575,21.963287400861148,10.236905029010009,0.7310380525975375,1.0497566737925526,0.53,1.0,0.9263667693971517,1.0,0.9885098200787855,0.9263667693971517,69681.64162360138,288.15,0.8385412648334485,27.396104187149405,0.02393296040300448,7.2,9.369413302297353
24900.0,10000.0,15.100000000000001,49.5,24.700000000000003,181.0,50.1,3034.0,45.1,13.850000000000001,83.4,1129.0,68.7,80.80000000000001,6987.142814890296,33.72190566071309,21.964424207656478,10.236905029037585,0.7310380525995067,1.0497566737925526,0.44,1.0,0.9261997099427255,0.9999999999999997,0.9885098200787855,0.9261997099427255,69681.64162360138,288.15,0.8385412648334485,27.39610418717197,0.023928485797997185,6.9,9.369898257624186
24950.0,10000.0,15.100000000000001,50.5,24.900000000000002,180.0,49.7,3037.0,44.6,13.850000000000001,83.10000000000001,1131.0,68.7,80.80000000000001,6987.503951959001,33.721905660719365,21.965559459598303,10.236905029061214,0.7310380526011941,1.0497566737925526,0.51,1.0,0.9260326632823265,1.0,0.9885098200787855,0.9260326632823265,69681.64162360138,288.15,0.8385412648334485,27.396104187191312,0.023924017311256034,6.5,9.37038254965606
25000.0,10010.0,14.4,49.5,25.0,180.0,49.900000000000006,3030.0,44.800000000000004,13.950000000000001,83.30000000000001,1129.0,68.3,80.9,6987.8645952320185,33.72190566072476,21.966693159275955,10.236905029081475,0.7310380526026409,1.0497566737925526,0.53,1.0,0.925865630145429,1.0,0.9885098200787855,0.925865630145429,69681.64162360138,288.15,0.8385412648334485,27.39610418720789,0.023919554932596086,7.2,9.370866179498043
25050.0,10000.0,15.200000000000001,50.0,25.3,179.0,49.5,3039.0,45.1,14.05,83.5,1131.0,68.60000000000001,80.9,6988.224745531599,33.72190566072938,21.967825309273273,10.236905029098837,0.7310380526038809,1.0497566737925526,0.54,1.0,0.9256986112583298,0.9999999999999997,0.9885098200787855,0.9256986112583298,69681.64162360138,288.15,0.8385412648334485,27.463160187222105,0.023915129466103156,7.4,9.371349148252785
25100.0,10000.0,14.8,49.5,25.8,180.0,50.1,3050.0,45.1,13.9,83.7,1124.0,68.60000000000001,80.5,6988.581916717441,33.721905660733334,21.96894809428615,10.236905029113721,0.7310380526049438,1.0497566737925526,0.51,1.0,0.9255327628725173,1.0,0.9885098200787855,0.9255327628725173,69681.64162360138,288.15,0.8385412648334485,27.530216187234277,0.023910740826003543,6.6000000000000005,9.371828121956424
25150.0,10020.0,15.100000000000001,50.0,25.6,180.0,50.1,3040.0,45.0,14.05,84.2,1127.0,68.7,81.5,6988.936115712368,33.72190566073673,21.97006153607612,10.23690502912648,0.7310380526058549,1.0497566737925526,0.51,1.0,0.9253680872456153,0.9999999999999997,0.9885098200787855,0.9253680872456153,69681.64162360138,288.15,0.8385412648334485,27.59727218724472,0.02390638892691428,7.1000000000000005,9.3723031098926
25200.0,10000.0,14.8,49.5,25.3,180.0,49.7,3035.0,45.1,14.100000000000001,84.10000000000001,1120.0,69.0,80.5,6989.287349407634,33.72190566073963,21.971165656305587,10.236905029137409,0.7310380526066353,1.0497566737925526,0.54,1.0,0.9252045865800886,1.0,0.9885098200787855,0.9252045865800886,69681.64162360138,288.15,0.8385412648334485,27.664328187253666,0.023902073683840834,7.0,9.372774121302625
25250.0,10000.0,15.0,50.0,26.0,180.0,50.2,3042.0,45.2,13.9,84.4,1126.0,69.0,80.30000000000001,6989.635624663146,33.72190566074213,21.972260476538473,10.236905029146783,0.7310380526073048,1.0497566737925526,0.49,1.0,0.9250422630237718,1.0,0.9885098200787855,0.9250422630237718,69681.64162360138,288.15,0.8385412648334485,27.731384187261337,0.023897795012175017,7.5,9.373241165385773
25300.0,9990.0,15.4,50.0,25.400000000000002,180.0,49.7,3038.0,44.7,14.0,84.30000000000001,1128.0,68.2,81.2,6989.98094830758,33.721905660744255,21.973346018240623,10.236905029154816,0.7310380526078784,1.0497566737925526,0.53,1.0,0.9248811186703977,1.0,0.9885098200787855,0.9248811186703977,69681.64162360138,288.15,0.8385412648334485,27.798440187267914,0.02389355282769279,6.9,9.373704251299431
25350.0,10010.0,15.0,49.5,26.400000000000002,180.0,50.0,3036.0,45.400000000000006,13.950000000000001,82.80000000000001,1125.0,69.2,81.2,6990.3233271386125,33.7219056607461,21.97442230278049,10.236905029161704,0.7310380526083703,1.0497566737925526,0.52,1.0,0.9247211555601239,1.0,0.9885098200787855,0.9247211555601239,69681.64162360138,288.15,0.8385412648334485,27.865496187273543,0.023889347046551976,7.300000000000001,9.374163388159422
25400.0,10010.0,14.9,50.0,25.900000000000002,179.0,50.0,3039.0,44.5,14.0,83.60000000000001,1129.0,68.10000000000001,80.60000000000001,6990.662767923067,33.721905660747666,21.975489351429587,10.236905029167605,0.7310380526087917,1.0497566737925526,0.51,1.0,0.9245623756800472,1.0,0.9885098200787855,0.9245623756800472,69681.64162360138,288.15,0.8385412648334485,27.932552187278382,0.023885177585290303,7.2,9.374618585040192
25450.0,10000.0,15.5,50.5,25.700000000000003,180.0,49.900000000000006,3041.0,44.6,13.950000000000001,84.0,1130.0,67.9,81.5,6990.99927739711,33.721905660749,21.976547185363103,10.236905029172664,0.731038052609153,1.0497566737925526,0.52,1.0,0.924404780964729,1.0,0.9885098200787855,0.924404780964729,69681.64162360138,288.15,0.8385412648334485,27.99960818728251,0.02388104436082311,6.5,9.375069850975073
25500.0,9960.0,14.5,50.0,26.0,181.0,49.900000000000006,3033.0,44.900000000000006,14.0,83.9,1125.0,69.0,80.5,6991.332862266414,33.72190566075015,21.977595825660416,10.236905029176999,0.7310380526094625,1.0497566737925526,0.5,1.0,0.9242483732967007,1.0,0.9885098200787855,0.9242483732967007,69681.64162360138,288.15,0.8385412648334485,28.066664187286065,0.02387694729044127,6.9,9.375517194956506
25550.0,10010.0,15.0,49.5,26.5,182.0,50.0,3043.0,45.300000000000004,13.950000000000001,83.80000000000001,1124.0,68.60000000000001,80.5,6991.663529206339,33.72190566075115,21.978635293305636,10.236905029180717,0.731038052609728,1.0497566737925526,0.51,1.0,0.9240931545069759,1.0,0.9885098200787855,0.9240931545069759,69681.64162360138,288.15,0.8385412648334485,28.13372018728911,0.02387288629180911,6.800000000000001,9.375960625936285
25600.0,10000.0,15.200000000000001,50.0,25.5,179.0,49.7,3039.0,45.2,14.0,83.30000000000001,1128.0,68.5,80.2,6991.9912848620825,33.72190566075199,21.979665609188093,10.236905029183902,0.7310380526099555,1.0497566737925526,0.55,1.0,0.9239391263755569,1.0,0.9885098200787855,0.9239391263755569,69681.64162360138,288.15,0.8385412648334485,28.200776187291716,0.023868861282962294,7.2,9.37640015282575
25650.0,10010.0,14.8,50.5,26.1,181.0,49.900000000000006,3037.0,44.300000000000004,14.0,83.80000000000001,1126.0,69.3,80.2,6992.31613584888,33.721905660752725,21.980686794102954,10.236905029186635,0.7310380526101506,1.0497566737925526,0.51,1.0,0.9237862906319358,1.0,0.9885098200787855,0.9237862906319358,69681.64162360138,288.15,0.8385412648334485,28.267832187293948,0.023864872182305777,6.800000000000001,9.376835784496064
25700.0,9990.0,15.3,50.5,26.1,179.0,49.800000000000004,3043.0,45.300000000000004,14.0,82.9,1124.0,68.7,81.10000000000001,6992.638088752143,33.721905660753336,21.98169886875165,10.236905029188971,0.7310380526103175,1.0497566737925523,0.47000000000000003,1.0,0.9236346489555941,0.9999999999999997,0.9885098200787855,0.9236346489555941,69681.64162360138,288.15,0.8385412648334485,28.33488818729586,0.023860918908611695,6.9,9.377267529778399
25750.0,10020.0,14.9,50.5,26.8,179.0,49.900000000000006,3037.0,44.7,13.950000000000001,84.7,1124.0,69.0,80.60000000000001,6992.957150127663,33.721905660753876,21.98270185374253,10.236905029190979,0.7310380526104608,1.0497566737925523,0.53,1.0,0.9234842029764944,0.9999999999999997,0.9885098200787855,0.9234842029764944,69681.64162360138,288.15,0.8385412648334485,28.40194418729751,0.02385700138101735,7.1000000000000005,9.3776953974642
25800.0,9990.0,15.200000000000001,49.0,26.8,178.0,50.0,3041.0,45.2,13.9,83.10000000000001,1125.0,68.7,79.80000000000001,6993.27332650174,33.72190566075434,21.983695769591222,10.2369050291927,0.7310380526105837,1.0497566737925526,0.53,1.0,0.9233349542755733,1.0,0.9885098200787855,0.9233349542755733,69681.64162360138,288.15,0.8385412648334485,28.469000187298914,0.023853119519023188,7.1000000000000005,9.378119396305364
25850.0,10000.0,15.200000000000001,50.0,26.5,178.0,50.0,3034.0,44.800000000000004,14.05,84.60000000000001,1127.0,68.8,80.10000000000001,6993.586624371361,33.721905660754736,21.98468063672127,10.236905029194174,0.7310380526106891,1.0497566737925526,0.53,1.0,0.9231869043852284,1.0,0.9885098200787855,0.9231869043852284,69681.64162360138,288.15,0.8385412648334485,28.53605618730012,0.023849273242490733,7.0,9.378539535014482
25900.0,10010.0,14.8,50.0,27.200000000000003,180.0,49.800000000000004,3048.0,44.7,14.0,84.0,1128.0,68.60000000000001,80.7,6993.89705020437,33.72190566075506,21.985656475464562,10.236905029195436,0.7310380526107791,1.0497566737925526,0.52,1.0,0.9230400547897993,1.0,0.9885098200787855,0.9230400547897993,69681.64162360138,288.15,0.8385412648334485,28.603112187301157,0.023845462471640624,6.7,9.378955822265064
25950.0,10030.0,14.9,50.5,26.8,180.0,49.900000000000006,3032.0,45.0,13.950000000000001,84.5,1124.0,68.4,80.4,6994.2046104396395,33.721905660755354,21.986623306061958,10.23690502919652,0.7310380526108565,1.0497566737925526,0.5700000000000001,1.0,0.9228944069260481,1.0,0.9885098200787855,0.9228944069260481,69681.64162360138,288.15,0.8385412648334485,28.67016818730204,0.023841687127050683,6.800000000000001,9.379368266691765
26000.0,10010.0,15.3,50.0,26.400000000000002,179.0,50.2,3033.0,45.1,14.0,84.0,1128.0,68.3,80.30000000000001,6994.509311487187,33.7219056607556,21.987581148663615,10.23690502919745,0.7310380526109229,1.0497566737925526,0.55,1.0,0.922749962183637,1.0,0.9885098200787855,0.922749962183637,69681.64162360138,288.15,0.8385412648334485,28.7372241873028,0.023837947129653703,6.800000000000001,9.379776876890547
26050.0,9970.0,15.200000000000001,49.5,27.3,181.0,50.0,3042.0,45.0,14.100000000000001,83.10000000000001,1127.0,68.8,80.7,6994.8111597284005,33.721905660755816,21.988530023329687,10.236905029198244,0.7310380526109798,1.0497566737925526,0.56,1.0,0.922606721905592,1.0,0.9885098200787855,0.922606721905592,69681.64162360138,288.15,0.8385412648334485,28.80428018730345,0.023834242400735818,6.9,9.38018166141898
26100.0,10020.0,15.600000000000001,50.0,27.400000000000002,181.0,49.800000000000004,3032.0,45.400000000000006,14.0,83.60000000000001,1127.0,67.8,80.7,6995.11016151613,33.721905660755986,21.989469950030628,10.236905029198924,0.7310380526110283,1.0497566737925526,0.5,1.0,0.9224646873887803,0.9999999999999997,0.9885098200787855,0.9224646873887803,69681.64162360138,288.15,0.8385412648334485,28.87133618730401,0.023830572861934317,7.2,9.380582628796361
26150.0,10010.0,15.200000000000001,50.0,26.700000000000003,180.0,50.1,3043.0,45.6,13.9,83.5,1125.0,68.60000000000001,80.9,6995.406323174904,33.72190566075615,21.99040094864788,10.23690502919951,0.7310380526110701,1.0497566737925526,0.52,1.0,0.9223238598843683,1.0,0.9885098200787855,0.9223238598843683,69681.64162360138,288.15,0.8385412648334485,28.93839218730449,0.023826938435235694,7.300000000000001,9.38097978750401
26200.0,9990.0,14.700000000000001,49.5,27.3,179.0,50.0,3037.0,44.800000000000004,14.05,83.7,1130.0,68.5,80.80000000000001,6995.699651001049,33.72190566075628,21.99132303897422,10.236905029200011,0.731038052611106,1.0497566737925526,0.51,1.0,0.9221842405982767,1.0,0.9885098200787855,0.9221842405982767,69681.64162360138,288.15,0.8385412648334485,29.005448187304893,0.02382333904297395,7.0,9.381373145985426
26250.0,10010.0,14.9,50.5,27.200000000000003,181.0,49.900000000000006,3041.0,45.0,14.100000000000001,83.10000000000001,1123.0,68.4,80.2,6995.99015126285,33.72190566075639,21.99223624071428,10.23690502920044,0.7310380526111365,1.0497566737925526,0.49,1.0,0.9220458306916487,1.0,0.9885098200787855,0.9220458306916487,69681.64162360138,288.15,0.8385412648334485,29.07250418730525,0.02381977460782839,7.2,9.381762712646507
26300.0,10000.0,14.9,50.0,27.400000000000002,181.0,49.900000000000006,3032.0,45.2,14.0,85.0,1126.0,68.9,81.4,6996.277830200725,33.72190566075649,21.993140573485103,10.236905029200807,0.7310380526111627,1.0497566737925526,0.51,1.0,0.921908631281288,1.0,0.9885098200787855,0.921908631281288,69681.64162360138,288.15,0.8385412648334485,29.139560187305552,0.023816245052821938,6.800000000000001,9.382148495855777
26350.0,10010.0,15.200000000000001,49.5,27.200000000000003,178.0,50.1,3037.0,45.0,13.9,83.10000000000001,1126.0,68.3,80.9,6996.562694027354,33.721905660756576,21.994036056816533,10.236905029201125,0.7310380526111854,1.0497566737925523,0.54,1.0,0.921772643440115,0.9999999999999997,0.9885098200787855,0.921772643440115,69681.64162360138,288.15,0.8385412648334485,29.206616187305805,0.023812750301319192,7.6000000000000005,9.382530503944563
26400.0,10000.0,15.3,49.5,27.1,180.0,49.7,3038.0,44.800000000000004,13.850000000000001,84.80000000000001,1126.0,68.0,81.30000000000001,6996.8447489278415,33.721905660756654,21.994922710151734,10.236905029201395,0.7310380526112048,1.0497566737925526,0.51,1.0,0.9216378681976098,1.0,0.9885098200787855,0.9216378681976098,69681.64162360138,288.15,0.8385412648334485,29.27367218730603,0.02380929027702453,7.300000000000001,9.382908745207216
26450.0,9990.0,14.8,50.0,28.1,181.0,50.0,3040.0,45.2,14.0,83.7,1123.0,68.8,80.9,6997.124001059869,33.72190566075672,21.995800552847662,10.236905029201628,0.7310380526112215,1.0497566737925526,0.51,1.0,0.9215043065402491,1.0,0.9885098200787855,0.9215043065402491,69681.64162360138,288.15,0.8385412648334485,29.34072818730622,0.02380586490398029,7.300000000000001,9.383283227901307
26500.0,9980.0,15.5,50.0,28.1,180.0,49.7,3037.0,45.1,14.05,83.60000000000001,1121.0,68.0,81.9,6997.400456553838,33.72190566075677,21.996669604175523,10.236905029201825,0.7310380526112354,1.0497566737925526,0.49,1.0,0.9213719594119444,1.0,0.9885098200787855,0.9213719594119444,69681.64162360138,288.15,0.8385412648334485,29.407784187306383,0.023802474106564834,7.4,9.383653960247829
26550.0,9990.0,15.0,50.5,27.8,181.0,50.0,3040.0,44.900000000000006,14.05,84.7,1127.0,69.10000000000001,80.60000000000001,6997.674121513037,33.72190566075681,21.997529883321295,10.236905029201994,0.7310380526112475,1.0497566737925526,0.55,1.0,0.9212408277144712,1.0,0.9885098200787855,0.9212408277144712,69681.64162360138,288.15,0.8385412648334485,29.47484018730652,0.02379911780949083,7.1000000000000005,9.384020950431413
26600.0,9990.0,15.100000000000001,50.0,27.900000000000002,180.0,50.0,3037.0,45.0,14.0,83.5,1127.0,68.3,82.2,6997.945002013769,33.721905660756846,21.99838140938612,10.236905029202141,0.7310380526112581,1.0497566737925526,0.48,1.0,0.9211109123079004,1.0,0.9885098200787855,0.9211109123079004,69681.64162360138,288.15,0.8385412648334485,29.54189618730664,0.023795795937803364,6.9,9.384384206600506
26650.0,9990.0,15.600000000000001,49.5,28.5,180.0,50.1,3043.0,45.400000000000006,13.950000000000001,83.9,1122.0,68.60000000000001,80.5,6998.213104105505,33.721905660756875,21.99922420138681,10.236905029202266,0.7310380526112669,1.0497566737925526,0.52,1.0,0.9209822140110195,1.0,0.9885098200787855,0.9209822140110195,69681.64162360138,288.15,0.8385412648334485,29.60895218730674,0.023792508416878185,6.6000000000000005,9.384743736867566
26700.0,10000.0,14.5,50.0,27.900000000000002,179.0,50.2,3040.0,45.300000000000004,14.100000000000001,83.30000000000001,1131.0,68.0,81.30000000000001,6998.478433811037,33.72190566075691,22.000058278256283,10.236905029202372,0.7310380526112745,1.0497566737925526,0.51,1.0,0.9208547336017556,1.0,0.9885098200787855,0.9208547336017556,69681.64162360138,288.15,0.8385412648334485,29.676008187306827,0.023789255172419806,6.800000000000001,9.385099549309277
26750.0,10010.0,15.3,50.5,28.6,180.0,50.1,3039.0,45.2,14.0,84.2,1123.0,68.5,80.2,6998.7409971266125,33.721905660756946,22.000883658844046,10.236905029202466,0.7310380526112813,1.0497566737925526,0.54,1.0,0.9207284718175877,1.0,0.9885098200787855,0.9207284718175877,69681.64162360138,288.15,0.8385412648334485,29.743064187306906,0.02378603613045976,7.4,9.38545165196673
26800.0,9990.0,15.0,50.5,27.8,180.0,50.1,3026.0,44.7,14.100000000000001,84.30000000000001,1128.0,68.8,81.0,6999.000800022084,33.721905660756946,22.001700361916605,10.236905029202543,0.7310380526112867,1.0497566737925526,0.54,1.0,0.9206034293559581,1.0,0.9885098200787855,0.9206034293559581,69681.64162360138,288.15,0.8385412648334485,29.81012018730697,0.02378285121735496,6.9,9.385800052845616
26850.0,10000.0,14.8,50.5,29.3,181.0,49.900000000000006,3034.0,45.400000000000006,14.05,83.9,1125.0,68.60000000000001,80.4,6999.2578484410615,33.72190566075697,22.00250840615799,10.23690502920261,0.7310380526112915,1.0497566737925526,0.55,1.0,0.9204796068746889,0.9999999999999997,0.9885098200787855,0.9204796068746889,69681.64162360138,288.15,0.8385412648334485,29.87717618730703,0.023779700359785737,7.300000000000001,9.386144759916434
26900.0,10020.0,15.200000000000001,49.5,28.900000000000002,182.0,49.800000000000004,3038.0,45.400000000000006,14.05,85.2,1125.0,68.10000000000001,81.5,6999.512148301033,33.72190566075699,22.003307810170114,10.236905029202669,0.7310380526112957,1.0497566737925526,0.49,1.0,0.9203570049923752,1.0,0.9885098200787855,0.9203570049923752,69681.64162360138,288.15,0.8385412648334485,29.944232187307076,0.023776583484754196,7.0,9.386485781114652
26950.0,10000.0,15.3,50.5,29.1,180.0,50.2,3054.0,45.2,14.0,83.0,1125.0,68.4,80.7,6999.763705493528,33.721905660757,22.004098592473273,10.236905029202719,0.7310380526112993,1.0497566737925523,0.53,1.0,0.9202356242887917,0.9999999999999997,0.9885098200787855,0.9202356242887917,69681.64162360138,288.15,0.8385412648334485,30.011288187307112,0.023773500519582436,7.4,9.38682312434093
27000.0,10010.0,15.0,49.5,29.5,180.0,49.7,3041.0,45.300000000000004,13.850000000000001,83.2,1127.0,68.7,80.7,7000.01252588424,33.72190566075701,22.00488077150657,10.236905029202761,0.7310380526113023,1.0497566737925526,0.5,1.0,0.9201154653052861,1.0,0.9885098200787855,0.9201154653052861,69681.64162360138,288.15,0.8385412648334485,30.07834418730715,0.023770451391910922,7.2,9.387156797461284
27050.0,9990.0,15.200000000000001,49.5,28.6,181.0,50.1,3041.0,44.800000000000004,13.950000000000001,84.5,1123.0,68.9,81.60000000000001,7000.258615313178,33.721905660757024,22.005654365628345,10.236905029202797,0.731038052611305,1.0497566737925526,0.55,1.0,0.9199965285451756,1.0,0.9885098200787855,0.9199965285451756,69681.64162360138,288.15,0.8385412648334485,30.14540018730718,0.023767436029696647,6.800000000000001,9.387486808307278
27100.0,9990.0,14.9,49.5,28.8,181.0,50.1,3034.0,45.2,14.05,84.60000000000001,1128.0,68.8,81.2,7000.501979594795,33.721905660757024,22.006419393116623,10.236905029202829,0.731038052611307,1.0497566737925523,0.56,1.0,0.9198788144741303,0.9999999999999997,0.9885098200787855,0.9198788144741303,69681.64162360138,288.15,0.8385412648334485,30.212456187307204,0.023764454361211478,6.7,9.387813164676212
27150.0,10000.0,15.0,50.0,29.5,181.0,50.1,3037.0,44.800000000000004,14.100000000000001,83.9,1124.0,68.4,80.10000000000001,7000.74262451814,33.72190566075704,22.007175872169558,10.236905029202855,0.731038052611309,1.0497566737925526,0.53,1.0,0.9197623235205604,1.0,0.9885098200787855,0.9197623235205604,69681.64162360138,288.15,0.8385412648334485,30.279512187307226,0.023761506315040436,7.0,9.388135874331315
27200.0,9990.0,15.5,49.5,29.700000000000003,182.0,50.2,3038.0,44.7,13.9,83.5,1125.0,68.2,80.80000000000001,7000.9805558469825,33.721905660757045,22.007923820905834,10.236905029202878,0.7310380526113107,1.0497566737925526,0.52,1.0,0.9196470560759938,1.0,0.9885098200787855,0.9196470560759938,69681.64162360138,288.15,0.8385412648334485,30.346568187307245,0.023758591820080114,7.1000000000000005,9.388454945001921
27250.0,9990.0,14.8,50.0,29.400000000000002,181.0,50.0,3031.0,45.1,14.05,83.60000000000001,1124.0,69.10000000000001,80.4,7001.215779319942,33.72190566075704,22.008663257365086,10.236905029202898,0.731038052611312,1.0497566737925526,0.55,1.0,0.9195330124954585,1.0,0.9885098200787855,0.9195330124954585,69681.64162360138,288.15,0.8385412648334485,30.413624187307263,0.023755710805536887,7.1000000000000005,9.38877038438363
27300.0,10010.0,15.5,50.5,29.400000000000002,181.0,49.900000000000006,3038.0,44.6,13.950000000000001,83.80000000000001,1128.0,67.8,81.2,7001.44830065065,33.72190566075705,22.009394199508392,10.236905029202918,0.7310380526113135,1.0497566737925526,0.5,1.0,0.9194201930978502,1.0,0.9885098200787855,0.9194201930978502,69681.64162360138,288.15,0.8385412648334485,30.48068018730728,0.023752863200925282,7.300000000000001,9.389082200138535
27350.0,10000.0,14.700000000000001,50.0,29.3,181.0,50.0,3037.0,45.2,13.950000000000001,82.9,1128.0,68.10000000000001,80.4,7001.678125527849,33.72190566075705,22.010116665218586,10.236905029202932,0.7310380526113145,1.0497566737925526,0.55,1.0,0.9193085981663015,1.0,0.9885098200787855,0.9193085981663015,69681.64162360138,288.15,0.8385412648334485,30.547736187307287,0.023750048936066425,7.1000000000000005,9.389390399895358
27400.0,9980.0,14.8,49.5,30.5,181.0,49.900000000000006,3040.0,44.6,13.950000000000001,83.80000000000001,1128.0,68.4,81.10000000000001,7001.905259615553,33.72190566075706,22.010830672300777,10.236905029202942,0.7310380526113153,1.0497566737925526,0.53,1.0,0.9191982279485511,1.0,0.9885098200787855,0.9191982279485511,69681.64162360138,288.15,0.8385412648334485,30.614792187307295,0.02374726794108627,7.0,9.38969499124965
27450.0,10000.0,14.9,50.0,30.1,180.0,49.800000000000004,3034.0,45.1,14.100000000000001,83.80000000000001,1126.0,68.5,80.4,7002.1297085531605,33.72190566075706,22.011536238482687,10.236905029202951,0.7310380526113159,1.0497566737925526,0.5700000000000001,1.0,0.9190890826573005,1.0,0.9885098200787855,0.9190890826573005,69681.64162360138,288.15,0.8385412648334485,30.681848187307306,0.023744520146414025,7.0,9.38999598176396
27500.0,9990.0,15.0,49.5,30.5,180.0,50.0,3040.0,44.800000000000004,14.0,83.9,1123.0,68.5,81.0,7002.351477955603,33.72190566075706,22.012233381415125,10.23690502920296,0.7310380526113165,1.0497566737925526,0.53,1.0,0.9189811624705727,1.0,0.9885098200787855,0.9189811624705727,69681.64162360138,288.15,0.8385412648334485,30.74890418730731,0.02374180548278053,7.0,9.390293378968023
27550.0,10000.0,15.4,49.5,30.0,181.0,50.1,3040.0,45.800000000000004,14.05,84.4,1126.0,68.10000000000001,80.80000000000001,7002.57057341347,33.721905660757066,22.012922118672382,10.236905029202967,0.731038052611317,1.0497566737925526,0.55,1.0,0.9188744675320651,1.0,0.9885098200787855,0.9188744675320651,69681.64162360138,288.15,0.8385412648334485,30.81596018730732,0.023739123881216698,7.1000000000000005,9.390587190358932
27600.0,10000.0,14.9,50.0,30.1,181.0,50.2,3034.0,45.2,13.950000000000001,84.0,1126.0,69.0,80.80000000000001,7002.787000493125,33.721905660757066,22.01360246775259,10.236905029202976,0.7310380526113177,1.0497566737925526,0.53,1.0,0.9187689979515015,1.0,0.9885098200787855,0.9187689979515015,69681.64162360138,288.15,0.8385412648334485,30.883016187307323,0.023736475273051928,7.2,9.39087742340129
27650.0,9990.0,15.0,50.0,30.1,180.0,50.2,3035.0,45.2,14.05,82.9,1128.0,67.9,81.30000000000001,7003.000764736842,33.721905660757066,22.01427444607816,10.236905029202982,0.731038052611318,1.0497566737925526,0.51,1.0,0.918664753804979,1.0,0.9885098200787855,0.918664753804979,69681.64162360138,288.15,0.8385412648334485,30.950072187307327,0.023733859589912375,7.0,9.3911640855274
27700.0,9980.0,15.0,50.5,30.1,180.0,50.1,3040.0,44.300000000000004,14.15,84.0,1129.0,68.3,80.10000000000001,7003.211871662952,33.72190566075707,22.01493807099624,10.236905029202987,0.7310380526113184,1.0497566737925523,0.55,1.0,0.9185617351353027,0.9999999999999997,0.9885098200787855,0.9185617351353027,69681.64162360138,288.15,0.8385412648334485,31.017128187307332,0.02373127676371952,6.9,9.391447184137453
27750.0,10010.0,14.9,50.0,30.200000000000003,181.0,49.800000000000004,3047.0,45.7,14.100000000000001,84.5,1127.0,68.8,80.9,7003.420326765945,33.72190566075708,22.015593359779015,10.236905029202992,0.7310380526113188,1.0497566737925526,0.48,1.0,0.9184599419523319,1.0,0.9885098200787855,0.9184599419523319,69681.64162360138,288.15,0.8385412648334485,31.084184187307336,0.023728726726688555,7.4,9.391726726599668
27800.0,10010.0,15.0,49.5,30.400000000000002,179.0,50.2,3031.0,45.1,13.950000000000001,82.80000000000001,1128.0,68.3,81.4,7003.626135516602,33.72190566075707,22.016240329624157,10.236905029202996,0.731038052611319,1.0497566737925526,0.49,1.0,0.9183593742333103,1.0,0.9885098200787855,0.9183593742333103,69681.64162360138,288.15,0.8385412648334485,31.151240187307344,0.023726209411326863,6.800000000000001,9.392002720250472
27850.0,9970.0,14.4,51.0,31.5,180.0,49.800000000000004,3037.0,45.300000000000004,13.950000000000001,83.80000000000001,1127.0,68.2,80.7,7003.829303362132,33.72190566075707,22.016878997655244,10.236905029203,0.7310380526113192,1.0497566737925523,0.54,1.0,0.918260031923201,0.9999999999999997,0.9885098200787855,0.918260031923201,69681.64162360138,288.15,0.8385412648334485,31.218296187307345,0.023723724750432447,6.800000000000001,9.392275172394687
27900.0,10010.0,14.9,50.0,31.400000000000002,180.0,50.2,3031.0,44.900000000000006,14.0,84.9,1122.0,68.3,81.7,7004.029835726281,33.72190566075707,22.017509380922068,10.236905029203001,0.7310380526113194,1.0497566737925526,0.5,1.0,0.9181619149350108,1.0,0.9885098200787855,0.9181619149350108,69681.64162360138,288.15,0.8385412648334485,31.285352187307343,0.0237212726770923,7.0,9.392544090305659
27950.0,10000.0,15.100000000000001,51.0,31.1,181.0,49.900000000000006,3035.0,44.900000000000006,13.9,84.0,1126.0,68.10000000000001,81.30000000000001,7004.227738009475,33.72190566075707,22.01813149640114,10.236905029203003,0.7310380526113195,1.0497566737925526,0.49,1.0,0.9180650231501096,1.0,0.9885098200787855,0.9180650231501096,69681.64162360138,288.15,0.8385412648334485,31.352408187307347,0.023718853124681097,7.2,9.392809481225466
28000.0,9990.0,15.4,50.0,31.3,180.0,50.1,3038.0,44.5,14.05,83.60000000000001,1129.0,68.60000000000001,80.60000000000001,7004.42301558892,33.72190566075707,22.018745360995972,10.236905029203005,0.7310380526113196,1.0497566737925526,0.5,1.0,0.9179693564185608,1.0,0.9885098200787855,0.9179693564185608,69681.64162360138,288.15,0.8385412648334485,31.419464187307348,0.02371646602685954,7.2,9.393071352365054
28050.0,10000.0,15.3,50.0,31.5,180.0,50.1,3036.0,45.1,14.100000000000001,83.7,1128.0,68.4,81.10000000000001,7004.6156738187365,33.72190566075707,22.0193509915375,10.236905029203006,0.7310380526113197,1.0497566737925526,0.58,1.0,0.9178749145594299,1.0,0.9885098200787855,0.9178749145594299,69681.64162360138,288.15,0.8385412648334485,31.48652018730735,0.02371411131757279,7.300000000000001,9.393329710904402
28100.0,10000.0,15.100000000000001,49.5,31.1,180.0,50.2,3041.0,44.7,14.05,83.60000000000001,1124.0,68.8,81.80000000000001,7004.8057180300875,33.72190566075707,22.01994840478449,10.236905029203008,0.7310380526113198,1.0497566737925526,0.53,1.0,0.9177816973610959,1.0,0.9885098200787855,0.9177816973610959,69681.64162360138,288.15,0.8385412648334485,31.55357618730735,0.02371178893104915,7.2,9.393584563992707
28150.0,10010.0,15.4,50.5,30.8,182.0,50.2,3036.0,44.7,14.05,83.5,1128.0,68.60000000000001,80.7,7004.993153531286,33.72190566075707,22.02053761742389,10.23690502920301,0.7310380526113199,1.0497566737925526,0.49,1.0,0.917689704581566,1.0,0.9885098200787855,0.917689704581566,69681.64162360138,288.15,0.8385412648334485,31.620632187307354,0.023709498801798408,7.1000000000000005,9.393835918748525
28200.0,9990.0,15.100000000000001,49.5,31.3,181.0,50.1,3035.0,44.6,14.0,84.0,1128.0,68.2,81.2,7005.177985607925,33.72190566075707,22.021118646071212,10.23690502920301,0.73103805261132,1.0497566737925523,0.5700000000000001,1.0,0.917598935948776,0.9999999999999997,0.9885098200787855,0.917598935948776,69681.64162360138,288.15,0.8385412648334485,31.68768818730735,0.023707240864610457,7.1000000000000005,9.39408378225994
28250.0,9980.0,15.100000000000001,51.0,31.0,180.0,50.0,3038.0,45.1,14.100000000000001,83.7,1130.0,68.3,80.9,7005.3602195229905,33.72190566075707,22.02169150727092,10.23690502920301,0.73103805261132,1.0497566737925523,0.51,1.0,0.917509391160894,0.9999999999999997,0.9885098200787855,0.917509391160894,69681.64162360138,288.15,0.8385412648334485,31.75474418730735,0.02370501505455384,6.6000000000000005,9.394328161584722
28300.0,10000.0,15.600000000000001,50.0,31.900000000000002,180.0,50.0,3042.0,45.6,14.100000000000001,84.2,1127.0,68.4,80.7,7005.539860516979,33.72190566075707,22.022256217496764,10.23690502920301,0.73103805261132,1.0497566737925523,0.48,1.0,0.9174210698866209,0.9999999999999997,0.9885098200787855,0.9174210698866209,69681.64162360138,288.15,0.8385412648334485,31.821800187307353,0.023702821306974216,6.7,9.39456906375048
28350.0,10000.0,14.9,49.5,31.700000000000003,180.0,49.800000000000004,3036.0,44.900000000000006,13.950000000000001,84.2,1122.0,67.60000000000001,81.0,7005.716913808024,33.72190566075707,22.022812793152198,10.23690502920301,0.73103805261132,1.0497566737925523,0.53,1.0,0.91733397176548,0.9999999999999997,0.9885098200787855,0.91733397176548,69681.64162360138,288.15,0.8385412648334485,31.88885618730735,0.02370065955749292,7.1000000000000005,9.394806495754837
28400.0,9990.0,14.700000000000001,50.0,31.6,181.0,49.900000000000006,3038.0,45.7,14.0,84.0,1129.0,68.60000000000001,81.2,7005.891384592007,33.72190566075707,22.02336125057073,10.23690502920301,0.73103805261132,1.0497566737925523,0.53,1.0,0.9172480964081108,0.9999999999999997,0.9885098200787855,0.9172480964081108,69681.64162360138,288.15,0.8385412648334485,31.95591218730735,0.023698529742005668,7.0,9.395040464565573
28450.0,9990.0,15.100000000000001,51.0,32.4,180.0,50.2,3034.0,44.900000000000006,14.05,84.60000000000001,1125.0,68.2,82.10000000000001,7006.063278042666,33.72190566075707,22.023901606016263,10.23690502920301,0.73103805261132,1.0497566737925523,0.53,1.0,0.9171634433965601,0.9999999999999997,0.9885098200787855,0.9171634433965601,69681.64162360138,288.15,0.8385412648334485,32.02296818730735,0.023696431796680937,7.5,9.395270977120775
28500.0,10000.0,15.100000000000001,50.0,32.4,181.0,49.800000000000004,3036.0,45.300000000000004,14.0,83.4,1129.0,68.7,80.80000000000001,7006.232599311725,33.72190566075707,22.02443387568349,10.23690502920301,0.73103805261132,1.0497566737925523,0.53,1.0,0.917080012284561,0.9999999999999997,0.9885098200787855,0.917080012284561,69681.64162360138,288.15,0.8385412648334485,32.09002418730735,0.023694365657958634,6.7,9.39549804032901
28550.0,9990.0,15.0,50.0,31.700000000000003,179.0,49.800000000000004,3040.0,44.400000000000006,13.950000000000001,82.60000000000001,1128.0,67.7,81.10000000000001,7006.399353528999,33.72190566075707,22.02495807569823,10.23690502920301,0.73103805261132,1.0497566737925523,0.58,1.0,0.916997802597815,0.9999999999999997,0.9885098200787855,0.916997802597815,69681.64162360138,288.15,0.8385412648334485,32.15708018730736,0.023692331262548622,7.4,9.395721661069459
28600.0,9980.0,15.100000000000001,49.5,31.700000000000003,180.0,50.2,3040.0,44.800000000000004,14.05,82.30000000000001,1125.0,68.0,81.10000000000001,7006.563545802521,33.72190566075707,22.02547422211784,10.23690502920301,0.73103805261132,1.0497566737925523,0.52,1.0,0.916916813834269,0.9999999999999997,0.9885098200787855,0.916916813834269,69681.64162360138,288.15,0.8385412648334485,32.22413618730735,0.023690328547429505,7.0,9.395941846192096
28650.0,10000.0,15.0,50.5,32.4,180.0,50.1,3041.0,44.800000000000004,14.0,84.4,1124.0,68.9,80.4,7006.725181218626,33.72190566075707,22.02598233093146,10.23690502920301,0.73103805261132,1.0497566737925523,0.52,1.0,0.9168370454643949,0.9999999999999997,0.9885098200787855,0.9168370454643949,69681.64162360138,288.15,0.8385412648334485,32.291192187307345,0.02368835744984693,6.800000000000001,9.396158602517803
28700.0,10030.0,14.9,49.5,32.300000000000004,180.0,49.900000000000006,3037.0,43.900000000000006,14.0,83.7,1130.0,68.8,81.0,7006.884264842106,33.72190566075707,22.026482418060507,10.23690502920301,0.73103805261132,1.0497566737925523,0.55,1.0,0.9167584969314497,0.9999999999999997,0.9885098200787855,0.9167584969314497,69681.64162360138,288.15,0.8385412648334485,32.35824818730735,0.023686417907312463,6.7,9.39637193683856
28750.0,10010.0,14.8,49.5,32.4,181.0,50.0,3044.0,44.800000000000004,14.100000000000001,83.30000000000001,1127.0,68.4,81.4,7007.040801716284,33.72190566075707,22.026974499358918,10.23690502920301,0.73103805261132,1.0497566737925523,0.53,1.0,0.9166811676517517,0.9999999999999997,0.9885098200787855,0.9166811676517517,69681.64162360138,288.15,0.8385412648334485,32.42530418730735,0.02368450985760208,6.800000000000001,9.396581855917571
28800.0,10010.0,15.5,49.5,31.900000000000002,180.0,49.900000000000006,3037.0,45.2,13.950000000000001,83.5,1127.0,68.8,81.10000000000001,7007.194796863145,33.72190566075707,22.027458590613545,10.23690502920301,0.73103805261132,1.0497566737925523,0.49,1.0,0.91660505701494,0.9999999999999997,0.9885098200787855,0.91660505701494,69681.64162360138,288.15,0.8385412648334485,32.492360187307355,0.023682633238754813,6.7,9.396788366489416
28850.0,10000.0,14.700000000000001,49.0,33.0,181.0,49.900000000000006,3039.0,45.1,14.05,84.0,1120.0,68.2,81.30000000000001,7007.346255283444,33.72190566075707,22.02793470754451,10.23690502920301,0.73103805261132,1.0497566737925523,0.51,1.0,0.9165301643842358,0.9999999999999997,0.9885098200787855,0.9165301643842358,69681.64162360138,288.15,0.8385412648334485,32.55941618730735,0.023680787989071465,7.0,9.396991475260204
28900.0,10010.0,15.0,51.0,33.300000000000004,180.0,50.0,3026.0,44.900000000000006,13.9,83.80000000000001,1127.0,68.5,81.80000000000001,7007.495181956809,33.72190566075707,22.028402865805507,10.23690502920301,0.73103805261132,1.0497566737925523,0.53,1.0,0.916456489096702,0.9999999999999997,0.9885098200787855,0.916456489096702,69681.64162360138,288.15,0.8385412648334485,32.62647218730735,0.023678974047113163,7.6000000000000005,9.397191188907719
28950.0,10000.0,14.600000000000001,49.5,32.800000000000004,180.0,49.800000000000004,3037.0,45.0,13.950000000000001,84.10000000000001,1129.0,68.7,80.9,7007.641581841857,33.72190566075707,22.0288630809842,10.23690502920301,0.73103805261132,1.0497566737925523,0.56,1.0,0.9163840304634931,0.9999999999999997,0.9885098200787855,0.9163840304634931,69681.64162360138,288.15,0.8385412648334485,32.69352818730735,0.02367719135170006,6.7,9.397387514081567
29000.0,9980.0,14.600000000000001,50.0,33.5,180.0,49.900000000000006,3037.0,45.2,13.950000000000001,83.30000000000001,1124.0,68.10000000000001,81.7,7007.785459876301,33.72190566075707,22.029315368602525,10.23690502920301,0.73103805261132,1.0497566737925523,0.53,1.0,0.9163127877701096,0.9999999999999997,0.9885098200787855,0.9163127877701096,69681.64162360138,288.15,0.8385412648334485,32.76058418730735,0.023675439841909996,6.800000000000001,9.397580457403318
29050.0,10010.0,14.8,50.5,33.7,180.0,49.7,3047.0,45.1,14.0,84.2,1129.0,68.7,80.7,7007.926820977053,33.72190566075707,22.029759744117033,10.23690502920301,0.73103805261132,1.0497566737925523,0.54,1.0,0.9162427602766428,0.9999999999999997,0.9885098200787855,0.9162427602766428,69681.64162360138,288.15,0.8385412648334485,32.82764018730735,0.023673719457077115,6.7,9.397770025466649
29100.0,10010.0,15.0,50.0,33.1,180.0,49.800000000000004,3041.0,45.400000000000006,13.950000000000001,84.0,1128.0,68.3,80.30000000000001,7008.0656700403415,33.72190566075707,22.030196222919265,10.23690502920301,0.73103805261132,1.0497566737925523,0.49,1.0,0.9161739472180193,0.9999999999999997,0.9885098200787855,0.9161739472180193,69681.64162360138,288.15,0.8385412648334485,32.89469618730735,0.023672030136790704,6.800000000000001,9.3979562248375
29150.0,9970.0,15.4,50.0,33.300000000000004,178.0,49.6,3038.0,45.6,13.950000000000001,84.2,1126.0,68.3,81.7,7008.202011941807,33.72190566075707,22.03062482033603,10.23690502920301,0.73103805261132,1.0497566737925523,0.52,1.0,0.9161063478042463,0.9999999999999997,0.9885098200787855,0.9161063478042463,69681.64162360138,288.15,0.8385412648334485,32.961752187307354,0.02367037182089367,6.800000000000001,9.398139062054202
29200.0,10020.0,15.0,50.5,33.1,181.0,50.1,3039.0,45.0,13.950000000000001,83.60000000000001,1126.0,68.60000000000001,81.0,7008.335851536611,33.72190566075707,22.031045551629763,10.23690502920301,0.73103805261132,1.0497566737925523,0.48,1.0,0.9160399612206434,0.9999999999999997,0.9885098200787855,0.9160399612206434,69681.64162360138,288.15,0.8385412648334485,33.02880818730735,0.0236687444494814,6.6000000000000005,9.398318543627626
29250.0,9980.0,15.200000000000001,49.5,33.6,180.0,50.0,3039.0,45.0,13.8,83.4,1128.0,68.8,81.9,7008.467193659548,33.72190566075707,22.03145843199888,10.23690502920301,0.73103805261132,1.0497566737925523,0.49,1.0,0.9159747866280811,0.9999999999999997,0.9885098200787855,0.9159747866280811,69681.64162360138,288.15,0.8385412648334485,33.095864187307356,0.02366714796290037,6.9,9.398494676041327
29300.0,9980.0,15.5,50.5,33.7,180.0,50.300000000000004,3043.0,45.300000000000004,14.05,83.4,1129.0,68.60000000000001,81.0,7008.596043125141,33.72190566075707,22.031863476578067,10.23690502920301,0.73103805261132,1.0497566737925523,0.52,1.0,0.9159108231632123,0.9999999999999997,0.9885098200787855,0.9159108231632123,69681.64162360138,288.15,0.8385412648334485,33.16292018730735,0.02366558230174696,7.300000000000001,9.398667465751677
29350.0,10020.0,14.8,50.0,33.800000000000004,180.0,49.900000000000006,3045.0,45.1,14.05,84.7,1126.0,68.2,80.5,7008.722404727747,33.72190566075707,22.03226070043862,10.23690502920301,0.73103805261132,1.0497566737925523,0.52,1.0,0.9158480699387009,0.9999999999999997,0.9885098200787855,0.9158480699387009,69681.64162360138,288.15,0.8385412648334485,33.22997618730736,0.023664047406866097,6.6000000000000005,9.398836919188003
29400.0,10010.0,15.100000000000001,50.0,33.800000000000004,181.0,49.800000000000004,3039.0,45.2,13.9,84.0,1123.0,68.2,80.5,7008.846283241659,33.72190566075707,22.03265011858876,10.23690502920301,0.73103805261132,1.0497566737925523,0.5700000000000001,1.0,0.9157865260434485,0.9999999999999997,0.9885098200787855,0.9157865260434485,69681.64162360138,288.15,0.8385412648334485,33.29703218730735,0.023662543219349935,6.7,9.39900304275273
29450.0,9980.0,15.0,50.0,33.300000000000004,180.0,49.6,3034.0,44.800000000000004,14.05,84.4,1130.0,68.2,79.9,7008.967683421224,33.72190566075707,22.033031745974007,10.23690502920301,0.73103805261132,1.0497566737925523,0.54,1.0,0.9157261905428116,0.9999999999999997,0.9885098200787855,0.9157261905428116,69681.64162360138,288.15,0.8385412648334485,33.364088187307345,0.02366106968053672,7.4,9.39916584282153
29500.0,10010.0,15.100000000000001,49.5,33.800000000000004,182.0,49.7,3033.0,45.300000000000004,13.950000000000001,82.9,1131.0,68.4,80.9,7009.086610000921,33.72190566075707,22.033405597477433,10.23690502920301,0.73103805261132,1.0497566737925523,0.49,1.0,0.9156670624788283,0.9999999999999997,0.9885098200787855,0.9156670624788283,69681.64162360138,288.15,0.8385412648334485,33.43114418730735,0.023659626732009473,7.5,9.399325325743435
29550.0,10000.0,15.4,50.5,33.9,180.0,50.300000000000004,3044.0,44.400000000000006,14.05,83.5,1124.0,68.3,80.4,7009.203067695475,33.72190566075707,22.03377168792,10.23690502920301,0.73103805261132,1.0497566737925523,0.51,1.0,0.9156091408704317,0.9999999999999997,0.9885098200787855,0.9156091408704317,69681.64162360138,288.15,0.8385412648334485,33.49820018730735,0.023658214315594707,6.800000000000001,9.399481497840986
29600.0,9990.0,15.0,49.5,34.800000000000004,180.0,50.400000000000006,3037.0,44.800000000000004,14.15,83.30000000000001,1126.0,68.5,80.5,7009.317061199961,33.72190566075707,22.03413003206091,10.23690502920301,0.73103805261132,1.0497566737925523,0.55,1.0,0.9155524247136623,0.9999999999999997,0.9885098200787855,0.9155524247136623,69681.64162360138,288.15,0.8385412648334485,33.565256187307355,0.023656832373361192,7.2,9.399634365410373
29650.0,10020.0,15.3,50.5,34.300000000000004,179.0,50.400000000000006,3032.0,44.6,14.05,84.60000000000001,1127.0,68.60000000000001,80.10000000000001,7009.428595189902,33.72190566075707,22.034480644597895,10.23690502920301,0.73103805261132,1.0497566737925523,0.51,1.0,0.9154969129818784,0.9999999999999997,0.9885098200787855,0.9154969129818784,69681.64162360138,288.15,0.8385412648334485,33.63231218730735,0.02365548084761884,6.5,9.399783934721562
29700.0,10010.0,14.5,49.5,34.6,181.0,50.0,3040.0,45.2,14.0,82.9,1128.0,68.5,81.60000000000001,7009.5376743213565,33.72190566075707,22.0348235401675,10.23690502920301,0.73103805261132,1.0497566737925523,0.54,1.0,0.9154426046259702,0.9999999999999997,0.9885098200787855,0.9154426046259702,69681.64162360138,288.15,0.8385412648334485,33.69936818730736,0.02365415968091734,6.7,9.399930212018427
29750.0,10010.0,15.0,50.0,34.4,179.0,50.2,3032.0,44.7,14.0,84.60000000000001,1130.0,67.7,81.80000000000001,7009.644303231032,33.72190566075707,22.035158733345444,10.23690502920301,0.73103805261132,1.0497566737925523,0.5700000000000001,1.0,0.9153894985745566,0.9999999999999997,0.9885098200787855,0.9153894985745566,69681.64162360138,288.15,0.8385412648334485,33.76642418730735,0.023652868816044944,6.7,9.400073203518879
29800.0,9970.0,15.0,50.5,35.2,179.0,50.400000000000006,3029.0,44.900000000000006,13.950000000000001,84.30000000000001,1130.0,68.60000000000001,80.4,7009.748486536383,33.72190566075707,22.03548623864692,10.23690502920301,0.73103805261132,1.0497566737925523,0.55,1.0,0.9153375937341895,0.9999999999999997,0.9885098200787855,0.9153375937341895,69681.64162360138,288.15,0.8385412648334485,33.83348018730735,0.02365160819602736,7.1000000000000005,9.40021291541502
29850.0,9980.0,14.4,50.5,34.6,179.0,50.0,3039.0,45.0,13.9,84.7,1129.0,68.10000000000001,81.0,7009.850228835699,33.72190566075707,22.03580607052688,10.23690502920301,0.73103805261132,1.0497566737925523,0.54,1.0,0.9152868889895562,0.9999999999999997,0.9885098200787855,0.9152868889895562,69681.64162360138,288.15,0.8385412648334485,33.90053618730735,0.023650377764126485,6.7,9.400349353873251
29900.0,10000.0,14.600000000000001,50.0,34.300000000000004,179.0,50.300000000000004,3038.0,45.1,13.850000000000001,83.2,1128.0,68.3,80.0,7009.9495347082075,33.72190566075707,22.03611824338034,10.23690502920301,0.73103805261132,1.0497566737925523,0.53,1.0,0.9152373832036728,0.9999999999999997,0.9885098200787855,0.9152373832036728,69681.64162360138,288.15,0.8385412648334485,33.967592187307346,0.02364917746383914,7.1000000000000005,9.4004825250344
29950.0,10020.0,14.8,49.0,34.5,179.0,50.1,3027.0,44.900000000000006,14.100000000000001,83.60000000000001,1129.0,67.7,80.30000000000001,7010.046408714174,33.72190566075707,22.036422771542718,10.23690502920301,0.73103805261132,1.0497566737925523,0.5700000000000001,1.0,0.9151890752180764,0.9999999999999997,0.9885098200787855,0.9151890752180764,69681.64162360138,288.15,0.8385412648334485,34.034648187307354,0.023648007238896075,7.0,9.400612435013882
30000.0,10000.0,14.700000000000001,50.0,34.5,181.0,50.5,3040.0,44.800000000000004,13.850000000000001,82.60000000000001,1131.0,67.9,80.9,7010.140855394984,33.72190566075707,22.03671966929009,10.23690502920301,0.73103805261132,1.0497566737925523,0.55,1.0,0.9151419638530218,0.9999999999999997,0.9885098200787855,0.9151419638530218,69681.64162360138,288.15,0.8385412648334485,34.10170418730735,0.02364686703326056,7.4,9.400739089901782
30050.0,10000.0,14.9,50.0,34.7,180.0,50.1,3038.0,45.6,14.05,84.30000000000001,1124.0,68.4,80.80000000000001,7010.232879273261,33.72190566075707,22.03700895083953,10.23690502920301,0.73103805261132,1.0497566737925523,0.54,1.0,0.9150960479076615,0.9999999999999997,0.9885098200787855,0.9150960479076615,69681.64162360138,288.15,0.8385412648334485,34.10170418730735,0.02364572888676838,7.2,9.400862495763029
30100.0,10000.0,15.700000000000001,50.5,35.5,181.0,50.400000000000006,3032.0,45.400000000000006,13.950000000000001,83.2,1128.0,68.7,80.5,7010.324736961904,33.72190566075707,22.037297709963756,10.23690502920301,0.73103805261132,1.0497566737925523,0.51,1.0,0.9150502019846958,0.9999999999999997,0.9885098200787855,0.9150502019846958,69681.64162360138,288.15,0.8385412648334485,34.10170418730735,0.02364459279636545,7.0,9.400985678760653
30150.0,10000.0,15.3,51.5,35.2,179.0,49.7,3036.0,44.7,14.05,83.80000000000001,1126.0,68.9,80.80000000000001,7010.416428707404,33.72190566075707,22.037585947437616,10.23690502920301,0.73103805261132,1.0497566737925523,0.52,1.0,0.9150044260356349,0.9999999999999997,0.9885098200787855,0.9150044260356349,69681.64162360138,288.15,0.8385412648334485,34.10170418730735,0.023643458759002586,7.2,9.401108639225203
30200.0,10010.0,15.4,50.0,35.4,179.0,50.2,3041.0,45.5,13.9,83.0,1129.0,67.3,81.4,7010.507954755856,33.72190566075707,22.037873664034727,10.23690502920301,0.73103805261132,1.0497566737925523,0.56,1.0,0.9149587200118744,0.9999999999999997,0.9885098200787855,0.9149587200118744,69681.64162360138,288.15,0.8385412648334485,34.10170418730735,0.023642326771635393,6.9,9.401231377486699
30250.0,9990.0,14.700000000000001,49.5,34.800000000000004,179.0,49.900000000000006,3037.0,44.900000000000006,14.15,83.30000000000001,1128.0,68.0,80.80000000000001,7010.599315352965,33.72190566075707,22.038160860527473,10.23690502920301,0.73103805261132,1.0497566737925523,0.48,1.0,0.9149130838646933,0.9999999999999997,0.9885098200787855,0.9149130838646933,69681.64162360138,288.15,0.8385412648334485,34.10170418730735,0.023641196831224356,6.6000000000000005,9.401353893874633
30300.0,9990.0,15.100000000000001,50.5,34.300000000000004,180.0,49.7,3037.0,45.300000000000004,13.950000000000001,83.5,1131.0,68.4,80.80000000000001,7010.690510744047,33.72190566075707,22.038447537687013,10.23690502920301,0.73103805261132,1.0497566737925523,0.53,1.0,0.9148675175452573,0.9999999999999997,0.9885098200787855,0.9148675175452573,69681.64162360138,288.15,0.8385412648334485,34.10170418730735,0.023640068934734814,6.800000000000001,9.401476188717982
30350.0,10010.0,15.200000000000001,49.5,35.1,180.0,50.1,3041.0,45.1,14.0,84.10000000000001,1125.0,67.7,79.5,7010.781541174023,33.72190566075707,22.03873369628327,10.23690502920301,0.73103805261132,1.0497566737925523,0.52,1.0,0.9148220210046205,0.9999999999999997,0.9885098200787855,0.9148220210046205,69681.64162360138,288.15,0.8385412648334485,34.10170418730735,0.023638943079136936,6.800000000000001,9.401598262345189
30400.0,10000.0,14.4,49.5,35.2,179.0,50.1,3036.0,45.0,14.05,84.10000000000001,1127.0,67.9,80.9,7010.872406887425,33.72190566075707,22.039019337084948,10.23690502920301,0.73103805261132,1.0497566737925523,0.55,1.0,0.9147765941937243,0.9999999999999997,0.9885098200787855,0.9147765941937243,69681.64162360138,288.15,0.8385412648334485,34.10170418730735,0.02363781926140568,6.800000000000001,9.401720115084176
30450.0,10000.0,14.9,50.0,34.6,179.0,50.1,3042.0,44.5,14.05,84.2,1128.0,68.10000000000001,80.7,7010.963108128398,33.72190566075707,22.03930446085952,10.23690502920301,0.73103805261132,1.0497566737925523,0.53,1.0,0.9147312370633972,0.9999999999999997,0.9885098200787855,0.9147312370633972,69681.64162360138,288.15,0.8385412648334485,34.10170418730735,0.023636697478520825,7.1000000000000005,9.401841747262345
30500.0,10000.0,15.0,49.5,35.2,180.0,50.0,3038.0,45.5,13.950000000000001,84.30000000000001,1125.0,68.60000000000001,81.80000000000001,7011.053645140698,33.72190566075707,22.03958906837325,10.23690502920301,0.73103805261132,1.0497566737925523,0.52,1.0,0.914685949564358,0.9999999999999997,0.9885098200787855,0.914685949564358,69681.64162360138,288.15,0.8385412648334485,34.10170418730735,0.023635577727466932,7.4,9.401963159206579
30550.0,10010.0,14.700000000000001,50.0,35.5,181.0,49.800000000000004,3037.0,45.1,13.950000000000001,85.0,1127.0,68.2,81.7,7011.144018167698,33.72190566075707,22.039873160391192,10.23690502920301,0.73103805261132,1.0497566737925523,0.52,1.0,0.9146407316472145,0.9999999999999997,0.9885098200787855,0.9146407316472145,69681.64162360138,288.15,0.8385412648334485,34.10170418730735,0.0236344600052334,7.300000000000001,9.402084351243248
30600.0,9980.0,14.9,50.5,35.6,179.0,49.800000000000004,3040.0,44.800000000000004,14.0,84.10000000000001,1126.0,67.5,80.5,7011.234227452374,33.72190566075707,22.04015673767715,10.23690502920301,0.73103805261132,1.0497566737925523,0.53,1.0,0.9145955832624675,0.9999999999999997,0.9885098200787855,0.9145955832624675,69681.64162360138,288.15,0.8385412648334485,34.10170418730735,0.02363334430881437,6.5,9.402205323698183
30650.0,10000.0,14.600000000000001,51.0,35.9,179.0,50.1,3034.0,44.900000000000006,14.15,83.30000000000001,1126.0,67.9,81.7,7011.324273237328,33.72190566075707,22.040439800993763,10.23690502920301,0.73103805261132,1.0497566737925523,0.43,1.0,0.9145505043605074,0.9999999999999997,0.9885098200787855,0.9145505043605074,69681.64162360138,288.15,0.8385412648334485,34.10170418730735,0.023632230635208775,6.9,9.402326076896722
30700.0,10000.0,14.8,50.5,35.5,179.0,50.400000000000006,3032.0,45.400000000000006,14.0,83.2,1126.0,68.2,81.2,7011.414155764767,33.72190566075707,22.04072235110241,10.23690502920301,0.73103805261132,1.0497566737925523,0.5,1.0,0.9145054948916185,0.9999999999999997,0.9885098200787855,0.9145054948916185,69681.64162360138,288.15,0.8385412648334485,34.10170418730735,0.023631118981420306,7.0,9.402446611163668
30750.0,9990.0,14.600000000000001,49.5,34.5,180.0,50.1,3038.0,45.6,13.850000000000001,83.80000000000001,1127.0,68.5,81.5,7011.5038752765195,33.72190566075707,22.041004388763298,10.23690502920301,0.73103805261132,1.0497566737925523,0.52,1.0,0.9144605548059774,0.9999999999999997,0.9885098200787855,0.9144605548059774,69681.64162360138,288.15,0.8385412648334485,34.10170418730735,0.023630009344457407,7.1000000000000005,9.402566926823319
30800.0,9990.0,15.200000000000001,49.0,35.300000000000004,180.0,49.900000000000006,3037.0,45.0,14.100000000000001,85.5,1130.0,68.0,81.5,7011.593432014028,33.72190566075707,22.04128591473541,10.23690502920301,0.73103805261132,1.0497566737925523,0.55,1.0,0.9144156840536554,0.9999999999999997,0.9885098200787855,0.9144156840536554,69681.64162360138,288.15,0.8385412648334485,34.10170418730735,0.023628901721333275,6.800000000000001,9.402687024199452
30850.0,9980.0,15.0,50.5,34.4,179.0,50.1,3038.0,45.400000000000006,13.9,84.9,1123.0,67.5,81.10000000000001,7011.68282621835,33.72190566075707,22.04156692977653,10.23690502920301,0.73103805261132,1.0497566737925523,0.49,1.0,0.9143708825846183,0.9999999999999997,0.9885098200787855,0.9143708825846183,69681.64162360138,288.15,0.8385412648334485,34.10170418730735,0.02362779610906585,7.0,9.402806903615332
30900.0,10000.0,15.0,49.5,35.2,180.0,50.2,3037.0,44.7,13.9,83.4,1124.0,67.7,81.4,7011.772058130164,33.72190566075707,22.04184743464323,10.23690502920301,0.73103805261132,1.0497566737925523,0.47000000000000003,1.0,0.9143261503487277,0.9999999999999997,0.9885098200787855,0.9143261503487277,69681.64162360138,288.15,0.8385412648334485,34.10170418730735,0.023626692504677787,7.4,9.402926565393713
30950.0,10000.0,15.0,49.5,35.300000000000004,180.0,49.900000000000006,3039.0,44.5,13.9,82.80000000000001,1128.0,68.2,81.7,7011.861127989765,33.72190566075707,22.042127430090897,10.23690502920301,0.73103805261132,1.0497566737925523,0.5,1.0,0.9142814872957415,0.9999999999999997,0.9885098200787855,0.9142814872957415,69681.64162360138,288.15,0.8385412648334485,34.10170418730735,0.02362559090519652,7.2,9.403046009856835
31000.0,10000.0,14.700000000000001,50.0,35.0,179.0,50.0,3037.0,45.0,13.950000000000001,82.7,1127.0,67.9,80.60000000000001,7011.950036037064,33.72190566075707,22.0424069168737,10.23690502920301,0.73103805261132,1.0497566737925523,0.52,1.0,0.9142368933753167,0.9999999999999997,0.9885098200787855,0.9142368933753167,69681.64162360138,288.15,0.8385412648334485,34.10170418730735,0.02362449130765406,7.2,9.403165237326425
31050.0,10000.0,14.9,49.5,35.300000000000004,178.0,50.2,3030.0,44.6,13.950000000000001,84.80000000000001,1131.0,68.4,81.30000000000001,7012.038782511602,33.72190566075707,22.04268589574465,10.23690502920301,0.73103805261132,1.0497566737925523,0.47000000000000003,1.0,0.9141923685370027,0.9999999999999997,0.9885098200787855,0.9141923685370027,69681.64162360138,288.15,0.8385412648334485,34.10170418730735,0.023623393709087247,7.1000000000000005,9.40328424812371
31100.0,9990.0,14.8,50.0,34.800000000000004,181.0,49.6,3038.0,44.7,13.950000000000001,83.7,1124.0,68.2,81.10000000000001,7012.127367652529,33.72190566075707,22.04296436745552,10.23690502920301,0.73103805261132,1.0497566737925523,0.51,1.0,0.9141479127302533,0.9999999999999997,0.9885098200787855,0.9141479127302533,69681.64162360138,288.15,0.8385412648334485,34.10170418730735,0.023622298106537553,6.9,9.403403042569394
31150.0,10000.0,14.8,50.0,34.9,180.0,50.300000000000004,3039.0,44.900000000000006,14.0,82.9,1126.0,68.10000000000001,80.5,7012.215791698623,33.72190566075707,22.043242332756936,10.23690502920301,0.73103805261132,1.0497566737925523,0.54,1.0,0.9141035259044187,0.9999999999999997,0.9885098200787855,0.9141035259044187,69681.64162360138,288.15,0.8385412648334485,34.10170418730735,0.023621204497051157,6.9,9.403521620983689
31200.0,10000.0,14.8,51.5,34.7,178.0,49.7,3041.0,45.400000000000006,13.950000000000001,84.30000000000001,1129.0,68.10000000000001,81.0,7012.304054888283,33.72190566075707,22.043519792398296,10.23690502920301,0.73103805261132,1.0497566737925523,0.53,1.0,0.9140592080087501,0.9999999999999997,0.9885098200787855,0.9140592080087501,69681.64162360138,288.15,0.8385412648334485,34.10170418730735,0.023620112877678904,7.2,9.403639983686286
31250.0,10000.0,14.8,50.0,35.800000000000004,180.0,50.2,3040.0,45.1,14.0,84.0,1129.0,68.3,80.80000000000001,7012.392157459527,33.72190566075707,22.04379674712784,10.23690502920301,0.73103805261132,1.0497566737925523,0.54,1.0,0.9140149589923997,0.9999999999999997,0.9885098200787855,0.9140149589923997,69681.64162360138,288.15,0.8385412648334485,34.10170418730735,0.0236190232454763,7.0,9.403758130996376
31300.0,10000.0,15.8,49.0,35.4,179.0,50.0,3048.0,44.7,13.950000000000001,83.5,1125.0,68.5,80.9,7012.480099650002,33.72190566075707,22.044073197692608,10.23690502920301,0.73103805261132,1.0497566737925523,0.55,1.0,0.9139707788044206,0.9999999999999997,0.9885098200787855,0.9139707788044206,69681.64162360138,288.15,0.8385412648334485,34.10170418730735,0.02361793559750352,6.7,9.403876063232646
31350.0,9980.0,14.9,49.0,35.6,179.0,49.800000000000004,3039.0,44.800000000000004,13.9,84.7,1124.0,68.10000000000001,81.10000000000001,7012.567881696973,33.72190566075707,22.044349144838467,10.23690502920301,0.73103805261132,1.0497566737925523,0.55,1.0,0.9139266673937695,0.9999999999999997,0.9885098200787855,0.9139266673937695,69681.64162360138,288.15,0.8385412648334485,34.10170418730735,0.02361684993082542,7.1000000000000005,9.403993780713275
31400.0,9990.0,14.9,50.0,35.300000000000004,179.0,50.400000000000006,3035.0,45.0,13.9,82.7,1125.0,67.8,81.0,7012.6555038373335,33.72190566075707,22.044624589310093,10.23690502920301,0.73103805261132,1.0497566737925523,0.5,1.0,0.9138826247093067,0.9999999999999997,0.9885098200787855,0.9138826247093067,69681.64162360138,288.15,0.8385412648334485,34.10170418730735,0.023615766242511396,7.2,9.404111283755942
31450.0,9990.0,14.700000000000001,50.0,35.4,180.0,50.0,3032.0,44.7,13.9,84.30000000000001,1128.0,67.9,80.9,7012.742966307604,33.72190566075707,22.044899531851005,10.23690502920301,0.73103805261132,1.0497566737925523,0.5,1.0,0.9138386506997929,0.9999999999999997,0.9885098200787855,0.9138386506997929,69681.64162360138,288.15,0.8385412648334485,34.10170418730735,0.023614684529635593,6.800000000000001,9.404228572677823
31500.0,10010.0,14.9,51.0,35.5,181.0,50.1,3036.0,45.2,14.0,84.5,1128.0,68.3,81.2,7012.830269343927,33.72190566075707,22.04517397320353,10.23690502920301,0.73103805261132,1.0497566737925523,0.58,1.0,0.9137947453138977,0.9999999999999997,0.9885098200787855,0.9137947453138977,69681.64162360138,288.15,0.8385412648334485,34.10170418730735,0.023613604789276724,6.7,9.404345647795594
31550.0,10020.0,15.0,49.5,34.7,179.0,50.1,3034.0,45.1,14.100000000000001,83.10000000000001,1126.0,67.7,81.0,7012.917413182073,33.72190566075707,22.045447914108816,10.23690502920301,0.73103805261132,1.0497566737925523,0.6,1.0,0.9137509085001942,0.9999999999999997,0.9885098200787855,0.9137509085001942,69681.64162360138,288.15,0.8385412648334485,34.10170418730735,0.023612527018518095,7.2,9.404462509425423
31600.0,10000.0,14.8,50.0,35.1,180.0,50.1,3034.0,44.7,14.05,82.80000000000001,1129.0,68.10000000000001,80.30000000000001,7013.004398057442,33.72190566075707,22.045721355306863,10.23690502920301,0.73103805261132,1.0497566737925523,0.53,1.0,0.9137071402071609,0.9999999999999997,0.9885098200787855,0.9137071402071609,69681.64162360138,288.15,0.8385412648334485,34.10170418730735,0.02361145121444761,6.6000000000000005,9.404579157882992
31650.0,10010.0,14.9,51.0,35.4,179.0,49.6,3035.0,44.6,14.15,83.5,1129.0,68.10000000000001,81.10000000000001,7013.091224205066,33.72190566075707,22.045994297536502,10.23690502920301,0.73103805261132,1.0497566737925523,0.53,1.0,0.9136634403831819,0.9999999999999997,0.9885098200787855,0.9136634403831819,69681.64162360138,288.15,0.8385412648334485,34.10170418730735,0.023610377374157866,7.300000000000001,9.40469559348348
31700.0,10000.0,14.700000000000001,51.0,34.9,180.0,49.400000000000006,3040.0,45.0,14.0,83.2,1125.0,68.0,81.4,7013.177891859596,33.72190566075707,22.04626674153537,10.23690502920301,0.73103805261132,1.0497566737925523,0.55,1.0,0.9136198089765536,0.9999999999999997,0.9885098200787855,0.9136198089765536,69681.64162360138,288.15,0.8385412648334485,34.10170418730735,0.023609305494745946,7.0,9.404811816541557
31750.0,10010.0,15.0,49.5,35.1,179.0,50.0,3032.0,44.7,13.850000000000001,83.4,1131.0,68.10000000000001,81.5,7013.264401255319,33.72190566075707,22.046538688039963,10.23690502920301,0.73103805261132,1.0497566737925523,0.6,1.0,0.9135762459354765,0.9999999999999997,0.9885098200787855,0.9135762459354765,69681.64162360138,288.15,0.8385412648334485,34.10170418730735,0.023608235573313565,7.1000000000000005,9.40492782737141
31800.0,9990.0,14.8,50.0,34.7,180.0,50.2,3042.0,44.5,13.950000000000001,83.2,1128.0,68.5,82.5,7013.350752626153,33.72190566075707,22.046810137785606,10.23690502920301,0.73103805261132,1.0497566737925523,0.51,1.0,0.913532751208061,0.9999999999999997,0.9885098200787855,0.913532751208061,69681.64162360138,288.15,0.8385412648334485,34.10170418730735,0.023607167606967006,6.9,9.405043626286723
31850.0,10010.0,14.8,50.0,34.800000000000004,178.0,50.0,3037.0,45.400000000000006,14.0,82.7,1126.0,67.4,80.60000000000001,7013.436946205642,33.72190566075707,22.04708109150646,10.23690502920301,0.73103805261132,1.0497566737925523,0.55,1.0,0.9134893247423285,0.9999999999999997,0.9885098200787855,0.9134893247423285,69681.64162360138,288.15,0.8385412648334485,34.10170418730735,0.023606101592817074,7.0,9.40515921360069
31900.0,10010.0,14.4,50.0,34.800000000000004,181.0,50.1,3040.0,45.5,14.0,84.30000000000001,1124.0,67.8,81.60000000000001,7013.522982226968,33.72190566075707,22.04735154993555,10.23690502920301,0.73103805261132,1.0497566737925523,0.48,1.0,0.9134459664862085,0.9999999999999997,0.9885098200787855,0.9134459664862085,69681.64162360138,288.15,0.8385412648334485,34.10170418730735,0.02360503752797917,7.2,9.405274589626009
31950.0,10000.0,15.3,50.0,35.0,180.0,49.900000000000006,3035.0,45.1,14.0,83.2,1127.0,68.7,81.0,7013.608860922943,33.72190566075707,22.047621513804717,10.23690502920301,0.73103805261132,1.0497566737925523,0.51,1.0,0.913402676387543,0.9999999999999997,0.9885098200787855,0.913402676387543,69681.64162360138,288.15,0.8385412648334485,34.10170418730735,0.023603975409573225,6.6000000000000005,9.405389754674886
32000.0,10000.0,15.200000000000001,50.5,35.0,181.0,50.1,3042.0,45.300000000000004,14.100000000000001,83.4,1124.0,68.4,81.60000000000001,7013.694582526012,33.72190566075707,22.04789098384468,10.23690502920301,0.73103805261132,1.0497566737925523,0.5700000000000001,1.0,0.9133594543940855,0.9999999999999997,0.9885098200787855,0.9133594543940855,69681.64162360138,288.15,0.8385412648334485,34.10170418730735,0.023602915234723725,7.300000000000001,9.405504709059032
32050.0,10020.0,15.200000000000001,50.0,34.4,180.0,49.900000000000006,3039.0,45.0,14.05,83.4,1129.0,67.2,81.30000000000001,7013.7801472682495,33.72190566075707,22.048159960784968,10.23690502920301,0.73103805261132,1.0497566737925523,0.56,1.0,0.9133163004535029,0.9999999999999997,0.9885098200787855,0.9133163004535029,69681.64162360138,288.15,0.8385412648334485,34.10170418730735,0.023601857000559643,7.5,9.405619453089669
32100.0,10010.0,15.5,50.0,35.0,180.0,50.0,3035.0,44.800000000000004,13.950000000000001,83.80000000000001,1127.0,68.0,80.9,7013.865555381375,33.72190566075707,22.048428445354002,10.23690502920301,0.73103805261132,1.0497566737925523,0.54,1.0,0.9132732145133727,0.9999999999999997,0.9885098200787855,0.9132732145133727,69681.64162360138,288.15,0.8385412648334485,34.10170418730735,0.02360080070421449,7.2,9.405733987077532
32150.0,9990.0,14.600000000000001,50.5,34.4,180.0,50.300000000000004,3044.0,45.2,14.05,84.80000000000001,1121.0,68.0,81.60000000000001,7013.950807096733,33.72190566075707,22.048696438279027,10.23690502920301,0.73103805261132,1.0497566737925523,0.52,1.0,0.9132301965211885,0.9999999999999997,0.9885098200787855,0.9132301965211885,69681.64162360138,288.15,0.8385412648334485,34.10170418730735,0.023599746342826338,7.300000000000001,9.40584831133286
32200.0,10000.0,15.100000000000001,50.0,34.800000000000004,180.0,50.1,3035.0,45.300000000000004,14.05,84.10000000000001,1124.0,67.5,81.2,7014.035902645308,33.72190566075707,22.04896394028615,10.23690502920301,0.73103805261132,1.0497566737925523,0.61,1.0,0.9131872464243589,0.9999999999999997,0.9885098200787855,0.9131872464243589,69681.64162360138,288.15,0.8385412648334485,34.10170418730735,0.023598693913537704,7.300000000000001,9.405962426165411
32250.0,9990.0,15.100000000000001,50.5,34.5,181.0,50.0,3037.0,45.0,14.100000000000001,83.0,1123.0,68.2,80.2,7014.120842257721,33.72190566075707,22.049230952100345,10.23690502920301,0.73103805261132,1.0497566737925523,0.52,1.0,0.9131443641702063,0.9999999999999997,0.9885098200787855,0.9131443641702063,69681.64162360138,288.15,0.8385412648334485,34.10170418730735,0.02359764341349561,7.300000000000001,9.406076331884451
32300.0,10010.0,15.3,50.5,36.0,180.0,50.1,3036.0,45.300000000000004,14.0,84.5,1126.0,68.60000000000001,81.5,7014.20562616423,33.72190566075707,22.049497474445438,10.23690502920301,0.73103805261132,1.0497566737925523,0.53,1.0,0.9131015497059691,0.9999999999999997,0.9885098200787855,0.9131015497059691,69681.64162360138,288.15,0.8385412648334485,34.10170418730735,0.023596594839851583,7.1000000000000005,9.406190028798758
32350.0,10000.0,15.100000000000001,50.0,34.7,180.0,49.7,3041.0,44.6,14.0,83.80000000000001,1129.0,67.5,81.2,7014.290254594731,33.72190566075707,22.049763508044116,10.23690502920301,0.73103805261132,1.0497566737925523,0.54,1.0,0.9130588029788032,0.9999999999999997,0.9885098200787855,0.9130588029788032,69681.64162360138,288.15,0.8385412648334485,34.10170418730735,0.02359554818976159,7.0,9.406303517216626
32400.0,10020.0,14.8,49.0,35.300000000000004,180.0,49.6,3037.0,45.400000000000006,13.9,84.80000000000001,1125.0,68.10000000000001,80.60000000000001,7014.37472777876,33.72190566075707,22.050029053617937,10.23690502920301,0.73103805261132,1.0497566737925523,0.53,1.0,0.9130161239357807,0.9999999999999997,0.9885098200787855,0.9130161239357807,69681.64162360138,288.15,0.8385412648334485,34.10170418730735,0.023594503460386107,7.0,9.406416797445873
32450.0,9980.0,15.9,50.0,34.800000000000004,181.0,50.400000000000006,3042.0,44.6,14.0,82.30000000000001,1129.0,67.5,80.80000000000001,7014.4590459454885,33.72190566075707,22.050294111887318,10.23690502920301,0.73103805261132,1.0497566737925523,0.53,1.0,0.9129735125238917,0.9999999999999997,0.9885098200787855,0.9129735125238917,69681.64162360138,288.15,0.8385412648334485,34.10170418730735,0.023593460648890095,7.1000000000000005,9.40652986979382
32500.0,10000.0,15.5,50.5,35.300000000000004,179.0,50.300000000000004,3035.0,45.5,14.15,83.7,1129.0,67.0,81.10000000000001,7014.543209323729,33.72190566075707,22.05055868357153,10.23690502920301,0.73103805261132,1.0497566737925523,0.56,1.0,0.9129309686900479,0.9999999999999997,0.9885098200787855,0.9129309686900479,69681.64162360138,288.15,0.8385412648334485,34.10170418730735,0.02359241975244288,7.2,9.406642734567308
32550.0,9990.0,14.9,48.5,35.2,178.0,50.2,3042.0,44.900000000000006,14.05,83.30000000000001,1128.0,67.7,81.5,7014.62721814194,33.72190566075707,22.05082276938876,10.23690502920301,0.73103805261132,1.0497566737925523,0.48,1.0,0.9128884923810753,0.9999999999999997,0.9885098200787855,0.9128884923810753,69681.64162360138,288.15,0.8385412648334485,34.10170418730735,0.023591380768218304,6.6000000000000005,9.406755392072705
32600.0,10000.0,14.9,50.0,34.7,182.0,50.0,3039.0,45.1,14.05,83.80000000000001,1128.0,68.4,80.30000000000001,7014.7110726282135,33.72190566075707,22.051086370056012,10.23690502920301,0.73103805261132,1.0497566737925523,0.47000000000000003,1.0,0.9128460835437238,0.9999999999999997,0.9885098200787855,0.9128460835437238,69681.64162360138,288.15,0.8385412648334485,34.10170418730735,0.023590343693394605,7.0,9.406867842615888
32650.0,10000.0,15.200000000000001,50.0,35.2,179.0,50.0,3032.0,45.1,13.850000000000001,83.60000000000001,1123.0,68.0,81.7,7014.794773010291,33.72190566075707,22.051349486289208,10.23690502920301,0.73103805261132,1.0497566737925523,0.53,1.0,0.9128037421246611,0.9999999999999997,0.9885098200787855,0.9128037421246611,69681.64162360138,288.15,0.8385412648334485,34.10170418730735,0.023589308525154493,6.6000000000000005,9.40698008650226
32700.0,9990.0,14.600000000000001,49.0,35.0,180.0,50.1,3040.0,45.0,14.0,82.80000000000001,1126.0,67.60000000000001,80.80000000000001,7014.87831951555,33.72190566075707,22.051612118803124,10.23690502920301,0.73103805261132,1.0497566737925523,0.53,1.0,0.9127614680704791,0.9999999999999997,0.9885098200787855,0.9127614680704791,69681.64162360138,288.15,0.8385412648334485,34.10170418730735,0.023588275260685077,7.0,9.407092124036744
32750.0,10040.0,14.600000000000001,50.0,34.4,180.0,49.900000000000006,3041.0,44.900000000000006,14.0,83.10000000000001,1123.0,67.9,81.0,7014.961712371012,33.72190566075707,22.05187426831141,10.23690502920301,0.73103805261132,1.0497566737925523,0.53,1.0,0.9127192613276901,0.9999999999999997,0.9885098200787855,0.9127192613276901,69681.64162360138,288.15,0.8385412648334485,34.10170418730735,0.02358724389717785,7.2,9.407203955523777
32800.0,10000.0,14.9,49.0,35.2,179.0,50.1,3043.0,44.900000000000006,13.950000000000001,83.4,1128.0,68.0,80.9,7015.044951803349,33.72190566075707,22.052135935526614,10.23690502920301,0.73103805261132,1.0497566737925523,0.54,1.0,0.9126771218427281,0.9999999999999997,0.9885098200787855,0.9126771218427281,69681.64162360138,288.15,0.8385412648334485,34.10170418730735,0.02358621443182878,7.1000000000000005,9.407315581267328
32850.0,10000.0,14.5,50.0,34.7,180.0,50.0,3030.0,45.0,14.05,83.80000000000001,1127.0,67.4,81.9,7015.128038038869,33.72190566075707,22.052397121160155,10.23690502920301,0.73103805261132,1.0497566737925523,0.54,1.0,0.9126350495619532,0.9999999999999997,0.9885098200787855,0.9126350495619532,69681.64162360138,288.15,0.8385412648334485,34.10170418730735,0.023585186861838116,6.7,9.407427001570884
32900.0,9990.0,15.100000000000001,50.5,34.800000000000004,181.0,49.6,3034.0,44.400000000000006,13.950000000000001,84.30000000000001,1132.0,68.2,80.9,7015.210971303532,33.72190566075707,22.052657825922346,10.23690502920301,0.73103805261132,1.0497566737925523,0.52,1.0,0.9125930444316451,0.9999999999999997,0.9885098200787855,0.9125930444316451,69681.64162360138,288.15,0.8385412648334485,34.10170418730735,0.023584161184410618,7.1000000000000005,9.407538216737462
32950.0,9980.0,14.8,50.5,34.6,179.0,50.0,3039.0,44.800000000000004,14.0,83.80000000000001,1132.0,68.10000000000001,81.2,7015.293751822938,33.72190566075707,22.052918050522376,10.23690502920301,0.73103805261132,1.0497566737925523,0.5700000000000001,1.0,0.9125511063980128,0.9999999999999997,0.9885098200787855,0.9125511063980128,69681.64162360138,288.15,0.8385412648334485,34.10170418730735,0.02358313739675536,6.9,9.407649227069596
33000.0,9980.0,15.100000000000001,50.5,35.1,180.0,49.7,3038.0,45.400000000000006,13.9,83.2,1126.0,67.8,81.30000000000001,7015.376379822339,33.72190566075707,22.053177795668326,10.23690502920301,0.73103805261132,1.0497566737925523,0.54,1.0,0.9125092354071874,0.9999999999999997,0.9885098200787855,0.9125092354071874,69681.64162360138,288.15,0.8385412648334485,34.10170418730735,0.023582115496085798,7.1000000000000005,9.407760032869353
33050.0,9990.0,14.5,50.0,34.800000000000004,181.0,50.400000000000006,3046.0,44.7,14.05,83.9,1129.0,68.0,81.9,7015.458855526631,33.72190566075707,22.053437062067175,10.23690502920301,0.73103805261132,1.0497566737925523,0.53,1.0,0.9124674314052272,0.9999999999999997,0.9885098200787855,0.9124674314052272,69681.64162360138,288.15,0.8385412648334485,34.10170418730735,0.02358109547961972,7.0,9.407870634438323
33100.0,9980.0,15.200000000000001,50.0,35.2,180.0,50.0,3038.0,45.2,14.0,82.5,1128.0,67.8,80.60000000000001,7015.54117916036,33.72190566075707,22.053695850424795,10.23690502920301,0.73103805261132,1.0497566737925523,0.5,1.0,0.912425694338115,0.9999999999999997,0.9885098200787855,0.912425694338115,69681.64162360138,288.15,0.8385412648334485,34.10170418730735,0.02358007734457933,7.1000000000000005,9.407981032077627
33150.0,10000.0,14.4,50.0,35.5,180.0,50.0,3042.0,45.2,14.05,81.7,1131.0,68.3,82.5,7015.623350947717,33.72190566075707,22.053954161445937,10.23690502920301,0.73103805261132,1.0497566737925523,0.5,1.0,0.912384024151764,0.9999999999999997,0.9885098200787855,0.912384024151764,69681.64162360138,288.15,0.8385412648334485,34.10170418730735,0.02357906108819112,6.6000000000000005,9.408091226087908
33200.0,10000.0,14.9,50.5,35.4,180.0,50.0,3040.0,44.900000000000006,14.0,84.0,1130.0,68.5,81.10000000000001,7015.705371112548,33.72190566075707,22.054211995834276,10.23690502920301,0.73103805261132,1.0497566737925523,0.46,1.0,0.9123424207920113,0.9999999999999997,0.9885098200787855,0.9123424207920113,69681.64162360138,288.15,0.8385412648334485,34.10170418730735,0.023578046707685978,7.0,9.408201216769351
33250.0,9990.0,15.0,49.5,35.0,179.0,49.7,3043.0,44.7,14.0,83.9,1129.0,68.4,81.4,7015.787239878342,33.72190566075707,22.054469354292355,10.23690502920301,0.73103805261132,1.0497566737925523,0.55,1.0,0.9123008842046263,0.9999999999999997,0.9885098200787855,0.9123008842046263,69681.64162360138,288.15,0.8385412648334485,34.10170418730735,0.023577034200299045,7.4,9.408311004421654
33300.0,10010.0,14.5,49.5,35.300000000000004,179.0,50.300000000000004,3037.0,45.0,14.100000000000001,83.30000000000001,1127.0,68.4,80.5,7015.868957468245,33.72190566075707,22.05472623752165,10.23690502920301,0.73103805261132,1.0497566737925523,0.52,1.0,0.9122594143353033,0.9999999999999997,0.9885098200787855,0.9122594143353033,69681.64162360138,288.15,0.8385412648334485,34.10170418730735,0.02357602356326989,7.2,9.408420589344066
33350.0,10000.0,15.5,49.0,34.300000000000004,181.0,50.2,3037.0,45.1,14.05,82.9,1125.0,68.10000000000001,81.7,7015.950524105048,33.72190566075707,22.054982646222513,10.23690502920301,0.73103805261132,1.0497566737925523,0.49,1.0,0.9122180111296709,0.9999999999999997,0.9885098200787855,0.9122180111296709,69681.64162360138,288.15,0.8385412648334485,34.10170418730735,0.02357501479384233,7.0,9.408529971835353
33400.0,10000.0,15.100000000000001,50.0,34.800000000000004,181.0,49.900000000000006,3037.0,44.5,13.950000000000001,83.7,1128.0,68.3,81.5,7016.031940011195,33.72190566075707,22.055238581094205,10.23690502920301,0.73103805261132,1.0497566737925523,0.59,1.0,0.912176674533285,0.9999999999999997,0.9885098200787855,0.912176674533285,69681.64162360138,288.15,0.8385412648334485,34.10170418730735,0.023574007889264437,6.800000000000001,9.408639152193814
33450.0,9980.0,14.700000000000001,49.5,34.6,180.0,50.300000000000004,3044.0,45.2,14.15,83.10000000000001,1123.0,68.4,80.30000000000001,7016.113205408792,33.72190566075707,22.055494042834933,10.23690502920301,0.73103805261132,1.0497566737925523,0.5,1.0,0.9121354044916303,0.9999999999999997,0.9885098200787855,0.9121354044916303,69681.64162360138,288.15,0.8385412648334485,34.10170418730735,0.023573002846788704,7.1000000000000005,9.4087481307173
33500.0,10000.0,15.0,49.5,35.0,181.0,50.0,3034.0,44.6,13.950000000000001,83.60000000000001,1128.0,67.8,80.10000000000001,7016.194320519583,33.72190566075707,22.055749032141755,10.23690502920301,0.73103805261132,1.0497566737925523,0.54,1.0,0.912094200950128,0.9999999999999997,0.9885098200787855,0.912094200950128,69681.64162360138,288.15,0.8385412648334485,34.10170418730735,0.023571999663671808,6.800000000000001,9.408856907703171
33550.0,10010.0,14.8,49.5,35.1,182.0,50.1,3038.0,45.1,13.9,82.7,1121.0,68.7,82.0,7016.275285564977,33.72190566075707,22.056003549710685,10.23690502920301,0.73103805261132,1.0497566737925523,0.54,1.0,0.9120530638541271,0.9999999999999997,0.9885098200787855,0.9120530638541271,69681.64162360138,288.15,0.8385412648334485,34.10170418730735,0.02357099833717479,7.1000000000000005,9.408965483448346
33600.0,9980.0,14.9,51.0,35.1,180.0,49.6,3043.0,45.0,13.9,82.80000000000001,1124.0,68.0,81.30000000000001,7016.35610076603,33.72190566075707,22.05625759623662,10.23690502920301,0.73103805261132,1.0497566737925523,0.51,1.0,0.9120119931489126,0.9999999999999997,0.9885098200787855,0.9120119931489126,69681.64162360138,288.15,0.8385412648334485,34.10170418730735,0.023569998864562916,7.2,9.409073858249263
33650.0,10000.0,15.3,50.0,36.2,180.0,49.800000000000004,3034.0,44.900000000000006,13.9,83.5,1122.0,68.10000000000001,80.60000000000001,7016.436766343459,33.72190566075707,22.05651117241339,10.23690502920301,0.73103805261132,1.0497566737925523,0.52,1.0,0.9119709887797005,0.9999999999999997,0.9885098200787855,0.9119709887797005,69681.64162360138,288.15,0.8385412648334485,34.10170418730735,0.023569001243105712,7.2,9.409182032401906
33700.0,10030.0,14.700000000000001,50.0,34.7,179.0,49.900000000000006,3041.0,44.900000000000006,14.15,83.60000000000001,1124.0,67.9,80.80000000000001,7016.517282517632,33.72190566075707,22.05676427893375,10.23690502920301,0.73103805261132,1.0497566737925523,0.55,1.0,0.9119300506916408,0.9999999999999997,0.9885098200787855,0.9119300506916408,69681.64162360138,288.15,0.8385412648334485,34.10170418730735,0.023568005470077,6.6000000000000005,9.409290006201797
33750.0,9980.0,14.8,50.5,35.5,181.0,50.1,3037.0,45.2,13.9,82.2,1128.0,67.7,81.2,7016.597649508577,33.72190566075707,22.057016916489346,10.23690502920301,0.73103805261132,1.0497566737925523,0.53,1.0,0.9118891788298192,0.9999999999999997,0.9885098200787855,0.9118891788298192,69681.64162360138,288.15,0.8385412648334485,34.10170418730735,0.02356701154275486,7.1000000000000005,9.409397779943992
33800.0,10010.0,15.3,50.0,34.800000000000004,180.0,49.900000000000006,3037.0,45.800000000000004,14.0,83.60000000000001,1125.0,68.4,81.60000000000001,7016.677867535975,33.72190566075707,22.05726908577077,10.23690502920301,0.73103805261132,1.0497566737925523,0.55,1.0,0.9118483731392568,0.9999999999999997,0.9885098200787855,0.9118483731392568,69681.64162360138,288.15,0.8385412648334485,34.10170418730735,0.02356601945842152,7.1000000000000005,9.409505353923093
33850.0,10010.0,15.4,50.0,35.0,181.0,49.800000000000004,3035.0,45.0,13.9,83.80000000000001,1125.0,67.9,81.10000000000001,7016.75793681917,33.72190566075707,22.05752078746754,10.23690502920301,0.73103805261132,1.0497566737925523,0.53,1.0,0.9118076335649069,0.9999999999999997,0.9885098200787855,0.9118076335649069,69681.64162360138,288.15,0.8385412648334485,34.10170418730735,0.0235650292143636,6.9,9.409612728433244
33900.0,10000.0,15.0,50.0,34.7,181.0,49.6,3037.0,44.900000000000006,14.05,82.5,1126.0,68.0,81.80000000000001,7016.837857577155,33.72190566075707,22.057772022268068,10.23690502920301,0.73103805261132,1.0497566737925523,0.54,1.0,0.9117669600516651,0.9999999999999997,0.9885098200787855,0.9117669600516651,69681.64162360138,288.15,0.8385412648334485,34.10170418730735,0.0235640408078718,6.7,9.409719903768117
33950.0,9990.0,15.3,49.5,35.0,180.0,49.900000000000006,3049.0,44.900000000000006,14.05,82.9,1128.0,68.4,81.0,7016.917630028593,33.72190566075707,22.05802279085973,10.23690502920301,0.73103805261132,1.0497566737925523,0.53,1.0,0.9117263525443577,0.9999999999999997,0.9885098200787855,0.9117263525443577,69681.64162360138,288.15,0.8385412648334485,34.10170418730735,0.023563054236241127,6.800000000000001,9.409826880220944
34000.0,9990.0,15.3,49.5,34.0,181.0,49.800000000000004,3037.0,45.5,14.0,83.2,1124.0,67.5,81.2,7016.997254391799,33.72190566075707,22.058273093928815,10.23690502920301,0.73103805261132,1.0497566737925523,0.54,1.0,0.9116858109877525,0.9999999999999997,0.9885098200787855,0.9116858109877525,69681.64162360138,288.15,0.8385412648334485,34.10170418730735,0.02356206949677079,7.1000000000000005,9.40993365808449
34050.0,9990.0,15.0,49.0,35.2,180.0,50.400000000000006,3038.0,44.7,14.0,83.10000000000001,1128.0,68.10000000000001,80.60000000000001,7017.076730884749,33.72190566075707,22.058522932160535,10.23690502920301,0.73103805261132,1.0497566737925523,0.48,1.0,0.9116453353265545,0.9999999999999997,0.9885098200787855,0.9116453353265545,69681.64162360138,288.15,0.8385412648334485,34.10170418730735,0.023561086586764163,7.1000000000000005,9.410040237651065
34100.0,10020.0,15.0,50.5,35.4,180.0,49.800000000000004,3039.0,45.400000000000006,14.05,83.80000000000001,1126.0,68.0,81.2,7017.156059725082,33.72190566075707,22.058772306239057,10.23690502920301,0.73103805261132,1.0497566737925523,0.53,1.0,0.9116049255054062,0.9999999999999997,0.9885098200787855,0.9116049255054062,69681.64162360138,288.15,0.8385412648334485,34.10170418730735,0.023560105503528817,7.300000000000001,9.41014661921253
34150.0,9970.0,15.0,50.0,34.5,181.0,49.900000000000006,3036.0,45.6,14.05,83.7,1128.0,68.0,82.30000000000001,7017.235241130098,33.72190566075707,22.05902121684747,10.23690502920301,0.73103805261132,1.0497566737925523,0.55,1.0,0.9115645814688886,0.9999999999999997,0.9885098200787855,0.9115645814688886,69681.64162360138,288.15,0.8385412648334485,34.10170418730735,0.023559126244376585,6.800000000000001,9.410252803060285
34200.0,9980.0,15.200000000000001,50.0,34.4,180.0,49.900000000000006,3040.0,45.1,13.950000000000001,83.7,1126.0,67.9,81.0,7017.314275316756,33.72190566075707,22.059269664667788,10.23690502920301,0.73103805261132,1.0497566737925523,0.56,1.0,0.9115243031615263,0.9999999999999997,0.9885098200787855,0.9115243031615263,69681.64162360138,288.15,0.8385412648334485,34.10170418730735,0.023558148806623415,6.9,9.410358789485276
34250.0,10020.0,15.5,49.5,33.800000000000004,181.0,49.900000000000006,3034.0,44.800000000000004,13.950000000000001,84.10000000000001,1127.0,68.5,81.5,7017.39316250168,33.72190566075707,22.059517650380993,10.23690502920301,0.73103805261132,1.0497566737925523,0.52,1.0,0.9114840905277807,0.9999999999999997,0.9885098200787855,0.9114840905277807,69681.64162360138,288.15,0.8385412648334485,34.10170418730735,0.02355717318758943,6.9,9.410464578778003
34300.0,10010.0,15.3,50.5,34.9,180.0,50.1,3036.0,44.7,13.950000000000001,83.2,1129.0,68.5,80.60000000000001,7017.471902901158,33.72190566075707,22.059765174666982,10.23690502920301,0.73103805261132,1.0497566737925523,0.51,1.0,0.9114439435120553,0.9999999999999997,0.9885098200787855,0.9114439435120553,69681.64162360138,288.15,0.8385412648334485,34.10170418730735,0.023556199384598957,6.9,9.410570171228512
34350.0,10010.0,14.9,50.0,34.4,180.0,50.0,3035.0,44.900000000000006,14.100000000000001,82.7,1125.0,68.5,81.30000000000001,7017.550496731138,33.72190566075707,22.060012238204614,10.23690502920301,0.73103805261132,1.0497566737925523,0.55,1.0,0.9114038620586954,0.9999999999999997,0.9885098200787855,0.9114038620586954,69681.64162360138,288.15,0.8385412648334485,34.10170418730735,0.023555227394980456,7.1000000000000005,9.410675567126392
34400.0,10000.0,14.9,50.5,35.5,181.0,49.800000000000004,3043.0,44.900000000000006,13.950000000000001,83.2,1129.0,68.2,81.10000000000001,7017.628944207236,33.72190566075707,22.060258841671672,10.23690502920301,0.73103805261132,1.0497566737925523,0.55,1.0,0.9113638461119884,0.9999999999999997,0.9885098200787855,0.9113638461119884,69681.64162360138,288.15,0.8385412648334485,34.10170418730735,0.023554257216066535,7.1000000000000005,9.410780766760787
34450.0,9990.0,14.8,50.0,35.0,179.0,50.2,3036.0,45.5,13.9,83.2,1125.0,67.7,81.0,7017.7072455447305,33.72190566075707,22.06050498574491,10.23690502920301,0.73103805261132,1.0497566737925523,0.58,1.0,0.9113238956161638,0.9999999999999997,0.9885098200787855,0.9113238956161638,69681.64162360138,288.15,0.8385412648334485,34.10170418730735,0.023553288845193983,7.1000000000000005,9.410885770420396
34500.0,9990.0,14.5,49.0,34.800000000000004,179.0,50.0,3029.0,45.0,14.100000000000001,84.30000000000001,1122.0,67.8,80.80000000000001,7017.785400958567,33.72190566075707,22.06075067110001,10.23690502920301,0.73103805261132,1.0497566737925523,0.53,1.0,0.9112840105153954,0.9999999999999997,0.9885098200787855,0.9112840105153954,69681.64162360138,288.15,0.8385412648334485,34.10170418730735,0.023552322279703646,6.7,9.410990578393458
34550.0,10020.0,15.0,50.0,35.6,180.0,50.1,3035.0,44.6,13.950000000000001,84.60000000000001,1129.0,68.10000000000001,80.80000000000001,7017.86341066336,33.72190566075707,22.060995898411623,10.23690502920301,0.73103805261132,1.0497566737925523,0.55,1.0,0.9112441907537985,0.9999999999999997,0.9885098200787855,0.9112441907537985,69681.64162360138,288.15,0.8385412648334485,34.10170418730735,0.02355135751694059,6.7,9.41109519096778
34600.0,9980.0,14.8,51.0,35.800000000000004,180.0,49.900000000000006,3031.0,45.0,14.0,83.80000000000001,1129.0,68.0,81.5,7017.941274873382,33.72190566075707,22.061240668353328,10.23690502920301,0.73103805261132,1.0497566737925523,0.51,1.0,0.9112044362754357,0.9999999999999997,0.9885098200787855,0.9112044362754357,69681.64162360138,288.15,0.8385412648334485,34.10170418730735,0.02355039455425394,7.2,9.411199608430703
34650.0,9990.0,15.100000000000001,50.0,35.0,181.0,49.7,3033.0,44.900000000000006,13.9,83.0,1126.0,68.5,81.30000000000001,7018.018993802582,33.72190566075707,22.061484981597687,10.23690502920301,0.73103805261132,1.0497566737925523,0.56,1.0,0.911164747024312,0.9999999999999997,0.9885098200787855,0.911164747024312,69681.64162360138,288.15,0.8385412648334485,34.10170418730735,0.023549433388996916,7.1000000000000005,9.411303831069139
34700.0,9990.0,15.100000000000001,50.5,35.5,180.0,49.7,3031.0,44.900000000000006,13.850000000000001,84.4,1128.0,67.8,80.7,7018.096567664577,33.72190566075707,22.061728838816208,10.23690502920301,0.73103805261132,1.0497566737925523,0.56,1.0,0.9111251229443779,0.9999999999999997,0.9885098200787855,0.9111251229443779,69681.64162360138,288.15,0.8385412648334485,34.10170418730735,0.023548474018526888,6.7,9.411407859169552
34750.0,9990.0,14.8,50.0,35.2,181.0,50.2,3038.0,45.300000000000004,13.950000000000001,82.2,1125.0,67.7,81.0,7018.173996672649,33.72190566075707,22.06197224067936,10.23690502920301,0.73103805261132,1.0497566737925523,0.5,1.0,0.9110855639795306,0.9999999999999997,0.9885098200787855,0.9110855639795306,69681.64162360138,288.15,0.8385412648334485,34.10170418730735,0.023547516440205352,6.9,9.411511693017957
34800.0,10010.0,15.5,49.0,34.5,179.0,50.2,3037.0,44.800000000000004,14.05,83.80000000000001,1127.0,67.7,81.4,7018.251281039746,33.72190566075707,22.06221518785655,10.23690502920301,0.73103805261132,1.0497566737925523,0.52,1.0,0.9110460700736158,0.9999999999999997,0.9885098200787855,0.9110460700736158,69681.64162360138,288.15,0.8385412648334485,34.10170418730735,0.023546560651397798,7.0,9.41161533289992
34850.0,9990.0,15.3,50.0,35.4,181.0,50.1,3036.0,45.300000000000004,14.05,84.80000000000001,1128.0,68.3,81.4,7018.328420978494,33.72190566075707,22.062457681016184,10.23690502920301,0.73103805261132,1.0497566737925523,0.52,1.0,0.9110066411704217,0.9999999999999997,0.9885098200787855,0.9110066411704217,69681.64162360138,288.15,0.8385412648334485,34.10170418730735,0.02354560664947392,7.0,9.411718779100582
34900.0,10000.0,15.200000000000001,50.5,35.1,180.0,49.900000000000006,3032.0,45.5,13.950000000000001,83.80000000000001,1128.0,68.10000000000001,81.2,7018.405416701182,33.72190566075707,22.0626997208256,10.23690502920301,0.73103805261132,1.0497566737925523,0.5,1.0,0.91096727721369,0.9999999999999997,0.9885098200787855,0.91096727721369,69681.64162360138,288.15,0.8385412648334485,34.10170418730735,0.0235446544318074,6.800000000000001,9.411822031904618
34950.0,10020.0,15.0,50.5,35.6,180.0,50.1,3038.0,44.7,14.0,83.60000000000001,1126.0,67.9,81.2,7018.482268419772,33.72190566075707,22.062941307951107,10.23690502920301,0.73103805261132,1.0497566737925523,0.59,1.0,0.9109279781471058,0.9999999999999997,0.9885098200787855,0.9109279781471058,69681.64162360138,288.15,0.8385412648334485,34.10170418730735,0.023543703995776002,6.6000000000000005,9.411925091596283
35000.0,10010.0,14.9,49.5,34.9,181.0,50.1,3038.0,45.300000000000004,14.100000000000001,83.7,1126.0,68.2,81.5,7018.558976345902,33.72190566075707,22.063182443058007,10.23690502920301,0.73103805261132,1.0497566737925523,0.5,1.0,0.9108887439143044,0.9999999999999997,0.9885098200787855,0.9108887439143044,69681.64162360138,288.15,0.8385412648334485,34.10170418730735,0.02354275533876155,6.6000000000000005,9.412027958459383
35050.0,9980.0,15.0,50.0,34.5,181.0,49.800000000000004,3042.0,45.1,13.950000000000001,83.5,1129.0,67.8,80.60000000000001,6978.332718613552,33.589932862005014,21.93672924000857,10.19684225751822,0.7281770892135829,1.0497566737925526,0.53,1.0,0.9108495744588692,1.0,0.9885098200787855,0.9108495744588692,69681.64162360138,288.15,0.8385412648334485,34.09610179421565,0.023541850428414862,6.7,9.358083742315145
35100.0,10010.0,14.9,51.0,34.2,180.0,49.800000000000004,3030.0,45.0,14.0,82.80000000000001,1128.0,67.5,81.2,6935.157017467408,33.457007790350175,21.812498015135308,10.151138628772324,0.7249133008263353,1.0497566737925526,0.54,1.0,0.9102991079835353,1.0,0.9885098200787855,0.9102991079835353,69681.64162360138,288.15,0.8385412648334485,34.085700164479405,0.023541003721436207,6.9,9.300184263564145
35150.0,9990.0,15.3,50.5,34.6,179.0,49.1,3031.0,45.1,14.05,83.10000000000001,1125.0,68.3,81.0,6889.541372054335,33.32336490806451,21.690258671461084,10.10069361436715,0.7213109205180772,1.0497566737925526,0.53,1.0,0.9093073671926312,1.0,0.9885098200787855,0.9093073671926312,69681.64162360138,288.15,0.8385412648334485,34.0711877307009,0.023540227471193883,6.5,9.239012770752304
35200.0,9990.0,15.3,49.5,35.300000000000004,178.0,48.900000000000006,3023.0,45.5,13.9,83.60000000000001,1130.0,67.60000000000001,81.10000000000001,6841.917056553937,33.189200946870685,21.569810009740575,10.046274710956292,0.7174247567741302,1.0497566737925526,0.52,1.0,0.9079317206749384,1.0,0.9885098200787855,0.9079317206749384,69681.64162360138,288.15,0.8385412648334485,34.05315459088152,0.023539532038989473,6.5,9.17514761117996
35250.0,9990.0,15.4,50.5,34.9,180.0,48.900000000000006,3021.0,44.800000000000004,14.100000000000001,84.0,1129.0,67.5,80.80000000000001,6792.649438506547,33.05468157285885,21.450976830565814,9.988536788185499,0.7133015751578338,1.0497566737925526,0.51,1.0,0.906219679593578,0.9999999999999997,0.9885098200787855,0.906219679593578,69681.64162360138,288.15,0.8385412648334485,34.032106556347074,0.02353892616299547,6.800000000000001,9.10907875002605
35300.0,9980.0,15.200000000000001,50.5,35.2,179.0,48.300000000000004,3012.0,45.0,14.05,83.60000000000001,1130.0,67.3,81.4,6742.048270997466,32.91994673837177,21.33360710031567,9.928038595336375,0.7089812770832924,1.0497566737925526,0.5,1.0,0.9042110256468263,0.9999999999999997,0.9885098200787855,0.9042110256468263,69681.64162360138,288.15,0.8385412648334485,34.00847719282845,0.023538417190202367,6.7,9.041221572373022
35350.0,10010.0,15.3,50.5,35.2,180.0,48.2,2997.0,45.400000000000006,14.0,83.5,1129.0,67.10000000000001,80.80000000000001,6690.376312051776,32.78511500807736,21.21756926874863,9.865256844010238,0.7044979054882586,1.0497566737925526,0.56,1.0,0.9019394294766283,1.0,0.9885098200787855,0.9019394294766283,69681.64162360138,288.15,0.8385412648334485,33.98263814138979,0.02353801127615936,6.800000000000001,8.971928441987673
35400.0,9990.0,15.0,50.5,35.4,179.0,48.300000000000004,3000.0,45.0,13.9,83.9,1128.0,66.9,81.2,6637.856558713991,32.6502870782586,21.102749787044186,9.800598223305865,0.699880502862229,1.0497566737925526,0.6,1.0,0.8994336833302091,1.0,0.9885098200787855,0.8994336833302091,69681.64162360138,288.15,0.8385412648334485,33.95490796494033,0.023537713556760747,6.6000000000000005,8.901498402366636
35450.0,9990.0,14.700000000000001,51.0,35.300000000000004,181.0,47.800000000000004,2992.0,44.7,14.0,83.4,1130.0,67.4,81.0,6584.678330450082,32.515548657253376,20.989050848837753,9.734409651720819,0.6951538433554127,1.0497566737925526,0.51,1.0,0.8967186428527777,1.0,0.9885098200787855,0.8967186428527777,69681.64162360138,288.15,0.8385412648334485,33.92555973096076,0.023537528295830334,6.2,8.83018533470017
35500.0,9970.0,15.3,50.0,34.9,181.0,47.800000000000004,2981.0,45.6,14.05,83.4,1128.0,66.7,81.80000000000001,6531.002394044153,32.38097283654605,20.876388359516,9.666987025248485,0.6903390574980007,1.0497566737925526,0.43,1.0,0.8938159500404605,1.0,0.9885098200787855,0.8938159500404605,69681.64162360138,288.15,0.8385412648334485,33.894827510985,0.023537459011796522,6.4,8.758204830461091
35550.0,10000.0,14.8,50.0,35.7,181.0,47.1,2968.0,44.6,14.05,83.10000000000001,1122.0,67.0,81.5,6476.965287936288,32.246622052993374,20.764690128050724,9.598582682886912,0.6854541653272217,1.0497566737925523,0.53,1.0,0.8907445917031243,0.9999999999999997,0.9885098200787855,0.8907445917031243,69681.64162360138,288.15,0.8385412648334485,33.862911951586675,0.023537508586335423,6.5,8.685739990428322
35600.0,10000.0,15.600000000000001,50.0,35.300000000000004,180.0,47.1,2954.0,44.900000000000006,13.9,82.9,1130.0,66.60000000000001,81.60000000000001,6422.682976270937,32.11254972065466,20.653894269018167,9.529411778131104,0.6805145313884682,1.0497566737925526,0.54,1.0,0.8875213342771072,1.0,0.9885098200787855,0.8875213342771072,69681.64162360138,288.15,0.8385412648334485,33.82998504951239,0.02353767935748595,6.4,8.612946324838852
35650.0,10010.0,15.200000000000001,50.0,35.300000000000004,181.0,46.6,2947.0,44.7,14.05,83.9,1126.0,65.9,81.0,6368.2539404611025,31.978801593915843,20.543947798800282,9.459657717191382,0.6755332530894473,1.0497566737925526,0.51,1.0,0.8841610655843942,1.0,0.9885098200787855,0.8841610655843942,69681.64162360138,288.15,0.8385412648334485,33.79619424465532,0.023537973199410013,6.4,8.53995589923715
35700.0,10000.0,14.9,50.5,35.1,180.0,46.5,2943.0,45.1,13.950000000000001,83.4,1129.0,66.9,81.5,6313.761797771024,31.845416910737566,20.434805408319775,9.389476800969485,0.6705214921930654,1.0497566737925526,0.46,1.0,0.8806770664070641,1.0,0.9885098200787855,0.8806770664070641,69681.64162360138,288.15,0.8385412648334485,33.7616659283205,0.023538391590679445,6.1000000000000005,8.4668808460469
35750.0,9990.0,15.100000000000001,50.0,34.6,179.0,45.800000000000004,2918.0,45.0,14.15,84.30000000000001,1124.0,66.3,80.60000000000001,6259.27752144845,31.712429354943726,20.326428394329668,9.319002187625275,0.6654887577923149,1.0497566737925526,0.44,1.0,0.8770812289372281,1.0,0.9885098200787855,0.8770812289372281,69681.64162360138,288.15,0.8385412648334485,33.726508450311485,0.023538935672714353,6.0,8.393816341812801
35800.0,10000.0,15.0,50.0,35.300000000000004,180.0,46.0,2916.0,44.6,13.9,83.60000000000001,1126.0,65.5,81.30000000000001,6204.861324644488,31.579867868779253,20.218783731783255,9.248347275361299,0.6604431478817477,1.0497566737925526,0.44,1.0,0.8733842348095457,1.0,0.9885098200787855,0.8733842348095457,69681.64162360138,288.15,0.8385412648334485,33.69081469643563,0.023539606299774665,6.6000000000000005,8.320843133574753
35850.0,9990.0,15.200000000000001,50.5,34.6,180.0,45.900000000000006,2910.0,45.1,13.9,83.5,1126.0,66.0,81.7,6150.564260226002,31.447757340964284,20.111843270814195,9.177608590394094,0.6553915555933375,1.0497566737925526,0.5,1.0,0.8695957021705547,1.0,0.9885098200787855,0.8695957021705547,69681.64162360138,288.15,0.8385412648334485,33.6546642977965,0.0235404040817114,6.2,8.248029684248275
35900.0,10010.0,15.200000000000001,50.5,35.0,180.0,45.7,2898.0,44.6,14.05,83.10000000000001,1124.0,65.9,82.0,6096.429580203641,31.316119190755643,20.00558304313351,9.106868252591257,0.6503398452725982,1.0497566737925526,0.42,1.0,0.8657243088153446,1.0,0.9885098200787855,0.8657243088153446,69681.64162360138,288.15,0.8385412648334485,33.618125524475595,0.023541329420515556,6.4,8.175433995644688
35950.0,9970.0,14.9,51.0,34.9,180.0,45.400000000000006,2882.0,45.0,14.0,84.30000000000001,1124.0,65.4,80.80000000000001,6042.4938915417015,31.184971864795447,19.899982664047055,9.036196080608647,0.6452930028106826,1.0497566737925526,0.44,1.0,0.861777896622049,1.0,0.9885098200787855,0.861777896622049,69681.64162360138,288.15,0.8385412648334485,33.58125690869046,0.023542382541555985,6.300000000000001,8.103105158435254
36000.0,10000.0,14.8,49.5,34.800000000000004,180.0,44.7,2877.0,44.900000000000006,13.950000000000001,83.30000000000001,1128.0,65.10000000000001,81.2,5988.788139323572,31.054331260553752,19.795024817712996,8.965651389288109,0.6402552640001812,1.0497566737925526,0.53,1.0,0.8577635611820459,1.0,0.9885098200787855,0.8577635611820459,69681.64162360138,288.15,0.8385412648334485,33.544108636075606,0.023543563520271645,6.5,8.031084670595696
36050.0,9990.0,14.700000000000001,49.5,35.4,180.0,44.800000000000004,2876.0,45.0,14.05,83.5,1125.0,65.5,80.9,5935.338443409893,30.92421108778771,19.69069481463094,8.895284524339244,0.6352302241298458,1.0497566737925526,0.5,1.0,0.8536877295406258,1.0,0.9885098200787855,0.8536877295406258,69681.64162360138,288.15,0.8385412648334485,33.50672373821146,0.023544872304974613,5.800000000000001,7.959407559381536
36100.0,9990.0,14.700000000000001,49.5,34.800000000000004,178.0,44.5,2855.0,45.2,14.05,82.7,1126.0,64.8,82.0,5882.166810677367,30.794623177513976,19.586980211645216,8.825138172730698,0.6302209315622763,1.0497566737925526,0.43,1.0,0.8495562282398321,1.0,0.9885098200787855,0.8495562282398321,69681.64162360138,288.15,0.8385412648334485,33.469139114794764,0.023546308736326346,5.7,7.888103336454563
36150.0,9990.0,14.600000000000001,50.0,35.1,181.0,44.5,2856.0,45.0,14.0,82.4,1129.0,64.7,81.60000000000001,5829.291741528287,30.665577746425907,19.483870485933565,8.755248481588428,0.625229967636705,1.0497566737925526,0.42,1.0,0.8453743433248366,0.9999999999999997,0.9885098200787855,0.8453743433248366,69681.64162360138,288.15,0.8385412648334485,33.43138640978714,0.023547872563968984,5.9,7.817196811224265
36200.0,10000.0,15.100000000000001,49.5,35.5,182.0,43.800000000000004,2838.0,44.1,14.05,82.0,1126.0,64.0,81.2,5776.728746503422,30.537083623407035,19.381356755530945,8.685646013596953,0.620259514896128,1.0497566737925526,0.48,1.0,0.8411468735870308,1.0,0.9885098200787855,0.8411468735870308,69681.64162360138,288.15,0.8385412648334485,33.39349276240238,0.023549563460724742,5.300000000000001,7.74670878363602
36250.0,10000.0,14.9,51.0,35.2,179.0,43.7,2831.0,45.2,13.950000000000001,83.0,1126.0,64.10000000000001,80.4,5724.490786423459,30.40914844373907,19.279431539904866,8.616356562802824,0.6153114153454777,1.0497566737925523,0.43,1.0,0.8368781780330338,0.9999999999999997,0.9885098200787855,0.8368781780330338,69681.64162360138,288.15,0.8385412648334485,33.355481450812555,0.02355138103471623,6.1000000000000005,7.6766566344095875
36300.0,10000.0,15.0,50.0,35.9,180.0,43.7,2811.0,44.900000000000006,14.0,82.7,1126.0,64.3,80.9,5672.588647452547,30.281778815731833,19.17808855495789,8.547401851223375,0.610387220197861,1.0497566737925526,0.44,1.0,0.8325722183608054,1.0,0.9885098200787855,0.8325722183608054,69681.64162360138,288.15,0.8385412648334485,33.317372443898954,0.023553324839709882,5.800000000000001,7.607054828006815
36350.0,9990.0,15.3,50.0,34.9,178.0,43.2,2804.0,45.5,14.05,83.80000000000001,1124.0,63.800000000000004,81.9,5621.031260760382,30.154980463777957,19.077322537590636,8.478800123679976,0.605488232352801,1.0497566737925526,0.41000000000000003,1.0,0.8282325970711957,1.0,0.9885098200787855,0.8282325970711957,69681.64162360138,288.15,0.8385412648334485,33.27918287418434,0.023555394383941365,5.9,7.537915341304887
36400.0,10010.0,15.100000000000001,50.0,34.6,181.0,43.1,2793.0,44.900000000000006,14.0,83.2,1128.0,63.900000000000006,80.9,5569.825975006261,30.02875835123096,18.97712909562366,8.410566655728218,0.6006155426685583,1.0497566737925526,0.39,1.0,0.8238625917301493,1.0,0.9885098200787855,0.8238625917301493,69681.64162360138,288.15,0.8385412648334485,33.24092744320643,0.023557589137643883,5.6000000000000005,7.4692480290028955
36450.0,9980.0,14.9,49.5,35.2,182.0,42.400000000000006,2790.0,44.900000000000006,14.05,82.30000000000001,1129.0,63.400000000000006,81.2,5518.978788637471,29.90311678599788,18.877504579457128,8.342714187383299,0.5957700609353354,1.0497566737925526,0.38,1.0,0.8194651858121585,1.0,0.9885098200787855,0.8194651858121585,69681.64162360138,288.15,0.8385412648334485,33.202618768983896,0.02355990853946781,5.5,7.401060935138621
36500.0,10010.0,14.9,50.5,35.5,179.0,42.800000000000004,2770.0,45.0,14.0,83.2,1120.0,63.1,80.60000000000001,5468.494547950547,29.778059511311024,18.778445972352397,8.275253293482999,0.5909525423236449,1.0497566737925526,0.48,1.0,0.8150430964913292,0.9999999999999997,0.9885098200787855,0.8150430964913292,69681.64162360138,288.15,0.8385412648334485,33.16426768384743,0.023562352001954265,5.9,7.333360558692643
36550.0,10010.0,14.9,49.5,34.7,182.0,42.1,2750.0,45.300000000000004,14.100000000000001,84.10000000000001,1130.0,63.300000000000004,81.30000000000001,5418.377115977713,29.65358978378263,18.679950796657018,8.208192699946048,0.5861636099689576,1.0497566737925526,0.36,1.0,0.8105987996968606,1.0,0.9885098200787855,0.8105987996968606,69681.64162360138,288.15,0.8385412648334485,33.12588348972672,0.023564918916199697,5.4,7.266152080068434
36600.0,10010.0,15.0,50.0,34.6,179.0,42.400000000000006,2755.0,45.0,14.0,82.5,1129.0,63.300000000000004,80.5,5368.629516508665,29.52971044054193,18.582017033674866,8.141539553830965,0.5814037742571495,1.0497566737925526,0.44,1.0,0.8061345527103779,0.9999999999999997,0.9885098200787855,0.8061345527103779,69681.64162360138,288.15,0.8385412648334485,33.087474176971085,0.0235676086558302,5.5,7.19943955422845
36650.0,10010.0,15.5,51.0,34.9,181.0,41.800000000000004,2734.0,45.1,14.05,83.2,1125.0,62.300000000000004,81.0,5319.254056917771,29.406423956993606,18.48464305520843,8.075299653945311,0.5766734492927743,1.0497566737925526,0.39,1.0,0.8016524145508305,0.9999999999999997,0.9885098200787855,0.8016524145508305,69681.64162360138,288.15,0.8385412648334485,33.04904661191331,0.02357042058038595,5.4,7.13322607540787
36700.0,10010.0,15.3,49.5,34.800000000000004,181.0,41.5,2726.0,44.900000000000006,14.100000000000001,83.80000000000001,1130.0,62.2,80.80000000000001,5270.25243292342,29.28373249651773,18.387827565083835,8.009477647769172,0.5719729669617664,1.0497566737925526,0.47000000000000003,1.0,0.7971542643661869,1.0,0.9885098200787855,0.7971542643661869,69681.64162360138,288.15,0.8385412648334485,33.01060669764204,0.023573354038201995,5.5,7.067513917598965
36750.0,9990.0,15.4,49.5,35.6,181.0,41.1,2717.0,45.2,14.200000000000001,82.60000000000001,1131.0,62.0,80.60000000000001,5221.625817943133,29.161637953242046,18.29156954921037,7.9440771996144885,0.5673025889400383,1.0497566737925526,0.41000000000000003,1.0,0.7926418180287337,1.0,0.9885098200787855,0.7926418180287337,69681.64162360138,288.15,0.8385412648334485,32.97215951181019,0.023576408368859377,5.2,7.002304654378101
36800.0,9990.0,15.100000000000001,50.5,35.1,180.0,41.0,2704.0,45.1,14.100000000000001,83.2,1123.0,61.6,81.30000000000001,5173.374939314499,29.04014198885783,18.195868232935247,7.879101134222951,0.5626625169480962,1.0497566737925526,0.44,1.0,0.7881166431112857,1.0,0.9885098200787855,0.7881166431112857,69681.64162360138,288.15,0.8385412648334485,32.933709424759954,0.02357958290526867,5.5,6.93759926111953
36850.0,10020.0,15.100000000000001,50.5,34.4,180.0,40.5,2693.0,45.900000000000006,14.0,82.60000000000001,1128.0,61.400000000000006,80.7,5125.500143316617,28.919246064312834,18.100723044633128,7.814551559391016,0.55805290150794,1.0497566737925526,0.47000000000000003,1.0,0.78358017240436,1.0,0.9885098200787855,0.78358017240436,69681.64162360138,288.15,0.8385412648334485,32.89526020077647,0.02358287697544043,5.4,6.87339820219045
36900.0,10000.0,14.9,50.0,35.6,180.0,39.900000000000006,2692.0,45.1,14.05,83.7,1128.0,61.6,81.0,5078.001450641195,28.798951467097805,18.006133584623036,7.750429970686487,0.5534738494210855,1.0497566737925523,0.37,1.0,0.7790337161190755,0.9999999999999997,0.9885098200787855,0.7790337161190755,69681.64162360138,288.15,0.8385412648334485,32.856815084880374,0.023586289903987968,5.1000000000000005,6.809701505338856
36950.0,10020.0,14.8,49.5,35.5,180.0,40.2,2670.0,45.0,13.9,82.7,1127.0,61.2,81.80000000000001,5030.878603719269,28.67925933474206,17.912099598637177,7.68673734087332,0.5489254301545705,1.0497566737925526,0.45,1.0,0.7744784729065995,1.0,0.9885098200787855,0.7744784729065995,69681.64162360138,288.15,0.8385412648334485,32.818376877225255,0.023589821013401718,5.4,6.746508825159616
37000.0,10010.0,15.0,49.5,35.0,180.0,40.2,2663.0,45.0,14.05,83.80000000000001,1129.0,60.800000000000004,80.80000000000001,4984.131107102165,28.56017067504738,17.818620955178265,7.623474196279041,0.544407681294506,1.0497566737925526,0.37,1.0,0.7699155398124196,1.0,0.9885098200787855,0.7699155398124196,69681.64162360138,288.15,0.8385412648334485,32.7799479968708,0.02359346962512871,4.800000000000001,6.683819497246146
37050.0,10000.0,15.200000000000001,49.5,34.800000000000004,180.0,39.6,2651.0,44.900000000000006,13.950000000000001,83.10000000000001,1128.0,60.300000000000004,81.10000000000001,4937.758261918814,28.44168638351549,17.72569762619877,7.560640682012768,0.5399206132034272,1.0497566737925526,0.41000000000000003,1.0,0.7653459212722687,0.9999999999999997,0.9885098200787855,0.7653459212722687,69681.64162360138,288.15,0.8385412648334485,32.74153053644948,0.023597235060485732,4.7,6.621632584398369
37100.0,9980.0,14.600000000000001,50.0,34.5,180.0,39.800000000000004,2633.0,44.900000000000006,14.15,83.30000000000001,1126.0,60.300000000000004,81.4,4891.759195280917,28.323807258360667,17.633329670617595,7.49823661766302,0.5354642129977858,1.0497566737925526,0.44,1.0,0.7607705372460934,1.0,0.9885098200787855,0.7607705372460934,69681.64162360138,288.15,0.8385412648334485,32.7031263090278,0.02360111664143034,4.800000000000001,6.559946916055616
37150.0,9990.0,14.600000000000001,50.0,34.4,180.0,39.1,2631.0,44.800000000000004,14.05,82.10000000000001,1127.0,59.7,81.0,4846.132885379198,28.206534013444447,17.54151722026062,7.436261544866524,0.5310384479449355,1.0497566737925526,0.45,1.0,0.7561902305769403,1.0,0.9885098200787855,0.7561902305769403,69681.64162360138,288.15,0.8385412648334485,32.66473688827732,0.02360511369121104,5.1000000000000005,6.498761121951213
37200.0,10000.0,16.0,49.5,35.5,179.0,39.0,2611.0,45.1,14.0,82.80000000000001,1130.0,59.7,81.30000000000001,4800.878182904486,28.08986728942202,17.450260467871207,7.374714767935904,0.5266432683644362,1.0497566737925526,0.41000000000000003,1.0,0.7516057736530024,0.9999999999999997,0.9885098200787855,0.7516057736530024,69681.64162360138,288.15,0.8385412648334485,32.6263636429112,0.023609225534914006,4.4,6.438073660838573
37250.0,9990.0,15.0,50.5,35.6,180.0,38.7,2602.0,45.1,14.0,82.80000000000001,1127.0,59.900000000000006,80.9,4755.993829334217,27.973807663350165,17.359559656889022,7.3135953885606435,0.5222786101061206,1.0497566737925526,0.36,1.0,0.7470178744431628,0.9999999999999997,0.9885098200787855,0.7470178744431628,69681.64162360138,288.15,0.8385412648334485,32.588007766205735,0.023613451499921546,4.9,6.3778828450137715
37300.0,9960.0,14.8,49.5,35.5,180.0,38.400000000000006,2594.0,44.800000000000004,14.0,83.10000000000001,1126.0,59.300000000000004,80.7,4711.478472545381,27.858355656971316,17.26941507273932,7.2529023354474855,0.5179443966667747,1.0497566737925526,0.34,1.0,0.7424271819692275,1.0,0.9885098200787855,0.7424271819692275,69681.64162360138,288.15,0.8385412648334485,32.54967030130893,0.023617790916295643,4.7,6.318186861252808
37350.0,10000.0,14.600000000000001,50.5,35.300000000000004,181.0,38.300000000000004,2586.0,45.7,14.0,82.4,1123.0,59.800000000000004,82.0,4667.330680146991,27.74351174385838,17.17982703541201,7.192634389639787,0.5136405409982443,1.0497566737925526,0.35000000000000003,1.0,0.7378342912716113,0.9999999999999997,0.9885098200787855,0.7378342912716113,69681.64162360138,288.15,0.8385412648334485,32.51135216293834,0.02362224311709735,4.5,6.258983788690718
37400.0,10000.0,15.4,49.5,34.2,182.0,38.1,2574.0,44.900000000000006,14.05,82.10000000000001,1125.0,59.0,80.0,4623.548950867499,27.629276355579638,17.090795893142737,7.132790206147455,0.5093669470520712,1.0497566737925523,0.36,1.0,0.7332397479193267,0.9999999999999997,0.9885098200787855,0.7332397479193267,69681.64162360138,288.15,0.8385412648334485,32.47305415598384,0.023626807438651382,4.5,6.200271614092334
37450.0,10000.0,14.8,49.5,34.300000000000004,180.0,37.7,2556.0,45.0,14.0,82.7,1122.0,59.0,80.5,4580.131724283174,27.515649887020523,17.002322017035226,7.073368332426616,0.505123511099166,1.0497566737925526,0.37,1.0,0.7286440521098836,1.0,0.9885098200787855,0.7286440521098836,69681.64162360138,288.15,0.8385412648334485,32.43477699145784,0.02363148322076451,4.4,6.142048244898222
37500.0,10000.0,15.4,50.5,35.5,180.0,37.6,2543.0,44.900000000000006,14.0,83.7,1126.0,58.6,81.30000000000001,4537.077389131345,27.402632700980245,16.914405796487646,7.014367224169541,0.5009101228573958,1.0497566737925526,0.4,1.0,0.7240476623999672,1.0,0.9885098200787855,0.7240476623999672,69681.64162360138,288.15,0.8385412648334485,32.396521300171806,0.023636269806903986,4.5,6.084311520372917
37550.0,10010.0,14.5,49.0,34.1,181.0,37.4,2543.0,44.800000000000004,13.950000000000001,82.9,1131.0,58.900000000000006,81.5,4494.384290416663,27.290225132144645,16.827047635305945,6.955785258797936,0.49672666645516933,1.0497566737925523,0.37,1.0,0.719450999103446,0.9999999999999997,0.9885098200787855,0.719450999103446,69681.64162360138,288.15,0.8385412648334485,32.35828764446421,0.0236411665443425,4.800000000000001,6.027059221134555
37600.0,10000.0,14.9,50.0,34.6,180.0,36.800000000000004,2533.0,45.2,14.100000000000001,82.0,1132.0,57.5,80.5,4452.050735487763,27.178427490522633,16.74024794840389,6.897620746995334,0.492573021254988,1.0497566737925523,0.34,1.0,0.714854447389487,0.9999999999999997,0.9885098200787855,0.714854447389487,69681.64162360138,288.15,0.8385412648334485,32.32007652825826,0.02364617278427412,4.800000000000001,5.9702890773038
37650.0,10000.0,14.9,49.5,34.4,181.0,36.9,2523.0,45.1,13.8,82.2,1128.0,57.7,80.80000000000001,4410.074999235794,27.067240064421426,16.654007159004713,6.839871942565242,0.48844906255743487,1.0497566737925523,0.32,1.0,0.7102583601100659,0.9999999999999997,0.9885098200787855,0.7102583601100659,69681.64162360138,288.15,0.8385412648334485,32.28188840568825,0.02365128788190597,4.6000000000000005,5.913998775475186
37700.0,10010.0,15.200000000000001,49.5,35.1,179.0,36.5,2497.0,44.5,14.0,84.4,1122.0,57.2,81.2,4368.455328543912,26.956663123025432,16.568325696271224,6.782537050859778,0.48435466220308226,1.0497566737925526,0.41000000000000003,1.0,0.7056630603831388,1.0,0.9885098200787855,0.7056630603831388,69681.64162360138,288.15,0.8385412648334485,32.243723688499095,0.023656511196529246,4.4,5.858185964683957
37750.0,10010.0,14.9,49.5,35.0,179.0,36.4,2490.0,45.300000000000004,14.0,82.80000000000001,1123.0,57.0,81.7,4327.189946097806,26.84669691863418,16.48320399330198,6.725614235987829,0.4802896890872396,1.0497566737925526,0.34,1.0,0.7010688439549725,1.0,0.9885098200787855,0.7010688439549725,69681.64162360138,288.15,0.8385412648334485,32.20558275239452,0.02366184209157214,4.4,5.80284826151608
37800.0,9990.0,15.0,49.5,35.0,180.0,36.1,2481.0,44.900000000000006,14.05,82.80000000000001,1126.0,57.800000000000004,80.60000000000001,4286.27705365132,26.737341688607664,16.398642485440735,6.669101626981143,0.4762540096002874,1.0497566737925526,0.38,1.0,0.6964759813626626,1.0,0.9885098200787855,0.6964759813626626,69681.64162360138,288.15,0.8385412648334485,32.16746594248419,0.023667279934638352,4.0,5.747983254487494
37850.0,10010.0,15.200000000000001,49.5,34.5,178.0,35.6,2476.0,44.7,14.0,82.0,1126.0,56.5,81.0,4245.71483482717,26.628597657060006,16.31464160885325,6.612997323070745,0.47224748800447613,1.0497566737925526,0.33,1.0,0.6918847199157356,1.0,0.9885098200787855,0.6918847199157356,69681.64162360138,288.15,0.8385412648334485,32.12937357795869,0.023672824097532373,3.9000000000000004,5.693588507799933
37900.0,9990.0,14.700000000000001,49.5,35.4,180.0,35.1,2461.0,45.300000000000004,13.950000000000001,83.80000000000001,1125.0,56.800000000000004,81.60000000000001,4205.501457521208,26.52046503633731,16.23120179933316,6.557299398203786,0.46826998675648385,1.0497566737925526,0.35000000000000003,1.0,0.6872952855137137,1.0,0.9885098200787855,0.6872952855137137,69681.64162360138,288.15,0.8385412648334485,32.09130595610282,0.023678473956274426,3.9000000000000004,5.639661564565091
37950.0,9990.0,15.4,49.5,35.4,180.0,35.300000000000004,2447.0,44.800000000000004,13.950000000000001,83.0,1127.0,56.6,80.80000000000001,4165.63507596843,26.41294402831004,16.14832349130336,6.502005904911881,0.464321366783662,1.0497566737925526,0.31,1.0,0.6827078843148473,1.0,0.9885098200787855,0.6827078843148473,69681.64162360138,288.15,0.8385412648334485,32.053263355741926,0.023684228891106038,4.2,5.586199949575184
38000.0,9990.0,15.3,50.0,34.9,180.0,35.0,2435.0,44.7,14.100000000000001,82.9,1123.0,56.300000000000004,80.80000000000001,4126.1138325205575,26.306034825506433,16.066007116985013,6.447114877625839,0.4604014877207469,1.0497566737925526,0.31,1.0,0.678122704269614,1.0,0.9885098200787855,0.678122704269614,69681.64162360138,288.15,0.8385412648334485,32.01524604020235,0.02369008828648779,3.8000000000000003,5.533201171686718
38050.0,10010.0,14.4,49.5,35.0,181.0,35.1,2429.0,45.5,13.9,83.0,1128.0,55.7,81.4,4110.060004731142,26.293945873128646,16.074693036288203,6.415610749767892,0.45815171435538005,1.0497566737925526,0.32,1.0,0.6735399165312336,1.0,0.9885098200787855,0.6735399165312336,69681.64162360138,288.15,0.8385412648334485,31.98265976973986,0.02369602722750475,4.3,5.5116726675445555
38100.0,9980.0,15.100000000000001,50.0,35.5,180.0,35.2,2426.0,45.0,14.05,83.30000000000001,1128.0,55.0,80.60000000000001,4096.225495523395,26.2835303986208,16.081908994610387,6.388615092321757,0.45622389996303325,1.0497566737925526,0.37,1.0,0.66964953352199,1.0,0.9885098200787855,0.66964953352199,69681.64162360138,288.15,0.8385412648334485,31.954728680772014,0.023702033919824977,3.8000000000000003,5.4931203140067835
38150.0,10010.0,15.200000000000001,49.5,34.2,180.0,35.4,2414.0,44.800000000000004,13.950000000000001,83.60000000000001,1126.0,55.400000000000006,81.7,4084.3013346809653,26.274563531659656,16.087878204193977,6.365481857897303,0.45457190899544975,1.0497566737925526,0.35000000000000003,1.0,0.6663535340509876,1.0,0.9885098200787855,0.6663535340509876,69681.64162360138,288.15,0.8385412648334485,31.930787747371,0.02370809829449374,3.9000000000000004,5.477129775833869
38200.0,9990.0,15.4,50.0,34.4,179.0,34.800000000000004,2407.0,44.400000000000006,13.950000000000001,82.30000000000001,1126.0,56.1,80.9,4074.0204682573008,26.26684875945237,16.09278840978993,6.345657775988519,0.4531562312889493,1.0497566737925526,0.32,1.0,0.6635676340683148,1.0,0.9885098200787855,0.6635676340683148,69681.64162360138,288.15,0.8385412648334485,31.910266947312987,0.023714211750075737,4.2,5.4633429283424055
38250.0,10000.0,15.100000000000001,50.0,35.0,182.0,35.2,2402.0,45.1,13.950000000000001,83.10000000000001,1123.0,55.0,81.2,4065.15238142476,26.26021487501633,16.096797918038433,6.328668985783283,0.4519430274863909,1.0497566737925526,0.36,1.0,0.6612194099179265,1.0,0.9885098200787855,0.6612194099179265,69681.64162360138,288.15,0.8385412648334485,31.892677690120408,0.023720366934729436,4.2,5.451450646538231
38300.0,10010.0,15.100000000000001,50.0,34.800000000000004,181.0,35.2,2402.0,45.0,14.100000000000001,82.80000000000001,1127.0,55.400000000000006,81.0,4057.4983208990807,26.254513096283645,16.10004050826626,6.314109603029179,0.4509033125739813,1.0497566737925526,0.3,1.0,0.6592466598887718,1.0,0.9885098200787855,0.6592466598887718,69681.64162360138,288.15,0.8385412648334485,31.87760118395534,0.023726557561679934,4.2,5.441186398292086
38350.0,10000.0,15.600000000000001,50.5,34.800000000000004,181.0,35.1,2404.0,44.800000000000004,14.0,82.7,1127.0,54.800000000000004,81.30000000000001,4050.887078238198,26.249614401969197,16.10262945302471,6.301631940251982,0.45001225748733537,1.0497566737925526,0.34,1.0,0.6575959810537981,1.0,0.9885098200787855,0.6575959810537981,69681.64162360138,288.15,0.8385412648334485,31.86467846438528,0.023732778252710737,4.4,5.432320589658988
38400.0,10000.0,14.9,50.5,34.7,181.0,35.2,2400.0,45.1,13.950000000000001,82.9,1128.0,54.900000000000006,81.7,4045.1712875873136,26.24540710491546,16.104660825849084,6.2909381401239175,0.4492485916334143,1.0497566737925526,0.34,1.0,0.6562215373701962,1.0,0.9885098200787855,0.6562215373701962,69681.64162360138,288.15,0.8385412648334485,31.85360184761094,0.023739024405224216,3.8000000000000003,5.42465560008034
38450.0,10020.0,15.0,49.5,34.7,181.0,35.4,2397.0,45.400000000000006,14.100000000000001,83.10000000000001,1128.0,55.2,81.30000000000001,4040.2241886287948,26.241794666957958,16.106216234985542,6.281773016672645,0.44859409166680847,1.0497566737925526,0.3,1.0,0.6550839959002596,1.0,0.9885098200787855,0.6550839959002596,69681.64162360138,288.15,0.8385412648334485,31.84410760466151,0.0237452920791761,4.2,5.418021441434987
38500.0,10020.0,15.0,50.0,35.2,179.0,34.7,2395.0,44.900000000000006,14.0,82.4,1130.0,55.300000000000004,80.80000000000001,4035.9368057745405,26.23869374870378,16.107365092184914,6.273917928956585,0.44803314399652555,1.0497566737925526,0.29,1.0,0.6541496097819128,1.0,0.9885098200787855,0.6541496097819128,69681.64162360138,288.15,0.8385412648334485,31.835969682133424,0.02375157790080459,3.9000000000000004,5.412271975279775
38550.0,10010.0,15.100000000000001,50.0,35.1,181.0,35.0,2390.0,44.7,14.200000000000001,82.60000000000001,1127.0,55.1,80.80000000000001,4032.2154967865135,26.2360324811587,16.10816650286374,6.267185537443159,0.44755237032837564,1.0497566737925526,0.32,1.0,0.653389428687142,1.0,0.9885098200787855,0.653389428687142,69681.64162360138,288.15,0.8385412648334485,31.828994319966498,0.02375787898057853,4.0,5.407281625500651
38600.0,9990.0,15.100000000000001,49.0,35.7,181.0,35.1,2380.0,44.800000000000004,14.100000000000001,85.30000000000001,1130.0,55.300000000000004,81.2,4028.979827211944,26.233748942567697,16.108670846309003,6.26141531520198,0.44714030711021613,1.0497566737925526,0.3,1.0,0.6527786196683786,1.0,0.9885098200787855,0.6527786196683786,69681.64162360138,288.15,0.8385412648334485,31.823015438109127,0.023764192843205204,4.3,5.402942527887761
38650.0,9990.0,14.600000000000001,49.5,35.4,180.0,35.0,2385.0,44.7,13.950000000000001,82.4,1123.0,54.7,80.4,4026.160730734831,26.23178982221508,16.108921100904126,6.2564697046928,0.44678713108042095,1.0497566737925526,0.34,1.0,0.6522958833611214,1.0,0.9885098200787855,0.6522958833611214,69681.64162360138,288.15,0.8385412648334485,31.817890682231383,0.0237705173678808,4.2,5.3991620631300234
38700.0,9980.0,14.9,51.0,34.6,180.0,35.0,2388.0,45.1,13.950000000000001,82.80000000000001,1127.0,54.800000000000004,80.30000000000001,4023.698919426852,26.23010925260321,16.108953958646545,6.252230826851492,0.44648442425706686,1.0497566737925526,0.36,1.0,0.6519229524168318,1.0,0.9885098200787855,0.6519229524168318,69681.64162360138,288.15,0.8385412648334485,31.813498034336174,0.023776850737251887,4.3,5.395860724929798
38750.0,9990.0,14.9,50.0,34.5,179.0,34.9,2381.0,44.6,14.0,83.4,1129.0,54.800000000000004,80.0,4021.54351170905,26.228667791927066,16.108800764809054,6.248597662758798,0.4462249726752105,1.0497566737925526,0.34,1.0,0.651644160757225,1.0,0.9885098200787855,0.651644160757225,69681.64162360138,288.15,0.8385412648334485,31.80973290756885,0.02378319139379366,4.1000000000000005,5.3929702800720705
38800.0,10010.0,15.600000000000001,49.5,33.9,179.0,35.1,2382.0,44.6,13.9,82.5,1124.0,55.0,80.7,4019.650849478383,26.227431539760847,16.108488311938245,6.245483639761849,0.4460025940069526,1.0497566737925526,0.3,1.0,0.6514460737660867,1.0,0.9885098200787855,0.6514460737660867,69681.64162360138,288.15,0.8385412648334485,31.806505656054004,0.023789538002509582,3.8000000000000003,5.390432182167502
38850.0,10000.0,15.0,50.0,35.1,180.0,34.800000000000004,2378.0,44.900000000000006,14.15,81.9,1126.0,54.900000000000006,80.80000000000001,4017.98347923702,26.22637137014946,16.10803951208588,6.242814563803287,0.44581198990488735,1.0497566737925526,0.35000000000000003,1.0,0.6513171708763256,1.0,0.9885098200787855,0.6513171708763256,69681.64162360138,288.15,0.8385412648334485,31.803739440469847,0.023795889419022474,3.9000000000000004,5.3881962053264285
38900.0,10000.0,15.3,51.0,35.6,180.0,35.0,2381.0,45.0,13.950000000000001,83.30000000000001,1127.0,54.800000000000004,80.30000000000001,4016.509275151784,26.225462267700742,16.107473966928353,6.240526848149706,0.44564861951202434,1.0497566737925526,0.32,1.0,0.6512475731823574,1.0,0.9885098200787855,0.6512475731823574,69681.64162360138,288.15,0.8385412648334485,31.801368398540575,0.023802244662269094,3.5,5.386219268164046
38950.0,9990.0,14.8,50.0,35.800000000000004,180.0,35.300000000000004,2383.0,45.300000000000004,14.15,82.30000000000001,1125.0,55.1,80.9,4015.2006847565713,26.22468275370381,16.106808452014903,6.238565995914728,0.4455085910956985,1.0497566737925526,0.33,1.0,0.6512288097279043,1.0,0.9885098200787855,0.6512288097279043,69681.64162360138,288.15,0.8385412648334485,31.79933607688691,0.02380860289112567,4.0,5.384464422272258
39000.0,9990.0,15.5,49.5,35.300000000000004,180.0,34.7,2376.0,44.800000000000004,14.05,82.5,1127.0,54.300000000000004,82.0,4014.0340804980524,26.22401439069099,16.10605732862124,6.236885299924908,0.4453885692023699,1.0497566737925526,0.32,1.0,0.6512536170033956,1.0,0.9885098200787855,0.6512536170033956,69681.64162360138,288.15,0.8385412648334485,31.79759408689805,0.023814963384394133,4.1000000000000005,5.382899982629499
39050.0,9990.0,14.8,51.0,34.2,180.0,34.800000000000004,2377.0,44.800000000000004,13.950000000000001,82.7,1121.0,54.7,80.80000000000001,4012.9892025293084,26.223441355175943,16.10523289443347,6.235444728733996,0.44528569510565336,1.0497566737925526,0.28,1.0,0.6513157669519892,1.0,0.9885098200787855,0.6513157669519892,69681.64162360138,288.15,0.8385412648334485,31.79610095262189,0.023821325523661452,4.4,5.381498780375853
39100.0,9990.0,14.9,49.5,35.0,181.0,35.5,2382.0,45.300000000000004,14.100000000000001,82.80000000000001,1131.0,55.1,80.9,4012.0486800987514,26.22295006951865,16.104345682445707,6.234209972084897,0.4451975186408302,1.0497566737925526,0.33,1.0,0.6514099194433036,1.0,0.9885098200787855,0.6514099194433036,69681.64162360138,288.15,0.8385412648334485,31.794821123242322,0.023827688778616872,3.6,5.380237520986029
39150.0,10000.0,14.5,49.0,35.1,179.0,35.0,2379.0,45.1,13.950000000000001,83.2,1127.0,55.0,80.2,4011.1976205850806,26.222528884977457,16.103404715939377,6.233151622960931,0.4451219397934774,1.0497566737925526,0.32,1.0,0.651531495743043,1.0,0.9885098200787855,0.651531495743043,69681.64162360138,288.15,0.8385412648334485,31.79372412663127,0.02383405269447254,4.3,5.3790962331570045
39200.0,10010.0,14.8,49.5,34.6,179.0,34.7,2377.0,45.2,13.950000000000001,82.60000000000001,1126.0,55.2,80.5,4010.4232567173267,26.222167809008027,16.102417726160134,6.232244476654278,0.44505715864453077,1.0497566737925526,0.3,1.0,0.6516765699967795,1.0,0.9885098200787855,0.6516765699967795,69681.64162360138,288.15,0.8385412648334485,31.792783843821788,0.02384041688118468,3.8000000000000003,5.37805779572307
39250.0,9990.0,15.200000000000001,50.0,35.0,181.0,35.300000000000004,2371.0,45.2,14.0,82.4,1128.0,54.300000000000004,81.60000000000001,4009.7146438152517,26.22185827076192,16.101391338270215,6.2314669300909875,0.445001632474871,1.0497566737925526,0.34,1.0,0.6518417761677544,1.0,0.9885098200787855,0.6518417761677544,69681.64162360138,288.15,0.8385412648334485,31.79197788712795,0.023846781004216208,3.8000000000000003,5.377107531649129
39300.0,9990.0,14.5,50.0,34.800000000000004,179.0,35.2,2383.0,45.0,14.0,82.9,1127.0,54.5,80.5,4009.0624000113553,26.221592919528767,16.100331230288624,6.2308004670577315,0.44495403900432706,1.0497566737925526,0.31,1.0,0.6520242282311443,1.0,0.9885098200787855,0.6520242282311443,69681.64162360138,288.15,0.8385412648334485,31.791287067104662,0.02385314477661987,4.1000000000000005,5.3762328596632285
39350.0,10000.0,15.100000000000001,49.0,35.300000000000004,180.0,35.5,2376.0,45.1,14.200000000000001,82.7,1127.0,54.5,81.60000000000001,4008.4584833917456,26.2213654515633,16.09924226900842,6.2302292170346565,0.4449132448870394,1.0497566737925526,0.29,1.0,0.6522214517388081,1.0,0.9885098200787855,0.6522214517388081,69681.64162360138,288.15,0.8385412648334485,31.790694935656127,0.02385950795225202,4.1000000000000005,5.375422995397999
39400.0,9990.0,15.0,49.5,35.5,180.0,34.800000000000004,2382.0,44.800000000000004,14.05,83.10000000000001,1128.0,54.1,81.10000000000001,4007.8960008379495,26.22117046135115,16.09812862627475,6.229739577101559,0.44487827871101737,1.0497566737925526,0.32,1.0,0.6524313251361876,1.0,0.9885098200787855,0.6524313251361876,69681.64162360138,288.15,0.8385412648334485,31.790187394414524,0.023865870319955816,3.9000000000000004,5.374668695043708
39450.0,10000.0,14.5,50.0,34.5,180.0,35.0,2381.0,44.800000000000004,14.100000000000001,83.2,1126.0,54.5,80.10000000000001,4007.369044081248,26.221003313901296,16.096993878496356,6.229319887893804,0.44484830785749635,1.0497566737925526,0.33,1.0,0.652652029442925,1.0,0.9885098200787855,0.652652029442925,69681.64162360138,288.15,0.8385412648334485,31.78975235906458,0.02387223169857414,3.8000000000000003,5.373962035493835
39500.0,10010.0,14.8,49.5,35.1,179.0,35.0,2381.0,45.0,14.0,82.7,1123.0,55.1,80.9,4006.8725491112846,26.220860035120538,16.09584109183501,6.228960155877061,0.4448226186680166,1.0497566737925526,0.35000000000000003,1.0,0.6528820051060431,1.0,0.9885098200787855,0.6528820051060431,69681.64162360138,288.15,0.8385412648334485,31.78937947162177,0.02387859193267461,4.2,5.373296225809216
39550.0,10000.0,15.3,50.0,35.1,180.0,35.1,2375.0,45.5,14.15,83.10000000000001,1131.0,54.400000000000006,80.10000000000001,4006.4021756233556,26.22073721772951,16.094672895153085,6.228651815316784,0.4448005994461831,1.0497566737925526,0.31,1.0,0.653119915004011,1.0,0.9885098200787855,0.653119915004011,69681.64162360138,288.15,0.8385412648334485,31.789059853813647,0.023884950888883774,4.0,5.372665445554433
39600.0,10000.0,14.5,50.5,35.9,181.0,35.2,2378.0,44.7,14.0,83.80000000000001,1126.0,54.800000000000004,81.30000000000001,4005.9542036565836,26.220631940531682,16.0934915424927,6.228387524266525,0.4447817258887795,1.0497566737925526,0.36,1.0,0.6533646127252755,1.0,0.9885098200787855,0.6533646127252755,69681.64162360138,288.15,0.8385412648334485,31.788785895692403,0.023891308452744592,3.8000000000000003,5.372064706187552
39650.0,10000.0,14.9,50.0,35.4,179.0,35.2,2377.0,45.7,14.05,82.5,1128.0,54.800000000000004,79.9,4005.525444977665,26.22054169915105,16.092298966599188,6.228160989711466,0.4447655485989143,1.0497566737925526,0.31,1.0,0.6536151153696869,1.0,0.9885098200787855,0.6536151153696869,69681.64162360138,288.15,0.8385412648334485,31.78855107444562,0.02389766452602155,3.9000000000000004,5.3714897322239485
39700.0,9980.0,15.0,49.0,34.9,180.0,35.0,2375.0,45.0,13.950000000000001,82.60000000000001,1127.0,54.7,80.9,4005.1131671110907,26.22046434661726,16.091096824780344,6.22796681769927,0.4447516823835629,1.0497566737925526,0.33,1.0,0.6538705802281631,1.0,0.9885098200787855,0.6538705802281631,69681.64162360138,288.15,0.8385412648334485,31.788349799091236,0.02390401902439014,4.0,5.370936859359316
39750.0,10030.0,15.0,50.0,34.800000000000004,179.0,35.1,2374.0,44.800000000000004,13.950000000000001,81.9,1123.0,54.800000000000004,81.2,4004.715028214296,26.220398042403744,16.08988653820432,6.227800384886577,0.444739797080443,1.0497566737925526,0.33,1.0,0.6541302847878064,1.0,0.9885098200787855,0.6541302847878064,69681.64162360138,288.15,0.8385412648334485,31.788177277358905,0.023910371875455586,4.4,5.370402947135935
39800.0,10010.0,15.200000000000001,51.0,35.0,180.0,35.0,2383.0,45.0,13.950000000000001,82.9,1125.0,55.2,80.9,4004.3290212520865,26.220341208720722,16.08866932557942,6.227657728440265,0.4447296096956419,1.0497566737925526,0.32,1.0,0.6543936095884033,1.0,0.9885098200787855,0.6543936095884033,69681.64162360138,288.15,0.8385412648334485,31.788029401588332,0.02391672301705377,4.1000000000000005,5.369885304079474
39850.0,9980.0,15.100000000000001,50.0,36.1,180.0,34.9,2371.0,45.400000000000006,14.0,82.0,1128.0,55.2,81.0,4003.953426144172,26.220292493033213,16.0874462320217,6.227535451670175,0.4447208776646588,1.0497566737925526,0.32,1.0,0.6546600235237785,1.0,0.9885098200787855,0.6546600235237785,69681.64162360138,288.15,0.8385412648334485,31.787902650927848,0.023923072395794456,4.0,5.369381623527858
39900.0,10000.0,15.100000000000001,50.0,35.4,180.0,34.800000000000004,2376.0,45.2,13.9,81.4,1129.0,55.6,80.10000000000001,4003.5867687484642,26.220250735919958,16.086218153800417,6.227430643145214,0.4447133930763222,1.0497566737925526,0.32,1.0,0.6549290712394366,1.0,0.9885098200787855,0.6549290712394366,69681.64162360138,288.15,0.8385412648334485,31.787794007504573,0.0239294199658119,3.9000000000000004,5.368889928627066
39950.0,10000.0,15.100000000000001,49.5,34.6,180.0,35.0,2372.0,45.2,13.950000000000001,82.2,1128.0,55.0,81.10000000000001,4003.2277857045283,26.22021494351374,16.084985859551452,6.227340807365954,0.4447069777219805,1.0497566737925526,0.29,1.0,0.6552003623275626,1.0,0.9885098200787855,0.6552003623275626,69681.64162360138,288.15,0.8385412648334485,31.787700884570334,0.023935765687693563,3.7,5.368408525185487
40000.0,10000.0,15.0,49.5,34.4,180.0,34.800000000000004,2371.0,45.300000000000004,13.950000000000001,83.2,1127.0,55.2,80.60000000000001,4002.875394300683,26.22018426387137,16.083750008464104,6.227263805342385,0.44470147885203914,1.0497566737925526,0.24,1.0,0.6554735620630935,1.0,0.9885098200787855,0.6554735620630935,69681.64162360138,288.15,0.8385412648334485,31.787621064912422,0.02394210952756127,3.7,5.367935961265102
40050.0,10000.0,15.100000000000001,49.0,35.0,179.0,35.0,2376.0,45.2,14.100000000000001,82.80000000000001,1129.0,54.900000000000006,82.10000000000001,4002.5286666474112,26.22015796671396,16.082511165874006,6.227197803661491,0.4446967655387738,1.0497566737925526,0.28,1.0,0.6557483834610864,1.0,0.9885098200787855,0.6557483834610864,69681.64162360138,288.15,0.8385412648334485,31.78755264806278,0.0239484514562835,3.9000000000000004,5.367470992547512
40100.0,10010.0,15.200000000000001,50.0,35.300000000000004,178.0,35.300000000000004,2376.0,45.400000000000006,13.850000000000001,82.60000000000001,1126.0,55.300000000000004,80.80000000000001,4002.186807542015,26.220135426057418,16.081269816632652,6.227141230831527,0.44469272555878675,1.0497566737925526,0.33,1.0,0.6560245804669718,1.0,0.9885098200787855,0.6560245804669718,69681.64162360138,288.15,0.8385412648334485,31.7874940050488,0.023954791448799518,3.7,5.367012552649993
40150.0,10000.0,15.0,50.0,35.4,180.0,34.7,2377.0,45.800000000000004,14.100000000000001,80.7,1127.0,55.400000000000006,80.60000000000001,4001.849135497279,26.220116105321353,16.080026376571208,6.227092739863346,0.44468926272086395,1.0497566737925526,0.31,1.0,0.6563019421180893,1.0,0.9885098200787855,0.6563019421180893,69681.64162360138,288.15,0.8385412648334485,31.787443739608243,0.02396112948354014,3.9000000000000004,5.366559727684562
40200.0,10010.0,14.700000000000001,50.5,35.0,179.0,35.2,2370.0,44.800000000000004,13.950000000000001,83.7,1125.0,54.400000000000006,80.4,4001.5150664820276,26.220099544563105,16.07878120233043,6.22705117619759,0.4446862945755908,1.0497566737925526,0.33,1.0,0.6565802875380238,1.0,0.9885098200787855,0.6565802875380238,69681.64162360138,288.15,0.8385412648334485,31.78740065494491,0.023967465541930705,4.2,5.366111734453729
40250.0,10030.0,15.4,50.0,34.6,181.0,34.9,2374.0,44.900000000000006,13.9,82.2,1126.0,55.400000000000006,80.4,4001.184099986109,26.220085349533903,16.077534599789907,6.227015550213985,0.44468375045218606,1.0497566737925526,0.28,1.0,0.6568594616449255,1.0,0.9885098200787855,0.6568594616449255,69681.64162360138,288.15,0.8385412648334485,31.787363725233483,0.023973799607964953,3.6,5.365667901763372
40300.0,10000.0,15.0,49.5,34.800000000000004,180.0,35.300000000000004,2373.0,45.0,14.05,82.0,1127.0,55.1,80.0,4000.855807077617,26.2200731822973,16.07628683129648,6.226985013668084,0.4446815697758014,1.0497566737925526,0.33,1.0,0.6571393314720033,1.0,0.9885098200787855,0.6571393314720033,69681.64162360138,288.15,0.8385412648334485,31.787332071195117,0.02398013166783957,4.0,5.365227654407226
40350.0,10010.0,14.700000000000001,50.0,35.6,182.0,35.300000000000004,2372.0,45.1,13.950000000000001,82.60000000000001,1125.0,54.5,80.4,4000.529820167578,26.22006275318685,16.07503812186279,6.226958839494312,0.4446797006252165,1.0497566737925526,0.34,1.0,0.657419783012868,1.0,0.9885098200787855,0.657419783012868,69681.64162360138,288.15,0.8385412648334485,31.787304939162233,0.02398646170964088,4.1000000000000005,5.364790499441125
40400.0,10000.0,15.100000000000001,50.0,35.2,180.0,35.0,2383.0,45.0,14.0,82.5,1126.0,55.0,80.7,4000.205824238082,26.220053813912223,16.07378866448309,6.226936404494416,0.44467809849658607,1.0497566737925526,0.31,1.0,0.6577007185168706,1.0,0.9885098200787855,0.6577007185168706,69681.64162360138,288.15,0.8385412648334485,31.787281683134044,0.023992789723075916,4.0,5.364356014419754
40450.0,9990.0,15.0,50.5,34.9,178.0,35.1,2377.0,44.7,14.05,81.60000000000001,1130.0,55.2,79.5,3999.88354932464,26.22004615164956,16.072538624691873,6.226917174499055,0.44467672524379914,1.0497566737925526,0.33,1.0,0.6579820541702337,1.0,0.9885098200787855,0.6579820541702337,69681.64162360138,288.15,0.8385412648334485,31.787261749395597,0.023999115699241985,3.9000000000000004,5.363923837315329
40500.0,9990.0,14.8,50.0,34.800000000000004,179.0,35.300000000000004,2375.0,44.800000000000004,13.9,82.9,1124.0,55.2,80.30000000000001,3999.5627640734856,26.22003958397583,16.07128814447344,6.226900691649232,0.44467554817022054,1.0497566737925526,0.31,1.0,0.6582637181079684,1.0,0.9885098200787855,0.6582637181079684,69681.64162360138,288.15,0.8385412648334485,31.78724466333407,0.02400543963042896,3.7,5.363493657877826
40550.0,9990.0,15.0,50.0,34.7,180.0,35.2,2370.0,45.0,13.950000000000001,81.80000000000001,1128.0,55.0,80.0,3999.2432702200877,26.22003395452649,16.070037345614534,6.226886563494695,0.44467453925018563,1.0497566737925526,0.36,1.0,0.6585456487093769,1.0,0.9885098200787855,0.6585456487093769,69681.64162360138,288.15,0.8385412648334485,31.78723001813848,0.024011761509949808,4.2,5.363065210230542
40600.0,9980.0,14.600000000000001,50.5,34.9,181.0,35.1,2378.0,44.7,14.05,81.60000000000001,1130.0,55.400000000000006,80.2,3998.924897857252,26.2200291292734,16.06878633257982,6.226874453649757,0.4446736744617134,1.0497566737925526,0.35000000000000003,1.0,0.658827793136706,1.0,0.9885098200787855,0.658827793136706,69681.64162360138,288.15,0.8385412648334485,31.787217465113685,0.024018081331995143,4.6000000000000005,5.362638266524532
40650.0,10000.0,15.200000000000001,50.0,35.0,179.0,35.0,2377.0,45.5,13.9,82.2,1130.0,55.1,80.5,3998.607501379822,26.22002499333423,16.067535194977733,6.226864073783992,0.4446729332145461,1.0497566737925526,0.3,1.0,0.659110106082248,1.0,0.9885098200787855,0.659110106082248,69681.64162360138,288.15,0.8385412648334485,31.787206705378146,0.024024399091508483,3.8000000000000003,5.36221263150037
40700.0,9980.0,14.8,49.5,35.0,179.0,34.9,2375.0,45.0,13.950000000000001,81.7,1127.0,55.6,80.60000000000001,3998.29095600934,26.220021448237674,16.066284009675464,6.226855176757167,0.4446722978599007,1.0497566737925526,0.3,1.0,0.6593925486941677,1.0,0.9885098200787855,0.6593925486941677,69681.64162360138,288.15,0.8385412648334485,31.787197482747686,0.024030714784079494,4.0,5.361788137827646
40750.0,9980.0,15.0,50.0,34.6,179.0,34.9,2380.0,45.300000000000004,13.950000000000001,82.0,1126.0,55.5,80.60000000000001,3997.9751548156323,26.220018409579197,16.06503284261262,6.226847550734889,0.44467175327025577,1.0497566737925526,0.32,1.0,0.6596750876555701,1.0,0.9885098200787855,0.6596750876555701,69681.64162360138,288.15,0.8385412648334485,31.787189577635864,0.02403702840585205,4.1000000000000005,5.36136464211086
40800.0,9990.0,15.4,50.0,34.7,180.0,35.2,2375.0,45.300000000000004,13.950000000000001,81.9,1129.0,55.0,80.9,3997.6600061643567,26.22001580501165,16.063781750356835,6.226841014144892,0.44467128647916915,1.0497566737925526,0.33,1.0,0.6599576943949209,1.0,0.9885098200787855,0.6599576943949209,69681.64162360138,288.15,0.8385412648334485,31.78718280182573,0.024043339953445757,3.8000000000000003,5.360942021466526
40850.0,10000.0,14.8,50.0,35.800000000000004,180.0,35.1,2377.0,45.0,14.0,81.80000000000001,1128.0,55.2,80.10000000000001,3997.3454315295344,26.220013572522866,16.06253078143781,6.226835411353853,0.44467088637255114,1.0497566737925526,0.35000000000000003,1.0,0.6602403444091154,1.0,0.9885098200787855,0.6602403444091154,69681.64162360138,288.15,0.8385412648334485,31.787176993988467,0.024049649423888476,4.0,5.360520170589736
40900.0,10000.0,15.4,49.0,35.5,179.0,35.0,2374.0,44.7,14.100000000000001,83.4,1126.0,55.400000000000006,80.5,3997.0313636189144,26.220011658959343,16.061279977491473,6.226830608961817,0.4446705434240416,1.0497566737925526,0.37,1.0,0.6605230166831074,1.0,0.9885098200787855,0.6605230166831074,69681.64162360138,288.15,0.8385412648334485,31.787172015842245,0.02405595681455839,3.5,5.360098999240237
40950.0,10000.0,14.8,49.0,34.9,181.0,34.9,2380.0,45.400000000000006,14.0,82.4,1123.0,55.1,81.0,3996.717744767438,26.22001001876079,16.060029374241346,6.226826492625992,0.44467024946819106,1.0497566737925526,0.32,1.0,0.6608056931923235,1.0,0.9885098200787855,0.6608056931923235,69681.64162360138,288.15,0.8385412648334485,31.787167748859773,0.0240622621231345,4.1000000000000005,5.359678430088031
41000.0,10000.0,15.700000000000001,50.0,35.6,180.0,35.300000000000004,2372.0,45.1,14.0,82.4,1130.0,55.5,81.10000000000001,3996.4045255604187,26.2200086128754,16.058779002340025,6.226822964338299,0.4446699975060446,1.0497566737925526,0.3,1.0,0.661088358476069,1.0,0.9885098200787855,0.661088358476069,69681.64162360138,288.15,0.8385412648334485,31.787164091446222,0.02406856534755397,3.8000000000000003,5.359258396867033
41050.0,10000.0,15.0,50.0,34.6,181.0,34.9,2382.0,45.0,14.05,82.60000000000001,1125.0,55.5,81.5,3996.0916636536454,26.220007407830103,16.057528888091063,6.226819940091816,0.4446697815384984,1.0497566737925526,0.33,1.0,0.6613709992717749,1.0,0.9885098200787855,0.6613709992717749,69681.64162360138,288.15,0.8385412648334485,31.787160956520324,0.02407486648597573,4.2,5.358838842792812
41100.0,10010.0,15.100000000000001,50.0,35.2,181.0,34.7,2377.0,44.900000000000006,14.0,83.10000000000001,1125.0,54.900000000000006,80.9,3995.779122762209,26.220006374933643,16.056279054067947,6.226817347880628,0.4446695964234647,1.0497566737925526,0.28,1.0,0.6616536042014346,1.0,0.9885098200787855,0.6616536042014346,69681.64162360138,288.15,0.8385412648334485,31.78715826944098,0.024081165536749174,3.5,5.358419719206578
41150.0,10010.0,15.100000000000001,50.0,34.800000000000004,179.0,34.800000000000004,2375.0,44.6,14.0,82.0,1127.0,55.400000000000006,80.7,3995.466871793935,26.220005489593454,16.05502951964503,6.226815125985384,0.4446694377534402,1.0497566737925526,0.34,1.0,0.6619361635027623,1.0,0.9885098200787855,0.6619361635027623,69681.64162360138,288.15,0.8385412648334485,31.787155966230113,0.024087462498387325,3.9000000000000004,5.358000984413103
41200.0,10000.0,15.100000000000001,49.0,35.300000000000004,180.0,35.1,2371.0,44.900000000000006,13.950000000000001,82.7,1123.0,55.1,80.7,3995.1548841067533,26.22000473073017,16.05378030145287,6.226813221503793,0.44466930175056535,1.0497566737925526,0.3,1.0,0.6622186687987063,1.0,0.9885098200787855,0.6622186687987063,69681.64162360138,288.15,0.8385412648334485,31.787153992049372,0.024093757369543653,3.8000000000000003,5.357582602684839
41250.0,10010.0,15.3,50.5,35.300000000000004,180.0,35.0,2374.0,45.1,13.950000000000001,82.0,1128.0,55.800000000000004,80.7,3994.8431368722695,26.220004080275725,16.052531413768786,6.226811589091031,0.44466918517667475,1.0497566737925526,0.37,1.0,0.6625011128998312,1.0,0.9885098200787855,0.6625011128998312,69681.64162360138,288.15,0.8385412648334485,31.78715229989445,0.024100050148992615,3.8000000000000003,5.357164543408452
41300.0,9980.0,15.200000000000001,49.5,34.9,179.0,34.800000000000004,2370.0,44.900000000000006,14.0,82.30000000000001,1130.0,55.7,79.60000000000001,3994.5316105303486,26.220003522743205,16.051282868851754,6.226810189880118,0.44466908525619897,1.0497566737925526,0.34,1.0,0.6627834896349141,1.0,0.9885098200787855,0.6627834896349141,69681.64162360138,288.15,0.8385412648334485,31.787150849475946,0.024106340835612555,4.0,5.356746780353409
41350.0,10000.0,15.0,50.0,34.7,180.0,35.2,2374.0,44.7,14.0,81.60000000000001,1123.0,55.300000000000004,81.2,3994.220288321691,26.22000304485808,16.050034677229647,6.226808990556495,0.4446689996100781,1.0497566737925526,0.32,1.0,0.6630657937056831,1.0,0.9885098200787855,0.6630657937056831,69681.64162360138,288.15,0.8385412648334485,31.787149606260087,0.0241126294283712,4.0,5.356329291045154
41400.0,9970.0,15.100000000000001,50.0,34.7,180.0,35.0,2372.0,45.1,14.100000000000001,82.10000000000001,1125.0,55.400000000000006,80.9,3993.9091558872774,26.220002635242178,16.04878684794564,6.22680796256483,0.4446689261991182,1.0497566737925526,0.28,1.0,0.6633480205622907,1.0,0.9885098200787855,0.6633480205622907,69681.64162360138,288.15,0.8385412648334485,31.78714854064649,0.024118915926313243,4.1000000000000005,5.3559120562279565
41450.0,9990.0,15.100000000000001,49.5,34.800000000000004,181.0,34.7,2378.0,45.5,14.05,81.4,1124.0,55.2,80.5,3993.5982009250833,26.22000228414278,16.04753938876949,6.226807081429129,0.4446688632754391,1.0497566737925526,0.33,1.0,0.6636301662965488,1.0,0.9885098200787855,0.6636301662965488,69681.64162360138,288.15,0.8385412648334485,31.78714762726341,0.024125200328549617,3.7,5.355495059404555
41500.0,9990.0,14.8,50.0,35.800000000000004,179.0,34.800000000000004,2372.0,45.2,14.0,81.7,1126.0,55.2,80.60000000000001,3993.2874128958856,26.220001983200394,16.046292306378746,6.226806326169961,0.44466880934085734,1.0497566737925526,0.4,1.0,0.6639122275503901,1.0,0.9885098200787855,0.6639122275503901,69681.64162360138,288.15,0.8385412648334485,31.787146844363626,0.0241314826342484,4.1000000000000005,5.355078286441641
41550.0,10000.0,14.8,49.5,35.300000000000004,181.0,34.9,2381.0,45.0,14.05,82.4,1126.0,55.2,80.30000000000001,3992.976782771147,26.220001725249748,16.045045606514158,6.2268056788049675,0.44466876311121634,1.0497566737925526,0.35000000000000003,1.0,0.6641942014373982,1.0,0.9885098200787855,0.6641942014373982,69681.64162360138,288.15,0.8385412648334485,31.787146173306667,0.02413776284262695,3.9000000000000004,5.354661725231764
41600.0,10010.0,14.700000000000001,50.5,35.1,179.0,35.0,2380.0,44.6,13.950000000000001,82.10000000000001,1132.0,55.300000000000004,80.60000000000001,3992.666302816958,26.220001504149167,16.043799294113008,6.226805123920689,0.4446687234858099,1.0497566737925526,0.33,1.0,0.6644760854755204,1.0,0.9885098200787855,0.6644760854755204,69681.64162360138,288.15,0.8385412648334485,31.78714559811499,0.024144040952945093,3.8000000000000003,5.354245365403598
41650.0,10000.0,14.9,50.0,34.300000000000004,180.0,35.2,2377.0,45.300000000000004,14.05,82.10000000000001,1125.0,55.400000000000006,79.60000000000001,3992.355966408876,26.22000131463437,16.042553373423413,6.226804648305597,0.4446686895211761,1.0497566737925526,0.31,1.0,0.6647578775293845,1.0,0.9885098200787855,0.6647578775293845,69681.64162360138,288.15,0.8385412648334485,31.78714510509355,0.024150316964499437,4.0,5.3538291980736314
41700.0,10020.0,15.200000000000001,49.5,34.4,180.0,35.2,2376.0,45.2,14.0,82.60000000000001,1123.0,56.1,79.80000000000001,3992.0457678732414,26.22000115219311,16.041307848102363,6.226804240635521,0.444668660408633,1.0497566737925526,0.34,1.0,0.6650395757608467,1.0,0.9885098200787855,0.6650395757608467,69681.64162360138,288.15,0.8385412648334485,31.787144682503744,0.02415659087661838,3.9000000000000004,5.353413215633375
41750.0,10000.0,14.9,50.0,35.2,181.0,35.300000000000004,2378.0,45.5,14.0,82.80000000000001,1128.0,55.400000000000006,80.5,3991.735702351188,26.220001012957734,16.04006272129983,6.226803891204029,0.4446686354550249,1.0497566737925526,0.34,1.0,0.6653211785865886,1.0,0.9885098200787855,0.6653211785865886,69681.64162360138,288.15,0.8385412648334485,31.787144320283915,0.02416286268865786,4.0,5.3529974115669905
41800.0,10000.0,15.3,50.0,33.800000000000004,181.0,34.9,2373.0,44.7,14.0,81.80000000000001,1125.0,55.300000000000004,80.60000000000001,3991.425765682103,26.220000893613104,16.038817995730856,6.226803591691319,0.44466861406621766,1.0497566737925526,0.38,1.0,0.6656026846417679,1.0,0.9885098200787855,0.6656026846417679,69681.64162360138,288.15,0.8385412648334485,31.787144009809772,0.024169132399997694,4.2,5.352581780295013
41850.0,10010.0,14.9,50.0,35.2,179.0,34.9,2380.0,45.300000000000004,14.0,81.4,1126.0,55.1,80.4,3991.115954303769,26.220000791317712,16.037573673737484,6.226803334966144,0.44466859573295464,1.0497566737925526,0.33,1.0,0.6658840927488523,1.0,0.9885098200787855,0.6658840927488523,69681.64162360138,288.15,0.8385412648334485,31.78714374368908,0.024175400010038477,3.9000000000000004,5.3521663170404405
41900.0,10000.0,15.100000000000001,50.0,34.5,180.0,35.1,2383.0,44.900000000000006,14.05,82.7,1126.0,56.0,80.9,3990.806265166753,26.22000070363595,16.036329757341736,6.2268031149159935,0.44466858001872916,1.0497566737925526,0.36,1.0,0.6661654018908999,1.0,0.9885098200787855,0.6661654018908999,69681.64162360138,288.15,0.8385412648334485,31.787143515585626,0.024181665518198902,4.1000000000000005,5.351751017713919
41950.0,10030.0,14.8,51.0,35.300000000000004,181.0,34.9,2380.0,45.400000000000006,13.950000000000001,82.0,1122.0,55.5,79.9,3990.4966956610638,26.22000062848014,16.035086248291105,6.226802926301578,0.444668566549393,1.0497566737925526,0.31,1.0,0.6664466111886521,1.0,0.9885098200787855,0.6664466111886521,69681.64162360138,288.15,0.8385412648334485,31.787143320068385,0.024187928923913467,4.7,5.3513358788154
42000.0,10020.0,14.600000000000001,50.5,35.300000000000004,180.0,35.0,2378.0,44.6,13.950000000000001,82.2,1127.0,55.400000000000006,79.9,3990.187243553303,26.220000564060882,16.033843148097652,6.226802764632081,0.4446685550042479,1.0497566737925526,0.32,1.0,0.666727719880893,1.0,0.9885098200787855,0.666727719880893,69681.64162360138,288.15,0.8385412648334485,31.787143152482173,0.024194190226630444,4.2,5.35092089734985
42050.0,10000.0,15.5,49.5,35.1,180.0,35.1,2373.0,45.6,13.9,83.10000000000001,1127.0,55.800000000000004,81.0,3989.8779069327743,26.220000508844368,16.032600458071382,6.226802626058226,0.44466854510840914,1.0497566737925526,0.35000000000000003,1.0,0.6670087273076098,1.0,0.9885098200787855,0.6670087273076098,69681.64162360138,288.15,0.8385412648334485,31.787143008836853,0.024200449425810316,3.8000000000000003,5.350506070754989
42100.0,10010.0,15.600000000000001,49.5,35.800000000000004,180.0,34.9,2373.0,44.900000000000006,13.850000000000001,81.80000000000001,1126.0,55.300000000000004,80.7,3989.568684165339,26.220000461515927,16.031358179349013,6.226802507280637,0.44466853662626177,1.0497566737925526,0.31,1.0,0.6672896328955618,1.0,0.9885098200787855,0.6672896328955618,69681.64162360138,288.15,0.8385412648334485,31.787142885712292,0.024206706520924107,3.8000000000000003,5.350091396839404
42150.0,10000.0,15.100000000000001,50.0,34.7,180.0,35.0,2372.0,44.900000000000006,14.05,82.4,1126.0,55.900000000000006,79.80000000000001,3989.2595738538416,26.22000042094869,16.030116312918576,6.226802405471272,0.44466852935584955,1.0497566737925526,0.29,1.0,0.6675704361458946,1.0,0.9885098200787855,0.6675704361458946,69681.64162360138,288.15,0.8385412648334485,31.78714278017695,0.02421296151145238,3.9000000000000004,5.349676873729479
42200.0,10020.0,15.100000000000001,50.0,35.6,180.0,35.4,2374.0,44.7,14.0,81.9,1125.0,56.6,80.4,3988.950574804207,26.220000386176782,16.028874859640514,6.226802318206106,0.4446685231240679,1.0497566737925526,0.33,1.0,0.667851136623539,1.0,0.9885098200787855,0.667851136623539,69681.64162360138,288.15,0.8385412648334485,31.787142689718088,0.024219214396884035,3.9000000000000004,5.349262499823938
42250.0,9990.0,15.3,49.0,34.5,180.0,35.300000000000004,2375.0,45.1,14.0,82.80000000000001,1123.0,56.0,80.2,3988.6416859963747,26.22000035637228,16.02763382026578,6.226802243407391,0.44466851778254063,1.0497566737925526,0.35000000000000003,1.0,0.6681317339481078,1.0,0.9885098200787855,0.6681317339481078,69681.64162360138,288.15,0.8385412648334485,31.787142612181924,0.024225465176715446,3.8000000000000003,5.348848273754859
42300.0,10000.0,15.0,49.5,34.5,180.0,35.0,2373.0,44.900000000000006,13.850000000000001,81.80000000000001,1129.0,56.0,80.2,3988.3329065594107,26.220000330825556,16.02639319545138,6.226802179294205,0.4446685132040886,1.0497566737925526,0.33,1.0,0.6684122277860993,1.0,0.9885098200787855,0.6684122277860993,69681.64162360138,288.15,0.8385412648334485,31.787142545722354,0.024231713850449577,3.8000000000000003,5.348434194354302
42350.0,10020.0,15.600000000000001,50.0,36.0,179.0,34.7,2374.0,44.900000000000006,14.15,81.9,1125.0,55.400000000000006,80.80000000000001,3988.0242357501725,26.220000308928377,16.025152985773758,6.226802124340048,0.4446685092797013,1.0497566737925526,0.35000000000000003,1.0,0.6686926178442055,1.0,0.9885098200787855,0.6686926178442055,69681.64162360138,288.15,0.8385412648334485,31.787142488757006,0.024237960417595402,3.9000000000000004,5.348020260625697
42400.0,9980.0,14.700000000000001,51.0,35.300000000000004,180.0,35.4,2384.0,45.0,14.0,81.7,1126.0,55.2,79.5,3987.715672934997,26.220000290159366,16.023913191740085,6.226802077236485,0.44466850591594076,1.0497566737925526,0.27,1.0,0.6689729038635831,1.0,0.9885098200787855,0.6689729038635831,69681.64162360138,288.15,0.8385412648334485,31.78714243992956,0.02424420487766734,4.3,5.34760647171929
42450.0,9980.0,15.600000000000001,49.5,35.7,180.0,34.7,2382.0,45.400000000000006,13.950000000000001,81.80000000000001,1125.0,55.7,80.30000000000001,3987.407217574047,26.220000274071634,16.022673813798146,6.226802036862001,0.4446685030327173,1.0497566737925526,0.31,1.0,0.6692530856149392,1.0,0.9885098200787855,0.6692530856149392,69681.64162360138,288.15,0.8385412648334485,31.78714239807747,0.024250447230184727,3.5,5.347192826911149
42500.0,9990.0,15.200000000000001,50.0,34.9,179.0,34.9,2382.0,44.7,14.05,82.0,1128.0,55.5,80.0,3987.0988692078804,26.22000026028216,16.02143485234475,6.2268020022553,0.444668500561383,1.0497566737925526,0.32,1.0,0.6695331628943169,1.0,0.9885098200787855,0.6695331628943169,69681.64162360138,288.15,0.8385412648334485,31.78714236220425,0.024256687474671353,3.9000000000000004,5.346779325585152
42550.0,10000.0,15.200000000000001,51.0,35.1,178.0,35.2,2376.0,45.6,14.100000000000001,81.7,1129.0,55.6,80.2,3986.7906274459283,26.220000248462604,16.020196307732874,6.226801972592415,0.44466849844309647,1.0497566737925526,0.34,1.0,0.6698131355194784,1.0,0.9885098200787855,0.6698131355194784,69681.64162360138,288.15,0.8385412648334485,31.787142331455776,0.02426292561065508,4.3,5.3463659672175385
42600.0,10010.0,15.0,51.0,34.9,179.0,34.7,2382.0,45.0,14.0,81.7,1126.0,55.5,80.4,3986.482491956641,26.220000238331554,16.018958180277906,6.226801947167084,0.4446684966274223,1.0497566737925526,0.32,1.0,0.6700930033268098,1.0,0.9885098200787855,0.6700930033268098,69681.64162360138,288.15,0.8385412648334485,31.787142305099934,0.024269161637667697,4.1000000000000005,5.345952751363695
42650.0,10000.0,14.9,49.5,34.4,182.0,35.300000000000004,2382.0,44.800000000000004,14.0,81.5,1124.0,55.6,80.9,3986.1744624590297,26.220000229647795,16.017720470262912,6.226801925373943,0.4446684950711301,1.0497566737925526,0.35000000000000003,1.0,0.6703727661686694,1.0,0.9885098200787855,0.6703727661686694,69681.64162360138,288.15,0.8385412648334485,31.78714228250922,0.024275395555244498,3.7,5.3455396776468085
42700.0,10000.0,15.200000000000001,49.5,35.0,180.0,35.1,2377.0,44.800000000000004,13.950000000000001,81.30000000000001,1123.0,55.800000000000004,80.60000000000001,3985.8665387154215,26.22000022220458,16.016483177943176,6.226801906694107,0.4446684937371654,1.0497566737925526,0.28,1.0,0.670652423911109,1.0,0.9885098200787855,0.670652423911109,69681.64162360138,288.15,0.8385412648334485,31.787142263145746,0.02428162736292397,4.1000000000000005,5.345126745748154
42750.0,10010.0,14.5,50.0,35.7,180.0,34.6,2379.0,44.800000000000004,14.05,81.60000000000001,1127.0,55.6,80.2,3985.5587205252587,26.220000215824683,16.01524630355014,6.226801890682821,0.44466849259376706,1.0497566737925526,0.3,1.0,0.6709319764319127,1.0,0.9885098200787855,0.6709319764319127,69681.64162360138,288.15,0.8385412648334485,31.787142246548488,0.02428785706024788,3.9000000000000004,5.344713955398783
42800.0,9990.0,15.200000000000001,50.0,34.4,181.0,35.0,2377.0,45.2,14.05,82.7,1126.0,56.2,80.2,3985.2510077197617,26.220000210356194,16.014009847294684,6.226801876958862,0.44466849161371147,1.0497566737925526,0.34,1.0,0.6712114236189411,1.0,0.9885098200787855,0.6712114236189411,69681.64162360138,288.15,0.8385412648334485,31.787142232322264,0.0242940846467608,4.1000000000000005,5.344301306372355
42850.0,10010.0,15.200000000000001,50.0,34.7,180.0,34.800000000000004,2372.0,44.400000000000006,13.9,83.10000000000001,1125.0,56.5,80.4,3984.9434001573904,26.220000205668924,16.01277380937007,6.226801865195467,0.44466849077366366,1.0497566737925526,0.32,1.0,0.6714907653686795,1.0,0.9885098200787855,0.6714907653686795,69681.64162360138,288.15,0.8385412648334485,31.78714222012836,0.024300310122010133,3.6,5.343888798479064
42900.0,10000.0,15.600000000000001,51.0,35.1,179.0,34.800000000000004,2373.0,45.400000000000006,14.100000000000001,82.10000000000001,1126.0,56.400000000000006,79.7,3984.635897719918,26.22000020165126,16.011538189954333,6.226801855112558,0.44466849005362274,1.0497566737925526,0.32,1.0,0.6717700015850168,1.0,0.9885098200787855,0.6717700015850168,69681.64162360138,288.15,0.8385412648334485,31.78714220967644,0.024306533485546053,4.1000000000000005,5.343476431560365
42950.0,9990.0,14.8,49.5,35.6,182.0,35.0,2375.0,44.800000000000004,14.0,81.60000000000001,1127.0,56.0,79.9,3984.32850030909,26.220000198207536,16.010302989212413,6.226801846470063,0.44466848943644477,1.0497566737925526,0.32,1.0,0.6720491321781942,1.0,0.9885098200787855,0.6720491321781942,69681.64162360138,288.15,0.8385412648334485,31.78714220071765,0.024312754736921096,3.9000000000000004,5.343064205484497
43000.0,10000.0,14.9,50.5,34.300000000000004,181.0,35.0,2379.0,45.2,13.950000000000001,81.4,1124.0,55.800000000000004,80.5,3984.021207843766,26.22000019525579,16.00906820729802,6.226801839062212,0.44466848890743516,1.0497566737925526,0.3,1.0,0.6723281570638863,1.0,0.9885098200787855,0.6723281570638863,69681.64162360138,288.15,0.8385412648334485,31.78714219303869,0.024318973875690434,4.1000000000000005,5.342652120142647
43050.0,9970.0,14.9,50.5,34.9,179.0,34.9,2364.0,44.7,14.100000000000001,81.60000000000001,1126.0,55.1,79.30000000000001,3983.7140202574337,26.220000192725713,16.00783384435508,6.226801832712623,0.4446684884539982,1.0497566737925526,0.36,1.0,0.6726070761624424,1.0,0.9885098200787855,0.6726070761624424,69681.64162360138,288.15,0.8385412648334485,31.78714218645672,0.024325190901411543,4.1000000000000005,5.342240175445625
43100.0,9980.0,14.8,50.0,34.5,178.0,35.0,2379.0,45.2,14.05,81.0,1127.0,55.800000000000004,80.10000000000001,3983.406937496129,26.220000190557087,16.006599900519163,6.226801827270121,0.44466848806533815,1.0497566737925526,0.31,1.0,0.6728858893982125,1.0,0.9885098200787855,0.6728858893982125,69681.64162360138,288.15,0.8385412648334485,31.787142180815035,0.02433140581364424,3.8000000000000003,5.34182837132106
43150.0,9960.0,15.4,50.0,34.4,180.0,34.9,2375.0,44.800000000000004,14.05,81.4,1124.0,56.300000000000004,80.0,3983.0999595166045,26.22000018869824,16.00536637591854,6.226801822605116,0.4446684877322007,1.0497566737925526,0.32,1.0,0.6731645966989797,1.0,0.9885098200787855,0.6731645966989797,69681.64162360138,288.15,0.8385412648334485,31.787142175979305,0.02433761861195059,4.2,5.341416707710957
43200.0,9990.0,14.9,50.0,34.4,180.0,34.800000000000004,2380.0,45.2,14.05,80.9,1127.0,55.6,80.10000000000001,3982.793086284811,26.22000018710497,16.004133270675275,6.2268018186065435,0.44466848744665455,1.0497566737925526,0.25,1.0,0.6734431979954705,1.0,0.9885098200787855,0.6734431979954705,69681.64162360138,288.15,0.8385412648334485,31.78714217183439,0.0243438292958949,3.6,5.341005184569658
43250.0,10010.0,15.100000000000001,50.0,34.6,179.0,35.0,2375.0,45.5,14.0,81.9,1123.0,55.900000000000006,80.2,3982.486317774537,26.22000018573929,16.00290058490592,6.226801815179192,0.4446684872019005,1.0497566737925526,0.31,1.0,0.67372169322094,1.0,0.9885098200787855,0.67372169322094,69681.64162360138,288.15,0.8385412648334485,31.78714216828161,0.024350037865043597,3.9000000000000004,5.34059380186201
43300.0,10000.0,15.5,50.0,35.5,180.0,35.2,2374.0,44.900000000000006,14.0,82.2,1129.0,56.0,80.5,3982.1796539663023,26.220000184568725,16.00166831872237,6.226801812241465,0.44466848699211153,1.0497566737925526,0.3,1.0,0.6740000823108063,1.0,0.9885098200787855,0.6740000823108063,69681.64162360138,288.15,0.8385412648334485,31.787142165236368,0.02435624431896523,4.2,5.3401825595618915
43350.0,10010.0,15.200000000000001,50.0,35.300000000000004,179.0,35.0,2378.0,44.6,14.05,81.10000000000001,1126.0,56.0,79.7,3981.873094846363,26.22000018356537,16.00043647223238,6.226801809723413,0.4446684868122923,1.0497566737925526,0.32,1.0,0.6742783652023462,1.0,0.9885098200787855,0.6742783652023462,69681.64162360138,288.15,0.8385412648334485,31.78714216262616,0.024362448657230442,4.0,5.33977145765087
43400.0,9990.0,15.200000000000001,49.5,35.9,180.0,34.800000000000004,2373.0,45.300000000000004,13.950000000000001,81.0,1129.0,55.900000000000006,80.4,3981.5666404058925,26.220000182705355,15.99920504554018,6.226801807565082,0.44466848665816155,1.0497566737925526,0.35000000000000003,1.0,0.6745565418344309,1.0,0.9885098200787855,0.6745565418344309,69681.64162360138,288.15,0.8385412648334485,31.78714216038884,0.024368650879412,4.1000000000000005,5.339360496117111
43450.0,10030.0,14.5,49.5,34.9,182.0,35.4,2382.0,44.800000000000004,13.950000000000001,81.30000000000001,1125.0,56.6,79.9,3981.2602906402512,26.220000181968206,15.997974038746856,6.226801805715087,0.4446684865260496,1.0497566737925526,0.32,1.0,0.6748346121473014,1.0,0.9885098200787855,0.6748346121473014,69681.64162360138,288.15,0.8385412648334485,31.787142158471138,0.024374850985084618,4.2,5.33894967495439
43500.0,9980.0,15.0,49.5,34.9,180.0,34.9,2377.0,45.1,14.0,82.0,1125.0,56.300000000000004,79.9,3980.9540455483793,26.22000018133636,15.996743451950767,6.226801804129374,0.4446684864128107,1.0497566737925526,0.31,1.0,0.6751125760823696,1.0,0.9885098200787855,0.6751125760823696,69681.64162360138,288.15,0.8385412648334485,31.787142156827393,0.024381048973825106,3.8000000000000003,5.338538994161288
43550.0,10000.0,15.600000000000001,50.0,34.5,181.0,34.9,2378.0,44.800000000000004,14.100000000000001,81.5,1130.0,55.7,79.9,3980.6479051322754,26.220000180794766,15.995513285247892,6.22680180277019,0.4446684863157486,1.0497566737925526,0.36,1.0,0.6753904335820563,1.0,0.9885098200787855,0.6753904335820563,69681.64162360138,288.15,0.8385412648334485,31.787142155418465,0.024387244845212222,4.0,5.3381284537404845
43600.0,10030.0,14.9,50.0,35.800000000000004,179.0,34.7,2373.0,45.2,13.9,82.2,1128.0,56.800000000000004,80.5,3980.34186939655,26.220000180330562,15.99428353873214,6.226801801605178,0.4446684862325528,1.0497566737925526,0.33,1.0,0.6756681845896466,1.0,0.9885098200787855,0.6756681845896466,69681.64162360138,288.15,0.8385412648334485,31.787142154210816,0.024393438598826714,4.3,5.337718053698162
43650.0,10010.0,14.9,49.5,34.800000000000004,180.0,35.0,2368.0,44.900000000000006,14.0,82.10000000000001,1131.0,56.2,79.60000000000001,3980.0359383480177,26.220000179932658,15.9930542124955,6.226801800606594,0.44466848616124194,1.0497566737925526,0.27,1.0,0.6759458290491669,1.0,0.9885098200787855,0.6759458290491669,69681.64162360138,288.15,0.8385412648334485,31.787142153175687,0.024399630234251367,4.2,5.337307794043459
43700.0,9990.0,15.3,50.5,34.4,180.0,35.300000000000004,2381.0,44.400000000000006,13.950000000000001,81.0,1128.0,56.2,78.7,3979.7301119953913,26.220000179591594,15.991825306628352,6.226801799750667,0.44466848610011833,1.0497566737925526,0.31,1.0,0.6762233669052838,1.0,0.9885098200787855,0.6762233669052838,69681.64162360138,288.15,0.8385412648334485,31.787142152288435,0.0244058197510708,4.2,5.33689767478806
43750.0,10000.0,15.100000000000001,50.0,34.6,180.0,35.0,2379.0,45.2,14.0,82.4,1126.0,55.6,80.2,3979.4243903489937,26.220000179299277,15.99059682121964,6.226801799017016,0.4446684860477269,1.0497566737925526,0.32,1.0,0.6765007981032056,1.0,0.9885098200787855,0.6765007981032056,69681.64162360138,288.15,0.8385412648334485,31.78714215152793,0.024412007148871737,4.1000000000000005,5.3364876959458085
43800.0,9980.0,15.600000000000001,50.5,34.9,179.0,35.2,2372.0,45.7,13.950000000000001,82.80000000000001,1126.0,56.7,79.60000000000001,3979.118773420489,26.220000179048697,15.98936875635691,6.22680179838817,0.4446684860028197,1.0497566737925526,0.32,1.0,0.6767781225886172,1.0,0.9885098200787855,0.6767781225886172,69681.64162360138,288.15,0.8385412648334485,31.787142150876072,0.024418192427242667,4.2,5.336077857532345
43850.0,10010.0,15.3,50.0,35.0,181.0,34.9,2379.0,44.900000000000006,14.0,81.80000000000001,1125.0,56.1,80.10000000000001,3978.81326122272,26.220000178833914,15.988141112126629,6.226801797849158,0.44466848596432773,1.0497566737925526,0.32,1.0,0.6770553403076006,1.0,0.9885098200787855,0.6770553403076006,69681.64162360138,288.15,0.8385412648334485,31.787142150317337,0.024424375585774125,4.4,5.335668159564892
43900.0,10010.0,15.100000000000001,49.5,34.7,182.0,34.800000000000004,2377.0,45.1,14.0,81.2,1125.0,56.0,79.60000000000001,3978.507853769496,26.220000178649826,15.986913888614167,6.226801797387151,0.4446684859313349,1.0497566737925526,0.36,1.0,0.6773324512065892,1.0,0.9885098200787855,0.6773324512065892,69681.64162360138,288.15,0.8385412648334485,31.78714214983842,0.0244305566240585,4.0,5.33525860206197
43950.0,9990.0,15.0,50.5,34.9,181.0,34.7,2381.0,45.0,14.0,81.30000000000001,1124.0,55.6,79.60000000000001,3978.2025510754434,26.220000178492032,15.985687085903908,6.226801796991143,0.4446684859030552,1.0497566737925526,0.34,1.0,0.6776094552323122,1.0,0.9885098200787855,0.6776094552323122,69681.64162360138,288.15,0.8385412648334485,31.787142149427922,0.024436735541690166,3.7,5.334849185043192
44000.0,9980.0,14.700000000000001,50.0,34.9,180.0,35.2,2381.0,45.6,13.9,81.2,1129.0,56.0,80.4,3977.8973531558886,26.220000178356788,15.984460704079385,6.22680179665171,0.4446684858788156,1.0497566737925526,0.33,1.0,0.6778863523317581,1.0,0.9885098200787855,0.6778863523317581,69681.64162360138,288.15,0.8385412648334485,31.78714214907606,0.02444291233826532,4.4,5.33443990852911
44050.0,10010.0,15.3,50.0,35.0,180.0,34.7,2382.0,45.2,14.0,82.5,1125.0,55.6,80.5,3977.5922600267318,26.220000178240852,15.983234743223305,6.226801796360765,0.44466848585803864,1.0497566737925526,0.28,1.0,0.678163142452132,1.0,0.9885098200787855,0.678163142452132,69681.64162360138,288.15,0.8385412648334485,31.78714214877447,0.024449087013382147,3.9000000000000004,5.334030772541048
44100.0,10000.0,15.100000000000001,50.5,35.2,180.0,34.800000000000004,2378.0,44.5,14.100000000000001,80.9,1126.0,55.800000000000004,79.60000000000001,3977.2872717043633,26.220000178141486,15.982009203417649,6.226801796111385,0.4446684858402299,1.0497566737925526,0.32,1.0,0.6784398255408334,1.0,0.9885098200787855,0.6784398255408334,69681.64162360138,288.15,0.8385412648334485,31.787142148515965,0.024455259566640658,3.8000000000000003,5.333621777100986
44150.0,10010.0,15.100000000000001,50.0,34.9,181.0,35.2,2372.0,44.800000000000004,14.05,81.9,1124.0,56.5,79.5,3976.9823882055707,26.220000178056313,15.980784084743696,6.2268017958976305,0.44466848582496526,1.0497566737925526,0.36,1.0,0.678716401545421,1.0,0.9885098200787855,0.678716401545421,69681.64162360138,288.15,0.8385412648334485,31.787142148294386,0.02446142999764281,4.1000000000000005,5.333212922231435
44200.0,9990.0,14.9,49.5,35.1,180.0,34.800000000000004,2371.0,45.2,14.0,81.80000000000001,1128.0,56.0,80.0,3976.6776095474684,26.220000177983298,15.97955938728206,6.22680179571441,0.4446684858118811,1.0497566737925526,0.4,1.0,0.6789928704135973,1.0,0.9885098200787855,0.6789928704135973,69681.64162360138,288.15,0.8385412648334485,31.78714214810446,0.024467598305992388,4.3,5.332804207955347
44250.0,10000.0,14.9,48.5,35.4,181.0,34.9,2371.0,44.7,14.05,81.60000000000001,1129.0,56.300000000000004,80.4,3976.372935747454,26.22000017792072,15.978335111112807,6.226801795557365,0.4446684858006662,1.0497566737925526,0.33,1.0,0.6792692320931841,1.0,0.9885098200787855,0.6792692320931841,69681.64162360138,288.15,0.8385412648334485,31.78714214794167,0.02447376449129517,4.2,5.332395634296051
44300.0,9970.0,14.600000000000001,50.0,35.4,182.0,35.0,2374.0,44.400000000000006,14.05,81.30000000000001,1134.0,56.0,81.0,3976.0683668231304,26.220000177867092,15.977111256315364,6.226801795422756,0.4446684857910535,1.0497566737925526,0.34,1.0,0.6795454865321117,1.0,0.9885098200787855,0.6795454865321117,69681.64162360138,288.15,0.8385412648334485,31.787142147802136,0.024479928553158704,3.7,5.331987201277155
44350.0,10000.0,15.200000000000001,50.0,35.300000000000004,181.0,35.1,2376.0,44.6,14.0,81.80000000000001,1122.0,56.300000000000004,79.80000000000001,3975.7639027922814,26.22000017782112,15.975887822968652,6.226801795307378,0.44466848578281415,1.0497566737925526,0.28,1.0,0.6798216336783954,1.0,0.9885098200787855,0.6798216336783954,69681.64162360138,288.15,0.8385412648334485,31.78714214768253,0.02448609049119251,3.9000000000000004,5.331578908922506
44400.0,10000.0,15.600000000000001,50.0,35.4,180.0,34.6,2379.0,44.800000000000004,14.0,81.0,1127.0,56.7,80.4,3975.4595436728223,26.220000177781714,15.974664811151047,6.226801795208481,0.4446684857757517,1.0497566737925526,0.37,1.0,0.6800976734801337,1.0,0.9885098200787855,0.6800976734801337,69681.64162360138,288.15,0.8385412648334485,31.787142147580017,0.024492250305007877,4.4,5.331170757256128
44450.0,9980.0,14.700000000000001,49.0,35.300000000000004,179.0,34.9,2376.0,45.1,13.9,80.9,1127.0,56.7,79.9,3975.1552894827746,26.22000017774793,15.973442220940449,6.226801795123713,0.44466848576969825,1.0497566737925526,0.3,1.0,0.680373605885487,1.0,0.9885098200787855,0.680373605885487,69681.64162360138,288.15,0.8385412648334485,31.787142147492144,0.024498407994218076,3.4000000000000004,5.330762746302191
44500.0,10010.0,14.8,49.5,34.300000000000004,179.0,34.800000000000004,2375.0,44.6,14.0,81.5,1132.0,55.7,79.9,3974.851140240235,26.220000177718973,15.97222005241427,6.226801795051052,0.44466848576450935,1.0497566737925526,0.33,1.0,0.6806494308426788,1.0,0.9885098200787855,0.6806494308426788,69681.64162360138,288.15,0.8385412648334485,31.787142147416827,0.024504563558438167,3.7,5.330354876084961
44550.0,10000.0,15.200000000000001,50.0,35.6,178.0,34.800000000000004,2382.0,45.300000000000004,14.05,82.4,1122.0,56.6,80.4,3974.54709596336,26.22000017769417,15.970998305649491,6.2268017949887735,0.44466848576006196,1.0497566737925526,0.3,1.0,0.6809251482999807,1.0,0.9885098200787855,0.6809251482999807,69681.64162360138,288.15,0.8385412648334485,31.78714214735227,0.02451071699728515,4.6000000000000005,5.329947146628785
44600.0,10000.0,14.4,50.0,34.7,181.0,35.1,2374.0,45.5,14.05,81.10000000000001,1127.0,56.5,79.7,3974.2431566703162,26.220000177672883,15.969776980722557,6.2268017949353895,0.44466848575624973,1.0497566737925526,0.31,1.0,0.6812007582057095,1.0,0.9885098200787855,0.6812007582057095,69681.64162360138,288.15,0.8385412648334485,31.787142147296933,0.024516868310377873,4.0,5.329539557958028
44650.0,9990.0,14.3,50.0,34.2,179.0,34.6,2370.0,45.1,14.0,81.5,1124.0,56.1,80.0,3973.9393223793068,26.22000017765466,15.968556077709573,6.226801794889635,0.4446684857529823,1.0497566737925526,0.32,1.0,0.6814762605082207,1.0,0.9885098200787855,0.6814762605082207,69681.64162360138,288.15,0.8385412648334485,31.787142147249504,0.024523017497337016,4.2,5.329132110097099
44700.0,10010.0,14.9,49.0,34.7,180.0,34.800000000000004,2372.0,45.0,14.15,81.30000000000001,1127.0,55.900000000000006,80.5,3973.6355931085172,26.22000017763903,15.967335596686148,6.226801794850416,0.4446684857501816,1.0497566737925526,0.35000000000000003,1.0,0.6817516551559006,1.0,0.9885098200787855,0.6817516551559006,69681.64162360138,288.15,0.8385412648334485,31.787142147208847,0.02452916455778509,4.2,5.328724803070384
44750.0,10020.0,14.9,50.0,35.7,181.0,34.6,2378.0,44.800000000000004,14.05,81.80000000000001,1123.0,56.5,79.9,3973.331968876131,26.220000177625643,15.966115537727521,6.2268017948168,0.444668485747781,1.0497566737925526,0.33,1.0,0.682026942097163,1.0,0.9885098200787855,0.682026942097163,69681.64162360138,288.15,0.8385412648334485,31.787142147174002,0.024535309491346576,4.1000000000000005,5.32831763690227
44800.0,10020.0,15.100000000000001,50.0,35.5,182.0,35.2,2377.0,45.1,14.0,81.60000000000001,1132.0,56.2,80.4,3973.028449700296,26.220000177614164,15.964895900908473,6.226801794787987,0.4446684857457234,1.0497566737925526,0.32,1.0,0.6823021212804518,1.0,0.9885098200787855,0.6823021212804518,69681.64162360138,288.15,0.8385412648334485,31.78714214714413,0.024541452297647714,3.6,5.327910611617091
44850.0,10000.0,14.9,50.5,35.0,179.0,35.300000000000004,2381.0,45.5,14.0,81.60000000000001,1129.0,56.2,79.9,3972.7250355991305,26.220000177604323,15.963676686303408,6.22680179476329,0.44466848574395973,1.0497566737925526,0.32,1.0,0.6825771926542277,1.0,0.9885098200787855,0.6825771926542277,69681.64162360138,288.15,0.8385412648334485,31.78714214711853,0.024547592976316673,3.6,5.327503727239146
44900.0,10000.0,14.9,50.0,35.1,181.0,34.800000000000004,2375.0,44.800000000000004,13.950000000000001,81.2,1126.0,56.6,80.0,3972.4217265907073,26.220000177595885,15.962457893986313,6.22680179474212,0.4446684857424479,1.0497566737925526,0.29,1.0,0.6828521561669743,1.0,0.9885098200787855,0.6828521561669743,69681.64162360138,288.15,0.8385412648334485,31.787142147096585,0.02455373152698342,4.3,5.3270969837926705
44950.0,10010.0,14.700000000000001,50.5,35.1,180.0,35.1,2376.0,45.2,14.0,81.4,1122.0,56.6,79.60000000000001,3972.1185226930534,26.220000177588652,15.961239524030802,6.226801794723972,0.444668485741152,1.0497566737925526,0.34,1.0,0.6831270117671897,1.0,0.9885098200787855,0.6831270117671897,69681.64162360138,288.15,0.8385412648334485,31.787142147077773,0.02455986794927975,4.1000000000000005,5.326690381301839
45000.0,10000.0,15.3,50.0,35.1,180.0,35.300000000000004,2374.0,44.900000000000006,13.9,82.0,1125.0,56.300000000000004,79.5,3971.8154239241403,26.22000017758245,15.960021576510087,6.226801794708417,0.4446684857400412,1.0497566737925526,0.32,1.0,0.6834017594033845,1.0,0.9885098200787855,0.6834017594033845,69681.64162360138,288.15,0.8385412648334485,31.78714214706165,0.02456600224283942,3.7,5.32628391979075
45050.0,9970.0,15.200000000000001,49.0,35.300000000000004,181.0,35.0,2382.0,45.0,14.100000000000001,81.30000000000001,1121.0,56.5,80.60000000000001,3971.512430301877,26.22000017757714,15.958804051496998,6.226801794695088,0.44466848573908924,1.0497566737925526,0.34,1.0,0.6836763990240875,1.0,0.9885098200787855,0.6836763990240875,69681.64162360138,288.15,0.8385412648334485,31.787142147047835,0.02457213440729793,3.8000000000000003,5.325877599283423
45100.0,10000.0,15.3,50.0,36.1,180.0,35.2,2379.0,44.800000000000004,13.950000000000001,82.10000000000001,1127.0,56.6,78.9,3971.209541844105,26.220000177572587,15.957586949063963,6.22680179468366,0.4446684857382732,1.0497566737925526,0.34,1.0,0.6839509305778348,1.0,0.9885098200787855,0.6839509305778348,69681.64162360138,288.15,0.8385412648334485,31.78714214703599,0.024578264442292646,4.0,5.325471419803782
45150.0,10000.0,15.100000000000001,50.0,34.800000000000004,180.0,34.9,2385.0,45.300000000000004,13.950000000000001,82.7,1126.0,56.5,80.2,3970.9067585686,26.22000017756868,15.956370269283042,6.2268017946738645,0.44466848573757367,1.0497566737925526,0.26,1.0,0.6842253540131721,1.0,0.9885098200787855,0.6842253540131721,69681.64162360138,288.15,0.8385412648334485,31.787142147025836,0.02458439234746285,3.9000000000000004,5.325065381375664
45200.0,9990.0,15.100000000000001,50.0,35.0,180.0,35.2,2378.0,45.0,14.0,82.60000000000001,1127.0,56.300000000000004,78.80000000000001,3970.6040804930662,26.220000177565336,15.955154012225924,6.22680179466547,0.4446684857369742,1.0497566737925526,0.28,1.0,0.6844996692786569,1.0,0.9885098200787855,0.6844996692786569,69681.64162360138,288.15,0.8385412648334485,31.787142147017136,0.024590518122449553,3.9000000000000004,5.324659484022812
45250.0,10000.0,14.8,50.0,34.800000000000004,179.0,35.1,2382.0,44.7,14.0,80.4,1123.0,56.300000000000004,80.30000000000001,3970.3015076351335,26.220000177562465,15.95393817796391,6.226801794658273,0.4446684857364603,1.0497566737925526,0.3,1.0,0.6847738763228496,1.0,0.9885098200787855,0.6847738763228496,69681.64162360138,288.15,0.8385412648334485,31.787142147009675,0.024596641766895685,3.8000000000000003,5.324253727768867
45300.0,10000.0,15.0,49.5,35.800000000000004,180.0,35.0,2375.0,45.1,14.100000000000001,82.5,1125.0,56.900000000000006,80.0,3969.9990400123543,26.220000177560003,15.95272276656793,6.226801794652105,0.44466848573601975,1.0497566737925526,0.35000000000000003,1.0,0.6850479750943207,1.0,0.9885098200787855,0.6850479750943207,69681.64162360138,288.15,0.8385412648334485,31.78714214700328,0.024602763280446013,3.9000000000000004,5.323848112637368
45350.0,10000.0,15.3,50.5,35.6,180.0,35.0,2367.0,44.5,14.0,80.80000000000001,1129.0,56.1,79.5,3969.696677642206,26.22000017755791,15.951507778108558,6.2268017946468195,0.4446684857356423,1.0497566737925526,0.31,1.0,0.6853219655416474,1.0,0.9885098200787855,0.6853219655416474,69681.64162360138,288.15,0.8385412648334485,31.7871421469978,0.024608882662747102,4.3,5.323442638651751
45400.0,9990.0,15.200000000000001,50.0,35.4,181.0,35.0,2370.0,44.900000000000006,14.0,81.60000000000001,1125.0,57.0,79.7,3969.3944205420767,26.22000017755611,15.950293212655954,6.226801794642288,0.44466848573531875,1.0497566737925526,0.29,1.0,0.6855958476134079,1.0,0.9885098200787855,0.6855958476134079,69681.64162360138,288.15,0.8385412648334485,31.787142146993105,0.024614999913447403,3.9000000000000004,5.323037305835336
45450.0,10020.0,15.200000000000001,50.5,34.6,179.0,34.9,2377.0,44.900000000000006,13.950000000000001,81.2,1125.0,56.5,80.30000000000001,3969.0922687292787,26.22000017755456,15.949079070279934,6.226801794638405,0.4446684857350414,1.0497566737925526,0.28,1.0,0.685869621258189,1.0,0.9885098200787855,0.685869621258189,69681.64162360138,288.15,0.8385412648334485,31.787142146989076,0.02462111503219713,4.1000000000000005,5.322632114211338
45500.0,10020.0,15.0,49.5,35.4,179.0,35.0,2372.0,44.400000000000006,14.0,80.7,1127.0,57.0,80.60000000000001,3968.790222221043,26.220000177553235,15.947865351049959,6.226801794635076,0.4446684857348037,1.0497566737925526,0.32,1.0,0.6861432864245782,1.0,0.9885098200787855,0.6861432864245782,69681.64162360138,288.15,0.8385412648334485,31.787142146985627,0.024627228018648396,4.2,5.322227063802864
45550.0,10000.0,14.9,49.0,35.7,179.0,35.300000000000004,2379.0,44.7,14.05,82.7,1131.0,56.400000000000006,79.30000000000001,3968.488281034514,26.220000177552087,15.946652055035095,6.226801794632221,0.4446684857345998,1.0497566737925526,0.32,1.0,0.6864168430611682,1.0,0.9885098200787855,0.6864168430611682,69681.64162360138,288.15,0.8385412648334485,31.787142146982667,0.02463333887245514,3.9000000000000004,5.321822154632904
45600.0,10010.0,15.200000000000001,49.0,35.2,180.0,35.0,2377.0,45.400000000000006,14.05,81.0,1127.0,56.5,78.80000000000001,3968.186445186752,26.22000017755111,15.945439182304062,6.226801794629774,0.4446684857344251,1.0497566737925526,0.32,1.0,0.6866902911165557,1.0,0.9885098200787855,0.6866902911165557,69681.64162360138,288.15,0.8385412648334485,31.78714214698013,0.024639447593273068,4.4,5.321417386724338
45650.0,9980.0,15.0,50.0,35.1,179.0,34.7,2371.0,45.400000000000006,13.950000000000001,81.10000000000001,1132.0,56.400000000000006,79.80000000000001,3967.884714694736,26.220000177550286,15.94422673292522,6.226801794627679,0.44466848573427553,1.0497566737925526,0.35000000000000003,1.0,0.6869636305393358,1.0,0.9885098200787855,0.6869636305393358,69681.64162360138,288.15,0.8385412648334485,31.78714214697796,0.02464555418075977,4.2,5.3210127600999355
45700.0,9980.0,14.8,50.0,35.800000000000004,179.0,34.9,2378.0,45.2,14.05,80.9,1126.0,56.7,80.30000000000001,3967.583089575348,26.220000177549565,15.943014706966517,6.2268017946258825,0.44466848573414713,1.0497566737925526,0.31,1.0,0.68723686127811,1.0,0.9885098200787855,0.68723686127811,69681.64162360138,288.15,0.8385412648334485,31.787142146976095,0.024651658634574653,4.0,5.320608274782334
45750.0,9990.0,15.600000000000001,50.0,35.4,180.0,35.0,2370.0,44.400000000000006,14.100000000000001,81.5,1127.0,56.2,79.2,3967.281569845394,26.22000017754895,15.941803104495593,6.226801794624341,0.4446684857340371,1.0497566737925526,0.35000000000000003,1.0,0.6875099832814798,1.0,0.9885098200787855,0.6875099832814798,69681.64162360138,288.15,0.8385412648334485,31.787142146974503,0.0246577609543789,4.4,5.320203930794071
45800.0,9990.0,15.200000000000001,50.0,35.0,181.0,34.9,2381.0,45.1,14.0,82.2,1128.0,56.7,80.30000000000001,3966.9801555215904,26.220000177548425,15.940591925579696,6.2268017946230225,0.4446684857339429,1.0497566737925526,0.36,1.0,0.687782996498047,1.0,0.9885098200787855,0.687782996498047,69681.64162360138,288.15,0.8385412648334485,31.78714214697313,0.024663861139835628,4.3,5.319799728157563
45850.0,9950.0,15.100000000000001,50.0,35.0,180.0,35.1,2379.0,44.900000000000006,14.100000000000001,81.9,1128.0,56.900000000000006,80.2,3966.6788466205603,26.22000017754797,15.939381170285705,6.226801794621891,0.4446684857338621,1.0497566737925526,0.35000000000000003,1.0,0.6880559008764183,1.0,0.9885098200787855,0.6880559008764183,69681.64162360138,288.15,0.8385412648334485,31.78714214697196,0.024669959190609603,3.9000000000000004,5.319395666895104
45900.0,10010.0,15.100000000000001,51.0,35.4,179.0,35.5,2368.0,45.2,13.950000000000001,82.5,1128.0,56.400000000000006,79.5,3966.3776431588512,26.22000017754759,15.93817083868017,6.226801794620921,0.44466848573379286,1.0497566737925526,0.3,1.0,0.6883286963651947,1.0,0.9885098200787855,0.6883286963651947,69681.64162360138,288.15,0.8385412648334485,31.78714214697095,0.02467605510636758,3.9000000000000004,5.318991747028883
45950.0,10000.0,14.8,50.0,35.2,179.0,34.7,2378.0,45.2,14.05,81.7,1131.0,57.1,81.0,3966.0765451529087,26.220000177547256,15.936960930829228,6.226801794620089,0.44466848573373347,1.0497566737925526,0.41000000000000003,1.0,0.6886013829129852,1.0,0.9885098200787855,0.6886013829129852,69681.64162360138,288.15,0.8385412648334485,31.78714214697009,0.024682148886778048,3.5,5.318587968580954
46000.0,9970.0,15.0,50.5,35.0,181.0,34.9,2374.0,44.800000000000004,14.0,81.9,1126.0,56.6,79.9,3965.775552619097,26.220000177546964,15.935751446798687,6.226801794619375,0.4446684857336824,1.0497566737925526,0.32,1.0,0.688873960468395,1.0,0.9885098200787855,0.688873960468395,69681.64162360138,288.15,0.8385412648334485,31.78714214696935,0.024688240531511293,4.2,5.318184331573262
46050.0,9990.0,14.700000000000001,50.0,35.2,179.0,35.300000000000004,2384.0,44.800000000000004,14.100000000000001,79.9,1130.0,56.5,80.10000000000001,3965.4746655736976,26.220000177546726,15.934542386654002,6.226801794618765,0.4446684857336389,1.0497566737925526,0.29,1.0,0.6891464289800301,1.0,0.9885098200787855,0.6891464289800301,69681.64162360138,288.15,0.8385412648334485,31.78714214696872,0.02469433004023947,3.9000000000000004,5.31778083602764
46100.0,9990.0,15.0,51.0,35.0,182.0,34.9,2382.0,44.5,14.0,81.0,1131.0,56.800000000000004,78.5,3965.1738840328962,26.220000177546527,15.933333750460253,6.2268017946182415,0.4446684857336015,1.0497566737925526,0.28,1.0,0.689418788396497,1.0,0.9885098200787855,0.689418788396497,69681.64162360138,288.15,0.8385412648334485,31.787142146968176,0.024700417412636465,3.7,5.317377481965795
46150.0,10010.0,15.3,50.0,34.800000000000004,181.0,34.800000000000004,2378.0,45.1,14.0,81.60000000000001,1127.0,57.0,78.9,3964.8732080127897,26.220000177546343,15.932125538282147,6.226801794617793,0.4446684857335695,1.0497566737925526,0.34,1.0,0.6896910386663995,1.0,0.9885098200787855,0.6896910386663995,69681.64162360138,288.15,0.8385412648334485,31.78714214696771,0.024706502648378054,4.2,5.316974269409312
46200.0,10000.0,15.200000000000001,50.0,35.4,180.0,34.800000000000004,2380.0,44.5,14.0,81.10000000000001,1126.0,56.900000000000006,79.2,3964.5726375293902,26.22000017754619,15.93091775018405,6.226801794617408,0.444668485733542,1.0497566737925526,0.34,1.0,0.6899631797383443,1.0,0.9885098200787855,0.6899631797383443,69681.64162360138,288.15,0.8385412648334485,31.787142146967312,0.024712585747141816,4.0,5.3165711983796635
46250.0,9990.0,15.4,50.0,35.300000000000004,181.0,35.300000000000004,2379.0,44.900000000000006,13.9,81.4,1130.0,56.900000000000006,77.80000000000001,3964.2721725986194,26.220000177546062,15.92971038622997,6.226801794617078,0.4446684857335184,1.0497566737925526,0.35000000000000003,1.0,0.6902352115609364,1.0,0.9885098200787855,0.6902352115609364,69681.64162360138,288.15,0.8385412648334485,31.78714214696697,0.02471866670860705,4.2,5.316168268898201
46300.0,10000.0,15.3,50.5,34.7,181.0,34.7,2376.0,45.0,13.950000000000001,81.5,1130.0,57.300000000000004,79.9,3963.9718132363123,26.220000177545945,15.928503446483546,6.226801794616795,0.4446684857334982,1.0497566737925526,0.27,1.0,0.6905071340827776,1.0,0.9885098200787855,0.6905071340827776,69681.64162360138,288.15,0.8385412648334485,31.787142146966676,0.02472474553245493,3.6,5.31576548098616
46350.0,10000.0,15.0,50.0,35.800000000000004,180.0,35.1,2380.0,45.0,14.200000000000001,80.7,1125.0,56.5,80.30000000000001,3963.671559458215,26.22000017754585,15.92729693100807,6.226801794616553,0.4446684857334809,1.0497566737925526,0.35000000000000003,1.0,0.6907789472524706,1.0,0.9885098200787855,0.6907789472524706,69681.64162360138,288.15,0.8385412648334485,31.787142146966424,0.024730822218368465,3.8000000000000003,5.315362834664656
46400.0,9990.0,15.4,50.0,35.6,180.0,35.1,2378.0,44.800000000000004,14.0,80.60000000000001,1128.0,57.1,80.0,3963.37141127998,26.220000177545764,15.926090839866454,6.226801794616344,0.44466848573346607,1.0497566737925526,0.34,1.0,0.6910506510186184,1.0,0.9885098200787855,0.6910506510186184,69681.64162360138,288.15,0.8385412648334485,31.78714214696621,0.02473689676603235,3.9000000000000004,5.314960329954679
46450.0,10020.0,15.3,50.5,35.6,180.0,35.1,2380.0,44.7,13.9,80.5,1127.0,56.800000000000004,78.80000000000001,3963.0713687171806,26.220000177545693,15.924885173121284,6.226801794616168,0.4446684857334534,1.0497566737925526,0.33,1.0,0.691322245329818,1.0,0.9885098200787855,0.691322245329818,69681.64162360138,288.15,0.8385412648334485,31.787142146966026,0.02474296917513321,3.9000000000000004,5.314557966877114
46500.0,10010.0,15.600000000000001,50.0,34.7,181.0,35.0,2375.0,44.7,13.950000000000001,81.2,1129.0,57.1,80.4,3962.771431785295,26.220000177545643,15.92367993083477,6.226801794616015,0.44466848573344253,1.0497566737925526,0.34,1.0,0.6915937301346697,1.0,0.9885098200787855,0.6915937301346697,69681.64162360138,288.15,0.8385412648334485,31.78714214696587,0.024749039445359357,4.1000000000000005,5.314155745452717
46550.0,10000.0,14.700000000000001,49.5,34.7,178.0,34.800000000000004,2383.0,45.1,14.0,81.5,1122.0,57.0,80.10000000000001,3962.471600499712,26.220000177545582,15.922475113068751,6.226801794615885,0.44466848573343326,1.0497566737925526,0.32,1.0,0.6918651053817685,1.0,0.9885098200787855,0.6918651053817685,69681.64162360138,288.15,0.8385412648334485,31.787142146965735,0.024755107576400964,3.5,5.313753665702124
46600.0,10000.0,15.4,50.0,34.4,182.0,34.7,2375.0,44.7,13.950000000000001,81.0,1129.0,57.400000000000006,79.30000000000001,3962.1718748757353,26.220000177545536,15.921270719884738,6.226801794615772,0.44466848573342516,1.0497566737925526,0.29,1.0,0.6921363710197085,1.0,0.9885098200787855,0.6921363710197085,69681.64162360138,288.15,0.8385412648334485,31.787142146965614,0.024761173567949987,4.1000000000000005,5.313351727645859
46650.0,10010.0,15.100000000000001,50.0,35.0,180.0,35.0,2381.0,45.7,14.0,81.2,1128.0,56.7,79.9,3961.8722549285803,26.220000177545497,15.920066751343873,6.226801794615676,0.44466848573341833,1.0497566737925526,0.33,1.0,0.6924075269970829,1.0,0.9885098200787855,0.6924075269970829,69681.64162360138,288.15,0.8385412648334485,31.787142146965515,0.02476723741970016,3.9000000000000004,5.312949931304326
46700.0,10010.0,15.0,49.5,35.1,180.0,35.2,2380.0,45.0,13.950000000000001,81.2,1128.0,57.1,79.60000000000001,3961.572740673374,26.220000177545472,15.918863207506948,6.226801794615594,0.44466848573341244,1.0497566737925526,0.32,1.0,0.692678573262481,1.0,0.9885098200787855,0.692678573262481,69681.64162360138,288.15,0.8385412648334485,31.78714214696543,0.02477329913134703,4.2,5.312548276697808
46750.0,9990.0,15.8,50.5,34.5,180.0,35.2,2375.0,44.6,13.950000000000001,81.5,1123.0,56.400000000000006,79.7,3961.2733321251494,26.220000177545433,15.917660088434372,6.226801794615522,0.4446684857334073,1.0497566737925526,0.31,1.0,0.692949509764491,1.0,0.9885098200787855,0.692949509764491,69681.64162360138,288.15,0.8385412648334485,31.78714214696536,0.0247793587025879,3.8000000000000003,5.312146763846468
46800.0,9990.0,14.600000000000001,50.0,34.7,180.0,35.1,2375.0,44.800000000000004,13.850000000000001,81.4,1127.0,56.800000000000004,78.9,3960.9740292988613,26.22000017754541,15.916457394186246,6.226801794615461,0.44466848573340295,1.0497566737925526,0.32,1.0,0.6932203364516974,1.0,0.9885098200787855,0.6932203364516974,69681.64162360138,288.15,0.8385412648334485,31.787142146965294,0.024785416133121886,4.1000000000000005,5.3117453927703595
46850.0,10000.0,15.5,50.5,35.0,181.0,35.0,2377.0,45.400000000000006,13.950000000000001,81.2,1130.0,57.1,79.30000000000001,3960.6748322093713,26.2200001775454,15.915255124822288,6.226801794615411,0.44466848573339934,1.0497566737925526,0.27,1.0,0.6934910532726831,1.0,0.9885098200787855,0.6934910532726831,69681.64162360138,288.15,0.8385412648334485,31.78714214696524,0.024791471422649872,3.4000000000000004,5.311344163489411
46900.0,10020.0,15.100000000000001,49.5,35.1,179.0,34.9,2373.0,44.6,13.850000000000001,80.2,1129.0,56.7,79.7,3960.3757408714455,26.22000017754537,15.91405328040184,6.226801794615364,0.444668485733396,1.0497566737925526,0.35000000000000003,1.0,0.6937616601760258,1.0,0.9885098200787855,0.6937616601760258,69681.64162360138,288.15,0.8385412648334485,31.787142146965195,0.02479752457087454,4.0,5.310943076023427
46950.0,10000.0,15.100000000000001,50.0,35.5,182.0,35.300000000000004,2368.0,44.900000000000006,14.0,81.5,1123.0,56.400000000000006,80.10000000000001,3960.0767552997786,26.220000177545362,15.912851860983947,6.226801794615327,0.4446684857333934,1.0497566737925526,0.3,1.0,0.6940321571103024,1.0,0.9885098200787855,0.6940321571103024,69681.64162360138,288.15,0.8385412648334485,31.787142146965152,0.024803575577500334,3.6,5.310542130392109
47000.0,9990.0,15.100000000000001,49.5,35.1,179.0,34.7,2382.0,45.1,14.0,80.9,1131.0,57.2,80.0,3959.7778755089607,26.220000177545344,15.911650866627244,6.2268017946152945,0.4446684857333911,1.0497566737925526,0.3,1.0,0.694302544024086,1.0,0.9885098200787855,0.694302544024086,69681.64162360138,288.15,0.8385412648334485,31.78714214696512,0.02480962444223347,4.0,5.310141326615027
47050.0,10000.0,14.9,50.0,34.800000000000004,180.0,34.7,2379.0,45.1,14.0,81.4,1126.0,56.800000000000004,79.7,3959.4791015135083,26.22000017754533,15.910450297390062,6.226801794615266,0.444668485733389,1.0497566737925526,0.34,1.0,0.6945728208659444,1.0,0.9885098200787855,0.6945728208659444,69681.64162360138,288.15,0.8385412648334485,31.787142146965092,0.024815671164781977,3.8000000000000003,5.309740664711645
47100.0,9990.0,15.0,49.5,35.6,180.0,35.0,2373.0,45.2,13.950000000000001,80.80000000000001,1129.0,57.2,78.2,3959.1804333278396,26.22000017754532,15.909250153330339,6.226801794615242,0.44466848573338735,1.0497566737925526,0.32,1.0,0.6948429875844447,1.0,0.9885098200787855,0.6948429875844447,69681.64162360138,288.15,0.8385412648334485,31.787142146965067,0.024821715744855647,4.0,5.3093401447013004
47150.0,10000.0,15.100000000000001,49.0,33.9,179.0,35.1,2364.0,44.7,13.850000000000001,81.0,1132.0,57.0,79.4,3958.8818709662905,26.22000017754532,15.908050434505686,6.2268017946152225,0.4446684857333859,1.0497566737925526,0.35000000000000003,1.0,0.695113044128149,1.0,0.9885098200787855,0.695113044128149,69681.64162360138,288.15,0.8385412648334485,31.787142146965046,0.02482775818216606,4.0,5.308939766603215
47200.0,10000.0,15.3,50.0,35.1,180.0,34.9,2380.0,44.900000000000006,14.100000000000001,80.5,1131.0,57.2,78.9,3958.583414443105,26.220000177545312,15.906851140973338,6.226801794615205,0.4446684857333847,1.0497566737925526,0.34,1.0,0.6953829904456169,1.0,0.9885098200787855,0.6953829904456169,69681.64162360138,288.15,0.8385412648334485,31.78714214696503,0.02483379847642651,3.8000000000000003,5.3085395304364935
47250.0,10000.0,14.9,50.0,35.4,180.0,34.800000000000004,2372.0,45.1,14.05,80.7,1131.0,57.400000000000006,79.10000000000001,3958.2850637724437,26.2200001775453,15.905652272790194,6.22680179461519,0.4446684857333835,1.0497566737925526,0.3,1.0,0.6956528264854004,1.0,0.9885098200787855,0.6956528264854004,69681.64162360138,288.15,0.8385412648334485,31.787142146965014,0.024839836627352153,3.9000000000000004,5.308139436220123
47300.0,10000.0,15.4,50.5,35.0,181.0,35.2,2377.0,45.1,14.05,81.4,1125.0,56.900000000000006,79.2,3957.986818968378,26.2200001775453,15.904453830012809,6.226801794615177,0.4446684857333827,1.0497566737925526,0.3,1.0,0.6959225521960525,1.0,0.9885098200787855,0.6959225521960525,69681.64162360138,288.15,0.8385412648334485,31.787142146965,0.024845872634659857,3.6,5.307739483972974
47350.0,10010.0,15.100000000000001,49.5,34.9,180.0,35.0,2372.0,44.6,14.05,80.2,1126.0,57.0,79.30000000000001,3957.68868004489,26.22000017754529,15.90325581269736,6.226801794615166,0.44466848573338186,1.0497566737925526,0.33,1.0,0.6961921675261185,1.0,0.9885098200787855,0.6961921675261185,69681.64162360138,288.15,0.8385412648334485,31.78714214696499,0.024851906498068208,4.4,5.307339673713799
47400.0,9980.0,15.3,48.5,35.6,178.0,35.5,2375.0,45.400000000000006,14.100000000000001,80.80000000000001,1126.0,56.800000000000004,79.80000000000001,3957.3906470158836,26.22000017754529,15.902058220899717,6.226801794615158,0.4446684857333813,1.0497566737925526,0.31,1.0,0.6964616724241377,1.0,0.9885098200787855,0.6964616724241377,69681.64162360138,288.15,0.8385412648334485,31.78714214696498,0.02485793821729766,3.8000000000000003,5.306940005461241
47450.0,10010.0,14.700000000000001,50.0,35.0,179.0,34.9,2383.0,44.900000000000006,14.0,81.0,1128.0,56.800000000000004,79.60000000000001,3957.0927198951626,26.220000177545284,15.900861054675355,6.22680179461515,0.4446684857333807,1.0497566737925526,0.33,1.0,0.6967310668386486,1.0,0.9885098200787855,0.6967310668386486,69681.64162360138,288.15,0.8385412648334485,31.78714214696497,0.024863967792070386,3.5,5.306540479233811
47500.0,10020.0,15.5,49.5,34.6,180.0,34.7,2382.0,44.900000000000006,14.100000000000001,80.60000000000001,1127.0,57.6,79.2,3956.7948986964525,26.220000177545295,15.899664314079423,6.2268017946151435,0.4446684857333803,1.0497566737925526,0.33,1.0,0.6970003507181842,1.0,0.9885098200787855,0.6970003507181842,69681.64162360138,288.15,0.8385412648334485,31.787142146964964,0.02486999522211029,4.2,5.306141095049917
47550.0,9990.0,14.600000000000001,49.5,35.2,180.0,35.2,2375.0,44.6,13.850000000000001,82.80000000000001,1128.0,57.2,79.5,3956.497183433388,26.22000017754529,15.898467999166712,6.226801794615138,0.4446684857333799,1.0497566737925526,0.28,1.0,0.6972695240112698,1.0,0.9885098200787855,0.6972695240112698,69681.64162360138,288.15,0.8385412648334485,31.787142146964957,0.024876020507143135,3.8000000000000003,5.305741852927842
47600.0,10020.0,15.200000000000001,49.5,34.5,180.0,34.9,2385.0,44.900000000000006,13.9,81.0,1128.0,56.7,79.5,3956.199574119514,26.220000177545284,15.897272109991652,6.22680179461513,0.44466848573337936,1.0497566737925526,0.36,1.0,0.6975385866664306,1.0,0.9885098200787855,0.6975385866664306,69681.64162360138,288.15,0.8385412648334485,31.787142146964953,0.024882043646896307,4.0,5.3053427528857515
47650.0,9990.0,14.9,49.0,34.9,180.0,34.800000000000004,2384.0,45.2,13.9,80.0,1124.0,57.800000000000004,79.80000000000001,3955.9020707682976,26.220000177545277,15.896076646608352,6.226801794615127,0.4446684857333791,1.0497566737925526,0.37,1.0,0.6978075386321824,1.0,0.9885098200787855,0.6978075386321824,69681.64162360138,288.15,0.8385412648334485,31.787142146964946,0.024888064641099036,4.0,5.304943794941702
47700.0,10000.0,14.600000000000001,50.0,34.9,180.0,35.300000000000004,2376.0,45.400000000000006,13.9,82.7,1126.0,57.5,79.7,3955.6046733931144,26.220000177545277,15.894881609070564,6.226801794615123,0.4446684857333788,1.0497566737925526,0.31,1.0,0.6980763798570362,1.0,0.9885098200787855,0.6980763798570362,69681.64162360138,288.15,0.8385412648334485,31.787142146964943,0.024894083489482268,4.2,5.3045449791136345
47750.0,10010.0,14.8,49.5,35.0,180.0,35.300000000000004,2379.0,45.0,14.05,79.80000000000001,1125.0,57.300000000000004,79.9,3955.3073820072527,26.22000017754528,15.893686997431688,6.2268017946151195,0.4446684857333786,1.0497566737925526,0.33,1.0,0.6983451102894984,1.0,0.9885098200787855,0.6983451102894984,69681.64162360138,288.15,0.8385412648334485,31.78714214696494,0.024900100191778757,4.3,5.3041463054193665
47800.0,10010.0,14.9,50.0,35.2,180.0,35.300000000000004,2372.0,45.1,14.05,80.80000000000001,1126.0,57.2,79.7,3955.0101966239104,26.220000177545277,15.89249281174475,6.226801794615118,0.44466848573337836,1.0497566737925526,0.31,1.0,0.6986137298780712,1.0,0.9885098200787855,0.6986137298780712,69681.64162360138,288.15,0.8385412648334485,31.78714214696494,0.024906114747722936,3.7,5.303747773876596
47850.0,10010.0,15.100000000000001,50.5,35.300000000000004,182.0,35.2,2374.0,45.1,13.950000000000001,80.80000000000001,1123.0,57.2,79.60000000000001,3954.713117256208,26.22000017754528,15.891299052062479,6.226801794615115,0.4446684857333782,1.0497566737925526,0.32,1.0,0.6988822385712482,1.0,0.9885098200787855,0.6988822385712482,69681.64162360138,288.15,0.8385412648334485,31.787142146964932,0.02491212715705106,3.7,5.303349384502921
47900.0,9980.0,15.600000000000001,50.0,34.7,180.0,35.4,2379.0,44.2,14.200000000000001,79.9,1126.0,56.900000000000006,78.9,3954.41614391717,26.22000017754527,15.890105718437209,6.2268017946151115,0.44466848573337797,1.0497566737925526,0.33,1.0,0.6991506363175197,1.0,0.9885098200787855,0.6991506363175197,69681.64162360138,288.15,0.8385412648334485,31.787142146964932,0.024918137419501062,3.4000000000000004,5.302951137315803
47950.0,10000.0,15.4,49.5,34.4,180.0,34.9,2374.0,44.6,14.05,81.4,1124.0,57.0,79.30000000000001,3954.119276619743,26.220000177545273,15.88891281092096,6.226801794615111,0.4446684857333779,1.0497566737925526,0.29,1.0,0.6994189230653682,1.0,0.9885098200787855,0.6994189230653682,69681.64162360138,288.15,0.8385412648334485,31.787142146964932,0.024924145534812675,4.0,5.302553032332607
48000.0,10020.0,15.0,49.5,35.2,180.0,35.0,2378.0,45.2,14.0,81.0,1132.0,57.7,79.7,3953.8225153767803,26.220000177545266,15.887720329565386,6.226801794615108,0.44466848573337775,1.0497566737925526,0.33,1.0,0.6996870987632707,1.0,0.9885098200787855,0.6996870987632707,69681.64162360138,288.15,0.8385412648334485,31.78714214696493,0.024930151502727312,3.7,5.30215506957057
48050.0,10010.0,15.100000000000001,49.5,34.9,179.0,35.2,2379.0,45.1,14.0,80.60000000000001,1122.0,56.800000000000004,78.9,3953.5258602010567,26.220000177545266,15.88652827442182,6.226801794615107,0.4446684857333777,1.0497566737925526,0.29,1.0,0.6999551633596965,1.0,0.9885098200787855,0.6999551633596965,69681.64162360138,288.15,0.8385412648334485,31.787142146964925,0.024936155322988228,4.0,5.301757249046822
48100.0,10010.0,15.0,50.5,34.7,180.0,35.0,2381.0,45.0,14.0,80.0,1125.0,57.7,78.2,3953.229311105253,26.220000177545273,15.88533664554122,6.226801794615106,0.44466848573337764,1.0497566737925526,0.36,1.0,0.700223116803112,1.0,0.9885098200787855,0.700223116803112,69681.64162360138,288.15,0.8385412648334485,31.787142146964925,0.024942156995340383,4.1000000000000005,5.3013595707783665
48150.0,9990.0,14.8,51.0,35.6,180.0,35.0,2374.0,45.0,13.950000000000001,80.9,1131.0,57.300000000000004,78.7,3952.9328681019642,26.220000177545266,15.884145442974187,6.226801794615104,0.44466848573337747,1.0497566737925526,0.28,1.0,0.7004909590419758,1.0,0.9885098200787855,0.7004909590419758,69681.64162360138,288.15,0.8385412648334485,31.787142146964925,0.024948156519530397,4.0,5.3009620347820965
48200.0,9990.0,15.100000000000001,49.0,35.300000000000004,179.0,35.0,2375.0,45.5,14.0,82.10000000000001,1128.0,57.900000000000006,79.10000000000001,3952.636531203709,26.22000017754527,15.882954666771036,6.2268017946151035,0.4446684857333774,1.0497566737925526,0.33,1.0,0.7007586900247358,1.0,0.9885098200787855,0.7007586900247358,69681.64162360138,288.15,0.8385412648334485,31.787142146964925,0.024954153895306676,4.3,5.300564641074798
48250.0,10010.0,15.200000000000001,50.0,34.9,181.0,35.300000000000004,2374.0,44.800000000000004,13.950000000000001,81.4,1125.0,57.7,79.5,3952.340300422913,26.22000017754527,15.88176431698169,6.2268017946151035,0.4446684857333774,1.0497566737925526,0.3,1.0,0.7010263096998363,1.0,0.9885098200787855,0.7010263096998363,69681.64162360138,288.15,0.8385412648334485,31.787142146964925,0.02496014912241943,4.3,5.300167389673136
48300.0,9980.0,15.5,50.0,34.2,181.0,35.2,2375.0,44.7,13.9,82.4,1125.0,56.900000000000006,79.30000000000001,3952.0441757719136,26.22000017754527,15.880574393655724,6.2268017946151035,0.4446684857333774,1.0497566737925526,0.27,1.0,0.7012938180157163,1.0,0.9885098200787855,0.7012938180157163,69681.64162360138,288.15,0.8385412648334485,31.787142146964925,0.024966142200620496,3.7,5.299770280593652
48350.0,10010.0,15.200000000000001,50.0,35.0,180.0,35.0,2373.0,44.800000000000004,13.950000000000001,80.5,1130.0,57.7,78.7,3951.748157262969,26.22000017754527,15.879384896842401,6.2268017946151035,0.4446684857333774,1.0497566737925526,0.29,1.0,0.7015612149208037,1.0,0.9885098200787855,0.7015612149208037,69681.64162360138,288.15,0.8385412648334485,31.787142146964925,0.024972133129663586,3.9000000000000004,5.299373313852787
48400.0,10030.0,14.700000000000001,50.0,35.0,180.0,34.9,2381.0,45.1,14.05,81.30000000000001,1129.0,58.0,79.9,3951.452244908244,26.22000017754527,15.878195826590602,6.2268017946151035,0.4446684857333774,1.0497566737925526,0.39,1.0,0.701828500363525,1.0,0.9885098200787855,0.701828500363525,69681.64162360138,288.15,0.8385412648334485,31.787142146964925,0.024978121909303944,4.3,5.298976489466854
48450.0,9990.0,15.3,50.5,35.800000000000004,179.0,35.1,2374.0,45.2,14.0,81.2,1123.0,57.7,79.30000000000001,3951.156438719828,26.22000017754527,15.877007182948903,6.2268017946151035,0.4446684857333774,1.0497566737925526,0.33,1.0,0.7020956742922911,1.0,0.9885098200787855,0.7020956742922911,69681.64162360138,288.15,0.8385412648334485,31.787142146964925,0.024984108539298687,4.4,5.2985798074520645
48500.0,10000.0,15.100000000000001,50.0,35.1,182.0,35.0,2374.0,45.6,14.0,79.9,1125.0,57.0,78.30000000000001,3950.860738709718,26.22000017754527,15.875818965965513,6.2268017946151035,0.4446684857333774,1.0497566737925526,0.31,1.0,0.7023627366555114,1.0,0.9885098200787855,0.7023627366555114,69681.64162360138,288.15,0.8385412648334485,31.787142146964925,0.02499009301940661,3.9000000000000004,5.298183267824506
48550.0,10010.0,15.200000000000001,50.5,34.6,181.0,35.300000000000004,2378.0,45.1,13.9,81.5,1131.0,57.6,78.9,3950.5651448898275,26.22000017754527,15.874631175688306,6.2268017946151035,0.4446684857333774,1.0497566737925526,0.32,1.0,0.7026296874015855,1.0,0.9885098200787855,0.7026296874015855,69681.64162360138,288.15,0.8385412648334485,31.787142146964925,0.024996075349388264,3.8000000000000003,5.297786870600157
48600.0,10000.0,15.200000000000001,50.0,35.4,180.0,34.800000000000004,2374.0,44.800000000000004,14.0,82.0,1132.0,57.800000000000004,79.2,3950.2696572719838,26.22000017754527,15.873443812164805,6.2268017946151035,0.4446684857333774,1.0497566737925526,0.28,1.0,0.7028965264789065,1.0,0.9885098200787855,0.7028965264789065,69681.64162360138,288.15,0.8385412648334485,31.787142146964925,0.025002055529005866,4.0,5.2973906157948765
48650.0,9990.0,15.5,49.0,35.2,179.0,35.0,2379.0,45.300000000000004,14.0,81.30000000000001,1125.0,57.6,79.7,3949.9742758679313,26.22000017754527,15.872256875442206,6.2268017946151035,0.4446684857333774,1.0497566737925526,0.33,1.0,0.7031632538358568,1.0,0.9885098200787855,0.7031632538358568,69681.64162360138,288.15,0.8385412648334485,31.787142146964925,0.025008033558023397,3.8000000000000003,5.296994503424414
48700.0,10000.0,15.3,49.5,34.6,180.0,34.9,2371.0,45.400000000000006,13.950000000000001,80.80000000000001,1125.0,57.400000000000006,78.7,3949.679000689329,26.22000017754527,15.871070365567356,6.2268017946151035,0.4446684857333774,1.0497566737925526,0.34,1.0,0.7034298694208133,1.0,0.9885098200787855,0.7034298694208133,69681.64162360138,288.15,0.8385412648334485,31.787142146964925,0.025014009436206575,4.0,5.296598533504404
48750.0,10010.0,14.8,51.0,34.2,179.0,35.4,2378.0,45.1,14.05,81.2,1128.0,57.2,79.5,3949.3838317477484,26.22000017754527,15.869884282586757,6.2268017946151035,0.4446684857333774,1.0497566737925526,0.34,1.0,0.7036963731821447,1.0,0.9885098200787855,0.7036963731821447,69681.64162360138,288.15,0.8385412648334485,31.787142146964925,0.025019983163322778,4.3,5.296202706050366
48800.0,10020.0,15.100000000000001,49.5,35.7,179.0,35.1,2375.0,44.900000000000006,14.05,81.0,1128.0,57.2,79.0,3949.088769054679,26.22000017754527,15.86869862654657,6.2268017946151035,0.4446684857333774,1.0497566737925526,0.3,1.0,0.7039627650682097,1.0,0.9885098200787855,0.7039627650682097,69681.64162360138,288.15,0.8385412648334485,31.787142146964925,0.025025954739141165,3.9000000000000004,5.295807021077706
48850.0,10000.0,15.600000000000001,50.0,34.1,181.0,35.1,2376.0,44.900000000000006,13.950000000000001,82.0,1127.0,56.900000000000006,79.30000000000001,3948.7938126215236,26.22000017754527,15.867513397492623,6.2268017946151035,0.4446684857333774,1.0497566737925526,0.36,1.0,0.7042290450273595,1.0,0.9885098200787855,0.7042290450273595,69681.64162360138,288.15,0.8385412648334485,31.787142146964925,0.025031924163432574,4.0,5.295411478601716
48900.0,9990.0,14.700000000000001,49.5,35.6,180.0,34.7,2378.0,45.0,13.950000000000001,80.2,1124.0,57.900000000000006,79.2,3948.498962459601,26.22000017754527,15.866328595470394,6.2268017946151035,0.4446684857333774,1.0497566737925526,0.34,1.0,0.704495213007938,1.0,0.9885098200787855,0.704495213007938,69681.64162360138,288.15,0.8385412648334485,31.787142146964925,0.025037891435969507,4.0,5.295016078637575
48950.0,10000.0,14.9,50.0,35.5,181.0,34.800000000000004,2376.0,45.300000000000004,14.15,81.9,1125.0,58.0,79.10000000000001,3948.2042185801474,26.22000017754527,15.865144220525034,6.2268017946151035,0.4446684857333774,1.0497566737925526,0.35000000000000003,1.0,0.704761268958276,1.0,0.9885098200787855,0.704761268958276,69681.64162360138,288.15,0.8385412648334485,31.787142146964925,0.02504385655652629,4.1000000000000005,5.29462082120035
49000.0,9980.0,15.200000000000001,50.5,35.0,180.0,34.7,2379.0,45.1,13.950000000000001,80.60000000000001,1127.0,57.400000000000006,79.10000000000001,3947.9095809943105,26.22000017754527,15.86396027270134,6.2268017946151035,0.4446684857333774,1.0497566737925526,0.27,1.0,0.7050272128267006,1.0,0.9885098200787855,0.7050272128267006,69681.64162360138,288.15,0.8385412648334485,31.787142146964925,0.025049819524878877,4.3,5.2942257063049905
49050.0,10000.0,14.700000000000001,49.0,35.4,180.0,35.0,2380.0,45.300000000000004,14.0,80.7,1126.0,57.7,79.80000000000001,3947.615049713156,26.22000017754527,15.862776752043777,6.2268017946151035,0.4446684857333774,1.0497566737925526,0.32,1.0,0.7052930445615272,1.0,0.9885098200787855,0.7052930445615272,69681.64162360138,288.15,0.8385412648334485,31.787142146964925,0.025055780340804922,4.3,5.293830733966337
49100.0,10000.0,15.100000000000001,51.0,35.7,181.0,34.800000000000004,2385.0,45.0,14.0,79.5,1128.0,57.2,79.30000000000001,3947.3206247476674,26.22000017754527,15.861593658596476,6.2268017946151035,0.4446684857333774,1.0497566737925526,0.29,1.0,0.7055587641110617,1.0,0.9885098200787855,0.7055587641110617,69681.64162360138,288.15,0.8385412648334485,31.787142146964925,0.025061739004083827,4.4,5.293435904199117
49150.0,10010.0,15.700000000000001,49.5,35.6,179.0,35.0,2374.0,44.900000000000006,13.950000000000001,80.2,1124.0,57.5,79.10000000000001,3947.02630610874,26.22000017754527,15.860410992403223,6.2268017946151035,0.4446684857333774,1.0497566737925526,0.36,1.0,0.7058243714236019,1.0,0.9885098200787855,0.7058243714236019,69681.64162360138,288.15,0.8385412648334485,31.787142146964925,0.025067695514496693,4.0,5.293041217017943
49200.0,10010.0,14.600000000000001,50.0,35.300000000000004,180.0,34.800000000000004,2380.0,44.800000000000004,13.950000000000001,81.10000000000001,1127.0,57.400000000000006,78.80000000000001,3946.732093807186,26.22000017754527,15.859228753507466,6.2268017946151035,0.4446684857333774,1.0497566737925526,0.29,1.0,0.7060898664474361,1.0,0.9885098200787855,0.7060898664474361,69681.64162360138,288.15,0.8385412648334485,31.787142146964925,0.025073649871826326,3.8000000000000003,5.292646672437313
49250.0,10010.0,15.100000000000001,50.5,35.2,180.0,34.7,2373.0,44.800000000000004,13.950000000000001,81.4,1129.0,58.400000000000006,78.7,3946.437987853733,26.22000017754527,15.858046941952304,6.2268017946151035,0.4446684857333774,1.0497566737925526,0.37,1.0,0.7063552491308439,1.0,0.9885098200787855,0.7063552491308439,69681.64162360138,288.15,0.8385412648334485,31.787142146964925,0.025079602075857167,4.3,5.2922522704716135
49300.0,10000.0,15.200000000000001,50.5,35.0,180.0,34.9,2367.0,45.0,13.950000000000001,80.10000000000001,1128.0,57.1,79.5,3946.1439882590284,26.22000017754527,15.85686555778053,6.2268017946151035,0.4446684857333774,1.0497566737925526,0.34,1.0,0.7066205194220918,1.0,0.9885098200787855,0.7066205194220918,69681.64162360138,288.15,0.8385412648334485,31.787142146964925,0.025085552126375418,3.8000000000000003,5.2918580111351226
49350.0,10000.0,14.700000000000001,50.5,35.1,180.0,35.1,2374.0,44.5,14.05,81.2,1126.0,57.800000000000004,79.7,3945.850095033633,26.22000017754527,15.855684601034577,6.2268017946151035,0.4446684857333774,1.0497566737925526,0.36,1.0,0.70688567726944,1.0,0.9885098200787855,0.70688567726944,69681.64162360138,288.15,0.8385412648334485,31.787142146964925,0.025091500023168983,3.8000000000000003,5.291463894442003
49400.0,9980.0,14.600000000000001,50.0,35.6,179.0,34.9,2374.0,44.800000000000004,14.0,80.0,1130.0,57.6,80.30000000000001,3945.5563081880227,26.22000017754527,15.85450407175654,6.2268017946151035,0.4446684857333774,1.0497566737925526,0.29,1.0,0.7071507226211374,1.0,0.9885098200787855,0.7071507226211374,69681.64162360138,288.15,0.8385412648334485,31.787142146964925,0.02509744576602743,4.3,5.2910699204063025
49450.0,10020.0,14.9,50.0,34.6,179.0,35.0,2377.0,44.5,14.15,80.60000000000001,1127.0,57.5,78.9,3945.262627732591,26.22000017754527,15.853323969988187,6.2268017946151035,0.4446684857333774,1.0497566737925526,0.31,1.0,0.7074156554254236,1.0,0.9885098200787855,0.7074156554254236,69681.64162360138,288.15,0.8385412648334485,31.787142146964925,0.02510338935474201,3.9000000000000004,5.29067608904196
49500.0,10000.0,15.3,50.0,35.300000000000004,180.0,35.0,2375.0,45.300000000000004,14.05,80.60000000000001,1126.0,57.7,79.0,3944.969053677649,26.22000017754527,15.852144295770945,6.2268017946151035,0.4446684857333774,1.0497566737925526,0.32,1.0,0.7076804756305264,1.0,0.9885098200787855,0.7076804756305264,69681.64162360138,288.15,0.8385412648334485,31.787142146964925,0.025109330789105752,3.8000000000000003,5.290282400362801
49550.0,10010.0,15.3,51.0,34.800000000000004,181.0,34.6,2380.0,44.6,13.950000000000001,80.9,1125.0,57.5,78.80000000000001,3944.67558603342,26.22000017754527,15.8509650491459,6.2268017946151035,0.4446684857333774,1.0497566737925526,0.34,1.0,0.7079451831846674,1.0,0.9885098200787855,0.7079451831846674,69681.64162360138,288.15,0.8385412648334485,31.787142146964925,0.025115270068913256,3.7,5.2898888543825375
49600.0,10000.0,14.9,50.5,35.300000000000004,179.0,35.2,2374.0,45.1,13.950000000000001,80.9,1133.0,57.800000000000004,78.80000000000001,3944.3822248100487,26.22000017754527,15.849786230153814,6.2268017946151035,0.4446684857333774,1.0497566737925526,0.31,1.0,0.7082097780360525,1.0,0.9885098200787855,0.7082097780360525,69681.64162360138,288.15,0.8385412648334485,31.787142146964925,0.025121207193960864,3.6,5.289495451114772
49650.0,10020.0,15.100000000000001,49.5,34.6,180.0,35.2,2372.0,45.300000000000004,14.0,80.10000000000001,1126.0,58.400000000000006,78.30000000000001,3944.0889700175962,26.22000017754527,15.848607838835116,6.2268017946151035,0.4446684857333774,1.0497566737925526,0.3,1.0,0.7084742601328798,1.0,0.9885098200787855,0.7084742601328798,69681.64162360138,288.15,0.8385412648334485,31.787142146964925,0.02512714216404661,4.2,5.289102190572997
49700.0,10000.0,14.8,50.5,35.4,180.0,34.9,2375.0,45.1,13.9,81.5,1131.0,57.7,79.2,3943.795821666036,26.22000017754527,15.847429875229885,6.2268017946151035,0.4446684857333774,1.0497566737925526,0.36,1.0,0.7087386294233369,1.0,0.9885098200787855,0.7087386294233369,69681.64162360138,288.15,0.8385412648334485,31.787142146964925,0.025133074978970212,4.4,5.288709072770588
49750.0,10020.0,14.5,50.0,35.2,180.0,35.4,2383.0,44.800000000000004,14.0,80.2,1126.0,57.7,79.5,3943.5027797652615,26.22000017754527,15.846252339377873,6.2268017946151035,0.4446684857333774,1.0497566737925526,0.29,1.0,0.7090028858556003,1.0,0.9885098200787855,0.7090028858556003,69681.64162360138,288.15,0.8385412648334485,31.787142146964925,0.02513900563853305,3.3000000000000003,5.288316097720811
49800.0,9980.0,14.700000000000001,49.5,35.1,179.0,34.800000000000004,2373.0,44.7,13.950000000000001,80.30000000000001,1129.0,57.400000000000006,78.80000000000001,3943.209844325084,26.22000017754527,15.845075231318505,6.2268017946151035,0.4446684857333774,1.0497566737925526,0.3,1.0,0.7092670293778354,1.0,0.9885098200787855,0.7092670293778354,69681.64162360138,288.15,0.8385412648334485,31.787142146964925,0.025144934142538215,4.1000000000000005,5.287923265436825
49850.0,10000.0,15.3,49.5,35.0,180.0,34.800000000000004,2376.0,45.5,13.950000000000001,80.60000000000001,1124.0,57.300000000000004,78.60000000000001,3942.9170153552277,26.22000017754527,15.843898551090858,6.2268017946151035,0.4446684857333774,1.0497566737925526,0.31,1.0,0.7095310599381971,1.0,0.9885098200787855,0.7095310599381971,69681.64162360138,288.15,0.8385412648334485,31.787142146964925,0.025150860490790433,3.8000000000000003,5.287530575931668
49900.0,10000.0,14.5,49.5,35.2,179.0,34.9,2378.0,44.800000000000004,14.05,79.7,1129.0,57.900000000000006,79.0,3942.62429286534,26.22000017754527,15.842722298733696,6.2268017946151035,0.4446684857333774,1.0497566737925526,0.35000000000000003,1.0,0.7097949774848281,1.0,0.9885098200787855,0.7097949774848281,69681.64162360138,288.15,0.8385412648334485,31.787142146964925,0.025156784683096158,3.9000000000000004,5.287138029218278
49950.0,9990.0,15.4,51.0,34.7,180.0,35.2,2376.0,45.2,14.05,80.30000000000001,1128.0,57.800000000000004,78.30000000000001,3942.3316768649797,26.22000017754527,15.841546474285432,6.2268017946151035,0.4446684857333774,1.0497566737925526,0.29,1.0,0.7100587819658614,1.0,0.9885098200787855,0.7100587819658614,69681.64162360138,288.15,0.8385412648334485,31.787142146964925,0.025162706719263486,3.8000000000000003,5.286745625309476
50000.0,10010.0,15.3,50.5,35.2,180.0,35.1,2378.0,45.1,13.9,80.2,1124.0,58.2,79.80000000000001,3942.0391673636263,26.22000017754527,15.840371077784154,6.2268017946151035,0.4446684857333774,1.0497566737925526,0.26,1.0,0.7103224733294178,1.0,0.9885098200787855,0.7103224733294178,69681.64162360138,288.15,0.8385412648334485,31.787142146964925,0.025168626599102167,4.3,5.2863533642179705
50050.0,10000.0,15.3,50.5,35.6,180.0,34.7,2376.0,45.2,14.0,81.0,1127.0,57.6,78.4,3941.746764370676,26.22000017754527,15.839196109267622,6.2268017946151035,0.4446684857333774,1.0497566737925526,0.31,1.0,0.7105860515236057,1.0,0.9885098200787855,0.7105860515236057,69681.64162360138,288.15,0.8385412648334485,31.787142146964925,0.02517454432242365,4.0,5.285961245956364
50100.0,9980.0,14.8,49.0,34.800000000000004,181.0,34.800000000000004,2379.0,45.900000000000006,14.100000000000001,80.7,1129.0,57.400000000000006,78.10000000000001,3941.4544678954417,26.22000017754527,15.838021568773257,6.2268017946151035,0.4446684857333774,1.0497566737925526,0.32,1.0,0.7108495164965223,1.0,0.9885098200787855,0.7108495164965223,69681.64162360138,288.15,0.8385412648334485,31.787142146964925,0.025180459889041093,4.0,5.285569270537145
50150.0,10010.0,14.8,50.0,35.1,180.0,35.0,2373.0,45.1,14.0,80.30000000000001,1129.0,58.2,79.2,3941.1622779471536,26.22000017754527,15.83684745633815,6.2268017946151035,0.4446684857333774,1.0497566737925526,0.29,1.0,0.7111128681962561,1.0,0.9885098200787855,0.7111128681962561,69681.64162360138,288.15,0.8385412648334485,31.787142146964925,0.025186373298769268,4.0,5.285177437972692
50200.0,9990.0,15.0,49.5,35.5,181.0,35.2,2381.0,44.900000000000006,13.950000000000001,81.60000000000001,1127.0,57.400000000000006,79.4,3940.870194534959,26.22000017754527,15.835673771999057,6.2268017946151035,0.4446684857333774,1.0497566737925526,0.33,1.0,0.7113761065708806,1.0,0.9885098200787855,0.7113761065708806,69681.64162360138,288.15,0.8385412648334485,31.787142146964925,0.02519228455142459,4.3,5.284785748275271
50250.0,10000.0,15.0,51.0,34.4,180.0,34.800000000000004,2368.0,45.300000000000004,13.950000000000001,81.10000000000001,1128.0,58.1,78.7,3940.578217667927,26.22000017754527,15.83450051579242,6.2268017946151035,0.4446684857333774,1.0497566737925526,0.3,1.0,0.7116392315684559,1.0,0.9885098200787855,0.7116392315684559,69681.64162360138,288.15,0.8385412648334485,31.787142146964925,0.0251981936468252,4.0,5.284394201457044
50300.0,10010.0,15.0,49.5,34.5,180.0,34.9,2376.0,44.900000000000006,13.950000000000001,80.80000000000001,1128.0,58.6,79.30000000000001,3940.28634735504,26.22000017754527,15.833327687754334,6.2268017946151035,0.4446684857333774,1.0497566737925526,0.37,1.0,0.7119022431370345,1.0,0.9885098200787855,0.7119022431370345,69681.64162360138,288.15,0.8385412648334485,31.787142146964925,0.02520410058479086,3.7,5.284002797530056
50350.0,9980.0,15.0,50.5,35.300000000000004,181.0,34.5,2381.0,45.1,13.9,81.0,1127.0,58.1,79.4,3939.994583605201,26.22000017754527,15.832155287920573,6.2268017946151035,0.4446684857333774,1.0497566737925526,0.33,1.0,0.7121651412246526,1.0,0.9885098200787855,0.7121651412246526,69681.64162360138,288.15,0.8385412648334485,31.787142146964925,0.02521000536514297,3.6,5.283611536506247
50400.0,10000.0,14.5,50.5,35.6,179.0,34.9,2373.0,44.900000000000006,14.05,80.30000000000001,1129.0,58.300000000000004,79.4,3939.702926427231,26.22000017754527,15.830983316326583,6.2268017946151035,0.4446684857333774,1.0497566737925526,0.29,1.0,0.712427925779335,1.0,0.9885098200787855,0.712427925779335,69681.64162360138,288.15,0.8385412648334485,31.787142146964925,0.02521590798770469,4.3,5.283220418397446
50450.0,10020.0,15.5,50.0,34.7,179.0,34.800000000000004,2376.0,45.300000000000004,14.100000000000001,80.30000000000001,1127.0,57.900000000000006,78.5,3939.411375829865,26.22000017754527,15.829811773007465,6.2268017946151035,0.4446684857333774,1.0497566737925526,0.34,1.0,0.7126905967490977,1.0,0.9885098200787855,0.7126905967490977,69681.64162360138,288.15,0.8385412648334485,31.787142146964925,0.025221808452300765,4.0,5.282829443215365
50500.0,10000.0,15.100000000000001,50.5,35.2,179.0,35.2,2377.0,44.900000000000006,14.0,80.80000000000001,1130.0,57.6,79.5,3939.119931821759,26.22000017754527,15.828640657998001,6.2268017946151035,0.4446684857333774,1.0497566737925526,0.32,1.0,0.7129531540819413,1.0,0.9885098200787855,0.7129531540819413,69681.64162360138,288.15,0.8385412648334485,31.787142146964925,0.025227706758757545,3.8000000000000003,5.2824386109716155
50550.0,9990.0,14.700000000000001,49.0,35.300000000000004,182.0,34.7,2373.0,45.2,14.0,81.0,1127.0,57.800000000000004,78.7,3938.828594411491,26.22000017754527,15.82746997133266,6.2268017946151035,0.4446684857333774,1.0497566737925526,0.25,1.0,0.7132155977258514,1.0,0.9885098200787855,0.7132155977258514,69681.64162360138,288.15,0.8385412648334485,31.787142146964925,0.02523360290690318,3.7,5.282047921677698
50600.0,10010.0,15.4,50.5,35.2,178.0,34.9,2382.0,45.5,14.100000000000001,80.4,1124.0,58.0,78.80000000000001,3938.537363607548,26.22000017754527,15.826299713045543,6.2268017946151035,0.4446684857333774,1.0497566737925526,0.37,1.0,0.7134779276288069,1.0,0.9885098200787855,0.7134779276288069,69681.64162360138,288.15,0.8385412648334485,31.787142146964925,0.025239496896567296,4.0,5.281657375344994
50650.0,10000.0,15.0,50.0,35.300000000000004,179.0,34.800000000000004,2382.0,44.5,14.100000000000001,79.4,1125.0,58.400000000000006,78.80000000000001,3938.2462394183467,26.22000017754527,15.825129883170478,6.2268017946151035,0.4446684857333774,1.0497566737925526,0.28,1.0,0.7137401437387675,1.0,0.9885098200787855,0.7137401437387675,69681.64162360138,288.15,0.8385412648334485,31.787142146964925,0.025245388727581322,4.0,5.281266971984792
50700.0,10000.0,15.0,49.5,35.0,180.0,35.5,2375.0,44.900000000000006,13.950000000000001,81.60000000000001,1123.0,58.2,78.7,3937.955221852212,26.22000017754527,15.82396048174091,6.2268017946151035,0.4446684857333774,1.0497566737925526,0.28,1.0,0.7140022460036851,1.0,0.9885098200787855,0.7140022460036851,69681.64162360138,288.15,0.8385412648334485,31.787142146964925,0.02525127839977825,3.7,5.280876711608254
50750.0,10000.0,14.8,50.0,35.7,180.0,34.7,2373.0,44.900000000000006,14.0,80.60000000000001,1128.0,58.6,78.80000000000001,3937.6643109173942,26.22000017754527,15.822791508789994,6.2268017946151035,0.4446684857333774,1.0497566737925526,0.29,1.0,0.714264234371496,1.0,0.9885098200787855,0.714264234371496,69681.64162360138,288.15,0.8385412648334485,31.787142146964925,0.02525716591299274,4.2,5.280486594226445
50800.0,10020.0,15.100000000000001,50.0,35.2,180.0,34.6,2379.0,45.300000000000004,14.100000000000001,80.10000000000001,1128.0,58.1,78.80000000000001,3937.37350662206,26.22000017754527,15.821622964350547,6.2268017946151035,0.4446684857333774,1.0497566737925526,0.32,1.0,0.714526108790123,1.0,0.9885098200787855,0.714526108790123,69681.64162360138,288.15,0.8385412648334485,31.787142146964925,0.02526305126706107,3.9000000000000004,5.280096619850315
50850.0,10000.0,15.200000000000001,50.5,34.7,180.0,34.9,2374.0,44.5,14.0,80.80000000000001,1127.0,58.1,79.0,3937.082808974296,26.22000017754527,15.82045484845506,6.2268017946151035,0.4446684857333774,1.0497566737925526,0.36,1.0,0.7147878692074761,1.0,0.9885098200787855,0.7147878692074761,69681.64162360138,288.15,0.8385412648334485,31.787142146964925,0.025268934461821175,3.8000000000000003,5.27970678849071
50900.0,9990.0,15.0,51.0,34.5,181.0,35.2,2367.0,45.1,14.05,80.30000000000001,1125.0,57.900000000000006,78.60000000000001,3936.792217982106,26.22000017754527,15.819287161135701,6.2268017946151035,0.4446684857333774,1.0497566737925526,0.31,1.0,0.7150495155714512,1.0,0.9885098200787855,0.7150495155714512,69681.64162360138,288.15,0.8385412648334485,31.787142146964925,0.025274815497112683,3.8000000000000003,5.279317100158364
50950.0,10000.0,15.4,49.5,34.300000000000004,181.0,35.0,2375.0,45.0,14.0,80.2,1128.0,57.800000000000004,78.60000000000001,3936.501733653413,26.22000017754527,15.818119902424302,6.2268017946151035,0.4446684857333774,1.0497566737925526,0.25,1.0,0.7153110478299343,1.0,0.9885098200787855,0.7153110478299343,69681.64162360138,288.15,0.8385412648334485,31.787142146964925,0.025280694372776816,4.2,5.2789275548639
51000.0,10000.0,15.200000000000001,50.0,35.2,180.0,35.1,2373.0,44.6,14.0,80.10000000000001,1131.0,58.2,78.4,3936.211355996058,26.22000017754527,15.816953072352375,6.2268017946151035,0.4446684857333774,1.0497566737925526,0.31,1.0,0.7155724659307938,1.0,0.9885098200787855,0.7155724659307938,69681.64162360138,288.15,0.8385412648334485,31.787142146964925,0.02528657108865638,4.0,5.278538152617834
51050.0,10000.0,15.100000000000001,50.0,34.4,178.0,34.9,2379.0,44.900000000000006,14.100000000000001,80.4,1130.0,58.5,79.30000000000001,3935.921085017807,26.22000017754527,15.815786670951121,6.2268017946151035,0.4446684857333774,1.0497566737925526,0.28,1.0,0.7158337698218842,1.0,0.9885098200787855,0.7158337698218842,69681.64162360138,288.15,0.8385412648334485,31.787142146964925,0.025292445644595908,3.9000000000000004,5.27814889343058
51100.0,10010.0,15.100000000000001,50.5,34.4,182.0,34.800000000000004,2368.0,44.900000000000006,13.850000000000001,79.80000000000001,1133.0,58.0,78.0,3935.630920726338,26.22000017754527,15.814620698251396,6.2268017946151035,0.4446684857333774,1.0497566737925526,0.32,1.0,0.7160949594510493,1.0,0.9885098200787855,0.7160949594510493,69681.64162360138,288.15,0.8385412648334485,31.787142146964925,0.025298318040441546,3.7,5.2777597773124345
51150.0,10010.0,14.8,50.0,34.5,182.0,35.1,2376.0,44.900000000000006,13.950000000000001,80.0,1125.0,58.7,78.5,3935.3408631292505,26.22000017754527,15.813455154283737,6.2268017946151035,0.4446684857333774,1.0497566737925526,0.26,1.0,0.716356034766118,1.0,0.9885098200787855,0.716356034766118,69681.64162360138,288.15,0.8385412648334485,31.787142146964925,0.025304188276041032,3.6,5.277370804273588
51200.0,10010.0,14.9,50.0,35.5,179.0,35.1,2374.0,45.2,14.0,80.30000000000001,1129.0,58.400000000000006,78.7,3935.0509122340654,26.22000017754527,15.812290039078366,6.2268017946151035,0.4446684857333774,1.0497566737925526,0.31,1.0,0.7166169957149032,1.0,0.9885098200787855,0.7166169957149032,69681.64162360138,288.15,0.8385412648334485,31.787142146964925,0.02531005635124375,4.3,5.276981974324127
51250.0,10010.0,14.9,49.5,35.4,180.0,35.0,2377.0,45.1,14.0,81.10000000000001,1130.0,58.400000000000006,79.4,3934.761068048222,26.22000017754527,15.811125352665174,6.2268017946151035,0.4446684857333774,1.0497566737925526,0.32,1.0,0.7168778422452056,1.0,0.9885098200787855,0.7168778422452056,69681.64162360138,288.15,0.8385412648334485,31.787142146964925,0.025315922265900712,4.1000000000000005,5.276593287474027
51300.0,10010.0,15.3,50.5,35.300000000000004,182.0,34.9,2376.0,44.900000000000006,14.0,79.2,1130.0,57.800000000000004,78.80000000000001,3934.4713305790797,26.22000017754527,15.809961095073735,6.2268017946151035,0.4446684857333774,1.0497566737925526,0.28,1.0,0.7171385743048103,1.0,0.9885098200787855,0.7171385743048103,69681.64162360138,288.15,0.8385412648334485,31.787142146964925,0.02532178601986459,4.1000000000000005,5.276204743733158
51350.0,9990.0,14.700000000000001,50.0,34.7,180.0,35.0,2380.0,44.800000000000004,13.950000000000001,80.4,1128.0,58.7,78.2,3934.1816998339145,26.22000017754527,15.808797266333286,6.2268017946151035,0.4446684857333774,1.0497566737925526,0.31,1.0,0.7173991918414906,1.0,0.9885098200787855,0.7173991918414906,69681.64162360138,288.15,0.8385412648334485,31.787142146964925,0.025327647612989626,4.2,5.275816343111276
51400.0,10020.0,14.700000000000001,49.5,35.2,180.0,34.800000000000004,2377.0,45.5,13.9,81.30000000000001,1126.0,58.300000000000004,79.5,3933.8921758199267,26.22000017754527,15.807633866472761,6.2268017946151035,0.4446684857333774,1.0497566737925526,0.33,1.0,0.7176596948030018,1.0,0.9885098200787855,0.7176596948030018,69681.64162360138,288.15,0.8385412648334485,31.787142146964925,0.025333507045131785,3.9000000000000004,5.275428085618039
51450.0,10010.0,15.0,50.5,34.9,181.0,34.7,2372.0,44.6,14.0,79.5,1125.0,57.800000000000004,79.4,3933.602758544231,26.22000017754527,15.806470895520748,6.2268017946151035,0.4446684857333774,1.0497566737925526,0.29,1.0,0.7179200831370908,1.0,0.9885098200787855,0.7179200831370908,69681.64162360138,288.15,0.8385412648334485,31.787142146964925,0.02533936431614849,3.6,5.275039971262985
51500.0,10000.0,15.5,50.0,35.0,181.0,35.2,2378.0,44.800000000000004,14.05,79.60000000000001,1125.0,58.7,79.30000000000001,3933.3134480138697,26.22000017754527,15.805308353505545,6.2268017946151035,0.4446684857333774,1.0497566737925526,0.33,1.0,0.718180356791481,1.0,0.9885098200787855,0.718180356791481,69681.64162360138,288.15,0.8385412648334485,31.787142146964925,0.0253452194258989,3.5,5.27465200005556
51550.0,9990.0,14.8,50.0,34.5,180.0,35.4,2378.0,45.1,13.950000000000001,79.4,1124.0,57.7,78.7,3933.0242442357985,26.22000017754527,15.804146240455104,6.2268017946151035,0.4446684857333774,1.0497566737925526,0.33,1.0,0.7184405157138873,1.0,0.9885098200787855,0.7184405157138873,69681.64162360138,288.15,0.8385412648334485,31.787142146964925,0.025351072374243777,3.7,5.274264172005091
51600.0,10000.0,15.5,51.0,35.300000000000004,180.0,35.1,2382.0,44.400000000000006,14.100000000000001,80.0,1126.0,58.1,78.80000000000001,3932.7351472168957,26.22000017754527,15.802984556397062,6.2268017946151035,0.4446684857333774,1.0497566737925526,0.29,1.0,0.7187005598520089,1.0,0.9885098200787855,0.7187005598520089,69681.64162360138,288.15,0.8385412648334485,31.787142146964925,0.025356923161045507,3.9000000000000004,5.273876487120802
51650.0,10010.0,15.100000000000001,50.0,34.9,181.0,35.2,2380.0,45.1,14.05,80.9,1134.0,58.7,78.60000000000001,3932.4461569639575,26.22000017754527,15.80182330135873,6.2268017946151035,0.4446684857333774,1.0497566737925526,0.29,1.0,0.7189604891535308,1.0,0.9885098200787855,0.7189604891535308,69681.64162360138,288.15,0.8385412648334485,31.787142146964925,0.025362771786168022,3.9000000000000004,5.273488945411807
51700.0,10000.0,15.200000000000001,49.5,35.5,179.0,34.7,2376.0,44.7,13.9,80.0,1125.0,58.300000000000004,78.4,3932.157273483707,26.22000017754527,15.800662475367123,6.2268017946151035,0.4446684857333774,1.0497566737925526,0.3,1.0,0.7192203035661192,1.0,0.9885098200787855,0.7192203035661192,69681.64162360138,288.15,0.8385412648334485,31.787142146964925,0.025368618249476938,3.9000000000000004,5.273101546887121
51750.0,10010.0,15.5,50.0,35.1,180.0,35.1,2378.0,45.400000000000006,13.850000000000001,80.2,1128.0,58.300000000000004,78.2,3931.868496782779,26.22000017754527,15.799502078448901,6.2268017946151035,0.4446684857333774,1.0497566737925526,0.28,1.0,0.7194800030374292,1.0,0.9885098200787855,0.7194800030374292,69681.64162360138,288.15,0.8385412648334485,31.787142146964925,0.025374462550839444,4.1000000000000005,5.272714291555642
51800.0,9990.0,14.5,50.5,35.2,180.0,34.800000000000004,2376.0,45.400000000000006,13.9,79.4,1125.0,58.300000000000004,78.4,3931.579826867735,26.22000017754527,15.798342110630431,6.2268017946151035,0.4446684857333774,1.0497566737925526,0.34,1.0,0.7197395875150988,1.0,0.9885098200787855,0.7197395875150988,69681.64162360138,288.15,0.8385412648334485,31.787142146964925,0.02538030469012436,4.2,5.272327179426171
51850.0,10000.0,15.200000000000001,50.0,35.0,179.0,34.800000000000004,2371.0,45.0,14.0,79.4,1127.0,58.0,78.10000000000001,3931.2912637450545,26.22000017754527,15.79718257193775,6.2268017946151035,0.4446684857333774,1.0497566737925526,0.3,1.0,0.7199990569467517,1.0,0.9885098200787855,0.7199990569467517,69681.64162360138,288.15,0.8385412648334485,31.787142146964925,0.02538614466720212,3.7,5.271940210507394
51900.0,10010.0,15.0,50.5,34.800000000000004,180.0,35.4,2370.0,45.400000000000006,14.100000000000001,80.80000000000001,1126.0,58.800000000000004,78.5,3931.0028074211373,26.22000017754527,15.796023462396574,6.2268017946151035,0.4446684857333774,1.0497566737925526,0.3,1.0,0.7202584112799966,1.0,0.9885098200787855,0.7202584112799966,69681.64162360138,288.15,0.8385412648334485,31.787142146964925,0.02539198248194471,3.8000000000000003,5.271553384807894
51950.0,9990.0,14.700000000000001,50.5,34.7,180.0,34.7,2377.0,44.7,13.9,80.2,1130.0,58.5,78.9,3930.714457902305,26.22000017754527,15.794864782032306,6.2268017946151035,0.4446684857333774,1.0497566737925526,0.32,1.0,0.7205176504624242,1.0,0.9885098200787855,0.7205176504624242,69681.64162360138,288.15,0.8385412648334485,31.787142146964925,0.025397818134225793,3.8000000000000003,5.271166702336149
52000.0,10010.0,14.8,50.5,35.5,179.0,34.9,2374.0,44.6,13.950000000000001,81.10000000000001,1124.0,58.800000000000004,78.4,3930.4262151948005,26.22000017754527,15.793706530870029,6.2268017946151035,0.4446684857333774,1.0497566737925526,0.38,1.0,0.7207767744416137,1.0,0.9885098200787855,0.7207767744416137,69681.64162360138,288.15,0.8385412648334485,31.787142146964925,0.025403651623920553,3.8000000000000003,5.2707801631005315
52050.0,10000.0,14.700000000000001,49.5,35.5,180.0,35.2,2371.0,45.2,13.950000000000001,79.5,1128.0,58.5,78.60000000000001,3930.138079304786,26.22000017754527,15.792548708934508,6.2268017946151035,0.4446684857333774,1.0497566737925526,0.34,1.0,0.7210357831651242,1.0,0.9885098200787855,0.7210357831651242,69681.64162360138,288.15,0.8385412648334485,31.787142146964925,0.025409482950905792,4.1000000000000005,5.270393767109304
52100.0,10020.0,14.700000000000001,51.0,35.800000000000004,180.0,34.7,2371.0,44.900000000000006,14.15,80.30000000000001,1125.0,58.2,77.9,3929.850050238349,26.22000017754527,15.791391316250204,6.2268017946151035,0.4446684857333774,1.0497566737925526,0.35000000000000003,1.0,0.7212946765805003,1.0,0.9885098200787855,0.7212946765805003,69681.64162360138,288.15,0.8385412648334485,31.787142146964925,0.025415312115060016,3.9000000000000004,5.270007514370631
52150.0,10030.0,15.200000000000001,50.5,34.9,179.0,34.800000000000004,2371.0,45.300000000000004,14.0,80.80000000000001,1127.0,58.300000000000004,78.0,3929.56212800149,26.22000017754527,15.790234352841226,6.2268017946151035,0.4446684857333774,1.0497566737925526,0.33,1.0,0.7215534546352756,1.0,0.9885098200787855,0.7215534546352756,69681.64162360138,288.15,0.8385412648334485,31.787142146964925,0.025421139116263196,3.9000000000000004,5.269621404892558
52200.0,10010.0,14.8,50.5,35.7,180.0,35.2,2379.0,45.6,14.05,80.7,1127.0,58.2,78.0,3929.274312600136,26.22000017754527,15.789077818731394,6.2268017946151035,0.4446684857333774,1.0497566737925526,0.36,1.0,0.7218121172769619,1.0,0.9885098200787855,0.7218121172769619,69681.64162360138,288.15,0.8385412648334485,31.787142146964925,0.02542696395439692,3.7,5.269235438683035
52250.0,10010.0,15.100000000000001,50.5,34.800000000000004,179.0,35.1,2375.0,44.6,14.15,79.80000000000001,1124.0,58.400000000000006,79.2,3928.986604040137,26.22000017754527,15.787921713944215,6.2268017946151035,0.4446684857333774,1.0497566737925526,0.26,1.0,0.7220706644530561,1.0,0.9885098200787855,0.7220706644530561,69681.64162360138,288.15,0.8385412648334485,31.787142146964925,0.025432786629344367,4.2,5.268849615749905
52300.0,9990.0,15.100000000000001,49.5,35.800000000000004,180.0,34.9,2375.0,45.0,14.0,80.5,1127.0,58.0,78.4,3928.6990023272633,26.22000017754527,15.786766038502874,6.2268017946151035,0.4446684857333774,1.0497566737925526,0.34,1.0,0.7223290961110393,1.0,0.9885098200787855,0.7223290961110393,69681.64162360138,288.15,0.8385412648334485,31.787142146964925,0.02543860714099042,3.8000000000000003,5.268463936100907
52350.0,10010.0,15.0,50.0,35.5,179.0,34.9,2381.0,45.5,14.15,80.2,1128.0,58.7,79.2,3928.411507467201,26.22000017754527,15.78561079243022,6.2268017946151035,0.4446684857333774,1.0497566737925526,0.33,1.0,0.722587412198381,1.0,0.9885098200787855,0.722587412198381,69681.64162360138,288.15,0.8385412648334485,31.787142146964925,0.025444425489221354,4.2,5.268078399743666
52400.0,10010.0,15.200000000000001,49.5,34.9,180.0,34.800000000000004,2370.0,44.900000000000006,14.0,80.30000000000001,1128.0,58.5,78.4,3928.124119465566,26.22000017754527,15.784455975748822,6.2268017946151035,0.4446684857333774,1.0497566737925526,0.29,1.0,0.7228456126625257,1.0,0.9885098200787855,0.7228456126625257,69681.64162360138,288.15,0.8385412648334485,31.787142146964925,0.025450241673925213,4.1000000000000005,5.267693006685714
52450.0,10000.0,14.9,50.0,34.7,180.0,34.9,2375.0,45.2,14.05,81.10000000000001,1130.0,59.2,78.80000000000001,3927.8368383278903,26.22000017754527,15.783301588480905,6.2268017946151035,0.4446684857333774,1.0497566737925526,0.34,1.0,0.7231036974509102,1.0,0.9885098200787855,0.7231036974509102,69681.64162360138,288.15,0.8385412648334485,31.787142146964925,0.025456055694991507,3.8000000000000003,5.267307756934468
52500.0,10010.0,14.8,49.5,35.6,179.0,35.1,2373.0,45.300000000000004,14.100000000000001,80.5,1130.0,58.5,79.7,3927.5496640596302,26.22000017754527,15.782147630648398,6.2268017946151035,0.4446684857333774,1.0497566737925526,0.34,1.0,0.7233616665109491,1.0,0.9885098200787855,0.7233616665109491,69681.64162360138,288.15,0.8385412648334485,31.787142146964925,0.025461867552311404,3.7,5.2669226504972455
52550.0,10000.0,15.0,50.0,34.300000000000004,180.0,34.7,2366.0,44.900000000000006,13.950000000000001,79.7,1119.0,58.2,78.4,3927.2625966661612,26.22000017754527,15.7809941022729,6.2268017946151035,0.4446684857333774,1.0497566737925526,0.3,1.0,0.7236195197900445,1.0,0.9885098200787855,0.7236195197900445,69681.64162360138,288.15,0.8385412648334485,31.787142146964925,0.025467677245777604,4.0,5.2665376873812555
52600.0,10020.0,15.200000000000001,50.5,35.4,179.0,35.1,2380.0,44.900000000000006,13.950000000000001,80.5,1123.0,58.1,78.2,3926.975636152784,26.22000017754527,15.779841003375708,6.2268017946151035,0.4446684857333774,1.0497566737925526,0.33,1.0,0.7238772572355787,1.0,0.9885098200787855,0.7238772572355787,69681.64162360138,288.15,0.8385412648334485,31.787142146964925,0.025473484775284404,4.0,5.266152867593607
52650.0,10010.0,14.700000000000001,49.5,35.2,179.0,34.9,2369.0,45.1,14.100000000000001,79.5,1130.0,58.5,77.60000000000001,3926.688782524718,26.22000017754527,15.778688333977803,6.2268017946151035,0.4446684857333774,1.0497566737925526,0.29,1.0,0.7241348787949192,1.0,0.9885098200787855,0.7241348787949192,69681.64162360138,288.15,0.8385412648334485,31.787142146964925,0.025479290140727657,3.7,5.265768191141298
52700.0,10000.0,15.100000000000001,51.0,34.4,180.0,34.800000000000004,2371.0,45.0,14.0,79.10000000000001,1127.0,58.1,78.5,3926.4020357871095,26.22000017754527,15.777536094099855,6.2268017946151035,0.4446684857333774,1.0497566737925526,0.36,1.0,0.7243923844154154,1.0,0.9885098200787855,0.7243923844154154,69681.64162360138,288.15,0.8385412648334485,31.787142146964925,0.025485093342004814,4.0,5.26538365803123
52750.0,10000.0,14.9,50.0,35.2,180.0,35.0,2377.0,44.6,13.950000000000001,80.60000000000001,1129.0,58.6,79.2,3926.1153959450226,26.22000017754527,15.77638428376222,6.2268017946151035,0.4446684857333774,1.0497566737925526,0.34,1.0,0.7246497740444009,1.0,0.9885098200787855,0.7246497740444009,69681.64162360138,288.15,0.8385412648334485,31.787142146964925,0.025490894379014913,3.9000000000000004,5.264999268270194
52800.0,9990.0,15.4,50.5,35.7,182.0,34.7,2371.0,44.1,14.05,80.5,1127.0,58.2,78.4,3925.8288630034435,26.22000017754527,15.77523290298493,6.2268017946151035,0.4446684857333774,1.0497566737925526,0.33,1.0,0.7249070476291931,1.0,0.9885098200787855,0.7249070476291931,69681.64162360138,288.15,0.8385412648334485,31.787142146964925,0.025496693251658556,4.1000000000000005,5.264615021864878
52850.0,10000.0,15.200000000000001,50.0,35.5,181.0,34.800000000000004,2382.0,45.400000000000006,14.05,80.30000000000001,1131.0,58.0,79.10000000000001,3925.5424369672833,26.22000017754527,15.774081951787723,6.2268017946151035,0.4446684857333774,1.0497566737925526,0.31,1.0,0.7251642051170919,1.0,0.9885098200787855,0.7251642051170919,69681.64162360138,288.15,0.8385412648334485,31.787142146964925,0.0255024899598379,4.2,5.264230918821867
52900.0,10000.0,14.600000000000001,50.0,35.4,180.0,34.9,2374.0,45.2,14.15,78.80000000000001,1134.0,58.7,78.80000000000001,3925.2561178413735,26.22000017754527,15.772931430190011,6.2268017946151035,0.4446684857333774,1.0497566737925526,0.31,1.0,0.7254212464553793,1.0,0.9885098200787855,0.7254212464553793,69681.64162360138,288.15,0.8385412648334485,31.787142146964925,0.02550828450345668,3.9000000000000004,5.26384695914764
52950.0,10000.0,14.700000000000001,49.5,35.5,179.0,35.1,2375.0,44.7,14.15,79.5,1124.0,58.6,78.10000000000001,3924.96990563047,26.22000017754527,15.771781338210905,6.2268017946151035,0.4446684857333774,1.0497566737925526,0.32,1.0,0.7256781715913216,1.0,0.9885098200787855,0.7256781715913216,69681.64162360138,288.15,0.8385412648334485,31.787142146964925,0.025514076882420154,4.0,5.263463142848573
53000.0,10000.0,15.0,49.5,35.300000000000004,180.0,34.9,2382.0,45.0,14.100000000000001,80.80000000000001,1130.0,58.900000000000006,78.5,3924.683800339252,26.22000017754527,15.770631675869208,6.2268017946151035,0.4446684857333774,1.0497566737925526,0.32,1.0,0.7259349804721646,1.0,0.9885098200787855,0.7259349804721646,69681.64162360138,288.15,0.8385412648334485,31.787142146964925,0.025519867096635198,3.9000000000000004,5.263079469930943
53050.0,9970.0,15.200000000000001,50.0,35.300000000000004,180.0,35.1,2371.0,44.6,13.850000000000001,80.0,1125.0,58.300000000000004,78.60000000000001,3924.397801972318,26.22000017754527,15.769482443183401,6.2268017946151035,0.4446684857333774,1.0497566737925526,0.31,1.0,0.7261916730451401,1.0,0.9885098200787855,0.7261916730451401,69681.64162360138,288.15,0.8385412648334485,31.787142146964925,0.025525655146010257,3.6,5.262695940400919
53100.0,10030.0,15.0,49.5,34.7,180.0,35.0,2382.0,45.0,14.15,79.80000000000001,1128.0,59.0,79.0,3924.1119105341927,26.22000017754527,15.76833364017166,6.2268017946151035,0.4446684857333774,1.0497566737925526,0.36,1.0,0.7264482492574629,1.0,0.9885098200787855,0.7264482492574629,69681.64162360138,288.15,0.8385412648334485,31.787142146964925,0.025531441030455328,3.9000000000000004,5.262312554264564
53150.0,10000.0,14.3,50.0,35.4,181.0,35.0,2383.0,44.900000000000006,13.950000000000001,79.80000000000001,1124.0,58.900000000000006,78.60000000000001,3923.8261260293198,26.22000017754527,15.767185266851843,6.2268017946151035,0.4446684857333774,1.0497566737925526,0.34,1.0,0.7267047090563297,1.0,0.9885098200787855,0.7267047090563297,69681.64162360138,288.15,0.8385412648334485,31.787142146964925,0.025537224749881952,3.8000000000000003,5.261929311527839
53200.0,10000.0,14.4,50.0,35.0,179.0,35.0,2375.0,45.5,13.950000000000001,80.30000000000001,1124.0,58.5,78.60000000000001,3923.540448462069,26.22000017754527,15.766037323241513,6.2268017946151035,0.4446684857333774,1.0497566737925526,0.31,1.0,0.7269610523889187,1.0,0.9885098200787855,0.7269610523889187,69681.64162360138,288.15,0.8385412648334485,31.787142146964925,0.02554300630420318,3.9000000000000004,5.261546212196604
53250.0,10000.0,14.9,50.5,34.9,180.0,35.1,2377.0,45.2,14.05,80.30000000000001,1126.0,58.300000000000004,77.7,3923.2548778367354,26.22000017754527,15.764889809357925,6.2268017946151035,0.4446684857333774,1.0497566737925526,0.27,1.0,0.7272172792023892,1.0,0.9885098200787855,0.7272172792023892,69681.64162360138,288.15,0.8385412648334485,31.787142146964925,0.025548785693333766,4.4,5.261163256276619
53300.0,9970.0,15.4,49.5,35.5,178.0,35.0,2382.0,45.2,14.0,78.9,1124.0,59.2,78.2,3922.969414157529,26.22000017754527,15.763742725217996,6.2268017946151035,0.4446684857333774,1.0497566737925526,0.32,1.0,0.7274733894438891,1.0,0.9885098200787855,0.7274733894438891,69681.64162360138,288.15,0.8385412648334485,31.787142146964925,0.025554562917189844,4.0,5.26078044377353
53350.0,9980.0,15.100000000000001,50.0,35.1,180.0,34.7,2375.0,45.2,14.05,80.10000000000001,1129.0,58.7,78.4,3922.6840574285925,26.22000017754527,15.762596070838374,6.2268017946151035,0.4446684857333774,1.0497566737925526,0.31,1.0,0.7277293830605407,1.0,0.9885098200787855,0.7277293830605407,69681.64162360138,288.15,0.8385412648334485,31.787142146964925,0.025560337975689202,4.2,5.260397774692891
53400.0,10000.0,14.9,49.5,35.4,179.0,35.0,2386.0,45.2,14.100000000000001,79.7,1130.0,58.7,78.60000000000001,3922.398807653987,26.22000017754527,15.76144984623538,6.2268017946151035,0.4446684857333774,1.0497566737925526,0.38,1.0,0.7279852599994534,1.0,0.9885098200787855,0.7279852599994534,69681.64162360138,288.15,0.8385412648334485,31.787142146964925,0.02556611086875115,3.9000000000000004,5.26001524904015
53450.0,10000.0,14.700000000000001,50.5,34.800000000000004,181.0,34.7,2379.0,44.800000000000004,14.05,80.0,1126.0,58.6,78.0,3922.113664837698,26.22000017754527,15.760304051425022,6.2268017946151035,0.4446684857333774,1.0497566737925526,0.35000000000000003,1.0,0.7282410202077174,1.0,0.9885098200787855,0.7282410202077174,69681.64162360138,288.15,0.8385412648334485,31.787142146964925,0.02557188159629657,3.7,5.25963286682065
53500.0,10000.0,15.100000000000001,51.0,35.0,180.0,35.1,2368.0,44.6,14.0,79.60000000000001,1123.0,59.1,78.5,3921.828628983633,26.22000017754527,15.75915868642301,6.2268017946151035,0.4446684857333774,1.0497566737925526,0.33,1.0,0.7284966636324058,1.0,0.9885098200787855,0.7284966636324058,69681.64162360138,288.15,0.8385412648334485,31.787142146964925,0.025577650158247874,3.7,5.259250628039632
53550.0,10000.0,15.200000000000001,50.0,35.2,179.0,35.0,2381.0,45.400000000000006,14.100000000000001,80.2,1127.0,58.6,77.5,3921.5437000956235,26.22000017754527,15.758013751244736,6.2268017946151035,0.4446684857333774,1.0497566737925526,0.28,1.0,0.7287521902205737,1.0,0.9885098200787855,0.7287521902205737,69681.64162360138,288.15,0.8385412648334485,31.787142146964925,0.025583416554528973,3.9000000000000004,5.258868532702233
53600.0,10000.0,15.4,50.5,34.7,181.0,34.9,2379.0,45.2,14.100000000000001,79.7,1129.0,58.1,79.0,3921.25887817743,26.22000017754527,15.75686924590531,6.2268017946151035,0.4446684857333774,1.0497566737925526,0.32,1.0,0.7290075999192555,1.0,0.9885098200787855,0.7290075999192555,69681.64162360138,288.15,0.8385412648334485,31.787142146964925,0.025589180785065387,3.9000000000000004,5.258486580813497
53650.0,9980.0,14.9,50.5,34.800000000000004,181.0,35.0,2381.0,45.1,13.950000000000001,80.0,1131.0,59.0,78.30000000000001,3920.9741632327286,26.22000017754527,15.755725170419506,6.2268017946151035,0.4446684857333774,1.0497566737925526,0.39,1.0,0.7292628926754706,1.0,0.9885098200787855,0.7292628926754706,69681.64162360138,288.15,0.8385412648334485,31.787142146964925,0.025594942849784176,4.2,5.2581047723783545
53700.0,10010.0,15.100000000000001,50.5,35.300000000000004,178.0,35.1,2376.0,44.900000000000006,14.0,79.10000000000001,1122.0,59.300000000000004,78.60000000000001,3920.689555265125,26.22000017754527,15.75458152480181,6.2268017946151035,0.4446684857333774,1.0497566737925526,0.25,1.0,0.7295180684362209,1.0,0.9885098200787855,0.7295180684362209,69681.64162360138,288.15,0.8385412648334485,31.787142146964925,0.025600702748613896,3.8000000000000003,5.257723107401638
53750.0,10010.0,14.9,50.5,35.4,179.0,35.0,2375.0,44.6,13.9,79.5,1125.0,58.900000000000006,78.9,3920.4050542781456,26.22000017754527,15.753438309066398,6.2268017946151035,0.4446684857333774,1.0497566737925526,0.34,1.0,0.729773127148487,1.0,0.9885098200787855,0.729773127148487,69681.64162360138,288.15,0.8385412648334485,31.787142146964925,0.025606460481484686,4.1000000000000005,5.25734158588808
53800.0,10000.0,15.200000000000001,50.0,34.800000000000004,182.0,34.5,2369.0,45.1,14.0,79.10000000000001,1124.0,58.5,78.80000000000001,3920.1206602752427,26.22000017754527,15.752295523227136,6.2268017946151035,0.4446684857333774,1.0497566737925526,0.36,1.0,0.7300280687592343,1.0,0.9885098200787855,0.7300280687592343,69681.64162360138,288.15,0.8385412648334485,31.787142146964925,0.02561221604832818,4.3,5.256960207842306
53850.0,9980.0,14.600000000000001,49.5,35.5,180.0,35.0,2377.0,45.0,13.9,80.30000000000001,1126.0,58.400000000000006,78.60000000000001,3919.8363732597923,26.22000017754527,15.751153167297593,6.2268017946151035,0.4446684857333774,1.0497566737925526,0.31,1.0,0.7302828932154074,1.0,0.9885098200787855,0.7302828932154074,69681.64162360138,288.15,0.8385412648334485,31.787142146964925,0.02561796944907756,4.0,5.256578973268847
53900.0,10000.0,15.3,50.0,34.6,180.0,35.1,2378.0,45.300000000000004,13.950000000000001,80.30000000000001,1123.0,58.800000000000004,78.2,3919.5521932350944,26.22000017754527,15.750011241291027,6.2268017946151035,0.4446684857333774,1.0497566737925526,0.36,1.0,0.7305376004639336,1.0,0.9885098200787855,0.7305376004639336,69681.64162360138,288.15,0.8385412648334485,31.787142146964925,0.02562372068366755,3.9000000000000004,5.256197882172127
53950.0,10010.0,14.5,50.0,34.7,182.0,34.9,2377.0,45.0,13.9,79.60000000000001,1128.0,58.900000000000006,77.2,3919.2681202043746,26.22000017754527,15.748869745220404,6.2268017946151035,0.4446684857333774,1.0497566737925526,0.3,1.0,0.7307921904517222,1.0,0.9885098200787855,0.7307921904517222,69681.64162360138,288.15,0.8385412648334485,31.787142146964925,0.025629469752034357,4.2,5.255816934556471
54000.0,10010.0,15.4,49.5,35.5,180.0,35.300000000000004,2376.0,44.400000000000006,14.05,79.7,1126.0,58.400000000000006,79.10000000000001,3918.9841541707824,26.22000017754527,15.747728679098376,6.2268017946151035,0.4446684857333774,1.0497566737925526,0.31,1.0,0.7310466631256611,1.0,0.9885098200787855,0.7310466631256611,69681.64162360138,288.15,0.8385412648334485,31.787142146964925,0.025635216654115858,4.3,5.255436130426103
54050.0,9990.0,14.700000000000001,50.5,35.0,180.0,34.7,2375.0,45.1,13.9,79.60000000000001,1126.0,58.900000000000006,79.0,3918.700295137387,26.22000017754527,15.746588042937276,6.2268017946151035,0.4446684857333774,1.0497566737925526,0.31,1.0,0.7313010184326274,1.0,0.9885098200787855,0.7313010184326274,69681.64162360138,288.15,0.8385412648334485,31.787142146964925,0.02564096138985124,3.7,5.255055469785139
54100.0,10030.0,14.9,50.0,34.9,180.0,35.0,2380.0,45.1,14.100000000000001,80.5,1127.0,59.1,78.80000000000001,3918.416543107193,26.22000017754527,15.745447836749179,6.2268017946151035,0.4446684857333774,1.0497566737925526,0.29,1.0,0.7315552563194689,1.0,0.9885098200787855,0.7315552563194689,69681.64162360138,288.15,0.8385412648334485,31.787142146964925,0.025646703959181373,4.5,5.2546749526376075
54150.0,9990.0,14.9,49.5,34.5,181.0,35.5,2374.0,45.1,14.0,80.5,1133.0,59.5,78.2,3918.1328980831186,26.22000017754527,15.744308060545812,6.2268017946151035,0.4446684857333774,1.0497566737925526,0.34,1.0,0.7318093767330224,1.0,0.9885098200787855,0.7318093767330224,69681.64162360138,288.15,0.8385412648334485,31.787142146964925,0.025652444362048627,4.1000000000000005,5.254294578987424
54200.0,10000.0,14.700000000000001,49.5,35.5,181.0,35.0,2377.0,45.400000000000006,13.9,79.60000000000001,1132.0,59.0,77.7,3917.8493600680126,26.22000017754527,15.74316871433862,6.2268017946151035,0.4446684857333774,1.0497566737925526,0.32,1.0,0.7320633796201041,1.0,0.9885098200787855,0.7320633796201041,69681.64162360138,288.15,0.8385412648334485,31.787142146964925,0.025658182598396858,4.2,5.253914348838407
54250.0,9970.0,15.100000000000001,50.0,34.300000000000004,180.0,35.0,2376.0,44.900000000000006,13.950000000000001,79.0,1125.0,59.300000000000004,78.4,3917.565929064647,26.22000017754527,15.742029798138743,6.2268017946151035,0.4446684857333774,1.0497566737925526,0.32,1.0,0.7323172649275106,1.0,0.9885098200787855,0.7323172649275106,69681.64162360138,288.15,0.8385412648334485,31.787142146964925,0.02566391866817145,3.7,5.2535342621942736
54300.0,10000.0,15.200000000000001,50.5,34.800000000000004,178.0,34.9,2375.0,44.7,13.950000000000001,80.4,1127.0,59.300000000000004,77.5,3917.28260507572,26.22000017754527,15.740891311957023,6.2268017946151035,0.4446684857333774,1.0497566737925526,0.31,1.0,0.7325710326020204,1.0,0.9885098200787855,0.7325710326020204,69681.64162360138,288.15,0.8385412648334485,31.787142146964925,0.02566965257131931,3.4000000000000004,5.253154319058642
54350.0,9990.0,14.700000000000001,50.5,35.2,181.0,34.9,2372.0,44.7,14.0,81.0,1128.0,58.900000000000006,78.2,3916.9993881038536,26.22000017754527,15.739753255803997,6.2268017946151035,0.4446684857333774,1.0497566737925526,0.32,1.0,0.7328246825903922,1.0,0.9885098200787855,0.7328246825903922,69681.64162360138,288.15,0.8385412648334485,31.787142146964925,0.02567538430778887,4.4,5.252774519435031
54400.0,10010.0,15.100000000000001,50.0,35.1,180.0,34.9,2373.0,45.300000000000004,14.0,80.4,1131.0,59.2,78.4,3916.716278151596,26.22000017754527,15.738615629689901,6.2268017946151035,0.4446684857333774,1.0497566737925526,0.42,1.0,0.7330782148393676,1.0,0.9885098200787855,0.7330782148393676,69681.64162360138,288.15,0.8385412648334485,31.787142146964925,0.025681113877530033,4.0,5.252394863326853
54450.0,9990.0,14.9,51.0,34.5,179.0,35.2,2375.0,45.0,14.100000000000001,79.4,1123.0,58.5,78.5,3916.43327522142,26.22000017754527,15.737478433624677,6.2268017946151035,0.4446684857333774,1.0497566737925526,0.33,1.0,0.7333316292956664,1.0,0.9885098200787855,0.7333316292956664,69681.64162360138,288.15,0.8385412648334485,31.787142146964925,0.025686841280494314,3.7,5.2520153507374285
54500.0,9990.0,14.9,50.5,34.7,179.0,34.800000000000004,2375.0,45.1,14.15,80.0,1127.0,59.300000000000004,78.60000000000001,3916.150379315722,26.22000017754527,15.736341667617952,6.2268017946151035,0.4446684857333774,1.0497566737925526,0.3,1.0,0.7335849259059939,1.0,0.9885098200787855,0.7335849259059939,69681.64162360138,288.15,0.8385412648334485,31.787142146964925,0.025692566516634645,4.5,5.25163598166997
54550.0,10000.0,15.100000000000001,50.5,35.1,181.0,34.9,2380.0,45.0,14.05,79.7,1126.0,59.300000000000004,78.4,3915.8675904368256,26.22000017754527,15.735205331679062,6.2268017946151035,0.4446684857333774,1.0497566737925526,0.3,1.0,0.7338381046170332,1.0,0.9885098200787855,0.7338381046170332,69681.64162360138,288.15,0.8385412648334485,31.787142146964925,0.025698289585905486,4.3,5.251256756127592
54600.0,10010.0,15.0,50.0,35.1,181.0,34.7,2378.0,45.2,13.850000000000001,79.9,1129.0,59.300000000000004,78.60000000000001,3915.5849085869813,26.22000017754527,15.734069425817049,6.2268017946151035,0.4446684857333774,1.0497566737925526,0.31,1.0,0.7340911653754476,1.0,0.9885098200787855,0.7340911653754476,69681.64162360138,288.15,0.8385412648334485,31.787142146964925,0.025704010488262794,3.7,5.250877674113314
54650.0,9980.0,15.3,50.5,35.5,179.0,35.2,2370.0,44.7,14.0,80.2,1131.0,59.0,77.80000000000001,3915.302333768363,26.22000017754527,15.732933950040652,6.2268017946151035,0.4446684857333774,1.0497566737925526,0.29,1.0,0.734344108127882,1.0,0.9885098200787855,0.734344108127882,69681.64162360138,288.15,0.8385412648334485,31.787142146964925,0.025709729223664025,3.7,5.2504987356300505
54700.0,10030.0,15.200000000000001,50.5,34.9,180.0,35.1,2374.0,44.900000000000006,13.950000000000001,79.5,1127.0,58.800000000000004,78.30000000000001,3915.0198659830744,26.22000017754527,15.731798904358321,6.2268017946151035,0.4446684857333774,1.0497566737925526,0.33,1.0,0.7345969328209615,1.0,0.9885098200787855,0.7345969328209615,69681.64162360138,288.15,0.8385412648334485,31.787142146964925,0.025715445792068185,3.9000000000000004,5.250119940680623
54750.0,9990.0,15.0,49.5,35.0,181.0,34.7,2385.0,45.0,14.05,79.30000000000001,1130.0,59.0,78.0,3914.7375052331377,26.22000017754527,15.730664288778184,6.2268017946151035,0.4446684857333774,1.0497566737925526,0.3,1.0,0.7348496394012941,1.0,0.9885098200787855,0.7348496394012941,69681.64162360138,288.15,0.8385412648334485,31.787142146964925,0.025721160193435764,3.8000000000000003,5.249741289267742
54800.0,10010.0,15.100000000000001,50.0,34.7,179.0,34.9,2378.0,45.2,14.05,79.80000000000001,1128.0,59.0,77.30000000000001,3914.4552515205055,26.22000017754527,15.729530103308088,6.2268017946151035,0.4446684857333774,1.0497566737925526,0.31,1.0,0.7351022278154677,1.0,0.9885098200787855,0.7351022278154677,69681.64162360138,288.15,0.8385412648334485,31.787142146964925,0.02572687242772873,3.8000000000000003,5.249362781394029
54850.0,9990.0,14.8,50.0,34.5,179.0,35.300000000000004,2370.0,44.900000000000006,13.9,79.30000000000001,1126.0,58.800000000000004,78.5,3914.173104847058,26.22000017754527,15.728396347955586,6.2268017946151035,0.4446684857333774,1.0497566737925526,0.36,1.0,0.7353546980100503,1.0,0.9885098200787855,0.7353546980100503,69681.64162360138,288.15,0.8385412648334485,31.787142146964925,0.0257325824949106,4.1000000000000005,5.248984417062002
54900.0,10010.0,14.600000000000001,50.0,35.2,181.0,35.4,2381.0,45.300000000000004,14.200000000000001,79.80000000000001,1126.0,59.2,77.7,3913.891065214595,26.22000017754527,15.727263022727913,6.2268017946151035,0.4446684857333774,1.0497566737925526,0.32,1.0,0.7356070499315924,1.0,0.9885098200787855,0.7356070499315924,69681.64162360138,288.15,0.8385412648334485,31.787142146964925,0.025738290394946302,3.5,5.248606196274077
54950.0,9990.0,15.0,50.5,35.4,179.0,35.4,2377.0,45.1,13.9,79.4,1130.0,59.2,78.2,3913.6091326248493,26.22000017754527,15.726130127632027,6.2268017946151035,0.4446684857333774,1.0497566737925526,0.33,1.0,0.7358592835266213,1.0,0.9885098200787855,0.7358592835266213,69681.64162360138,288.15,0.8385412648334485,31.787142146964925,0.02574399612780233,3.6,5.248228119032576
55000.0,10000.0,15.4,50.5,34.9,181.0,34.7,2373.0,45.6,14.05,79.60000000000001,1127.0,58.900000000000006,78.30000000000001,3913.3273070794758,26.22000017754527,15.724997662674582,6.2268017946151035,0.4446684857333774,1.0497566737925526,0.33,1.0,0.7361113987416487,1.0,0.9885098200787855,0.7361113987416487,69681.64162360138,288.15,0.8385412648334485,31.787142146964925,0.0257496996934466,3.9000000000000004,5.247850185339719
55050.0,9990.0,15.100000000000001,49.5,34.6,181.0,35.4,2384.0,45.2,14.0,79.7,1128.0,59.0,78.80000000000001,3913.0455885800607,26.22000017754527,15.72386562786195,6.2268017946151035,0.4446684857333774,1.0497566737925526,0.26,1.0,0.7363633955231632,1.0,0.9885098200787855,0.7363633955231632,69681.64162360138,288.15,0.8385412648334485,31.787142146964925,0.025755401091848627,3.8000000000000003,5.247472395197633
55100.0,10010.0,14.8,50.0,35.2,181.0,34.7,2371.0,44.7,13.9,78.9,1125.0,59.6,78.0,3912.7639771281083,26.22000017754527,15.722734023200177,6.2268017946151035,0.4446684857333774,1.0497566737925526,0.32,1.0,0.7366152738176388,1.0,0.9885098200787855,0.7366152738176388,69681.64162360138,288.15,0.8385412648334485,31.787142146964925,0.02576110032297933,3.7,5.247094748608336
55150.0,10010.0,15.600000000000001,49.5,35.7,180.0,35.0,2378.0,45.1,14.15,80.0,1128.0,59.0,78.5,3912.482472725055,26.22000017754527,15.721602848695035,6.2268017946151035,0.4446684857333774,1.0497566737925526,0.29,1.0,0.7368670335715264,1.0,0.9885098200787855,0.7368670335715264,69681.64162360138,288.15,0.8385412648334485,31.787142146964925,0.025766797386811098,3.9000000000000004,5.246717245573754
55200.0,10030.0,14.3,50.0,35.1,180.0,35.0,2377.0,44.900000000000006,14.0,79.4,1132.0,59.1,78.4,3912.201075372265,26.22000017754527,15.720472104352005,6.2268017946151035,0.4446684857333774,1.0497566737925526,0.3,1.0,0.7371186747312569,1.0,0.9885098200787855,0.7371186747312569,69681.64162360138,288.15,0.8385412648334485,31.787142146964925,0.025772492283317856,4.1000000000000005,5.246339886095716
55250.0,10010.0,15.100000000000001,49.5,34.7,181.0,34.800000000000004,2379.0,44.7,14.05,79.30000000000001,1125.0,59.0,77.80000000000001,3911.919785071026,26.22000017754527,15.719341790176262,6.2268017946151035,0.4446684857333774,1.0497566737925526,0.33,1.0,0.7373701972432428,1.0,0.9885098200787855,0.7373701972432428,69681.64162360138,288.15,0.8385412648334485,31.787142146964925,0.025778185012474964,3.9000000000000004,5.245962670175948
55300.0,9990.0,15.0,49.5,35.300000000000004,181.0,35.0,2378.0,45.5,14.0,79.10000000000001,1128.0,58.800000000000004,78.0,3911.6386018225558,26.22000017754527,15.718211906172698,6.2268017946151035,0.4446684857333774,1.0497566737925526,0.3,1.0,0.7376216010538761,1.0,0.9885098200787855,0.7376216010538761,69681.64162360138,288.15,0.8385412648334485,31.787142146964925,0.025783875574259357,3.7,5.245585597816084
55350.0,10000.0,15.3,50.5,35.4,180.0,34.9,2367.0,45.1,13.850000000000001,78.5,1127.0,59.300000000000004,77.9,3911.3575256279933,26.22000017754527,15.717082452345892,6.2268017946151035,0.4446684857333774,1.0497566737925526,0.37,1.0,0.7378728861095327,1.0,0.9885098200787855,0.7378728861095327,69681.64162360138,288.15,0.8385412648334485,31.787142146964925,0.025789563968649332,4.0,5.245208669017652
55400.0,10000.0,15.4,51.0,35.2,179.0,34.9,2371.0,45.0,13.950000000000001,79.5,1128.0,58.6,77.5,3911.0765564884096,26.22000017754527,15.715953428700145,6.2268017946151035,0.4446684857333774,1.0497566737925526,0.31,1.0,0.7381240523565638,1.0,0.9885098200787855,0.7381240523565638,69681.64162360138,288.15,0.8385412648334485,31.787142146964925,0.02579525019562476,3.9000000000000004,5.244831883782087
55450.0,9990.0,14.9,49.5,34.4,180.0,35.0,2375.0,45.0,14.05,80.10000000000001,1125.0,58.7,78.7,3910.7956944048,26.22000017754527,15.714824835239458,6.2268017946151035,0.4446684857333774,1.0497566737925526,0.33,1.0,0.7383750997413047,1.0,0.9885098200787855,0.7383750997413047,69681.64162360138,288.15,0.8385412648334485,31.787142146964925,0.02580093425516691,3.7,5.244455242110726
55500.0,10000.0,15.3,51.0,35.1,181.0,34.800000000000004,2376.0,44.900000000000006,14.05,80.60000000000001,1128.0,59.0,77.4,3910.51493937809,26.22000017754527,15.71369667196755,6.2268017946151035,0.4446684857333774,1.0497566737925526,0.37,1.0,0.7386260282100677,1.0,0.9885098200787855,0.7386260282100677,69681.64162360138,288.15,0.8385412648334485,31.787142146964925,0.025806616147258595,4.0,5.244078744004807
55550.0,10010.0,14.9,50.0,34.6,180.0,34.800000000000004,2375.0,44.800000000000004,13.8,79.5,1125.0,59.2,78.10000000000001,3910.2342914091264,26.22000017754527,15.712568938887825,6.2268017946151035,0.4446684857333774,1.0497566737925526,0.37,1.0,0.7388768377091496,1.0,0.9885098200787855,0.7388768377091496,69681.64162360138,288.15,0.8385412648334485,31.787142146964925,0.025812295871884036,4.0,5.243702389465468
55600.0,10000.0,15.200000000000001,50.5,35.2,180.0,35.1,2367.0,45.6,14.100000000000001,79.80000000000001,1123.0,59.7,77.7,3909.9537504986906,26.22000017754527,15.711441636003421,6.2268017946151035,0.4446684857333774,1.0497566737925526,0.34,1.0,0.739127528184823,1.0,0.9885098200787855,0.739127528184823,69681.64162360138,288.15,0.8385412648334485,31.787142146964925,0.02581797342902901,3.6,5.243326178493755
55650.0,10030.0,14.600000000000001,50.0,34.2,180.0,34.9,2381.0,44.900000000000006,14.100000000000001,79.0,1126.0,59.2,78.30000000000001,3909.6733166474846,26.22000017754527,15.710314763317161,6.2268017946151035,0.4446684857333774,1.0497566737925526,0.33,1.0,0.7393780995833448,1.0,0.9885098200787855,0.7393780995833448,69681.64162360138,288.15,0.8385412648334485,31.787142146964925,0.025823648818680642,4.1000000000000005,5.24295011109061
55700.0,10000.0,15.200000000000001,49.5,35.2,181.0,34.7,2378.0,45.2,14.100000000000001,80.10000000000001,1127.0,59.5,77.7,3909.392989856144,26.22000017754527,15.709188320831595,6.2268017946151035,0.4446684857333774,1.0497566737925526,0.31,1.0,0.7396285518509476,1.0,0.9885098200787855,0.7396285518509476,69681.64162360138,288.15,0.8385412648334485,31.787142146964925,0.025829322040827603,3.6,5.242574187256887
55750.0,10020.0,15.200000000000001,49.5,35.1,181.0,35.2,2373.0,44.1,14.05,79.10000000000001,1129.0,59.7,78.60000000000001,3909.1127701252294,26.22000017754527,15.70806230854898,6.2268017946151035,0.4446684857333774,1.0497566737925526,0.37,1.0,0.7398788849338467,1.0,0.9885098200787855,0.7398788849338467,69681.64162360138,288.15,0.8385412648334485,31.787142146964925,0.025834993095460012,4.2,5.242198406993335
55800.0,10020.0,15.4,50.5,35.0,179.0,35.5,2377.0,45.400000000000006,13.950000000000001,80.2,1121.0,59.2,78.0,3908.832657455228,26.22000017754527,15.70693672647127,6.2268017946151035,0.4446684857333774,1.0497566737925526,0.33,1.0,0.7401290987782373,1.0,0.9885098200787855,0.7401290987782373,69681.64162360138,288.15,0.8385412648334485,31.787142146964925,0.025840661982569436,4.2,5.24182277030061
55850.0,9990.0,15.200000000000001,50.5,35.9,181.0,34.9,2371.0,45.5,14.05,79.60000000000001,1123.0,59.0,78.30000000000001,3908.552651846556,26.22000017754527,15.70581157460014,6.2268017946151035,0.4446684857333774,1.0497566737925526,0.33,1.0,0.740379193330294,1.0,0.9885098200787855,0.740379193330294,69681.64162360138,288.15,0.8385412648334485,31.787142146964925,0.025846328702148917,3.4000000000000004,5.241447277179269
55900.0,10010.0,14.5,50.5,35.1,180.0,35.2,2378.0,45.400000000000006,14.0,79.7,1126.0,59.5,78.9,3908.2727532995577,26.22000017754527,15.704686852936975,6.2268017946151035,0.4446684857333774,1.0497566737925526,0.31,1.0,0.7406291685361717,1.0,0.9885098200787855,0.7406291685361717,69681.64162360138,288.15,0.8385412648334485,31.787142146964925,0.025851993254193007,4.1000000000000005,5.241071927629773
55950.0,9990.0,14.4,50.0,35.1,180.0,34.7,2378.0,45.1,13.950000000000001,78.80000000000001,1126.0,59.6,78.2,3907.992961814502,26.22000017754527,15.703562561482851,6.2268017946151035,0.4446684857333774,1.0497566737925526,0.29,1.0,0.7408790243420081,1.0,0.9885098200787855,0.7408790243420081,69681.64162360138,288.15,0.8385412648334485,31.787142146964925,0.025857655638697633,3.9000000000000004,5.240696721652484
56000.0,10010.0,14.700000000000001,50.0,35.5,179.0,35.2,2383.0,44.900000000000006,14.0,80.2,1126.0,58.6,77.9,3907.71327739159,26.22000017754527,15.702438700238579,6.2268017946151035,0.4446684857333774,1.0497566737925526,0.34,1.0,0.7411287606939171,1.0,0.9885098200787855,0.7411287606939171,69681.64162360138,288.15,0.8385412648334485,31.787142146964925,0.02586331585566017,4.1000000000000005,5.2403216592476705
56050.0,9990.0,14.9,50.5,35.0,179.0,35.2,2376.0,45.300000000000004,13.9,79.5,1128.0,59.400000000000006,77.4,3907.433700030952,26.22000017754527,15.701315269204683,6.2268017946151035,0.4446684857333774,1.0497566737925526,0.25,1.0,0.7413783775379921,1.0,0.9885098200787855,0.7413783775379921,69681.64162360138,288.15,0.8385412648334485,31.787142146964925,0.025868973905079536,4.3,5.239946740415507
56100.0,10000.0,15.4,50.5,35.2,180.0,35.1,2382.0,45.0,14.15,78.7,1123.0,59.800000000000004,77.60000000000001,3907.15422973264,26.22000017754527,15.70019226838137,6.2268017946151035,0.4446684857333774,1.0497566737925526,0.38,1.0,0.7416278748203112,1.0,0.9885098200787855,0.7416278748203112,69681.64162360138,288.15,0.8385412648334485,31.787142146964925,0.025874629786956038,4.2,5.239571965156065
56150.0,10020.0,15.3,49.5,34.300000000000004,181.0,34.7,2383.0,45.2,14.0,79.80000000000001,1128.0,59.400000000000006,78.7,3906.8748664966406,26.22000017754527,15.699069697768586,6.2268017946151035,0.4446684857333774,1.0497566737925526,0.36,1.0,0.7418772524869284,1.0,0.9885098200787855,0.7418772524869284,69681.64162360138,288.15,0.8385412648334485,31.787142146964925,0.025880283501291436,3.9000000000000004,5.239197333469325
56200.0,9990.0,15.4,49.0,35.2,181.0,34.800000000000004,2380.0,45.0,13.950000000000001,80.10000000000001,1124.0,59.800000000000004,77.0,3906.595610322866,26.22000017754527,15.69794755736598,6.2268017946151035,0.4446684857333774,1.0497566737925526,0.33,1.0,0.742126510483879,1.0,0.9885098200787855,0.742126510483879,69681.64162360138,288.15,0.8385412648334485,31.787142146964925,0.025885935048088973,3.9000000000000004,5.23882284535517
56250.0,9990.0,15.100000000000001,50.0,35.4,180.0,35.1,2378.0,44.900000000000006,14.0,79.7,1127.0,59.900000000000006,78.0,3906.316461211156,26.22000017754527,15.696825847172908,6.2268017946151035,0.4446684857333774,1.0497566737925526,0.33,1.0,0.7423756487571791,1.0,0.9885098200787855,0.7423756487571791,69681.64162360138,288.15,0.8385412648334485,31.787142146964925,0.025891584427353287,3.6,5.2384485008133845
56300.0,10010.0,14.8,49.5,35.7,181.0,35.2,2378.0,45.0,14.0,80.0,1130.0,59.5,79.0,3906.0374191612805,26.22000017754527,15.695704567188447,6.2268017946151035,0.4446684857333774,1.0497566737925526,0.32,1.0,0.7426246672528232,1.0,0.9885098200787855,0.7426246672528232,69681.64162360138,288.15,0.8385412648334485,31.787142146964925,0.025897231639090534,3.6,5.23807429984366
56350.0,9980.0,14.5,50.0,34.9,181.0,35.0,2380.0,45.0,14.0,79.2,1131.0,59.0,78.10000000000001,3905.7584841729376,26.22000017754527,15.69458371741138,6.2268017946151035,0.4446684857333774,1.0497566737925526,0.32,1.0,0.7428735659167881,1.0,0.9885098200787855,0.7428735659167881,69681.64162360138,288.15,0.8385412648334485,31.787142146964925,0.025902876683308207,4.1000000000000005,5.237700242445594
56400.0,10000.0,15.0,50.0,35.6,180.0,35.4,2378.0,45.0,14.0,79.9,1125.0,59.6,77.9,3905.4796562457555,26.22000017754527,15.693463297840214,6.2268017946151035,0.4446684857333774,1.0497566737925526,0.33,1.0,0.7431223446950264,1.0,0.9885098200787855,0.7431223446950264,69681.64162360138,288.15,0.8385412648334485,31.787142146964925,0.02590851956001531,4.0,5.237326328618684
56450.0,10000.0,15.0,51.0,35.2,182.0,35.0,2380.0,44.800000000000004,14.100000000000001,79.10000000000001,1128.0,59.400000000000006,78.2,3905.20093537929,26.22000017754527,15.692343308473166,6.2268017946151035,0.4446684857333774,1.0497566737925526,0.31,1.0,0.7433710035334739,1.0,0.9885098200787855,0.7433710035334739,69681.64162360138,288.15,0.8385412648334485,31.787142146964925,0.025914160269222296,3.7,5.236952558362336
56500.0,10000.0,15.5,50.0,34.5,181.0,34.800000000000004,2379.0,45.2,14.05,80.60000000000001,1125.0,59.7,78.60000000000001,3904.9223215730253,26.22000017754527,15.691223749308161,6.2268017946151035,0.4446684857333774,1.0497566737925526,0.3,1.0,0.7436195423780462,1.0,0.9885098200787855,0.7436195423780462,69681.64162360138,288.15,0.8385412648334485,31.787142146964925,0.02591979881094102,3.7,5.236578931675859
56550.0,10000.0,15.100000000000001,49.5,35.2,179.0,35.300000000000004,2378.0,45.6,14.05,79.30000000000001,1125.0,59.6,77.9,3904.643814826375,26.22000017754527,15.690104620342845,6.2268017946151035,0.4446684857333774,1.0497566737925526,0.36,1.0,0.7438679611746378,1.0,0.9885098200787855,0.7438679611746378,69681.64162360138,288.15,0.8385412648334485,31.787142146964925,0.02592543518518479,3.7,5.236205448558466
56600.0,10020.0,15.4,50.0,35.7,179.0,35.0,2371.0,45.6,13.9,78.60000000000001,1125.0,60.0,78.4,3904.3654151386822,26.22000017754527,15.688985921574577,6.2268017946151035,0.4446684857333774,1.0497566737925526,0.32,1.0,0.7441162598691233,1.0,0.9885098200787855,0.7441162598691233,69681.64162360138,288.15,0.8385412648334485,31.787142146964925,0.02593106939196832,4.2,5.2358321090092765
56650.0,10000.0,15.100000000000001,51.0,34.9,179.0,35.1,2379.0,45.0,14.05,79.4,1127.0,59.7,78.0,3904.0871225092205,26.22000017754527,15.68786765300044,6.2268017946151035,0.4446684857333774,1.0497566737925526,0.37,1.0,0.7443644384073569,1.0,0.9885098200787855,0.7443644384073569,69681.64162360138,288.15,0.8385412648334485,31.787142146964925,0.025936701431307822,4.0,5.2354589130273155
56700.0,10000.0,15.200000000000001,50.5,35.300000000000004,181.0,34.7,2366.0,45.400000000000006,14.05,79.5,1129.0,60.300000000000004,78.60000000000001,3903.808936937188,26.22000017754527,15.686749814617206,6.2268017946151035,0.4446684857333774,1.0497566737925526,0.35000000000000003,1.0,0.7446124967351745,1.0,0.9885098200787855,0.7446124967351745,69681.64162360138,288.15,0.8385412648334485,31.787142146964925,0.025942331303220902,3.7,5.235085860611508
56750.0,9990.0,14.3,50.5,35.4,181.0,35.1,2376.0,44.800000000000004,13.950000000000001,79.4,1125.0,60.2,77.2,3903.5308584217164,26.22000017754527,15.685632406421394,6.2268017946151035,0.4446684857333774,1.0497566737925526,0.32,1.0,0.7448604347983913,1.0,0.9885098200787855,0.7448604347983913,69681.64162360138,288.15,0.8385412648334485,31.787142146964925,0.025947959007726538,3.4000000000000004,5.234712951760691
56800.0,10000.0,15.0,50.0,34.6,180.0,34.9,2376.0,45.6,14.0,79.80000000000001,1126.0,59.300000000000004,77.9,3903.252886961867,26.22000017754527,15.684515428409226,6.2268017946151035,0.4446684857333774,1.0497566737925526,0.4,1.0,0.7451082525427992,1.0,0.9885098200787855,0.7451082525427992,69681.64162360138,288.15,0.8385412648334485,31.787142146964925,0.025953584544845233,3.8000000000000003,5.234340186473603
56850.0,10000.0,14.8,48.5,34.7,182.0,35.1,2383.0,44.900000000000006,13.850000000000001,78.80000000000001,1128.0,59.7,77.9,3902.9750225566286,26.22000017754527,15.683398880576643,6.2268017946151035,0.4446684857333774,1.0497566737925526,0.31,1.0,0.7453559499141749,1.0,0.9885098200787855,0.7453559499141749,69681.64162360138,288.15,0.8385412648334485,31.787142146964925,0.025959207914598815,4.1000000000000005,5.23396756474889
56900.0,9990.0,15.100000000000001,50.0,34.9,179.0,34.9,2384.0,45.300000000000004,14.05,79.0,1123.0,60.0,78.30000000000001,3902.697265204922,26.22000017754527,15.682282762919304,6.2268017946151035,0.4446684857333774,1.0497566737925526,0.33,1.0,0.7456035268582701,1.0,0.9885098200787855,0.7456035268582701,69681.64162360138,288.15,0.8385412648334485,31.787142146964925,0.025964829117010615,3.8000000000000003,5.2335950865851055
56950.0,9980.0,15.3,50.5,34.7,179.0,35.2,2374.0,45.5,14.0,79.2,1127.0,59.5,78.4,3902.4196149055947,26.22000017754527,15.68116707543258,6.2268017946151035,0.4446684857333774,1.0497566737925526,0.35000000000000003,1.0,0.745850983320821,1.0,0.9885098200787855,0.745850983320821,69681.64162360138,288.15,0.8385412648334485,31.787142146964925,0.025970448152105356,4.2,5.2332227519807
57000.0,10000.0,14.9,50.0,34.800000000000004,181.0,35.2,2376.0,44.7,14.100000000000001,79.5,1127.0,60.2,77.60000000000001,3902.1420716574257,26.22000017754527,15.680051818111565,6.2268017946151035,0.4446684857333774,1.0497566737925526,0.31,1.0,0.746098319247541,1.0,0.9885098200787855,0.746098319247541,69681.64162360138,288.15,0.8385412648334485,31.787142146964925,0.02597606501990915,3.8000000000000003,5.232850560934041
57050.0,9980.0,15.100000000000001,49.5,34.800000000000004,179.0,34.9,2373.0,45.1,14.0,79.4,1133.0,59.6,78.10000000000001,3901.864635459126,26.22000017754527,15.67893699095108,6.2268017946151035,0.4446684857333774,1.0497566737925526,0.34,1.0,0.7463455345841231,1.0,0.9885098200787855,0.7463455345841231,69681.64162360138,288.15,0.8385412648334485,31.787142146964925,0.025981679720449607,3.9000000000000004,5.2324785134433975
57100.0,10000.0,15.0,50.0,34.800000000000004,180.0,35.0,2369.0,45.400000000000006,14.15,79.5,1129.0,60.1,77.2,3901.587306309331,26.22000017754527,15.677822593945638,6.2268017946151035,0.4446684857333774,1.0497566737925526,0.35000000000000003,1.0,0.7465926292762431,1.0,0.9885098200787855,0.7465926292762431,69681.64162360138,288.15,0.8385412648334485,31.787142146964925,0.025987292253755647,3.8000000000000003,5.232106609506939
57150.0,10030.0,15.0,50.5,34.9,182.0,34.9,2381.0,45.2,14.05,79.5,1125.0,58.800000000000004,78.4,3901.3100842066124,26.22000017754527,15.676708627089504,6.2268017946151035,0.4446684857333774,1.0497566737925526,0.31,1.0,0.7468396032695532,1.0,0.9885098200787855,0.7468396032695532,69681.64162360138,288.15,0.8385412648334485,31.787142146964925,0.025992902619857705,4.2,5.231734849122752
57200.0,10000.0,15.4,50.5,34.0,180.0,34.9,2381.0,45.2,14.05,79.2,1125.0,59.6,76.9,3901.032969149467,26.22000017754527,15.675595090376637,6.2268017946151035,0.4446684857333774,1.0497566737925526,0.3,1.0,0.7470864565096887,1.0,0.9885098200787855,0.7470864565096887,69681.64162360138,288.15,0.8385412648334485,31.787142146964925,0.025998510818787575,3.5,5.231363232288819
57250.0,9980.0,15.100000000000001,50.5,35.0,180.0,34.800000000000004,2375.0,44.800000000000004,14.0,78.5,1129.0,59.5,78.0,3900.7559611363245,26.22000017754527,15.674481983800723,6.2268017946151035,0.4446684857333774,1.0497566737925526,0.35000000000000003,1.0,0.7473331889422637,1.0,0.9885098200787855,0.7473331889422637,69681.64162360138,288.15,0.8385412648334485,31.787142146964925,0.026004116850578435,4.0,5.230991759003034
57300.0,10010.0,14.4,50.0,35.4,180.0,35.4,2383.0,45.1,14.0,78.80000000000001,1126.0,59.6,77.5,3900.479060165546,26.22000017754527,15.67336930735518,6.2268017946151035,0.4446684857333774,1.0497566737925526,0.29,1.0,0.7475798005128702,1.0,0.9885098200787855,0.7475798005128702,69681.64162360138,288.15,0.8385412648334485,31.787142146964925,0.026009720715264906,4.0,5.2306204292632
57350.0,10020.0,15.3,50.0,35.4,180.0,35.0,2376.0,44.900000000000006,14.05,79.4,1125.0,59.5,77.9,3900.202266235421,26.22000017754527,15.672257061033136,6.2268017946151035,0.4446684857333774,1.0497566737925526,0.33,1.0,0.747826291167082,1.0,0.9885098200787855,0.747826291167082,69681.64162360138,288.15,0.8385412648334485,31.787142146964925,0.026015322412883013,3.8000000000000003,5.230249243067025
57400.0,9990.0,15.4,50.5,34.2,181.0,35.0,2377.0,45.300000000000004,14.100000000000001,80.0,1128.0,59.300000000000004,76.80000000000001,3899.9255793441716,26.22000017754527,15.671145244827445,6.2268017946151035,0.4446684857333774,1.0497566737925526,0.35000000000000003,1.0,0.7480726608504531,1.0,0.9885098200787855,0.7480726608504531,69681.64162360138,288.15,0.8385412648334485,31.787142146964925,0.02602092194347023,4.2,5.229878200412122
57450.0,9990.0,14.9,49.5,34.800000000000004,181.0,35.0,2376.0,45.800000000000004,13.9,79.7,1124.0,59.7,77.9,3899.6489994899453,26.22000017754527,15.67003385873066,6.2268017946151035,0.4446684857333774,1.0497566737925526,0.35000000000000003,1.0,0.7483189095085192,1.0,0.9885098200787855,0.7483189095085192,69681.64162360138,288.15,0.8385412648334485,31.787142146964925,0.026026519307065333,3.8000000000000003,5.229507301296007
57500.0,10000.0,14.9,49.5,35.300000000000004,180.0,35.1,2376.0,44.900000000000006,14.100000000000001,79.9,1131.0,59.900000000000006,78.4,3899.372526670827,26.22000017754527,15.66892290273509,6.2268017946151035,0.4446684857333774,1.0497566737925526,0.31,1.0,0.7485650370867918,1.0,0.9885098200787855,0.7485650370867918,69681.64162360138,288.15,0.8385412648334485,31.787142146964925,0.02603211450370857,3.8000000000000003,5.229136545716113
57550.0,10010.0,15.3,50.0,34.6,180.0,34.9,2383.0,45.2,13.950000000000001,78.7,1125.0,59.6,77.7,3899.0961608848293,26.22000017754527,15.667812376832748,6.2268017946151035,0.4446684857333774,1.0497566737925526,0.35000000000000003,1.0,0.7488110435307654,1.0,0.9885098200787855,0.7488110435307654,69681.64162360138,288.15,0.8385412648334485,31.787142146964925,0.026037707533441548,3.7,5.228765933669774
57600.0,10030.0,14.700000000000001,49.5,35.7,181.0,35.0,2378.0,45.1,14.0,78.5,1121.0,59.5,78.7,3898.819902129897,26.22000017754527,15.666702281015374,6.2268017946151035,0.4446684857333774,1.0497566737925526,0.38,1.0,0.7490569287859125,1.0,0.9885098200787855,0.7490569287859125,69681.64162360138,288.15,0.8385412648334485,31.787142146964925,0.02604329839630734,3.8000000000000003,5.228395465154235
57650.0,9990.0,15.100000000000001,50.0,35.2,178.0,35.6,2381.0,44.900000000000006,13.950000000000001,79.9,1128.0,59.900000000000006,78.0,3898.5437504039014,26.22000017754527,15.665592615274415,6.2268017946151035,0.4446684857333774,1.0497566737925526,0.32,1.0,0.7493026927976896,1.0,0.9885098200787855,0.7493026927976896,69681.64162360138,288.15,0.8385412648334485,31.787142146964925,0.02604888709235034,4.0,5.22802514016664
57700.0,10010.0,15.100000000000001,50.0,35.6,179.0,34.800000000000004,2377.0,44.800000000000004,14.0,80.10000000000001,1127.0,59.2,77.5,3898.2677057046526,26.22000017754527,15.664483379601071,6.2268017946151035,0.4446684857333774,1.0497566737925526,0.32,1.0,0.7495483355115291,1.0,0.9885098200787855,0.7495483355115291,69681.64162360138,288.15,0.8385412648334485,31.787142146964925,0.026054473621616392,3.9000000000000004,5.227654958704053
57750.0,10010.0,15.200000000000001,50.0,34.5,180.0,34.9,2375.0,45.2,14.05,79.80000000000001,1126.0,60.400000000000006,78.10000000000001,3897.9917680298827,26.22000017754527,15.66337457398623,6.2268017946151035,0.4446684857333774,1.0497566737925526,0.32,1.0,0.7497938568728465,1.0,0.9885098200787855,0.7497938568728465,69681.64162360138,288.15,0.8385412648334485,31.787142146964925,0.02606005798415271,4.0,5.2272849207634335
57800.0,9990.0,14.4,49.5,35.300000000000004,180.0,35.0,2373.0,44.400000000000006,14.100000000000001,79.2,1126.0,59.6,78.4,3897.715937377262,26.22000017754527,15.66226619842053,6.2268017946151035,0.4446684857333774,1.0497566737925526,0.35000000000000003,1.0,0.7500392568270365,1.0,0.9885098200787855,0.7500392568270365,69681.64162360138,288.15,0.8385412648334485,31.787142146964925,0.026065640180007826,3.7,5.226915026341656
57850.0,10010.0,15.0,49.5,34.9,179.0,34.7,2380.0,44.900000000000006,14.05,79.4,1128.0,59.2,77.30000000000001,3897.4402137443926,26.22000017754527,15.661158252894335,6.2268017946151035,0.4446684857333774,1.0497566737925526,0.34,1.0,0.7502845353194705,1.0,0.9885098200787855,0.7502845353194705,69681.64162360138,288.15,0.8385412648334485,31.787142146964925,0.026071220209231763,3.6,5.226545275435505
57900.0,10000.0,14.600000000000001,50.0,35.6,181.0,34.6,2380.0,45.5,14.200000000000001,79.5,1124.0,60.0,78.5,3897.164597128804,26.22000017754527,15.660050737397718,6.2268017946151035,0.4446684857333774,1.0497566737925526,0.32,1.0,0.7505296922955048,1.0,0.9885098200787855,0.7505296922955048,69681.64162360138,288.15,0.8385412648334485,31.787142146964925,0.026076798071875913,4.2,5.226175668041669
57950.0,9990.0,15.100000000000001,49.0,34.6,180.0,34.9,2371.0,44.900000000000006,14.05,79.2,1127.0,60.2,77.5,3896.889087527957,26.22000017754527,15.658943651920476,6.2268017946151035,0.4446684857333774,1.0497566737925526,0.36,1.0,0.7507747277004756,1.0,0.9885098200787855,0.7507747277004756,69681.64162360138,288.15,0.8385412648334485,31.787142146964925,0.02608237376799302,3.6,5.225806204156742
58000.0,10020.0,15.4,50.0,34.9,180.0,35.1,2381.0,44.6,14.05,78.0,1127.0,60.400000000000006,77.0,3896.6136849392474,26.22000017754527,15.657836996452144,6.2268017946151035,0.4446684857333774,1.0497566737925526,0.27,1.0,0.7510196414796968,1.0,0.9885098200787855,0.7510196414796968,69681.64162360138,288.15,0.8385412648334485,31.787142146964925,0.026087947297637217,4.0,5.22543688377723
58050.0,10020.0,15.100000000000001,49.0,34.300000000000004,180.0,34.800000000000004,2377.0,45.1,13.950000000000001,80.30000000000001,1128.0,60.300000000000004,78.2,3896.3383893600003,26.22000017754527,15.656730770981973,6.2268017946151035,0.4446684857333774,1.0497566737925526,0.32,1.0,0.7512644335784643,1.0,0.9885098200787855,0.7512644335784643,69681.64162360138,288.15,0.8385412648334485,31.787142146964925,0.026093518660864023,3.8000000000000003,5.225067706899548
58100.0,10000.0,15.200000000000001,49.5,35.7,179.0,35.0,2376.0,44.900000000000006,14.15,79.0,1126.0,59.7,77.7,3896.0632007874747,26.22000017754527,15.65562497549895,6.2268017946151035,0.4446684857333774,1.0497566737925526,0.32,1.0,0.7515091039420535,1.0,0.9885098200787855,0.7515091039420535,69681.64162360138,288.15,0.8385412648334485,31.787142146964925,0.026099087857730335,3.6,5.224698673520019
58150.0,9990.0,15.200000000000001,50.5,35.0,180.0,34.9,2374.0,44.7,13.9,78.80000000000001,1129.0,59.800000000000004,77.5,3895.788119218859,26.22000017754527,15.654519609991775,6.2268017946151035,0.4446684857333774,1.0497566737925526,0.31,1.0,0.75175365251572,1.0,0.9885098200787855,0.75175365251572,69681.64162360138,288.15,0.8385412648334485,31.787142146964925,0.02610465488829445,4.2,5.224329783634874
58200.0,9990.0,15.100000000000001,50.0,35.0,180.0,35.0,2380.0,45.0,14.15,79.2,1123.0,60.2,77.9,3895.513144651274,26.22000017754527,15.653414674448882,6.2268017946151035,0.4446684857333774,1.0497566737925526,0.32,1.0,0.751998079244702,1.0,0.9885098200787855,0.751998079244702,69681.64162360138,288.15,0.8385412648334485,31.787142146964925,0.026110219752616022,3.8000000000000003,5.223961037240252
58250.0,9970.0,14.4,51.0,34.800000000000004,181.0,34.7,2372.0,45.2,14.0,79.5,1127.0,59.900000000000006,77.30000000000001,3895.238277081774,26.22000017754527,15.652310168858431,6.2268017946151035,0.4446684857333774,1.0497566737925526,0.29,1.0,0.7522423840742157,1.0,0.9885098200787855,0.7522423840742157,69681.64162360138,288.15,0.8385412648334485,31.787142146964925,0.026115782450756037,4.2,5.223592434332201
58300.0,10020.0,14.700000000000001,49.5,34.9,180.0,35.0,2378.0,45.0,14.0,80.60000000000001,1126.0,60.6,78.4,3894.9635165073464,26.22000017754527,15.651206093208318,6.2268017946151035,0.4446684857333774,1.0497566737925526,0.34,1.0,0.7524865669494573,1.0,0.9885098200787855,0.7524865669494573,69681.64162360138,288.15,0.8385412648334485,31.787142146964925,0.02612134298277694,3.4000000000000004,5.223223974906682
58350.0,10000.0,14.9,50.0,34.6,181.0,35.2,2381.0,44.900000000000006,13.950000000000001,79.4,1131.0,60.0,77.9,3894.6888629249065,26.22000017754527,15.650102447486148,6.2268017946151035,0.4446684857333774,1.0497566737925526,0.31,1.0,0.7527306278156065,1.0,0.9885098200787855,0.7527306278156065,69681.64162360138,288.15,0.8385412648334485,31.787142146964925,0.026126901348742498,3.8000000000000003,5.222855658959559
58400.0,10010.0,15.0,50.0,35.2,180.0,35.1,2373.0,44.7,14.0,79.2,1126.0,60.1,78.10000000000001,3894.4143163313042,26.22000017754527,15.64899923167926,6.2268017946151035,0.4446684857333774,1.0497566737925526,0.36,1.0,0.7529745666178215,1.0,0.9885098200787855,0.7529745666178215,69681.64162360138,288.15,0.8385412648334485,31.787142146964925,0.026132457548717836,4.2,5.222487486486606
58450.0,9980.0,14.700000000000001,50.0,35.0,180.0,34.9,2375.0,45.1,13.9,80.60000000000001,1127.0,60.400000000000006,77.30000000000001,3894.1398767233236,26.22000017754527,15.647896445774736,6.2268017946151035,0.4446684857333774,1.0497566737925526,0.34,1.0,0.753218383301241,1.0,0.9885098200787855,0.753218383301241,69681.64162360138,288.15,0.8385412648334485,31.787142146964925,0.02613801158276941,3.9000000000000004,5.222119457483512
58500.0,10010.0,15.0,51.0,34.4,181.0,35.0,2372.0,45.6,14.15,77.9,1127.0,60.300000000000004,77.80000000000001,3893.865544097682,26.22000017754527,15.64679408975938,6.2268017946151035,0.4446684857333774,1.0497566737925526,0.37,1.0,0.7534620778109823,1.0,0.9885098200787855,0.7534620778109823,69681.64162360138,288.15,0.8385412648334485,31.787142146964925,0.02614356345096516,4.2,5.221751571945874
58550.0,10000.0,15.700000000000001,50.5,34.9,180.0,35.2,2373.0,44.900000000000006,14.0,79.4,1126.0,59.6,78.2,3893.591318451023,26.22000017754527,15.645692163619712,6.2268017946151035,0.4446684857333774,1.0497566737925526,0.31,1.0,0.753705650092149,1.0,0.9885098200787855,0.753705650092149,69681.64162360138,288.15,0.8385412648334485,31.787142146964925,0.02614911315337427,4.4,5.2213838298691915
58600.0,10000.0,15.4,50.5,35.5,180.0,35.0,2381.0,45.7,14.0,79.60000000000001,1127.0,60.2,77.60000000000001,3893.31719977993,26.22000017754527,15.644590667341994,6.2268017946151035,0.4446684857333774,1.0497566737925526,0.26,1.0,0.7539491000898195,1.0,0.9885098200787855,0.7539491000898195,69681.64162360138,288.15,0.8385412648334485,31.787142146964925,0.026154660690067333,3.8000000000000003,5.221016231248882
58650.0,10010.0,14.8,50.5,35.1,180.0,35.2,2379.0,45.1,14.05,79.30000000000001,1123.0,59.900000000000006,76.7,3893.043188080917,26.22000017754527,15.643489600912226,6.2268017946151035,0.4446684857333774,1.0497566737925526,0.34,1.0,0.7541924277490561,1.0,0.9885098200787855,0.7541924277490561,69681.64162360138,288.15,0.8385412648334485,31.787142146964925,0.02616020606111631,4.1000000000000005,5.220648776080272
58700.0,10010.0,15.200000000000001,50.5,34.4,180.0,34.7,2375.0,45.5,14.100000000000001,79.5,1127.0,59.7,77.7,3892.7692833504275,26.22000017754527,15.642388964316112,6.2268017946151035,0.4446684857333774,1.0497566737925526,0.35000000000000003,1.0,0.7544356330149012,1.0,0.9885098200787855,0.7544356330149012,69681.64162360138,288.15,0.8385412648334485,31.787142146964925,0.026165749266594516,4.0,5.220281464358591
58750.0,9980.0,15.100000000000001,49.0,35.300000000000004,179.0,34.800000000000004,2380.0,45.2,14.0,80.4,1129.0,59.900000000000006,77.80000000000001,3892.495485584842,26.22000017754527,15.641288757539108,6.2268017946151035,0.4446684857333774,1.0497566737925526,0.31,1.0,0.7546787158323788,1.0,0.9885098200787855,0.7546787158323788,69681.64162360138,288.15,0.8385412648334485,31.787142146964925,0.026171290306576597,4.2,5.2199142960789855
58800.0,10000.0,15.100000000000001,49.5,35.0,180.0,34.800000000000004,2376.0,45.1,14.0,78.30000000000001,1126.0,59.900000000000006,77.7,3892.221794780472,26.22000017754527,15.640188980566396,6.2268017946151035,0.4446684857333774,1.0497566737925526,0.32,1.0,0.7549216761464919,1.0,0.9885098200787855,0.7549216761464919,69681.64162360138,288.15,0.8385412648334485,31.787142146964925,0.026176829181138585,3.8000000000000003,5.219547271236508
58850.0,9990.0,15.0,50.5,35.1,181.0,35.2,2382.0,45.400000000000006,14.100000000000001,78.4,1129.0,60.5,78.30000000000001,3891.948210933564,26.22000017754527,15.639089633382891,6.2268017946151035,0.4446684857333774,1.0497566737925526,0.3,1.0,0.7551645139022259,1.0,0.9885098200787855,0.7551645139022259,69681.64162360138,288.15,0.8385412648334485,31.787142146964925,0.026182365890357818,4.1000000000000005,5.219180389826128
58900.0,10000.0,15.600000000000001,49.5,34.7,179.0,35.0,2385.0,45.0,14.0,79.4,1127.0,60.300000000000004,77.80000000000001,3891.6747340402962,26.22000017754527,15.637990715973235,6.2268017946151035,0.4446684857333774,1.0497566737925526,0.3,1.0,0.7554072290445458,1.0,0.9885098200787855,0.7554072290445458,69681.64162360138,288.15,0.8385412648334485,31.787142146964925,0.026187900434313047,3.9000000000000004,5.218813651842718
58950.0,10010.0,15.3,50.5,35.1,180.0,35.2,2374.0,44.800000000000004,14.0,78.30000000000001,1128.0,60.5,77.2,3891.401364096779,26.22000017754527,15.6368922283218,6.2268017946151035,0.4446684857333774,1.0497566737925526,0.33,1.0,0.7556498215184,1.0,0.9885098200787855,0.7556498215184,69681.64162360138,288.15,0.8385412648334485,31.787142146964925,0.02619343281308432,3.7,5.218447057281063
59000.0,9990.0,15.600000000000001,49.5,34.5,180.0,35.1,2379.0,45.6,13.950000000000001,78.7,1131.0,60.5,78.0,3891.1281010990606,26.22000017754527,15.635794170412703,6.2268017946151035,0.4446684857333774,1.0497566737925526,0.3,1.0,0.7558922912687156,1.0,0.9885098200787855,0.7558922912687156,69681.64162360138,288.15,0.8385412648334485,31.787142146964925,0.026198963026753064,4.2,5.218080606135862
59050.0,10010.0,15.100000000000001,49.5,35.0,181.0,34.800000000000004,2373.0,44.800000000000004,13.950000000000001,79.10000000000001,1129.0,60.300000000000004,77.60000000000001,3890.8549450431165,26.22000017754527,15.634696542229777,6.2268017946151035,0.4446684857333774,1.0497566737925526,0.33,1.0,0.7561346382404021,1.0,0.9885098200787855,0.7561346382404021,69681.64162360138,288.15,0.8385412648334485,31.787142146964925,0.026204491075402014,4.0,5.21771429840172
59100.0,9980.0,15.3,49.5,34.800000000000004,180.0,35.0,2378.0,45.0,14.0,80.0,1129.0,60.300000000000004,77.9,3890.5818959248613,26.22000017754527,15.633599343756604,6.2268017946151035,0.4446684857333774,1.0497566737925526,0.3,1.0,0.7563768623783492,1.0,0.9885098200787855,0.7563768623783492,69681.64162360138,288.15,0.8385412648334485,31.787142146964925,0.02621001695911533,4.4,5.217348134073158
59150.0,9990.0,15.100000000000001,50.0,34.9,180.0,34.800000000000004,2381.0,44.6,14.05,79.4,1126.0,60.400000000000006,77.5,3890.308953740138,26.22000017754527,15.632502574976476,6.2268017946151035,0.4446684857333774,1.0497566737925526,0.29,1.0,0.7566189636274312,1.0,0.9885098200787855,0.7566189636274312,69681.64162360138,288.15,0.8385412648334485,31.787142146964925,0.02621554067797837,3.6,5.2169821131446
59200.0,10010.0,15.200000000000001,50.0,34.800000000000004,180.0,34.9,2369.0,45.0,14.05,79.10000000000001,1131.0,59.900000000000006,77.2,3890.0361184847293,26.22000017754527,15.631406235872452,6.2268017946151035,0.4446684857333774,1.0497566737925526,0.33,1.0,0.7568609419324968,1.0,0.9885098200787855,0.7568609419324968,69681.64162360138,288.15,0.8385412648334485,31.787142146964925,0.026221062232077954,4.0,5.216616235610392
59250.0,9980.0,15.200000000000001,50.0,34.2,180.0,34.800000000000004,2375.0,44.6,14.05,80.10000000000001,1128.0,59.5,77.7,3889.7633901543495,26.22000017754527,15.63031032642731,6.2268017946151035,0.4446684857333774,1.0497566737925526,0.32,1.0,0.7571027972383823,1.0,0.9885098200787855,0.7571027972383823,69681.64162360138,288.15,0.8385412648334485,31.787142146964925,0.026226581621502192,3.6,5.216250501464787
59300.0,10000.0,15.3,49.5,34.300000000000004,178.0,34.9,2376.0,44.800000000000004,13.950000000000001,79.4,1128.0,60.300000000000004,77.9,3889.490768744644,26.22000017754527,15.629214846623547,6.2268017946151035,0.4446684857333774,1.0497566737925526,0.3,1.0,0.7573445294899028,1.0,0.9885098200787855,0.7573445294899028,69681.64162360138,288.15,0.8385412648334485,31.787142146964925,0.026232098846340535,3.6,5.215884910701942
59350.0,9990.0,14.8,49.0,34.800000000000004,181.0,35.2,2379.0,45.0,14.100000000000001,78.4,1125.0,60.6,77.5,3889.2182542511964,26.22000017754527,15.628119796443421,6.2268017946151035,0.4446684857333774,1.0497566737925526,0.3,1.0,0.7575861386318553,1.0,0.9885098200787855,0.7575861386318553,69681.64162360138,288.15,0.8385412648334485,31.787142146964925,0.026237613906683766,4.0,5.21551946331594
59400.0,9990.0,14.8,49.5,35.1,180.0,35.300000000000004,2375.0,44.900000000000006,14.100000000000001,79.60000000000001,1127.0,59.7,77.10000000000001,3888.945846669521,26.22000017754527,15.627025175868907,6.2268017946151035,0.4446684857333774,1.0497566737925526,0.29,1.0,0.7578276246090183,1.0,0.9885098200787855,0.7578276246090183,69681.64162360138,288.15,0.8385412648334485,31.787142146964925,0.026243126802624007,3.9000000000000004,5.215154159300761
59450.0,9990.0,15.5,49.0,34.5,180.0,35.1,2366.0,44.5,14.0,79.80000000000001,1132.0,60.1,77.4,3888.673545995068,26.22000017754527,15.62593098488172,6.2268017946151035,0.4446684857333774,1.0497566737925526,0.3,1.0,0.7580689873661521,1.0,0.9885098200787855,0.7580689873661521,69681.64162360138,288.15,0.8385412648334485,31.787142146964925,0.02624863753425474,4.0,5.214788998650306
59500.0,10020.0,15.4,50.0,34.7,180.0,35.300000000000004,2375.0,44.5,14.0,78.80000000000001,1122.0,60.400000000000006,77.7,3888.401352223221,26.22000017754527,15.62483722346331,6.2268017946151035,0.4446684857333774,1.0497566737925526,0.38,1.0,0.7583102268479999,1.0,0.9885098200787855,0.7583102268479999,69681.64162360138,288.15,0.8385412648334485,31.787142146964925,0.02625414610167072,3.6,5.214423981358384
59550.0,10010.0,15.3,50.5,34.6,179.0,35.0,2377.0,44.800000000000004,14.100000000000001,78.7,1122.0,60.2,77.7,3888.1292653492987,26.22000017754527,15.62374389159487,6.2268017946151035,0.4446684857333774,1.0497566737925526,0.33,1.0,0.7585513429992845,1.0,0.9885098200787855,0.7585513429992845,69681.64162360138,288.15,0.8385412648334485,31.787142146964925,0.026259652504968044,4.0,5.214059107418717
59600.0,10020.0,14.700000000000001,50.0,35.6,178.0,35.0,2381.0,45.400000000000006,14.05,79.4,1124.0,60.800000000000004,76.9,3887.857285368555,26.22000017754527,15.622650989257323,6.2268017946151035,0.4446684857333774,1.0497566737925526,0.29,1.0,0.7587923357647111,1.0,0.9885098200787855,0.7587923357647111,69681.64162360138,288.15,0.8385412648334485,31.787142146964925,0.026265156744244112,4.0,5.2136943768249395
59650.0,9990.0,15.100000000000001,50.0,35.7,180.0,34.9,2379.0,44.800000000000004,14.05,79.0,1128.0,59.7,76.3,3887.585412276179,26.22000017754527,15.621558516431342,6.2268017946151035,0.4446684857333774,1.0497566737925526,0.28,1.0,0.7590332050889652,1.0,0.9885098200787855,0.7590332050889652,69681.64162360138,288.15,0.8385412648334485,31.787142146964925,0.026270658819597704,4.3,5.213329789570602
59700.0,9990.0,15.200000000000001,49.5,34.9,180.0,35.300000000000004,2379.0,45.1,14.100000000000001,78.60000000000001,1130.0,60.6,77.9,3887.313646067291,26.22000017754527,15.620466473097316,6.2268017946151035,0.4446684857333774,1.0497566737925526,0.32,1.0,0.7592739509167177,1.0,0.9885098200787855,0.7592739509167177,69681.64162360138,288.15,0.8385412648334485,31.787142146964925,0.02627615873112894,3.8000000000000003,5.212965345649159
59750.0,9990.0,14.8,49.5,35.1,180.0,35.1,2378.0,44.7,13.950000000000001,78.80000000000001,1125.0,60.0,78.30000000000001,3887.0419867369465,26.22000017754527,15.619374859235377,6.2268017946151035,0.4446684857333774,1.0497566737925526,0.28,1.0,0.7595145731926215,1.0,0.9885098200787855,0.7595145731926215,69681.64162360138,288.15,0.8385412648334485,31.787142146964925,0.026281656478939135,4.4,5.21260104505398
59800.0,10000.0,15.3,50.5,35.2,181.0,34.800000000000004,2376.0,44.7,13.9,78.5,1132.0,60.300000000000004,78.4,3886.770434280141,26.22000017754527,15.618283674825417,6.2268017946151035,0.4446684857333774,1.0497566737925526,0.38,1.0,0.7597550718613072,1.0,0.9885098200787855,0.7597550718613072,69681.64162360138,288.15,0.8385412648334485,31.787142146964925,0.02628715206313106,4.6000000000000005,5.212236887778355
59850.0,10020.0,15.700000000000001,50.0,35.1,180.0,35.0,2377.0,45.2,13.950000000000001,78.10000000000001,1128.0,60.1,77.10000000000001,3886.4989886917974,26.22000017754527,15.617192919847032,6.2268017946151035,0.4446684857333774,1.0497566737925526,0.32,1.0,0.7599954468673922,1.0,0.9885098200787855,0.7599954468673922,69681.64162360138,288.15,0.8385412648334485,31.787142146964925,0.026292645483808687,3.8000000000000003,5.211872873815475
59900.0,10010.0,15.0,50.5,35.1,180.0,35.0,2371.0,45.1,14.05,79.5,1124.0,59.800000000000004,77.2,3886.2276499667823,26.22000017754527,15.616102594279596,6.2268017946151035,0.4446684857333774,1.0497566737925526,0.36,1.0,0.7602356981554721,1.0,0.9885098200787855,0.7602356981554721,69681.64162360138,288.15,0.8385412648334485,31.787142146964925,0.026298136741077397,3.9000000000000004,5.211509003158455
59950.0,9990.0,14.600000000000001,49.5,34.7,181.0,35.2,2372.0,45.2,14.05,78.2,1127.0,60.5,77.5,3885.956418099888,26.22000017754527,15.615012698102182,6.2268017946151035,0.4446684857333774,1.0497566737925526,0.27,1.0,0.7604758256701288,1.0,0.9885098200787855,0.7604758256701288,69681.64162360138,288.15,0.8385412648334485,31.787142146964925,0.026303625835043806,3.9000000000000004,5.2111452758003125
60000.0,10010.0,15.5,49.5,34.800000000000004,180.0,35.1,2377.0,45.2,13.9,79.2,1125.0,60.400000000000006,78.30000000000001,3885.685293085851,26.22000017754527,15.613923231293638,6.2268017946151035,0.4446684857333774,1.0497566737925526,0.28,1.0,0.7607158293559233,1.0,0.9885098200787855,0.7607158293559233,69681.64162360138,288.15,0.8385412648334485,31.787142146964925,0.026309112765815885,3.8000000000000003,5.210781691733988
