time_ms,true_engine_rpm,true_cht_c,true_egt_c,true_oil_temp_c,true_oil_press_psi,true_afr,true_brake_power_kw,true_engine_torque_nm,true_vibration_g_rms,true_cooling_health,true_lubrication_health,true_injector_health,true_combustion_health,true_overall_health,active_fault_count,primary_fault,max_fault_severity,fault_severity_oil_pump_degradation,latent_fin_fouling_factor,latent_radiator_blockage_ratio,latent_coolant_leak_fraction,latent_bearing_clearance_wear,latent_pump_wear_factor,latent_viscosity_loss_ratio,latent_boundary_scuffing_severity,latent_clogging_fraction,latent_leakage_fraction,latent_misfire_fraction,latent_timing_retard_deg
0,2594.221347069736,89.12395167227174,1126.85,84.05777638646737,54.70241906064264,14.003245101449993,4.965679380397967,18.27860417753147,0.381135002170544,1.0,0.6490282478151407,1.0,0.9885098200787855,0.6490282478151407,0,nominal,0.0,0.0,0.0,0.0,0.0,0.0,0.0,0.0,0.0,0.0,0.0,0.0,0.0
50,2594.221347069736,89.11698200381704,1126.85,84.05486230638223,54.70670536906642,14.003245101449993,4.965578155914456,18.278231571463813,0.381135002170544,1.0,0.6491126851151664,1.0,0.9885098200787855,0.6491126851151664,0,nominal,0.0,0.0,0.0,0.0,0.0,0.0,0.0,0.0,0.0,0.0,0.0,0.0,0.0
100,2594.221347069736,89.11001490313919,1126.85,84.05194892323618,54.71099109436501,14.003245101449993,4.9654769443154985,18.277859012824038,0.381135002170544,1.0,0.6491971109280309,1.0,0.9885098200787855,0.6491971109280309,0,nominal,0.0,0.0,0.0,0.0,0.0,0.0,0.0,0.0,0.0,0.0,0.0,0.0,0.0
150,2594.221347069736,89.10305036926542,1126.85,84.0490362372006,54.71527623597913,14.003245101449993,4.965375745613601,18.27748650165818,0.381135002170544,1.0,0.6492815252427164,1.0,0.9885098200787855,0.6492815252427164,0,nominal,0.0,0.0,0.0,0.0,0.0,0.0,0.0,0.0,0.0,0.0,0.0,0.0,0.0
200,2594.221347069736,89.09608840122331,1126.85,84.04612424844646,54.71956079335018,14.003245101449993,4.965274559821251,18.277114038012208,0.381135002170544,1.0,0.6493659280482192,1.0,0.9885098200787855,0.6493659280482192,0,nominal,0.0,0.0,0.0,0.0,0.0,0.0,0.0,0.0,0.0,0.0,0.0,0.0,0.0
250,2594.221347069736,89.0891289980409,1126.85,84.04321295714419,54.72384476592022,14.003245101449993,4.9651733869509265,18.27674162193205,0.381135002170544,1.0,0.6494503193335479,1.0,0.9885098200787855,0.6494503193335479,0,nominal,0.0,0.0,0.0,0.0,0.0,0.0,0.0,0.0,0.0,0.0,0.0,0.0,0.0
300,2594.221347069736,89.08217215874669,1126.85,84.04030236346381,54.728128153131756,14.003245101449993,4.965072227015089,18.27636925346358,0.381135002170544,1.0,0.6495346990877207,1.0,0.9885098200787855,0.6495346990877207,0,nominal,0.0,0.0,0.0,0.0,0.0,0.0,0.0,0.0,0.0,0.0,0.0,0.0,0.0
350,2594.221347069736,89.07521788236949,1126.85,84.0373924675747,54.73241095442804,14.003245101449993,4.964971080026186,18.27599693265261,0.381135002170544,1.0,0.6496190672997696,1.0,0.9885098200787855,0.6496190672997696,0,nominal,0.0,0.0,0.0,0.0,0.0,0.0,0.0,0.0,0.0,0.0,0.0,0.0,0.0
400,2594.221347069736,89.06826616793853,1126.85,84.03448326964588,54.73669316925291,14.003245101449993,4.964869945996652,18.275624659544924,0.381135002170544,1.0,0.649703423958739,1.0,0.9885098200787855,0.649703423958739,0,nominal,0.0,0.0,0.0,0.0,0.0,0.0,0.0,0.0,0.0,0.0,0.0,0.0,0.0
450,2594.221347069736,89.0613170144835,1126.85,84.0315747698458,54.74097479705072,14.003245101449993,4.964768824938905,18.27525243418622,0.381135002170544,1.0,0.6497877690536829,1.0,0.9885098200787855,0.6497877690536829,0,nominal,0.0,0.0,0.0,0.0,0.0,0.0,0.0,0.0,0.0,0.0,0.0,0.0,0.0
500,2594.221347069736,89.05437042103449,1126.85,84.02866696834252,54.74525583726659,14.003245101449993,4.964667716865347,18.274880256622158,0.381135002170544,1.0,0.6498721025736705,1.0,0.9885098200787855,0.6498721025736705,0,nominal,0.0,0.0,0.0,0.0,0.0,0.0,0.0,0.0,0.0,0.0,0.0,0.0,0.0
550,2594.221347069736,89.04742638662196,1126.85,84.02575986530343,54.74953628934609,14.003245101449993,4.9645666217883715,18.274508126898354,0.381135002170544,1.0,0.6499564245077798,1.0,0.9885098200787855,0.6499564245077798,0,nominal,0.0,0.0,0.0,0.0,0.0,0.0,0.0,0.0,0.0,0.0,0.0,0.0,0.0
600,2594.221347069736,89.0404849102768,1126.85,84.02285346089559,54.753816152735645,14.003245101449993,4.964465539720351,18.27413604506035,0.381135002170544,1.0,0.6500407348451062,1.0,0.9885098200787855,0.6500407348451062,0,nominal,0.0,0.0,0.0,0.0,0.0,0.0,0.0,0.0,0.0,0.0,0.0,0.0,0.0
650,2594.221347069736,89.03354599103034,1126.85,84.0199477552855,54.758095426881944,14.003245101449993,4.9643644706736465,18.27376401115365,0.381135002170544,1.0,0.6501250335747493,1.0,0.9885098200787855,0.6501250335747493,0,nominal,0.0,0.0,0.0,0.0,0.0,0.0,0.0,0.0,0.0,0.0,0.0,0.0,0.0
700,2594.221347069736,89.02660962791424,1126.85,84.0170427486392,54.7623741112326,14.003245101449993,4.964263414660606,18.273392025223703,0.381135002170544,1.0,0.6502093206858279,1.0,0.9885098200787855,0.6502093206858279,0,nominal,0.0,0.0,0.0,0.0,0.0,0.0,0.0,0.0,0.0,0.0,0.0,0.0,0.0
750,2594.221347069736,89.01967581996058,1126.85,84.01413844112221,54.766652205235616,14.003245101449993,4.964162371693563,18.273020087315913,0.381135002170544,1.0,0.6502935961674676,1.0,0.9885098200787855,0.6502935961674676,0,nominal,0.0,0.0,0.0,0.0,0.0,0.0,0.0,0.0,0.0,0.0,0.0,0.0,0.0
800,2594.221347069736,89.01274456620195,1126.85,84.01123483289962,54.770929708339764,14.003245101449993,4.964061341784829,18.272648197475597,0.381135002170544,1.0,0.6503778600088101,1.0,0.9885098200787855,0.6503778600088101,0,nominal,0.0,0.0,0.0,0.0,0.0,0.0,0.0,0.0,0.0,0.0,0.0,0.0,0.0
850,2594.221347069736,89.0058158656712,1126.85,84.00833192413597,54.775206619994314,14.003245101449993,4.963960324946715,18.272276355748073,0.381135002170544,1.0,0.6504621121990061,1.0,0.9885098200787855,0.6504621121990061,0,nominal,0.0,0.0,0.0,0.0,0.0,0.0,0.0,0.0,0.0,0.0,0.0,0.0,0.0
900,2594.221347069736,88.99888971740165,1126.85,84.00542971499533,54.779482939649114,14.003245101449993,4.9638593211915065,18.271904562178555,0.381135002170544,1.0,0.650546352727218,1.0,0.9885098200787855,0.650546352727218,0,nominal,0.0,0.0,0.0,0.0,0.0,0.0,0.0,0.0,0.0,0.0,0.0,0.0,0.0
950,2594.221347069736,88.99196612042704,1126.85,84.00252820564128,54.783758666754736,14.003245101449993,4.96375833053148,18.271532816812243,0.381135002170544,1.0,0.6506305815826225,1.0,0.9885098200787855,0.6506305815826225,0,nominal,0.0,0.0,0.0,0.0,0.0,0.0,0.0,0.0,0.0,0.0,0.0,0.0,0.0
1000,2594.221347069736,88.98504507378152,1126.85,83.99962739623692,54.788033800762335,14.003245101449993,4.963657352978893,18.271161119694256,0.381135002170544,1.0,0.6507147987544077,1.0,0.9885098200787855,0.6507147987544077,0,nominal,0.0,0.0,0.0,0.0,0.0,0.0,0.0,0.0,0.0,0.0,0.0,0.0,0.0
1050,2594.221347069736,88.97812657649962,1126.85,83.99672728694486,54.79230834112364,14.003245101449993,4.963556388545994,18.270789470869676,0.381135002170544,1.0,0.6507990042317732,1.0,0.9885098200787855,0.6507990042317732,0,nominal,0.0,0.0,0.0,0.0,0.0,0.0,0.0,0.0,0.0,0.0,0.0,0.0,0.0
1100,2594.221347069736,88.9712106276163,1126.85,83.99382787792729,54.79658228729101,14.003245101449993,4.963455437245013,18.270417870383522,0.381135002170544,1.0,0.6508831980039306,1.0,0.9885098200787855,0.6508831980039306,0,nominal,0.0,0.0,0.0,0.0,0.0,0.0,0.0,0.0,0.0,0.0,0.0,0.0,0.0
1150,2594.221347069736,88.96429722616688,1126.85,83.9909291693458,54.80085563871734,14.003245101449993,4.963354499088169,18.270046318280773,0.381135002170544,1.0,0.6509673800601024,1.0,0.9885098200787855,0.6509673800601024,0,nominal,0.0,0.0,0.0,0.0,0.0,0.0,0.0,0.0,0.0,0.0,0.0,0.0,0.0
1200,2594.221347069736,88.95738637118711,1126.85,83.98803116136156,54.80512839485617,14.003245101449993,4.963253574087664,18.269674814606347,0.381135002170544,1.0,0.6510515503895238,1.0,0.9885098200787855,0.6510515503895238,0,nominal,0.0,0.0,0.0,0.0,0.0,0.0,0.0,0.0,0.0,0.0,0.0,0.0,0.0
1250,2594.221347069736,88.95047806171317,1126.85,83.98513385413526,54.80940055516174,14.003245101449993,4.9631526622556885,18.26930335940511,0.381135002170544,1.0,0.6511357089814436,1.0,0.9885098200787855,0.6511357089814436,0,nominal,0.0,0.0,0.0,0.0,0.0,0.0,0.0,0.0,0.0,0.0,0.0,0.0,0.0
1300,2594.221347069736,88.94357229678155,1126.85,83.98223724782707,54.81367211908877,14.003245101449993,4.963051763604414,18.26893195272187,0.381135002170544,1.0,0.6512198558251204,1.0,0.9885098200787855,0.6512198558251204,0,nominal,0.0,0.0,0.0,0.0,0.0,0.0,0.0,0.0,0.0,0.0,0.0,0.0,0.0
1350,2594.221347069736,88.93666907542928,1126.85,83.97934134259674,54.817943086092704,14.003245101449993,4.9629508781460006,18.268560594601393,0.381135002170544,1.0,0.6513039909098264,1.0,0.9885098200787855,0.6513039909098264,0,nominal,0.0,0.0,0.0,0.0,0.0,0.0,0.0,0.0,0.0,0.0,0.0,0.0,0.0
1400,2594.221347069736,88.9297683966937,1126.85,83.97644613860354,54.82221345562938,14.003245101449993,4.962850005892598,18.268189285088397,0.381135002170544,1.0,0.6513881142248424,1.0,0.9885098200787855,0.6513881142248424,0,nominal,0.0,0.0,0.0,0.0,0.0,0.0,0.0,0.0,0.0,0.0,0.0,0.0,0.0
1450,2594.221347069736,88.92287025961264,1126.85,83.97355163600616,54.826483227155435,14.003245101449993,4.9627491468563365,18.26781802422753,0.381135002170544,1.0,0.6514722257594643,1.0,0.9885098200787855,0.6514722257594643,0,nominal,0.0,0.0,0.0,0.0,0.0,0.0,0.0,0.0,0.0,0.0,0.0,0.0,0.0
1500,2594.221347069736,88.91597466322418,1126.85,83.97065783496294,54.830752400128,14.003245101449993,4.962648301049334,18.2674468120634,0.381135002170544,1.0,0.651556325502998,1.0,0.9885098200787855,0.651556325502998,0,nominal,0.0,0.0,0.0,0.0,0.0,0.0,0.0,0.0,0.0,0.0,0.0,0.0,0.0
1550,2594.221347069736,88.90908160656693,1126.85,83.96776473563159,54.835020974004955,14.003245101449993,4.962547468483691,18.267075648640553,0.381135002170544,1.0,0.6516404134447642,1.0,0.9885098200787855,0.6516404134447642,0,nominal,0.0,0.0,0.0,0.0,0.0,0.0,0.0,0.0,0.0,0.0,0.0,0.0,0.0
1600,2594.221347069736,88.90219108867984,1126.85,83.96487233816953,54.83928894824461,14.003245101449993,4.9624466491715,18.266704534003495,0.381135002170544,1.0,0.6517244895740918,1.0,0.9885098200787855,0.6517244895740918,0,nominal,0.0,0.0,0.0,0.0,0.0,0.0,0.0,0.0,0.0,0.0,0.0,0.0,0.0
1650,2594.221347069736,88.89530310860232,1126.85,83.96198064273352,54.8435563223059,14.003245101449993,4.962345843124835,18.266333468196677,0.381135002170544,1.0,0.6518085538803224,1.0,0.9885098200787855,0.6518085538803224,0,nominal,0.0,0.0,0.0,0.0,0.0,0.0,0.0,0.0,0.0,0.0,0.0,0.0,0.0
1700,2594.221347069736,88.88841766537416,1126.85,83.95908964947995,54.847823095648565,14.003245101449993,4.962245050355754,18.265962451264482,0.381135002170544,1.0,0.6518926063528131,1.0,0.9885098200787855,0.6518926063528131,0,nominal,0.0,0.0,0.0,0.0,0.0,0.0,0.0,0.0,0.0,0.0,0.0,0.0,0.0
1750,2594.221347069736,88.88153475803557,1126.85,83.95619935856467,54.85208926773267,14.003245101449993,4.962144270876307,18.265591483251264,0.381135002170544,1.0,0.6519766469809276,1.0,0.9885098200787855,0.6519766469809276,0,nominal,0.0,0.0,0.0,0.0,0.0,0.0,0.0,0.0,0.0,0.0,0.0,0.0,0.0
1800,2594.221347069736,88.87465438562708,1126.85,83.95330977014311,54.85635483801909,14.003245101449993,4.962043504698523,18.2652205642013,0.381135002170544,1.0,0.6520606757540456,1.0,0.9885098200787855,0.6520606757540456,0,nominal,0.0,0.0,0.0,0.0,0.0,0.0,0.0,0.0,0.0,0.0,0.0,0.0,0.0
1850,2594.221347069736,88.86777654718969,1126.85,83.9504208843702,54.86061980596919,14.003245101449993,4.961942751834422,18.26484969415884,0.381135002170544,1.0,0.6521446926615564,1.0,0.9885098200787855,0.6521446926615564,0,nominal,0.0,0.0,0.0,0.0,0.0,0.0,0.0,0.0,0.0,0.0,0.0,0.0,0.0
1900,2594.221347069736,88.8609012417648,1126.85,83.9475327014004,54.8648841710449,14.003245101449993,4.961842012296007,18.264478873168063,0.381135002170544,1.0,0.65222869769286,1.0,0.9885098200787855,0.65222869769286,0,nominal,0.0,0.0,0.0,0.0,0.0,0.0,0.0,0.0,0.0,0.0,0.0,0.0,0.0
1950,2594.221347069736,88.85402846839412,1126.85,83.9446452213877,54.86914793270893,14.003245101449993,4.961741286095268,18.26410810127311,0.381135002170544,1.0,0.6523126908373724,1.0,0.9885098200787855,0.6523126908373724,0,nominal,0.0,0.0,0.0,0.0,0.0,0.0,0.0,0.0,0.0,0.0,0.0,0.0,0.0
2000,2594.221347069736,88.84715822611992,1126.85,83.94175844448557,54.87341109042433,14.003245101449993,4.961640573244182,18.26373737851806,0.381135002170544,1.0,0.6523966720845165,1.0,0.9885098200787855,0.6523966720845165,0,nominal,0.0,0.0,0.0,0.0,0.0,0.0,0.0,0.0,0.0,0.0,0.0,0.0,0.0
2050,2594.221347069736,88.84029051398477,1126.85,83.9388723708471,54.87767364365499,14.003245101449993,4.961539873754706,18.26336670494693,0.381135002170544,1.0,0.6524806414237306,1.0,0.9885098200787855,0.6524806414237306,0,nominal,0.0,0.0,0.0,0.0,0.0,0.0,0.0,0.0,0.0,0.0,0.0,0.0,0.0
2100,2594.221347069736,88.83342533103166,1126.85,83.93598700062478,54.88193559186522,14.003245101449993,4.961439187638793,18.26299608060372,0.381135002170544,1.0,0.6525645988444625,1.0,0.9885098200787855,0.6525645988444625,0,nominal,0.0,0.0,0.0,0.0,0.0,0.0,0.0,0.0,0.0,0.0,0.0,0.0,0.0
2150,2594.221347069736,88.82656267630398,1126.85,83.93310233397068,54.88619693452009,14.003245101449993,4.961338514908372,18.262625505532345,0.381135002170544,1.0,0.652648544336174,1.0,0.9885098200787855,0.652648544336174,0,nominal,0.0,0.0,0.0,0.0,0.0,0.0,0.0,0.0,0.0,0.0,0.0,0.0,0.0
2200,2594.221347069736,88.81970254884556,1126.85,83.93021837103646,54.890457671085244,14.003245101449993,4.961237855575362,18.262254979776667,0.381135002170544,1.0,0.652732477888339,1.0,0.9885098200787855,0.652732477888339,0,nominal,0.0,0.0,0.0,0.0,0.0,0.0,0.0,0.0,0.0,0.0,0.0,0.0,0.0
2250,2594.221347069736,88.81284494770051,1126.85,83.92733511197326,54.8947178010268,14.003245101449993,4.961137209651668,18.261884503380518,0.381135002170544,1.0,0.6528163994904403,1.0,0.9885098200787855,0.6528163994904403,0,nominal,0.0,0.0,0.0,0.0,0.0,0.0,0.0,0.0,0.0,0.0,0.0,0.0,0.0
2300,2594.221347069736,88.80598987191348,1126.85,83.92445255693178,54.89897732381147,14.003245101449993,4.961036577149183,18.26151407638767,0.381135002170544,1.0,0.6529003091319725,1.0,0.9885098200787855,0.6529003091319725,0,nominal,0.0,0.0,0.0,0.0,0.0,0.0,0.0,0.0,0.0,0.0,0.0,0.0,0.0
2350,2594.221347069736,88.79913732052944,1126.85,83.92157070606214,54.90323623890664,14.003245101449993,4.960935958079783,18.261143698841842,0.381135002170544,1.0,0.6529842068024435,1.0,0.9885098200787855,0.6529842068024435,0,nominal,0.0,0.0,0.0,0.0,0.0,0.0,0.0,0.0,0.0,0.0,0.0,0.0,0.0
2400,2594.221347069736,88.79228729259376,1126.85,83.91868955951412,54.90749454578043,14.003245101449993,4.960835352455328,18.260773370786694,0.381135002170544,1.0,0.6530680924913754,1.0,0.9885098200787855,0.6530680924913754,0,nominal,0.0,0.0,0.0,0.0,0.0,0.0,0.0,0.0,0.0,0.0,0.0,0.0,0.0
2450,2594.221347069736,88.7854397871522,1126.85,83.91580911743694,54.91175224390122,14.003245101449993,4.960734760287671,18.260403092265847,0.381135002170544,1.0,0.6531519661882961,1.0,0.9885098200787855,0.6531519661882961,0,nominal,0.0,0.0,0.0,0.0,0.0,0.0,0.0,0.0,0.0,0.0,0.0,0.0,0.0
2500,2594.221347069736,88.778594803251,1126.85,83.9129293799794,54.91600933273841,14.003245101449993,4.96063418158864,18.26003286332285,0.381135002170544,1.0,0.6532358278827527,1.0,0.9885098200787855,0.6532358278827527,0,nominal,0.0,0.0,0.0,0.0,0.0,0.0,0.0,0.0,0.0,0.0,0.0,0.0,0.0
2550,2594.221347069736,88.77175233993671,1126.85,83.91005034728988,54.9202658117616,14.003245101449993,4.960533616370061,18.259662684001224,0.381135002170544,1.0,0.653319677564297,1.0,0.9885098200787855,0.653319677564297,0,nominal,0.0,0.0,0.0,0.0,0.0,0.0,0.0,0.0,0.0,0.0,0.0,0.0,0.0
2600,2594.221347069736,88.76491239625636,1126.85,83.90717201951617,54.92452168044117,14.003245101449993,4.960433064643738,18.259292554344427,0.381135002170544,1.0,0.6534035152224957,1.0,0.9885098200787855,0.6534035152224957,0,nominal,0.0,0.0,0.0,0.0,0.0,0.0,0.0,0.0,0.0,0.0,0.0,0.0,0.0
2650,2594.221347069736,88.75807497125732,1126.85,83.90429439680565,54.92877693824811,14.003245101449993,4.960332526421462,18.258922474395863,0.381135002170544,1.0,0.6534873408469278,1.0,0.9885098200787855,0.6534873408469278,0,nominal,0.0,0.0,0.0,0.0,0.0,0.0,0.0,0.0,0.0,0.0,0.0,0.0,0.0
2700,2594.221347069736,88.75124006398732,1126.85,83.90141747930528,54.933031584653996,14.003245101449993,4.960232001715013,18.258552444198887,0.381135002170544,1.0,0.6535711544271835,1.0,0.9885098200787855,0.6535711544271835,0,nominal,0.0,0.0,0.0,0.0,0.0,0.0,0.0,0.0,0.0,0.0,0.0,0.0,0.0
2750,2594.221347069736,88.74440767349455,1126.85,83.89854126716153,54.93728561913089,14.003245101449993,4.960131490536156,18.25818246379681,0.381135002170544,1.0,0.6536549559528628,1.0,0.9885098200787855,0.6536549559528628,0,nominal,0.0,0.0,0.0,0.0,0.0,0.0,0.0,0.0,0.0,0.0,0.0,0.0,0.0
2800,2594.221347069736,88.7375777988276,1126.85,83.89566576052033,54.94153904115155,14.003245101449993,4.960030992896642,18.257812533232887,0.381135002170544,1.0,0.6537387454135798,1.0,0.9885098200787855,0.6537387454135798,0,nominal,0.0,0.0,0.0,0.0,0.0,0.0,0.0,0.0,0.0,0.0,0.0,0.0,0.0
2850,2594.221347069736,88.73075043903543,1126.85,83.89279095952725,54.94579185018941,14.003245101449993,4.959930508808201,18.257442652550296,0.381135002170544,1.0,0.653822522798961,1.0,0.9885098200787855,0.653822522798961,0,nominal,0.0,0.0,0.0,0.0,0.0,0.0,0.0,0.0,0.0,0.0,0.0,0.0,0.0
2900,2594.221347069736,88.7239255931674,1126.85,83.88991686432729,54.95004404571826,14.003245101449993,4.959830038282562,18.25707282179221,0.381135002170544,1.0,0.6539062880986407,1.0,0.9885098200787855,0.6539062880986407,0,nominal,0.0,0.0,0.0,0.0,0.0,0.0,0.0,0.0,0.0,0.0,0.0,0.0,0.0
2950,2594.221347069736,88.71710326027329,1126.85,83.88704347506513,54.95429562721273,14.003245101449993,4.9597295813314295,18.256703041001714,0.381135002170544,1.0,0.6539900413022696,1.0,0.9885098200787855,0.6539900413022696,0,nominal,0.0,0.0,0.0,0.0,0.0,0.0,0.0,0.0,0.0,0.0,0.0,0.0,0.0
3000,2594.221347069736,88.71028343940321,1126.85,83.8841707918848,54.958546594147826,14.003245101449993,4.9596291379665,18.256333310221862,0.381135002170544,1.0,0.6540737823995053,1.0,0.9885098200787855,0.6540737823995053,0,nominal,0.0,0.0,0.0,0.0,0.0,0.0,0.0,0.0,0.0,0.0,0.0,0.0,0.0
3050,2594.221347069736,88.70346612960776,1126.85,83.88129881493006,54.96279694599936,14.003245101449993,4.959528708199451,18.255963629495643,0.381135002170544,1.0,0.654157511380022,1.0,0.9885098200787855,0.654157511380022,0,nominal,0.0,0.0,0.0,0.0,0.0,0.0,0.0,0.0,0.0,0.0,0.0,0.0,0.0
3100,2594.221347069736,88.69665132993794,1126.85,83.87842754434405,54.96704668224355,14.003245101449993,4.9594282920419515,18.255593998866004,0.381135002170544,1.0,0.6542412282335013,1.0,0.9885098200787855,0.6542412282335013,0,nominal,0.0,0.0,0.0,0.0,0.0,0.0,0.0,0.0,0.0,0.0,0.0,0.0,0.0
3150,2594.221347069736,88.68983903944502,1126.85,83.87555698026955,54.97129580235733,14.003245101449993,4.959327889505652,18.255224418375832,0.381135002170544,1.0,0.6543249329496394,1.0,0.9885098200787855,0.6543249329496394,0,nominal,0.0,0.0,0.0,0.0,0.0,0.0,0.0,0.0,0.0,0.0,0.0,0.0,0.0
3200,2594.221347069736,88.68302925718075,1126.85,83.87268712284879,54.975544305818175,14.003245101449993,4.95922750060219,18.254854888067968,0.381135002170544,1.0,0.6544086255181428,1.0,0.9885098200787855,0.6544086255181428,0,nominal,0.0,0.0,0.0,0.0,0.0,0.0,0.0,0.0,0.0,0.0,0.0,0.0,0.0
3250,2594.221347069736,88.67622198219732,1126.85,83.86981797222364,54.979792192104156,14.003245101449993,4.959127125343193,18.254485407985207,0.381135002170544,1.0,0.6544923059287298,1.0,0.9885098200787855,0.6544923059287298,0,nominal,0.0,0.0,0.0,0.0,0.0,0.0,0.0,0.0,0.0,0.0,0.0,0.0,0.0
3300,2594.221347069736,88.6694172135472,1126.85,83.86694952853549,54.984039460693936,14.003245101449993,4.959026763740267,18.25411597817028,0.381135002170544,1.0,0.6545759741711306,1.0,0.9885098200787855,0.6545759741711306,0,nominal,0.0,0.0,0.0,0.0,0.0,0.0,0.0,0.0,0.0,0.0,0.0,0.0,0.0
3350,2594.221347069736,88.6626149502834,1126.85,83.86408179192517,54.98828611106671,14.003245101449993,4.958926415805014,18.253746598665884,0.381135002170544,1.0,0.6546596302350854,1.0,0.9885098200787855,0.6546596302350854,0,nominal,0.0,0.0,0.0,0.0,0.0,0.0,0.0,0.0,0.0,0.0,0.0,0.0,0.0
3400,2594.221347069736,88.65581519145917,1126.85,83.86121476253317,54.99253214270237,14.003245101449993,4.958826081549014,18.253377269514644,0.381135002170544,1.0,0.654743274110349,1.0,0.9885098200787855,0.654743274110349,0,nominal,0.0,0.0,0.0,0.0,0.0,0.0,0.0,0.0,0.0,0.0,0.0,0.0,0.0
3450,2594.221347069736,88.6490179361283,1126.85,83.85834844049947,54.996777555081316,14.003245101449993,4.958725760983834,18.253007990759148,0.381135002170544,1.0,0.6548269057866851,1.0,0.9885098200787855,0.6548269057866851,0,nominal,0.0,0.0,0.0,0.0,0.0,0.0,0.0,0.0,0.0,0.0,0.0,0.0,0.0
3500,2594.221347069736,88.64222318334487,1126.85,83.85548282596358,55.001022347684575,14.003245101449993,4.958625454121033,18.252638762441936,0.381135002170544,1.0,0.6549105252538705,1.0,0.9885098200787855,0.6549105252538705,0,nominal,0.0,0.0,0.0,0.0,0.0,0.0,0.0,0.0,0.0,0.0,0.0,0.0,0.0
3550,2594.221347069736,88.63543093216333,1126.85,83.85261791906458,55.005266519993825,14.003245101449993,4.9585251609721475,18.25226958460548,0.381135002170544,1.0,0.6549941325016944,1.0,0.9885098200787855,0.6549941325016944,0,nominal,0.0,0.0,0.0,0.0,0.0,0.0,0.0,0.0,0.0,0.0,0.0,0.0,0.0
3600,2594.221347069736,88.62864118163867,1126.85,83.84975371994108,55.00951007149115,14.003245101449993,4.958424881548707,18.251900457292216,0.381135002170544,1.0,0.6550777275199544,1.0,0.9885098200787855,0.6550777275199544,0,nominal,0.0,0.0,0.0,0.0,0.0,0.0,0.0,0.0,0.0,0.0,0.0,0.0,0.0
3650,2594.221347069736,88.62185393082615,1126.85,83.84689022873124,55.013753001659424,14.003245101449993,4.9583246158622245,18.25153138054452,0.381135002170544,1.0,0.6551613102984638,1.0,0.9885098200787855,0.6551613102984638,0,nominal,0.0,0.0,0.0,0.0,0.0,0.0,0.0,0.0,0.0,0.0,0.0,0.0,0.0
3700,2594.221347069736,88.61506917878148,1126.85,83.84402744557275,55.01799530998196,14.003245101449993,4.958224363924199,18.25116235440473,0.381135002170544,1.0,0.6552448808270437,1.0,0.9885098200787855,0.6552448808270437,0,nominal,0.0,0.0,0.0,0.0,0.0,0.0,0.0,0.0,0.0,0.0,0.0,0.0,0.0
3750,2594.221347069736,88.60828692456073,1126.85,83.84116537060282,55.0222369959427,14.003245101449993,4.958124125746117,18.25079337891512,0.381135002170544,1.0,0.6553284390955282,1.0,0.9885098200787855,0.6553284390955282,0,nominal,0.0,0.0,0.0,0.0,0.0,0.0,0.0,0.0,0.0,0.0,0.0,0.0,0.0
3800,2594.221347069736,88.60150716722035,1126.85,83.83830400395829,55.02647805902635,14.003245101449993,4.958023901339448,18.25042445411791,0.381135002170544,1.0,0.6554119850937666,1.0,0.9885098200787855,0.6554119850937666,0,nominal,0.0,0.0,0.0,0.0,0.0,0.0,0.0,0.0,0.0,0.0,0.0,0.0,0.0
3850,2594.221347069736,88.59472990581725,1126.85,83.8354433457755,55.03071849871785,14.003245101449993,4.957923690715652,18.250055580055278,0.381135002170544,1.0,0.6554955188116125,1.0,0.9885098200787855,0.6554955188116125,0,nominal,0.0,0.0,0.0,0.0,0.0,0.0,0.0,0.0,0.0,0.0,0.0,0.0,0.0
3900,2594.221347069736,88.58795513940868,1126.85,83.83258339619033,55.03495831450301,14.003245101449993,4.957823493886172,18.24968675676936,0.381135002170544,1.0,0.6555790402389367,1.0,0.9885098200787855,0.6555790402389367,0,nominal,0.0,0.0,0.0,0.0,0.0,0.0,0.0,0.0,0.0,0.0,0.0,0.0,0.0
3950,2594.221347069736,88.58118286705229,1126.85,83.82972415533817,55.03919750586805,14.003245101449993,4.95772331086244,18.249317984302227,0.381135002170544,1.0,0.6556625493656179,1.0,0.9885098200787855,0.6556625493656179,0,nominal,0.0,0.0,0.0,0.0,0.0,0.0,0.0,0.0,0.0,0.0,0.0,0.0,0.0
4000,2594.221347069736,88.57441308780614,1126.85,83.82686562335402,55.04343607230002,14.003245101449993,4.957623141655869,18.24894926269589,0.381135002170544,1.0,0.6557460461815515,1.0,0.9885098200787855,0.6557460461815515,0,nominal,0.0,0.0,0.0,0.0,0.0,0.0,0.0,0.0,0.0,0.0,0.0,0.0,0.0
4050,2594.221347069736,88.5676458007286,1126.85,83.82400780037239,55.047674013286276,14.003245101449993,4.957522986277864,18.248580591992333,0.381135002170544,1.0,0.655829530676639,1.0,0.9885098200787855,0.655829530676639,0,nominal,0.0,0.0,0.0,0.0,0.0,0.0,0.0,0.0,0.0,0.0,0.0,0.0,0.0
4100,2594.221347069736,88.56088100487858,1126.85,83.8211506865274,55.0519113283149,14.003245101449993,4.957422844739814,18.24821197223348,0.381135002170544,1.0,0.6559130028407956,1.0,0.9885098200787855,0.6559130028407956,0,nominal,0.0,0.0,0.0,0.0,0.0,0.0,0.0,0.0,0.0,0.0,0.0,0.0,0.0
4150,2594.221347069736,88.55411869931527,1126.85,83.8182942819526,55.05614801687454,14.003245101449993,4.957322717053094,18.2478434034612,0.381135002170544,1.0,0.6559964626639481,1.0,0.9885098200787855,0.6559964626639481,0,nominal,0.0,0.0,0.0,0.0,0.0,0.0,0.0,0.0,0.0,0.0,0.0,0.0,0.0
4200,2594.221347069736,88.5473588830983,1126.85,83.81543858678123,55.060384078454476,14.003245101449993,4.957222603229062,18.247474885717303,0.381135002170544,1.0,0.6560799101360358,1.0,0.9885098200787855,0.6560799101360358,0,nominal,0.0,0.0,0.0,0.0,0.0,0.0,0.0,0.0,0.0,0.0,0.0,0.0,0.0
4250,2594.221347069736,88.54060155528771,1126.85,83.812583601146,55.064619512544404,14.003245101449993,4.957122503279071,18.24710641904358,0.381135002170544,1.0,0.656163345247006,1.0,0.9885098200787855,0.656163345247006,0,nominal,0.0,0.0,0.0,0.0,0.0,0.0,0.0,0.0,0.0,0.0,0.0,0.0,0.0
4300,2594.221347069736,88.53384671494388,1126.85,83.80972932517915,55.06885431863477,14.003245101449993,4.957022417214452,18.246738003481735,0.381135002170544,1.0,0.6562467679868208,1.0,0.9885098200787855,0.6562467679868208,0,nominal,0.0,0.0,0.0,0.0,0.0,0.0,0.0,0.0,0.0,0.0,0.0,0.0,0.0
4350,2594.221347069736,88.52709436112758,1126.85,83.80687575901254,55.07308849621664,14.003245101449993,4.956922345046524,18.246369639073443,0.381135002170544,1.0,0.6563301783454546,1.0,0.9885098200787855,0.6563301783454546,0,nominal,0.0,0.0,0.0,0.0,0.0,0.0,0.0,0.0,0.0,0.0,0.0,0.0,0.0
4400,2594.221347069736,88.5203444929,1126.85,83.80402290277749,55.07732204478142,14.003245101449993,4.956822286786595,18.24600132586032,0.381135002170544,1.0,0.6564135763128885,1.0,0.9885098200787855,0.6564135763128885,0,nominal,0.0,0.0,0.0,0.0,0.0,0.0,0.0,0.0,0.0,0.0,0.0,0.0,0.0
4450,2594.221347069736,88.51359710932269,1126.85,83.80117075660496,55.08155496382143,14.003245101449993,4.956722242445958,18.245633063883936,0.381135002170544,1.0,0.6564969618791215,1.0,0.9885098200787855,0.6564969618791215,0,nominal,0.0,0.0,0.0,0.0,0.0,0.0,0.0,0.0,0.0,0.0,0.0,0.0,0.0
4500,2594.221347069736,88.50685220945763,1126.85,83.79831932062547,55.0857872528293,14.003245101449993,4.956622212035887,18.245264853185795,0.381135002170544,1.0,0.6565803350341588,1.0,0.9885098200787855,0.6565803350341588,0,nominal,0.0,0.0,0.0,0.0,0.0,0.0,0.0,0.0,0.0,0.0,0.0,0.0,0.0
4550,2594.221347069736,88.5001097923672,1126.85,83.79546859496901,55.09001891129829,14.003245101449993,4.956522195567655,18.24489669380739,0.381135002170544,1.0,0.6566636957680178,1.0,0.9885098200787855,0.6566636957680178,0,nominal,0.0,0.0,0.0,0.0,0.0,0.0,0.0,0.0,0.0,0.0,0.0,0.0,0.0
4600,2594.221347069736,88.49336985711409,1126.85,83.79261857976519,55.094249938722406,14.003245101449993,4.956422193052507,18.244528585790114,0.381135002170544,1.0,0.656747044070731,1.0,0.9885098200787855,0.656747044070731,0,nominal,0.0,0.0,0.0,0.0,0.0,0.0,0.0,0.0,0.0,0.0,0.0,0.0,0.0
4650,2594.221347069736,88.48663240276142,1126.85,83.7897692751431,55.09848033459597,14.003245101449993,4.956322204501687,18.244160529175353,0.381135002170544,1.0,0.6568303799323368,1.0,0.9885098200787855,0.6568303799323368,0,nominal,0.0,0.0,0.0,0.0,0.0,0.0,0.0,0.0,0.0,0.0,0.0,0.0,0.0
4700,2594.221347069736,88.47989742837274,1126.85,83.78692068123149,55.10271009841424,14.003245101449993,4.956222229926411,18.243792524004398,0.381135002170544,1.0,0.6569137033428922,1.0,0.9885098200787855,0.6569137033428922,0,nominal,0.0,0.0,0.0,0.0,0.0,0.0,0.0,0.0,0.0,0.0,0.0,0.0,0.0
4750,2594.221347069736,88.47316493301196,1126.85,83.7840727981586,55.10693922967266,14.003245101449993,4.956122269337895,18.243424570318535,0.381135002170544,1.0,0.6569970142924576,1.0,0.9885098200787855,0.6569970142924576,0,nominal,0.0,0.0,0.0,0.0,0.0,0.0,0.0,0.0,0.0,0.0,0.0,0.0,0.0
4800,2594.221347069736,88.46643491574338,1126.85,83.78122562605228,55.11116772786757,14.003245101449993,4.956022322747334,18.243056668158967,0.381135002170544,1.0,0.6570803127711113,1.0,0.9885098200787855,0.6570803127711113,0,nominal,0.0,0.0,0.0,0.0,0.0,0.0,0.0,0.0,0.0,0.0,0.0,0.0,0.0
4850,2594.221347069736,88.4597073756317,1126.85,83.77837916503984,55.11539559249556,14.003245101449993,4.955922390165912,18.242688817566872,0.381135002170544,1.0,0.6571635987689368,1.0,0.9885098200787855,0.6571635987689368,0,nominal,0.0,0.0,0.0,0.0,0.0,0.0,0.0,0.0,0.0,0.0,0.0,0.0,0.0
4900,2594.221347069736,88.452982311742,1126.85,83.77553341524822,55.11962282305422,14.003245101449993,4.955822471604799,18.242321018583358,0.381135002170544,1.0,0.6572468722760366,1.0,0.9885098200787855,0.6572468722760366,0,nominal,0.0,0.0,0.0,0.0,0.0,0.0,0.0,0.0,0.0,0.0,0.0,0.0,0.0
4950,2594.221347069736,88.44625972313975,1126.85,83.7726883768039,55.12384941904143,14.003245101449993,4.955722567075148,18.241953271249482,0.381135002170544,1.0,0.6573301332825194,1.0,0.9885098200787855,0.6573301332825194,0,nominal,0.0,0.0,0.0,0.0,0.0,0.0,0.0,0.0,0.0,0.0,0.0,0.0,0.0
5000,2594.221347069736,88.43953960889075,1126.85,83.7698440498329,55.12807537995565,14.003245101449993,4.9556226765881055,18.24158557560627,0.381135002170544,1.0,0.6574133817785054,1.0,0.9885098200787855,0.6574133817785054,0,nominal,0.0,0.0,0.0,0.0,0.0,0.0,0.0,0.0,0.0,0.0,0.0,0.0,0.0
5050,2594.221347069736,88.43282196806132,1126.85,83.76700043446084,55.132300705296096,14.003245101449993,4.955522800154797,18.241217931694678,0.381135002170544,1.0,0.657496617754129,1.0,0.9885098200787855,0.657496617754129,0,nominal,0.0,0.0,0.0,0.0,0.0,0.0,0.0,0.0,0.0,0.0,0.0,0.0,0.0
5100,2594.221347069736,88.42610679971801,1126.85,83.76415753081284,55.136525394562405,14.003245101449993,4.955422937786336,18.240850339555617,0.381135002170544,1.0,0.6575798411995338,1.0,0.9885098200787855,0.6575798411995338,0,nominal,0.0,0.0,0.0,0.0,0.0,0.0,0.0,0.0,0.0,0.0,0.0,0.0,0.0
5150,2594.221347069736,88.41939410292787,1126.85,83.76131533901366,55.14074944725485,14.003245101449993,4.955323089493825,18.240482799229955,0.381135002170544,1.0,0.6576630521048756,1.0,0.9885098200787855,0.6576630521048756,0,nominal,0.0,0.0,0.0,0.0,0.0,0.0,0.0,0.0,0.0,0.0,0.0,0.0,0.0
5200,2594.221347069736,88.41268387675831,1126.85,83.75847385918757,55.144972862874205,14.003245101449993,4.955223255288354,18.24011531075851,0.381135002170544,1.0,0.6577462504603199,1.0,0.9885098200787855,0.6577462504603199,0,nominal,0.0,0.0,0.0,0.0,0.0,0.0,0.0,0.0,0.0,0.0,0.0,0.0,0.0
5250,2594.221347069736,88.40597612027716,1126.85,83.75563309145838,55.149195640921945,14.003245101449993,4.9551234351809965,18.239747874182047,0.381135002170544,1.0,0.6578294362560458,1.0,0.9885098200787855,0.6578294362560458,0,nominal,0.0,0.0,0.0,0.0,0.0,0.0,0.0,0.0,0.0,0.0,0.0,0.0,0.0
5300,2594.221347069736,88.39927083255253,1126.85,83.75279303594948,55.153417780900114,14.003245101449993,4.95502362918281,18.23938048954127,0.381135002170544,1.0,0.6579126094822443,1.0,0.9885098200787855,0.6579126094822443,0,nominal,0.0,0.0,0.0,0.0,0.0,0.0,0.0,0.0,0.0,0.0,0.0,0.0,0.0
5350,2594.221347069736,88.39256801265304,1126.85,83.74995369278389,55.15763928231123,14.003245101449993,4.954923837304844,18.239013156876844,0.381135002170544,1.0,0.6579957701291153,1.0,0.9885098200787855,0.6579957701291153,0,nominal,0.0,0.0,0.0,0.0,0.0,0.0,0.0,0.0,0.0,0.0,0.0,0.0,0.0
5400,2594.221347069736,88.3858676596476,1126.85,83.7471150620841,55.16186014465836,14.003245101449993,4.954824059558132,18.23864587622939,0.381135002170544,1.0,0.6580789181868693,1.0,0.9885098200787855,0.6580789181868693,0,nominal,0.0,0.0,0.0,0.0,0.0,0.0,0.0,0.0,0.0,0.0,0.0,0.0,0.0
5450,2594.221347069736,88.37916977260556,1126.85,83.74427714397217,55.16608036744526,14.003245101449993,4.954724295953694,18.238278647639476,0.381135002170544,1.0,0.6581620536457308,1.0,0.9885098200787855,0.6581620536457308,0,nominal,0.0,0.0,0.0,0.0,0.0,0.0,0.0,0.0,0.0,0.0,0.0,0.0,0.0
5500,2594.221347069736,88.37247435059669,1126.85,83.74143993856978,55.17029995017633,14.003245101449993,4.954624546502535,18.2379114711476,0.381135002170544,1.0,0.6582451764959368,1.0,0.9885098200787855,0.6582451764959368,0,nominal,0.0,0.0,0.0,0.0,0.0,0.0,0.0,0.0,0.0,0.0,0.0,0.0,0.0
5550,2594.221347069736,88.36578139269108,1126.85,83.73860344599814,55.17451889235633,14.003245101449993,4.954524811215649,18.23754434679424,0.381135002170544,1.0,0.6583282867277316,1.0,0.9885098200787855,0.6583282867277316,0,nominal,0.0,0.0,0.0,0.0,0.0,0.0,0.0,0.0,0.0,0.0,0.0,0.0,0.0
5600,2594.221347069736,88.35909089795922,1126.85,83.73576766637802,55.178737193490754,14.003245101449993,4.954425090104014,18.237177274619807,0.381135002170544,1.0,0.6584113843313735,1.0,0.9885098200787855,0.6584113843313735,0,nominal,0.0,0.0,0.0,0.0,0.0,0.0,0.0,0.0,0.0,0.0,0.0,0.0,0.0
5650,2594.221347069736,88.35240286547196,1126.85,83.73293259982978,55.1829548530856,14.003245101449993,4.954325383178597,18.23681025466466,0.381135002170544,1.0,0.6584944692971312,1.0,0.9885098200787855,0.6584944692971312,0,nominal,0.0,0.0,0.0,0.0,0.0,0.0,0.0,0.0,0.0,0.0,0.0,0.0,0.0
5700,2594.221347069736,88.34571729430064,1126.85,83.73009824647329,55.18717187064742,14.003245101449993,4.954225690450351,18.236443286969127,0.381135002170544,1.0,0.6585775416152839,1.0,0.9885098200787855,0.6585775416152839,0,nominal,0.0,0.0,0.0,0.0,0.0,0.0,0.0,0.0,0.0,0.0,0.0,0.0,0.0
5750,2594.221347069736,88.33903418351684,1126.85,83.72726460642804,55.19138824568345,14.003245101449993,4.954126011930213,18.23607637157346,0.381135002170544,1.0,0.6586606012761247,1.0,0.9885098200787855,0.6586606012761247,0,nominal,0.0,0.0,0.0,0.0,0.0,0.0,0.0,0.0,0.0,0.0,0.0,0.0,0.0
5800,2594.221347069736,88.33235353219266,1126.85,83.72443167981305,55.19560397770142,14.003245101449993,4.954026347629109,18.235709508517886,0.381135002170544,1.0,0.6587436482699561,1.0,0.9885098200787855,0.6587436482699561,0,nominal,0.0,0.0,0.0,0.0,0.0,0.0,0.0,0.0,0.0,0.0,0.0,0.0,0.0
5850,2594.221347069736,88.3256753394005,1126.85,83.72159946674697,55.19981906620964,14.003245101449993,4.95392669755795,18.235342697842558,0.381135002170544,1.0,0.6588266825870925,1.0,0.9885098200787855,0.6588266825870925,0,nominal,0.0,0.0,0.0,0.0,0.0,0.0,0.0,0.0,0.0,0.0,0.0,0.0,0.0
5900,2594.221347069736,88.31899960421316,1126.85,83.71876796734796,55.204033510716954,14.003245101449993,4.953827061727634,18.234975939587596,0.381135002170544,1.0,0.6589097042178579,1.0,0.9885098200787855,0.6589097042178579,0,nominal,0.0,0.0,0.0,0.0,0.0,0.0,0.0,0.0,0.0,0.0,0.0,0.0,0.0
5950,2594.221347069736,88.31232632570385,1126.85,83.71593718173375,55.208247310732794,14.003245101449993,4.953727440149049,18.234609233793083,0.381135002170544,1.0,0.6589927131525888,1.0,0.9885098200787855,0.6589927131525888,0,nominal,0.0,0.0,0.0,0.0,0.0,0.0,0.0,0.0,0.0,0.0,0.0,0.0,0.0
6000,2594.221347069736,88.3056555029462,1126.85,83.71310711002167,55.21246046576726,14.003245101449993,4.953627832833065,18.23424258049902,0.381135002170544,1.0,0.6590757093816344,1.0,0.9885098200787855,0.6590757093816344,0,nominal,0.0,0.0,0.0,0.0,0.0,0.0,0.0,0.0,0.0,0.0,0.0,0.0,0.0
6050,2594.221347069736,88.2989871350141,1126.85,83.71027775232858,55.21667297533094,14.003245101449993,4.953528239790535,18.233875979745378,0.381135002170544,1.0,0.6591586928953537,1.0,0.9885098200787855,0.6591586928953537,0,nominal,0.0,0.0,0.0,0.0,0.0,0.0,0.0,0.0,0.0,0.0,0.0,0.0,0.0
6100,2594.221347069736,88.29232122098188,1126.85,83.70744910877096,55.22088483893498,14.003245101449993,4.953428661032312,18.23350943157208,0.381135002170544,1.0,0.6592416636841165,1.0,0.9885098200787855,0.6592416636841165,0,nominal,0.0,0.0,0.0,0.0,0.0,0.0,0.0,0.0,0.0,0.0,0.0,0.0,0.0
6150,2594.221347069736,88.28565775992433,1126.85,83.70462117946477,55.22509605609105,14.003245101449993,4.953329096569222,18.233142936018993,0.381135002170544,1.0,0.6593246217383032,1.0,0.9885098200787855,0.6593246217383032,0,nominal,0.0,0.0,0.0,0.0,0.0,0.0,0.0,0.0,0.0,0.0,0.0,0.0,0.0
6200,2594.221347069736,88.27899675091652,1126.85,83.70179396452568,55.229306626311654,14.003245101449993,4.953229546412081,18.23277649312593,0.381135002170544,1.0,0.6594075670483105,1.0,0.9885098200787855,0.6594075670483105,0,nominal,0.0,0.0,0.0,0.0,0.0,0.0,0.0,0.0,0.0,0.0,0.0,0.0,0.0
6250,2594.221347069736,88.27233819303399,1126.85,83.6989674640688,55.23351654910944,14.003245101449993,4.953130010571699,18.232410102932675,0.381135002170544,1.0,0.6594904996045374,1.0,0.9885098200787855,0.6594904996045374,0,nominal,0.0,0.0,0.0,0.0,0.0,0.0,0.0,0.0,0.0,0.0,0.0,0.0,0.0
6300,2594.221347069736,88.26568208535258,1126.85,83.6961416782089,55.237725823998,14.003245101449993,4.953030489058863,18.232043765478938,0.381135002170544,1.0,0.6595734193974027,1.0,0.9885098200787855,0.6595734193974027,0,nominal,0.0,0.0,0.0,0.0,0.0,0.0,0.0,0.0,0.0,0.0,0.0,0.0,0.0
6350,2594.221347069736,88.25902842694859,1126.85,83.69331660706024,55.241934450491314,14.003245101449993,4.95293098188435,18.231677480804393,0.381135002170544,1.0,0.6596563264173317,1.0,0.9885098200787855,0.6596563264173317,0,nominal,0.0,0.0,0.0,0.0,0.0,0.0,0.0,0.0,0.0,0.0,0.0,0.0,0.0
6400,2594.221347069736,88.25237721689865,1126.85,83.69049225073672,55.24614242810398,14.003245101449993,4.9528314890589265,18.231311248948668,0.381135002170544,1.0,0.6597392206547625,1.0,0.9885098200787855,0.6597392206547625,0,nominal,0.0,0.0,0.0,0.0,0.0,0.0,0.0,0.0,0.0,0.0,0.0,0.0,0.0
6450,2594.221347069736,88.2457284542798,1126.85,83.68766860935182,55.250349756351206,14.003245101449993,4.952732010593338,18.230945069951314,0.381135002170544,1.0,0.659822102100145,1.0,0.9885098200787855,0.659822102100145,0,nominal,0.0,0.0,0.0,0.0,0.0,0.0,0.0,0.0,0.0,0.0,0.0,0.0,0.0
6500,2594.221347069736,88.23908213816941,1126.85,83.68484568301852,55.254556434748594,14.003245101449993,4.952632546498328,18.230578943851885,0.381135002170544,1.0,0.6599049707439368,1.0,0.9885098200787855,0.6599049707439368,0,nominal,0.0,0.0,0.0,0.0,0.0,0.0,0.0,0.0,0.0,0.0,0.0,0.0,0.0
6550,2594.221347069736,88.2324382676453,1126.85,83.68202347184945,55.25876246281251,14.003245101449993,4.952533096784618,18.230212870689844,0.381135002170544,1.0,0.6599878265766108,1.0,0.9885098200787855,0.6599878265766108,0,nominal,0.0,0.0,0.0,0.0,0.0,0.0,0.0,0.0,0.0,0.0,0.0,0.0,0.0
6600,2594.221347069736,88.22579684178567,1126.85,83.6792019759568,55.262967840059815,14.003245101449993,4.952433661462918,18.22984685050461,0.381135002170544,1.0,0.6600706695886494,1.0,0.9885098200787855,0.6600706695886494,0,nominal,0.0,0.0,0.0,0.0,0.0,0.0,0.0,0.0,0.0,0.0,0.0,0.0,0.0
6650,2594.221347069736,88.21915785966905,1126.85,83.67638119545228,55.267172566007936,14.003245101449993,4.952334240543927,18.22948088333557,0.381135002170544,1.0,0.6601534997705462,1.0,0.9885098200787855,0.6601534997705462,0,nominal,0.0,0.0,0.0,0.0,0.0,0.0,0.0,0.0,0.0,0.0,0.0,0.0,0.0
6700,2594.221347069736,88.21252132037438,1126.85,83.67356113044724,55.27137664017482,14.003245101449993,4.952234834038327,18.229114969222046,0.381135002170544,1.0,0.6602363171128052,1.0,0.9885098200787855,0.6602363171128052,0,nominal,0.0,0.0,0.0,0.0,0.0,0.0,0.0,0.0,0.0,0.0,0.0,0.0,0.0
6750,2594.221347069736,88.20588722298095,1126.85,83.67074178105258,55.27558006207914,14.003245101449993,4.952135441956787,18.228749108203303,0.381135002170544,1.0,0.6603191216059445,1.0,0.9885098200787855,0.6603191216059445,0,nominal,0.0,0.0,0.0,0.0,0.0,0.0,0.0,0.0,0.0,0.0,0.0,0.0,0.0
6800,2594.221347069736,88.19925556656852,1126.85,83.66792314737876,55.279782831239835,14.003245101449993,4.95203606430997,18.2283833003186,0.381135002170544,1.0,0.6604019132404876,1.0,0.9885098200787855,0.6604019132404876,0,nominal,0.0,0.0,0.0,0.0,0.0,0.0,0.0,0.0,0.0,0.0,0.0,0.0,0.0
6850,2594.221347069736,88.19262635021715,1126.85,83.66510522953587,55.28398494717684,14.003245101449993,4.951936701108514,18.22801754560709,0.381135002170544,1.0,0.6604846920069775,1.0,0.9885098200787855,0.6604846920069775,0,nominal,0.0,0.0,0.0,0.0,0.0,0.0,0.0,0.0,0.0,0.0,0.0,0.0,0.0
6900,2594.221347069736,88.18599957300728,1126.85,83.66228802763351,55.28818640941021,14.003245101449993,4.951837352363053,18.227651844107918,0.381135002170544,1.0,0.6605674578959596,1.0,0.9885098200787855,0.6605674578959596,0,nominal,0.0,0.0,0.0,0.0,0.0,0.0,0.0,0.0,0.0,0.0,0.0,0.0,0.0
6950,2594.221347069736,88.1793752340198,1126.85,83.65947154178093,55.2923872174609,14.003245101449993,4.951738018084203,18.227286195860163,0.381135002170544,1.0,0.6606502108979971,1.0,0.9885098200787855,0.6606502108979971,0,nominal,0.0,0.0,0.0,0.0,0.0,0.0,0.0,0.0,0.0,0.0,0.0,0.0,0.0
7000,2594.221347069736,88.1727533323359,1126.85,83.65665577208694,55.29658737085019,14.003245101449993,4.9516386982825695,18.22692060090286,0.381135002170544,1.0,0.6607329510036598,1.0,0.9885098200787855,0.6607329510036598,0,nominal,0.0,0.0,0.0,0.0,0.0,0.0,0.0,0.0,0.0,0.0,0.0,0.0,0.0
7050,2594.221347069736,88.16613386703716,1126.85,83.65384071865986,55.30078686910005,14.003245101449993,4.951539392968742,18.226555059274997,0.381135002170544,1.0,0.6608156782035304,1.0,0.9885098200787855,0.6608156782035304,0,nominal,0.0,0.0,0.0,0.0,0.0,0.0,0.0,0.0,0.0,0.0,0.0,0.0,0.0
7100,2594.221347069736,88.15951683720562,1126.85,83.65102638160766,55.304985711733025,14.003245101449993,4.9514401021533,18.226189571015503,0.381135002170544,1.0,0.6608983924882036,1.0,0.9885098200787855,0.6608983924882036,0,nominal,0.0,0.0,0.0,0.0,0.0,0.0,0.0,0.0,0.0,0.0,0.0,0.0,0.0
7150,2594.221347069736,88.15290224192358,1126.85,83.64821276103788,55.30918389827225,14.003245101449993,4.951340825846804,18.225824136163265,0.381135002170544,1.0,0.6609810938482853,1.0,0.9885098200787855,0.6609810938482853,0,nominal,0.0,0.0,0.0,0.0,0.0,0.0,0.0,0.0,0.0,0.0,0.0,0.0,0.0
7200,2594.221347069736,88.14629008027384,1126.85,83.64539985705761,55.31338142824131,14.003245101449993,4.951241564059808,18.225458754757124,0.381135002170544,1.0,0.6610637822743906,1.0,0.9885098200787855,0.6610637822743906,0,nominal,0.0,0.0,0.0,0.0,0.0,0.0,0.0,0.0,0.0,0.0,0.0,0.0,0.0
7250,2594.221347069736,88.1396803513395,1126.85,83.64258766977355,55.31757830116441,14.003245101449993,4.951142316802849,18.225093426835866,0.381135002170544,1.0,0.6611464577571469,1.0,0.9885098200787855,0.6611464577571469,0,nominal,0.0,0.0,0.0,0.0,0.0,0.0,0.0,0.0,0.0,0.0,0.0,0.0,0.0
7300,2594.221347069736,88.13307305420409,1126.85,83.63977619929199,55.32177451656634,14.003245101449993,4.95104308408645,18.224728152438235,0.381135002170544,1.0,0.6612291202871926,1.0,0.9885098200787855,0.6612291202871926,0,nominal,0.0,0.0,0.0,0.0,0.0,0.0,0.0,0.0,0.0,0.0,0.0,0.0,0.0
7350,2594.221347069736,88.12646818795145,1126.85,83.63696544571877,55.32597007397242,14.003245101449993,4.950943865921125,18.224362931602922,0.381135002170544,1.0,0.6613117698551768,1.0,0.9885098200787855,0.6613117698551768,0,nominal,0.0,0.0,0.0,0.0,0.0,0.0,0.0,0.0,0.0,0.0,0.0,0.0,0.0
7400,2594.221347069736,88.11986575166583,1126.85,83.63415540915935,55.33016497290858,14.003245101449993,4.950844662317372,18.223997764368576,0.381135002170544,1.0,0.6613944064517605,1.0,0.9885098200787855,0.6613944064517605,0,nominal,0.0,0.0,0.0,0.0,0.0,0.0,0.0,0.0,0.0,0.0,0.0,0.0,0.0
7450,2594.221347069736,88.11326574443189,1126.85,83.63134608971876,55.334359212901276,14.003245101449993,4.950745473285671,18.223632650773773,0.381135002170544,1.0,0.6614770300676158,1.0,0.9885098200787855,0.6614770300676158,0,nominal,0.0,0.0,0.0,0.0,0.0,0.0,0.0,0.0,0.0,0.0,0.0,0.0,0.0
7500,2594.221347069736,88.10666816533467,1126.85,83.6285374875016,55.33855279347741,14.003245101449993,4.9506462988365,18.223267590857084,0.381135002170544,1.0,0.6615596406934225,1.0,0.9885098200787855,0.6615596406934225,0,nominal,0.0,0.0,0.0,0.0,0.0,0.0,0.0,0.0,0.0,0.0,0.0,0.0,0.0
7550,2594.221347069736,88.10007301345951,1126.85,83.62572960261207,55.34274571416467,14.003245101449993,4.950547138980315,18.222902584656993,0.381135002170544,1.0,0.6616422383198768,1.0,0.9885098200787855,0.6616422383198768,0,nominal,0.0,0.0,0.0,0.0,0.0,0.0,0.0,0.0,0.0,0.0,0.0,0.0,0.0
7600,2594.221347069736,88.09348028789225,1126.85,83.62292243515395,55.346937974491176,14.003245101449993,4.950447993727561,18.222537632211953,0.381135002170544,1.0,0.6617248229376824,1.0,0.9885098200787855,0.6617248229376824,0,nominal,0.0,0.0,0.0,0.0,0.0,0.0,0.0,0.0,0.0,0.0,0.0,0.0,0.0
7650,2594.221347069736,88.08688998771896,1126.85,83.6201159852306,55.35112957398562,14.003245101449993,4.950348863088671,18.22217273356036,0.381135002170544,1.0,0.6618073945375552,1.0,0.9885098200787855,0.6618073945375552,0,nominal,0.0,0.0,0.0,0.0,0.0,0.0,0.0,0.0,0.0,0.0,0.0,0.0,0.0
7700,2594.221347069736,88.08030211202623,1126.85,83.61731025294495,55.35532051217727,14.003245101449993,4.950249747074062,18.221807888740567,0.381135002170544,1.0,0.6618899531102224,1.0,0.9885098200787855,0.6618899531102224,0,nominal,0.0,0.0,0.0,0.0,0.0,0.0,0.0,0.0,0.0,0.0,0.0,0.0,0.0
7750,2594.221347069736,88.07371665990098,1126.85,83.61450523839954,55.35951078859593,14.003245101449993,4.950150645694142,18.221443097790885,0.381135002170544,1.0,0.6619724986464207,1.0,0.9885098200787855,0.6619724986464207,0,nominal,0.0,0.0,0.0,0.0,0.0,0.0,0.0,0.0,0.0,0.0,0.0,0.0,0.0
7800,2594.221347069736,88.06713363043042,1126.85,83.61170094169654,55.36370040277201,14.003245101449993,4.950051558959303,18.221078360749562,0.381135002170544,1.0,0.6620550311369003,1.0,0.9885098200787855,0.6620550311369003,0,nominal,0.0,0.0,0.0,0.0,0.0,0.0,0.0,0.0,0.0,0.0,0.0,0.0,0.0
7850,2594.221347069736,88.06055302270227,1126.85,83.60889736293763,55.36788935423642,14.003245101449993,4.949952486879925,18.220713677654807,0.381135002170544,1.0,0.66213755057242,1.0,0.9885098200787855,0.66213755057242,0,nominal,0.0,0.0,0.0,0.0,0.0,0.0,0.0,0.0,0.0,0.0,0.0,0.0,0.0
7900,2594.221347069736,88.05397483580452,1126.85,83.6060945022241,55.37207764252068,14.003245101449993,4.949853429466374,18.22034904854478,0.381135002170544,1.0,0.6622200569437512,1.0,0.9885098200787855,0.6622200569437512,0,nominal,0.0,0.0,0.0,0.0,0.0,0.0,0.0,0.0,0.0,0.0,0.0,0.0,0.0
7950,2594.221347069736,88.04739906882565,1126.85,83.60329235965685,55.37626526715681,14.003245101449993,4.949754386729,18.219984473457583,0.381135002170544,1.0,0.6623025502416751,1.0,0.9885098200787855,0.6623025502416751,0,nominal,0.0,0.0,0.0,0.0,0.0,0.0,0.0,0.0,0.0,0.0,0.0,0.0,0.0
8000,2594.221347069736,88.0408257208544,1126.85,83.60049093533632,55.38045222767741,14.003245101449993,4.949655358678152,18.2196199524313,0.381135002170544,1.0,0.6623850304569839,1.0,0.9885098200787855,0.6623850304569839,0,nominal,0.0,0.0,0.0,0.0,0.0,0.0,0.0,0.0,0.0,0.0,0.0,0.0,0.0
8050,2594.221347069736,88.03425479097996,1126.85,83.59769022936263,55.38463852361578,14.003245101449993,4.9495563453241465,18.219255485503915,0.381135002170544,1.0,0.6624674975804843,1.0,0.9885098200787855,0.6624674975804843,0,nominal,0.0,0.0,0.0,0.0,0.0,0.0,0.0,0.0,0.0,0.0,0.0,0.0,0.0
8100,2594.221347069736,88.02768627829187,1126.85,83.5948902418354,55.388824154505535,14.003245101449993,4.9494573466773035,18.21889107271341,0.381135002170544,1.0,0.6625499516029889,1.0,0.9885098200787855,0.6625499516029889,0,nominal,0.0,0.0,0.0,0.0,0.0,0.0,0.0,0.0,0.0,0.0,0.0,0.0,0.0
8150,2594.221347069736,88.02112018188001,1126.85,83.5920909728539,55.393009119880944,14.003245101449993,4.9493583627479225,18.218526714097706,0.381135002170544,1.0,0.6626323925153228,1.0,0.9885098200787855,0.6626323925153228,0,nominal,0.0,0.0,0.0,0.0,0.0,0.0,0.0,0.0,0.0,0.0,0.0,0.0,0.0
8200,2594.221347069736,88.01455650083471,1126.85,83.58929242251696,55.39719341927696,14.003245101449993,4.949259393546291,18.218162409694656,0.381135002170544,1.0,0.662714820308325,1.0,0.9885098200787855,0.662714820308325,0,nominal,0.0,0.0,0.0,0.0,0.0,0.0,0.0,0.0,0.0,0.0,0.0,0.0,0.0
8250,2594.221347069736,88.00799523424666,1126.85,83.586494590923,55.40137705222881,14.003245101449993,4.949160439082686,18.217798159542106,0.381135002170544,1.0,0.6627972349728398,1.0,0.9885098200787855,0.6627972349728398,0,nominal,0.0,0.0,0.0,0.0,0.0,0.0,0.0,0.0,0.0,0.0,0.0,0.0,0.0
8300,2594.221347069736,88.00143638120687,1126.85,83.58369747817005,55.40556001827265,14.003245101449993,4.949061499367365,18.217433963677802,0.381135002170544,1.0,0.6628796364997299,1.0,0.9885098200787855,0.6628796364997299,0,nominal,0.0,0.0,0.0,0.0,0.0,0.0,0.0,0.0,0.0,0.0,0.0,0.0,0.0
8350,2594.221347069736,87.99487994080675,1126.85,83.58090108435573,55.409742316944836,14.003245101449993,4.94896257441058,18.217069822139493,0.381135002170544,1.0,0.6629620248798617,1.0,0.9885098200787855,0.6629620248798617,0,nominal,0.0,0.0,0.0,0.0,0.0,0.0,0.0,0.0,0.0,0.0,0.0,0.0,0.0
8400,2594.221347069736,87.98832591213812,1126.85,83.57810540957723,55.41392394778251,14.003245101449993,4.948863664222566,18.21670573496484,0.381135002170544,1.0,0.6630444001041174,1.0,0.9885098200787855,0.6630444001041174,0,nominal,0.0,0.0,0.0,0.0,0.0,0.0,0.0,0.0,0.0,0.0,0.0,0.0,0.0
8450,2594.221347069736,87.98177429429313,1126.85,83.57531045393137,55.41810491032323,14.003245101449993,4.948764768813545,18.216341702191478,0.381135002170544,1.0,0.663126762163387,1.0,0.9885098200787855,0.663126762163387,0,nominal,0.0,0.0,0.0,0.0,0.0,0.0,0.0,0.0,0.0,0.0,0.0,0.0,0.0
8500,2594.221347069736,87.97522508636433,1126.85,83.57251621751453,55.42228520410528,14.003245101449993,4.948665888193726,18.215977723856984,0.381135002170544,1.0,0.663209111048575,1.0,0.9885098200787855,0.663209111048575,0,nominal,0.0,0.0,0.0,0.0,0.0,0.0,0.0,0.0,0.0,0.0,0.0,0.0,0.0
8550,2594.221347069736,87.96867828744462,1126.85,83.56972270042269,55.42646482866726,14.003245101449993,4.9485670223733065,18.2156137999989,0.381135002170544,1.0,0.6632914467505925,1.0,0.9885098200787855,0.6632914467505925,0,nominal,0.0,0.0,0.0,0.0,0.0,0.0,0.0,0.0,0.0,0.0,0.0,0.0,0.0
8600,2594.221347069736,87.96213389662734,1126.85,83.56692990275144,55.43064378354855,14.003245101449993,4.948468171362468,18.215249930654696,0.381135002170544,1.0,0.6633737692603652,1.0,0.9885098200787855,0.6633737692603652,0,nominal,0.0,0.0,0.0,0.0,0.0,0.0,0.0,0.0,0.0,0.0,0.0,0.0,0.0
8650,2594.221347069736,87.95559191300612,1126.85,83.56413782459595,55.434822068288966,14.003245101449993,4.948369335171384,18.214886115861827,0.381135002170544,1.0,0.663456078568828,1.0,0.9885098200787855,0.663456078568828,0,nominal,0.0,0.0,0.0,0.0,0.0,0.0,0.0,0.0,0.0,0.0,0.0,0.0,0.0
8700,2594.221347069736,87.94905233567499,1126.85,83.56134646605102,55.438999682428914,14.003245101449993,4.9482705138102085,18.214522355657664,0.381135002170544,1.0,0.6635383746669272,1.0,0.9885098200787855,0.6635383746669272,0,nominal,0.0,0.0,0.0,0.0,0.0,0.0,0.0,0.0,0.0,0.0,0.0,0.0,0.0
8750,2594.221347069736,87.94251516372839,1126.85,83.55855582721102,55.44317662550932,14.003245101449993,4.948171707289088,18.21415865007956,0.381135002170544,1.0,0.6636206575456192,1.0,0.9885098200787855,0.6636206575456192,0,nominal,0.0,0.0,0.0,0.0,0.0,0.0,0.0,0.0,0.0,0.0,0.0,0.0,0.0
8800,2594.221347069736,87.93598039626113,1126.85,83.55576590816986,55.44735289707162,14.003245101449993,4.948072915618155,18.213794999164815,0.381135002170544,1.0,0.6637029271958709,1.0,0.9885098200787855,0.6637029271958709,0,nominal,0.0,0.0,0.0,0.0,0.0,0.0,0.0,0.0,0.0,0.0,0.0,0.0,0.0
8850,2594.221347069736,87.92944803236833,1126.85,83.55297670902115,55.451528496658014,14.003245101449993,4.947974138807526,18.21343140295066,0.381135002170544,1.0,0.6637851836086637,1.0,0.9885098200787855,0.6637851836086637,0,nominal,0.0,0.0,0.0,0.0,0.0,0.0,0.0,0.0,0.0,0.0,0.0,0.0,0.0
8900,2594.221347069736,87.92291807114549,1126.85,83.55018822985807,55.45570342381101,14.003245101449993,4.947875376867305,18.213067861474297,0.381135002170544,1.0,0.6638674267749854,1.0,0.9885098200787855,0.6638674267749854,0,nominal,0.0,0.0,0.0,0.0,0.0,0.0,0.0,0.0,0.0,0.0,0.0,0.0,0.0
8950,2594.221347069736,87.91639051168858,1126.85,83.54740047077337,55.45987767807375,14.003245101449993,4.947776629807588,18.212704374772883,0.381135002170544,1.0,0.6639496566858364,1.0,0.9885098200787855,0.6639496566858364,0,nominal,0.0,0.0,0.0,0.0,0.0,0.0,0.0,0.0,0.0,0.0,0.0,0.0,0.0
9000,2594.221347069736,87.90986535309383,1126.85,83.54461343185943,55.46405125898994,14.003245101449993,4.947677897638455,18.212340942883525,0.381135002170544,1.0,0.6640318733322276,1.0,0.9885098200787855,0.6640318733322276,0,nominal,0.0,0.0,0.0,0.0,0.0,0.0,0.0,0.0,0.0,0.0,0.0,0.0,0.0
9050,2594.221347069736,87.90334259445797,1126.85,83.54182711320817,55.46822416610383,14.003245101449993,4.947579180369971,18.211977565843267,0.381135002170544,1.0,0.6641140767051815,1.0,0.9885098200787855,0.6641140767051815,0,nominal,0.0,0.0,0.0,0.0,0.0,0.0,0.0,0.0,0.0,0.0,0.0,0.0,0.0
9100,2594.221347069736,87.89682223487796,1126.85,83.53904151491116,55.47239639896024,14.003245101449993,4.9474804780121895,18.211614243689123,0.381135002170544,1.0,0.6641962667957311,1.0,0.9885098200787855,0.6641962667957311,0,nominal,0.0,0.0,0.0,0.0,0.0,0.0,0.0,0.0,0.0,0.0,0.0,0.0,0.0
9150,2594.221347069736,87.89030427345119,1126.85,83.53625663705958,55.476567957104585,14.003245101449993,4.947381790575151,18.21125097645805,0.381135002170544,1.0,0.6642784435949215,1.0,0.9885098200787855,0.6642784435949215,0,nominal,0.0,0.0,0.0,0.0,0.0,0.0,0.0,0.0,0.0,0.0,0.0,0.0,0.0
9200,2594.221347069736,87.88378870927545,1126.85,83.53347247974415,55.48073884008266,14.003245101449993,4.947283118068887,18.210887764186968,0.381135002170544,1.0,0.6643606070938051,1.0,0.9885098200787855,0.6643606070938051,0,nominal,0.0,0.0,0.0,0.0,0.0,0.0,0.0,0.0,0.0,0.0,0.0,0.0,0.0
9250,2594.221347069736,87.87727554144885,1126.85,83.53068904305525,55.48490904744108,14.003245101449993,4.947184460503406,18.210524606912728,0.381135002170544,1.0,0.6644427572834505,1.0,0.9885098200787855,0.6644427572834505,0,nominal,0.0,0.0,0.0,0.0,0.0,0.0,0.0,0.0,0.0,0.0,0.0,0.0,0.0
9300,2594.221347069736,87.87076476906992,1126.85,83.52790632708286,55.4890785787267,14.003245101449993,4.947085817888715,18.21016150467216,0.381135002170544,1.0,0.6645248941549313,1.0,0.9885098200787855,0.6645248941549313,0,nominal,0.0,0.0,0.0,0.0,0.0,0.0,0.0,0.0,0.0,0.0,0.0,0.0,0.0
9350,2594.221347069736,87.86425639123752,1126.85,83.52512433191657,55.49324743348718,14.003245101449993,4.946987190234802,18.20979845750203,0.381135002170544,1.0,0.6646070176993364,1.0,0.9885098200787855,0.6646070176993364,0,nominal,0.0,0.0,0.0,0.0,0.0,0.0,0.0,0.0,0.0,0.0,0.0,0.0,0.0
9400,2594.221347069736,87.85775040705096,1126.85,83.52234305764551,55.49741561127051,14.003245101449993,4.946888577551645,18.209435465439064,0.381135002170544,1.0,0.6646891279077618,1.0,0.9885098200787855,0.6646891279077618,0,nominal,0.0,0.0,0.0,0.0,0.0,0.0,0.0,0.0,0.0,0.0,0.0,0.0,0.0
9450,2594.221347069736,87.85124681560978,1126.85,83.51956250435848,55.5015831116254,14.003245101449993,4.946789979849207,18.20907252851994,0.381135002170544,1.0,0.6647712247713171,1.0,0.9885098200787855,0.6647712247713171,0,nominal,0.0,0.0,0.0,0.0,0.0,0.0,0.0,0.0,0.0,0.0,0.0,0.0,0.0
9500,2594.221347069736,87.84474561601405,1126.85,83.51678267214379,55.50574993410106,14.003245101449993,4.946691397137438,18.20870964678128,0.381135002170544,1.0,0.6648533082811223,1.0,0.9885098200787855,0.6648533082811223,0,nominal,0.0,0.0,0.0,0.0,0.0,0.0,0.0,0.0,0.0,0.0,0.0,0.0,0.0
9550,2594.221347069736,87.8382468073641,1126.85,83.51400356108951,55.50991607824729,14.003245101449993,4.946592829426273,18.20834682025966,0.381135002170544,1.0,0.6649353784283086,1.0,0.9885098200787855,0.6649353784283086,0,nominal,0.0,0.0,0.0,0.0,0.0,0.0,0.0,0.0,0.0,0.0,0.0,0.0,0.0
9600,2594.221347069736,87.83175038876067,1126.85,83.51122517128317,55.514081543614274,14.003245101449993,4.946494276725642,18.20798404899163,0.381135002170544,1.0,0.6650174352040151,1.0,0.9885098200787855,0.6650174352040151,0,nominal,0.0,0.0,0.0,0.0,0.0,0.0,0.0,0.0,0.0,0.0,0.0,0.0,0.0
9650,2594.221347069736,87.82525635930483,1126.85,83.50844750281198,55.518246329752934,14.003245101449993,4.946395739045453,18.207621333013662,0.381135002170544,1.0,0.6650994785993952,1.0,0.9885098200787855,0.6650994785993952,0,nominal,0.0,0.0,0.0,0.0,0.0,0.0,0.0,0.0,0.0,0.0,0.0,0.0,0.0
9700,2594.221347069736,87.81876471809812,1126.85,83.50567055576272,55.522410436214656,14.003245101449993,4.946297216395608,18.207258672362197,0.381135002170544,1.0,0.6651815086056115,1.0,0.9885098200787855,0.6651815086056115,0,nominal,0.0,0.0,0.0,0.0,0.0,0.0,0.0,0.0,0.0,0.0,0.0,0.0,0.0
9750,2594.221347069736,87.81227546424236,1126.85,83.5028943302218,55.52657386255136,14.003245101449993,4.9461987087859915,18.206896067073636,0.381135002170544,1.0,0.6652635252138371,1.0,0.9885098200787855,0.6652635252138371,0,nominal,0.0,0.0,0.0,0.0,0.0,0.0,0.0,0.0,0.0,0.0,0.0,0.0,0.0
9800,2594.221347069736,87.80578859683976,1126.85,83.50011882627524,55.530736608315486,14.003245101449993,4.94610021622648,18.206533517184315,0.381135002170544,1.0,0.6653455284152556,1.0,0.9885098200787855,0.6653455284152556,0,nominal,0.0,0.0,0.0,0.0,0.0,0.0,0.0,0.0,0.0,0.0,0.0,0.0,0.0
9850,2594.221347069736,87.79930411499288,1126.85,83.49734404400863,55.53489867306016,14.003245101449993,4.946001738726931,18.206171022730537,0.381135002170544,1.0,0.6654275182010636,1.0,0.9885098200787855,0.6654275182010636,0,nominal,0.0,0.0,0.0,0.0,0.0,0.0,0.0,0.0,0.0,0.0,0.0,0.0,0.0
9900,2594.221347069736,87.79282201780467,1126.85,83.49456998350723,55.53906005633893,14.003245101449993,4.945903276297193,18.205808583748542,0.381135002170544,1.0,0.6655094945624663,1.0,0.9885098200787855,0.6655094945624663,0,nominal,0.0,0.0,0.0,0.0,0.0,0.0,0.0,0.0,0.0,0.0,0.0,0.0,0.0
9950,2594.221347069736,87.78634230437848,1126.85,83.49179664485587,55.543220757705804,14.003245101449993,4.945804828947104,18.205446200274547,0.381135002170544,1.0,0.6655914574906782,1.0,0.9885098200787855,0.6655914574906782,0,nominal,0.0,0.0,0.0,0.0,0.0,0.0,0.0,0.0,0.0,0.0,0.0,0.0,0.0
10000,2594.221347069736,87.77986497381801,1126.85,83.48902402813894,55.54738077671553,14.003245101449993,4.945706396686484,18.20508387234471,0.381135002170544,1.0,0.6656734069769281,1.0,0.9885098200787855,0.6656734069769281,0,nominal,0.0,0.0,0.0,0.0,0.0,0.0,0.0,0.0,0.0,0.0,0.0,0.0,0.0
10050,2594.221347069736,87.77339002522729,1126.85,83.48625213344053,55.55154011292338,14.003245101449993,4.9456079795251435,18.20472159999512,0.381135002170544,1.0,0.6657553430124549,1.0,0.9885098200787855,0.6657553430124549,0,nominal,0.0,0.0,0.0,0.0,0.0,0.0,0.0,0.0,0.0,0.0,0.0,0.0,0.0
10100,2594.221347069736,87.76691745771075,1126.85,83.4834809608443,55.555698765885,14.003245101449993,4.94550957747288,18.20435938326186,0.381135002170544,1.0,0.6658372655885054,1.0,0.9885098200787855,0.6658372655885054,0,nominal,0.0,0.0,0.0,0.0,0.0,0.0,0.0,0.0,0.0,0.0,0.0,0.0,0.0
10150,2594.221347069736,87.76044727037316,1126.85,83.48071051043348,55.5598567351567,14.003245101449993,4.945411190539477,18.203997222180938,0.381135002170544,1.0,0.6659191746963394,1.0,0.9885098200787855,0.6659191746963394,0,nominal,0.0,0.0,0.0,0.0,0.0,0.0,0.0,0.0,0.0,0.0,0.0,0.0,0.0
10200,2594.221347069736,87.75397946231976,1126.85,83.477940782291,55.5640140202954,14.003245101449993,4.945312818734704,18.20363511678832,0.381135002170544,1.0,0.6660010703272281,1.0,0.9885098200787855,0.6660010703272281,0,nominal,0.0,0.0,0.0,0.0,0.0,0.0,0.0,0.0,0.0,0.0,0.0,0.0,0.0
10250,2594.221347069736,87.747514032656,1126.85,83.47517177649934,55.568170620858446,14.003245101449993,4.945214462068323,18.20327306711993,0.381135002170544,1.0,0.6660829524724516,1.0,0.9885098200787855,0.6660829524724516,0,nominal,0.0,0.0,0.0,0.0,0.0,0.0,0.0,0.0,0.0,0.0,0.0,0.0,0.0
10300,2594.221347069736,87.74105098048784,1126.85,83.47240349314058,55.572326536403715,14.003245101449993,4.94511612055008,18.202911073211645,0.381135002170544,1.0,0.6661648211233007,1.0,0.9885098200787855,0.6661648211233007,0,nominal,0.0,0.0,0.0,0.0,0.0,0.0,0.0,0.0,0.0,0.0,0.0,0.0,0.0
10350,2594.221347069736,87.73459030492154,1126.85,83.46963593229646,55.57648176648969,14.003245101449993,4.945017794189705,18.202549135099293,0.381135002170544,1.0,0.6662466762710775,1.0,0.9885098200787855,0.6662466762710775,0,nominal,0.0,0.0,0.0,0.0,0.0,0.0,0.0,0.0,0.0,0.0,0.0,0.0,0.0
10400,2594.221347069736,87.72813200506369,1126.85,83.46686909404826,55.5806363106754,14.003245101449993,4.944919482996922,18.20218725281865,0.381135002170544,1.0,0.6663285179070954,1.0,0.9885098200787855,0.6663285179070954,0,nominal,0.0,0.0,0.0,0.0,0.0,0.0,0.0,0.0,0.0,0.0,0.0,0.0,0.0
10450,2594.221347069736,87.72167608002133,1126.85,83.46410297847694,55.58479016852043,14.003245101449993,4.944821186981437,18.201825426405456,0.381135002170544,1.0,0.6664103460226781,1.0,0.9885098200787855,0.6664103460226781,0,nominal,0.0,0.0,0.0,0.0,0.0,0.0,0.0,0.0,0.0,0.0,0.0,0.0,0.0
10500,2594.221347069736,87.71522252890179,1126.85,83.4613375856631,55.58894333958483,14.003245101449993,4.944722906152945,18.2014636558954,0.381135002170544,1.0,0.6664921606091596,1.0,0.9885098200787855,0.6664921606091596,0,nominal,0.0,0.0,0.0,0.0,0.0,0.0,0.0,0.0,0.0,0.0,0.0,0.0,0.0
10550,2594.221347069736,87.70877135081281,1126.85,83.45857291568689,55.59309582342921,14.003245101449993,4.9446246405211305,18.20110194132412,0.381135002170544,1.0,0.6665739616578837,1.0,0.9885098200787855,0.6665739616578837,0,nominal,0.0,0.0,0.0,0.0,0.0,0.0,0.0,0.0,0.0,0.0,0.0,0.0,0.0
10600,2594.221347069736,87.70232254486251,1126.85,83.45580896862805,55.59724761961478,14.003245101449993,4.944526390095661,18.200740282727207,0.381135002170544,1.0,0.6666557491602065,1.0,0.9885098200787855,0.6666557491602065,0,nominal,0.0,0.0,0.0,0.0,0.0,0.0,0.0,0.0,0.0,0.0,0.0,0.0,0.0
10650,2594.221347069736,87.69587611015936,1126.85,83.453045744566,55.60139872770321,14.003245101449993,4.944428154886197,18.20037868014022,0.381135002170544,1.0,0.6667375231074938,1.0,0.9885098200787855,0.6667375231074938,0,nominal,0.0,0.0,0.0,0.0,0.0,0.0,0.0,0.0,0.0,0.0,0.0,0.0,0.0
10700,2594.221347069736,87.68943204581223,1126.85,83.45028324357975,55.60554914725683,14.003245101449993,4.944329934902378,18.200017133598646,0.381135002170544,1.0,0.666819283491123,1.0,0.9885098200787855,0.666819283491123,0,nominal,0.0,0.0,0.0,0.0,0.0,0.0,0.0,0.0,0.0,0.0,0.0,0.0,0.0
10750,2594.221347069736,87.68299035093025,1126.85,83.44752146574791,55.609698877838404,14.003245101449993,4.944231730153839,18.199655643137948,0.381135002170544,1.0,0.6669010303024813,1.0,0.9885098200787855,0.6669010303024813,0,nominal,0.0,0.0,0.0,0.0,0.0,0.0,0.0,0.0,0.0,0.0,0.0,0.0,0.0
10800,2594.221347069736,87.676551024623,1126.85,83.4447604111487,55.613847919011285,14.003245101449993,4.944133540650198,18.199294208793532,0.381135002170544,1.0,0.666982763532967,1.0,0.9885098200787855,0.666982763532967,0,nominal,0.0,0.0,0.0,0.0,0.0,0.0,0.0,0.0,0.0,0.0,0.0,0.0,0.0
10850,2594.221347069736,87.67011406600045,1126.85,83.44200007986007,55.61799627033935,14.003245101449993,4.944035366401062,18.198932830600757,0.381135002170544,1.0,0.6670644831739888,1.0,0.9885098200787855,0.6670644831739888,0,nominal,0.0,0.0,0.0,0.0,0.0,0.0,0.0,0.0,0.0,0.0,0.0,0.0,0.0
10900,2594.221347069736,87.66367947417285,1126.85,83.43924047195941,55.622143931387015,14.003245101449993,4.943937207416023,18.198571508594934,0.381135002170544,1.0,0.6671461892169661,1.0,0.9885098200787855,0.6671461892169661,0,nominal,0.0,0.0,0.0,0.0,0.0,0.0,0.0,0.0,0.0,0.0,0.0,0.0,0.0
10950,2594.221347069736,87.65724724825088,1126.85,83.43648158752387,55.62629090171915,14.003245101449993,4.943839063704667,18.19821024281135,0.381135002170544,1.0,0.6672278816533268,1.0,0.9885098200787855,0.6672278816533268,0,nominal,0.0,0.0,0.0,0.0,0.0,0.0,0.0,0.0,0.0,0.0,0.0,0.0,0.0
11000,2594.221347069736,87.65081738734557,1126.85,83.43372342663014,55.630437180901325,14.003245101449993,4.94374093527656,18.197849033285213,0.381135002170544,1.0,0.6673095604745133,1.0,0.9885098200787855,0.6673095604745133,0,nominal,0.0,0.0,0.0,0.0,0.0,0.0,0.0,0.0,0.0,0.0,0.0,0.0,0.0
11050,2594.221347069736,87.64438989056833,1126.85,83.43096598935455,55.6345827684995,14.003245101449993,4.943642822141257,18.1974878800517,0.381135002170544,1.0,0.6673912256719751,1.0,0.9885098200787855,0.6673912256719751,0,nominal,0.0,0.0,0.0,0.0,0.0,0.0,0.0,0.0,0.0,0.0,0.0,0.0,0.0
11100,2594.221347069736,87.63796475703089,1126.85,83.42820927577304,55.63872766408033,14.003245101449993,4.943544724308302,18.197126783145944,0.381135002170544,1.0,0.6674728772371756,1.0,0.9885098200787855,0.6674728772371756,0,nominal,0.0,0.0,0.0,0.0,0.0,0.0,0.0,0.0,0.0,0.0,0.0,0.0,0.0
11150,2594.221347069736,87.63154198584539,1126.85,83.42545328596117,55.6428718672109,14.003245101449993,4.943446641787227,18.19676574260302,0.381135002170544,1.0,0.6675545151615868,1.0,0.9885098200787855,0.6675545151615868,0,nominal,0.0,0.0,0.0,0.0,0.0,0.0,0.0,0.0,0.0,0.0,0.0,0.0,0.0
11200,2594.221347069736,87.62512157612429,1126.85,83.42269801999419,55.64701537745883,14.003245101449993,4.943348574587548,18.19640475845797,0.381135002170544,1.0,0.6676361394366911,1.0,0.9885098200787855,0.6676361394366911,0,nominal,0.0,0.0,0.0,0.0,0.0,0.0,0.0,0.0,0.0,0.0,0.0,0.0,0.0
11250,2594.221347069736,87.61870352698043,1126.85,83.41994347794684,55.65115819439219,14.003245101449993,4.943250522718776,18.196043830745797,0.381135002170544,1.0,0.6677177500539797,1.0,0.9885098200787855,0.6677177500539797,0,nominal,0.0,0.0,0.0,0.0,0.0,0.0,0.0,0.0,0.0,0.0,0.0,0.0,0.0
11300,2594.221347069736,87.61228783752705,1126.85,83.41718965989355,55.655300317579915,14.003245101449993,4.943152486190396,18.19568295950142,0.381135002170544,1.0,0.6677993470049609,1.0,0.9885098200787855,0.6677993470049609,0,nominal,0.0,0.0,0.0,0.0,0.0,0.0,0.0,0.0,0.0,0.0,0.0,0.0,0.0
11350,2594.221347069736,87.60587450687768,1126.85,83.41443656590843,55.65944174659111,14.003245101449993,4.943054465011896,18.195322144759754,0.381135002170544,1.0,0.6678809302811466,1.0,0.9885098200787855,0.6678809302811466,0,nominal,0.0,0.0,0.0,0.0,0.0,0.0,0.0,0.0,0.0,0.0,0.0,0.0,0.0
11400,2594.221347069736,87.59946353414631,1126.85,83.4116841960651,55.663582480995586,14.003245101449993,4.9429564591927395,18.194961386555644,0.381135002170544,1.0,0.6679624998740619,1.0,0.9885098200787855,0.6679624998740619,0,nominal,0.0,0.0,0.0,0.0,0.0,0.0,0.0,0.0,0.0,0.0,0.0,0.0,0.0
11450,2594.221347069736,87.59305491844725,1126.85,83.40893255043687,55.667722520363746,14.003245101449993,4.942858468742381,18.19460068492389,0.381135002170544,1.0,0.6680440557752445,1.0,0.9885098200787855,0.6680440557752445,0,nominal,0.0,0.0,0.0,0.0,0.0,0.0,0.0,0.0,0.0,0.0,0.0,0.0,0.0
11500,2594.221347069736,87.58664865889517,1126.85,83.4061816290967,55.67186186426631,14.003245101449993,4.942760493670268,18.194240039899267,0.381135002170544,1.0,0.6681255979762376,1.0,0.9885098200787855,0.6681255979762376,0,nominal,0.0,0.0,0.0,0.0,0.0,0.0,0.0,0.0,0.0,0.0,0.0,0.0,0.0
11550,2594.221347069736,87.58024475460508,1126.85,83.40343143211709,55.67600051227467,14.003245101449993,4.942662533985831,18.193879451516487,0.381135002170544,1.0,0.6682071264685981,1.0,0.9885098200787855,0.6682071264685981,0,nominal,0.0,0.0,0.0,0.0,0.0,0.0,0.0,0.0,0.0,0.0,0.0,0.0,0.0
11600,2594.221347069736,87.57384320469231,1126.85,83.40068195957025,55.68013846396084,14.003245101449993,4.942564589698485,18.193518919810206,0.381135002170544,1.0,0.6682886412438949,1.0,0.9885098200787855,0.6682886412438949,0,nominal,0.0,0.0,0.0,0.0,0.0,0.0,0.0,0.0,0.0,0.0,0.0,0.0,0.0
11650,2594.221347069736,87.56744400827267,1126.85,83.39793321152791,55.684275718897204,14.003245101449993,4.942466660817636,18.19315844481505,0.381135002170544,1.0,0.6683701422937043,1.0,0.9885098200787855,0.6683701422937043,0,nominal,0.0,0.0,0.0,0.0,0.0,0.0,0.0,0.0,0.0,0.0,0.0,0.0,0.0
11700,2594.221347069736,87.56104716446231,1126.85,83.39518518806153,55.68841227665679,14.003245101449993,4.942368747352677,18.192798026565598,0.381135002170544,1.0,0.6684516296096152,1.0,0.9885098200787855,0.6684516296096152,0,nominal,0.0,0.0,0.0,0.0,0.0,0.0,0.0,0.0,0.0,0.0,0.0,0.0,0.0
11750,2594.221347069736,87.5546526723777,1126.85,83.3924378892421,55.692548136813116,14.003245101449993,4.94227084931299,18.19243766509638,0.381135002170544,1.0,0.6685331031832262,1.0,0.9885098200787855,0.6685331031832262,0,nominal,0.0,0.0,0.0,0.0,0.0,0.0,0.0,0.0,0.0,0.0,0.0,0.0,0.0
11800,2594.221347069736,87.54826053113567,1126.85,83.38969131514034,55.696683298940314,14.003245101449993,4.94217296670794,18.192077360441864,0.381135002170544,1.0,0.668614563006148,1.0,0.9885098200787855,0.668614563006148,0,nominal,0.0,0.0,0.0,0.0,0.0,0.0,0.0,0.0,0.0,0.0,0.0,0.0,0.0
11850,2594.221347069736,87.54187073985338,1126.85,83.3869454658265,55.70081776261284,14.003245101449993,4.942075099546886,18.19171711263651,0.381135002170544,1.0,0.6686960090699978,1.0,0.9885098200787855,0.6686960090699978,0,nominal,0.0,0.0,0.0,0.0,0.0,0.0,0.0,0.0,0.0,0.0,0.0,0.0,0.0
11900,2594.221347069736,87.53548329764845,1126.85,83.38420034137056,55.70495152740597,14.003245101449993,4.9419772478391675,18.191356921714693,0.381135002170544,1.0,0.6687774413664085,1.0,0.9885098200787855,0.6687774413664085,0,nominal,0.0,0.0,0.0,0.0,0.0,0.0,0.0,0.0,0.0,0.0,0.0,0.0,0.0
11950,2594.221347069736,87.5290982036388,1126.85,83.38145594184198,55.70908459289516,14.003245101449993,4.94187941159412,18.190996787710773,0.381135002170544,1.0,0.6688588598870172,1.0,0.9885098200787855,0.6688588598870172,0,nominal,0.0,0.0,0.0,0.0,0.0,0.0,0.0,0.0,0.0,0.0,0.0,0.0,0.0
12000,2594.221347069736,87.52271545694265,1126.85,83.37871226731,55.713216958656766,14.003245101449993,4.941781590821056,18.190636710659035,0.381135002170544,1.0,0.6689402646234783,1.0,0.9885098200787855,0.6689402646234783,0,nominal,0.0,0.0,0.0,0.0,0.0,0.0,0.0,0.0,0.0,0.0,0.0,0.0,0.0
12050,2594.221347069736,87.51633505667871,1126.85,83.37596931784338,55.71734862426744,14.003245101449993,4.9416837855292854,18.190276690593745,0.381135002170544,1.0,0.6690216555674522,1.0,0.9885098200787855,0.6690216555674522,0,nominal,0.0,0.0,0.0,0.0,0.0,0.0,0.0,0.0,0.0,0.0,0.0,0.0,0.0
12100,2594.221347069736,87.50995700196603,1126.85,83.3732270935106,55.72147958930443,14.003245101449993,4.941585995728099,18.1899167275491,0.381135002170544,1.0,0.6691030327106109,1.0,0.9885098200787855,0.6691030327106109,0,nominal,0.0,0.0,0.0,0.0,0.0,0.0,0.0,0.0,0.0,0.0,0.0,0.0,0.0
12150,2594.221347069736,87.50358129192392,1126.85,83.37048559437966,55.725609853345546,14.003245101449993,4.94148822142678,18.18955682155928,0.381135002170544,1.0,0.6691843960446375,1.0,0.9885098200787855,0.6691843960446375,0,nominal,0.0,0.0,0.0,0.0,0.0,0.0,0.0,0.0,0.0,0.0,0.0,0.0,0.0
12200,2594.221347069736,87.49720792567211,1126.85,83.36774482051828,55.729739415969036,14.003245101449993,4.941390462634594,18.189196972658383,0.381135002170544,1.0,0.669265745561224,1.0,0.9885098200787855,0.669265745561224,0,nominal,0.0,0.0,0.0,0.0,0.0,0.0,0.0,0.0,0.0,0.0,0.0,0.0,0.0
12250,2594.221347069736,87.49083690233073,1126.85,83.36500477199377,55.73386827675383,14.003245101449993,4.941292719360799,18.18883718088049,0.381135002170544,1.0,0.6693470812520754,1.0,0.9885098200787855,0.6693470812520754,0,nominal,0.0,0.0,0.0,0.0,0.0,0.0,0.0,0.0,0.0,0.0,0.0,0.0,0.0
12300,2594.221347069736,87.48446822102017,1126.85,83.36226544887307,55.73799643527926,14.003245101449993,4.941194991614637,18.188477446259622,0.381135002170544,1.0,0.6694284031089047,1.0,0.9885098200787855,0.6694284031089047,0,nominal,0.0,0.0,0.0,0.0,0.0,0.0,0.0,0.0,0.0,0.0,0.0,0.0,0.0
12350,2594.221347069736,87.47810188086129,1126.85,83.35952685122277,55.74212389112514,14.003245101449993,4.941097279405343,18.188117768829773,0.381135002170544,1.0,0.669509711123435,1.0,0.9885098200787855,0.669509711123435,0,nominal,0.0,0.0,0.0,0.0,0.0,0.0,0.0,0.0,0.0,0.0,0.0,0.0,0.0
12400,2594.221347069736,87.47173788097524,1126.85,83.35678897910907,55.74625064387201,14.003245101449993,4.940999582742132,18.187758148624862,0.381135002170544,1.0,0.6695910052874029,1.0,0.9885098200787855,0.6695910052874029,0,nominal,0.0,0.0,0.0,0.0,0.0,0.0,0.0,0.0,0.0,0.0,0.0,0.0,0.0
12450,2594.221347069736,87.46537622048356,1126.85,83.3540518325978,55.75037669310085,14.003245101449993,4.94090190163421,18.18739858567878,0.381135002170544,1.0,0.669672285592554,1.0,0.9885098200787855,0.669672285592554,0,nominal,0.0,0.0,0.0,0.0,0.0,0.0,0.0,0.0,0.0,0.0,0.0,0.0,0.0
12500,2594.221347069736,87.4590168985082,1126.85,83.3513154117544,55.754502038393035,14.003245101449993,4.940804236090774,18.18703908002537,0.381135002170544,1.0,0.6697535520306418,1.0,0.9885098200787855,0.6697535520306418,0,nominal,0.0,0.0,0.0,0.0,0.0,0.0,0.0,0.0,0.0,0.0,0.0,0.0,0.0
12550,2594.221347069736,87.4526599141713,1126.85,83.34857971664405,55.75862667933079,14.003245101449993,4.940706586121001,18.18667963169843,0.381135002170544,1.0,0.6698348045934363,1.0,0.9885098200787855,0.6698348045934363,0,nominal,0.0,0.0,0.0,0.0,0.0,0.0,0.0,0.0,0.0,0.0,0.0,0.0,0.0
12600,2594.221347069736,87.44630526659557,1126.85,83.34584474733145,55.762750615496365,14.003245101449993,4.940608951734067,18.18632024073172,0.381135002170544,1.0,0.6699160432727082,1.0,0.9885098200787855,0.6699160432727082,0,nominal,0.0,0.0,0.0,0.0,0.0,0.0,0.0,0.0,0.0,0.0,0.0,0.0,0.0
12650,2594.221347069736,87.4399529549039,1126.85,83.34311050388095,55.766873846473004,14.003245101449993,4.940511332939126,18.185960907158947,0.381135002170544,1.0,0.6699972680602475,1.0,0.9885098200787855,0.6699972680602475,0,nominal,0.0,0.0,0.0,0.0,0.0,0.0,0.0,0.0,0.0,0.0,0.0,0.0,0.0
12700,2594.221347069736,87.43360297821965,1126.85,83.3403769863566,55.77099637184438,14.003245101449993,4.94041372974532,18.185601631013753,0.381135002170544,1.0,0.6700784789478532,1.0,0.9885098200787855,0.6700784789478532,0,nominal,0.0,0.0,0.0,0.0,0.0,0.0,0.0,0.0,0.0,0.0,0.0,0.0,0.0
12750,2594.221347069736,87.42725533566653,1126.85,83.33764419482202,55.77511819119441,14.003245101449993,4.940316142161787,18.185242412329785,0.381135002170544,1.0,0.6701596759273285,1.0,0.9885098200787855,0.6701596759273285,0,nominal,0.0,0.0,0.0,0.0,0.0,0.0,0.0,0.0,0.0,0.0,0.0,0.0,0.0
12800,2594.221347069736,87.42091002636857,1126.85,83.33491212934047,55.77923930410791,14.003245101449993,4.940218570197642,18.184883251140587,0.381135002170544,1.0,0.6702408589904947,1.0,0.9885098200787855,0.6702408589904947,0,nominal,0.0,0.0,0.0,0.0,0.0,0.0,0.0,0.0,0.0,0.0,0.0,0.0,0.0
12850,2594.221347069736,87.41456704945017,1126.85,83.33218078997487,55.783359710169975,14.003245101449993,4.9401210138619955,18.1845241474797,0.381135002170544,1.0,0.6703220281291783,1.0,0.9885098200787855,0.6703220281291783,0,nominal,0.0,0.0,0.0,0.0,0.0,0.0,0.0,0.0,0.0,0.0,0.0,0.0,0.0
12900,2594.221347069736,87.4082264040361,1126.85,83.32945017678776,55.787479408966334,14.003245101449993,4.940023473163941,18.184165101380596,0.381135002170544,1.0,0.6704031833352185,1.0,0.9885098200787855,0.6704031833352185,0,nominal,0.0,0.0,0.0,0.0,0.0,0.0,0.0,0.0,0.0,0.0,0.0,0.0,0.0
12950,2594.221347069736,87.40188808925143,1126.85,83.32672028984132,55.791598400083224,14.003245101449993,4.939925948112565,18.18380611287672,0.381135002170544,1.0,0.6704843246004646,1.0,0.9885098200787855,0.6704843246004646,0,nominal,0.0,0.0,0.0,0.0,0.0,0.0,0.0,0.0,0.0,0.0,0.0,0.0,0.0
13000,2594.221347069736,87.39555210422168,1126.85,83.3239911291974,55.79571668310745,14.003245101449993,4.939828438716933,18.183447182001444,0.381135002170544,1.0,0.6705654519167767,1.0,0.9885098200787855,0.6705654519167767,0,nominal,0.0,0.0,0.0,0.0,0.0,0.0,0.0,0.0,0.0,0.0,0.0,0.0,0.0
13050,2594.221347069736,87.38921844807265,1126.85,83.32126269491738,55.799834257626166,14.003245101449993,4.93973094498611,18.183088308788133,0.381135002170544,1.0,0.6706465652760223,1.0,0.9885098200787855,0.6706465652760223,0,nominal,0.0,0.0,0.0,0.0,0.0,0.0,0.0,0.0,0.0,0.0,0.0,0.0,0.0
13100,2594.221347069736,87.38288711993061,1126.85,83.31853498706243,55.80395112322727,14.003245101449993,4.939633466929137,18.182729493270074,0.381135002170544,1.0,0.670727664670083,1.0,0.9885098200787855,0.670727664670083,0,nominal,0.0,0.0,0.0,0.0,0.0,0.0,0.0,0.0,0.0,0.0,0.0,0.0,0.0
13150,2594.221347069736,87.37655811892205,1126.85,83.31580800569327,55.80806727949907,14.003245101449993,4.939536004555053,18.18237073548053,0.381135002170544,1.0,0.6708087500908491,1.0,0.9885098200787855,0.6708087500908491,0,nominal,0.0,0.0,0.0,0.0,0.0,0.0,0.0,0.0,0.0,0.0,0.0,0.0,0.0
13200,2594.221347069736,87.37023144417384,1126.85,83.31308175087025,55.81218272603039,14.003245101449993,4.939438557872874,18.1820120354527,0.381135002170544,1.0,0.6708898215302203,1.0,0.9885098200787855,0.6708898215302203,0,nominal,0.0,0.0,0.0,0.0,0.0,0.0,0.0,0.0,0.0,0.0,0.0,0.0,0.0
13250,2594.221347069736,87.36390709481327,1126.85,83.31035622265335,55.816297462410645,14.003245101449993,4.939341126891616,18.18165339321976,0.381135002170544,1.0,0.6709708789801085,1.0,0.9885098200787855,0.6709708789801085,0,nominal,0.0,0.0,0.0,0.0,0.0,0.0,0.0,0.0,0.0,0.0,0.0,0.0,0.0
13300,2594.221347069736,87.35758506996802,1126.85,83.30763142110226,55.82041148822973,14.003245101449993,4.9392437116202705,18.181294808814815,0.381135002170544,1.0,0.6710519224324352,1.0,0.9885098200787855,0.6710519224324352,0,nominal,0.0,0.0,0.0,0.0,0.0,0.0,0.0,0.0,0.0,0.0,0.0,0.0,0.0
13350,2594.221347069736,87.35126536876601,1126.85,83.30490734627625,55.824524803078056,14.003245101449993,4.939146312067828,18.180936282270952,0.381135002170544,1.0,0.6711329518791315,1.0,0.9885098200787855,0.6711329518791315,0,nominal,0.0,0.0,0.0,0.0,0.0,0.0,0.0,0.0,0.0,0.0,0.0,0.0,0.0
13400,2594.221347069736,87.34494799033553,1126.85,83.30218399823423,55.82863740654657,14.003245101449993,4.939048928243257,18.1805778136212,0.381135002170544,1.0,0.6712139673121393,1.0,0.9885098200787855,0.6712139673121393,0,nominal,0.0,0.0,0.0,0.0,0.0,0.0,0.0,0.0,0.0,0.0,0.0,0.0,0.0
13450,2594.221347069736,87.33863293380534,1126.85,83.29946137703479,55.832749298226766,14.003245101449993,4.93895156015552,18.180219402898526,0.381135002170544,1.0,0.6712949687234117,1.0,0.9885098200787855,0.6712949687234117,0,nominal,0.0,0.0,0.0,0.0,0.0,0.0,0.0,0.0,0.0,0.0,0.0,0.0,0.0
13500,2594.221347069736,87.33232019830444,1126.85,83.29673948273609,55.83686047771063,14.003245101449993,4.938854207813565,18.179861050135884,0.381135002170544,1.0,0.6713759561049105,1.0,0.9885098200787855,0.6713759561049105,0,nominal,0.0,0.0,0.0,0.0,0.0,0.0,0.0,0.0,0.0,0.0,0.0,0.0,0.0
13550,2594.221347069736,87.32600978296227,1126.85,83.29401831539604,55.840970944590694,14.003245101449993,4.938756871226326,18.179502755366162,0.381135002170544,1.0,0.6714569294486094,1.0,0.9885098200787855,0.6714569294486094,0,nominal,0.0,0.0,0.0,0.0,0.0,0.0,0.0,0.0,0.0,0.0,0.0,0.0,0.0
13600,2594.221347069736,87.31970168690856,1126.85,83.29129787507213,55.845080698459945,14.003245101449993,4.938659550402732,18.179144518622216,0.381135002170544,1.0,0.6715378887464902,1.0,0.9885098200787855,0.6715378887464902,0,nominal,0.0,0.0,0.0,0.0,0.0,0.0,0.0,0.0,0.0,0.0,0.0,0.0,0.0
13650,2594.221347069736,87.31339590927337,1126.85,83.28857816182148,55.849189738911896,14.003245101449993,4.938562245351694,18.178786339936853,0.381135002170544,1.0,0.6716188339905456,1.0,0.9885098200787855,0.6716188339905456,0,nominal,0.0,0.0,0.0,0.0,0.0,0.0,0.0,0.0,0.0,0.0,0.0,0.0,0.0
13700,2594.221347069736,87.30709244918722,1126.85,83.28585917570086,55.85329806554074,14.003245101449993,4.9384649560821074,18.17842821934282,0.381135002170544,1.0,0.6716997651727814,1.0,0.9885098200787855,0.6716997651727814,0,nominal,0.0,0.0,0.0,0.0,0.0,0.0,0.0,0.0,0.0,0.0,0.0,0.0,0.0
13750,2594.221347069736,87.30079130578093,1126.85,83.28314091676668,55.85740567794095,14.003245101449993,4.938367682602865,18.178070156872845,0.381135002170544,1.0,0.6717806822852088,1.0,0.9885098200787855,0.6717806822852088,0,nominal,0.0,0.0,0.0,0.0,0.0,0.0,0.0,0.0,0.0,0.0,0.0,0.0,0.0
13800,2594.221347069736,87.2944924781857,1126.85,83.28042338507504,55.86151257570777,14.003245101449993,4.938270424922839,18.177712152559593,0.381135002170544,1.0,0.6718615853198547,1.0,0.9885098200787855,0.6718615853198547,0,nominal,0.0,0.0,0.0,0.0,0.0,0.0,0.0,0.0,0.0,0.0,0.0,0.0,0.0
13850,2594.221347069736,87.28819596553302,1126.85,83.27770658068158,55.86561875843674,14.003245101449993,4.938173183050894,18.177354206435687,0.381135002170544,1.0,0.6719424742687513,1.0,0.9885098200787855,0.6719424742687513,0,nominal,0.0,0.0,0.0,0.0,0.0,0.0,0.0,0.0,0.0,0.0,0.0,0.0,0.0
13900,2594.221347069736,87.28190176695477,1126.85,83.27499050364173,55.86972422572412,14.003245101449993,4.938075956995879,18.176996318533707,0.381135002170544,1.0,0.6720233491239456,1.0,0.9885098200787855,0.6720233491239456,0,nominal,0.0,0.0,0.0,0.0,0.0,0.0,0.0,0.0,0.0,0.0,0.0,0.0,0.0
13950,2594.221347069736,87.2756098815832,1126.85,83.27227515401046,55.873828977166454,14.003245101449993,4.937978746766637,18.1766384888862,0.381135002170544,1.0,0.6721042098774892,1.0,0.9885098200787855,0.6721042098774892,0,nominal,0.0,0.0,0.0,0.0,0.0,0.0,0.0,0.0,0.0,0.0,0.0,0.0,0.0
14000,2594.221347069736,87.26932030855085,1126.85,83.26956053184239,55.87793301236105,14.003245101449993,4.937881552371992,18.176280717525646,0.381135002170544,1.0,0.6721850565214497,1.0,0.9885098200787855,0.6721850565214497,0,nominal,0.0,0.0,0.0,0.0,0.0,0.0,0.0,0.0,0.0,0.0,0.0,0.0,0.0
14050,2594.221347069736,87.26303304699076,1126.85,83.2668466371918,55.88203633090558,14.003245101449993,4.937784373820757,18.175923004484492,0.381135002170544,1.0,0.6722658890479015,1.0,0.9885098200787855,0.6722658890479015,0,nominal,0.0,0.0,0.0,0.0,0.0,0.0,0.0,0.0,0.0,0.0,0.0,0.0,0.0
14100,2594.221347069736,87.25674809603618,1126.85,83.26413347011265,55.8861389323983,14.003245101449993,4.93768721112174,18.175565349795153,0.381135002170544,1.0,0.6723467074489305,1.0,0.9885098200787855,0.6723467074489305,0,nominal,0.0,0.0,0.0,0.0,0.0,0.0,0.0,0.0,0.0,0.0,0.0,0.0,0.0
14150,2594.221347069736,87.25046545482076,1126.85,83.26142103065854,55.89024081643795,14.003245101449993,4.937590064283726,18.175207753489968,0.381135002170544,1.0,0.6724275117166322,1.0,0.9885098200787855,0.6724275117166322,0,nominal,0.0,0.0,0.0,0.0,0.0,0.0,0.0,0.0,0.0,0.0,0.0,0.0,0.0
14200,2594.221347069736,87.24418512247848,1126.85,83.25870931888272,55.8943419826238,14.003245101449993,4.937492933315496,18.174850215601264,0.381135002170544,1.0,0.6725083018431123,1.0,0.9885098200787855,0.6725083018431123,0,nominal,0.0,0.0,0.0,0.0,0.0,0.0,0.0,0.0,0.0,0.0,0.0,0.0,0.0
14250,2594.221347069736,87.23790709814375,1126.85,83.25599833483801,55.89844243055552,14.003245101449993,4.937395818225818,18.174492736161312,0.381135002170544,1.0,0.6725890778204847,1.0,0.9885098200787855,0.6725890778204847,0,nominal,0.0,0.0,0.0,0.0,0.0,0.0,0.0,0.0,0.0,0.0,0.0,0.0,0.0
14300,2594.221347069736,87.23163138095128,1126.85,83.25328807857699,55.90254215983357,14.003245101449993,4.9372987190234445,18.174135315202328,0.381135002170544,1.0,0.6726698396408789,1.0,0.9885098200787855,0.6726698396408789,0,nominal,0.0,0.0,0.0,0.0,0.0,0.0,0.0,0.0,0.0,0.0,0.0,0.0,0.0
14350,2594.221347069736,87.2253579700361,1126.85,83.25057855015177,55.906641170058734,14.003245101449993,4.937201635717118,18.1737779527565,0.381135002170544,1.0,0.6727505872964303,1.0,0.9885098200787855,0.6727505872964303,0,nominal,0.0,0.0,0.0,0.0,0.0,0.0,0.0,0.0,0.0,0.0,0.0,0.0,0.0
14400,2594.221347069736,87.21908686453366,1126.85,83.24786974961421,55.910739460832325,14.003245101449993,4.937104568315567,18.17342064885595,0.381135002170544,1.0,0.6728313207792853,1.0,0.9885098200787855,0.6728313207792853,0,nominal,0.0,0.0,0.0,0.0,0.0,0.0,0.0,0.0,0.0,0.0,0.0,0.0,0.0
14450,2594.221347069736,87.21281806357968,1126.85,83.2451616770158,55.91483703175622,14.003245101449993,4.937007516827513,18.173063403532783,0.381135002170544,1.0,0.6729120400816011,1.0,0.9885098200787855,0.6729120400816011,0,nominal,0.0,0.0,0.0,0.0,0.0,0.0,0.0,0.0,0.0,0.0,0.0,0.0,0.0
14500,2594.221347069736,87.20655156631034,1126.85,83.24245433240765,55.918933882432725,14.003245101449993,4.936910481261659,18.17270621681904,0.381135002170544,1.0,0.6729927451955434,1.0,0.9885098200787855,0.6729927451955434,0,nominal,0.0,0.0,0.0,0.0,0.0,0.0,0.0,0.0,0.0,0.0,0.0,0.0,0.0
14550,2594.221347069736,87.20028737186209,1126.85,83.23974771584051,55.92303001246479,14.003245101449993,4.9368134616267,18.172349088746728,0.381135002170544,1.0,0.6730734361132906,1.0,0.9885098200787855,0.6730734361132906,0,nominal,0.0,0.0,0.0,0.0,0.0,0.0,0.0,0.0,0.0,0.0,0.0,0.0,0.0
14600,2594.221347069736,87.19402547937176,1126.85,83.23704182736486,55.92712542145579,14.003245101449993,4.936716457931319,18.171992019347798,0.381135002170544,1.0,0.6731541128270293,1.0,0.9885098200787855,0.6731541128270293,0,nominal,0.0,0.0,0.0,0.0,0.0,0.0,0.0,0.0,0.0,0.0,0.0,0.0,0.0
14650,2594.221347069736,87.18776588797652,1126.85,83.23433666703073,55.93122010900964,14.003245101449993,4.936619470184187,18.171635008654174,0.381135002170544,1.0,0.6732347753289569,1.0,0.9885098200787855,0.6732347753289569,0,nominal,0.0,0.0,0.0,0.0,0.0,0.0,0.0,0.0,0.0,0.0,0.0,0.0,0.0
14700,2594.221347069736,87.1815085968139,1126.85,83.23163223488785,55.93531407473073,14.003245101449993,4.936522498393961,18.171278056697727,0.381135002170544,1.0,0.6733154236112805,1.0,0.9885098200787855,0.6733154236112805,0,nominal,0.0,0.0,0.0,0.0,0.0,0.0,0.0,0.0,0.0,0.0,0.0,0.0,0.0
14750,2594.221347069736,87.1752536050218,1126.85,83.22892853098563,55.939407318224085,14.003245101449993,4.936425542569284,18.170921163510265,0.381135002170544,1.0,0.6733960576662191,1.0,0.9885098200787855,0.6733960576662191,0,nominal,0.0,0.0,0.0,0.0,0.0,0.0,0.0,0.0,0.0,0.0,0.0,0.0,0.0
14800,2594.221347069736,87.16900091173846,1126.85,83.22622555537305,55.94349983909511,14.003245101449993,4.936328602718793,18.170564329123586,0.381135002170544,1.0,0.6734766774859996,1.0,0.9885098200787855,0.6734766774859996,0,nominal,0.0,0.0,0.0,0.0,0.0,0.0,0.0,0.0,0.0,0.0,0.0,0.0,0.0
14850,2594.221347069736,87.16275051610245,1126.85,83.22352330809883,55.947591636949795,14.003245101449993,4.936231678851109,18.17020755356942,0.381135002170544,1.0,0.67355728306286,1.0,0.9885098200787855,0.67355728306286,0,nominal,0.0,0.0,0.0,0.0,0.0,0.0,0.0,0.0,0.0,0.0,0.0,0.0,0.0
14900,2594.221347069736,87.15650241725268,1126.85,83.2208217892113,55.951682711394604,14.003245101449993,4.936134770974842,18.169850836879466,0.381135002170544,1.0,0.6736378743890483,1.0,0.9885098200787855,0.6736378743890483,0,nominal,0.0,0.0,0.0,0.0,0.0,0.0,0.0,0.0,0.0,0.0,0.0,0.0,0.0
14950,2594.221347069736,87.15025661432844,1126.85,83.21812099875848,55.955773062036606,14.003245101449993,4.93603787909859,18.169494179085362,0.381135002170544,1.0,0.6737184514568237,1.0,0.9885098200787855,0.6737184514568237,0,nominal,0.0,0.0,0.0,0.0,0.0,0.0,0.0,0.0,0.0,0.0,0.0,0.0,0.0
15000,2594.221347069736,87.1440131064694,1126.85,83.21542093678801,55.95986268848319,14.003245101449993,4.935941003230942,18.169137580218734,0.381135002170544,1.0,0.6737990142584522,1.0,0.9885098200787855,0.6737990142584522,0,nominal,0.0,0.0,0.0,0.0,0.0,0.0,0.0,0.0,0.0,0.0,0.0,0.0,0.0
15050,2594.221347069736,87.13777189281552,1126.85,83.21272160334718,55.96395159034247,14.003245101449993,4.935844143380467,18.16878104031112,0.381135002170544,1.0,0.6738795627862139,1.0,0.9885098200787855,0.6738795627862139,0,nominal,0.0,0.0,0.0,0.0,0.0,0.0,0.0,0.0,0.0,0.0,0.0,0.0,0.0
15100,2594.221347069736,87.13153297250716,1126.85,83.21002299848294,55.96803976722291,14.003245101449993,4.935747299555732,18.168424559394058,0.381135002170544,1.0,0.6739600970323958,1.0,0.9885098200787855,0.6739600970323958,0,nominal,0.0,0.0,0.0,0.0,0.0,0.0,0.0,0.0,0.0,0.0,0.0,0.0,0.0
15150,2594.221347069736,87.12529634468501,1126.85,83.20732512224191,55.97212721873358,14.003245101449993,4.935650471765286,18.16806813749901,0.381135002170544,1.0,0.6740406169892967,1.0,0.9885098200787855,0.6740406169892967,0,nominal,0.0,0.0,0.0,0.0,0.0,0.0,0.0,0.0,0.0,0.0,0.0,0.0,0.0
15200,2594.221347069736,87.11906200849006,1126.85,83.20462797467036,55.976213944484094,14.003245101449993,4.935553660017666,18.167711774657405,0.381135002170544,1.0,0.6741211226492265,1.0,0.9885098200787855,0.6741211226492265,0,nominal,0.0,0.0,0.0,0.0,0.0,0.0,0.0,0.0,0.0,0.0,0.0,0.0,0.0
15250,2594.221347069736,87.11282996306375,1126.85,83.20193155581421,55.98029994408449,14.003245101449993,4.935456864321397,18.16735547090063,0.381135002170544,1.0,0.6742016140045033,1.0,0.9885098200787855,0.6742016140045033,0,nominal,0.0,0.0,0.0,0.0,0.0,0.0,0.0,0.0,0.0,0.0,0.0,0.0,0.0
15300,2594.221347069736,87.10660020754779,1126.85,83.19923586571906,55.9843852171453,14.003245101449993,4.935360084684997,18.166999226260028,0.381135002170544,1.0,0.6742820910474545,1.0,0.9885098200787855,0.6742820910474545,0,nominal,0.0,0.0,0.0,0.0,0.0,0.0,0.0,0.0,0.0,0.0,0.0,0.0,0.0
15350,2594.221347069736,87.10037274108424,1126.85,83.19654090443015,55.988469763277664,14.003245101449993,4.935263321116967,18.1666430407669,0.381135002170544,1.0,0.6743625537704199,1.0,0.9885098200787855,0.6743625537704199,0,nominal,0.0,0.0,0.0,0.0,0.0,0.0,0.0,0.0,0.0,0.0,0.0,0.0,0.0
15400,2594.221347069736,87.09414756281558,1126.85,83.19384667199233,55.99255358209316,14.003245101449993,4.935166573625796,18.166286914452492,0.381135002170544,1.0,0.6744430021657482,1.0,0.9885098200787855,0.6744430021657482,0,nominal,0.0,0.0,0.0,0.0,0.0,0.0,0.0,0.0,0.0,0.0,0.0,0.0,0.0
15450,2594.221347069736,87.08792467188454,1126.85,83.19115316845023,55.99663667320396,14.003245101449993,4.935069842219965,18.16593084734802,0.381135002170544,1.0,0.674523436225799,1.0,0.9885098200787855,0.674523436225799,0,nominal,0.0,0.0,0.0,0.0,0.0,0.0,0.0,0.0,0.0,0.0,0.0,0.0,0.0
15500,2594.221347069736,87.08170406743426,1126.85,83.188460393848,56.00071903622256,14.003245101449993,4.934973126907942,18.165574839484652,0.381135002170544,1.0,0.6746038559429393,1.0,0.9885098200787855,0.6746038559429393,0,nominal,0.0,0.0,0.0,0.0,0.0,0.0,0.0,0.0,0.0,0.0,0.0,0.0,0.0
15550,2594.221347069736,87.07548574860823,1126.85,83.18576834822954,56.00480067076221,14.003245101449993,4.934876427698178,18.165218890893502,0.381135002170544,1.0,0.6746842613095497,1.0,0.9885098200787855,0.6746842613095497,0,nominal,0.0,0.0,0.0,0.0,0.0,0.0,0.0,0.0,0.0,0.0,0.0,0.0,0.0
15600,2594.221347069736,87.06926971455033,1126.85,83.18307703163839,56.00888157643653,14.003245101449993,4.93477974459912,18.16486300160566,0.381135002170544,1.0,0.6747646523180193,1.0,0.9885098200787855,0.6747646523180193,0,nominal,0.0,0.0,0.0,0.0,0.0,0.0,0.0,0.0,0.0,0.0,0.0,0.0,0.0
15650,2594.221347069736,87.06305596440467,1126.85,83.18038644411774,56.01296175285964,14.003245101449993,4.934683077619196,18.164507171652154,0.381135002170544,1.0,0.6748450289607464,1.0,0.9885098200787855,0.6748450289607464,0,nominal,0.0,0.0,0.0,0.0,0.0,0.0,0.0,0.0,0.0,0.0,0.0,0.0,0.0
15700,2594.221347069736,87.05684449731581,1126.85,83.17769658571046,56.01704119964617,14.003245101449993,4.934586426766829,18.164151401063982,0.381135002170544,1.0,0.6749253912301395,1.0,0.9885098200787855,0.6749253912301395,0,nominal,0.0,0.0,0.0,0.0,0.0,0.0,0.0,0.0,0.0,0.0,0.0,0.0,0.0
15750,2594.221347069736,87.0506353124286,1126.85,83.17500745645901,56.021119916411266,14.003245101449993,4.934489792050425,18.16379568987209,0.381135002170544,1.0,0.6750057391186169,1.0,0.9885098200787855,0.6750057391186169,0,nominal,0.0,0.0,0.0,0.0,0.0,0.0,0.0,0.0,0.0,0.0,0.0,0.0,0.0
15800,2594.221347069736,87.04442840888828,1126.85,83.17231905640563,56.0251979027707,14.003245101449993,4.934393173478378,18.163440038107375,0.381135002170544,1.0,0.6750860726186103,1.0,0.9885098200787855,0.6750860726186103,0,nominal,0.0,0.0,0.0,0.0,0.0,0.0,0.0,0.0,0.0,0.0,0.0,0.0,0.0
15850,2594.221347069736,87.03822378584039,1126.85,83.16963138559214,56.02927515834061,14.003245101449993,4.9342965710590745,18.163084445800706,0.381135002170544,1.0,0.6751663917225571,1.0,0.9885098200787855,0.6751663917225571,0,nominal,0.0,0.0,0.0,0.0,0.0,0.0,0.0,0.0,0.0,0.0,0.0,0.0,0.0
15900,2594.221347069736,87.0320214424309,1126.85,83.16694444406,56.033351682737596,14.003245101449993,4.934199984800886,18.162728912982903,0.381135002170544,1.0,0.6752466964229051,1.0,0.9885098200787855,0.6752466964229051,0,nominal,0.0,0.0,0.0,0.0,0.0,0.0,0.0,0.0,0.0,0.0,0.0,0.0,0.0
15950,2594.221347069736,87.02582137780604,1126.85,83.1642582318504,56.037427475578994,14.003245101449993,4.934103414712172,18.162373439684735,0.381135002170544,1.0,0.6753269867121159,1.0,0.9885098200787855,0.6753269867121159,0,nominal,0.0,0.0,0.0,0.0,0.0,0.0,0.0,0.0,0.0,0.0,0.0,0.0,0.0
16000,2594.221347069736,87.0196235911124,1126.85,83.16157274900416,56.0415025364824,14.003245101449993,4.93400686080128,18.16201802593693,0.381135002170544,1.0,0.6754072625826564,1.0,0.9885098200787855,0.6754072625826564,0,nominal,0.0,0.0,0.0,0.0,0.0,0.0,0.0,0.0,0.0,0.0,0.0,0.0,0.0
16050,2594.221347069736,87.01342808149695,1126.85,83.15888799556183,56.045576865066096,14.003245101449993,4.933910323076549,18.161662671770184,0.381135002170544,1.0,0.6754875240270072,1.0,0.9885098200787855,0.6754875240270072,0,nominal,0.0,0.0,0.0,0.0,0.0,0.0,0.0,0.0,0.0,0.0,0.0,0.0,0.0
16100,2594.221347069736,87.00723484810698,1126.85,83.15620397156346,56.04965046094867,14.003245101449993,4.933813801546304,18.161307377215138,0.381135002170544,1.0,0.6755677710376543,1.0,0.9885098200787855,0.6755677710376543,0,nominal,0.0,0.0,0.0,0.0,0.0,0.0,0.0,0.0,0.0,0.0,0.0,0.0,0.0
16150,2594.221347069736,87.00104389009016,1126.85,83.15352067704896,56.05372332374948,14.003245101449993,4.933717296218856,18.16095214230239,0.381135002170544,1.0,0.6756480036071,1.0,0.9885098200787855,0.6756480036071,0,nominal,0.0,0.0,0.0,0.0,0.0,0.0,0.0,0.0,0.0,0.0,0.0,0.0,0.0
16200,2594.221347069736,86.99485520659448,1126.85,83.15083811205773,56.057795453088126,14.003245101449993,4.933620807102509,18.160596967062496,0.381135002170544,1.0,0.67572822172785,1.0,0.9885098200787855,0.67572822172785,0,nominal,0.0,0.0,0.0,0.0,0.0,0.0,0.0,0.0,0.0,0.0,0.0,0.0,0.0
16250,2594.221347069736,86.98866879676825,1126.85,83.14815627662898,56.061866848584955,14.003245101449993,4.933524334205549,18.16024185152597,0.381135002170544,1.0,0.6758084253924258,1.0,0.9885098200787855,0.6758084253924258,0,nominal,0.0,0.0,0.0,0.0,0.0,0.0,0.0,0.0,0.0,0.0,0.0,0.0,0.0
16300,2594.221347069736,86.98248465976025,1126.85,83.14547517080149,56.065937509860575,14.003245101449993,4.933427877536258,18.159886795723292,0.381135002170544,1.0,0.6758886145933536,1.0,0.9885098200787855,0.6758886145933536,0,nominal,0.0,0.0,0.0,0.0,0.0,0.0,0.0,0.0,0.0,0.0,0.0,0.0,0.0
16350,2594.221347069736,86.9763027947194,1126.85,83.14279479461374,56.070007436536365,14.003245101449993,4.9333314371029,18.159531799684878,0.381135002170544,1.0,0.6759687893231747,1.0,0.9885098200787855,0.6759687893231747,0,nominal,0.0,0.0,0.0,0.0,0.0,0.0,0.0,0.0,0.0,0.0,0.0,0.0,0.0
16400,2594.221347069736,86.97012320079517,1126.85,83.14011514810386,56.07407662823391,14.003245101449993,4.933235012913729,18.159176863441118,0.381135002170544,1.0,0.6760489495744346,1.0,0.9885098200787855,0.6760489495744346,0,nominal,0.0,0.0,0.0,0.0,0.0,0.0,0.0,0.0,0.0,0.0,0.0,0.0,0.0
16450,2594.221347069736,86.96394587713723,1126.85,83.13743623130972,56.0781450845756,14.003245101449993,4.933138604976986,18.158821987022346,0.381135002170544,1.0,0.6761290953396949,1.0,0.9885098200787855,0.6761290953396949,0,nominal,0.0,0.0,0.0,0.0,0.0,0.0,0.0,0.0,0.0,0.0,0.0,0.0,0.0
16500,2594.221347069736,86.95777082289567,1126.85,83.13475804426878,56.08221280518409,14.003245101449993,4.933042213300906,18.15846717045887,0.381135002170544,1.0,0.6762092266115218,1.0,0.9885098200787855,0.6762092266115218,0,nominal,0.0,0.0,0.0,0.0,0.0,0.0,0.0,0.0,0.0,0.0,0.0,0.0,0.0
16550,2594.221347069736,86.95159803722089,1126.85,83.13208058701815,56.08627978968263,14.003245101449993,4.932945837893706,18.15811241378094,0.381135002170544,1.0,0.6762893433824937,1.0,0.9885098200787855,0.6762893433824937,0,nominal,0.0,0.0,0.0,0.0,0.0,0.0,0.0,0.0,0.0,0.0,0.0,0.0,0.0
16600,2594.221347069736,86.94542751926366,1126.85,83.12940385959467,56.09034603769496,14.003245101449993,4.932849478763595,18.157757717018775,0.381135002170544,1.0,0.6763694456451986,1.0,0.9885098200787855,0.6763694456451986,0,nominal,0.0,0.0,0.0,0.0,0.0,0.0,0.0,0.0,0.0,0.0,0.0,0.0,0.0
16650,2594.221347069736,86.93925926817508,1126.85,83.12672786203478,56.09441154884539,14.003245101449993,4.932753135918767,18.157403080202528,0.381135002170544,1.0,0.676449533392236,1.0,0.9885098200787855,0.676449533392236,0,nominal,0.0,0.0,0.0,0.0,0.0,0.0,0.0,0.0,0.0,0.0,0.0,0.0,0.0
16700,2594.221347069736,86.93309328310659,1126.85,83.12405259437469,56.0984763227587,14.003245101449993,4.932656809367406,18.157048503362336,0.381135002170544,1.0,0.6765296066162136,1.0,0.9885098200787855,0.6765296066162136,0,nominal,0.0,0.0,0.0,0.0,0.0,0.0,0.0,0.0,0.0,0.0,0.0,0.0,0.0
16750,2594.221347069736,86.92692956321002,1126.85,83.1213780566502,56.102540359060136,14.003245101449993,4.932560499117684,18.15669398652827,0.381135002170544,1.0,0.6766096653097495,1.0,0.9885098200787855,0.6766096653097495,0,nominal,0.0,0.0,0.0,0.0,0.0,0.0,0.0,0.0,0.0,0.0,0.0,0.0,0.0
16800,2594.221347069736,86.92076810763751,1126.85,83.11870424889679,56.10660365737539,14.003245101449993,4.932464205177763,18.156339529730385,0.381135002170544,1.0,0.6766897094654701,1.0,0.9885098200787855,0.6766897094654701,0,nominal,0.0,0.0,0.0,0.0,0.0,0.0,0.0,0.0,0.0,0.0,0.0,0.0,0.0
16850,2594.221347069736,86.91460891554146,1126.85,83.11603117114964,56.110666217330774,14.003245101449993,4.9323679275557915,18.15598513299867,0.381135002170544,1.0,0.6767697390760139,1.0,0.9885098200787855,0.6767697390760139,0,nominal,0.0,0.0,0.0,0.0,0.0,0.0,0.0,0.0,0.0,0.0,0.0,0.0,0.0
16900,2594.221347069736,86.9084519860748,1126.85,83.11335882344355,56.11472803855311,14.003245101449993,4.932271666259907,18.155630796363074,0.381135002170544,1.0,0.6768497541340294,1.0,0.9885098200787855,0.6768497541340294,0,nominal,0.0,0.0,0.0,0.0,0.0,0.0,0.0,0.0,0.0,0.0,0.0,0.0,0.0
16950,2594.221347069736,86.90229731839065,1126.85,83.11068720581306,56.11878912066956,14.003245101449993,4.9321754212982345,18.155276519853512,0.381135002170544,1.0,0.6769297546321722,1.0,0.9885098200787855,0.6769297546321722,0,nominal,0.0,0.0,0.0,0.0,0.0,0.0,0.0,0.0,0.0,0.0,0.0,0.0,0.0
17000,2594.221347069736,86.89614491164252,1126.85,83.10801631829236,56.1228494633079,14.003245101449993,4.93207919267889,18.154922303499855,0.381135002170544,1.0,0.6770097405631097,1.0,0.9885098200787855,0.6770097405631097,0,nominal,0.0,0.0,0.0,0.0,0.0,0.0,0.0,0.0,0.0,0.0,0.0,0.0,0.0
17050,2594.221347069736,86.88999476498424,1126.85,83.10534616091525,56.126909066096445,14.003245101449993,4.931982980409973,18.154568147331922,0.381135002170544,1.0,0.6770897119195197,1.0,0.9885098200787855,0.6770897119195197,0,nominal,0.0,0.0,0.0,0.0,0.0,0.0,0.0,0.0,0.0,0.0,0.0,0.0,0.0
17100,2594.221347069736,86.88384687757008,1126.85,83.10267673371521,56.13096792866393,14.003245101449993,4.9318867844995795,18.15421405137951,0.381135002170544,1.0,0.6771696686940888,1.0,0.9885098200787855,0.6771696686940888,0,nominal,0.0,0.0,0.0,0.0,0.0,0.0,0.0,0.0,0.0,0.0,0.0,0.0,0.0
17150,2594.221347069736,86.8777012485545,1126.85,83.10000803672551,56.13502605063973,14.003245101449993,4.931790604955781,18.153860015672326,0.381135002170544,1.0,0.6772496108795161,1.0,0.9885098200787855,0.6772496108795161,0,nominal,0.0,0.0,0.0,0.0,0.0,0.0,0.0,0.0,0.0,0.0,0.0,0.0,0.0
17200,2594.221347069736,86.87155787709247,1126.85,83.097340069979,56.139083431653454,14.003245101449993,4.93169444178665,18.153506040240096,0.381135002170544,1.0,0.6773295384685046,1.0,0.9885098200787855,0.6773295384685046,0,nominal,0.0,0.0,0.0,0.0,0.0,0.0,0.0,0.0,0.0,0.0,0.0,0.0,0.0
17250,2594.221347069736,86.86541676233918,1126.85,83.09467283350818,56.14314007133546,14.003245101449993,4.931598295000241,18.153152125112463,0.381135002170544,1.0,0.6774094514537733,1.0,0.9885098200787855,0.6774094514537733,0,nominal,0.0,0.0,0.0,0.0,0.0,0.0,0.0,0.0,0.0,0.0,0.0,0.0,0.0
17300,2594.221347069736,86.85927790345016,1126.85,83.0920063273453,56.14719596931644,14.003245101449993,4.931502164604601,18.15279827031904,0.381135002170544,1.0,0.6774893498280466,1.0,0.9885098200787855,0.6774893498280466,0,nominal,0.0,0.0,0.0,0.0,0.0,0.0,0.0,0.0,0.0,0.0,0.0,0.0,0.0
17350,2594.221347069736,86.85314129958141,1126.85,83.08934055152224,56.151251125227674,14.003245101449993,4.931406050607761,18.1524444758894,0.381135002170544,1.0,0.6775692335840611,1.0,0.9885098200787855,0.6775692335840611,0,nominal,0.0,0.0,0.0,0.0,0.0,0.0,0.0,0.0,0.0,0.0,0.0,0.0,0.0
17400,2594.221347069736,86.84700694988913,1126.85,83.08667550607055,56.155305538700986,14.003245101449993,4.931309953017739,18.152090741853055,0.381135002170544,1.0,0.677649102714564,1.0,0.9885098200787855,0.677649102714564,0,nominal,0.0,0.0,0.0,0.0,0.0,0.0,0.0,0.0,0.0,0.0,0.0,0.0,0.0
17450,2594.221347069736,86.8408748535299,1126.85,83.08401119102149,56.15935920936854,14.003245101449993,4.931213871842549,18.151737068239502,0.381135002170544,1.0,0.6777289572123091,1.0,0.9885098200787855,0.6777289572123091,0,nominal,0.0,0.0,0.0,0.0,0.0,0.0,0.0,0.0,0.0,0.0,0.0,0.0,0.0
17500,2594.221347069736,86.83474500966071,1126.85,83.08134760640593,56.16341213686307,14.003245101449993,4.93111780709019,18.151383455078186,0.381135002170544,1.0,0.6778087970700617,1.0,0.9885098200787855,0.6778087970700617,0,nominal,0.0,0.0,0.0,0.0,0.0,0.0,0.0,0.0,0.0,0.0,0.0,0.0,0.0
17550,2594.221347069736,86.8286174174388,1126.85,83.0786847522545,56.16746432081795,14.003245101449993,4.931021758768644,18.15102990239849,0.381135002170544,1.0,0.6778886222805994,1.0,0.9885098200787855,0.6778886222805994,0,nominal,0.0,0.0,0.0,0.0,0.0,0.0,0.0,0.0,0.0,0.0,0.0,0.0,0.0
17600,2594.221347069736,86.82249207602183,1126.85,83.07602262859746,56.171515760866825,14.003245101449993,4.930925726885888,18.150676410229774,0.381135002170544,1.0,0.6779684328367053,1.0,0.9885098200787855,0.6779684328367053,0,nominal,0.0,0.0,0.0,0.0,0.0,0.0,0.0,0.0,0.0,0.0,0.0,0.0,0.0
17650,2594.221347069736,86.8163689845677,1126.85,83.07336123546474,56.17556645664393,14.003245101449993,4.930829711449887,18.15032297860136,0.381135002170544,1.0,0.678048228731174,1.0,0.9885098200787855,0.678048228731174,0,nominal,0.0,0.0,0.0,0.0,0.0,0.0,0.0,0.0,0.0,0.0,0.0,0.0,0.0
17700,2594.221347069736,86.8102481422348,1126.85,83.07070057288593,56.17961640778406,14.003245101449993,4.93073371246859,18.14996960754251,0.381135002170544,1.0,0.6781280099568113,1.0,0.9885098200787855,0.6781280099568113,0,nominal,0.0,0.0,0.0,0.0,0.0,0.0,0.0,0.0,0.0,0.0,0.0,0.0,0.0
17750,2594.221347069736,86.80412954818172,1126.85,83.06804064089033,56.18366561392245,14.003245101449993,4.930637729949939,18.149616297082453,0.381135002170544,1.0,0.6782077765064317,1.0,0.9885098200787855,0.6782077765064317,0,nominal,0.0,0.0,0.0,0.0,0.0,0.0,0.0,0.0,0.0,0.0,0.0,0.0,0.0
17800,2594.221347069736,86.79801320156741,1126.85,83.06538143950695,56.18771407469485,14.003245101449993,4.930541763901862,18.149263047250372,0.381135002170544,1.0,0.6782875283728594,1.0,0.9885098200787855,0.6782875283728594,0,nominal,0.0,0.0,0.0,0.0,0.0,0.0,0.0,0.0,0.0,0.0,0.0,0.0,0.0
17850,2594.221347069736,86.79189910155128,1126.85,83.06272296876443,56.191761789737384,14.003245101449993,4.930445814332275,18.148909858075413,0.381135002170544,1.0,0.6783672655489268,1.0,0.9885098200787855,0.6783672655489268,0,nominal,0.0,0.0,0.0,0.0,0.0,0.0,0.0,0.0,0.0,0.0,0.0,0.0,0.0
17900,2594.221347069736,86.78578724729294,1126.85,83.06006522869109,56.19580875868688,14.003245101449993,4.930349881249087,18.148556729586684,0.381135002170544,1.0,0.6784469880274789,1.0,0.9885098200787855,0.6784469880274789,0,nominal,0.0,0.0,0.0,0.0,0.0,0.0,0.0,0.0,0.0,0.0,0.0,0.0,0.0
17950,2594.221347069736,86.77967763795243,1126.85,83.057408219315,56.19985498118047,14.003245101449993,4.93025396466019,18.148203661813234,0.381135002170544,1.0,0.6785266958013683,1.0,0.9885098200787855,0.6785266958013683,0,nominal,0.0,0.0,0.0,0.0,0.0,0.0,0.0,0.0,0.0,0.0,0.0,0.0,0.0
18000,2594.221347069736,86.77357027269011,1126.85,83.05475194066378,56.203900456855855,14.003245101449993,4.930158064573471,18.14785065478409,0.381135002170544,1.0,0.6786063888634574,1.0,0.9885098200787855,0.6786063888634574,0,nominal,0.0,0.0,0.0,0.0,0.0,0.0,0.0,0.0,0.0,0.0,0.0,0.0,0.0
18050,2594.221347069736,86.76746515066662,1126.85,83.05209639276478,56.20794518535129,14.003245101449993,4.930062180996796,18.14749770852822,0.381135002170544,1.0,0.6786860672066203,1.0,0.9885098200787855,0.6786860672066203,0,nominal,0.0,0.0,0.0,0.0,0.0,0.0,0.0,0.0,0.0,0.0,0.0,0.0,0.0
18100,2594.221347069736,86.76136227104303,1126.85,83.04944157564512,56.21198916630555,14.003245101449993,4.929966313938024,18.147144823074548,0.381135002170544,1.0,0.6787657308237409,1.0,0.9885098200787855,0.6787657308237409,0,nominal,0.0,0.0,0.0,0.0,0.0,0.0,0.0,0.0,0.0,0.0,0.0,0.0,0.0
18150,2594.221347069736,86.7552616329807,1126.85,83.0467874893315,56.21603239935768,14.003245101449993,4.929870463405008,18.146791998451974,0.381135002170544,1.0,0.678845379707709,1.0,0.9885098200787855,0.678845379707709,0,nominal,0.0,0.0,0.0,0.0,0.0,0.0,0.0,0.0,0.0,0.0,0.0,0.0,0.0
18200,2594.221347069736,86.74916323564133,1126.85,83.04413413385038,56.220074884147415,14.003245101449993,4.929774629405583,18.146439234689346,0.381135002170544,1.0,0.6789250138514272,1.0,0.9885098200787855,0.6789250138514272,0,nominal,0.0,0.0,0.0,0.0,0.0,0.0,0.0,0.0,0.0,0.0,0.0,0.0,0.0
18250,2594.221347069736,86.74306707818698,1126.85,83.04148150922776,56.2241166203149,14.003245101449993,4.929678811947575,18.146086531815467,0.381135002170544,1.0,0.6790046332478071,1.0,0.9885098200787855,0.6790046332478071,0,nominal,0.0,0.0,0.0,0.0,0.0,0.0,0.0,0.0,0.0,0.0,0.0,0.0,0.0
18300,2594.221347069736,86.73697315978,1126.85,83.03882961548948,56.22815760750089,14.003245101449993,4.929583011038796,18.145733889859095,0.381135002170544,1.0,0.6790842378897713,1.0,0.9885098200787855,0.6790842378897713,0,nominal,0.0,0.0,0.0,0.0,0.0,0.0,0.0,0.0,0.0,0.0,0.0,0.0,0.0
18350,2594.221347069736,86.73088147958316,1126.85,83.03617845266098,56.232197845346484,14.003245101449993,4.9294872266870495,18.145381308848954,0.381135002170544,1.0,0.6791638277702503,1.0,0.9885098200787855,0.6791638277702503,0,nominal,0.0,0.0,0.0,0.0,0.0,0.0,0.0,0.0,0.0,0.0,0.0,0.0,0.0
18400,2594.221347069736,86.72479203675948,1126.85,83.03352802076745,56.23623733349339,14.003245101449993,4.929391458900127,18.145028788813725,0.381135002170544,1.0,0.6792434028821854,1.0,0.9885098200787855,0.6792434028821854,0,nominal,0.0,0.0,0.0,0.0,0.0,0.0,0.0,0.0,0.0,0.0,0.0,0.0,0.0
18450,2594.221347069736,86.7187048304724,1126.85,83.03087831983368,56.240276071583644,14.003245101449993,4.929295707685809,18.144676329782047,0.381135002170544,1.0,0.6793229632185251,1.0,0.9885098200787855,0.6793229632185251,0,nominal,0.0,0.0,0.0,0.0,0.0,0.0,0.0,0.0,0.0,0.0,0.0,0.0,0.0
18500,2594.221347069736,86.71261985988565,1126.85,83.02822934988416,56.24431405925995,14.003245101449993,4.929199973051864,18.144323931782516,0.381135002170544,1.0,0.6794025087722313,1.0,0.9885098200787855,0.6794025087722313,0,nominal,0.0,0.0,0.0,0.0,0.0,0.0,0.0,0.0,0.0,0.0,0.0,0.0,0.0
18550,2594.221347069736,86.70653712416328,1126.85,83.02558111094311,56.248351296165396,14.003245101449993,4.929104255006047,18.14397159484368,0.381135002170544,1.0,0.6794820395362726,1.0,0.9885098200787855,0.6794820395362726,0,nominal,0.0,0.0,0.0,0.0,0.0,0.0,0.0,0.0,0.0,0.0,0.0,0.0,0.0
18600,2594.221347069736,86.70045662246969,1126.85,83.0229336030344,56.25238778194366,14.003245101449993,4.9290085535561055,18.143619318994055,0.381135002170544,1.0,0.6795615555036301,1.0,0.9885098200787855,0.6795615555036301,0,nominal,0.0,0.0,0.0,0.0,0.0,0.0,0.0,0.0,0.0,0.0,0.0,0.0,0.0
18650,2594.221347069736,86.69437835396968,1126.85,83.02028682618163,56.25642351623887,14.003245101449993,4.928912868709771,18.1432671042621,0.381135002170544,1.0,0.6796410566672929,1.0,0.9885098200787855,0.6796410566672929,0,nominal,0.0,0.0,0.0,0.0,0.0,0.0,0.0,0.0,0.0,0.0,0.0,0.0,0.0
18700,2594.221347069736,86.68830231782835,1126.85,83.01764078040804,56.260458498695456,14.003245101449993,4.928817200474771,18.14291495067626,0.381135002170544,1.0,0.679720543020257,1.0,0.9885098200787855,0.679720543020257,0,nominal,0.0,0.0,0.0,0.0,0.0,0.0,0.0,0.0,0.0,0.0,0.0,0.0,0.0
18750,2594.221347069736,86.6822285132111,1126.85,83.01499546573655,56.264492728958636,14.003245101449993,4.928721548858812,18.142562858264906,0.381135002170544,1.0,0.6798000145555333,1.0,0.9885098200787855,0.6798000145555333,0,nominal,0.0,0.0,0.0,0.0,0.0,0.0,0.0,0.0,0.0,0.0,0.0,0.0,0.0
18800,2594.221347069736,86.67615693928371,1126.85,83.01235088218976,56.26852620667397,14.003245101449993,4.928625913869596,18.142210827056388,0.381135002170544,1.0,0.6798794712661393,1.0,0.9885098200787855,0.6798794712661393,0,nominal,0.0,0.0,0.0,0.0,0.0,0.0,0.0,0.0,0.0,0.0,0.0,0.0,0.0
18850,2594.221347069736,86.6700875952123,1126.85,83.00970702978998,56.27255893148753,14.003245101449993,4.928530295514812,18.141858857079004,0.381135002170544,1.0,0.6799589131451033,1.0,0.9885098200787855,0.6799589131451033,0,nominal,0.0,0.0,0.0,0.0,0.0,0.0,0.0,0.0,0.0,0.0,0.0,0.0,0.0
18900,2594.221347069736,86.66402048016329,1126.85,83.00706390855925,56.2765909030459,14.003245101449993,4.928434693802134,18.141506948361013,0.381135002170544,1.0,0.6800383401854629,1.0,0.9885098200787855,0.6800383401854629,0,nominal,0.0,0.0,0.0,0.0,0.0,0.0,0.0,0.0,0.0,0.0,0.0,0.0,0.0
18950,2594.221347069736,86.65795559330348,1126.85,83.00442151851922,56.280622120996064,14.003245101449993,4.928339108739232,18.141155100930632,0.381135002170544,1.0,0.6801177523802642,1.0,0.9885098200787855,0.6801177523802642,0,nominal,0.0,0.0,0.0,0.0,0.0,0.0,0.0,0.0,0.0,0.0,0.0,0.0,0.0
19000,2594.221347069736,86.65189293379996,1126.85,83.00177985969128,56.28465258498553,14.003245101449993,4.928243540333762,18.140803314816058,0.381135002170544,1.0,0.680197149722563,1.0,0.9885098200787855,0.680197149722563,0,nominal,0.0,0.0,0.0,0.0,0.0,0.0,0.0,0.0,0.0,0.0,0.0,0.0,0.0
19050,2594.221347069736,86.64583250082018,1126.85,82.99913893209646,56.28868229466234,14.003245101449993,4.928147988593363,18.1404515900454,0.381135002170544,1.0,0.6802765322054263,1.0,0.9885098200787855,0.6802765322054263,0,nominal,0.0,0.0,0.0,0.0,0.0,0.0,0.0,0.0,0.0,0.0,0.0,0.0,0.0
19100,2594.221347069736,86.63977429353196,1126.85,82.99649873575555,56.29271124967511,14.003245101449993,4.928052453525667,18.140099926646755,0.381135002170544,1.0,0.680355899821932,1.0,0.9885098200787855,0.680355899821932,0,nominal,0.0,0.0,0.0,0.0,0.0,0.0,0.0,0.0,0.0,0.0,0.0,0.0,0.0
19150,2594.221347069736,86.6337183111034,1126.85,82.99385927068897,56.29673944967266,14.003245101449993,4.927956935138298,18.13974832464819,0.381135002170544,1.0,0.6804352525651619,1.0,0.9885098200787855,0.6804352525651619,0,nominal,0.0,0.0,0.0,0.0,0.0,0.0,0.0,0.0,0.0,0.0,0.0,0.0,0.0
19200,2594.221347069736,86.62766455270298,1126.85,82.99122053691684,56.300766894304566,14.003245101449993,4.927861433438864,18.1393967840777,0.381135002170544,1.0,0.6805145904282133,1.0,0.9885098200787855,0.6805145904282133,0,nominal,0.0,0.0,0.0,0.0,0.0,0.0,0.0,0.0,0.0,0.0,0.0,0.0,0.0
19250,2594.221347069736,86.6216130174995,1126.85,82.98858253445894,56.30479358322082,14.003245101449993,4.927765948434961,18.139045304963258,0.381135002170544,1.0,0.6805939134041908,1.0,0.9885098200787855,0.6805939134041908,0,nominal,0.0,0.0,0.0,0.0,0.0,0.0,0.0,0.0,0.0,0.0,0.0,0.0,0.0
19300,2594.221347069736,86.61556370466207,1126.85,82.98594526333483,56.30881951607181,14.003245101449993,4.927670480134179,18.138693887332792,0.381135002170544,1.0,0.6806732214862077,1.0,0.9885098200787855,0.6806732214862077,0,nominal,0.0,0.0,0.0,0.0,0.0,0.0,0.0,0.0,0.0,0.0,0.0,0.0,0.0
19350,2594.221347069736,86.60951661336014,1126.85,82.98330872356371,56.31284469250856,14.003245101449993,4.927575028544088,18.138342531214178,0.381135002170544,1.0,0.6807525146673893,1.0,0.9885098200787855,0.6807525146673893,0,nominal,0.0,0.0,0.0,0.0,0.0,0.0,0.0,0.0,0.0,0.0,0.0,0.0,0.0
19400,2594.221347069736,86.60347174276359,1126.85,82.98067291516446,56.31686911218238,14.003245101449993,4.927479593672261,18.137991236635283,0.381135002170544,1.0,0.6808317929408665,1.0,0.9885098200787855,0.6808317929408665,0,nominal,0.0,0.0,0.0,0.0,0.0,0.0,0.0,0.0,0.0,0.0,0.0,0.0,0.0
19450,2594.221347069736,86.59742909204249,1126.85,82.97803783815561,56.320892774745246,14.003245101449993,4.927384175526244,18.13764000362389,0.381135002170544,1.0,0.6809110562997833,1.0,0.9885098200787855,0.6809110562997833,0,nominal,0.0,0.0,0.0,0.0,0.0,0.0,0.0,0.0,0.0,0.0,0.0,0.0,0.0
19500,2594.221347069736,86.59138866036733,1126.85,82.97540349255547,56.32491567984959,14.003245101449993,4.92728877411358,18.137288832207762,0.381135002170544,1.0,0.6809903047372935,1.0,0.9885098200787855,0.6809903047372935,0,nominal,0.0,0.0,0.0,0.0,0.0,0.0,0.0,0.0,0.0,0.0,0.0,0.0,0.0
19550,2594.221347069736,86.58535044690893,1126.85,82.97276987838205,56.32893782714826,14.003245101449993,4.9271933894418,18.136937722414615,0.381135002170544,1.0,0.6810695382465578,1.0,0.9885098200787855,0.6810695382465578,0,nominal,0.0,0.0,0.0,0.0,0.0,0.0,0.0,0.0,0.0,0.0,0.0,0.0,0.0
19600,2594.221347069736,86.57931445083841,1126.85,82.97013699565292,56.33295921629457,14.003245101449993,4.927098021518424,18.13658667427214,0.381135002170544,1.0,0.681148756820747,1.0,0.9885098200787855,0.681148756820747,0,nominal,0.0,0.0,0.0,0.0,0.0,0.0,0.0,0.0,0.0,0.0,0.0,0.0,0.0
19650,2594.221347069736,86.57328067132727,1126.85,82.96750484438553,56.336979846942484,14.003245101449993,4.9270026703509595,18.136235687807964,0.381135002170544,1.0,0.6812279604530446,1.0,0.9885098200787855,0.6812279604530446,0,nominal,0.0,0.0,0.0,0.0,0.0,0.0,0.0,0.0,0.0,0.0,0.0,0.0,0.0
19700,2594.221347069736,86.5672491075473,1126.85,82.96487342459682,56.34099971874618,14.003245101449993,4.926907335946904,18.13588476304969,0.381135002170544,1.0,0.6813071491366379,1.0,0.9885098200787855,0.6813071491366379,0,nominal,0.0,0.0,0.0,0.0,0.0,0.0,0.0,0.0,0.0,0.0,0.0,0.0,0.0
19750,2594.221347069736,86.56121975867069,1126.85,82.96224273630361,56.34501883136066,14.003245101449993,4.92681201831374,18.13553390002486,0.381135002170544,1.0,0.6813863228647307,1.0,0.9885098200787855,0.6813863228647307,0,nominal,0.0,0.0,0.0,0.0,0.0,0.0,0.0,0.0,0.0,0.0,0.0,0.0,0.0
19800,2594.221347069736,86.55519262386991,1126.85,82.95961277952227,56.349037184441066,14.003245101449993,4.9267167174589455,18.135183098761,0.381135002170544,1.0,0.6814654816305294,1.0,0.9885098200787855,0.6814654816305294,0,nominal,0.0,0.0,0.0,0.0,0.0,0.0,0.0,0.0,0.0,0.0,0.0,0.0,0.0
19850,2594.221347069736,86.54916770231773,1126.85,82.95698355426896,56.35305477764332,14.003245101449993,4.926621433389981,18.13483235928557,0.381135002170544,1.0,0.6815446254272562,1.0,0.9885098200787855,0.6815446254272562,0,nominal,0.0,0.0,0.0,0.0,0.0,0.0,0.0,0.0,0.0,0.0,0.0,0.0,0.0
19900,2594.221347069736,86.54314499318735,1126.85,82.95435506055952,56.357071610623585,14.003245101449993,4.926526166114299,18.13448168162601,0.381135002170544,1.0,0.6816237542481378,1.0,0.9885098200787855,0.6816237542481378,0,nominal,0.0,0.0,0.0,0.0,0.0,0.0,0.0,0.0,0.0,0.0,0.0,0.0,0.0
19950,2594.221347069736,86.53712449565222,1126.85,82.95172729840942,56.36108768303863,14.003245101449993,4.926430915639341,18.1341310658097,0.381135002170544,1.0,0.6817028680864125,1.0,0.9885098200787855,0.6817028680864125,0,nominal,0.0,0.0,0.0,0.0,0.0,0.0,0.0,0.0,0.0,0.0,0.0,0.0,0.0
20000,2594.221347069736,86.53110620888617,1126.85,82.9491002678339,56.36510299454573,14.003245101449993,4.926335681972538,18.133780511864003,0.381135002170544,1.0,0.6817819669353289,1.0,0.9885098200787855,0.6817819669353289,0,nominal,0.0,0.0,0.0,0.0,0.0,0.0,0.0,0.0,0.0,0.0,0.0,0.0,0.0
20050,2594.221347069736,86.52509013206338,1126.85,82.94647396884784,56.28968581608958,14.003245101449993,4.926240465121304,18.133430019816206,0.381135002170544,1.0,0.6793272420491191,1.0,0.9885098200787855,0.6793272420491191,1,oil_pump_degradation,0.0015,0.0015,0.0,0.0,0.0,0.000375,0.00105,0.0,0.0,0.0,0.0,0.0,0.0
20100,2594.221347069736,86.51907626435826,1126.85,82.94384840146591,56.214297980122936,14.003245101449993,4.926145265093049,18.133079589693587,0.381135002170544,1.0,0.6768780507678998,1.0,0.9885098200787855,0.6768780507678998,1,oil_pump_degradation,0.003,0.003,0.0,0.0,0.0,0.00075,0.0021,0.0,0.0,0.0,0.0,0.0,0.0
20150,2594.221347069736,86.51306460494567,1126.85,82.94122356570239,56.1389398359753,14.003245101449993,4.92605008189517,18.13272922152337,0.381135002170544,1.0,0.6744343919067862,1.0,0.9885098200787855,0.6744343919067862,1,oil_pump_degradation,0.0045000000000000005,0.0045000000000000005,0.0,0.0,0.0,0.0011250000000000001,0.00315,0.0,0.0,0.0,0.0,0.0,0.0
20200,2594.221347069736,86.50705515300075,1126.85,82.93859946157124,56.063611724328986,14.003245101449993,4.92595491553505,18.132378915332744,0.381135002170544,1.0,0.6719962640844351,1.0,0.9885098200787855,0.6719962640844351,1,oil_pump_degradation,0.006,0.006,0.0,0.0,0.0,0.0015,0.0042,0.0,0.0,0.0,0.0,0.0,0.0
20250,2594.221347069736,86.50104790769899,1126.85,82.93597608908618,55.98831397740628,14.003245101449993,4.925859766020064,18.132028671148838,0.381135002170544,1.0,0.6695636657279649,1.0,0.9885098200787855,0.6695636657279649,1,oil_pump_degradation,0.0075,0.0075,0.0,0.0,0.0,0.001875,0.0052499999999999995,0.0,0.0,0.0,0.0,0.0,0.0
20300,2594.221347069736,86.49504286821622,1126.85,82.93335344826062,55.91304691915362,14.003245101449993,4.925764633357574,18.131678488998762,0.381135002170544,1.0,0.6671365950777857,1.0,0.9885098200787855,0.6671365950777857,1,oil_pump_degradation,0.009000000000000001,0.009000000000000001,0.0,0.0,0.0,0.0022500000000000003,0.0063,0.0,0.0,0.0,0.0,0.0,0.0
20350,2594.221347069736,86.48904003372854,1126.85,82.93073153910763,55.837810865421446,14.003245101449993,4.9256695175549305,18.13132836890957,0.381135002170544,1.0,0.6647150501923083,1.0,0.9885098200787855,0.6647150501923083,1,oil_pump_degradation,0.0105,0.0105,0.0,0.0,0.0,0.002625,0.00735,0.0,0.0,0.0,0.0,0.0,0.0
20400,2594.221347069736,86.48303940341248,1126.85,82.92811036164,55.762606124140646,14.003245101449993,4.925574418619475,18.130978310908294,0.381135002170544,1.0,0.6622990289525573,1.0,0.9885098200787855,0.6622990289525573,1,oil_pump_degradation,0.012,0.012,0.0,0.0,0.0,0.003,0.0084,0.0,0.0,0.0,0.0,0.0,0.0
20450,2594.221347069736,86.47704097644481,1126.85,82.92548991587023,55.687432995495186,14.003245101449993,4.925479336558536,18.130628315021898,0.381135002170544,1.0,0.6598885290666741,1.0,0.9885098200787855,0.6598885290666741,1,oil_pump_degradation,0.013499999999999998,0.013499999999999998,0.0,0.0,0.0,0.0033749999999999995,0.009449999999999998,0.0,0.0,0.0,0.0,0.0,0.0
20500,2594.221347069736,86.47104475200268,1126.85,82.92287020181055,55.61229177209128,14.003245101449993,4.925384271379433,18.130278381277336,0.381135002170544,1.0,0.6574835480743247,1.0,0.9885098200787855,0.6574835480743247,1,oil_pump_degradation,0.015,0.015,0.0,0.0,0.0,0.00375,0.010499999999999999,0.0,0.0,0.0,0.0,0.0,0.0
20550,2594.221347069736,86.46505072926357,1126.85,82.92025121947285,55.53718273912288,14.003245101449993,4.925289223089471,18.12992850970149,0.381135002170544,1.0,0.655084083351004,1.0,0.9885098200787855,0.655084083351004,1,oil_pump_degradation,0.0165,0.0165,0.0,0.0,0.0,0.004125,0.01155,0.0,0.0,0.0,0.0,0.0,0.0
20600,2594.221347069736,86.45905890740528,1126.85,82.9176329688687,55.46210617453396,14.003245101449993,4.925194191695947,18.129578700321225,0.381135002170544,1.0,0.6526901321122461,1.0,0.9885098200787855,0.6526901321122461,1,oil_pump_degradation,0.018000000000000002,0.018000000000000002,0.0,0.0,0.0,0.0045000000000000005,0.0126,0.0,0.0,0.0,0.0,0.0,0.0
20650,2594.221347069736,86.45306928560598,1126.85,82.91501545000938,55.38706234917715,14.003245101449993,4.92509917720615,18.129228953163363,0.381135002170544,1.0,0.6503016914177389,1.0,0.9885098200787855,0.6503016914177389,1,oil_pump_degradation,0.0195,0.0195,0.0,0.0,0.0,0.004875,0.013649999999999999,0.0,0.0,0.0,0.0,0.0,0.0
20700,2594.221347069736,86.4470818630441,1126.85,82.9123986629059,55.31205152696936,14.003245101449993,4.925004179627348,18.128879268254668,0.381135002170544,1.0,0.647918758175347,1.0,0.9885098200787855,0.647918758175347,1,oil_pump_degradation,0.021,0.021,0.0,0.0,0.0,0.00525,0.0147,0.0,0.0,0.0,0.0,0.0,0.0
20750,2594.221347069736,86.44109663889844,1126.85,82.90978260756896,55.23707396504366,14.003245101449993,4.924909198966805,18.128529645621875,0.381135002170544,1.0,0.6455413291450378,1.0,0.9885098200787855,0.6455413291450378,1,oil_pump_degradation,0.0225,0.0225,0.0,0.0,0.0,0.005625,0.01575,0.0,0.0,0.0,0.0,0.0,0.0
20800,2594.221347069736,86.43511361234812,1126.85,82.90716728400895,55.16212991389852,14.003245101449993,4.924814235231773,18.128180085291678,0.381135002170544,1.0,0.6431694009427266,1.0,0.9885098200787855,0.6431694009427266,1,oil_pump_degradation,0.024,0.024,0.0,0.0,0.0,0.006,0.0168,0.0,0.0,0.0,0.0,0.0,0.0
20850,2594.221347069736,86.4291327825726,1126.85,82.904552692236,55.08721961754342,14.003245101449993,4.924719288429493,18.12783058729073,0.381135002170544,1.0,0.6408029700440275,1.0,0.9885098200787855,0.6408029700440275,1,oil_pump_degradation,0.025500000000000002,0.025500000000000002,0.0,0.0,0.0,0.0063750000000000005,0.01785,0.0,0.0,0.0,0.0,0.0,0.0
20900,2594.221347069736,86.42315414875168,1126.85,82.90193883225987,55.01234331364165,14.003245101449993,4.924624358567196,18.12748115164565,0.381135002170544,1.0,0.6384420327879222,1.0,0.9885098200787855,0.6384420327879222,1,oil_pump_degradation,0.026999999999999996,0.026999999999999996,0.0,0.0,0.0,0.006749999999999999,0.018899999999999997,0.0,0.0,0.0,0.0,0.0,0.0
20950,2594.221347069736,86.41717771006552,1126.85,82.89932570409013,54.93750123365031,14.003245101449993,4.924529445652097,18.127131778382992,0.381135002170544,1.0,0.6360865853803489,1.0,0.9885098200787855,0.6360865853803489,1,oil_pump_degradation,0.028499999999999998,0.028499999999999998,0.0,0.0,0.0,0.007124999999999999,0.019949999999999996,0.0,0.0,0.0,0.0,0.0,0.0
21000,2594.221347069736,86.41120346569448,1126.85,82.89671330773592,54.86269360295656,14.003245101449993,4.924434549691409,18.12678246752931,0.381135002170544,1.0,0.6337366238976966,1.0,0.9885098200787855,0.6337366238976966,1,oil_pump_degradation,0.03,0.03,0.0,0.0,0.0,0.0075,0.020999999999999998,0.0,0.0,0.0,0.0,0.0,0.0
21050,2594.221347069736,86.40523141481941,1126.85,82.89410164320623,54.78792064101206,14.003245101449993,4.92433967069232,18.12643321911107,0.381135002170544,1.0,0.6313921442902378,1.0,0.9885098200787855,0.6313921442902378,1,oil_pump_degradation,0.0315,0.0315,0.0,0.0,0.0,0.007875,0.02205,0.0,0.0,0.0,0.0,0.0,0.0
21100,2594.221347069736,86.39926155662141,1126.85,82.89149071050963,54.71318256146337,14.003245101449993,4.924244808662024,18.126084033154743,0.381135002170544,1.0,0.6290531423854608,1.0,0.9885098200787855,0.6290531423854608,1,oil_pump_degradation,0.033,0.033,0.0,0.0,0.0,0.00825,0.0231,0.0,0.0,0.0,0.0,0.0,0.0
21150,2594.221347069736,86.39329389028194,1126.85,82.88888050965448,54.63847957228068,14.003245101449993,4.924149963607691,18.125734909686727,0.381135002170544,1.0,0.626719613891347,1.0,0.9885098200787855,0.626719613891347,1,oil_pump_degradation,0.0345,0.0345,0.0,0.0,0.0,0.008625,0.02415,0.0,0.0,0.0,0.0,0.0,0.0
21200,2594.221347069736,86.38732841498273,1126.85,82.88627104064875,54.56381187588303,14.003245101449993,4.924055135536486,18.12538584873339,0.381135002170544,1.0,0.624391554399558,1.0,0.9885098200787855,0.624391554399558,1,oil_pump_degradation,0.036000000000000004,0.036000000000000004,0.0,0.0,0.0,0.009000000000000001,0.0252,0.0,0.0,0.0,0.0,0.0,0.0
21250,2594.221347069736,86.38136512990587,1126.85,82.88366230350022,54.48917966926117,14.003245101449993,4.92396032445556,18.125036850321063,0.381135002170544,1.0,0.622068959388554,1.0,0.9885098200787855,0.622068959388554,1,oil_pump_degradation,0.037500000000000006,0.037500000000000006,0.0,0.0,0.0,0.009375000000000001,0.026250000000000002,0.0,0.0,0.0,0.0,0.0,0.0
21300,2594.221347069736,86.37540403423384,1126.85,82.88105429821633,54.41458314409765,14.003245101449993,4.923865530372055,18.12468791447603,0.381135002170544,1.0,0.6197518242266413,1.0,0.9885098200787855,0.6197518242266413,1,oil_pump_degradation,0.039,0.039,0.0,0.0,0.0,0.00975,0.027299999999999998,0.0,0.0,0.0,0.0,0.0,0.0
21350,2594.221347069736,86.36944512714933,1126.85,82.87844702480425,54.340022486884465,14.003245101449993,4.923770753293102,18.12433904122454,0.381135002170544,1.0,0.6174401441749474,1.0,0.9885098200787855,0.6174401441749474,1,oil_pump_degradation,0.0405,0.0405,0.0,0.0,0.0,0.010125,0.02835,0.0,0.0,0.0,0.0,0.0,0.0
21400,2594.221347069736,86.36348840783546,1126.85,82.87584048327079,54.26549787903798,14.003245101449993,4.923675993225824,18.123990230592817,0.381135002170544,1.0,0.6151339143903266,1.0,0.9885098200787855,0.6151339143903266,1,oil_pump_degradation,0.042,0.042,0.0,0.0,0.0,0.0105,0.0294,0.0,0.0,0.0,0.0,0.0,0.0
21450,2594.221347069736,86.35753387547567,1126.85,82.87323467362256,54.191009497011834,14.003245101449993,4.923581250177322,18.123641482607,0.381135002170544,1.0,0.6128331299282055,1.0,0.9885098200787855,0.6128331299282055,1,oil_pump_degradation,0.043500000000000004,0.043500000000000004,0.0,0.0,0.0,0.010875000000000001,0.03045,0.0,0.0,0.0,0.0,0.0,0.0
21500,2594.221347069736,86.35158152925368,1126.85,82.87062959586581,54.11655751240668,14.003245101449993,4.923486524154701,18.123292797293235,0.381135002170544,1.0,0.6105377857453496,1.0,0.9885098200787855,0.6105377857453496,1,oil_pump_degradation,0.045,0.045,0.0,0.0,0.0,0.01125,0.0315,0.0,0.0,0.0,0.0,0.0,0.0
21550,2594.221347069736,86.34563136835357,1126.85,82.8680252500065,54.04214209207829,14.003245101449993,4.9233918151650435,18.1229441746776,0.381135002170544,1.0,0.6082478767025776,1.0,0.9885098200787855,0.6082478767025776,1,oil_pump_degradation,0.0465,0.0465,0.0,0.0,0.0,0.011625,0.032549999999999996,0.0,0.0,0.0,0.0,0.0,0.0
21600,2594.221347069736,86.33968339195974,1126.85,82.86542163605037,53.96776339824277,14.003245101449993,4.923297123215424,18.122595614786132,0.381135002170544,1.0,0.6059633975674054,1.0,0.9885098200787855,0.6059633975674054,1,oil_pump_degradation,0.048,0.048,0.0,0.0,0.0,0.012,0.0336,0.0,0.0,0.0,0.0,0.0,0.0
21650,2594.221347069736,86.33373759925689,1126.85,82.86281875400277,53.89342158857976,14.003245101449993,4.923202448312912,18.122247117644854,0.381135002170544,1.0,0.6036843430166297,1.0,0.9885098200787855,0.6036843430166297,1,oil_pump_degradation,0.0495,0.0495,0.0,0.0,0.0,0.012375,0.03465,0.0,0.0,0.0,0.0,0.0,0.0
21700,2594.221347069736,86.32779398943012,1126.85,82.86021660386882,53.81911681633346,14.003245101449993,4.923107790464561,18.121898683279735,0.381135002170544,1.0,0.6014107076388544,1.0,0.9885098200787855,0.6014107076388544,1,oil_pump_degradation,0.051000000000000004,0.051000000000000004,0.0,0.0,0.0,0.012750000000000001,0.0357,0.0,0.0,0.0,0.0,0.0,0.0
21750,2594.221347069736,86.3218525616648,1126.85,82.85761518565329,53.74484923041142,14.003245101449993,4.92301314967741,18.12155031171668,0.381135002170544,1.0,0.5991424859369576,1.0,0.9885098200787855,0.5991424859369576,1,oil_pump_degradation,0.052500000000000005,0.052500000000000005,0.0,0.0,0.0,0.013125000000000001,0.03675,0.0,0.0,0.0,0.0,0.0,0.0
21800,2594.221347069736,86.31591331514659,1126.85,82.85501449936078,53.670618975480856,14.003245101449993,4.922918525958493,18.12120200298158,0.381135002170544,1.0,0.5968796723304938,1.0,0.9885098200787855,0.5968796723304938,1,oil_pump_degradation,0.05399999999999999,0.05399999999999999,0.0,0.0,0.0,0.013499999999999998,0.03779999999999999,0.0,0.0,0.0,0.0,0.0,0.0
21850,2594.221347069736,86.3099762490616,1126.85,82.85241454499544,53.5964261920634,14.003245101449993,4.922823919314831,18.120853757100285,0.381135002170544,1.0,0.5946222611580492,1.0,0.9885098200787855,0.5946222611580492,1,oil_pump_degradation,0.055499999999999994,0.055499999999999994,0.0,0.0,0.0,0.013874999999999998,0.038849999999999996,0.0,0.0,0.0,0.0,0.0,0.0
21900,2594.221347069736,86.30404136259614,1126.85,82.84981532256131,53.52227101662742,14.003245101449993,4.9227293297534365,18.1205055740986,0.381135002170544,1.0,0.5923702466795372,1.0,0.9885098200787855,0.5923702466795372,1,oil_pump_degradation,0.056999999999999995,0.056999999999999995,0.0,0.0,0.0,0.014249999999999999,0.03989999999999999,0.0,0.0,0.0,0.0,0.0,0.0
21950,2594.221347069736,86.29810865493693,1126.85,82.84721683206197,53.448153581678426,14.003245101449993,4.922634757281306,18.12015745400229,0.381135002170544,1.0,0.5901236230784382,1.0,0.9885098200787855,0.5901236230784382,1,oil_pump_degradation,0.058499999999999996,0.058499999999999996,0.0,0.0,0.0,0.014624999999999999,0.04094999999999999,0.0,0.0,0.0,0.0,0.0,0.0
22000,2594.221347069736,86.292178125271,1126.85,82.84461907350084,53.37407401584767,14.003245101449993,4.92254020190543,18.119809396837077,0.381135002170544,1.0,0.5878823844639941,1.0,0.9885098200787855,0.5878823844639941,1,oil_pump_degradation,0.06,0.06,0.0,0.0,0.0,0.015,0.041999999999999996,0.0,0.0,0.0,0.0,0.0,0.0
22050,2594.221347069736,86.28624977278565,1126.85,82.84202204688091,53.30003244397852,14.003245101449993,4.922445663632784,18.11946140262864,0.381135002170544,1.0,0.5856465248733421,1.0,0.9885098200787855,0.5856465248733421,1,oil_pump_degradation,0.0615,0.0615,0.0,0.0,0.0,0.015375,0.04305,0.0,0.0,0.0,0.0,0.0,0.0
22100,2594.221347069736,86.28032359666861,1126.85,82.83942575220505,53.22602898721111,14.003245101449993,4.922351142470338,18.11911347140264,0.381135002170544,1.0,0.5834160382736031,1.0,0.9885098200787855,0.5834160382736031,1,oil_pump_degradation,0.063,0.063,0.0,0.0,0.0,0.01575,0.0441,0.0,0.0,0.0,0.0,0.0,0.0
22150,2594.221347069736,86.27439959610786,1126.85,82.83683018947573,53.15206376306518,14.003245101449993,4.922256638425044,18.118765603184663,0.381135002170544,1.0,0.5811909185639224,1.0,0.9885098200787855,0.5811909185639224,1,oil_pump_degradation,0.0645,0.0645,0.0,0.0,0.0,0.016125,0.045149999999999996,0.0,0.0,0.0,0.0,0.0,0.0
22200,2594.221347069736,86.26847777029172,1126.85,82.8342353586952,53.07813688552098,14.003245101449993,4.92216215150385,18.118417798000284,0.381135002170544,1.0,0.5789711595774569,1.0,0.9885098200787855,0.5789711595774569,1,oil_pump_degradation,0.066,0.066,0.0,0.0,0.0,0.0165,0.0462,0.0,0.0,0.0,0.0,0.0,0.0
22250,2594.221347069736,86.26255811840889,1126.85,82.83164125986536,53.00424846509845,14.003245101449993,4.922067681713689,18.11807005587503,0.381135002170544,1.0,0.5767567550833196,1.0,0.9885098200787855,0.5767567550833196,1,oil_pump_degradation,0.0675,0.0675,0.0,0.0,0.0,0.016875,0.04725,0.0,0.0,0.0,0.0,0.0,0.0
22300,2594.221347069736,86.25664063964825,1126.85,82.82904789298789,52.93039860893485,14.003245101449993,4.921973229061485,18.117722376834376,0.381135002170544,1.0,0.5745476987884804,1.0,0.9885098200787855,0.5745476987884804,1,oil_pump_degradation,0.069,0.069,0.0,0.0,0.0,0.01725,0.0483,0.0,0.0,0.0,0.0,0.0,0.0
22350,2594.221347069736,86.25072533319917,1126.85,82.82645525806407,52.85658742086029,14.003245101449993,4.921878793554152,18.117374760903783,0.381135002170544,1.0,0.5723439843396129,1.0,0.9885098200787855,0.5723439843396129,1,oil_pump_degradation,0.07050000000000001,0.07050000000000001,0.0,0.0,0.0,0.017625000000000002,0.049350000000000005,0.0,0.0,0.0,0.0,0.0,0.0
22400,2594.221347069736,86.24481219825128,1126.85,82.82386335509506,52.782815001471995,14.003245101449993,4.921784375198588,18.11702720810864,0.381135002170544,1.0,0.570145605324907,1.0,0.9885098200787855,0.570145605324907,1,oil_pump_degradation,0.07200000000000001,0.07200000000000001,0.0,0.0,0.0,0.018000000000000002,0.0504,0.0,0.0,0.0,0.0,0.0,0.0
22450,2594.221347069736,86.23890123399451,1126.85,82.82127218408158,52.70908144820671,14.003245101449993,4.921689974001689,18.11667971847433,0.381135002170544,1.0,0.5679525552758343,1.0,0.9885098200787855,0.5679525552758343,1,oil_pump_degradation,0.07350000000000001,0.07350000000000001,0.0,0.0,0.0,0.018375000000000002,0.05145,0.0,0.0,0.0,0.0,0.0,0.0
22500,2594.221347069736,86.23299243961918,1126.85,82.81868174502415,52.63538685541153,14.003245101449993,4.921595589970331,18.11633229202616,0.381135002170544,1.0,0.565764827668869,1.0,0.9885098200787855,0.565764827668869,1,oil_pump_degradation,0.07500000000000001,0.07500000000000001,0.0,0.0,0.0,0.018750000000000003,0.052500000000000005,0.0,0.0,0.0,0.0,0.0,0.0
22550,2594.221347069736,86.2270858143159,1126.85,82.816092037923,52.561731314413386,14.003245101449993,4.9215012231113855,18.11598492878943,0.381135002170544,1.0,0.563582415927176,1.0,0.9885098200787855,0.563582415927176,1,oil_pump_degradation,0.0765,0.0765,0.0,0.0,0.0,0.019125,0.05354999999999999,0.0,0.0,0.0,0.0,0.0,0.0
22600,2594.221347069736,86.22118135727555,1126.85,82.81350306277801,52.4881149135866,14.003245101449993,4.921406873431709,18.11563762878938,0.381135002170544,1.0,0.5614053134222473,1.0,0.9885098200787855,0.5614053134222473,1,oil_pump_degradation,0.078,0.078,0.0,0.0,0.0,0.0195,0.054599999999999996,0.0,0.0,0.0,0.0,0.0,0.0
22650,2594.221347069736,86.21527906768938,1126.85,82.8109148195889,52.41453773841947,14.003245101449993,4.92131254093815,18.115290392051207,0.381135002170544,1.0,0.5592335134755131,1.0,0.9885098200787855,0.5592335134755131,1,oil_pump_degradation,0.0795,0.0795,0.0,0.0,0.0,0.019875,0.05565,0.0,0.0,0.0,0.0,0.0,0.0
22700,2594.221347069736,86.209378944749,1126.85,82.80832730835499,52.340999871578674,14.003245101449993,4.921218225637549,18.114943218600104,0.381135002170544,1.0,0.5570670093598973,1.0,0.9885098200787855,0.5570670093598973,1,oil_pump_degradation,0.081,0.081,0.0,0.0,0.0,0.02025,0.0567,0.0,0.0,0.0,0.0,0.0,0.0
22750,2594.221347069736,86.20348098764634,1126.85,82.80574052907536,52.26750139297332,14.003245101449993,4.921123927536728,18.114596108461175,0.381135002170544,1.0,0.5549057943013592,1.0,0.9885098200787855,0.5549057943013592,1,oil_pump_degradation,0.0825,0.0825,0.0,0.0,0.0,0.020625,0.057749999999999996,0.0,0.0,0.0,0.0,0.0,0.0
22800,2594.221347069736,86.1975851955736,1126.85,82.80315448174889,52.19404237981634,14.003245101449993,4.921029646642503,18.114249061659514,0.381135002170544,1.0,0.5527498614803725,1.0,0.9885098200787855,0.5527498614803725,1,oil_pump_degradation,0.084,0.084,0.0,0.0,0.0,0.021,0.0588,0.0,0.0,0.0,0.0,0.0,0.0
22850,2594.221347069736,86.1916915677233,1126.85,82.80056916637398,52.12062290668539,14.003245101449993,4.920935382961684,18.113902078220185,0.381135002170544,1.0,0.5505992040333869,1.0,0.9885098200787855,0.5505992040333869,1,oil_pump_degradation,0.0855,0.0855,0.0,0.0,0.0,0.021375,0.05985,0.0,0.0,0.0,0.0,0.0,0.0
22900,2594.221347069736,86.18580010328839,1126.85,82.79798458294891,52.0472430455824,14.003245101449993,4.920841136501058,18.113555158168175,0.381135002170544,1.0,0.548453815054254,1.0,0.9885098200787855,0.548453815054254,1,oil_pump_degradation,0.08700000000000001,0.08700000000000001,0.0,0.0,0.0,0.021750000000000002,0.0609,0.0,0.0,0.0,0.0,0.0,0.0
22950,2594.221347069736,86.17991080146203,1126.85,82.79540073147166,51.97390286599115,14.003245101449993,4.92074690726741,18.11320830152846,0.381135002170544,1.0,0.5463136875956063,1.0,0.9885098200787855,0.5463136875956063,1,oil_pump_degradation,0.0885,0.0885,0.0,0.0,0.0,0.022125,0.06194999999999999,0.0,0.0,0.0,0.0,0.0,0.0
23000,2594.221347069736,86.17402366143773,1126.85,82.79281761193988,51.90060243493409,14.003245101449993,4.920652695267516,18.112861508325974,0.381135002170544,1.0,0.5441788146702137,1.0,0.9885098200787855,0.5441788146702137,1,oil_pump_degradation,0.09,0.09,0.0,0.0,0.0,0.0225,0.063,0.0,0.0,0.0,0.0,0.0,0.0
23050,2594.221347069736,86.16813868240939,1126.85,82.79023522435097,51.827341817028085,14.003245101449993,4.920558500508134,18.1125147785856,0.381135002170544,1.0,0.5420491892523097,1.0,0.9885098200787855,0.5420491892523097,1,oil_pump_degradation,0.0915,0.0915,0.0,0.0,0.0,0.022875,0.06405,0.0,0.0,0.0,0.0,0.0,0.0
23100,2594.221347069736,86.16225586357115,1126.85,82.78765356870207,51.75412107453826,14.003245101449993,4.920464322996018,18.1121681123322,0.381135002170544,1.0,0.5399248042788751,1.0,0.9885098200787855,0.5399248042788751,1,oil_pump_degradation,0.093,0.093,0.0,0.0,0.0,0.02325,0.06509999999999999,0.0,0.0,0.0,0.0,0.0,0.0
23150,2594.221347069736,86.15637520411747,1126.85,82.78507264498995,51.68094026743127,14.003245101449993,4.920370162737909,18.111821509590584,0.381135002170544,1.0,0.5378056526509006,1.0,0.9885098200787855,0.5378056526509006,1,oil_pump_degradation,0.0945,0.0945,0.0,0.0,0.0,0.023625,0.06615,0.0,0.0,0.0,0.0,0.0,0.0
23200,2594.221347069736,86.15049670324322,1126.85,82.7824924532112,51.60779945342721,14.003245101449993,4.920276019740533,18.111474970385512,0.381135002170544,1.0,0.5356917272346166,1.0,0.9885098200787855,0.5356917272346166,1,oil_pump_degradation,0.096,0.096,0.0,0.0,0.0,0.024,0.0672,0.0,0.0,0.0,0.0,0.0,0.0
23250,2594.221347069736,86.1446203601435,1126.85,82.77991299336207,51.53469868805015,14.003245101449993,4.920181894010613,18.11112849474173,0.381135002170544,1.0,0.5335830208626888,1.0,0.9885098200787855,0.5335830208626888,1,oil_pump_degradation,0.0975,0.0975,0.0,0.0,0.0,0.024375,0.06824999999999999,0.0,0.0,0.0,0.0,0.0,0.0
23300,2594.221347069736,86.13874617401382,1126.85,82.77733426543858,51.46163802467773,14.003245101449993,4.920087785554854,18.110782082683922,0.381135002170544,1.0,0.5314795263353891,1.0,0.9885098200787855,0.5314795263353891,1,oil_pump_degradation,0.099,0.099,0.0,0.0,0.0,0.02475,0.0693,0.0,0.0,0.0,0.0,0.0,0.0
23350,2594.221347069736,86.13287414404994,1126.85,82.77475626943647,51.38861751458983,14.003245101449993,4.919993694379955,18.11043573423675,0.381135002170544,1.0,0.5293812364217403,1.0,0.9885098200787855,0.5293812364217403,1,oil_pump_degradation,0.1005,0.1005,0.0,0.0,0.0,0.025125,0.07035,0.0,0.0,0.0,0.0,0.0,0.0
23400,2594.221347069736,86.12700426944798,1126.85,82.77217900535112,51.31563720701582,14.003245101449993,4.919899620492604,18.110089449424823,0.381135002170544,1.0,0.5272881438606278,1.0,0.9885098200787855,0.5272881438606278,1,oil_pump_degradation,0.10200000000000001,0.10200000000000001,0.0,0.0,0.0,0.025500000000000002,0.0714,0.0,0.0,0.0,0.0,0.0,0.0
23450,2594.221347069736,86.12113654940435,1126.85,82.76960247317771,51.242697149181,14.003245101449993,4.9198055638994775,18.10974322827272,0.381135002170544,1.0,0.5252002413618894,1.0,0.9885098200787855,0.5252002413618894,1,oil_pump_degradation,0.10350000000000001,0.10350000000000001,0.0,0.0,0.0,0.025875000000000002,0.07245,0.0,0.0,0.0,0.0,0.0,0.0
23500,2594.221347069736,86.11527098311586,1126.85,82.76702667291113,51.16979738635201,14.003245101449993,4.91971152460724,18.109397070804977,0.381135002170544,1.0,0.5231175216073763,1.0,0.9885098200787855,0.5231175216073763,1,oil_pump_degradation,0.10500000000000001,0.10500000000000001,0.0,0.0,0.0,0.026250000000000002,0.0735,0.0,0.0,0.0,0.0,0.0,0.0
23550,2594.221347069736,86.10940756977953,1126.85,82.76445160454597,51.096937961881004,14.003245101449993,4.919617502622548,18.109050977046092,0.381135002170544,1.0,0.5210399772519871,1.0,0.9885098200787855,0.5210399772519871,1,oil_pump_degradation,0.10649999999999998,0.10649999999999998,0.0,0.0,0.0,0.026624999999999996,0.07454999999999998,0.0,0.0,0.0,0.0,0.0,0.0
23600,2594.221347069736,86.1035463085928,1126.85,82.76187726807655,51.02411891724913,14.003245101449993,4.919523497952043,18.108704947020517,0.381135002170544,1.0,0.5189676009246809,1.0,0.9885098200787855,0.5189676009246809,1,oil_pump_degradation,0.10799999999999998,0.10799999999999998,0.0,0.0,0.0,0.026999999999999996,0.07559999999999999,0.0,0.0,0.0,0.0,0.0,0.0
23650,2594.221347069736,86.09768719875336,1126.85,82.75930366349695,50.95134029210882,14.003245101449993,4.919429510602361,18.108358980752676,0.381135002170544,1.0,0.5169003852294607,1.0,0.9885098200787855,0.5169003852294607,1,oil_pump_degradation,0.10949999999999999,0.10949999999999999,0.0,0.0,0.0,0.027374999999999997,0.07664999999999998,0.0,0.0,0.0,0.0,0.0,0.0
23700,2594.221347069736,86.09183023945923,1126.85,82.75673079080093,50.8786021243253,14.003245101449993,4.919335540580127,18.108013078266953,0.381135002170544,1.0,0.5148383227463379,1.0,0.9885098200787855,0.5148383227463379,1,oil_pump_degradation,0.11099999999999999,0.11099999999999999,0.0,0.0,0.0,0.027749999999999997,0.07769999999999999,0.0,0.0,0.0,0.0,0.0,0.0
23750,2594.221347069736,86.08597542990879,1126.85,82.75415864998195,50.80590445001719,14.003245101449993,4.919241587891949,18.10766723958768,0.381135002170544,1.0,0.5127814060322717,1.0,0.9885098200787855,0.5127814060322717,1,oil_pump_degradation,0.11249999999999999,0.11249999999999999,0.0,0.0,0.0,0.028124999999999997,0.07874999999999999,0.0,0.0,0.0,0.0,0.0,0.0
23800,2594.221347069736,86.08012276930071,1126.85,82.75158724103329,50.733247303596094,14.003245101449993,4.919147652544431,18.107321464739158,0.381135002170544,1.0,0.5107296276220852,1.0,0.9885098200787855,0.5107296276220852,1,oil_pump_degradation,0.11399999999999999,0.11399999999999999,0.0,0.0,0.0,0.028499999999999998,0.07979999999999998,0.0,0.0,0.0,0.0,0.0,0.0
23850,2594.221347069736,86.07427225683404,1126.85,82.74901656394786,50.66063071780505,14.003245101449993,4.919053734544166,18.10697575374566,0.381135002170544,1.0,0.5086829800293529,1.0,0.9885098200787855,0.5086829800293529,1,oil_pump_degradation,0.11549999999999999,0.11549999999999999,0.0,0.0,0.0,0.028874999999999998,0.08084999999999999,0.0,0.0,0.0,0.0,0.0,0.0
23900,2594.221347069736,86.06842389170811,1126.85,82.74644661871838,50.58805472375703,14.003245101449993,4.918959833897732,18.1066301066314,0.381135002170544,1.0,0.506641455747285,1.0,0.9885098200787855,0.506641455747285,1,oil_pump_degradation,0.11699999999999999,0.11699999999999999,0.0,0.0,0.0,0.029249999999999998,0.08189999999999999,0.0,0.0,0.0,0.0,0.0,0.0
23950,2594.221347069736,86.06257767312252,1126.85,82.74387740533723,50.515519350971374,14.003245101449993,4.918865950611702,18.10628452342057,0.381135002170544,1.0,0.5046050472495663,1.0,0.9885098200787855,0.5046050472495663,1,oil_pump_degradation,0.1185,0.1185,0.0,0.0,0.0,0.029625,0.08295,0.0,0.0,0.0,0.0,0.0,0.0
24000,2594.221347069736,86.05673360027725,1126.85,82.74130892379651,50.44302462741045,14.003245101449993,4.918772084692634,18.105939004137312,0.381135002170544,1.0,0.5025737469911947,1.0,0.9885098200787855,0.5025737469911947,1,oil_pump_degradation,0.12,0.12,0.0,0.0,0.0,0.03,0.08399999999999999,0.0,0.0,0.0,0.0,0.0,0.0
24050,2594.221347069736,86.05089167237259,1126.85,82.73874117408815,50.37057057951492,14.003245101449993,4.918678236147077,18.105593548805732,0.381135002170544,1.0,0.5005475474092879,1.0,0.9885098200787855,0.5005475474092879,1,oil_pump_degradation,0.1215,0.1215,0.0,0.0,0.0,0.030375,0.08504999999999999,0.0,0.0,0.0,0.0,0.0,0.0
24100,2594.221347069736,86.04505188860918,1126.85,82.73617415620367,50.298157232238246,14.003245101449993,4.918584404981571,18.105248157449907,0.381135002170544,1.0,0.49852644092387194,1.0,0.9885098200787855,0.49852644092387194,1,oil_pump_degradation,0.123,0.123,0.0,0.0,0.0,0.03075,0.0861,0.0,0.0,0.0,0.0,0.0,0.0
24150,2594.221347069736,86.03921424818788,1126.85,82.73360787013439,50.22578460908087,14.003245101449993,4.918490591202643,18.104902830093856,0.381135002170544,1.0,0.49651041993865674,1.0,0.9885098200787855,0.49651041993865674,1,oil_pump_degradation,0.1245,0.1245,0.0,0.0,0.0,0.031125,0.08714999999999999,0.0,0.0,0.0,0.0,0.0,0.0
24200,2594.221347069736,86.03337875030996,1126.85,82.73104231587132,50.15345273212298,14.003245101449993,4.918396794816808,18.104557566761567,0.381135002170544,1.0,0.4944994768417823,1.0,0.9885098200787855,0.4944994768417823,1,oil_pump_degradation,0.126,0.126,0.0,0.0,0.0,0.0315,0.0882,0.0,0.0,0.0,0.0,0.0,0.0
24250,2594.221347069736,86.02754539417703,1126.85,82.72847749340525,50.08116162205724,14.003245101449993,4.918303015830578,18.104212367477004,0.381135002170544,1.0,0.4924936040065591,1.0,0.9885098200787855,0.4924936040065591,1,oil_pump_degradation,0.1275,0.1275,0.0,0.0,0.0,0.031875,0.08925,0.0,0.0,0.0,0.0,0.0,0.0
24300,2594.221347069736,86.02171417899098,1126.85,82.72591340272669,50.0089112982201,14.003245101449993,4.918209254250443,18.103867232264065,0.381135002170544,1.0,0.49049279379217653,1.0,0.9885098200787855,0.49049279379217653,1,oil_pump_degradation,0.129,0.129,0.0,0.0,0.0,0.03225,0.09029999999999999,0.0,0.0,0.0,0.0,0.0,0.0
24350,2594.221347069736,86.01588510395396,1126.85,82.72335004382586,49.936701778623004,14.003245101449993,4.918115510082893,18.103522161146632,0.381135002170544,1.0,0.48849703854440574,1.0,0.9885098200787855,0.48849703854440574,1,oil_pump_degradation,0.1305,0.1305,0.0,0.0,0.0,0.032625,0.09135,0.0,0.0,0.0,0.0,0.0,0.0
24400,2594.221347069736,86.01005816826853,1126.85,82.72078741669264,49.864533079982515,14.003245101449993,4.918021783334405,18.103177154148554,0.381135002170544,1.0,0.4865063305962784,1.0,0.9885098200787855,0.4865063305962784,1,oil_pump_degradation,0.132,0.132,0.0,0.0,0.0,0.033,0.0924,0.0,0.0,0.0,0.0,0.0,0.0
24450,2594.221347069736,86.0042333711375,1126.85,82.71822552131681,49.792405217750165,14.003245101449993,4.917928074011437,18.1028322112936,0.381135002170544,1.0,0.4845206622687548,1.0,0.9885098200787855,0.4845206622687548,1,oil_pump_degradation,0.1335,0.1335,0.0,0.0,0.0,0.033375,0.09345,0.0,0.0,0.0,0.0,0.0,0.0
24500,2594.221347069736,85.99841071176411,1126.85,82.71566435768773,49.72031820614094,14.003245101449993,4.917834382120449,18.10248733260554,0.381135002170544,1.0,0.48254002587136424,1.0,0.9885098200787855,0.48254002587136424,1,oil_pump_degradation,0.135,0.135,0.0,0.0,0.0,0.03375,0.0945,0.0,0.0,0.0,0.0,0.0,0.0
24550,2594.221347069736,85.99259018935174,1126.85,82.71310392579454,49.64827205816201,14.003245101449993,4.9177407076678845,18.102142518108106,0.381135002170544,1.0,0.48056441370284403,1.0,0.9885098200787855,0.48056441370284403,1,oil_pump_degradation,0.1365,0.1365,0.0,0.0,0.0,0.034125,0.09555,0.0,0.0,0.0,0.0,0.0,0.0
24600,2594.221347069736,85.98677180310426,1126.85,82.71054422562611,49.57626678564024,14.003245101449993,4.917647050660174,18.101797767824966,0.381135002170544,1.0,0.47859381805175344,1.0,0.9885098200787855,0.47859381805175344,1,oil_pump_degradation,0.138,0.138,0.0,0.0,0.0,0.0345,0.0966,0.0,0.0,0.0,0.0,0.0,0.0
24650,2594.221347069736,85.9809555522258,1126.85,82.707985257171,49.50430239924924,14.003245101449993,4.917553411103741,18.10145308177976,0.381135002170544,1.0,0.4766282311970739,1.0,0.9885098200787855,0.4766282311970739,1,oil_pump_degradation,0.1395,0.1395,0.0,0.0,0.0,0.034875,0.09765,0.0,0.0,0.0,0.0,0.0,0.0
24700,2594.221347069736,85.97514143592076,1126.85,82.70542702041763,49.43237890853577,14.003245101449993,4.917459789004999,18.10110845999609,0.381135002170544,1.0,0.4746676454087959,1.0,0.9885098200787855,0.4746676454087959,1,oil_pump_degradation,0.14100000000000001,0.14100000000000001,0.0,0.0,0.0,0.035250000000000004,0.09870000000000001,0.0,0.0,0.0,0.0,0.0,0.0
24750,2594.221347069736,85.96932945339393,1126.85,82.702869515354,49.36049632194566,14.003245101449993,4.917366184370349,18.100763902497533,0.381135002170544,1.0,0.47271205294849,1.0,0.9885098200787855,0.47271205294849,1,oil_pump_degradation,0.14250000000000002,0.14250000000000002,0.0,0.0,0.0,0.035625000000000004,0.09975,0.0,0.0,0.0,0.0,0.0,0.0
24800,2594.221347069736,85.96351960385033,1126.85,82.70031274196793,49.28865464684911,14.003245101449993,4.917272597206183,18.10041940930761,0.381135002170544,1.0,0.47076144606986575,1.0,0.9885098200787855,0.47076144606986575,1,oil_pump_degradation,0.14400000000000002,0.14400000000000002,0.0,0.0,0.0,0.036000000000000004,0.1008,0.0,0.0,0.0,0.0,0.0,0.0
24850,2594.221347069736,85.95771188649542,1126.85,82.69775670024694,49.21685388956541,14.003245101449993,4.91717902751888,18.100074980449804,0.381135002170544,1.0,0.4688158170193147,1.0,0.9885098200787855,0.4688158170193147,1,oil_pump_degradation,0.14550000000000002,0.14550000000000002,0.0,0.0,0.0,0.036375000000000005,0.10185000000000001,0.0,0.0,0.0,0.0,0.0,0.0
24900,2594.221347069736,85.95190630053486,1126.85,82.69520139017828,49.14509405538721,14.003245101449993,4.9170854753148125,18.09973061594757,0.381135002170544,1.0,0.4668751580364427,1.0,0.9885098200787855,0.4668751580364427,1,oil_pump_degradation,0.14700000000000002,0.14700000000000002,0.0,0.0,0.0,0.036750000000000005,0.1029,0.0,0.0,0.0,0.0,0.0,0.0
24950,2594.221347069736,85.94610284517472,1126.85,82.692646811749,49.07337514860393,14.003245101449993,4.91699194060034,18.09938631582432,0.381135002170544,1.0,0.464939461354582,1.0,0.9885098200787855,0.464939461354582,1,oil_pump_degradation,0.14850000000000002,0.14850000000000002,0.0,0.0,0.0,0.037125000000000005,0.10395000000000001,0.0,0.0,0.0,0.0,0.0,0.0
25000,2594.221347069736,85.94030151962136,1126.85,82.69009296494579,49.00169717252504,14.003245101449993,4.916898423381812,18.09904208010342,0.381135002170544,1.0,0.4630087192012991,1.0,0.9885098200787855,0.4630087192012991,1,oil_pump_degradation,0.15000000000000002,0.15000000000000002,0.0,0.0,0.0,0.037500000000000006,0.10500000000000001,0.0,0.0,0.0,0.0,0.0,0.0
25050,2594.221347069736,85.9345023230814,1126.85,82.68753984975507,48.930060129502756,14.003245101449993,4.91680492366557,18.09869790880822,0.381135002170544,1.0,0.4610829237988878,1.0,0.9885098200787855,0.4610829237988878,1,oil_pump_degradation,0.15150000000000002,0.15150000000000002,0.0,0.0,0.0,0.037875000000000006,0.10605,0.0,0.0,0.0,0.0,0.0,0.0
25100,2594.221347069736,85.92870525476184,1126.85,82.68498746616308,48.858464020954074,14.003245101449993,4.916711441457938,18.098353801962,0.381135002170544,1.0,0.4591620673648469,1.0,0.9885098200787855,0.4591620673648469,1,oil_pump_degradation,0.153,0.153,0.0,0.0,0.0,0.03825,0.10709999999999999,0.0,0.0,0.0,0.0,0.0,0.0
25150,2594.221347069736,85.92291031386992,1126.85,82.68243581415578,48.78690884738223,14.003245101449993,4.916617976765236,18.098009759588017,0.381135002170544,1.0,0.4572461421123452,1.0,0.9885098200787855,0.4572461421123452,1,oil_pump_degradation,0.1545,0.1545,0.0,0.0,0.0,0.038625,0.10815,0.0,0.0,0.0,0.0,0.0,0.0
25200,2594.221347069736,85.91711749961331,1126.85,82.67988489371879,48.71539460839789,14.003245101449993,4.916524529593776,18.0976657817095,0.381135002170544,1.0,0.4553351402506787,1.0,0.9885098200787855,0.4553351402506787,1,oil_pump_degradation,0.156,0.156,0.0,0.0,0.0,0.039,0.10919999999999999,0.0,0.0,0.0,0.0,0.0,0.0
25250,2594.221347069736,85.91132681119996,1126.85,82.6773347048375,48.64392130274008,14.003245101449993,4.916431099949852,18.09732186834964,0.381135002170544,1.0,0.4534290539857185,1.0,0.9885098200787855,0.4534290539857185,1,oil_pump_degradation,0.1575,0.1575,0.0,0.0,0.0,0.039375,0.11024999999999999,0.0,0.0,0.0,0.0,0.0,0.0
25300,2594.221347069736,85.90553824783808,1126.85,82.67478524749708,48.572488928296174,14.003245101449993,4.91633768783975,18.09697801953155,0.381135002170544,1.0,0.45152787552034024,1.0,0.9885098200787855,0.45152787552034024,1,oil_pump_degradation,0.159,0.159,0.0,0.0,0.0,0.03975,0.1113,0.0,0.0,0.0,0.0,0.0,0.0
25350,2594.221347069736,85.89975180873626,1126.85,82.67223652168241,48.50109748212154,14.003245101449993,4.916244293269749,18.09663423527836,0.381135002170544,1.0,0.4496315970548457,1.0,0.9885098200787855,0.4496315970548457,1,oil_pump_degradation,0.1605,0.1605,0.0,0.0,0.0,0.040125,0.11234999999999999,0.0,0.0,0.0,0.0,0.0,0.0
25400,2594.221347069736,85.89396749310333,1126.85,82.66968852737807,48.429746960459035,14.003245101449993,4.916150916246115,18.096290515613127,0.381135002170544,1.0,0.4477402107873759,1.0,0.9885098200787855,0.4477402107873759,1,oil_pump_degradation,0.162,0.162,0.0,0.0,0.0,0.0405,0.1134,0.0,0.0,0.0,0.0,0.0,0.0
25450,2594.221347069736,85.88818530014856,1126.85,82.66714126456839,48.3584373587579,14.003245101449993,4.916057556775105,18.095946860558886,0.381135002170544,1.0,0.4458537089143132,1.0,0.9885098200787855,0.4458537089143132,1,oil_pump_degradation,0.1635,0.1635,0.0,0.0,0.0,0.040875,0.11445,0.0,0.0,0.0,0.0,0.0,0.0
25500,2594.221347069736,85.88240522908143,1126.85,82.6645947332375,48.28716867169234,14.003245101449993,4.915964214862961,18.09560327013861,0.381135002170544,1.0,0.4439720836306738,1.0,0.9885098200787855,0.4439720836306738,1,oil_pump_degradation,0.165,0.165,0.0,0.0,0.0,0.04125,0.11549999999999999,0.0,0.0,0.0,0.0,0.0,0.0
25550,2594.221347069736,85.87662727911174,1126.85,82.66204893336919,48.215940893179074,14.003245101449993,4.915870890515924,18.09525974437528,0.381135002170544,1.0,0.44209532713048055,1.0,0.9885098200787855,0.44209532713048055,1,oil_pump_degradation,0.1665,0.1665,0.0,0.0,0.0,0.041625,0.11655,0.0,0.0,0.0,0.0,0.0,0.0
25600,2594.221347069736,85.87085144944967,1126.85,82.659503864947,48.14475401639568,14.003245101449993,4.915777583740213,18.09491628329178,0.381135002170544,1.0,0.44022343160714644,1.0,0.9885098200787855,0.44022343160714644,1,oil_pump_degradation,0.168,0.168,0.0,0.0,0.0,0.042,0.1176,0.0,0.0,0.0,0.0,0.0,0.0
25650,2594.221347069736,85.86507773930566,1126.85,82.65695952795426,48.073608033797456,14.003245101449993,4.9156842945420465,18.094572886911006,0.381135002170544,1.0,0.43835638925382886,1.0,0.9885098200787855,0.43835638925382886,1,oil_pump_degradation,0.1695,0.1695,0.0,0.0,0.0,0.042375,0.11865,0.0,0.0,0.0,0.0,0.0,0.0
25700,2594.221347069736,85.85930614789049,1126.85,82.65441592237397,48.00250293713434,14.003245101449993,4.9155910229276305,18.094229555255794,0.381135002170544,1.0,0.43649419226378383,1.0,0.9885098200787855,0.43649419226378383,1,oil_pump_degradation,0.171,0.171,0.0,0.0,0.0,0.04275,0.1197,0.0,0.0,0.0,0.0,0.0,0.0
25750,2594.221347069736,85.85353667441524,1126.85,82.65187304818892,47.931438717467636,14.003245101449993,4.915497768903153,18.09388628834893,0.381135002170544,1.0,0.4346368328307133,1.0,0.9885098200787855,0.4346368328307133,1,oil_pump_degradation,0.17250000000000001,0.17250000000000001,0.0,0.0,0.0,0.043125000000000004,0.12075,0.0,0.0,0.0,0.0,0.0,0.0
25800,2594.221347069736,85.84776931809137,1126.85,82.64933090538165,47.86041536518583,14.003245101449993,4.915404532474803,18.09354308621319,0.381135002170544,1.0,0.4327843031490949,1.0,0.9885098200787855,0.4327843031490949,1,oil_pump_degradation,0.17400000000000002,0.17400000000000002,0.0,0.0,0.0,0.043500000000000004,0.1218,0.0,0.0,0.0,0.0,0.0,0.0
25850,2594.221347069736,85.84200407813051,1126.85,82.64678949393436,47.78943287002065,14.003245101449993,4.915311313648751,18.093199948871302,0.381135002170544,1.0,0.43093659541451257,1.0,0.9885098200787855,0.43093659541451257,1,oil_pump_degradation,0.17550000000000002,0.17550000000000002,0.0,0.0,0.0,0.043875000000000004,0.12285,0.0,0.0,0.0,0.0,0.0,0.0
25900,2594.221347069736,85.83624095374478,1126.85,82.64424881382905,47.71849122106247,14.003245101449993,4.915218112431163,18.09285687634594,0.381135002170544,1.0,0.4290937018239751,1.0,0.9885098200787855,0.4290937018239751,1,oil_pump_degradation,0.177,0.177,0.0,0.0,0.0,0.04425,0.12389999999999998,0.0,0.0,0.0,0.0,0.0,0.0
25950,2594.221347069736,85.83047994414648,1126.85,82.64170886504746,47.64759040677538,14.003245101449993,4.915124928828189,18.092513868659754,0.381135002170544,1.0,0.4272556145762245,1.0,0.9885098200787855,0.4272556145762245,1,oil_pump_degradation,0.1785,0.1785,0.0,0.0,0.0,0.044625,0.12494999999999999,0.0,0.0,0.0,0.0,0.0,0.0
26000,2594.221347069736,85.82472104854827,1126.85,82.63916964757107,47.57673041501175,14.003245101449993,4.915031762845972,18.09217092583536,0.381135002170544,1.0,0.42542232587203627,1.0,0.9885098200787855,0.42542232587203627,1,oil_pump_degradation,0.18,0.18,0.0,0.0,0.0,0.045,0.126,0.0,0.0,0.0,0.0,0.0,0.0
26050,2594.221347069736,85.81896426616316,1126.85,82.6366311613811,47.505911233027064,14.003245101449993,4.914938614490646,18.091828047895333,0.381135002170544,1.0,0.42359382791451894,1.0,0.9885098200787855,0.42359382791451894,1,oil_pump_degradation,0.1815,0.1815,0.0,0.0,0.0,0.045375,0.12705,0.0,0.0,0.0,0.0,0.0,0.0
26100,2594.221347069736,85.81320959620444,1126.85,82.63409340645848,47.435132847493705,14.003245101449993,4.9148454837683335,18.09148523486221,0.381135002170544,1.0,0.42177011290939675,1.0,0.9885098200787855,0.42177011290939675,1,oil_pump_degradation,0.183,0.183,0.0,0.0,0.0,0.04575,0.1281,0.0,0.0,0.0,0.0,0.0,0.0
26150,2594.221347069736,85.80745703788568,1126.85,82.63155638278391,47.364395244514945,14.003245101449993,4.914752370685142,18.09114248675847,0.381135002170544,1.0,0.41995117306529034,1.0,0.9885098200787855,0.41995117306529034,1,oil_pump_degradation,0.1845,0.1845,0.0,0.0,0.0,0.046125,0.12915,0.0,0.0,0.0,0.0,0.0,0.0
26200,2594.221347069736,85.80170659042079,1126.85,82.62902009033786,47.29369840963835,14.003245101449993,4.914659275247177,18.09079980360659,0.381135002170544,1.0,0.4181370005939886,1.0,0.9885098200787855,0.4181370005939886,1,oil_pump_degradation,0.186,0.186,0.0,0.0,0.0,0.0465,0.13019999999999998,0.0,0.0,0.0,0.0,0.0,0.0
26250,2594.221347069736,85.79595825302408,1126.85,82.62648452910048,47.22304232786896,14.003245101449993,4.9145661974605295,18.090457185428992,0.381135002170544,1.0,0.4163275877107129,1.0,0.9885098200787855,0.4163275877107129,1,oil_pump_degradation,0.1875,0.1875,0.0,0.0,0.0,0.046875,0.13124999999999998,0.0,0.0,0.0,0.0,0.0,0.0
26300,2594.221347069736,85.79021202491003,1126.85,82.6239496990517,47.15242698368235,14.003245101449993,4.914473137331279,18.090114632248053,0.381135002170544,1.0,0.4145229266343778,1.0,0.9885098200787855,0.4145229266343778,1,oil_pump_degradation,0.189,0.189,0.0,0.0,0.0,0.04725,0.1323,0.0,0.0,0.0,0.0,0.0,0.0
26350,2594.221347069736,85.78446790529352,1126.85,82.62141560017119,47.08185236103716,14.003245101449993,4.914380094865497,18.089772144086123,0.381135002170544,1.0,0.41272300958784053,1.0,0.9885098200787855,0.41272300958784053,1,oil_pump_degradation,0.1905,0.1905,0.0,0.0,0.0,0.047625,0.13335,0.0,0.0,0.0,0.0,0.0,0.0
26400,2594.221347069736,85.77872589338972,1126.85,82.6188822324383,47.01131844338737,14.003245101449993,4.914287070069244,18.089429720965505,0.381135002170544,1.0,0.41092782879814527,1.0,0.9885098200787855,0.41092782879814527,1,oil_pump_degradation,0.192,0.192,0.0,0.0,0.0,0.048,0.1344,0.0,0.0,0.0,0.0,0.0,0.0
26450,2594.221347069736,85.77298598841412,1126.85,82.61634959583222,46.940825213694495,14.003245101449993,4.914194062948569,18.089087362908476,0.381135002170544,1.0,0.40913737649676335,1.0,0.9885098200787855,0.40913737649676335,1,oil_pump_degradation,0.1935,0.1935,0.0,0.0,0.0,0.048375,0.13545,0.0,0.0,0.0,0.0,0.0,0.0
26500,2594.221347069736,85.76724818958252,1126.85,82.61381769033187,46.87037265443934,14.003245101449993,4.914101073509512,18.08874506993726,0.381135002170544,1.0,0.40735164491982423,1.0,0.9885098200787855,0.40735164491982423,1,oil_pump_degradation,0.195,0.195,0.0,0.0,0.0,0.04875,0.13649999999999998,0.0,0.0,0.0,0.0,0.0,0.0
26550,2594.221347069736,85.76151249611104,1126.85,82.61128651591588,46.799960747633435,14.003245101449993,4.914008101758105,18.088402842074068,0.381135002170544,1.0,0.4055706263083395,1.0,0.9885098200787855,0.4055706263083395,1,oil_pump_degradation,0.1965,0.1965,0.0,0.0,0.0,0.049125,0.13755,0.0,0.0,0.0,0.0,0.0,0.0
26600,2594.221347069736,85.7557789072161,1126.85,82.60875607256264,46.72958947483053,14.003245101449993,4.913915147700367,18.08806067934105,0.381135002170544,1.0,0.40379431290842804,1.0,0.9885098200787855,0.40379431290842804,1,oil_pump_degradation,0.198,0.198,0.0,0.0,0.0,0.0495,0.1386,0.0,0.0,0.0,0.0,0.0,0.0
26650,2594.221347069736,85.75004742211439,1126.85,82.60622636025028,46.65925881713753,14.003245101449993,4.913822211342309,18.087718581760335,0.381135002170544,1.0,0.4020226969715258,1.0,0.9885098200787855,0.4020226969715258,1,oil_pump_degradation,0.1995,0.1995,0.0,0.0,0.0,0.049875,0.13965,0.0,0.0,0.0,0.0,0.0,0.0
26700,2594.221347069736,85.74431804002302,1126.85,82.60369737895661,46.58896875522529,14.003245101449993,4.913729292689928,18.087376549353998,0.381135002170544,1.0,0.400255770754597,1.0,0.9885098200787855,0.400255770754597,1,oil_pump_degradation,0.201,0.201,0.0,0.0,0.0,0.05025,0.1407,0.0,0.0,0.0,0.0,0.0,0.0
26750,2594.221347069736,85.73859076015935,1126.85,82.60116912865931,46.51871926933921,14.003245101449993,4.913636391749214,18.08703458214408,0.381135002170544,1.0,0.3984935265203351,1.0,0.9885098200787855,0.3984935265203351,1,oil_pump_degradation,0.2025,0.2025,0.0,0.0,0.0,0.050625,0.14175,0.0,0.0,0.0,0.0,0.0,0.0
26800,2594.221347069736,85.73286558174107,1126.85,82.59864160933574,46.44851033930945,14.003245101449993,4.913543508526144,18.0866926801526,0.381135002170544,1.0,0.396735956537361,1.0,0.9885098200787855,0.396735956537361,1,oil_pump_degradation,0.20400000000000001,0.20400000000000001,0.0,0.0,0.0,0.051000000000000004,0.1428,0.0,0.0,0.0,0.0,0.0,0.0
26850,2594.221347069736,85.7271425039861,1126.85,82.59611482096301,46.37834194456117,14.003245101449993,4.913450643026688,18.086350843401522,0.381135002170544,1.0,0.3949830530804158,1.0,0.9885098200787855,0.3949830530804158,1,oil_pump_degradation,0.20550000000000002,0.20550000000000002,0.0,0.0,0.0,0.051375000000000004,0.14385,0.0,0.0,0.0,0.0,0.0,0.0
26900,2594.221347069736,85.72142152611275,1126.85,82.59358876351803,46.30821406412427,14.003245101449993,4.913357795256807,18.086009071912784,0.381135002170544,1.0,0.39323480843054653,1.0,0.9885098200787855,0.39323480843054653,1,oil_pump_degradation,0.20700000000000002,0.20700000000000002,0.0,0.0,0.0,0.051750000000000004,0.1449,0.0,0.0,0.0,0.0,0.0,0.0
26950,2594.221347069736,85.7157026473397,1126.85,82.59106343697732,46.238126676643134,14.003245101449993,4.91326496522245,18.085667365708293,0.381135002170544,1.0,0.39149121487528954,1.0,0.9885098200787855,0.39149121487528954,1,oil_pump_degradation,0.20850000000000002,0.20850000000000002,0.0,0.0,0.0,0.052125000000000005,0.14595,0.0,0.0,0.0,0.0,0.0,0.0
27000,2594.221347069736,85.7099858668858,1126.85,82.5885388413173,46.16807976038621,14.003245101449993,4.91317215292955,18.085325724809884,0.381135002170544,1.0,0.38975226470884955,1.0,0.9885098200787855,0.38975226470884955,1,oil_pump_degradation,0.21000000000000002,0.21000000000000002,0.0,0.0,0.0,0.052500000000000005,0.147,0.0,0.0,0.0,0.0,0.0,0.0
27050,2594.221347069736,85.70427118397032,1126.85,82.58601497651404,46.09807329325487,14.003245101449993,4.91307935838404,18.0849841492394,0.381135002170544,1.0,0.3880179502322656,1.0,0.9885098200787855,0.3880179502322656,1,oil_pump_degradation,0.21149999999999997,0.21149999999999997,0.0,0.0,0.0,0.05287499999999999,0.14804999999999996,0.0,0.0,0.0,0.0,0.0,0.0
27100,2594.221347069736,85.69855859781273,1126.85,82.58349184254337,46.02810725279278,14.003245101449993,4.912986581591839,18.084642639018618,0.381135002170544,1.0,0.3862882637535854,1.0,0.9885098200787855,0.3862882637535854,1,oil_pump_degradation,0.21299999999999997,0.21299999999999997,0.0,0.0,0.0,0.05324999999999999,0.14909999999999995,0.0,0.0,0.0,0.0,0.0,0.0
27150,2594.221347069736,85.69284810763298,1126.85,82.58096943938097,45.95818161619466,14.003245101449993,4.912893822558849,18.08430119416928,0.381135002170544,1.0,0.38456319758802543,1.0,0.9885098200787855,0.38456319758802543,1,oil_pump_degradation,0.21449999999999997,0.21449999999999997,0.0,0.0,0.0,0.05362499999999999,0.15014999999999998,0.0,0.0,0.0,0.0,0.0,0.0
27200,2594.221347069736,85.68713971265117,1126.85,82.5784477670021,45.888296360314676,14.003245101449993,4.912801081290974,18.083959814713108,0.381135002170544,1.0,0.3828427440581268,1.0,0.9885098200787855,0.3828427440581268,1,oil_pump_degradation,0.21599999999999997,0.21599999999999997,0.0,0.0,0.0,0.05399999999999999,0.15119999999999997,0.0,0.0,0.0,0.0,0.0,0.0
27250,2594.221347069736,85.68143341208781,1126.85,82.57592682538188,45.818451461675295,14.003245101449993,4.9127083577940995,18.08361850067177,0.381135002170544,1.0,0.381126895493915,1.0,0.9885098200787855,0.381126895493915,1,oil_pump_degradation,0.21749999999999997,0.21749999999999997,0.0,0.0,0.0,0.05437499999999999,0.15224999999999997,0.0,0.0,0.0,0.0,0.0,0.0
27300,2594.221347069736,85.67572920516363,1126.85,82.57340661449518,45.748646896475265,14.003245101449993,4.912615652074102,18.083277252066893,0.381135002170544,1.0,0.37941564423304613,1.0,0.9885098200787855,0.37941564423304613,1,oil_pump_degradation,0.21899999999999997,0.21899999999999997,0.0,0.0,0.0,0.05474999999999999,0.15329999999999996,0.0,0.0,0.0,0.0,0.0,0.0
27350,2594.221347069736,85.67002709109977,1126.85,82.57088713431659,45.67888264059775,14.003245101449993,4.912522964136851,18.082936068920084,0.381135002170544,1.0,0.3777089826209531,1.0,0.9885098200787855,0.3777089826209531,1,oil_pump_degradation,0.22049999999999997,0.22049999999999997,0.0,0.0,0.0,0.05512499999999999,0.15434999999999996,0.0,0.0,0.0,0.0,0.0,0.0
27400,2594.221347069736,85.66432706911763,1126.85,82.56836838482047,45.60915866961822,14.003245101449993,4.912430293988205,18.082594951252908,0.381135002170544,1.0,0.376006903010987,1.0,0.9885098200787855,0.376006903010987,1,oil_pump_degradation,0.22199999999999998,0.22199999999999998,0.0,0.0,0.0,0.055499999999999994,0.15539999999999998,0.0,0.0,0.0,0.0,0.0,0.0
27450,2594.221347069736,85.65862913843893,1126.85,82.5658503659809,45.53947495881223,14.003245101449993,4.912337641634009,18.082253899086883,0.381135002170544,1.0,0.3743093977645557,1.0,0.9885098200787855,0.3743093977645557,1,oil_pump_degradation,0.22349999999999998,0.22349999999999998,0.0,0.0,0.0,0.055874999999999994,0.15644999999999998,0.0,0.0,0.0,0.0,0.0,0.0
27500,2594.221347069736,85.65293329828569,1126.85,82.56333307777174,45.46983148316295,14.003245101449993,4.912245007080101,18.081912912443503,0.381135002170544,1.0,0.37261645925125736,1.0,0.9885098200787855,0.37261645925125736,1,oil_pump_degradation,0.22499999999999998,0.22499999999999998,0.0,0.0,0.0,0.056249999999999994,0.15749999999999997,0.0,0.0,0.0,0.0,0.0,0.0
27550,2594.221347069736,85.64723954788025,1126.85,82.56081652016655,45.40022821736857,14.003245101449993,4.91215239033231,18.081571991344212,0.381135002170544,1.0,0.3709280798490108,1.0,0.9885098200787855,0.3709280798490108,1,oil_pump_degradation,0.22649999999999998,0.22649999999999998,0.0,0.0,0.0,0.056624999999999995,0.15854999999999997,0.0,0.0,0.0,0.0,0.0,0.0
27600,2594.221347069736,85.64154788644527,1126.85,82.55830069313873,45.330665135849564,14.003245101449993,4.912059791396451,18.081231135810423,0.381135002170544,1.0,0.3692442519441817,1.0,0.9885098200787855,0.3692442519441817,1,oil_pump_degradation,0.22799999999999998,0.22799999999999998,0.0,0.0,0.0,0.056999999999999995,0.15959999999999996,0.0,0.0,0.0,0.0,0.0,0.0
27650,2594.221347069736,85.6358583132037,1126.85,82.55578559666134,45.26114221275552,14.003245101449993,4.911967210278334,18.080890345863523,0.381135002170544,1.0,0.3675649679317025,1.0,0.9885098200787855,0.3675649679317025,1,oil_pump_degradation,0.22949999999999998,0.22949999999999998,0.0,0.0,0.0,0.057374999999999995,0.16065,0.0,0.0,0.0,0.0,0.0,0.0
27700,2594.221347069736,85.63017082737878,1126.85,82.55327123070725,45.19165942197248,14.003245101449993,4.911874646983754,18.08054962152484,0.381135002170544,1.0,0.3658902202151976,1.0,0.9885098200787855,0.3658902202151976,1,oil_pump_degradation,0.23099999999999998,0.23099999999999998,0.0,0.0,0.0,0.057749999999999996,0.16169999999999998,0.0,0.0,0.0,0.0,0.0,0.0
27750,2594.221347069736,85.62448542819408,1126.85,82.55075759524908,45.12221673712921,14.003245101449993,4.911782101518498,18.08020896281568,0.381135002170544,1.0,0.3642200012070921,1.0,0.9885098200787855,0.3642200012070921,1,oil_pump_degradation,0.23249999999999998,0.23249999999999998,0.0,0.0,0.0,0.058124999999999996,0.16274999999999998,0.0,0.0,0.0,0.0,0.0,0.0
27800,2594.221347069736,85.61880211487352,1126.85,82.5482446902592,45.05281413160432,14.003245101449993,4.911689573888343,18.0798683697573,0.381135002170544,1.0,0.36255430332873134,1.0,0.9885098200787855,0.36255430332873134,1,oil_pump_degradation,0.23399999999999999,0.23399999999999999,0.0,0.0,0.0,0.058499999999999996,0.16379999999999997,0.0,0.0,0.0,0.0,0.0,0.0
27850,2594.221347069736,85.61312088664124,1126.85,82.54573251570969,44.9834515785322,14.003245101449993,4.911597064099058,18.079527842370943,0.381135002170544,1.0,0.3608931190104825,1.0,0.9885098200787855,0.3608931190104825,1,oil_pump_degradation,0.2355,0.2355,0.0,0.0,0.0,0.058875,0.16484999999999997,0.0,0.0,0.0,0.0,0.0,0.0
27900,2594.221347069736,85.60744174272179,1126.85,82.54322107157242,44.914129050809855,14.003245101449993,4.9115045721564,18.0791873806778,0.381135002170544,1.0,0.35923644069184796,1.0,0.9885098200787855,0.35923644069184796,1,oil_pump_degradation,0.237,0.237,0.0,0.0,0.0,0.05925,0.1659,0.0,0.0,0.0,0.0,0.0,0.0
27950,2594.221347069736,85.60176468233993,1126.85,82.54071035781902,44.844846521102696,14.003245101449993,4.911412098066116,18.078846984699023,0.381135002170544,1.0,0.3575842608215625,1.0,0.9885098200787855,0.3575842608215625,1,oil_pump_degradation,0.2385,0.2385,0.0,0.0,0.0,0.059625,0.16695,0.0,0.0,0.0,0.0,0.0,0.0
28000,2594.221347069736,85.59608970472084,1126.85,82.53820037442091,44.77560396185083,14.003245101449993,4.91131964183394,18.078506654455722,0.381135002170544,1.0,0.3559365718576962,1.0,0.9885098200787855,0.3559365718576962,1,oil_pump_degradation,0.24,0.24,0.0,0.0,0.0,0.06,0.16799999999999998,0.0,0.0,0.0,0.0,0.0,0.0
28050,2594.221347069736,85.5904168090899,1126.85,82.53569112134915,44.70640134527479,14.003245101449993,4.911227203465604,18.07816638996899,0.381135002170544,1.0,0.3542933662677493,1.0,0.9885098200787855,0.3542933662677493,1,oil_pump_degradation,0.2415,0.2415,0.0,0.0,0.0,0.060375,0.16904999999999998,0.0,0.0,0.0,0.0,0.0,0.0
28100,2594.221347069736,85.58474599467286,1126.85,82.53318259857463,44.63723864338154,14.003245101449993,4.911134782966823,18.077826191259877,0.381135002170544,1.0,0.35265463652874807,1.0,0.9885098200787855,0.35265463652874807,1,oil_pump_degradation,0.243,0.243,0.0,0.0,0.0,0.06075,0.17009999999999997,0.0,0.0,0.0,0.0,0.0,0.0
28150,2594.221347069736,85.57907726069573,1126.85,82.53067480606802,44.56811582796995,14.003245101449993,4.911042380343302,18.07748605834937,0.381135002170544,1.0,0.3510203751273344,1.0,0.9885098200787855,0.3510203751273344,1,oil_pump_degradation,0.2445,0.2445,0.0,0.0,0.0,0.061125,0.17115,0.0,0.0,0.0,0.0,0.0,0.0
28200,2594.221347069736,85.57341060638487,1126.85,82.52816774379971,44.49903287063639,14.003245101449993,4.910949995600741,18.07714599125845,0.381135002170544,1.0,0.34939057455985484,1.0,0.9885098200787855,0.34939057455985484,1,oil_pump_degradation,0.246,0.246,0.0,0.0,0.0,0.0615,0.1722,0.0,0.0,0.0,0.0,0.0,0.0
28250,2594.221347069736,85.56774603096699,1126.85,82.52566141173986,44.42998974278015,14.003245101449993,4.910857628744826,18.076805990008054,0.381135002170544,1.0,0.34776522733244497,1.0,0.9885098200787855,0.34776522733244497,1,oil_pump_degradation,0.2475,0.2475,0.0,0.0,0.0,0.061875,0.17325,0.0,0.0,0.0,0.0,0.0,0.0
28300,2594.221347069736,85.56208353366895,1126.85,82.5231558098584,44.360986415608686,14.003245101449993,4.910765279781237,18.076466054619093,0.381135002170544,1.0,0.3461443259611136,1.0,0.9885098200787855,0.3461443259611136,1,oil_pump_degradation,0.249,0.249,0.0,0.0,0.0,0.06225,0.17429999999999998,0.0,0.0,0.0,0.0,0.0,0.0
28350,2594.221347069736,85.5564231137181,1126.85,82.52065093812496,44.29202286014292,14.003245101449993,4.910672948715639,18.07612618511241,0.381135002170544,1.0,0.34452786297182353,1.0,0.9885098200787855,0.34452786297182353,1,oil_pump_degradation,0.2505,0.2505,0.0,0.0,0.0,0.062625,0.17534999999999998,0.0,0.0,0.0,0.0,0.0,0.0
28400,2594.221347069736,85.55076477034203,1126.85,82.51814679650897,44.22309904722216,14.003245101449993,4.910580635553691,18.07578638150884,0.381135002170544,1.0,0.3429158309005681,1.0,0.9885098200787855,0.3429158309005681,1,oil_pump_degradation,0.252,0.252,0.0,0.0,0.0,0.063,0.1764,0.0,0.0,0.0,0.0,0.0,0.0
28450,2594.221347069736,85.54510850276858,1126.85,82.51564338497957,44.15421494750922,14.003245101449993,4.910488340301039,18.07544664382917,0.381135002170544,1.0,0.34130822229344826,1.0,0.9885098200787855,0.34130822229344826,1,oil_pump_degradation,0.2535,0.2535,0.0,0.0,0.0,0.063375,0.17745,0.0,0.0,0.0,0.0,0.0,0.0
28500,2594.221347069736,85.53945431022595,1126.85,82.51314070350577,44.08537053149501,14.003245101449993,4.91039606296332,18.075106972094144,0.381135002170544,1.0,0.33970502970674354,1.0,0.9885098200787855,0.33970502970674354,1,oil_pump_degradation,0.255,0.255,0.0,0.0,0.0,0.06375,0.1785,0.0,0.0,0.0,0.0,0.0,0.0
28550,2594.221347069736,85.53380219194264,1126.85,82.5106387520562,44.016565769503515,14.003245101449993,4.910303803546165,18.07476736632449,0.381135002170544,1.0,0.33810624570698405,1.0,0.9885098200787855,0.33810624570698405,1,oil_pump_degradation,0.2565,0.2565,0.0,0.0,0.0,0.064125,0.17955,0.0,0.0,0.0,0.0,0.0,0.0
28600,2594.221347069736,85.52815214714747,1126.85,82.50813753059936,43.947800631696396,14.003245101449993,4.910211562055187,18.074427826540873,0.381135002170544,1.0,0.3365118628710202,1.0,0.9885098200787855,0.3365118628710202,1,oil_pump_degradation,0.258,0.258,0.0,0.0,0.0,0.0645,0.18059999999999998,0.0,0.0,0.0,0.0,0.0,0.0
28650,2594.221347069736,85.52250417506951,1126.85,82.50563703910342,43.8790750880773,14.003245101449993,4.910119338495997,18.074088352763948,0.381135002170544,1.0,0.33492187378608507,1.0,0.9885098200787855,0.33492187378608507,1,oil_pump_degradation,0.25949999999999995,0.25949999999999995,0.0,0.0,0.0,0.06487499999999999,0.18164999999999995,0.0,0.0,0.0,0.0,0.0,0.0
28700,2594.221347069736,85.51685827493822,1126.85,82.50313727753638,43.81038910849655,14.003245101449993,4.910027132874194,18.073748945014316,0.381135002170544,1.0,0.3333362710498618,1.0,0.9885098200787855,0.3333362710498618,1,oil_pump_degradation,0.261,0.261,0.0,0.0,0.0,0.06525,0.1827,0.0,0.0,0.0,0.0,0.0,0.0
28750,2594.221347069736,85.51121444598334,1126.85,82.50063824586596,43.74174266265537,14.003245101449993,4.9099349451953636,18.073409603312548,0.381135002170544,1.0,0.33175504727054467,1.0,0.9885098200787855,0.33175504727054467,1,oil_pump_degradation,0.26249999999999996,0.26249999999999996,0.0,0.0,0.0,0.06562499999999999,0.18374999999999997,0.0,0.0,0.0,0.0,0.0,0.0
28800,2594.221347069736,85.50557268743489,1126.85,82.49813994405963,43.673135720110196,14.003245101449993,4.909842775465085,18.07307032767918,0.381135002170544,1.0,0.3301781950668994,1.0,0.9885098200787855,0.3301781950668994,1,oil_pump_degradation,0.264,0.264,0.0,0.0,0.0,0.066,0.1848,0.0,0.0,0.0,0.0,0.0,0.0
28850,2594.221347069736,85.49993299852315,1126.85,82.49564237208466,43.60456825027667,14.003245101449993,4.909750623688928,18.072731118134698,0.381135002170544,1.0,0.3286057070683192,1.0,0.9885098200787855,0.3286057070683192,1,oil_pump_degradation,0.26549999999999996,0.26549999999999996,0.0,0.0,0.0,0.06637499999999999,0.18584999999999996,0.0,0.0,0.0,0.0,0.0,0.0
28900,2594.221347069736,85.49429537847885,1126.85,82.49314552990808,43.536040222433826,14.003245101449993,4.909658489872447,18.07239197469957,0.381135002170544,1.0,0.3270375759148819,1.0,0.9885098200787855,0.3270375759148819,1,oil_pump_degradation,0.267,0.267,0.0,0.0,0.0,0.06675,0.1869,0.0,0.0,0.0,0.0,0.0,0.0
28950,2594.221347069736,85.48865982653285,1126.85,82.49064941749663,43.467551605727955,14.003245101449993,4.909566374021197,18.072052897394233,0.381135002170544,1.0,0.32547379425740336,1.0,0.9885098200787855,0.32547379425740336,1,oil_pump_degradation,0.26849999999999996,0.26849999999999996,0.0,0.0,0.0,0.06712499999999999,0.18794999999999995,0.0,0.0,0.0,0.0,0.0,0.0
29000,2594.221347069736,85.48302634191646,1126.85,82.48815403481683,43.3991023691767,14.003245101449993,4.9094742761407115,18.071713886239056,0.381135002170544,1.0,0.32391435475749125,1.0,0.9885098200787855,0.32391435475749125,1,oil_pump_degradation,0.27,0.27,0.0,0.0,0.0,0.0675,0.189,0.0,0.0,0.0,0.0,0.0,0.0
29050,2594.221347069736,85.47739492386125,1126.85,82.48565938183503,43.33069248167262,14.003245101449993,4.90938219623652,18.071374941254398,0.381135002170544,1.0,0.32235925008759375,1.0,0.9885098200787855,0.32235925008759375,1,oil_pump_degradation,0.27149999999999996,0.27149999999999996,0.0,0.0,0.0,0.06787499999999999,0.19004999999999997,0.0,0.0,0.0,0.0,0.0,0.0
29100,2594.221347069736,85.47176557159906,1126.85,82.48316545851725,43.26232191198682,14.003245101449993,4.909290134314145,18.07103606246058,0.381135002170544,1.0,0.3208084729310448,1.0,0.9885098200787855,0.3208084729310448,1,oil_pump_degradation,0.273,0.273,0.0,0.0,0.0,0.06825,0.1911,0.0,0.0,0.0,0.0,0.0,0.0
29150,2594.221347069736,85.46613828436205,1126.85,82.48067226482925,43.19399062877302,14.003245101449993,4.9091980903790935,18.070697249877874,0.381135002170544,1.0,0.31926201598211923,1.0,0.9885098200787855,0.31926201598211923,1,oil_pump_degradation,0.27449999999999997,0.27449999999999997,0.0,0.0,0.0,0.06862499999999999,0.19214999999999996,0.0,0.0,0.0,0.0,0.0,0.0
29200,2594.221347069736,85.4605130613827,1126.85,82.47817980073671,43.125698600570686,14.003245101449993,4.9091060644368625,18.07035850352652,0.381135002170544,1.0,0.3177198719460695,1.0,0.9885098200787855,0.3177198719460695,1,oil_pump_degradation,0.276,0.276,0.0,0.0,0.0,0.069,0.1932,0.0,0.0,0.0,0.0,0.0,0.0
29250,2594.221347069736,85.45488990189381,1126.85,82.4756880662049,43.05744579580856,14.003245101449993,4.909014056492948,18.070019823426748,0.381135002170544,1.0,0.3161820335391721,1.0,0.9885098200787855,0.3161820335391721,1,oil_pump_degradation,0.27749999999999997,0.27749999999999997,0.0,0.0,0.0,0.06937499999999999,0.19424999999999998,0.0,0.0,0.0,0.0,0.0,0.0
29300,2594.221347069736,85.44926880512844,1126.85,82.4731970611989,42.98923218280829,14.003245101449993,4.908922066552822,18.069681209598695,0.381135002170544,1.0,0.31464849348877044,1.0,0.9885098200787855,0.31464849348877044,1,oil_pump_degradation,0.279,0.279,0.0,0.0,0.0,0.06975,0.1953,0.0,0.0,0.0,0.0,0.0,0.0
29350,2594.221347069736,85.44364977031995,1126.85,82.47070678568366,42.92105772978749,14.003245101449993,4.908830094621961,18.06934266206252,0.381135002170544,1.0,0.3131192445333131,1.0,0.9885098200787855,0.3131192445333131,1,oil_pump_degradation,0.28049999999999997,0.28049999999999997,0.0,0.0,0.0,0.07012499999999999,0.19634999999999997,0.0,0.0,0.0,0.0,0.0,0.0
29400,2594.221347069736,85.43803279670209,1126.85,82.46821723962375,42.85292240486308,14.003245101449993,4.908738140705822,18.06900418083832,0.381135002170544,1.0,0.3115942794223923,1.0,0.9885098200787855,0.3115942794223923,1,oil_pump_degradation,0.28200000000000003,0.28200000000000003,0.0,0.0,0.0,0.07050000000000001,0.19740000000000002,0.0,0.0,0.0,0.0,0.0,0.0
29450,2594.221347069736,85.43241788350883,1126.85,82.4657284229836,42.78482617605457,14.003245101449993,4.908646204809856,18.06866576594615,0.381135002170544,1.0,0.3100735909167834,1.0,0.9885098200787855,0.3100735909167834,1,oil_pump_degradation,0.2835,0.2835,0.0,0.0,0.0,0.070875,0.19844999999999996,0.0,0.0,0.0,0.0,0.0,0.0
29500,2594.221347069736,85.42680502997445,1126.85,82.46324033572733,42.71676901128696,14.003245101449993,4.908554286939505,18.068327417406042,0.381135002170544,1.0,0.3085571717884768,1.0,0.9885098200787855,0.3085571717884768,1,oil_pump_degradation,0.28500000000000003,0.28500000000000003,0.0,0.0,0.0,0.07125000000000001,0.1995,0.0,0.0,0.0,0.0,0.0,0.0
29550,2594.221347069736,85.42119423533359,1126.85,82.46075297781886,42.64875087839397,14.003245101449993,4.908462387100198,18.06798913523799,0.381135002170544,1.0,0.30704501482071567,1.0,0.9885098200787855,0.30704501482071567,1,oil_pump_degradation,0.2865,0.2865,0.0,0.0,0.0,0.071625,0.20054999999999998,0.0,0.0,0.0,0.0,0.0,0.0
29600,2594.221347069736,85.41558549882114,1126.85,82.4582663492219,42.58077174512093,14.003245101449993,4.908370505297357,18.06765091946194,0.381135002170544,1.0,0.3055371128080268,1.0,0.9885098200787855,0.3055371128080268,1,oil_pump_degradation,0.28800000000000003,0.28800000000000003,0.0,0.0,0.0,0.07200000000000001,0.2016,0.0,0.0,0.0,0.0,0.0,0.0
29650,2594.221347069736,85.40997881967229,1126.85,82.45578044989992,42.51283157912766,14.003245101449993,4.908278641536392,18.067312770097814,0.381135002170544,1.0,0.3040334585562517,1.0,0.9885098200787855,0.3040334585562517,1,oil_pump_degradation,0.2895,0.2895,0.0,0.0,0.0,0.072375,0.20264999999999997,0.0,0.0,0.0,0.0,0.0,0.0
29700,2594.221347069736,85.40437419712259,1126.85,82.45329527981613,42.444930347991246,14.003245101449993,4.908186795822709,18.066974687165505,0.381135002170544,1.0,0.30253404488257585,1.0,0.9885098200787855,0.30253404488257585,1,oil_pump_degradation,0.29100000000000004,0.29100000000000004,0.0,0.0,0.0,0.07275000000000001,0.20370000000000002,0.0,0.0,0.0,0.0,0.0,0.0
29750,2594.221347069736,85.39877163040785,1126.85,82.45081083893348,42.37706801920907,14.003245101449993,4.908094968161695,18.06663667068485,0.381135002170544,1.0,0.3010388646155612,1.0,0.9885098200787855,0.3010388646155612,1,oil_pump_degradation,0.2925,0.2925,0.0,0.0,0.0,0.073125,0.20475,0.0,0.0,0.0,0.0,0.0,0.0
29800,2594.221347069736,85.3931711187642,1126.85,82.44832712721472,42.30924456020135,14.003245101449993,4.908003158558734,18.066298720675665,0.381135002170544,1.0,0.29954791059517044,1.0,0.9885098200787855,0.29954791059517044,1,oil_pump_degradation,0.29400000000000004,0.29400000000000004,0.0,0.0,0.0,0.07350000000000001,0.2058,0.0,0.0,0.0,0.0,0.0,0.0
29850,2594.221347069736,85.38757266142801,1126.85,82.44584414462241,42.24145993831381,14.003245101449993,4.907911367019197,18.065960837157718,0.381135002170544,1.0,0.298061175672794,1.0,0.9885098200787855,0.298061175672794,1,oil_pump_degradation,0.2955,0.2955,0.0,0.0,0.0,0.073875,0.20684999999999998,0.0,0.0,0.0,0.0,0.0,0.0
29900,2594.221347069736,85.38197625763604,1126.85,82.4433618911188,42.173714120820144,14.003245101449993,4.907819593548449,18.06562302015076,0.381135002170544,1.0,0.29657865271127287,1.0,0.9885098200787855,0.29657865271127287,1,oil_pump_degradation,0.29700000000000004,0.29700000000000004,0.0,0.0,0.0,0.07425000000000001,0.20790000000000003,0.0,0.0,0.0,0.0,0.0,0.0
29950,2594.221347069736,85.37638190662534,1126.85,82.44088036666597,42.106007074924925,14.003245101449993,4.907727838151841,18.065285269674487,0.381135002170544,1.0,0.2951003345849273,1.0,0.9885098200787855,0.2951003345849273,1,oil_pump_degradation,0.2985,0.2985,0.0,0.0,0.0,0.074625,0.20894999999999997,0.0,0.0,0.0,0.0,0.0,0.0
30000,2594.221347069736,85.37078960763324,1126.85,82.43839957122572,42.03833876776574,14.003245101449993,4.907636100834719,18.06494758574858,0.381135002170544,1.0,0.29362621417957496,1.0,0.9885098200787855,0.29362621417957496,1,oil_pump_degradation,0.30000000000000004,0.30000000000000004,0.0,0.0,0.0,0.07500000000000001,0.21000000000000002,0.0,0.0,0.0,0.0,0.0,0.0
30050,2594.221347069736,85.36519935989736,1126.85,82.43591950475962,41.9707091664158,14.003245101449993,4.907544381602414,18.064609968392656,0.381135002170544,1.0,0.2921562843925551,1.0,0.9885098200787855,0.2921562843925551,1,oil_pump_degradation,0.3015,0.3015,0.0,0.0,0.0,0.075375,0.21105,0.0,0.0,0.0,0.0,0.0,0.0
30100,2594.221347069736,85.35961116265565,1126.85,82.43344016722904,41.90311823788633,14.003245101449993,4.907452680460252,18.064272417626324,0.381135002170544,1.0,0.2906905381327482,1.0,0.9885098200787855,0.2906905381327482,1,oil_pump_degradation,0.30300000000000005,0.30300000000000005,0.0,0.0,0.0,0.07575000000000001,0.2121,0.0,0.0,0.0,0.0,0.0,0.0
30150,2594.221347069736,85.3540250151463,1126.85,82.43096155859513,41.83556594912878,14.003245101449993,4.907360997413545,18.063934933469138,0.381135002170544,1.0,0.2892289683205947,1.0,0.9885098200787855,0.2892289683205947,1,oil_pump_degradation,0.3045,0.3045,0.0,0.0,0.0,0.076125,0.21314999999999998,0.0,0.0,0.0,0.0,0.0,0.0
30200,2594.221347069736,85.3484409166079,1126.85,82.42848367881874,41.76805226703712,14.003245101449993,4.907269332467599,18.06359751594063,0.381135002170544,1.0,0.28777156788811326,1.0,0.9885098200787855,0.28777156788811326,1,oil_pump_degradation,0.306,0.306,0.0,0.0,0.0,0.0765,0.21419999999999997,0.0,0.0,0.0,0.0,0.0,0.0
30250,2594.221347069736,85.3428588662793,1126.85,82.42600652786052,41.700577158450244,14.003245101449993,4.907177685627708,18.063260165060285,0.381135002170544,1.0,0.28631832977892024,1.0,0.9885098200787855,0.28631832977892024,1,oil_pump_degradation,0.3075,0.3075,0.0,0.0,0.0,0.076875,0.21525,0.0,0.0,0.0,0.0,0.0,0.0
30300,2594.221347069736,85.3372788633996,1126.85,82.42353010568092,41.633140590153914,14.003245101449993,4.907086056899158,18.06292288084756,0.381135002170544,1.0,0.28486924694824334,1.0,0.9885098200787855,0.28486924694824334,1,oil_pump_degradation,0.309,0.309,0.0,0.0,0.0,0.07725,0.2163,0.0,0.0,0.0,0.0,0.0,0.0
30350,2594.221347069736,85.3317009072083,1126.85,82.42105441224015,41.56574252888305,14.003245101449993,4.9069944462872215,18.06258566332187,0.381135002170544,1.0,0.2834243123629389,1.0,0.9885098200787855,0.2834243123629389,1,oil_pump_degradation,0.3105,0.3105,0.0,0.0,0.0,0.077625,0.21735,0.0,0.0,0.0,0.0,0.0,0.0
30400,2594.221347069736,85.32612499694511,1126.85,82.41857944749819,41.49838294132371,14.003245101449993,4.906902853797168,18.0622485125026,0.381135002170544,1.0,0.2819835190015047,1.0,0.9885098200787855,0.2819835190015047,1,oil_pump_degradation,0.312,0.312,0.0,0.0,0.0,0.078,0.21839999999999998,0.0,0.0,0.0,0.0,0.0,0.0
30450,2594.221347069736,85.32055113185004,1126.85,82.41610521141473,41.43106179411509,14.003245101449993,4.906811279434255,18.06191142840911,0.381135002170544,1.0,0.28054685985409317,1.0,0.9885098200787855,0.28054685985409317,1,oil_pump_degradation,0.3135,0.3135,0.0,0.0,0.0,0.078375,0.21944999999999998,0.0,0.0,0.0,0.0,0.0,0.0
30500,2594.221347069736,85.31497931116348,1126.85,82.4136317039493,41.363779053851815,14.003245101449993,4.906719723203723,18.061574411060693,0.381135002170544,1.0,0.27911432792252827,1.0,0.9885098200787855,0.27911432792252827,1,oil_pump_degradation,0.315,0.315,0.0,0.0,0.0,0.07875,0.22049999999999997,0.0,0.0,0.0,0.0,0.0,0.0
30550,2594.221347069736,85.30940953412613,1126.85,82.41115892506122,41.296534687085455,14.003245101449993,4.906628185110813,18.061237460476633,0.381135002170544,1.0,0.2776859162203106,1.0,0.9885098200787855,0.2776859162203106,1,oil_pump_degradation,0.3165,0.3165,0.0,0.0,0.0,0.079125,0.22155,0.0,0.0,0.0,0.0,0.0,0.0
30600,2594.221347069736,85.3038417999789,1126.85,82.40868687470953,41.22932866032668,14.003245101449993,4.906536665160754,18.060900576676183,0.381135002170544,1.0,0.2762616177726323,1.0,0.9885098200787855,0.2762616177726323,1,oil_pump_degradation,0.318,0.318,0.0,0.0,0.0,0.0795,0.2226,0.0,0.0,0.0,0.0,0.0,0.0
30650,2594.221347069736,85.29827610796303,1126.85,82.40621555285304,41.16216094004713,14.003245101449993,4.906445163358762,18.060563759678544,0.381135002170544,1.0,0.2748414256163871,1.0,0.9885098200787855,0.2748414256163871,1,oil_pump_degradation,0.3195,0.3195,0.0,0.0,0.0,0.079875,0.22365,0.0,0.0,0.0,0.0,0.0,0.0
30700,2594.221347069736,85.29271245732008,1126.85,82.40374495945031,41.09503149268115,14.003245101449993,4.906353679710042,18.060227009502878,0.381135002170544,1.0,0.2734253328001779,1.0,0.9885098200787855,0.2734253328001779,1,oil_pump_degradation,0.321,0.321,0.0,0.0,0.0,0.08025,0.22469999999999998,0.0,0.0,0.0,0.0,0.0,0.0
30750,2594.221347069736,85.28715084729185,1126.85,82.40127509445972,41.02794028462767,14.003245101449993,4.906262214219798,18.059890326168333,0.381135002170544,1.0,0.2720133323843269,1.0,0.9885098200787855,0.2720133323843269,1,oil_pump_degradation,0.3225,0.3225,0.0,0.0,0.0,0.080625,0.22574999999999998,0.0,0.0,0.0,0.0,0.0,0.0
30800,2594.221347069736,85.28159127712058,1126.85,82.39880595783944,40.960887282251825,14.003245101449993,4.906170766893212,18.059553709693986,0.381135002170544,1.0,0.27060541744088157,1.0,0.9885098200787855,0.27060541744088157,1,oil_pump_degradation,0.324,0.324,0.0,0.0,0.0,0.081,0.2268,0.0,0.0,0.0,0.0,0.0,0.0
30850,2594.221347069736,85.27603374604871,1126.85,82.39633754954741,40.893872451886715,14.003245101449993,4.906079337735469,18.059217160098928,0.381135002170544,1.0,0.2692015810536218,1.0,0.9885098200787855,0.2692015810536218,1,oil_pump_degradation,0.3255,0.3255,0.0,0.0,0.0,0.081375,0.22785,0.0,0.0,0.0,0.0,0.0,0.0
30900,2594.221347069736,85.27047825331897,1126.85,82.39386986954128,40.826895759835,14.003245101449993,4.905987926751739,18.058880677402183,0.381135002170544,1.0,0.2678018163180655,1.0,0.9885098200787855,0.2678018163180655,1,oil_pump_degradation,0.327,0.327,0.0,0.0,0.0,0.08175,0.2289,0.0,0.0,0.0,0.0,0.0,0.0
30950,2594.221347069736,85.26492479817438,1126.85,82.39140291777846,40.759957172370775,14.003245101449993,4.90589653394718,18.058544261622743,0.381135002170544,1.0,0.2664061163414775,1.0,0.9885098200787855,0.2664061163414775,1,oil_pump_degradation,0.3285,0.3285,0.0,0.0,0.0,0.082125,0.22995,0.0,0.0,0.0,0.0,0.0,0.0
31000,2594.221347069736,85.25937337985835,1126.85,82.38893669421628,40.69305665574091,14.003245101449993,4.905805159326939,18.05820791277955,0.381135002170544,1.0,0.2650144742428701,1.0,0.9885098200787855,0.2650144742428701,1,oil_pump_degradation,0.33,0.33,0.0,0.0,0.0,0.0825,0.23099999999999998,0.0,0.0,0.0,0.0,0.0,0.0
31050,2594.221347069736,85.25382399761446,1126.85,82.3864711988117,40.626194176166535,14.003245101449993,4.905713802896164,18.057871630891558,0.381135002170544,1.0,0.26362688315300686,1.0,0.9885098200787855,0.26362688315300686,1,oil_pump_degradation,0.3315,0.3315,0.0,0.0,0.0,0.082875,0.23205,0.0,0.0,0.0,0.0,0.0,0.0
31100,2594.221347069736,85.24827665068676,1126.85,82.38400643152147,40.55936969984499,14.003245101449993,4.905622464659983,18.05753541597764,0.381135002170544,1.0,0.26224333621441126,1.0,0.9885098200787855,0.26224333621441126,1,oil_pump_degradation,0.333,0.333,0.0,0.0,0.0,0.08325,0.2331,0.0,0.0,0.0,0.0,0.0,0.0
31150,2594.221347069736,85.24273133831946,1126.85,82.38154239230221,40.492583192950846,14.003245101449993,4.905531144623517,18.057199268056642,0.381135002170544,1.0,0.26086382658136315,1.0,0.9885098200787855,0.26086382658136315,1,oil_pump_degradation,0.3345,0.3345,0.0,0.0,0.0,0.083625,0.23415,0.0,0.0,0.0,0.0,0.0,0.0
31200,2594.221347069736,85.23718805975705,1126.85,82.3790790811102,40.42583462163756,14.003245101449993,4.905439842791878,18.056863187147396,0.381135002170544,1.0,0.2594883474199037,1.0,0.9885098200787855,0.2594883474199037,1,oil_pump_degradation,0.336,0.336,0.0,0.0,0.0,0.084,0.2352,0.0,0.0,0.0,0.0,0.0,0.0
31250,2594.221347069736,85.23164681424447,1126.85,82.37661649790158,40.35912395203896,14.003245101449993,4.9053485591701715,18.05652717326868,0.381135002170544,1.0,0.2581168919078372,1.0,0.9885098200787855,0.2581168919078372,1,oil_pump_degradation,0.3375,0.3375,0.0,0.0,0.0,0.084375,0.23625,0.0,0.0,0.0,0.0,0.0,0.0
31300,2594.221347069736,85.2261076010268,1126.85,82.37415464263222,40.29245115027054,14.003245101449993,4.90525729376349,18.056191226439243,0.381135002170544,1.0,0.25674945323473086,1.0,0.9885098200787855,0.25674945323473086,1,oil_pump_degradation,0.339,0.339,0.0,0.0,0.0,0.08475,0.2373,0.0,0.0,0.0,0.0,0.0,0.0
31350,2594.221347069736,85.22057041934949,1126.85,82.37169351525779,40.22581618243082,14.003245101449993,4.905166046576914,18.055855346677795,0.381135002170544,1.0,0.25538602460191573,1.0,0.9885098200787855,0.25538602460191573,1,oil_pump_degradation,0.3405,0.3405,0.0,0.0,0.0,0.085125,0.23835,0.0,0.0,0.0,0.0,0.0,0.0
31400,2594.221347069736,85.21503526845834,1126.85,82.36923311573372,40.159219014602705,14.003245101449993,4.9050748176155246,18.05551953400303,0.381135002170544,1.0,0.2540265992224853,1.0,0.9885098200787855,0.2540265992224853,1,oil_pump_degradation,0.342,0.342,0.0,0.0,0.0,0.0855,0.2394,0.0,0.0,0.0,0.0,0.0,0.0
31450,2594.221347069736,85.20950214759932,1126.85,82.36677344401528,40.092659612854874,14.003245101449993,4.90498360688438,18.055183788433563,0.381135002170544,1.0,0.25267117032129677,1.0,0.9885098200787855,0.25267117032129677,1,oil_pump_degradation,0.3435,0.3435,0.0,0.0,0.0,0.085875,0.24045,0.0,0.0,0.0,0.0,0.0,0.0
31500,2594.221347069736,85.20397105601887,1126.85,82.36431450005739,40.026137943242716,14.003245101449993,4.904892414388541,18.054848109988036,0.381135002170544,1.0,0.2513197311349648,1.0,0.9885098200787855,0.2513197311349648,1,oil_pump_degradation,0.34500000000000003,0.34500000000000003,0.0,0.0,0.0,0.08625000000000001,0.2415,0.0,0.0,0.0,0.0,0.0,0.0
31550,2594.221347069736,85.19844199296352,1126.85,82.3618562838148,39.95965397181018,14.003245101449993,4.904801240133048,18.054512498684996,0.381135002170544,1.0,0.24997227491186771,1.0,0.9885098200787855,0.24997227491186771,1,oil_pump_degradation,0.34650000000000003,0.34650000000000003,0.0,0.0,0.0,0.08662500000000001,0.24255000000000002,0.0,0.0,0.0,0.0,0.0,0.0
31600,2594.221347069736,85.19291495768027,1126.85,82.3593987952421,39.89320766459044,14.003245101449993,4.90471008412294,18.054176954542992,0.381135002170544,1.0,0.24862879491213802,1.0,0.9885098200787855,0.24862879491213802,1,oil_pump_degradation,0.34800000000000003,0.34800000000000003,0.0,0.0,0.0,0.08700000000000001,0.2436,0.0,0.0,0.0,0.0,0.0,0.0
31650,2594.221347069736,85.18738994941634,1126.85,82.35694203429364,39.82679898760719,14.003245101449993,4.904618946363244,18.053841477580526,0.381135002170544,1.0,0.24728928440766001,1.0,0.9885098200787855,0.24728928440766001,1,oil_pump_degradation,0.34950000000000003,0.34950000000000003,0.0,0.0,0.0,0.08737500000000001,0.24465,0.0,0.0,0.0,0.0,0.0,0.0
31700,2594.221347069736,85.1818669674193,1126.85,82.35448600092349,39.760427906876046,14.003245101449993,4.904527826858978,18.05350606781607,0.381135002170544,1.0,0.24595373668207007,1.0,0.9885098200787855,0.24595373668207007,1,oil_pump_degradation,0.35100000000000003,0.35100000000000003,0.0,0.0,0.0,0.08775000000000001,0.2457,0.0,0.0,0.0,0.0,0.0,0.0
31750,2594.221347069736,85.17634601093692,1126.85,82.35203069508549,39.69409438840541,14.003245101449993,4.904436725615149,18.05317072526806,0.381135002170544,1.0,0.24462214503074903,1.0,0.9885098200787855,0.24462214503074903,1,oil_pump_degradation,0.3525,0.3525,0.0,0.0,0.0,0.088125,0.24674999999999997,0.0,0.0,0.0,0.0,0.0,0.0
31800,2594.221347069736,85.17082707921736,1126.85,82.34957611673332,39.62779839819792,14.003245101449993,4.904345642636754,18.052835449954884,0.381135002170544,1.0,0.2432945027608219,1.0,0.9885098200787855,0.2432945027608219,1,oil_pump_degradation,0.354,0.354,0.0,0.0,0.0,0.0885,0.24779999999999996,0.0,0.0,0.0,0.0,0.0,0.0
31850,2594.221347069736,85.16531017150902,1126.85,82.34712226582042,39.56153990225102,14.003245101449993,4.904254577928783,18.052500241894915,0.381135002170544,1.0,0.24197080319114678,1.0,0.9885098200787855,0.24197080319114678,1,oil_pump_degradation,0.3555,0.3555,0.0,0.0,0.0,0.088875,0.24884999999999996,0.0,0.0,0.0,0.0,0.0,0.0
31900,2594.221347069736,85.15979528706066,1126.85,82.34466914230006,39.49531886655854,14.003245101449993,4.9041635314962155,18.05216510110648,0.381135002170544,1.0,0.24065103965231555,1.0,0.9885098200787855,0.24065103965231555,1,oil_pump_degradation,0.357,0.357,0.0,0.0,0.0,0.08925,0.24989999999999998,0.0,0.0,0.0,0.0,0.0,0.0
31950,2594.221347069736,85.15428242512127,1126.85,82.34221674612519,39.42913525711134,14.003245101449993,4.904072503344024,18.051830027607874,0.381135002170544,1.0,0.2393352054866435,1.0,0.9885098200787855,0.2393352054866435,1,oil_pump_degradation,0.3585,0.3585,0.0,0.0,0.0,0.089625,0.25094999999999995,0.0,0.0,0.0,0.0,0.0,0.0
32000,2594.221347069736,85.14877158494016,1126.85,82.33976507724856,39.362989039898665,14.003245101449993,4.903981493477166,18.05149502141736,0.381135002170544,1.0,0.23802329404816747,1.0,0.9885098200787855,0.23802329404816747,1,oil_pump_degradation,0.36,0.36,0.0,0.0,0.0,0.09,0.252,0.0,0.0,0.0,0.0,0.0,0.0
32050,2594.221347069736,85.14326276576696,1126.85,82.33731413562276,39.29688018090885,14.003245101449993,4.9038905019005945,18.05116008255316,0.381135002170544,1.0,0.2367152987026356,1.0,0.9885098200787855,0.2367152987026356,1,oil_pump_degradation,0.3615,0.3615,0.0,0.0,0.0,0.090375,0.25305,0.0,0.0,0.0,0.0,0.0,0.0
32100,2594.221347069736,85.13775596685161,1126.85,82.33486392120017,39.23080864613045,14.003245101449993,4.903799528619248,18.050825211033462,0.381135002170544,1.0,0.23541121282750188,1.0,0.9885098200787855,0.23541121282750188,1,oil_pump_degradation,0.363,0.363,0.0,0.0,0.0,0.09075,0.2541,0.0,0.0,0.0,0.0,0.0,0.0
32150,2594.221347069736,85.1322511874443,1126.85,82.33241443393285,39.1647744015531,14.003245101449993,4.903708573638065,18.050490406876435,0.381135002170544,1.0,0.2341110298119186,1.0,0.9885098200787855,0.2341110298119186,1,oil_pump_degradation,0.3645,0.3645,0.0,0.0,0.0,0.091125,0.25515,0.0,0.0,0.0,0.0,0.0,0.0
32200,2594.221347069736,85.12674842679547,1126.85,82.32996567377273,39.0987774131686,14.003245101449993,4.9036176369619655,18.050155670100192,0.381135002170544,1.0,0.23281474305672942,1.0,0.9885098200787855,0.23281474305672942,1,oil_pump_degradation,0.366,0.366,0.0,0.0,0.0,0.0915,0.2562,0.0,0.0,0.0,0.0,0.0,0.0
32250,2594.221347069736,85.121247684156,1126.85,82.32751764067143,39.03281764697156,14.003245101449993,4.903526718595862,18.04982100072282,0.381135002170544,1.0,0.23152234597445928,1.0,0.9885098200787855,0.23152234597445928,1,oil_pump_degradation,0.3675,0.3675,0.0,0.0,0.0,0.091875,0.25725,0.0,0.0,0.0,0.0,0.0,0.0
32300,2594.221347069736,85.11574895877692,1126.85,82.32507033458046,38.96689506896057,14.003245101449993,4.903435818544658,18.049486398762365,0.381135002170544,1.0,0.23023383198930822,1.0,0.9885098200787855,0.23023383198930822,1,oil_pump_degradation,0.369,0.369,0.0,0.0,0.0,0.09225,0.2583,0.0,0.0,0.0,0.0,0.0,0.0
32350,2594.221347069736,85.11025224990965,1126.85,82.3226237554511,38.90100964513885,14.003245101449993,4.903344936813251,18.04915186423685,0.381135002170544,1.0,0.22894919453714066,1.0,0.9885098200787855,0.22894919453714066,1,oil_pump_degradation,0.3705,0.3705,0.0,0.0,0.0,0.092625,0.25934999999999997,0.0,0.0,0.0,0.0,0.0,0.0
32400,2594.221347069736,85.10475755680585,1126.85,82.32017790323437,38.83516134151514,14.003245101449993,4.903254073406524,18.048817397164264,0.381135002170544,1.0,0.22766842706547652,1.0,0.9885098200787855,0.22766842706547652,1,oil_pump_degradation,0.372,0.372,0.0,0.0,0.0,0.093,0.26039999999999996,0.0,0.0,0.0,0.0,0.0,0.0
32450,2594.221347069736,85.09926487871752,1126.85,82.31773277788102,38.76935012410458,14.003245101449993,4.9031632283293565,18.048482997562555,0.381135002170544,1.0,0.22639152303348206,1.0,0.9885098200787855,0.22639152303348206,1,oil_pump_degradation,0.3735,0.3735,0.0,0.0,0.0,0.093375,0.26144999999999996,0.0,0.0,0.0,0.0,0.0,0.0
32500,2594.221347069736,85.09377421489694,1126.85,82.31528837934167,38.703575958929534,14.003245101449993,4.903072401586613,18.04814866544963,0.381135002170544,1.0,0.225118475911961,1.0,0.9885098200787855,0.225118475911961,1,oil_pump_degradation,0.375,0.375,0.0,0.0,0.0,0.09375,0.26249999999999996,0.0,0.0,0.0,0.0,0.0,0.0
32550,2594.221347069736,85.08828556459673,1126.85,82.31284470756674,38.637838812020384,14.003245101449993,4.902981593183149,18.047814400843368,0.381135002170544,1.0,0.22384927918334363,1.0,0.9885098200787855,0.22384927918334363,1,oil_pump_degradation,0.3765,0.3765,0.0,0.0,0.0,0.094125,0.26355,0.0,0.0,0.0,0.0,0.0,0.0
32600,2594.221347069736,85.08279892706969,1126.85,82.31040176250639,38.5721386494161,14.003245101449993,4.902890803123817,18.04748020376163,0.381135002170544,1.0,0.22258392634167418,1.0,0.9885098200787855,0.22258392634167418,1,oil_pump_degradation,0.378,0.378,0.0,0.0,0.0,0.0945,0.2646,0.0,0.0,0.0,0.0,0.0,0.0
32650,2594.221347069736,85.077314301569,1126.85,82.30795954411053,38.5064754371652,14.003245101449993,4.902800031413453,18.047146074222216,0.381135002170544,1.0,0.22132241089260302,1.0,0.9885098200787855,0.22132241089260302,1,oil_pump_degradation,0.3795,0.3795,0.0,0.0,0.0,0.094875,0.26565,0.0,0.0,0.0,0.0,0.0,0.0
32700,2594.221347069736,85.0718316873481,1126.85,82.30551805232892,38.44084914132656,14.003245101449993,4.902709278056889,18.046812012242906,0.381135002170544,1.0,0.2200647263533755,1.0,0.9885098200787855,0.2200647263533755,1,oil_pump_degradation,0.381,0.381,0.0,0.0,0.0,0.09525,0.2667,0.0,0.0,0.0,0.0,0.0,0.0
32750,2594.221347069736,85.06635108366078,1126.85,82.30307728711102,38.37525972796987,14.003245101449993,4.902618543058943,18.046478017841448,0.381135002170544,1.0,0.2188108662528186,1.0,0.9885098200787855,0.2188108662528186,1,oil_pump_degradation,0.3825,0.3825,0.0,0.0,0.0,0.095625,0.26775,0.0,0.0,0.0,0.0,0.0,0.0
32800,2594.221347069736,85.06087248976104,1126.85,82.30063724840619,38.30970716317662,14.003245101449993,4.902527826424422,18.046144091035526,0.381135002170544,1.0,0.21756082413133176,1.0,0.9885098200787855,0.21756082413133176,1,oil_pump_degradation,0.384,0.384,0.0,0.0,0.0,0.096,0.2688,0.0,0.0,0.0,0.0,0.0,0.0
32850,2594.221347069736,85.05539590490326,1126.85,82.29819793616349,38.2441914130404,14.003245101449993,4.902437128158135,18.045810231842843,0.381135002170544,1.0,0.21631459354087076,1.0,0.9885098200787855,0.21631459354087076,1,oil_pump_degradation,0.3855,0.3855,0.0,0.0,0.0,0.096375,0.26985,0.0,0.0,0.0,0.0,0.0,0.0
32900,2594.221347069736,85.04992132834207,1126.85,82.29575935033182,38.178712443668054,14.003245101449993,4.902346448264868,18.045476440281025,0.381135002170544,1.0,0.21507216804494175,1.0,0.9885098200787855,0.21507216804494175,1,oil_pump_degradation,0.387,0.387,0.0,0.0,0.0,0.09675,0.2709,0.0,0.0,0.0,0.0,0.0,0.0
32950,2594.221347069736,85.0444487593324,1126.85,82.2933214908598,38.11327022118001,14.003245101449993,4.902255786749407,18.04514271636768,0.381135002170544,1.0,0.21383354121858397,1.0,0.9885098200787855,0.21383354121858397,1,oil_pump_degradation,0.3885,0.3885,0.0,0.0,0.0,0.097125,0.27194999999999997,0.0,0.0,0.0,0.0,0.0,0.0
33000,2594.221347069736,85.03897819712944,1126.85,82.29088435769586,38.04786471171089,14.003245101449993,4.902165143616526,18.04480906012038,0.381135002170544,1.0,0.21259870664835787,1.0,0.9885098200787855,0.21259870664835787,1,oil_pump_degradation,0.39,0.39,0.0,0.0,0.0,0.0975,0.27299999999999996,0.0,0.0,0.0,0.0,0.0,0.0
33050,2594.221347069736,85.03350964098871,1126.85,82.28844795078828,37.98249588141051,14.003245101449993,4.902074518870985,18.044475471556655,0.381135002170544,1.0,0.21136765793233572,1.0,0.9885098200787855,0.21136765793233572,1,oil_pump_degradation,0.3915,0.3915,0.0,0.0,0.0,0.097875,0.27405,0.0,0.0,0.0,0.0,0.0,0.0
33100,2594.221347069736,85.02804309016608,1126.85,82.28601227008505,37.917163696443914,14.003245101449993,4.901983912517545,18.044141950694023,0.381135002170544,1.0,0.21014038868008256,1.0,0.9885098200787855,0.21014038868008256,1,oil_pump_degradation,0.393,0.393,0.0,0.0,0.0,0.09825,0.2751,0.0,0.0,0.0,0.0,0.0,0.0
33150,2594.221347069736,85.02257854391758,1126.85,82.28357731553399,37.85186812299254,14.003245101449993,4.901893324560948,18.043808497549943,0.381135002170544,1.0,0.20891689251264878,1.0,0.9885098200787855,0.20891689251264878,1,oil_pump_degradation,0.3945,0.3945,0.0,0.0,0.0,0.098625,0.27615,0.0,0.0,0.0,0.0,0.0,0.0
33200,2594.221347069736,85.01711600149963,1126.85,82.28114308708268,37.78660912725442,14.003245101449993,4.901802755005931,18.04347511214185,0.381135002170544,1.0,0.20769716306255268,1.0,0.9885098200787855,0.20769716306255268,1,oil_pump_degradation,0.396,0.396,0.0,0.0,0.0,0.099,0.2772,0.0,0.0,0.0,0.0,0.0,0.0
33250,2594.221347069736,85.01165546216896,1126.85,82.27870958467855,37.72138667544494,14.003245101449993,4.901712203857221,18.043141794487145,0.381135002170544,1.0,0.20648119397376824,1.0,0.9885098200787855,0.20648119397376824,1,oil_pump_degradation,0.3975,0.3975,0.0,0.0,0.0,0.099375,0.27825,0.0,0.0,0.0,0.0,0.0,0.0
33300,2594.221347069736,85.00619692518251,1126.85,82.27627680826868,37.65620073379726,14.003245101449993,4.901621671119537,18.0428085446032,0.381135002170544,1.0,0.20526897890171059,1.0,0.9885098200787855,0.20526897890171059,1,oil_pump_degradation,0.399,0.399,0.0,0.0,0.0,0.09975,0.2793,0.0,0.0,0.0,0.0,0.0,0.0
33350,2594.221347069736,85.00074038979761,1126.85,82.27384475780008,37.59105126856306,14.003245101449993,4.901531156797588,18.042475362507343,0.381135002170544,1.0,0.2040605115132229,1.0,0.9885098200787855,0.2040605115132229,1,oil_pump_degradation,0.4005,0.4005,0.0,0.0,0.0,0.100125,0.28035,0.0,0.0,0.0,0.0,0.0,0.0
33400,2594.221347069736,84.99528585527179,1126.85,82.2714134332195,37.5259382460128,14.003245101449993,4.901440660896073,18.042142248216877,0.381135002170544,1.0,0.20285578548656022,1.0,0.9885098200787855,0.20285578548656022,1,oil_pump_degradation,0.402,0.402,0.0,0.0,0.0,0.1005,0.2814,0.0,0.0,0.0,0.0,0.0,0.0
33450,2594.221347069736,84.98983332086289,1126.85,82.26898283447343,37.46086163243643,14.003245101449993,4.901350183419682,18.041809201749064,0.381135002170544,1.0,0.2016547945113759,1.0,0.9885098200787855,0.2016547945113759,1,oil_pump_degradation,0.4035,0.4035,0.0,0.0,0.0,0.100875,0.28245,0.0,0.0,0.0,0.0,0.0,0.0
33500,2594.221347069736,84.9843827858291,1126.85,82.26655296150824,37.39582139414397,14.003245101449993,4.901259724373094,18.04147622312113,0.381135002170544,1.0,0.20045753228870855,1.0,0.9885098200787855,0.20045753228870855,1,oil_pump_degradation,0.405,0.405,0.0,0.0,0.0,0.10125,0.2835,0.0,0.0,0.0,0.0,0.0,0.0
33550,2594.221347069736,84.97893424942885,1126.85,82.26412381427002,37.33081749746568,14.003245101449993,4.901169283760986,18.041143312350282,0.381135002170544,1.0,0.199263992530963,1.0,0.9885098200787855,0.199263992530963,1,oil_pump_degradation,0.40650000000000003,0.40650000000000003,0.0,0.0,0.0,0.10162500000000001,0.28455,0.0,0.0,0.0,0.0,0.0,0.0
33600,2594.221347069736,84.97348771092089,1126.85,82.26169539270467,37.26584990875288,14.003245101449993,4.901078861588014,18.04081046945367,0.381135002170544,1.0,0.19807416896189917,1.0,0.9885098200787855,0.19807416896189917,1,oil_pump_degradation,0.40800000000000003,0.40800000000000003,0.0,0.0,0.0,0.10200000000000001,0.2856,0.0,0.0,0.0,0.0,0.0,0.0
33650,2594.221347069736,84.96804316956428,1126.85,82.25926769675789,37.2009185943782,14.003245101449993,4.900988457858838,18.04047769444844,0.381135002170544,1.0,0.19688805531661432,1.0,0.9885098200787855,0.19688805531661432,1,oil_pump_degradation,0.40950000000000003,0.40950000000000003,0.0,0.0,0.0,0.10237500000000001,0.28665,0.0,0.0,0.0,0.0,0.0,0.0
33700,2594.221347069736,84.96260062461835,1126.85,82.25684072637517,37.13602352073623,14.003245101449993,4.900898072578096,18.04014498735167,0.381135002170544,1.0,0.19570564534152973,1.0,0.9885098200787855,0.19570564534152973,1,oil_pump_degradation,0.41100000000000003,0.41100000000000003,0.0,0.0,0.0,0.10275000000000001,0.2877,0.0,0.0,0.0,0.0,0.0,0.0
33750,2594.221347069736,84.95716007534264,1126.85,82.25441448150178,37.07116465424369,14.003245101449993,4.900807705750429,18.039812348180433,0.381135002170544,1.0,0.1945269327943717,1.0,0.9885098200787855,0.1945269327943717,1,oil_pump_degradation,0.41250000000000003,0.41250000000000003,0.0,0.0,0.0,0.10312500000000001,0.28875,0.0,0.0,0.0,0.0,0.0,0.0
33800,2594.221347069736,84.95172152099713,1126.85,82.2519889620828,37.00634196134019,14.003245101449993,4.90071735738046,18.039479776951755,0.381135002170544,1.0,0.19335191144416006,1.0,0.9885098200787855,0.19335191144416006,1,oil_pump_degradation,0.41400000000000003,0.41400000000000003,0.0,0.0,0.0,0.10350000000000001,0.2898,0.0,0.0,0.0,0.0,0.0,0.0
33850,2594.221347069736,84.94628496084198,1126.85,82.24956416806305,36.94155540848842,14.003245101449993,4.900627027472805,18.039147273682634,0.381135002170544,1.0,0.19218057507118871,1.0,0.9885098200787855,0.19218057507118871,1,oil_pump_degradation,0.41550000000000004,0.41550000000000004,0.0,0.0,0.0,0.10387500000000001,0.29085,0.0,0.0,0.0,0.0,0.0,0.0
33900,2594.221347069736,84.94085039413773,1126.85,82.2471400993872,36.87680496217476,14.003245101449993,4.9005367160320725,18.038814838390017,0.381135002170544,1.0,0.1910129174670129,1.0,0.9885098200787855,0.1910129174670129,1,oil_pump_degradation,0.41700000000000004,0.41700000000000004,0.0,0.0,0.0,0.10425000000000001,0.2919,0.0,0.0,0.0,0.0,0.0,0.0
33950,2594.221347069736,84.93541782014512,1126.85,82.24471675599972,36.81209058890947,14.003245101449993,4.90044642306286,18.038482471090838,0.381135002170544,1.0,0.18984893243442963,1.0,0.9885098200787855,0.18984893243442963,1,oil_pump_degradation,0.41850000000000004,0.41850000000000004,0.0,0.0,0.0,0.10462500000000001,0.29295,0.0,0.0,0.0,0.0,0.0,0.0
34000,2594.221347069736,84.9299872381252,1126.85,82.2422941378448,36.74741225522718,14.003245101449993,4.900356148569759,18.038150171801995,0.381135002170544,1.0,0.18868861378746227,1.0,0.9885098200787855,0.18868861378746227,1,oil_pump_degradation,0.42000000000000004,0.42000000000000004,0.0,0.0,0.0,0.10500000000000001,0.294,0.0,0.0,0.0,0.0,0.0,0.0
34050,2594.221347069736,84.92455864733938,1126.85,82.23987224486643,36.682769927687374,14.003245101449993,4.900265892557347,18.037817940540343,0.381135002170544,1.0,0.18753195535134629,1.0,0.9885098200787855,0.18753195535134629,1,oil_pump_degradation,0.42150000000000004,0.42150000000000004,0.0,0.0,0.0,0.10537500000000001,0.29505000000000003,0.0,0.0,0.0,0.0,0.0,0.0
34100,2594.221347069736,84.91913204704935,1126.85,82.23745107700853,36.61816357287473,14.003245101449993,4.900175655030196,18.037485777322704,0.381135002170544,1.0,0.18637895096251128,1.0,0.9885098200787855,0.18637895096251128,1,oil_pump_degradation,0.42299999999999993,0.42299999999999993,0.0,0.0,0.0,0.10574999999999998,0.2960999999999999,0.0,0.0,0.0,0.0,0.0,0.0
34150,2594.221347069736,84.91370743651697,1126.85,82.23503063421464,36.55359315739928,14.003245101449993,4.900085435992867,18.037153682165872,0.381135002170544,1.0,0.185229594468562,1.0,0.9885098200787855,0.185229594468562,1,oil_pump_degradation,0.4245,0.4245,0.0,0.0,0.0,0.106125,0.29714999999999997,0.0,0.0,0.0,0.0,0.0,0.0
34200,2594.221347069736,84.90828481500455,1126.85,82.2326109164282,36.48905864789706,14.003245101449993,4.899995235449914,18.03682165508661,0.381135002170544,1.0,0.1840838797282653,1.0,0.9885098200787855,0.1840838797282653,1,oil_pump_degradation,0.42599999999999993,0.42599999999999993,0.0,0.0,0.0,0.10649999999999998,0.2981999999999999,0.0,0.0,0.0,0.0,0.0,0.0
34250,2594.221347069736,84.90286418177459,1126.85,82.23019192359237,36.42456001103031,14.003245101449993,4.899905053405882,18.03648969610164,0.381135002170544,1.0,0.18294180061153087,1.0,0.9885098200787855,0.18294180061153087,1,oil_pump_degradation,0.4275,0.4275,0.0,0.0,0.0,0.106875,0.29924999999999996,0.0,0.0,0.0,0.0,0.0,0.0
34300,2594.221347069736,84.89744553608989,1126.85,82.22777365565014,36.36009721348789,14.003245101449993,4.899814889865299,18.036157805227642,0.381135002170544,1.0,0.18180335099939554,1.0,0.9885098200787855,0.18180335099939554,1,oil_pump_degradation,0.42899999999999994,0.42899999999999994,0.0,0.0,0.0,0.10724999999999998,0.30029999999999996,0.0,0.0,0.0,0.0,0.0,0.0
34350,2594.221347069736,84.89202887721359,1126.85,82.22535611254432,36.29567022198548,14.003245101449993,4.899724744832697,18.035825982481292,0.381135002170544,1.0,0.18066852478400433,1.0,0.9885098200787855,0.18066852478400433,1,oil_pump_degradation,0.4305,0.4305,0.0,0.0,0.0,0.107625,0.30134999999999995,0.0,0.0,0.0,0.0,0.0,0.0
34400,2594.221347069736,84.88661420440911,1126.85,82.2229392942175,36.23127900326605,14.003245101449993,4.899634618312588,18.035494227879198,0.381135002170544,1.0,0.17953731586859467,1.0,0.9885098200787855,0.17953731586859467,1,oil_pump_degradation,0.43199999999999994,0.43199999999999994,0.0,0.0,0.0,0.10799999999999998,0.30239999999999995,0.0,0.0,0.0,0.0,0.0,0.0
34450,2594.221347069736,84.88120151694011,1126.85,82.22052320061204,36.16692352410007,14.003245101449993,4.899544510309482,18.035162541437963,0.381135002170544,1.0,0.17840971816747797,1.0,0.9885098200787855,0.17840971816747797,1,oil_pump_degradation,0.4335,0.4335,0.0,0.0,0.0,0.108375,0.30345,0.0,0.0,0.0,0.0,0.0,0.0
34500,2594.221347069736,84.87579081407057,1126.85,82.21810783167012,36.102603751285955,14.003245101449993,4.899454420827877,18.034830923174137,0.381135002170544,1.0,0.17728572560602415,1.0,0.9885098200787855,0.17728572560602415,1,oil_pump_degradation,0.43499999999999994,0.43499999999999994,0.0,0.0,0.0,0.10874999999999999,0.30449999999999994,0.0,0.0,0.0,0.0,0.0,0.0
34550,2594.221347069736,84.87038209506471,1126.85,82.21569318733373,36.038319651650156,14.003245101449993,4.89936434987226,18.034499373104254,0.381135002170544,1.0,0.17616533212064053,1.0,0.9885098200787855,0.17616533212064053,1,oil_pump_degradation,0.4365,0.4365,0.0,0.0,0.0,0.109125,0.30555,0.0,0.0,0.0,0.0,0.0,0.0
34600,2594.221347069736,84.86497535918716,1126.85,82.21327926754458,35.97407119204772,14.003245101449993,4.899274297447112,18.03416789124479,0.381135002170544,1.0,0.17504853165875853,1.0,0.9885098200787855,0.17504853165875853,1,oil_pump_degradation,0.43799999999999994,0.43799999999999994,0.0,0.0,0.0,0.10949999999999999,0.30659999999999993,0.0,0.0,0.0,0.0,0.0,0.0
34650,2594.221347069736,84.85957060570274,1126.85,82.21086607224424,35.90985833936234,14.003245101449993,4.899184263556904,18.033836477612216,0.381135002170544,1.0,0.17393531817881208,1.0,0.9885098200787855,0.17393531817881208,1,oil_pump_degradation,0.4395,0.4395,0.0,0.0,0.0,0.109875,0.30765,0.0,0.0,0.0,0.0,0.0,0.0
34700,2594.221347069736,84.8541678338766,1126.85,82.20845360137412,35.84568106050681,14.003245101449993,4.899094248206097,18.03350513222294,0.381135002170544,1.0,0.17282568565022285,1.0,0.9885098200787855,0.17282568565022285,1,oil_pump_degradation,0.44099999999999995,0.44099999999999995,0.0,0.0,0.0,0.11024999999999999,0.3086999999999999,0.0,0.0,0.0,0.0,0.0,0.0
34750,2594.221347069736,84.84876704297415,1126.85,82.20604185487531,35.78153932242311,14.003245101449993,4.899004251399146,18.03317385509337,0.381135002170544,1.0,0.1717196280533789,1.0,0.9885098200787855,0.1717196280533789,1,oil_pump_degradation,0.4425,0.4425,0.0,0.0,0.0,0.110625,0.30974999999999997,0.0,0.0,0.0,0.0,0.0,0.0
34800,2594.221347069736,84.84336823226113,1126.85,82.20363083268882,35.7174330920829,14.003245101449993,4.89891427314049,18.032842646239843,0.381135002170544,1.0,0.17061713937962067,1.0,0.9885098200787855,0.17061713937962067,1,oil_pump_degradation,0.44399999999999995,0.44399999999999995,0.0,0.0,0.0,0.11099999999999999,0.31079999999999997,0.0,0.0,0.0,0.0,0.0,0.0
34850,2594.221347069736,84.83797140100353,1126.85,82.20122053475535,35.65336233648752,14.003245101449993,4.898824313434569,18.03251150567871,0.381135002170544,1.0,0.169518213631219,1.0,0.9885098200787855,0.169518213631219,1,oil_pump_degradation,0.4455,0.4455,0.0,0.0,0.0,0.111375,0.31184999999999996,0.0,0.0,0.0,0.0,0.0,0.0
34900,2594.221347069736,84.83257654846767,1126.85,82.19881096101545,35.5893270226685,14.003245101449993,4.898734372285808,18.03218043342624,0.381135002170544,1.0,0.16842284482136038,1.0,0.9885098200787855,0.16842284482136038,1,oil_pump_degradation,0.44699999999999995,0.44699999999999995,0.0,0.0,0.0,0.11174999999999999,0.31289999999999996,0.0,0.0,0.0,0.0,0.0,0.0
34950,2594.221347069736,84.8271836739201,1126.85,82.19640211140944,35.525327117687624,14.003245101449993,4.898644449698621,18.031849429498703,0.381135002170544,1.0,0.16733102697412647,1.0,0.9885098200787855,0.16733102697412647,1,oil_pump_degradation,0.4485,0.4485,0.0,0.0,0.0,0.112125,0.31395,0.0,0.0,0.0,0.0,0.0,0.0
35000,2594.221347069736,84.82179277662772,1126.85,82.19399398587751,35.461362588637336,14.003245101449993,4.898554545677413,18.031518493912305,0.381135002170544,1.0,0.1662427541244779,1.0,0.9885098200787855,0.1662427541244779,1,oil_pump_degradation,0.44999999999999996,0.44999999999999996,0.0,0.0,0.0,0.11249999999999999,0.31499999999999995,0.0,0.0,0.0,0.0,0.0,0.0
35050,2594.221347069736,84.81640385585763,1126.85,82.19158658435958,35.39743340264068,14.003245101449993,4.898464660226589,18.031187626683256,0.381135002170544,1.0,0.1651580203182322,1.0,0.9885098200787855,0.1651580203182322,1,oil_pump_degradation,0.4515,0.4515,0.0,0.0,0.0,0.112875,0.31605,0.0,0.0,0.0,0.0,0.0,0.0
35100,2594.221347069736,84.81101691087736,1126.85,82.18917990679535,35.33353952685182,14.003245101449993,4.898374793350535,18.030856827827705,0.381135002170544,1.0,0.16407681961204942,1.0,0.9885098200787855,0.16407681961204942,1,oil_pump_degradation,0.45299999999999996,0.45299999999999996,0.0,0.0,0.0,0.11324999999999999,0.31709999999999994,0.0,0.0,0.0,0.0,0.0,0.0
35150,2594.221347069736,84.80563194095458,1126.85,82.18677395312443,35.26968092845623,14.003245101449993,4.89828494505363,18.030526097361776,0.381135002170544,1.0,0.16299914607341245,1.0,0.9885098200787855,0.16299914607341245,1,oil_pump_degradation,0.4545,0.4545,0.0,0.0,0.0,0.113625,0.31815,0.0,0.0,0.0,0.0,0.0,0.0
35200,2594.221347069736,84.80024894535734,1126.85,82.18436872328607,35.205857574670645,14.003245101449993,4.898195115340251,18.03019543530157,0.381135002170544,1.0,0.16192499378060612,1.0,0.9885098200787855,0.16192499378060612,1,oil_pump_degradation,0.45599999999999996,0.45599999999999996,0.0,0.0,0.0,0.11399999999999999,0.31919999999999993,0.0,0.0,0.0,0.0,0.0,0.0
35250,2594.221347069736,84.79486792335393,1126.85,82.18196421721944,35.142069432743604,14.003245101449993,4.898105304214756,18.029864841663137,0.381135002170544,1.0,0.1608543568227023,1.0,0.9885098200787855,0.1608543568227023,1,oil_pump_degradation,0.4575,0.4575,0.0,0.0,0.0,0.114375,0.32025,0.0,0.0,0.0,0.0,0.0,0.0
35300,2594.221347069736,84.78948887421296,1126.85,82.1795604348635,35.0783164699555,14.003245101449993,4.898015511681499,18.0295343164625,0.381135002170544,1.0,0.15978722929953956,1.0,0.9885098200787855,0.15978722929953956,1,oil_pump_degradation,0.45899999999999996,0.45899999999999996,0.0,0.0,0.0,0.11474999999999999,0.3213,0.0,0.0,0.0,0.0,0.0,0.0
35350,2594.221347069736,84.78411179720337,1126.85,82.17715737615697,35.01459865361865,14.003245101449993,4.897925737744826,18.029203859715658,0.381135002170544,1.0,0.1587236053217024,1.0,0.9885098200787855,0.1587236053217024,1,oil_pump_degradation,0.4605,0.4605,0.0,0.0,0.0,0.115125,0.32234999999999997,0.0,0.0,0.0,0.0,0.0,0.0
35400,2594.221347069736,84.77873669159425,1126.85,82.1747550410384,34.95091595107775,14.003245101449993,4.897835982409072,18.02887347143857,0.381135002170544,1.0,0.15766347901050654,1.0,0.9885098200787855,0.15766347901050654,1,oil_pump_degradation,0.46199999999999997,0.46199999999999997,0.0,0.0,0.0,0.11549999999999999,0.32339999999999997,0.0,0.0,0.0,0.0,0.0,0.0
35450,2594.221347069736,84.77336355665511,1126.85,82.1723534294461,34.8872683297099,14.003245101449993,4.897746245678564,18.02854315164716,0.381135002170544,1.0,0.15660684449797746,1.0,0.9885098200787855,0.15660684449797746,1,oil_pump_degradation,0.4635,0.4635,0.0,0.0,0.0,0.115875,0.32445,0.0,0.0,0.0,0.0,0.0,0.0
35500,2594.221347069736,84.7679923916557,1126.85,82.16995254131825,34.8236557569248,14.003245101449993,4.897656527557621,18.028212900357328,0.381135002170544,1.0,0.15555369592683224,1.0,0.9885098200787855,0.15555369592683224,1,oil_pump_degradation,0.46499999999999997,0.46499999999999997,0.0,0.0,0.0,0.11624999999999999,0.32549999999999996,0.0,0.0,0.0,0.0,0.0,0.0
35550,2594.221347069736,84.76262319586601,1126.85,82.16755237659277,34.76007820016491,14.003245101449993,4.897566828050552,18.027882717584934,0.381135002170544,1.0,0.15450402745046002,1.0,0.9885098200787855,0.15450402745046002,1,oil_pump_degradation,0.4665,0.4665,0.0,0.0,0.0,0.116625,0.32655,0.0,0.0,0.0,0.0,0.0,0.0
35600,2594.221347069736,84.75725596855642,1126.85,82.16515293520735,34.696535626905764,14.003245101449993,4.897477147161655,18.0275526033458,0.381135002170544,1.0,0.1534578332329051,1.0,0.9885098200787855,0.1534578332329051,1,oil_pump_degradation,0.46799999999999997,0.46799999999999997,0.0,0.0,0.0,0.11699999999999999,0.32759999999999995,0.0,0.0,0.0,0.0,0.0,0.0
35650,2594.221347069736,84.75189070899751,1126.85,82.16275421709958,34.63302800465598,14.003245101449993,4.897387484895221,18.027222557655723,0.381135002170544,1.0,0.15241510744884618,1.0,0.9885098200787855,0.15241510744884618,1,oil_pump_degradation,0.46950000000000003,0.46950000000000003,0.0,0.0,0.0,0.11737500000000001,0.32865,0.0,0.0,0.0,0.0,0.0,0.0
35700,2594.221347069736,84.7465274164602,1126.85,82.16035622220681,34.56955530095745,14.003245101449993,4.897297841255531,18.02689258053046,0.381135002170544,1.0,0.15137584428357725,1.0,0.9885098200787855,0.15137584428357725,1,oil_pump_degradation,0.471,0.471,0.0,0.0,0.0,0.11775,0.32969999999999994,0.0,0.0,0.0,0.0,0.0,0.0
35750,2594.221347069736,84.74116609021564,1126.85,82.1579589504662,34.50611748338544,14.003245101449993,4.897208216246863,18.026562671985758,0.381135002170544,1.0,0.15034003793298864,1.0,0.9885098200787855,0.15034003793298864,1,oil_pump_degradation,0.47250000000000003,0.47250000000000003,0.0,0.0,0.0,0.11812500000000001,0.33075,0.0,0.0,0.0,0.0,0.0,0.0
35800,2594.221347069736,84.73580672953534,1126.85,82.15556240181468,34.44271451954895,14.003245101449993,4.897118609873478,18.026232832037298,0.381135002170544,1.0,0.14930768260354962,1.0,0.9885098200787855,0.14930768260354962,1,oil_pump_degradation,0.474,0.474,0.0,0.0,0.0,0.1185,0.3318,0.0,0.0,0.0,0.0,0.0,0.0
35850,2594.221347069736,84.73044933369101,1126.85,82.153166576189,34.37934637709072,14.003245101449993,4.8970290221396295,18.025903060700745,0.381135002170544,1.0,0.14827877251228808,1.0,0.9885098200787855,0.14827877251228808,1,oil_pump_degradation,0.47550000000000003,0.47550000000000003,0.0,0.0,0.0,0.11887500000000001,0.33285,0.0,0.0,0.0,0.0,0.0,0.0
35900,2594.221347069736,84.72509390195472,1126.85,82.15077147352571,34.316013023687326,14.003245101449993,4.896939453049568,18.025573357991735,0.381135002170544,1.0,0.14725330188677072,1.0,0.9885098200787855,0.14725330188677072,1,oil_pump_degradation,0.477,0.477,0.0,0.0,0.0,0.11925,0.3339,0.0,0.0,0.0,0.0,0.0,0.0
35950,2594.221347069736,84.71974043359882,1126.85,82.14837709376116,34.252714427049426,14.003245101449993,4.89684990260753,18.025243723925872,0.381135002170544,1.0,0.1462312649650852,1.0,0.9885098200787855,0.1462312649650852,1,oil_pump_degradation,0.47850000000000004,0.47850000000000004,0.0,0.0,0.0,0.11962500000000001,0.33495,0.0,0.0,0.0,0.0,0.0,0.0
36000,2594.221347069736,84.71438892789587,1126.85,82.14598343683156,34.189450554921855,14.003245101449993,4.89676037081774,18.0249141585187,0.381135002170544,1.0,0.14521265599582067,1.0,0.9885098200787855,0.14521265599582067,1,oil_pump_degradation,0.48,0.48,0.0,0.0,0.0,0.12,0.33599999999999997,0.0,0.0,0.0,0.0,0.0,0.0
36050,2594.221347069736,84.7090393841188,1126.85,82.14359050267285,34.12622137508369,14.003245101449993,4.896670857684422,18.02458466178577,0.381135002170544,1.0,0.14419746923804705,1.0,0.9885098200787855,0.14419746923804705,1,oil_pump_degradation,0.48150000000000004,0.48150000000000004,0.0,0.0,0.0,0.12037500000000001,0.33705,0.0,0.0,0.0,0.0,0.0,0.0
36100,2594.221347069736,84.7036918015408,1126.85,82.1411982912208,34.06302685534849,14.003245101449993,4.896581363211786,18.024255233742586,0.381135002170544,1.0,0.14318569896129835,1.0,0.9885098200787855,0.14318569896129835,1,oil_pump_degradation,0.483,0.483,0.0,0.0,0.0,0.12075,0.33809999999999996,0.0,0.0,0.0,0.0,0.0,0.0
36150,2594.221347069736,84.6983461794353,1126.85,82.13880680241095,33.99986696356435,14.003245101449993,4.896491887404036,18.023925874404608,0.381135002170544,1.0,0.1421773394455515,1.0,0.9885098200787855,0.1421773394455515,1,oil_pump_degradation,0.48450000000000004,0.48450000000000004,0.0,0.0,0.0,0.12112500000000001,0.33915,0.0,0.0,0.0,0.0,0.0,0.0
36200,2594.221347069736,84.69300251707614,1126.85,82.13641603617873,33.93674166761415,14.003245101449993,4.8964024302653595,18.023596583787263,0.381135002170544,1.0,0.14117238498120907,1.0,0.9885098200787855,0.14117238498120907,1,oil_pump_degradation,0.486,0.486,0.0,0.0,0.0,0.1215,0.34019999999999995,0.0,0.0,0.0,0.0,0.0,0.0
36250,2594.221347069736,84.6876608137373,1126.85,82.13402599245933,33.873650935415405,14.003245101449993,4.896312991799944,18.023267361905955,0.381135002170544,1.0,0.14017082986907686,1.0,0.9885098200787855,0.14017082986907686,1,oil_pump_degradation,0.48750000000000004,0.48750000000000004,0.0,0.0,0.0,0.12187500000000001,0.34125,0.0,0.0,0.0,0.0,0.0,0.0
36300,2594.221347069736,84.68232106869306,1126.85,82.13163667118772,33.81059473492055,14.003245101449993,4.896223572011968,18.022938208776072,0.381135002170544,1.0,0.13917266842034687,1.0,0.9885098200787855,0.13917266842034687,1,oil_pump_degradation,0.489,0.489,0.0,0.0,0.0,0.12225,0.3423,0.0,0.0,0.0,0.0,0.0,0.0
36350,2594.221347069736,84.6769832812181,1126.85,82.12924807229876,33.747573034117124,14.003245101449993,4.8961341709055946,18.022609124412934,0.381135002170544,1.0,0.13817789495657842,1.0,0.9885098200787855,0.13817789495657842,1,oil_pump_degradation,0.49050000000000005,0.49050000000000005,0.0,0.0,0.0,0.12262500000000001,0.34335,0.0,0.0,0.0,0.0,0.0,0.0
36400,2594.221347069736,84.67164745058727,1126.85,82.12686019572703,33.684585801027666,14.003245101449993,4.896044788484982,18.022280108831854,0.381135002170544,1.0,0.13718650380967662,1.0,0.9885098200787855,0.13718650380967662,1,oil_pump_degradation,0.492,0.492,0.0,0.0,0.0,0.123,0.3444,0.0,0.0,0.0,0.0,0.0,0.0
36450,2594.221347069736,84.66631357607582,1126.85,82.12447304140693,33.621633003710045,14.003245101449993,4.895955424754283,18.02195116204811,0.381135002170544,1.0,0.13619848932187545,1.0,0.9885098200787855,0.13619848932187545,1,oil_pump_degradation,0.49350000000000005,0.49350000000000005,0.0,0.0,0.0,0.12337500000000001,0.34545000000000003,0.0,0.0,0.0,0.0,0.0,0.0
36500,2594.221347069736,84.66098165695917,1126.85,82.12208660927263,33.5587146102574,14.003245101449993,4.895866079717634,18.02162228407694,0.381135002170544,1.0,0.1352138458457172,1.0,0.9885098200787855,0.1352138458457172,1,oil_pump_degradation,0.495,0.495,0.0,0.0,0.0,0.12375,0.3465,0.0,0.0,0.0,0.0,0.0,0.0
36550,2594.221347069736,84.65565169251306,1126.85,82.11970089925819,33.49583058879837,14.003245101449993,4.895776753379166,18.021293474933533,0.381135002170544,1.0,0.13423256774403394,1.0,0.9885098200787855,0.13423256774403394,1,oil_pump_degradation,0.49650000000000005,0.49650000000000005,0.0,0.0,0.0,0.12412500000000001,0.34755,0.0,0.0,0.0,0.0,0.0,0.0
36600,2594.221347069736,84.65032368201355,1126.85,82.11731591129751,33.43298090749691,14.003245101449993,4.895687445743002,18.020964734633083,0.381135002170544,1.0,0.13325464938992546,1.0,0.9885098200787855,0.13325464938992546,1,oil_pump_degradation,0.498,0.498,0.0,0.0,0.0,0.1245,0.34859999999999997,0.0,0.0,0.0,0.0,0.0,0.0
36650,2594.221347069736,84.6449976247369,1126.85,82.11493164532413,33.370165534552676,14.003245101449993,4.895598156813259,18.02063606319073,0.381135002170544,1.0,0.1322800851667428,1.0,0.9885098200787855,0.1322800851667428,1,oil_pump_degradation,0.49950000000000006,0.49950000000000006,0.0,0.0,0.0,0.12487500000000001,0.34965,0.0,0.0,0.0,0.0,0.0,0.0
36700,2594.221347069736,84.63967351995979,1126.85,82.11254810127156,33.307384438201076,14.003245101449993,4.895508886594038,18.020307460621577,0.381135002170544,1.0,0.13130886946806933,1.0,0.9885098200787855,0.13130886946806933,1,oil_pump_degradation,0.501,0.501,0.0,0.0,0.0,0.12525,0.35069999999999996,0.0,0.0,0.0,0.0,0.0,0.0
36750,2594.221347069736,84.63435136695904,1126.85,82.11016527907304,33.24463758671314,14.003245101449993,4.895419635089438,18.019978926940713,0.381135002170544,1.0,0.13034099669769802,1.0,0.9885098200787855,0.13034099669769802,1,oil_pump_degradation,0.5025000000000001,0.5025000000000001,0.0,0.0,0.0,0.12562500000000001,0.35175,0.0,0.0,0.0,0.0,0.0,0.0
36800,2594.221347069736,84.62903116501184,1126.85,82.10778317866169,33.18192494839583,14.003245101449993,4.8953304023035455,18.019650462163177,0.381135002170544,1.0,0.12937646126961536,1.0,0.9885098200787855,0.12937646126961536,1,oil_pump_degradation,0.504,0.504,0.0,0.0,0.0,0.126,0.3528,0.0,0.0,0.0,0.0,0.0,0.0
36850,2594.221347069736,84.62371291339565,1126.85,82.10540179997031,33.11924649159195,14.003245101449993,4.89524118824044,18.01932206630399,0.381135002170544,1.0,0.12841525760797942,1.0,0.9885098200787855,0.12841525760797942,1,oil_pump_degradation,0.5055000000000001,0.5055000000000001,0.0,0.0,0.0,0.12637500000000002,0.35385,0.0,0.0,0.0,0.0,0.0,0.0
36900,2594.221347069736,84.61839661138816,1126.85,82.1030211429316,33.056602184680386,14.003245101449993,4.895151992904191,18.018993739378132,0.381135002170544,1.0,0.1274573801471031,1.0,0.9885098200787855,0.1274573801471031,1,oil_pump_degradation,0.507,0.507,0.0,0.0,0.0,0.12675,0.3549,0.0,0.0,0.0,0.0,0.0,0.0
36950,2594.221347069736,84.61308225826747,1126.85,82.10064120747808,32.993991996076076,14.003245101449993,4.895062816298857,18.018665481400536,0.381135002170544,1.0,0.12650282333143295,1.0,0.9885098200787855,0.12650282333143295,1,oil_pump_degradation,0.5085000000000001,0.5085000000000001,0.0,0.0,0.0,0.12712500000000002,0.35595000000000004,0.0,0.0,0.0,0.0,0.0,0.0
37000,2594.221347069736,84.60776985331182,1126.85,82.09826199354205,32.931415894229985,14.003245101449993,4.894973658428495,18.01833729238614,0.381135002170544,1.0,0.1255515816155291,1.0,0.9885098200787855,0.1255515816155291,1,oil_pump_degradation,0.51,0.51,0.0,0.0,0.0,0.1275,0.357,0.0,0.0,0.0,0.0,0.0,0.0
37050,2594.221347069736,84.60245939579983,1126.85,82.0958835010556,32.86887384762936,14.003245101449993,4.894884519297148,18.018009172349824,0.381135002170544,1.0,0.1246036494640478,1.0,0.9885098200787855,0.1246036494640478,1,oil_pump_degradation,0.5115000000000001,0.5115000000000001,0.0,0.0,0.0,0.12787500000000002,0.35805000000000003,0.0,0.0,0.0,0.0,0.0,0.0
37100,2594.221347069736,84.59715088501036,1126.85,82.09350572995066,32.80636582479775,14.003245101449993,4.8947953989088475,18.01768112130643,0.381135002170544,1.0,0.1236590213517217,1.0,0.9885098200787855,0.1236590213517217,1,oil_pump_degradation,0.513,0.513,0.0,0.0,0.0,0.12825,0.3591,0.0,0.0,0.0,0.0,0.0,0.0
37150,2594.221347069736,84.59184432022255,1126.85,82.09112868015899,32.743891794294896,14.003245101449993,4.894706297267621,18.01735313927079,0.381135002170544,1.0,0.12271769176333848,1.0,0.9885098200787855,0.12271769176333848,1,oil_pump_degradation,0.5145000000000001,0.5145000000000001,0.0,0.0,0.0,0.12862500000000002,0.36015,0.0,0.0,0.0,0.0,0.0,0.0
37200,2594.221347069736,84.58653970071583,1126.85,82.08875235161207,32.68145172471701,14.003245101449993,4.894617214377489,18.01702522625769,0.381135002170544,1.0,0.12177965519372386,1.0,0.9885098200787855,0.12177965519372386,1,oil_pump_degradation,0.516,0.516,0.0,0.0,0.0,0.129,0.36119999999999997,0.0,0.0,0.0,0.0,0.0,0.0
37250,2594.221347069736,84.58123702576995,1126.85,82.0863767442413,32.61904558469676,14.003245101449993,4.894528150242458,18.01669738228188,0.381135002170544,1.0,0.12084490614772161,1.0,0.9885098200787855,0.12084490614772161,1,oil_pump_degradation,0.5175,0.5175,0.0,0.0,0.0,0.129375,0.36224999999999996,0.0,0.0,0.0,0.0,0.0,0.0
37300,2594.221347069736,84.57593629466487,1126.85,82.08400185797785,32.55667334290321,14.003245101449993,4.8944391048665254,18.016369607358087,0.381135002170544,1.0,0.11991343914017286,1.0,0.9885098200787855,0.11991343914017286,1,oil_pump_degradation,0.5189999999999999,0.5189999999999999,0.0,0.0,0.0,0.12974999999999998,0.3632999999999999,0.0,0.0,0.0,0.0,0.0,0.0
37350,2594.221347069736,84.5706375066809,1126.85,82.0816276927527,32.49433496804203,14.003245101449993,4.894350078253687,18.016041901501005,0.381135002170544,1.0,0.11898524869589822,1.0,0.9885098200787855,0.11898524869589822,1,oil_pump_degradation,0.5205,0.5205,0.0,0.0,0.0,0.130125,0.36434999999999995,0.0,0.0,0.0,0.0,0.0,0.0
37400,2594.221347069736,84.56534066109856,1126.85,82.07925424849662,32.432030428855406,14.003245101449993,4.894261070407927,18.015714264725307,0.381135002170544,1.0,0.1180603293496773,1.0,0.9885098200787855,0.1180603293496773,1,oil_pump_degradation,0.522,0.522,0.0,0.0,0.0,0.1305,0.3654,0.0,0.0,0.0,0.0,0.0,0.0
37450,2594.221347069736,84.56004575719874,1126.85,82.07688152514021,32.36975969412223,14.003245101449993,4.894172081333214,18.0153866970456,0.381135002170544,1.0,0.11713867564623102,1.0,0.9885098200787855,0.11713867564623102,1,oil_pump_degradation,0.5235,0.5235,0.0,0.0,0.0,0.130875,0.36644999999999994,0.0,0.0,0.0,0.0,0.0,0.0
37500,2594.221347069736,84.55475279426253,1126.85,82.07450952261394,32.3075227326581,14.003245101449993,4.894083111033513,18.01505919847648,0.381135002170544,1.0,0.1162202821402011,1.0,0.9885098200787855,0.1162202821402011,1,oil_pump_degradation,0.5249999999999999,0.5249999999999999,0.0,0.0,0.0,0.13124999999999998,0.36749999999999994,0.0,0.0,0.0,0.0,0.0,0.0
37550,2594.221347069736,84.54946177157137,1126.85,82.07213824084795,32.245319513315145,14.003245101449993,4.893994159512788,18.01473176903254,0.381135002170544,1.0,0.11530514339612913,1.0,0.9885098200787855,0.11530514339612913,1,oil_pump_degradation,0.5265,0.5265,0.0,0.0,0.0,0.131625,0.36854999999999993,0.0,0.0,0.0,0.0,0.0,0.0
37600,2594.221347069736,84.54417268840695,1126.85,82.06976767977233,32.18315000498253,14.003245101449993,4.893905226774979,18.014404408728275,0.381135002170544,1.0,0.11439325398844186,1.0,0.9885098200787855,0.11439325398844186,1,oil_pump_degradation,0.528,0.528,0.0,0.0,0.0,0.132,0.3696,0.0,0.0,0.0,0.0,0.0,0.0
37650,2594.221347069736,84.5388855440512,1126.85,82.06739783931693,32.12101417658599,14.003245101449993,4.89381631282403,18.014077117578214,0.381135002170544,1.0,0.11348460850142658,1.0,0.9885098200787855,0.11348460850142658,1,oil_pump_degradation,0.5295,0.5295,0.0,0.0,0.0,0.132375,0.37065,0.0,0.0,0.0,0.0,0.0,0.0
37700,2594.221347069736,84.53360033778642,1126.85,82.06502871941143,32.05891199708816,14.003245101449993,4.893727417663871,18.013749895596813,0.381135002170544,1.0,0.11257920152921506,1.0,0.9885098200787855,0.11257920152921506,1,oil_pump_degradation,0.5309999999999999,0.5309999999999999,0.0,0.0,0.0,0.13274999999999998,0.3716999999999999,0.0,0.0,0.0,0.0,0.0,0.0
37750,2594.221347069736,84.52831706889509,1126.85,82.0626603199853,31.996843435488564,14.003245101449993,4.893638541298424,18.013422742798515,0.381135002170544,1.0,0.11167702767576372,1.0,0.9885098200787855,0.11167702767576372,1,oil_pump_degradation,0.5325,0.5325,0.0,0.0,0.0,0.133125,0.37274999999999997,0.0,0.0,0.0,0.0,0.0,0.0
37800,2594.221347069736,84.52303573666006,1126.85,82.06029264096782,31.934808460823593,14.003245101449993,4.8935496837316,18.013095659197717,0.381135002170544,1.0,0.11077808155483365,1.0,0.9885098200787855,0.11077808155483365,1,oil_pump_degradation,0.534,0.534,0.0,0.0,0.0,0.1335,0.3738,0.0,0.0,0.0,0.0,0.0,0.0
37850,2594.221347069736,84.51775634036443,1126.85,82.0579256822881,31.872807042166595,14.003245101449993,4.893460844967309,18.01276864480881,0.381135002170544,1.0,0.10988235778997228,1.0,0.9885098200787855,0.10988235778997228,1,oil_pump_degradation,0.5355,0.5355,0.0,0.0,0.0,0.133875,0.37484999999999996,0.0,0.0,0.0,0.0,0.0,0.0
37900,2594.221347069736,84.51247887929156,1126.85,82.0555594438751,31.810839148627878,14.003245101449993,4.893372025009441,18.01244169964611,0.381135002170544,1.0,0.10898985101449359,1.0,0.9885098200787855,0.10898985101449359,1,oil_pump_degradation,0.5369999999999999,0.5369999999999999,0.0,0.0,0.0,0.13424999999999998,0.3758999999999999,0.0,0.0,0.0,0.0,0.0,0.0
37950,2594.221347069736,84.50720335272513,1126.85,82.05319392565752,31.748904749354683,14.003245101449993,4.893283223861888,18.012114823723948,0.381135002170544,1.0,0.10810055587145855,1.0,0.9885098200787855,0.10810055587145855,1,oil_pump_degradation,0.5385,0.5385,0.0,0.0,0.0,0.134625,0.37694999999999995,0.0,0.0,0.0,0.0,0.0,0.0
38000,2594.221347069736,84.50192975994906,1126.85,82.05082912756393,31.687003813531298,14.003245101449993,4.893194441528527,18.011788017056592,0.381135002170544,1.0,0.10721446701365671,1.0,0.9885098200787855,0.10721446701365671,1,oil_pump_degradation,0.54,0.54,0.0,0.0,0.0,0.135,0.378,0.0,0.0,0.0,0.0,0.0,0.0
38050,2594.221347069736,84.4966581002476,1126.85,82.04846504952269,31.625136310379037,14.003245101449993,4.893105678013227,18.01146127965829,0.381135002170544,1.0,0.10633157910358673,1.0,0.9885098200787855,0.10633157910358673,1,oil_pump_degradation,0.5415,0.5415,0.0,0.0,0.0,0.135375,0.37904999999999994,0.0,0.0,0.0,0.0,0.0,0.0
38100,2594.221347069736,84.49138837290519,1126.85,82.04610169146196,31.56330220915622,14.003245101449993,4.893016933319855,18.011134611543262,0.381135002170544,1.0,0.10545188681343638,1.0,0.9885098200787855,0.10545188681343638,1,oil_pump_degradation,0.5429999999999999,0.5429999999999999,0.0,0.0,0.0,0.13574999999999998,0.38009999999999994,0.0,0.0,0.0,0.0,0.0,0.0
38150,2594.221347069736,84.48612057720663,1126.85,82.04373905330976,31.501501479158357,14.003245101449993,4.892928207452257,18.01080801272568,0.381135002170544,1.0,0.10457538482506559,1.0,0.9885098200787855,0.10457538482506559,1,oil_pump_degradation,0.5445,0.5445,0.0,0.0,0.0,0.136125,0.38115,0.0,0.0,0.0,0.0,0.0,0.0
38200,2594.221347069736,84.48085471243701,1126.85,82.04137713499392,31.439734089717902,14.003245101449993,4.89283950041428,18.0104814832197,0.381135002170544,1.0,0.1037020678299843,1.0,0.9885098200787855,0.1037020678299843,1,oil_pump_degradation,0.546,0.546,0.0,0.0,0.0,0.1365,0.3822,0.0,0.0,0.0,0.0,0.0,0.0
38250,2594.221347069736,84.47559077788168,1126.85,82.03901593644207,31.37800001020448,14.003245101449993,4.892750812209762,18.01015502303945,0.381135002170544,1.0,0.10283193052933558,1.0,0.9885098200787855,0.10283193052933558,1,oil_pump_degradation,0.5475,0.5475,0.0,0.0,0.0,0.136875,0.38325,0.0,0.0,0.0,0.0,0.0,0.0
38300,2594.221347069736,84.47032877282618,1126.85,82.03665545758167,31.316299210024837,14.003245101449993,4.892662142842529,18.009828632199007,0.381135002170544,1.0,0.10196496763387577,1.0,0.9885098200787855,0.10196496763387577,1,oil_pump_degradation,0.5489999999999999,0.5489999999999999,0.0,0.0,0.0,0.13724999999999998,0.3842999999999999,0.0,0.0,0.0,0.0,0.0,0.0
38350,2594.221347069736,84.4650686965565,1126.85,82.03429569833997,31.25463165862278,14.003245101449993,4.8925734923164,18.009502310712435,0.381135002170544,1.0,0.10110117386395474,1.0,0.9885098200787855,0.10110117386395474,1,oil_pump_degradation,0.5505,0.5505,0.0,0.0,0.0,0.137625,0.38534999999999997,0.0,0.0,0.0,0.0,0.0,0.0
38400,2594.221347069736,84.45981054835875,1126.85,82.03193665864404,31.192997325479364,14.003245101449993,4.892484860635186,18.009176058593763,0.381135002170544,1.0,0.10024054394949877,1.0,0.9885098200787855,0.10024054394949877,1,oil_pump_degradation,0.552,0.552,0.0,0.0,0.0,0.138,0.3864,0.0,0.0,0.0,0.0,0.0,0.0
38450,2594.221347069736,84.45455432751942,1126.85,82.02957833842083,31.131396180112787,14.003245101449993,4.892396247802686,18.008849875856974,0.381135002170544,1.0,0.09938307262999009,1.0,0.9885098200787855,0.09938307262999009,1,oil_pump_degradation,0.5535,0.5535,0.0,0.0,0.0,0.138375,0.38744999999999996,0.0,0.0,0.0,0.0,0.0,0.0
38500,2594.221347069736,84.44930003332524,1126.85,82.02722073759702,31.069828192078322,14.003245101449993,4.892307653822696,18.00852376251604,0.381135002170544,1.0,0.09852875465444715,1.0,0.9885098200787855,0.09852875465444715,1,oil_pump_degradation,0.5549999999999999,0.5549999999999999,0.0,0.0,0.0,0.13874999999999998,0.38849999999999996,0.0,0.0,0.0,0.0,0.0,0.0
38550,2594.221347069736,84.44404766506324,1126.85,82.02486385609916,31.00829333096848,14.003245101449993,4.892219078698999,18.00819771858489,0.381135002170544,1.0,0.09767758478140731,1.0,0.9885098200787855,0.09767758478140731,1,oil_pump_degradation,0.5565,0.5565,0.0,0.0,0.0,0.139125,0.38954999999999995,0.0,0.0,0.0,0.0,0.0,0.0
38600,2594.221347069736,84.43879722202064,1126.85,82.02250769385358,30.94679156641293,14.003245101449993,4.892130522435373,18.00787174407742,0.381135002170544,1.0,0.09682955777890682,1.0,0.9885098200787855,0.09682955777890682,1,oil_pump_degradation,0.558,0.558,0.0,0.0,0.0,0.1395,0.3906,0.0,0.0,0.0,0.0,0.0,0.0
38650,2594.221347069736,84.43354870348509,1126.85,82.02015225078651,30.88532286807855,14.003245101449993,4.892041985035582,18.007545839007495,0.381135002170544,1.0,0.09598466842446264,1.0,0.9885098200787855,0.09598466842446264,1,oil_pump_degradation,0.5595,0.5595,0.0,0.0,0.0,0.139875,0.39165,0.0,0.0,0.0,0.0,0.0,0.0
38700,2594.221347069736,84.42830210874445,1126.85,82.01779752682393,30.82388720566937,14.003245101449993,4.891953466503386,18.007220003388955,0.381135002170544,1.0,0.09514291150505251,1.0,0.9885098200787855,0.09514291150505251,1,oil_pump_degradation,0.5609999999999999,0.5609999999999999,0.0,0.0,0.0,0.14024999999999999,0.39269999999999994,0.0,0.0,0.0,0.0,0.0,0.0
38750,2594.221347069736,84.42305743708681,1126.85,82.0154435218916,30.762484548926544,14.003245101449993,4.891864966842539,18.00689423723562,0.381135002170544,1.0,0.09430428181709594,1.0,0.9885098200787855,0.09430428181709594,1,oil_pump_degradation,0.5625,0.5625,0.0,0.0,0.0,0.140625,0.39375,0.0,0.0,0.0,0.0,0.0,0.0
38800,2594.221347069736,84.41781468780056,1126.85,82.01309023591523,30.701114867628572,14.003245101449993,4.891776486056781,18.006568540561243,0.381135002170544,1.0,0.09346877416643772,1.0,0.9885098200787855,0.09346877416643772,1,oil_pump_degradation,0.5640000000000001,0.5640000000000001,0.0,0.0,0.0,0.14100000000000001,0.39480000000000004,0.0,0.0,0.0,0.0,0.0,0.0
38850,2594.221347069736,84.41257386017446,1126.85,82.01073766882018,30.639778131590994,14.003245101449993,4.891688024149843,18.006242913379577,0.381135002170544,1.0,0.0926363833683257,1.0,0.9885098200787855,0.0926363833683257,1,oil_pump_degradation,0.5655,0.5655,0.0,0.0,0.0,0.141375,0.39585,0.0,0.0,0.0,0.0,0.0,0.0
38900,2594.221347069736,84.40733495349741,1126.85,82.00838582053183,30.57847431066665,14.003245101449993,4.89159958112545,18.005917355704323,0.381135002170544,1.0,0.09180710424739484,1.0,0.9885098200787855,0.09180710424739484,1,oil_pump_degradation,0.567,0.567,0.0,0.0,0.0,0.14175,0.3968999999999999,0.0,0.0,0.0,0.0,0.0,0.0
38950,2594.221347069736,84.4020979670587,1126.85,82.00603469097518,30.51720337474542,14.003245101449993,4.891511156987324,18.00559186754918,0.381135002170544,1.0,0.09098093163764553,1.0,0.9885098200787855,0.09098093163764553,1,oil_pump_degradation,0.5685,0.5685,0.0,0.0,0.0,0.142125,0.39794999999999997,0.0,0.0,0.0,0.0,0.0,0.0
39000,2594.221347069736,84.39686290014782,1126.85,82.00368428007522,30.455965293754517,14.003245101449993,4.891422751739168,18.005266448927788,0.381135002170544,1.0,0.09015786038242818,1.0,0.9885098200787855,0.09015786038242818,1,oil_pump_degradation,0.5700000000000001,0.5700000000000001,0.0,0.0,0.0,0.14250000000000002,0.399,0.0,0.0,0.0,0.0,0.0,0.0
39050,2594.221347069736,84.39162975205454,1126.85,82.00133458775662,30.39476003765824,14.003245101449993,4.891334365384682,18.004941099853756,0.381135002170544,1.0,0.08933788533442164,1.0,0.9885098200787855,0.08933788533442164,1,oil_pump_degradation,0.5715,0.5715,0.0,0.0,0.0,0.142875,0.40004999999999996,0.0,0.0,0.0,0.0,0.0,0.0
39100,2594.221347069736,84.38639852206899,1126.85,81.99898561394394,30.33358757645808,14.003245101449993,4.891245997927558,18.004615820340682,0.381135002170544,1.0,0.08852100135561583,1.0,0.9885098200787855,0.08852100135561583,1,oil_pump_degradation,0.573,0.573,0.0,0.0,0.0,0.14325,0.40109999999999996,0.0,0.0,0.0,0.0,0.0,0.0
39150,2594.221347069736,84.38116920948153,1126.85,81.9966373585616,30.27244788019267,14.003245101449993,4.891157649371478,18.004290610402116,0.381135002170544,1.0,0.08770720331729263,1.0,0.9885098200787855,0.08770720331729263,1,oil_pump_degradation,0.5745,0.5745,0.0,0.0,0.0,0.143625,0.40215,0.0,0.0,0.0,0.0,0.0,0.0
39200,2594.221347069736,84.37594181358276,1126.85,81.99428982153381,30.21134091893784,14.003245101449993,4.891069319720116,18.00396547005158,0.381135002170544,1.0,0.08689648610000775,1.0,0.9885098200787855,0.08689648610000775,1,oil_pump_degradation,0.5760000000000001,0.5760000000000001,0.0,0.0,0.0,0.14400000000000002,0.4032,0.0,0.0,0.0,0.0,0.0,0.0
39250,2594.221347069736,84.37071633366361,1126.85,81.99194300278452,30.150266662806477,14.003245101449993,4.890981008977142,18.003640399302586,0.381135002170544,1.0,0.08608884459357076,1.0,0.9885098200787855,0.08608884459357076,1,oil_pump_degradation,0.5775,0.5775,0.0,0.0,0.0,0.144375,0.40425,0.0,0.0,0.0,0.0,0.0,0.0
39300,2594.221347069736,84.36549276901525,1126.85,81.98959690223762,30.089225081948722,14.003245101449993,4.8908927171462055,18.003315398168567,0.381135002170544,1.0,0.08528427369702854,1.0,0.9885098200787855,0.08528427369702854,1,oil_pump_degradation,0.579,0.579,0.0,0.0,0.0,0.14475,0.40529999999999994,0.0,0.0,0.0,0.0,0.0,0.0
39350,2594.221347069736,84.36027111892912,1126.85,81.98725151981677,30.028216146551728,14.003245101449993,4.89080444423096,18.002990466662975,0.381135002170544,1.0,0.08448276831864455,1.0,0.9885098200787855,0.08448276831864455,1,oil_pump_degradation,0.5805,0.5805,0.0,0.0,0.0,0.145125,0.40635,0.0,0.0,0.0,0.0,0.0,0.0
39400,2594.221347069736,84.35505138269701,1126.85,81.98490685544544,29.9672398268398,14.003245101449993,4.890716190235046,18.0026656047992,0.381135002170544,1.0,0.08368432337588155,1.0,0.9885098200787855,0.08368432337588155,1,oil_pump_degradation,0.5820000000000001,0.5820000000000001,0.0,0.0,0.0,0.14550000000000002,0.40740000000000004,0.0,0.0,0.0,0.0,0.0,0.0
39450,2594.221347069736,84.34983355961094,1126.85,81.98256290904698,29.90629609307442,14.003245101449993,4.890627955162093,18.00234081259062,0.381135002170544,1.0,0.08288893379538359,1.0,0.9885098200787855,0.08288893379538359,1,oil_pump_degradation,0.5835,0.5835,0.0,0.0,0.0,0.145875,0.40845,0.0,0.0,0.0,0.0,0.0,0.0
39500,2594.221347069736,84.34461764896315,1126.85,81.98021968054451,29.845384915554014,14.003245101449993,4.8905397390157255,18.002016090050564,0.381135002170544,1.0,0.08209659451295533,1.0,0.9885098200787855,0.08209659451295533,1,oil_pump_degradation,0.585,0.585,0.0,0.0,0.0,0.14625,0.4095,0.0,0.0,0.0,0.0,0.0,0.0
39550,2594.221347069736,84.33940365004628,1126.85,81.97787716986096,29.784506264614134,14.003245101449993,4.890451541799561,18.00169143719235,0.381135002170544,1.0,0.08130730047354541,1.0,0.9885098200787855,0.08130730047354541,1,oil_pump_degradation,0.5865,0.5865,0.0,0.0,0.0,0.146625,0.41054999999999997,0.0,0.0,0.0,0.0,0.0,0.0
39600,2594.221347069736,84.33419156215314,1126.85,81.97553537691914,29.723660110627428,14.003245101449993,4.890363363517205,18.001366854029243,0.381135002170544,1.0,0.08052104663122793,1.0,0.9885098200787855,0.08052104663122793,1,oil_pump_degradation,0.5880000000000001,0.5880000000000001,0.0,0.0,0.0,0.14700000000000002,0.4116,0.0,0.0,0.0,0.0,0.0,0.0
39650,2594.221347069736,84.32898138457682,1126.85,81.97319430164163,29.66284642400351,14.003245101449993,4.890275204172254,18.001042340574497,0.381135002170544,1.0,0.07973782794918298,1.0,0.9885098200787855,0.07973782794918298,1,oil_pump_degradation,0.5895,0.5895,0.0,0.0,0.0,0.147375,0.41265,0.0,0.0,0.0,0.0,0.0,0.0
39700,2594.221347069736,84.32377311661077,1126.85,81.97085394395089,29.602065175189118,14.003245101449993,4.8901870637683,18.00071789684132,0.381135002170544,1.0,0.07895763939967984,1.0,0.9885098200787855,0.07895763939967984,1,oil_pump_degradation,0.591,0.591,0.0,0.0,0.0,0.14775,0.41369999999999996,0.0,0.0,0.0,0.0,0.0,0.0
39750,2594.221347069736,84.31856675754864,1126.85,81.96851430376915,29.541316334667872,14.003245101449993,4.890098942308923,18.0003935228429,0.381135002170544,1.0,0.07818047596405646,1.0,0.9885098200787855,0.07818047596405646,1,oil_pump_degradation,0.5925,0.5925,0.0,0.0,0.0,0.148125,0.41475,0.0,0.0,0.0,0.0,0.0,0.0
39800,2594.221347069736,84.31336230668438,1126.85,81.9661753810185,29.480599872960422,14.003245101449993,4.8900108397976965,18.000069218592383,0.381135002170544,1.0,0.07740633263270287,1.0,0.9885098200787855,0.07740633263270287,1,oil_pump_degradation,0.5940000000000001,0.5940000000000001,0.0,0.0,0.0,0.14850000000000002,0.41580000000000006,0.0,0.0,0.0,0.0,0.0,0.0
39850,2594.221347069736,84.30815976331223,1126.85,81.96383717562082,29.419915760624402,14.003245101449993,4.889922756238185,17.9997449841029,0.381135002170544,1.0,0.07663520440504261,1.0,0.9885098200787855,0.07663520440504261,1,oil_pump_degradation,0.5955,0.5955,0.0,0.0,0.0,0.148875,0.41685,0.0,0.0,0.0,0.0,0.0,0.0
39900,2594.221347069736,84.3029591267267,1126.85,81.9614996874979,29.359263968254403,14.003245101449993,4.889834691633945,17.99942081938753,0.381135002170544,1.0,0.07586708628951411,1.0,0.9885098200787855,0.07586708628951411,1,oil_pump_degradation,0.597,0.597,0.0,0.0,0.0,0.14925,0.41789999999999994,0.0,0.0,0.0,0.0,0.0,0.0
39950,2594.221347069736,84.29776039622254,1126.85,81.95916291657124,29.298644466481846,14.003245101449993,4.889746645988527,17.999096724459353,0.381135002170544,1.0,0.07510197330355184,1.0,0.9885098200787855,0.07510197330355184,1,oil_pump_degradation,0.5985,0.5985,0.0,0.0,0.0,0.149625,0.41895,0.0,0.0,0.0,0.0,0.0,0.0
40000,2594.221347069736,84.29256357109483,1126.85,81.95682686276223,29.23805722597513,14.003245101449993,4.889658619305468,17.99877269933138,0.381135002170544,1.0,0.07433986047356946,1.0,0.9885098200787855,0.07433986047356946,1,oil_pump_degradation,0.6000000000000001,0.6000000000000001,0.0,0.0,0.0,0.15000000000000002,0.42000000000000004,0.0,0.0,0.0,0.0,0.0,0.0
40050,2594.221347069736,84.28736865063888,1126.85,81.95449152599213,29.177502217439535,14.003245101449993,4.889570611588298,17.998448744016613,0.381135002170544,1.0,0.07358074283494116,1.0,0.9885098200787855,0.07358074283494116,1,oil_pump_degradation,0.6015,0.6015,0.0,0.0,0.0,0.150375,0.42105,0.0,0.0,0.0,0.0,0.0,0.0
40100,2594.221347069736,84.28217563415029,1126.85,81.95215690618187,29.116979411617073,14.003245101449993,4.889482622840547,17.998124858528037,0.381135002170544,1.0,0.07282461543198199,1.0,0.9885098200787855,0.07282461543198199,1,oil_pump_degradation,0.603,0.603,0.0,0.0,0.0,0.15075,0.4221,0.0,0.0,0.0,0.0,0.0,0.0
40150,2594.221347069736,84.27698452092494,1126.85,81.94982300325239,29.0564887792868,14.003245101449993,4.889394653065721,17.997801042878567,0.381135002170544,1.0,0.0720714733179333,1.0,0.9885098200787855,0.0720714733179333,1,oil_pump_degradation,0.6045,0.6045,0.0,0.0,0.0,0.151125,0.42315,0.0,0.0,0.0,0.0,0.0,0.0
40200,2594.221347069736,84.271795310259,1126.85,81.94748981712439,28.996030291264432,14.003245101449993,4.889306702267329,17.997477297081115,0.381135002170544,1.0,0.07132131155494108,1.0,0.9885098200787855,0.07132131155494108,1,oil_pump_degradation,0.6060000000000001,0.6060000000000001,0.0,0.0,0.0,0.15150000000000002,0.4242,0.0,0.0,0.0,0.0,0.0,0.0
40250,2594.221347069736,84.2666080014489,1126.85,81.94515734771835,28.935603918402425,14.003245101449993,4.889218770448872,17.997153621148566,0.381135002170544,1.0,0.07057412521403873,1.0,0.9885098200787855,0.07057412521403873,1,oil_pump_degradation,0.6075,0.6075,0.0,0.0,0.0,0.151875,0.42525,0.0,0.0,0.0,0.0,0.0,0.0
40300,2594.221347069736,84.26142259379134,1126.85,81.94282559495457,28.875209631590074,14.003245101449993,4.88913085761384,17.996830015093767,0.381135002170544,1.0,0.0698299093751306,1.0,0.9885098200787855,0.0698299093751306,1,oil_pump_degradation,0.609,0.609,0.0,0.0,0.0,0.15225,0.42629999999999996,0.0,0.0,0.0,0.0,0.0,0.0
40350,2594.221347069736,84.25623908658332,1126.85,81.9404945587533,28.814847401753436,14.003245101449993,4.889042963765709,17.99650647892952,0.381135002170544,1.0,0.06908865912697329,1.0,0.9885098200787855,0.06908865912697329,1,oil_pump_degradation,0.6104999999999999,0.6104999999999999,0.0,0.0,0.0,0.15262499999999998,0.42734999999999995,0.0,0.0,0.0,0.0,0.0,0.0
40400,2594.221347069736,84.25105747912204,1126.85,81.9381642390345,28.75451719985514,14.003245101449993,4.888955088907957,17.996183012668617,0.381135002170544,1.0,0.0683503695671561,1.0,0.9885098200787855,0.0683503695671561,1,oil_pump_degradation,0.612,0.612,0.0,0.0,0.0,0.153,0.42839999999999995,0.0,0.0,0.0,0.0,0.0,0.0
40450,2594.221347069736,84.24587777070508,1126.85,81.93583463571798,28.694218996894573,14.003245101449993,4.888867233044046,17.99585961632381,0.381135002170544,1.0,0.0676150358020853,1.0,0.9885098200787855,0.0676150358020853,1,oil_pump_degradation,0.6134999999999999,0.6134999999999999,0.0,0.0,0.0,0.15337499999999998,0.42944999999999994,0.0,0.0,0.0,0.0,0.0,0.0
40500,2594.221347069736,84.2406999606302,1126.85,81.9335057487234,28.633952763907782,14.003245101449993,4.888779396177435,17.99553628990783,0.381135002170544,1.0,0.06688265294696553,1.0,0.9885098200787855,0.06688265294696553,1,oil_pump_degradation,0.615,0.615,0.0,0.0,0.0,0.15375,0.4305,0.0,0.0,0.0,0.0,0.0,0.0
40550,2594.221347069736,84.23552404819549,1126.85,81.93117757797029,28.57371847196737,14.003245101449993,4.888691578311568,17.99521303343335,0.381135002170544,1.0,0.06615321612578123,1.0,0.9885098200787855,0.06615321612578123,1,oil_pump_degradation,0.6164999999999999,0.6164999999999999,0.0,0.0,0.0,0.15412499999999998,0.43154999999999993,0.0,0.0,0.0,0.0,0.0,0.0
40600,2594.221347069736,84.23035003269928,1126.85,81.92885012337791,28.513516092182513,14.003245101449993,4.888603779449891,17.994889846913058,0.381135002170544,1.0,0.06542672047127905,1.0,0.9885098200787855,0.06542672047127905,1,oil_pump_degradation,0.618,0.618,0.0,0.0,0.0,0.1545,0.4326,0.0,0.0,0.0,0.0,0.0,0.0
40650,2594.221347069736,84.22517791344023,1126.85,81.92652338486545,28.453345595698984,14.003245101449993,4.888515999595833,17.99456673035958,0.381135002170544,1.0,0.06470316112495098,1.0,0.9885098200787855,0.06470316112495098,1,oil_pump_degradation,0.6194999999999999,0.6194999999999999,0.0,0.0,0.0,0.15487499999999998,0.4336499999999999,0.0,0.0,0.0,0.0,0.0,0.0
40700,2594.221347069736,84.22000768971719,1126.85,81.92419736235183,28.393206953699107,14.003245101449993,4.888428238752815,17.9942436837855,0.381135002170544,1.0,0.06398253323701608,1.0,0.9885098200787855,0.06398253323701608,1,oil_pump_degradation,0.621,0.621,0.0,0.0,0.0,0.15525,0.4347,0.0,0.0,0.0,0.0,0.0,0.0
40750,2594.221347069736,84.21483936082939,1126.85,81.92187205575584,28.33310013740163,14.003245101449993,4.888340496924256,17.993920707203408,0.381135002170544,1.0,0.06326483196640209,1.0,0.9885098200787855,0.06326483196640209,1,oil_pump_degradation,0.6224999999999999,0.6224999999999999,0.0,0.0,0.0,0.15562499999999999,0.4357499999999999,0.0,0.0,0.0,0.0,0.0,0.0
40800,2594.221347069736,84.20967292607622,1126.85,81.91954746499619,28.273025118061838,14.003245101449993,4.8882527741135595,17.99359780062583,0.381135002170544,1.0,0.06255005248072881,1.0,0.9885098200787855,0.06255005248072881,1,oil_pump_degradation,0.624,0.624,0.0,0.0,0.0,0.156,0.43679999999999997,0.0,0.0,0.0,0.0,0.0,0.0
40850,2594.221347069736,84.20450838475739,1126.85,81.91722358999124,28.212981866971347,14.003245101449993,4.888165070324127,17.993274964065293,0.381135002170544,1.0,0.06183818995628924,1.0,0.9885098200787855,0.06183818995628924,1,oil_pump_degradation,0.6255,0.6255,0.0,0.0,0.0,0.156375,0.4378499999999999,0.0,0.0,0.0,0.0,0.0,0.0
40900,2594.221347069736,84.19934573617292,1126.85,81.91490043065937,28.152970355458297,14.003245101449993,4.888077385559345,17.992952197534258,0.381135002170544,1.0,0.06112923957803353,1.0,0.9885098200787855,0.06112923957803353,1,oil_pump_degradation,0.627,0.627,0.0,0.0,0.0,0.15675,0.43889999999999996,0.0,0.0,0.0,0.0,0.0,0.0
40950,2594.221347069736,84.19418497962306,1126.85,81.91257798691868,28.092990554887024,14.003245101449993,4.8879897198226026,17.992629501045197,0.381135002170544,1.0,0.060423196539549126,1.0,0.9885098200787855,0.060423196539549126,1,oil_pump_degradation,0.6285,0.6285,0.0,0.0,0.0,0.157125,0.43994999999999995,0.0,0.0,0.0,0.0,0.0,0.0
41000,2594.221347069736,84.18902611440836,1126.85,81.91025625868707,28.03304243665835,14.003245101449993,4.887902073117267,17.992306874610513,0.381135002170544,1.0,0.05972005604304594,1.0,0.9885098200787855,0.05972005604304594,1,oil_pump_degradation,0.63,0.63,0.0,0.0,0.0,0.1575,0.44099999999999995,0.0,0.0,0.0,0.0,0.0,0.0
41050,2594.221347069736,84.1838691398296,1126.85,81.90793524588241,27.97312597220935,14.003245101449993,4.8878144454467085,17.991984318242604,0.381135002170544,1.0,0.05901981329933704,1.0,0.9885098200787855,0.05901981329933704,1,oil_pump_degradation,0.6315,0.6315,0.0,0.0,0.0,0.157875,0.44204999999999994,0.0,0.0,0.0,0.0,0.0,0.0
41100,2594.221347069736,84.17871405518787,1126.85,81.90561494842228,27.91324113301327,14.003245101449993,4.887726836814283,17.991661831953827,0.381135002170544,1.0,0.05832246352782066,1.0,0.9885098200787855,0.05832246352782066,1,oil_pump_degradation,0.633,0.633,0.0,0.0,0.0,0.15825,0.4431,0.0,0.0,0.0,0.0,0.0,0.0
41150,2594.221347069736,84.17356085978452,1126.85,81.90329536622409,27.853387890579725,14.003245101449993,4.8876392472233405,17.99133941575651,0.381135002170544,1.0,0.0576280019564651,1.0,0.9885098200787855,0.0576280019564651,1,oil_pump_degradation,0.6345,0.6345,0.0,0.0,0.0,0.158625,0.44414999999999993,0.0,0.0,0.0,0.0,0.0,0.0
41200,2594.221347069736,84.16840955292116,1126.85,81.90097649920517,27.79356621645447,14.003245101449993,4.8875516766772185,17.99101706966295,0.381135002170544,1.0,0.056936423821789144,1.0,0.9885098200787855,0.056936423821789144,1,oil_pump_degradation,0.636,0.636,0.0,0.0,0.0,0.159,0.4452,0.0,0.0,0.0,0.0,0.0,0.0
41250,2594.221347069736,84.16326013389971,1126.85,81.8986583472826,27.73377608221936,14.003245101449993,4.887464125179256,17.990694793685417,0.381135002170544,1.0,0.056247724368845044,1.0,0.9885098200787855,0.056247724368845044,1,oil_pump_degradation,0.6375,0.6375,0.0,0.0,0.0,0.159375,0.4462499999999999,0.0,0.0,0.0,0.0,0.0,0.0
41300,2594.221347069736,84.15811260202236,1126.85,81.89634091037334,27.674017459492422,14.003245101449993,4.887376592732773,17.990372587836152,0.381135002170544,1.0,0.05556189885120179,1.0,0.9885098200787855,0.05556189885120179,1,oil_pump_degradation,0.639,0.639,0.0,0.0,0.0,0.15975,0.4473,0.0,0.0,0.0,0.0,0.0,0.0
41350,2594.221347069736,84.15296695659151,1126.85,81.89402418839421,27.6142903199278,14.003245101449993,4.887289079341087,17.990050452127353,0.381135002170544,1.0,0.05487894253092795,1.0,0.9885098200787855,0.05487894253092795,1,oil_pump_degradation,0.6405,0.6405,0.0,0.0,0.0,0.160125,0.4483499999999999,0.0,0.0,0.0,0.0,0.0,0.0
41400,2594.221347069736,84.14782319690988,1126.85,81.89170818126178,27.554594635215565,14.003245101449993,4.887201585007509,17.98972838657122,0.381135002170544,1.0,0.05419885067857255,1.0,0.9885098200787855,0.05419885067857255,1,oil_pump_degradation,0.642,0.642,0.0,0.0,0.0,0.1605,0.44939999999999997,0.0,0.0,0.0,0.0,0.0,0.0
41450,2594.221347069736,84.14268132228051,1126.85,81.88939288889247,27.49493037708195,14.003245101449993,4.887114109735339,17.989406391179887,0.381135002170544,1.0,0.053521618573150825,1.0,0.9885098200787855,0.053521618573150825,1,oil_pump_degradation,0.6435,0.6435,0.0,0.0,0.0,0.160875,0.45044999999999996,0.0,0.0,0.0,0.0,0.0,0.0
41500,2594.221347069736,84.1375413320066,1126.85,81.88707831120263,27.43529751728909,14.003245101449993,4.887026653527865,17.989084465965462,0.381135002170544,1.0,0.052847241502124546,1.0,0.9885098200787855,0.052847241502124546,1,oil_pump_degradation,0.645,0.645,0.0,0.0,0.0,0.16125,0.45149999999999996,0.0,0.0,0.0,0.0,0.0,0.0
41550,2594.221347069736,84.13240322539167,1126.85,81.88476444810829,27.37569602763497,14.003245101449993,4.8869392163883765,17.98876261094006,0.381135002170544,1.0,0.0521757147613848,1.0,0.9885098200787855,0.0521757147613848,1,oil_pump_degradation,0.6465,0.6465,0.0,0.0,0.0,0.161625,0.45254999999999995,0.0,0.0,0.0,0.0,0.0,0.0
41600,2594.221347069736,84.12726700173954,1126.85,81.88245129952543,27.3161258799537,14.003245101449993,4.886851798320145,17.988440826115717,0.381135002170544,1.0,0.05150703365523791,1.0,0.9885098200787855,0.05150703365523791,1,oil_pump_degradation,0.648,0.648,0.0,0.0,0.0,0.162,0.4536,0.0,0.0,0.0,0.0,0.0,0.0
41650,2594.221347069736,84.12213266035428,1126.85,81.88013886536987,27.256587046115044,14.003245101449993,4.886764399326438,17.98811911150446,0.381135002170544,1.0,0.05084119349638411,1.0,0.9885098200787855,0.05084119349638411,1,oil_pump_degradation,0.6495,0.6495,0.0,0.0,0.0,0.162375,0.45464999999999994,0.0,0.0,0.0,0.0,0.0,0.0
41700,2594.221347069736,84.11700020054025,1126.85,81.8778271455572,27.197079498024607,14.003245101449993,4.88667701941052,17.98779746711831,0.381135002170544,1.0,0.0501781896059025,1.0,0.9885098200787855,0.0501781896059025,1,oil_pump_degradation,0.651,0.651,0.0,0.0,0.0,0.16275,0.4557,0.0,0.0,0.0,0.0,0.0,0.0
41750,2594.221347069736,84.11186962160201,1126.85,81.87551614000284,27.137603207623872,14.003245101449993,4.886589658575638,17.987475892969215,0.381135002170544,1.0,0.049518017313235,1.0,0.9885098200787855,0.049518017313235,1,oil_pump_degradation,0.6525,0.6525,0.0,0.0,0.0,0.163125,0.45674999999999993,0.0,0.0,0.0,0.0,0.0,0.0
41800,2594.221347069736,84.1067409228445,1126.85,81.87320584862215,27.078158146890026,14.003245101449993,4.8865023168250366,17.98715438906912,0.381135002170544,1.0,0.04886067195616779,1.0,0.9885098200787855,0.04886067195616779,1,oil_pump_degradation,0.654,0.654,0.0,0.0,0.0,0.1635,0.4578,0.0,0.0,0.0,0.0,0.0,0.0
41850,2594.221347069736,84.10161410357284,1126.85,81.8708962713302,27.01874428783593,14.003245101449993,4.88641499416195,17.986832955429932,0.381135002170544,1.0,0.048206148880814495,1.0,0.9885098200787855,0.048206148880814495,1,oil_pump_degradation,0.6555,0.6555,0.0,0.0,0.0,0.163875,0.4588499999999999,0.0,0.0,0.0,0.0,0.0,0.0
41900,2594.221347069736,84.09648916309249,1126.85,81.86858740804195,26.9593616025101,14.003245101449993,4.886327690589609,17.98651159206354,0.381135002170544,1.0,0.04755444344159957,1.0,0.9885098200787855,0.04755444344159957,1,oil_pump_degradation,0.657,0.657,0.0,0.0,0.0,0.16425,0.4599,0.0,0.0,0.0,0.0,0.0,0.0
41950,2594.221347069736,84.09136610070908,1126.85,81.8662792586722,26.900010062996746,14.003245101449993,4.886240406111228,17.98619029898178,0.381135002170544,1.0,0.046905551001241955,1.0,0.9885098200787855,0.046905551001241955,1,oil_pump_degradation,0.6585,0.6585,0.0,0.0,0.0,0.164625,0.46094999999999997,0.0,0.0,0.0,0.0,0.0,0.0
42000,2594.221347069736,84.08624491572863,1126.85,81.86397182313556,26.84068964141558,14.003245101449993,4.886153140730022,17.98586907619648,0.381135002170544,1.0,0.04625946693073679,1.0,0.9885098200787855,0.04625946693073679,1,oil_pump_degradation,0.66,0.66,0.0,0.0,0.0,0.165,0.46199999999999997,0.0,0.0,0.0,0.0,0.0,0.0
42050,2594.221347069736,84.08112560745735,1126.85,81.86166510134649,26.78140030992193,14.003245101449993,4.88606589444919,17.98554792371942,0.381135002170544,1.0,0.045616186609340116,1.0,0.9885098200787855,0.045616186609340116,1,oil_pump_degradation,0.6615,0.6615,0.0,0.0,0.0,0.165375,0.46304999999999996,0.0,0.0,0.0,0.0,0.0,0.0
42100,2594.221347069736,84.07600817520176,1126.85,81.85935909321933,26.72214204070657,14.003245101449993,4.885978667271927,17.985226841562366,0.381135002170544,1.0,0.04497570542455083,1.0,0.9885098200787855,0.04497570542455083,1,oil_pump_degradation,0.663,0.663,0.0,0.0,0.0,0.16575,0.4641,0.0,0.0,0.0,0.0,0.0,0.0
42150,2594.221347069736,84.07089261826866,1126.85,81.85705379866823,26.662914805995733,14.003245101449993,4.885891459201423,17.98490582973705,0.381135002170544,1.0,0.044338018772094374,1.0,0.9885098200787855,0.044338018772094374,1,oil_pump_degradation,0.6645,0.6645,0.0,0.0,0.0,0.166125,0.46514999999999995,0.0,0.0,0.0,0.0,0.0,0.0
42200,2594.221347069736,84.06577893596506,1126.85,81.85474921760715,26.60371857805108,14.003245101449993,4.885804270240852,17.98458488825516,0.381135002170544,1.0,0.04370312205590611,1.0,0.9885098200787855,0.04370312205590611,1,oil_pump_degradation,0.666,0.666,0.0,0.0,0.0,0.1665,0.4662,0.0,0.0,0.0,0.0,0.0,0.0
42250,2594.221347069736,84.06066712759826,1126.85,81.8524453499499,26.544553329169688,14.003245101449993,4.885717100393389,17.984264017128385,0.381135002170544,1.0,0.04307101068811493,1.0,0.9885098200787855,0.04307101068811493,1,oil_pump_degradation,0.6675,0.6675,0.0,0.0,0.0,0.166875,0.46724999999999994,0.0,0.0,0.0,0.0,0.0,0.0
42300,2594.221347069736,84.05555719247587,1126.85,81.85014219561009,26.485419031683925,14.003245101449993,4.885629949662196,17.983943216368363,0.381135002170544,1.0,0.042441680089025706,1.0,0.9885098200787855,0.042441680089025706,1,oil_pump_degradation,0.669,0.669,0.0,0.0,0.0,0.16725,0.4683,0.0,0.0,0.0,0.0,0.0,0.0
42350,2594.221347069736,84.05044912990576,1126.85,81.84783975450125,26.42631565796149,14.003245101449993,4.885542818050422,17.983622485986686,0.381135002170544,1.0,0.041815125687103535,1.0,0.9885098200787855,0.041815125687103535,1,oil_pump_degradation,0.6705,0.6705,0.0,0.0,0.0,0.167625,0.46934999999999993,0.0,0.0,0.0,0.0,0.0,0.0
42400,2594.221347069736,84.04534293919602,1126.85,81.84553802653676,26.367243180405247,14.003245101449993,4.885455705561219,17.983301825994953,0.381135002170544,1.0,0.041191342918955945,1.0,0.9885098200787855,0.041191342918955945,1,oil_pump_degradation,0.672,0.672,0.0,0.0,0.0,0.168,0.4704,0.0,0.0,0.0,0.0,0.0,0.0
42450,2594.221347069736,84.04023861965504,1126.85,81.8432370116297,26.308201571453342,14.003245101449993,4.885368612197725,17.982981236404722,0.381135002170544,1.0,0.040570327229317776,1.0,0.9885098200787855,0.040570327229317776,1,oil_pump_degradation,0.6735,0.6735,0.0,0.0,0.0,0.168375,0.47145,0.0,0.0,0.0,0.0,0.0,0.0
42500,2594.221347069736,84.03513617059156,1126.85,81.8409367096931,26.249190803579086,14.003245101449993,4.885281537963068,17.982660717227496,0.381135002170544,1.0,0.03995207407103403,1.0,0.9885098200787855,0.03995207407103403,1,oil_pump_degradation,0.675,0.675,0.0,0.0,0.0,0.16875,0.4725,0.0,0.0,0.0,0.0,0.0,0.0
42550,2594.221347069736,84.0300355913144,1126.85,81.83863712063982,26.190210849290928,14.003245101449993,4.88519448286037,17.98234026847478,0.381135002170544,1.0,0.0393365789050434,1.0,0.9885098200787855,0.0393365789050434,1,oil_pump_degradation,0.6765,0.6765,0.0,0.0,0.0,0.169125,0.47354999999999997,0.0,0.0,0.0,0.0,0.0,0.0
42600,2594.221347069736,84.02493688113282,1126.85,81.83633824438255,26.13126168113229,14.003245101449993,4.885107446892747,17.982019890158032,0.381135002170544,1.0,0.03872383720036086,1.0,0.9885098200787855,0.03872383720036086,1,oil_pump_degradation,0.678,0.678,0.0,0.0,0.0,0.1695,0.4746,0.0,0.0,0.0,0.0,0.0,0.0
42650,2594.221347069736,84.01984003935627,1126.85,81.8340400808338,26.072343271681753,14.003245101449993,4.885020430063305,17.981699582288694,0.381135002170544,1.0,0.03811384443406313,1.0,0.9885098200787855,0.03811384443406313,1,oil_pump_degradation,0.6795,0.6795,0.0,0.0,0.0,0.169875,0.47564999999999996,0.0,0.0,0.0,0.0,0.0,0.0
42700,2594.221347069736,84.0147450652945,1126.85,81.83174262990593,26.013455593552795,14.003245101449993,4.884933432375143,17.981379344878167,0.381135002170544,1.0,0.03750659609127048,1.0,0.9885098200787855,0.03750659609127048,1,oil_pump_degradation,0.681,0.681,0.0,0.0,0.0,0.17025,0.4767,0.0,0.0,0.0,0.0,0.0,0.0
42750,2594.221347069736,84.00965195825756,1126.85,81.82944589151117,25.954598619393952,14.003245101449993,4.884846453831347,17.98105917793782,0.381135002170544,1.0,0.03690208766513214,1.0,0.9885098200787855,0.03690208766513214,1,oil_pump_degradation,0.6825,0.6825,0.0,0.0,0.0,0.170625,0.47774999999999995,0.0,0.0,0.0,0.0,0.0,0.0
42800,2594.221347069736,84.00456071755565,1126.85,81.82714986556152,25.89577232188852,14.003245101449993,4.884759494435006,17.980739081479012,0.381135002170544,1.0,0.03630031465680759,1.0,0.9885098200787855,0.03630031465680759,1,oil_pump_degradation,0.684,0.684,0.0,0.0,0.0,0.171,0.4788,0.0,0.0,0.0,0.0,0.0,0.0
42850,2594.221347069736,83.99947134249936,1126.85,81.82485455196888,25.83697667375482,14.003245101449993,4.884672554189188,17.980419055513043,0.381135002170544,1.0,0.035701272575453274,1.0,0.9885098200787855,0.035701272575453274,1,oil_pump_degradation,0.6855,0.6855,0.0,0.0,0.0,0.171375,0.47984999999999994,0.0,0.0,0.0,0.0,0.0,0.0
42900,2594.221347069736,83.99438383239948,1126.85,81.82255995064497,25.778211647745827,14.003245101449993,4.884585633096964,17.980099100051216,0.381135002170544,1.0,0.03510495693820324,1.0,0.9885098200787855,0.03510495693820324,1,oil_pump_degradation,0.687,0.687,0.0,0.0,0.0,0.17175,0.4809,0.0,0.0,0.0,0.0,0.0,0.0
42950,2594.221347069736,83.98929818656711,1126.85,81.8202660615014,25.719477216649413,14.003245101449993,4.884498731161388,17.97977921510477,0.381135002170544,1.0,0.03451136327015544,1.0,0.9885098200787855,0.03451136327015544,1,oil_pump_degradation,0.6885,0.6885,0.0,0.0,0.0,0.172125,0.48195,0.0,0.0,0.0,0.0,0.0,0.0
43000,2594.221347069736,83.98421440431355,1126.85,81.81797288444955,25.6607733532881,14.003245101449993,4.884411848385515,17.979459400684956,0.381135002170544,1.0,0.033920487104353914,1.0,0.9885098200787855,0.033920487104353914,1,oil_pump_degradation,0.6900000000000001,0.6900000000000001,0.0,0.0,0.0,0.17250000000000001,0.483,0.0,0.0,0.0,0.0,0.0,0.0
43050,2594.221347069736,83.97913248495047,1126.85,81.81568041940062,25.6021000305191,14.003245101449993,4.884324984772384,17.979139656802957,0.381135002170544,1.0,0.0333323239817733,1.0,0.9885098200787855,0.0333323239817733,1,oil_pump_degradation,0.6915,0.6915,0.0,0.0,0.0,0.172875,0.48405,0.0,0.0,0.0,0.0,0.0,0.0
43100,2594.221347069736,83.97405242778967,1126.85,81.81338866626578,25.54345722123437,14.003245101449993,4.88423814032503,17.978819983469943,0.381135002170544,1.0,0.03274686945130356,1.0,0.9885098200787855,0.03274686945130356,1,oil_pump_degradation,0.6930000000000001,0.6930000000000001,0.0,0.0,0.0,0.17325000000000002,0.48510000000000003,0.0,0.0,0.0,0.0,0.0,0.0
43150,2594.221347069736,83.96897423214341,1126.85,81.81109762495589,25.484844898360258,14.003245101449993,4.88415131504648,17.978500380697064,0.381135002170544,1.0,0.03216411906973128,1.0,0.9885098200787855,0.03216411906973128,1,oil_pump_degradation,0.6945,0.6945,0.0,0.0,0.0,0.173625,0.48614999999999997,0.0,0.0,0.0,0.0,0.0,0.0
43200,2594.221347069736,83.96389789732405,1126.85,81.80880729538177,25.42626303485783,14.003245101449993,4.884064508939753,17.978180848495423,0.381135002170544,1.0,0.03158406840172668,1.0,0.9885098200787855,0.03158406840172668,1,oil_pump_degradation,0.6960000000000001,0.6960000000000001,0.0,0.0,0.0,0.17400000000000002,0.4872,0.0,0.0,0.0,0.0,0.0,0.0
43250,2594.221347069736,83.95882342264423,1126.85,81.806517677454,25.367711603722626,14.003245101449993,4.883977722007858,17.977861386876103,0.381135002170544,1.0,0.031006713019826188,1.0,0.9885098200787855,0.031006713019826188,1,oil_pump_degradation,0.6975,0.6975,0.0,0.0,0.0,0.174375,0.48824999999999996,0.0,0.0,0.0,0.0,0.0,0.0
43300,2594.221347069736,83.95375080741695,1126.85,81.80422877108305,25.30919057798459,14.003245101449993,4.883890954253799,17.977541995850157,0.381135002170544,1.0,0.03043204850441591,1.0,0.9885098200787855,0.03043204850441591,1,oil_pump_degradation,0.6990000000000001,0.6990000000000001,0.0,0.0,0.0,0.17475000000000002,0.4893,0.0,0.0,0.0,0.0,0.0,0.0
43350,2594.221347069736,83.94868005095543,1126.85,81.80194057617922,25.250699930708105,14.003245101449993,4.883804205680568,17.977222675428603,0.381135002170544,1.0,0.029860070443716552,1.0,0.9885098200787855,0.029860070443716552,1,oil_pump_degradation,0.7005,0.7005,0.0,0.0,0.0,0.175125,0.49034999999999995,0.0,0.0,0.0,0.0,0.0,0.0
43400,2594.221347069736,83.94361115257317,1126.85,81.7996530926527,25.192239634991893,14.003245101449993,4.883717476291157,17.97690342562245,0.381135002170544,1.0,0.029290774433767087,1.0,0.9885098200787855,0.029290774433767087,1,oil_pump_degradation,0.7020000000000001,0.7020000000000001,0.0,0.0,0.0,0.17550000000000002,0.4914,0.0,0.0,0.0,0.0,0.0,0.0
43450,2594.221347069736,83.9385441115839,1126.85,81.7973663204134,25.13380966396906,14.003245101449993,4.88363076608854,17.976584246442652,0.381135002170544,1.0,0.028724156078409464,1.0,0.9885098200787855,0.028724156078409464,1,oil_pump_degradation,0.7035,0.7035,0.0,0.0,0.0,0.175875,0.49245,0.0,0.0,0.0,0.0,0.0,0.0
43500,2594.221347069736,83.93347892730162,1126.85,81.79508025937122,25.075409990806946,14.003245101449993,4.883544075075692,17.97626513790015,0.381135002170544,1.0,0.02816021098927214,1.0,0.9885098200787855,0.02816021098927214,1,oil_pump_degradation,0.705,0.705,0.0,0.0,0.0,0.17625,0.49349999999999994,0.0,0.0,0.0,0.0,0.0,0.0
43550,2594.221347069736,83.92841559904065,1126.85,81.79279490943583,25.017040588707125,14.003245101449993,4.883457403255572,17.975946100005846,0.381135002170544,1.0,0.027598934785754342,1.0,0.9885098200787855,0.027598934785754342,1,oil_pump_degradation,0.7064999999999999,0.7064999999999999,0.0,0.0,0.0,0.17662499999999998,0.4945499999999999,0.0,0.0,0.0,0.0,0.0,0.0
43600,2594.221347069736,83.9233541261155,1126.85,81.79051027051668,24.95870143090529,14.003245101449993,4.883370750631139,17.975627132770626,0.381135002170544,1.0,0.02704032309500998,1.0,0.9885098200787855,0.02704032309500998,1,oil_pump_degradation,0.708,0.708,0.0,0.0,0.0,0.177,0.49559999999999993,0.0,0.0,0.0,0.0,0.0,0.0
43650,2594.221347069736,83.91829450784104,1126.85,81.78822634252322,24.900392490671408,14.003245101449993,4.883284117205338,17.975308236205333,0.381135002170544,1.0,0.026484371551933488,1.0,0.9885098200787855,0.026484371551933488,1,oil_pump_degradation,0.7095,0.7095,0.0,0.0,0.0,0.177375,0.49665,0.0,0.0,0.0,0.0,0.0,0.0
43700,2594.221347069736,83.91323674353231,1126.85,81.78594312536461,24.84211374130942,14.003245101449993,4.883197502981109,17.974989410320788,0.381135002170544,1.0,0.02593107579914203,1.0,0.9885098200787855,0.02593107579914203,1,oil_pump_degradation,0.711,0.711,0.0,0.0,0.0,0.17775,0.4976999999999999,0.0,0.0,0.0,0.0,0.0,0.0
43750,2594.221347069736,83.90818083250468,1126.85,81.78366061894991,24.783865156157383,14.003245101449993,4.883110907961384,17.97467065512778,0.381135002170544,1.0,0.025380431486961275,1.0,0.9885098200787855,0.025380431486961275,1,oil_pump_degradation,0.7124999999999999,0.7124999999999999,0.0,0.0,0.0,0.17812499999999998,0.4987499999999999,0.0,0.0,0.0,0.0,0.0,0.0
43800,2594.221347069736,83.90312677407377,1126.85,81.78137882318805,24.72564670858731,14.003245101449993,4.883024332149085,17.974351970637073,0.381135002170544,1.0,0.024832434273408963,1.0,0.9885098200787855,0.024832434273408963,1,oil_pump_degradation,0.714,0.714,0.0,0.0,0.0,0.1785,0.49979999999999997,0.0,0.0,0.0,0.0,0.0,0.0
43850,2594.221347069736,83.89807456755545,1126.85,81.77909773798774,24.66745837200514,14.003245101449993,4.882937775547132,17.97403335685941,0.381135002170544,1.0,0.024287079824179374,1.0,0.9885098200787855,0.024287079824179374,1,oil_pump_degradation,0.7155,0.7155,0.0,0.0,0.0,0.178875,0.50085,0.0,0.0,0.0,0.0,0.0,0.0
43900,2594.221347069736,83.89302421226591,1126.85,81.77681736325758,24.609300119850822,14.003245101449993,4.8828512381584295,17.973714813805486,0.381135002170544,1.0,0.023744363812628854,1.0,0.9885098200787855,0.023744363812628854,1,oil_pump_degradation,0.717,0.717,0.0,0.0,0.0,0.17925,0.5018999999999999,0.0,0.0,0.0,0.0,0.0,0.0
43950,2594.221347069736,83.88797570752149,1126.85,81.77453769890599,24.551171925598066,14.003245101449993,4.882764719985879,17.973396341485973,0.381135002170544,1.0,0.02320428191975858,1.0,0.9885098200787855,0.02320428191975858,1,oil_pump_degradation,0.7184999999999999,0.7184999999999999,0.0,0.0,0.0,0.17962499999999998,0.5029499999999999,0.0,0.0,0.0,0.0,0.0,0.0
44000,2594.221347069736,83.88292905263893,1126.85,81.77225874484128,24.49307376275441,14.003245101449993,4.8826782210323705,17.973077939911523,0.381135002170544,1.0,0.022666829834199948,1.0,0.9885098200787855,0.022666829834199948,1,oil_pump_degradation,0.72,0.72,0.0,0.0,0.0,0.18,0.504,0.0,0.0,0.0,0.0,0.0,0.0
44050,2594.221347069736,83.87788424693514,1126.85,81.76998050097154,24.4350056048612,14.003245101449993,4.88259174130079,17.972759609092748,0.381135002170544,1.0,0.022132003252199516,1.0,0.9885098200787855,0.022132003252199516,1,oil_pump_degradation,0.7215,0.7215,0.0,0.0,0.0,0.180375,0.50505,0.0,0.0,0.0,0.0,0.0,0.0
44100,2594.221347069736,83.87284128972732,1126.85,81.7677029672048,24.376967425493472,14.003245101449993,4.882505280794014,17.972441349040235,0.381135002170544,1.0,0.02159979787760277,1.0,0.9885098200787855,0.02159979787760277,1,oil_pump_degradation,0.723,0.723,0.0,0.0,0.0,0.18075,0.5061,0.0,0.0,0.0,0.0,0.0,0.0
44150,2594.221347069736,83.867800180333,1126.85,81.76542614344885,24.31895919825989,14.003245101449993,4.882418839514913,17.97212315976456,0.381135002170544,1.0,0.021070209421838678,1.0,0.9885098200787855,0.021070209421838678,1,oil_pump_degradation,0.7244999999999999,0.7244999999999999,0.0,0.0,0.0,0.18112499999999998,0.5071499999999999,0.0,0.0,0.0,0.0,0.0,0.0
44200,2594.221347069736,83.86276091806985,1126.85,81.76315002961132,24.260980896802817,14.003245101449993,4.882332417466347,17.971805041276244,0.381135002170544,1.0,0.020543233603905312,1.0,0.9885098200787855,0.020543233603905312,1,oil_pump_degradation,0.726,0.726,0.0,0.0,0.0,0.1815,0.5082,0.0,0.0,0.0,0.0,0.0,0.0
44250,2594.221347069736,83.85772350225591,1126.85,81.7608746255998,24.203032494798215,14.003245101449993,4.882246014651166,17.97148699358578,0.381135002170544,1.0,0.020018866150354087,1.0,0.9885098200787855,0.020018866150354087,1,oil_pump_degradation,0.7275,0.7275,0.0,0.0,0.0,0.181875,0.50925,0.0,0.0,0.0,0.0,0.0,0.0
44300,2594.221347069736,83.85268793220945,1126.85,81.75859993132161,24.145113965955442,14.003245101449993,4.882159631072221,17.971169016703666,0.381135002170544,1.0,0.019497102795273082,1.0,0.9885098200787855,0.019497102795273082,1,oil_pump_degradation,0.729,0.729,0.0,0.0,0.0,0.18225,0.5103,0.0,0.0,0.0,0.0,0.0,0.0
44350,2594.221347069736,83.84765420724904,1126.85,81.756325946684,24.087225284017457,14.003245101449993,4.882073266732346,17.970851110640325,0.381135002170544,1.0,0.018977939280273987,1.0,0.9885098200787855,0.018977939280273987,1,oil_pump_degradation,0.7304999999999999,0.7304999999999999,0.0,0.0,0.0,0.18262499999999998,0.51135,0.0,0.0,0.0,0.0,0.0,0.0
44400,2594.221347069736,83.8426223266934,1126.85,81.75405267159397,24.029366422760603,14.003245101449993,4.881986921634372,17.970533275406186,0.381135002170544,1.0,0.018461371354475387,1.0,0.9885098200787855,0.018461371354475387,1,oil_pump_degradation,0.732,0.732,0.0,0.0,0.0,0.183,0.5124,0.0,0.0,0.0,0.0,0.0,0.0
44450,2594.221347069736,83.83759228986162,1126.85,81.75178010595846,23.971537355994673,14.003245101449993,4.8819005957811195,17.970215511011624,0.381135002170544,1.0,0.01794739477448847,1.0,0.9885098200787855,0.01794739477448847,1,oil_pump_degradation,0.7335,0.7335,0.0,0.0,0.0,0.183375,0.51345,0.0,0.0,0.0,0.0,0.0,0.0
44500,2594.221347069736,83.83256409607304,1126.85,81.7495082496842,23.913738057562753,14.003245101449993,4.881814289175404,17.96989781746701,0.381135002170544,1.0,0.01743600530440106,1.0,0.9885098200787855,0.01743600530440106,1,oil_pump_degradation,0.735,0.735,0.0,0.0,0.0,0.18375,0.5145,0.0,0.0,0.0,0.0,0.0,0.0
44550,2594.221347069736,83.82753774464726,1126.85,81.74723710267784,23.855968501341223,14.003245101449993,4.881728001820033,17.969580194782672,0.381135002170544,1.0,0.01692719871576275,1.0,0.9885098200787855,0.01692719871576275,1,oil_pump_degradation,0.7364999999999999,0.7364999999999999,0.0,0.0,0.0,0.18412499999999998,0.51555,0.0,0.0,0.0,0.0,0.0,0.0
44600,2594.221347069736,83.82251323490414,1126.85,81.74496666484583,23.79822866123974,14.003245101449993,4.881641733717801,17.969262642968904,0.381135002170544,1.0,0.016420970787570207,1.0,0.9885098200787855,0.016420970787570207,1,oil_pump_degradation,0.738,0.738,0.0,0.0,0.0,0.1845,0.5166,0.0,0.0,0.0,0.0,0.0,0.0
44650,2594.221347069736,83.81749056616377,1126.85,81.74269693609443,23.74051851120106,14.003245101449993,4.881555484871505,17.968945162035997,0.381135002170544,1.0,0.015917317306250865,1.0,0.9885098200787855,0.015917317306250865,1,oil_pump_degradation,0.7395,0.7395,0.0,0.0,0.0,0.184875,0.51765,0.0,0.0,0.0,0.0,0.0,0.0
44700,2594.221347069736,83.81246973774654,1126.85,81.74042791632985,23.682838025201285,14.003245101449993,4.881469255283924,17.96862775199418,0.381135002170544,1.0,0.015416234065650439,1.0,0.9885098200787855,0.015416234065650439,1,oil_pump_degradation,0.741,0.741,0.0,0.0,0.0,0.18525,0.5186999999999999,0.0,0.0,0.0,0.0,0.0,0.0
44750,2594.221347069736,83.80745074897311,1126.85,81.73815960545801,23.625187177249444,14.003245101449993,4.881383044957836,17.96831041285368,0.381135002170544,1.0,0.014917716867014832,1.0,0.9885098200787855,0.014917716867014832,1,oil_pump_degradation,0.7424999999999999,0.7424999999999999,0.0,0.0,0.0,0.18562499999999998,0.5197499999999999,0.0,0.0,0.0,0.0,0.0,0.0
44800,2594.221347069736,83.80243359916437,1126.85,81.73589200338483,23.567565941387727,14.003245101449993,4.881296853896006,17.96799314462467,0.381135002170544,1.0,0.014421761518977462,1.0,0.9885098200787855,0.014421761518977462,1,oil_pump_degradation,0.744,0.744,0.0,0.0,0.0,0.186,0.5207999999999999,0.0,0.0,0.0,0.0,0.0,0.0
44850,2594.221347069736,83.7974182876415,1126.85,81.73362511001602,23.509974291691275,14.003245101449993,4.8812106821011945,17.96767594731732,0.381135002170544,1.0,0.013928363837542946,1.0,0.9885098200787855,0.013928363837542946,1,oil_pump_degradation,0.7455,0.7455,0.0,0.0,0.0,0.186375,0.52185,0.0,0.0,0.0,0.0,0.0,0.0
44900,2594.221347069736,83.79240481372591,1126.85,81.7313589252571,23.45241220226822,14.003245101449993,4.881124529576156,17.96735882094177,0.381135002170544,1.0,0.013437519646073145,1.0,0.9885098200787855,0.013437519646073145,1,oil_pump_degradation,0.747,0.747,0.0,0.0,0.0,0.18675,0.5228999999999999,0.0,0.0,0.0,0.0,0.0,0.0
44950,2594.221347069736,83.78739317673933,1126.85,81.72909344901348,23.39487964725964,14.003245101449993,4.881038396323633,17.9670417655081,0.381135002170544,1.0,0.012949224775271943,1.0,0.9885098200787855,0.012949224775271943,1,oil_pump_degradation,0.7484999999999999,0.7484999999999999,0.0,0.0,0.0,0.18712499999999999,0.5239499999999999,0.0,0.0,0.0,0.0,0.0,0.0
45000,2594.221347069736,83.78238337600374,1126.85,81.7268286811904,23.33737660083942,14.003245101449993,4.880952282346363,17.966724781026404,0.381135002170544,1.0,0.012463475063170042,1.0,0.9885098200787855,0.012463475063170042,1,oil_pump_degradation,0.75,0.75,0.0,0.0,0.0,0.1875,0.5249999999999999,0.0,0.0,0.0,0.0,0.0,0.0
45050,2594.221347069736,83.77737541084133,1126.85,81.72456462169293,23.338845654572147,14.003245101449993,4.880866187647075,17.96640786750672,0.381135002170544,1.0,0.012475050798606729,1.0,0.9885098200787855,0.012475050798606729,1,oil_pump_degradation,0.75,0.75,0.0,0.0,0.0,0.1875,0.5249999999999999,0.0,0.0,0.0,0.0,0.0,0.0
45100,2594.221347069736,83.7723692805746,1126.85,81.7223012704261,23.340314379313078,14.003245101449993,4.8807801122284875,17.966091024959052,0.381135002170544,1.0,0.01248662394167942,1.0,0.9885098200787855,0.01248662394167942,1,oil_pump_degradation,0.75,0.75,0.0,0.0,0.0,0.1875,0.5249999999999999,0.0,0.0,0.0,0.0,0.0,0.0
45150,2594.221347069736,83.7673649845263,1126.85,81.72003862729468,23.34178277501583,14.003245101449993,4.880694056093318,17.96577425339341,0.381135002170544,1.0,0.012498194492022642,1.0,0.9885098200787855,0.012498194492022642,1,oil_pump_degradation,0.75,0.75,0.0,0.0,0.0,0.1875,0.5249999999999999,0.0,0.0,0.0,0.0,0.0,0.0
45200,2594.221347069736,83.76236252201943,1126.85,81.71777669220336,23.34325084163426,14.003245101449993,4.880608019244271,17.965457552819743,0.381135002170544,1.0,0.01250976244927278,1.0,0.9885098200787855,0.01250976244927278,1,oil_pump_degradation,0.75,0.75,0.0,0.0,0.0,0.1875,0.5249999999999999,0.0,0.0,0.0,0.0,0.0,0.0
45250,2594.221347069736,83.75736189237728,1126.85,81.71551546505663,23.344718579122308,14.003245101449993,4.880522001684045,17.96514092324799,0.381135002170544,1.0,0.012521327813066942,1.0,0.9885098200787855,0.012521327813066942,1,oil_pump_degradation,0.75,0.75,0.0,0.0,0.0,0.1875,0.5249999999999999,0.0,0.0,0.0,0.0,0.0,0.0
45300,2594.221347069736,83.7523630949234,1126.85,81.71325494575888,23.346185987434062,14.003245101449993,4.880436003415331,17.96482436468805,0.381135002170544,1.0,0.012532890583043322,1.0,0.9885098200787855,0.012532890583043322,1,oil_pump_degradation,0.75,0.75,0.0,0.0,0.0,0.1875,0.5249999999999999,0.0,0.0,0.0,0.0,0.0,0.0
45350,2594.221347069736,83.74736612898158,1126.85,81.71099513421427,23.347653066523748,14.003245101449993,4.880350024440812,17.964507877149806,0.381135002170544,1.0,0.012544450758841225,1.0,0.9885098200787855,0.012544450758841225,1,oil_pump_degradation,0.75,0.75,0.0,0.0,0.0,0.1875,0.5249999999999999,0.0,0.0,0.0,0.0,0.0,0.0
45400,2594.221347069736,83.74237099387585,1126.85,81.70873603032692,23.349119816345727,14.003245101449993,4.880264064763162,17.964191460643093,0.381135002170544,1.0,0.012556008340101026,1.0,0.9885098200787855,0.012556008340101026,1,oil_pump_degradation,0.75,0.75,0.0,0.0,0.0,0.1875,0.5249999999999999,0.0,0.0,0.0,0.0,0.0,0.0
45450,2594.221347069736,83.73737768893056,1126.85,81.70647763400075,23.350586236854472,14.003245101449993,4.880178124385051,17.963875115177746,0.381135002170544,1.0,0.012567563326464037,1.0,0.9885098200787855,0.012567563326464037,1,oil_pump_degradation,0.75,0.75,0.0,0.0,0.0,0.1875,0.5249999999999999,0.0,0.0,0.0,0.0,0.0,0.0
45500,2594.221347069736,83.7323862134703,1126.85,81.70421994513953,23.352052328004614,14.003245101449993,4.880092203309138,17.963558840763547,0.381135002170544,1.0,0.012579115717572694,1.0,0.9885098200787855,0.012579115717572694,1,oil_pump_degradation,0.75,0.75,0.0,0.0,0.0,0.1875,0.5249999999999999,0.0,0.0,0.0,0.0,0.0,0.0
45550,2594.221347069736,83.72739656681995,1126.85,81.70196296364685,23.353518089750857,14.003245101449993,4.880006301538074,17.963242637410264,0.381135002170544,1.0,0.012590665513070103,1.0,0.9885098200787855,0.012590665513070103,1,oil_pump_degradation,0.75,0.75,0.0,0.0,0.0,0.1875,0.5249999999999999,0.0,0.0,0.0,0.0,0.0,0.0
45600,2594.221347069736,83.72240874830459,1126.85,81.69970668942625,23.354983522048116,14.003245101449993,4.879920419074504,17.962926505127623,0.381135002170544,1.0,0.01260221271260103,1.0,0.9885098200787855,0.01260221271260103,1,oil_pump_degradation,0.75,0.75,0.0,0.0,0.0,0.1875,0.5249999999999999,0.0,0.0,0.0,0.0,0.0,0.0
45650,2594.221347069736,83.71742275724955,1126.85,81.69745112238104,23.35644862485137,14.003245101449993,4.879834555921066,17.96261044392534,0.381135002170544,1.0,0.012613757315810705,1.0,0.9885098200787855,0.012613757315810705,1,oil_pump_degradation,0.75,0.75,0.0,0.0,0.0,0.1875,0.5249999999999999,0.0,0.0,0.0,0.0,0.0,0.0
45700,2594.221347069736,83.7124385929805,1126.85,81.69519626241441,23.357913398115777,14.003245101449993,4.879748712080389,17.962294453813087,0.381135002170544,1.0,0.012625299322345762,1.0,0.9885098200787855,0.012625299322345762,1,oil_pump_degradation,0.75,0.75,0.0,0.0,0.0,0.1875,0.5249999999999999,0.0,0.0,0.0,0.0,0.0,0.0
45750,2594.221347069736,83.70745625482334,1126.85,81.6929421094294,23.359377841796572,14.003245101449993,4.879662887555096,17.961978534800526,0.381135002170544,1.0,0.012636838731853494,1.0,0.9885098200787855,0.012636838731853494,1,oil_pump_degradation,0.75,0.75,0.0,0.0,0.0,0.1875,0.5249999999999999,0.0,0.0,0.0,0.0,0.0,0.0
45800,2594.221347069736,83.70247574210424,1126.85,81.6906886633289,23.36084195584918,14.003245101449993,4.879577082347798,17.961662686897263,0.381135002170544,1.0,0.012648375543982656,1.0,0.9885098200787855,0.012648375543982656,1,oil_pump_degradation,0.75,0.75,0.0,0.0,0.0,0.1875,0.5249999999999999,0.0,0.0,0.0,0.0,0.0,0.0
45850,2594.221347069736,83.69749705414961,1126.85,81.68843592401566,23.36230574022911,14.003245101449993,4.879491296461101,17.961346910112894,0.381135002170544,1.0,0.012659909758382678,1.0,0.9885098200787855,0.012659909758382678,1,oil_pump_degradation,0.75,0.75,0.0,0.0,0.0,0.1875,0.5249999999999999,0.0,0.0,0.0,0.0,0.0,0.0
45900,2594.221347069736,83.69252019028607,1126.85,81.68618389139232,23.363769194892026,14.003245101449993,4.879405529897609,17.961031204457,0.381135002170544,1.0,0.012671441374704178,1.0,0.9885098200787855,0.012671441374704178,1,oil_pump_degradation,0.75,0.75,0.0,0.0,0.0,0.1875,0.5249999999999999,0.0,0.0,0.0,0.0,0.0,0.0
45950,2594.221347069736,83.68754514984062,1126.85,81.68393256536137,23.365232319793712,14.003245101449993,4.87931978265991,17.96071556993911,0.381135002170544,1.0,0.012682970392598775,1.0,0.9885098200787855,0.012682970392598775,1,oil_pump_degradation,0.75,0.75,0.0,0.0,0.0,0.1875,0.5249999999999999,0.0,0.0,0.0,0.0,0.0,0.0
46000,2594.221347069736,83.68257193214043,1126.85,81.68168194582506,23.366695114890042,14.003245101449993,4.879234054750588,17.960400006568744,0.381135002170544,1.0,0.012694496811718749,1.0,0.9885098200787855,0.012694496811718749,1,oil_pump_degradation,0.75,0.75,0.0,0.0,0.0,0.1875,0.5249999999999999,0.0,0.0,0.0,0.0,0.0,0.0
46050,2594.221347069736,83.67760053651295,1126.85,81.67943203268561,23.368157580137087,14.003245101449993,4.879148346172221,17.960084514355376,0.381135002170544,1.0,0.012706020631717987,1.0,0.9885098200787855,0.012706020631717987,1,oil_pump_degradation,0.75,0.75,0.0,0.0,0.0,0.1875,0.5249999999999999,0.0,0.0,0.0,0.0,0.0,0.0
46100,2594.221347069736,83.67263096228595,1126.85,81.67718282584508,23.369619715491044,14.003245101449993,4.879062656927373,17.959769093308456,0.381135002170544,1.0,0.012717541852251296,1.0,0.9885098200787855,0.012717541852251296,1,oil_pump_degradation,0.75,0.75,0.0,0.0,0.0,0.1875,0.5249999999999999,0.0,0.0,0.0,0.0,0.0,0.0
46150,2594.221347069736,83.66766320878736,1126.85,81.6749343252053,23.371081520908167,14.003245101449993,4.8789769870186115,17.959453743437425,0.381135002170544,1.0,0.012729060472973957,1.0,0.9885098200787855,0.012729060472973957,1,oil_pump_degradation,0.75,0.75,0.0,0.0,0.0,0.1875,0.5249999999999999,0.0,0.0,0.0,0.0,0.0,0.0
46200,2594.221347069736,83.66269727534541,1126.85,81.67268653066805,23.372542996344894,14.003245101449993,4.878891336448485,17.95913846475167,0.381135002170544,1.0,0.012740576493542776,1.0,0.9885098200787855,0.012740576493542776,1,oil_pump_degradation,0.75,0.75,0.0,0.0,0.0,0.1875,0.5249999999999999,0.0,0.0,0.0,0.0,0.0,0.0
46250,2594.221347069736,83.6577331612886,1126.85,81.67043944213492,23.374004141757815,14.003245101449993,4.878805705219544,17.95882325726058,0.381135002170544,1.0,0.012752089913615627,1.0,0.9885098200787855,0.012752089913615627,1,oil_pump_degradation,0.75,0.75,0.0,0.0,0.0,0.1875,0.5249999999999999,0.0,0.0,0.0,0.0,0.0,0.0
46300,2594.221347069736,83.65277086594574,1126.85,81.66819305950736,23.37546495710358,14.003245101449993,4.878720093334321,17.95850812097348,0.381135002170544,1.0,0.012763600732850976,1.0,0.9885098200787855,0.012763600732850976,1,oil_pump_degradation,0.75,0.75,0.0,0.0,0.0,0.1875,0.5249999999999999,0.0,0.0,0.0,0.0,0.0,0.0
46350,2594.221347069736,83.64781038864584,1126.85,81.66594738268674,23.37692544233906,14.003245101449993,4.878634500795348,17.95819305589968,0.381135002170544,1.0,0.012775108950908965,1.0,0.9885098200787855,0.012775108950908965,1,oil_pump_degradation,0.75,0.75,0.0,0.0,0.0,0.1875,0.5249999999999999,0.0,0.0,0.0,0.0,0.0,0.0
46400,2594.221347069736,83.64285172871814,1126.85,81.66370241157415,23.378385597421136,14.003245101449993,4.878548927605152,17.957878062048493,0.381135002170544,1.0,0.012786614567449785,1.0,0.9885098200787855,0.012786614567449785,1,oil_pump_degradation,0.75,0.75,0.0,0.0,0.0,0.1875,0.5249999999999999,0.0,0.0,0.0,0.0,0.0,0.0
46450,2594.221347069736,83.63789488549219,1126.85,81.66145814607069,23.379845422306936,14.003245101449993,4.878463373766248,17.95756313942917,0.381135002170544,1.0,0.012798117582135638,1.0,0.9885098200787855,0.012798117582135638,1,oil_pump_degradation,0.75,0.75,0.0,0.0,0.0,0.1875,0.5249999999999999,0.0,0.0,0.0,0.0,0.0,0.0
46500,2594.221347069736,83.63293985829779,1126.85,81.65921458607721,23.381304916953624,14.003245101449993,4.87837783928114,17.95724828805093,0.381135002170544,1.0,0.01280961799462905,1.0,0.9885098200787855,0.01280961799462905,1,oil_pump_degradation,0.75,0.75,0.0,0.0,0.0,0.1875,0.5249999999999999,0.0,0.0,0.0,0.0,0.0,0.0
46550,2594.221347069736,83.62798664646499,1126.85,81.65697173149448,23.38276408131856,14.003245101449993,4.8782923241523335,17.956933507922994,0.381135002170544,1.0,0.012821115804593946,1.0,0.9885098200787855,0.012821115804593946,1,oil_pump_degradation,0.75,0.75,0.0,0.0,0.0,0.1875,0.5249999999999999,0.0,0.0,0.0,0.0,0.0,0.0
46600,2594.221347069736,83.62303524932412,1126.85,81.65472958222307,23.38422291535917,14.003245101449993,4.878206828382319,17.95661879905453,0.381135002170544,1.0,0.012832611011694918,1.0,0.9885098200787855,0.012832611011694918,1,oil_pump_degradation,0.75,0.75,0.0,0.0,0.0,0.1875,0.5249999999999999,0.0,0.0,0.0,0.0,0.0,0.0
46650,2594.221347069736,83.61808566620579,1126.85,81.6524881381635,23.38568141903311,14.003245101449993,4.87812135197358,17.956304161454685,0.381135002170544,1.0,0.012844103615598223,1.0,0.9885098200787855,0.012844103615598223,1,oil_pump_degradation,0.75,0.75,0.0,0.0,0.0,0.1875,0.5249999999999999,0.0,0.0,0.0,0.0,0.0,0.0
46700,2594.221347069736,83.61313789644078,1126.85,81.65024739921608,23.387139592297995,14.003245101449993,4.8780358949286,17.955989595132596,0.381135002170544,1.0,0.012855593615969978,1.0,0.9885098200787855,0.012855593615969978,1,oil_pump_degradation,0.75,0.75,0.0,0.0,0.0,0.1875,0.5249999999999999,0.0,0.0,0.0,0.0,0.0,0.0
46750,2594.221347069736,83.60819193936021,1126.85,81.64800736528093,23.388597435111713,14.003245101449993,4.877950457249847,17.95567510009735,0.381135002170544,1.0,0.0128670810124783,1.0,0.9885098200787855,0.0128670810124783,1,oil_pump_degradation,0.75,0.75,0.0,0.0,0.0,0.1875,0.5249999999999999,0.0,0.0,0.0,0.0,0.0,0.0
46800,2594.221347069736,83.60324779429544,1126.85,81.64576803625818,23.390054947432294,14.003245101449993,4.877865038939783,17.955360676358,0.381135002170544,1.0,0.012878565804792505,1.0,0.9885098200787855,0.012878565804792505,1,oil_pump_degradation,0.75,0.75,0.0,0.0,0.0,0.1875,0.5249999999999999,0.0,0.0,0.0,0.0,0.0,0.0
46850,2594.221347069736,83.59830546057805,1126.85,81.64352941204766,23.391512129217777,14.003245101449993,4.877779640000865,17.955046323923604,0.381135002170544,1.0,0.012890047992581904,1.0,0.9885098200787855,0.012890047992581904,1,oil_pump_degradation,0.75,0.75,0.0,0.0,0.0,0.1875,0.5249999999999999,0.0,0.0,0.0,0.0,0.0,0.0
46900,2594.221347069736,83.59336493753989,1126.85,81.64129149254916,23.39296898042641,14.003245101449993,4.877694260435538,17.954732042803155,0.381135002170544,1.0,0.012901527575517541,1.0,0.9885098200787855,0.012901527575517541,1,oil_pump_degradation,0.75,0.75,0.0,0.0,0.0,0.1875,0.5249999999999999,0.0,0.0,0.0,0.0,0.0,0.0
46950,2594.221347069736,83.58842622451317,1126.85,81.6390542776623,23.394425501016507,14.003245101449993,4.877608900246249,17.95441783300566,0.381135002170544,1.0,0.01291300455327093,1.0,0.9885098200787855,0.01291300455327093,1,oil_pump_degradation,0.75,0.75,0.0,0.0,0.0,0.1875,0.5249999999999999,0.0,0.0,0.0,0.0,0.0,0.0
47000,2594.221347069736,83.58348932083021,1126.85,81.63681776728657,23.395881690946606,14.003245101449993,4.877523559435424,17.954103694540056,0.381135002170544,1.0,0.012924478925515367,1.0,0.9885098200787855,0.012924478925515367,1,oil_pump_degradation,0.75,0.75,0.0,0.0,0.0,0.1875,0.5249999999999999,0.0,0.0,0.0,0.0,0.0,0.0
47050,2594.221347069736,83.57855422582367,1126.85,81.63458196132126,23.397337550175266,14.003245101449993,4.877438238005496,17.953789627415286,0.381135002170544,1.0,0.012935950691924299,1.0,0.9885098200787855,0.012935950691924299,1,oil_pump_degradation,0.75,0.75,0.0,0.0,0.0,0.1875,0.5249999999999999,0.0,0.0,0.0,0.0,0.0,0.0
47100,2594.221347069736,83.57362093882648,1126.85,81.63234685966563,23.398793078661296,14.003245101449993,4.877352935958875,17.95347563164023,0.381135002170544,1.0,0.012947419852173158,1.0,0.9885098200787855,0.012947419852173158,1,oil_pump_degradation,0.75,0.75,0.0,0.0,0.0,0.1875,0.5249999999999999,0.0,0.0,0.0,0.0,0.0,0.0
47150,2594.221347069736,83.56868945917176,1126.85,81.63011246221873,23.400248276363506,14.003245101449993,4.877267653297976,17.953161707223785,0.381135002170544,1.0,0.012958886405937375,1.0,0.9885098200787855,0.012958886405937375,1,oil_pump_degradation,0.75,0.75,0.0,0.0,0.0,0.1875,0.5249999999999999,0.0,0.0,0.0,0.0,0.0,0.0
47200,2594.221347069736,83.56375978619297,1126.85,81.6278787688795,23.401703143240873,14.003245101449993,4.877182390025205,17.95284785417479,0.381135002170544,1.0,0.01297035035289372,1.0,0.9885098200787855,0.01297035035289372,1,oil_pump_degradation,0.75,0.75,0.0,0.0,0.0,0.1875,0.5249999999999999,0.0,0.0,0.0,0.0,0.0,0.0
47250,2594.221347069736,83.55883191922373,1126.85,81.62564577954669,23.40315767925253,14.003245101449993,4.877097146142958,17.952534072502072,0.381135002170544,1.0,0.01298181169272015,1.0,0.9885098200787855,0.01298181169272015,1,oil_pump_degradation,0.75,0.75,0.0,0.0,0.0,0.1875,0.5249999999999999,0.0,0.0,0.0,0.0,0.0,0.0
47300,2594.221347069736,83.55390585759801,1126.85,81.62341349411895,23.404611884357735,14.003245101449993,4.877011921653619,17.95222036221441,0.381135002170544,1.0,0.012993270425095623,1.0,0.9885098200787855,0.012993270425095623,1,oil_pump_degradation,0.75,0.75,0.0,0.0,0.0,0.1875,0.5249999999999999,0.0,0.0,0.0,0.0,0.0,0.0
47350,2594.221347069736,83.54898160065,1126.85,81.62118191249476,23.40606575851585,14.003245101449993,4.87692671655957,17.951906723320572,0.381135002170544,1.0,0.01300472654969997,1.0,0.9885098200787855,0.01300472654969997,1,oil_pump_degradation,0.75,0.75,0.0,0.0,0.0,0.1875,0.5249999999999999,0.0,0.0,0.0,0.0,0.0,0.0
47400,2594.221347069736,83.54405914771417,1126.85,81.61895103457255,23.407519301686403,14.003245101449993,4.876841530863187,17.951593155829297,0.381135002170544,1.0,0.013016180066214212,1.0,0.9885098200787855,0.013016180066214212,1,oil_pump_degradation,0.75,0.75,0.0,0.0,0.0,0.1875,0.5249999999999999,0.0,0.0,0.0,0.0,0.0,0.0
47450,2594.221347069736,83.53913849812517,1126.85,81.6167208602505,23.408972513828992,14.003245101449993,4.876756364566832,17.95127965974929,0.381135002170544,1.0,0.013027630974320031,1.0,0.9885098200787855,0.013027630974320031,1,oil_pump_degradation,0.75,0.75,0.0,0.0,0.0,0.1875,0.5249999999999999,0.0,0.0,0.0,0.0,0.0,0.0
47500,2594.221347069736,83.534219651218,1126.85,81.61449138942675,23.41042539490337,14.003245101449993,4.876671217672869,17.950966235089243,0.381135002170544,1.0,0.013039079273700318,1.0,0.9885098200787855,0.013039079273700318,1,oil_pump_degradation,0.75,0.75,0.0,0.0,0.0,0.1875,0.5249999999999999,0.0,0.0,0.0,0.0,0.0,0.0
47550,2594.221347069736,83.52930260632786,1126.85,81.61226262199926,23.4118779448694,14.003245101449993,4.876586090183647,17.95065288185781,0.381135002170544,1.0,0.01305052496403875,1.0,0.9885098200787855,0.01305052496403875,1,oil_pump_degradation,0.75,0.75,0.0,0.0,0.0,0.1875,0.5249999999999999,0.0,0.0,0.0,0.0,0.0,0.0
47600,2594.221347069736,83.52438736279026,1126.85,81.61003455786579,23.413330163687103,14.003245101449993,4.87650098210151,17.950339600063614,0.381135002170544,1.0,0.013061968045020344,1.0,0.9885098200787855,0.013061968045020344,1,oil_pump_degradation,0.75,0.75,0.0,0.0,0.0,0.1875,0.5249999999999999,0.0,0.0,0.0,0.0,0.0,0.0
47650,2594.221347069736,83.51947391994094,1126.85,81.60780719692406,23.41478205131661,14.003245101449993,4.876415893428795,17.95002638971526,0.381135002170544,1.0,0.013073408516330914,1.0,0.9885098200787855,0.013073408516330914,1,oil_pump_degradation,0.75,0.75,0.0,0.0,0.0,0.1875,0.5249999999999999,0.0,0.0,0.0,0.0,0.0,0.0
47700,2594.221347069736,83.51456227711583,1126.85,81.60558053907164,23.416233607718187,14.003245101449993,4.876330824167829,17.949713250821315,0.381135002170544,1.0,0.013084846377657397,1.0,0.9885098200787855,0.013084846377657397,1,oil_pump_degradation,0.75,0.75,0.0,0.0,0.0,0.1875,0.5249999999999999,0.0,0.0,0.0,0.0,0.0,0.0
47750,2594.221347069736,83.50965243365124,1126.85,81.60335458420593,23.417684832852167,14.003245101449993,4.87624577432094,17.949400183390342,0.381135002170544,1.0,0.013096281628687203,1.0,0.9885098200787855,0.013096281628687203,1,oil_pump_degradation,0.75,0.75,0.0,0.0,0.0,0.1875,0.5249999999999999,0.0,0.0,0.0,0.0,0.0,0.0
47800,2594.221347069736,83.50474438888364,1126.85,81.60112933222416,23.41913572667909,14.003245101449993,4.876160743890436,17.949087187430845,0.381135002170544,1.0,0.013107714269109404,1.0,0.9885098200787855,0.013107714269109404,1,oil_pump_degradation,0.75,0.75,0.0,0.0,0.0,0.1875,0.5249999999999999,0.0,0.0,0.0,0.0,0.0,0.0
47850,2594.221347069736,83.49983814214977,1126.85,81.5989047830235,23.420586289159623,14.003245101449993,4.876075732878626,17.94877426295132,0.381135002170544,1.0,0.013119144298614072,1.0,0.9885098200787855,0.013119144298614072,1,oil_pump_degradation,0.75,0.75,0.0,0.0,0.0,0.1875,0.5249999999999999,0.0,0.0,0.0,0.0,0.0,0.0
47900,2594.221347069736,83.49493369278667,1126.85,81.59668093650095,23.422036520254473,14.003245101449993,4.875990741287812,17.948461409960235,0.381135002170544,1.0,0.013130571716891604,1.0,0.9885098200787855,0.013130571716891604,1,oil_pump_degradation,0.75,0.75,0.0,0.0,0.0,0.1875,0.5249999999999999,0.0,0.0,0.0,0.0,0.0,0.0
47950,2594.221347069736,83.49003104013161,1126.85,81.59445779255338,23.423486419924554,14.003245101449993,4.875905769120283,17.94814862846603,0.381135002170544,1.0,0.013141996523634,1.0,0.9885098200787855,0.013141996523634,1,oil_pump_degradation,0.75,0.75,0.0,0.0,0.0,0.1875,0.5249999999999999,0.0,0.0,0.0,0.0,0.0,0.0
48000,2594.221347069736,83.48513018352213,1126.85,81.59223535107753,23.424935988130866,14.003245101449993,4.875820816378326,17.947835918477104,0.381135002170544,1.0,0.013153418718533927,1.0,0.9885098200787855,0.013153418718533927,1,oil_pump_degradation,0.75,0.75,0.0,0.0,0.0,0.1875,0.5249999999999999,0.0,0.0,0.0,0.0,0.0,0.0
48050,2594.221347069736,83.480231122296,1126.85,81.59001361197,23.426385224834526,14.003245101449993,4.87573588306422,17.947523280001864,0.381135002170544,1.0,0.013164838301285038,1.0,0.9885098200787855,0.013164838301285038,1,oil_pump_degradation,0.75,0.75,0.0,0.0,0.0,0.1875,0.5249999999999999,0.0,0.0,0.0,0.0,0.0,0.0
48100,2594.221347069736,83.47533385579129,1126.85,81.5877925751272,23.427834129996796,14.003245101449993,4.875650969180233,17.947210713048648,0.381135002170544,1.0,0.013176255271582069,1.0,0.9885098200787855,0.013176255271582069,1,oil_pump_degradation,0.75,0.75,0.0,0.0,0.0,0.1875,0.5249999999999999,0.0,0.0,0.0,0.0,0.0,0.0
48150,2594.221347069736,83.47043838334628,1126.85,81.58557224044552,23.4292827035791,14.003245101449993,4.87556607472863,17.946898217625794,0.381135002170544,1.0,0.013187669629121069,1.0,0.9885098200787855,0.013187669629121069,1,oil_pump_degradation,0.75,0.75,0.0,0.0,0.0,0.1875,0.5249999999999999,0.0,0.0,0.0,0.0,0.0,0.0
48200,2594.221347069736,83.46554470429948,1126.85,81.5833526078211,23.430730945542905,14.003245101449993,4.875481199711665,17.94658579374161,0.381135002170544,1.0,0.013199081373598362,1.0,0.9885098200787855,0.013199081373598362,1,oil_pump_degradation,0.75,0.75,0.0,0.0,0.0,0.1875,0.5249999999999999,0.0,0.0,0.0,0.0,0.0,0.0
48250,2594.221347069736,83.46065281798974,1126.85,81.58113367715004,23.43217885584988,14.003245101449993,4.875396344131587,17.946273441404355,0.381135002170544,1.0,0.013210490504711936,1.0,0.9885098200787855,0.013210490504711936,1,oil_pump_degradation,0.75,0.75,0.0,0.0,0.0,0.1875,0.5249999999999999,0.0,0.0,0.0,0.0,0.0,0.0
48300,2594.221347069736,83.4557627237561,1126.85,81.57891544832819,23.43362643446178,14.003245101449993,4.875311507990636,17.945961160622296,0.381135002170544,1.0,0.013221897022160438,1.0,0.9885098200787855,0.013221897022160438,1,oil_pump_degradation,0.75,0.75,0.0,0.0,0.0,0.1875,0.5249999999999999,0.0,0.0,0.0,0.0,0.0,0.0
48350,2594.221347069736,83.45087442093791,1126.85,81.57669792125142,23.4350736813405,14.003245101449993,4.875226691291047,17.94564895140364,0.381135002170544,1.0,0.01323330092564365,1.0,0.9885098200787855,0.01323330092564365,1,oil_pump_degradation,0.75,0.75,0.0,0.0,0.0,0.1875,0.5249999999999999,0.0,0.0,0.0,0.0,0.0,0.0
48400,2594.221347069736,83.44598790887471,1126.85,81.57448109581537,23.436520596447995,14.003245101449993,4.875141894035048,17.9453368137566,0.381135002170544,1.0,0.01324470221486169,1.0,0.9885098200787855,0.01324470221486169,1,oil_pump_degradation,0.75,0.75,0.0,0.0,0.0,0.1875,0.5249999999999999,0.0,0.0,0.0,0.0,0.0,0.0
48450,2594.221347069736,83.44110318690633,1126.85,81.57226497191556,23.437967179746433,14.003245101449993,4.875057116224856,17.945024747689338,0.381135002170544,1.0,0.013256100889516531,1.0,0.9885098200787855,0.013256100889516531,1,oil_pump_degradation,0.75,0.75,0.0,0.0,0.0,0.1875,0.5249999999999999,0.0,0.0,0.0,0.0,0.0,0.0
48500,2594.221347069736,83.43622025437287,1126.85,81.57004954944733,23.43941343119808,14.003245101449993,4.874972357862685,17.944712753209995,0.381135002170544,1.0,0.013267496949310816,1.0,0.9885098200787855,0.013267496949310816,1,oil_pump_degradation,0.75,0.75,0.0,0.0,0.0,0.1875,0.5249999999999999,0.0,0.0,0.0,0.0,0.0,0.0
48550,2594.221347069736,83.43133911061466,1126.85,81.56783482830599,23.440859350765315,14.003245101449993,4.874887618950735,17.94440083032668,0.381135002170544,1.0,0.01327889039394812,1.0,0.9885098200787855,0.01327889039394812,1,oil_pump_degradation,0.75,0.75,0.0,0.0,0.0,0.1875,0.5249999999999999,0.0,0.0,0.0,0.0,0.0,0.0
48600,2594.221347069736,83.42645975497226,1126.85,81.56562080838665,23.44230493841064,14.003245101449993,4.874802899491209,17.944088979047493,0.381135002170544,1.0,0.013290281223132944,1.0,0.9885098200787855,0.013290281223132944,1,oil_pump_degradation,0.75,0.75,0.0,0.0,0.0,0.1875,0.5249999999999999,0.0,0.0,0.0,0.0,0.0,0.0
48650,2594.221347069736,83.42158218678651,1126.85,81.56340748958434,23.443750194096705,14.003245101449993,4.874718199486293,17.94377719938048,0.381135002170544,1.0,0.013301669436570992,1.0,0.9885098200787855,0.013301669436570992,1,oil_pump_degradation,0.75,0.75,0.0,0.0,0.0,0.1875,0.5249999999999999,0.0,0.0,0.0,0.0,0.0,0.0
48700,2594.221347069736,83.41670640539854,1126.85,81.56119487179382,23.44519511778618,14.003245101449993,4.8746335189381735,17.9434654913337,0.381135002170544,1.0,0.013313055033968098,1.0,0.9885098200787855,0.013313055033968098,1,oil_pump_degradation,0.75,0.75,0.0,0.0,0.0,0.1875,0.5249999999999999,0.0,0.0,0.0,0.0,0.0,0.0
48750,2594.221347069736,83.41183241014971,1126.85,81.55898295490988,23.44663970944206,14.003245101449993,4.874548857849022,17.94315385491514,0.381135002170544,1.0,0.013324438015032693,1.0,0.9885098200787855,0.013324438015032693,1,oil_pump_degradation,0.75,0.75,0.0,0.0,0.0,0.1875,0.5249999999999999,0.0,0.0,0.0,0.0,0.0,0.0
48800,2594.221347069736,83.40696020038166,1126.85,81.55677173882714,23.4480839690273,14.003245101449993,4.874464216221009,17.94284229013278,0.381135002170544,1.0,0.013335818379472878,1.0,0.9885098200787855,0.013335818379472878,1,oil_pump_degradation,0.75,0.75,0.0,0.0,0.0,0.1875,0.5249999999999999,0.0,0.0,0.0,0.0,0.0,0.0
48850,2594.221347069736,83.4020897754362,1126.85,81.55456122344003,23.44952789650502,14.003245101449993,4.874379594056294,17.94253079699459,0.381135002170544,1.0,0.013347196126998006,1.0,0.9885098200787855,0.013347196126998006,1,oil_pump_degradation,0.75,0.75,0.0,0.0,0.0,0.1875,0.5249999999999999,0.0,0.0,0.0,0.0,0.0,0.0
48900,2594.221347069736,83.39722113465547,1126.85,81.55235140864289,23.450971491838448,14.003245101449993,4.874294991357034,17.94221937550849,0.381135002170544,1.0,0.013358571257318371,1.0,0.9885098200787855,0.013358571257318371,1,oil_pump_degradation,0.75,0.75,0.0,0.0,0.0,0.1875,0.5249999999999999,0.0,0.0,0.0,0.0,0.0,0.0
48950,2594.221347069736,83.3923542773818,1126.85,81.55014229432993,23.45241475499099,14.003245101449993,4.874210408125373,17.941908025682384,0.381135002170544,1.0,0.0133699437701456,1.0,0.9885098200787855,0.0133699437701456,1,oil_pump_degradation,0.75,0.75,0.0,0.0,0.0,0.1875,0.5249999999999999,0.0,0.0,0.0,0.0,0.0,0.0
49000,2594.221347069736,83.38748920295785,1126.85,81.54793388039519,23.453857685926113,14.003245101449993,4.874125844363452,17.94159674752415,0.381135002170544,1.0,0.013381313665191847,1.0,0.9885098200787855,0.013381313665191847,1,oil_pump_degradation,0.75,0.75,0.0,0.0,0.0,0.1875,0.5249999999999999,0.0,0.0,0.0,0.0,0.0,0.0
49050,2594.221347069736,83.38262591072646,1126.85,81.54572616673266,23.45530028460745,14.003245101449993,4.874041300073403,17.94128554104163,0.381135002170544,1.0,0.013392680942170523,1.0,0.9885098200787855,0.013392680942170523,1,oil_pump_degradation,0.75,0.75,0.0,0.0,0.0,0.1875,0.5249999999999999,0.0,0.0,0.0,0.0,0.0,0.0
49100,2594.221347069736,83.3777644000308,1126.85,81.5435191532361,23.45674255099875,14.003245101449993,4.87395677525735,17.940974406242653,0.381135002170544,1.0,0.01340404560079599,1.0,0.9885098200787855,0.01340404560079599,1,oil_pump_degradation,0.75,0.75,0.0,0.0,0.0,0.1875,0.5249999999999999,0.0,0.0,0.0,0.0,0.0,0.0
49150,2594.221347069736,83.37290467021427,1126.85,81.54131283979922,23.458184485063896,14.003245101449993,4.873872269917409,17.940663343135,0.381135002170544,1.0,0.013415407640783653,1.0,0.9885098200787855,0.013415407640783653,1,oil_pump_degradation,0.75,0.75,0.0,0.0,0.0,0.1875,0.5249999999999999,0.0,0.0,0.0,0.0,0.0,0.0
49200,2594.221347069736,83.36804672062044,1126.85,81.53910722631554,23.459626086766807,14.003245101449993,4.873787784055694,17.94035235172646,0.381135002170544,1.0,0.013426767061849193,1.0,0.9885098200787855,0.013426767061849193,1,oil_pump_degradation,0.75,0.75,0.0,0.0,0.0,0.1875,0.5249999999999999,0.0,0.0,0.0,0.0,0.0,0.0
49250,2594.221347069736,83.36319055059329,1126.85,81.53690231267848,23.461067356071695,14.003245101449993,4.873703317674306,17.940041432024756,0.381135002170544,1.0,0.013438123863710624,1.0,0.9885098200787855,0.013438123863710624,1,oil_pump_degradation,0.75,0.75,0.0,0.0,0.0,0.1875,0.5249999999999999,0.0,0.0,0.0,0.0,0.0,0.0
49300,2594.221347069736,83.35833615947689,1126.85,81.53469809878135,23.46250829294272,14.003245101449993,4.873618870775341,17.939730584037612,0.381135002170544,1.0,0.013449478046085556,1.0,0.9885098200787855,0.013449478046085556,1,oil_pump_degradation,0.75,0.75,0.0,0.0,0.0,0.1875,0.5249999999999999,0.0,0.0,0.0,0.0,0.0,0.0
49350,2594.221347069736,83.35348354661568,1126.85,81.53249458451728,23.46394889734425,14.003245101449993,4.87353444336089,17.939419807772722,0.381135002170544,1.0,0.01346082960869319,1.0,0.9885098200787855,0.01346082960869319,1,oil_pump_degradation,0.75,0.75,0.0,0.0,0.0,0.1875,0.5249999999999999,0.0,0.0,0.0,0.0,0.0,0.0
49400,2594.221347069736,83.3486327113543,1126.85,81.53029176977935,23.465389169240794,14.003245101449993,4.873450035433032,17.93910910323774,0.381135002170544,1.0,0.013472178551253867,1.0,0.9885098200787855,0.013472178551253867,1,oil_pump_degradation,0.75,0.75,0.0,0.0,0.0,0.1875,0.5249999999999999,0.0,0.0,0.0,0.0,0.0,0.0
49450,2594.221347069736,83.34378365303763,1126.85,81.52808965446042,23.466829108596915,14.003245101449993,4.873365646993843,17.938798470440307,0.381135002170544,1.0,0.013483524873488386,1.0,0.9885098200787855,0.013483524873488386,1,oil_pump_degradation,0.75,0.75,0.0,0.0,0.0,0.1875,0.5249999999999999,0.0,0.0,0.0,0.0,0.0,0.0
49500,2594.221347069736,83.33893637101085,1126.85,81.52588823845326,23.46826871537738,14.003245101449993,4.873281278045392,17.938487909388034,0.381135002170544,1.0,0.013494868575119084,1.0,0.9885098200787855,0.013494868575119084,1,oil_pump_degradation,0.75,0.75,0.0,0.0,0.0,0.1875,0.5249999999999999,0.0,0.0,0.0,0.0,0.0,0.0
49550,2594.221347069736,83.33409086461933,1126.85,81.52368752165057,23.469707989547,14.003245101449993,4.873196928589736,17.9381774200885,0.381135002170544,1.0,0.01350620965586869,1.0,0.9885098200787855,0.01350620965586869,1,oil_pump_degradation,0.75,0.75,0.0,0.0,0.0,0.1875,0.5249999999999999,0.0,0.0,0.0,0.0,0.0,0.0
49600,2594.221347069736,83.32924713320875,1126.85,81.5214875039448,23.47114693107074,14.003245101449993,4.873112598628929,17.937867002549268,0.381135002170544,1.0,0.013517548115461136,1.0,0.9885098200787855,0.013517548115461136,1,oil_pump_degradation,0.75,0.75,0.0,0.0,0.0,0.1875,0.5249999999999999,0.0,0.0,0.0,0.0,0.0,0.0
49650,2594.221347069736,83.32440517612503,1126.85,81.51928818522839,23.472585539913688,14.003245101449993,4.87302828816502,17.937556656777872,0.381135002170544,1.0,0.013528883953621349,1.0,0.9885098200787855,0.013528883953621349,1,oil_pump_degradation,0.75,0.75,0.0,0.0,0.0,0.1875,0.5249999999999999,0.0,0.0,0.0,0.0,0.0,0.0
49700,2594.221347069736,83.31956499271433,1126.85,81.51708956539358,23.474023816041065,14.003245101449993,4.872943997200046,17.93724638278181,0.381135002170544,1.0,0.01354021717007525,1.0,0.9885098200787855,0.01354021717007525,1,oil_pump_degradation,0.75,0.75,0.0,0.0,0.0,0.1875,0.5249999999999999,0.0,0.0,0.0,0.0,0.0,0.0
49750,2594.221347069736,83.31472658232303,1126.85,81.51489164433247,23.4754617594182,14.003245101449993,4.8728597257360375,17.936936180568566,0.381135002170544,1.0,0.013551547764549634,1.0,0.9885098200787855,0.013551547764549634,1,oil_pump_degradation,0.75,0.75,0.0,0.0,0.0,0.1875,0.5249999999999999,0.0,0.0,0.0,0.0,0.0,0.0
49800,2594.221347069736,83.30988994429782,1126.85,81.51269442193706,23.47689937001058,14.003245101449993,4.87277547377502,17.936626050145588,0.381135002170544,1.0,0.013562875736772617,1.0,0.9885098200787855,0.013562875736772617,1,oil_pump_degradation,0.75,0.75,0.0,0.0,0.0,0.1875,0.5249999999999999,0.0,0.0,0.0,0.0,0.0,0.0
49850,2594.221347069736,83.30505507798563,1126.85,81.51049789809929,23.478336647783763,14.003245101449993,4.87269124131901,17.936315991520296,0.381135002170544,1.0,0.013574201086472722,1.0,0.9885098200787855,0.013574201086472722,1,oil_pump_degradation,0.75,0.75,0.0,0.0,0.0,0.1875,0.5249999999999999,0.0,0.0,0.0,0.0,0.0,0.0
49900,2594.221347069736,83.30022198273366,1126.85,81.50830207271088,23.47977359270344,14.003245101449993,4.872607028370018,17.936006004700097,0.381135002170544,1.0,0.013585523813379666,1.0,0.9885098200787855,0.013585523813379666,1,oil_pump_degradation,0.75,0.75,0.0,0.0,0.0,0.1875,0.5249999999999999,0.0,0.0,0.0,0.0,0.0,0.0
49950,2594.221347069736,83.2953906578893,1126.85,81.50610694566342,23.481210204735437,14.003245101449993,4.872522834930047,17.935696089692367,0.381135002170544,1.0,0.013596843917224094,1.0,0.9885098200787855,0.013596843917224094,1,oil_pump_degradation,0.75,0.75,0.0,0.0,0.0,0.1875,0.5249999999999999,0.0,0.0,0.0,0.0,0.0,0.0
50000,2594.221347069736,83.29056110280021,1126.85,81.50391251684846,23.48264648384568,14.003245101449993,4.8724386610010955,17.935386246504454,0.381135002170544,1.0,0.013608161397737586,1.0,0.9885098200787855,0.013608161397737586,1,oil_pump_degradation,0.75,0.75,0.0,0.0,0.0,0.1875,0.5249999999999999,0.0,0.0,0.0,0.0,0.0,0.0
50050,2594.221347069736,83.28573331681434,1126.85,81.50171878615731,23.484082430000246,14.003245101449993,4.872354506585149,17.93507647514367,0.381135002170544,1.0,0.01361947625465279,1.0,0.9885098200787855,0.01361947625465279,1,oil_pump_degradation,0.75,0.75,0.0,0.0,0.0,0.1875,0.5249999999999999,0.0,0.0,0.0,0.0,0.0,0.0
50100,2594.221347069736,83.28090729927982,1126.85,81.49952575348124,23.485518043165317,14.003245101449993,4.8722703716841895,17.934766775617316,0.381135002170544,1.0,0.013630788487703277,1.0,0.9885098200787855,0.013630788487703277,1,oil_pump_degradation,0.75,0.75,0.0,0.0,0.0,0.1875,0.5249999999999999,0.0,0.0,0.0,0.0,0.0,0.0
50150,2594.221347069736,83.27608304954515,1126.85,81.49733341871138,23.48695332330723,14.003245101449993,4.8721862563001945,17.934457147932658,0.381135002170544,1.0,0.013642098096623752,1.0,0.9885098200787855,0.013642098096623752,1,oil_pump_degradation,0.75,0.75,0.0,0.0,0.0,0.1875,0.5249999999999999,0.0,0.0,0.0,0.0,0.0,0.0
50200,2594.221347069736,83.27126056695897,1126.85,81.49514178173871,23.488388270392367,14.003245101449993,4.872102160435129,17.934147592096945,0.381135002170544,1.0,0.013653405081149326,1.0,0.9885098200787855,0.013653405081149326,1,oil_pump_degradation,0.75,0.75,0.0,0.0,0.0,0.1875,0.5249999999999999,0.0,0.0,0.0,0.0,0.0,0.0
50250,2594.221347069736,83.2664398508702,1126.85,81.49295084245415,23.48982288438728,14.003245101449993,4.872018084090955,17.93383810811739,0.381135002170544,1.0,0.013664709441016432,1.0,0.9885098200787855,0.013664709441016432,1,oil_pump_degradation,0.75,0.75,0.0,0.0,0.0,0.1875,0.5249999999999999,0.0,0.0,0.0,0.0,0.0,0.0
50300,2594.221347069736,83.26162090062803,1126.85,81.49076060074839,23.49125716525862,14.003245101449993,4.871934027269628,17.93352869600119,0.381135002170544,1.0,0.013676011175962302,1.0,0.9885098200787855,0.013676011175962302,1,oil_pump_degradation,0.75,0.75,0.0,0.0,0.0,0.1875,0.5249999999999999,0.0,0.0,0.0,0.0,0.0,0.0
50350,2594.221347069736,83.2568037155819,1126.85,81.488571056512,23.492691112973176,14.003245101449993,4.871849989973092,17.933219355755504,0.381135002170544,1.0,0.013687310285725235,1.0,0.9885098200787855,0.013687310285725235,1,oil_pump_degradation,0.75,0.75,0.0,0.0,0.0,0.1875,0.5249999999999999,0.0,0.0,0.0,0.0,0.0,0.0
50400,2594.221347069736,83.25198829508145,1126.85,81.48638220963556,23.494124727497912,14.003245101449993,4.871765972203285,17.932910087387462,0.381135002170544,1.0,0.013698606770044927,1.0,0.9885098200787855,0.013698606770044927,1,oil_pump_degradation,0.75,0.75,0.0,0.0,0.0,0.1875,0.5249999999999999,0.0,0.0,0.0,0.0,0.0,0.0
50450,2594.221347069736,83.24717463847662,1126.85,81.48419406000937,23.495558008799804,14.003245101449993,4.871681973962143,17.932600890904194,0.381135002170544,1.0,0.01370990062866114,1.0,0.9885098200787855,0.01370990062866114,1,oil_pump_degradation,0.75,0.75,0.0,0.0,0.0,0.1875,0.5249999999999999,0.0,0.0,0.0,0.0,0.0,0.0
50500,2594.221347069736,83.24236274511765,1126.85,81.48200660752372,23.496990956846027,14.003245101449993,4.871597995251588,17.93229176631278,0.381135002170544,1.0,0.013721191861315235,1.0,0.9885098200787855,0.013721191861315235,1,oil_pump_degradation,0.75,0.75,0.0,0.0,0.0,0.1875,0.5249999999999999,0.0,0.0,0.0,0.0,0.0,0.0
50550,2594.221347069736,83.23755261435491,1126.85,81.47981985206866,23.49842357160384,14.003245101449993,4.871514036073538,17.931982713620272,0.381135002170544,1.0,0.01373248046774923,1.0,0.9885098200787855,0.01373248046774923,1,oil_pump_degradation,0.75,0.75,0.0,0.0,0.0,0.1875,0.5249999999999999,0.0,0.0,0.0,0.0,0.0,0.0
50600,2594.221347069736,83.2327442455391,1126.85,81.47763379353427,23.499855853040636,14.003245101449993,4.871430096429908,17.931673732833723,0.381135002170544,1.0,0.013743766447706151,1.0,0.9885098200787855,0.013743766447706151,1,oil_pump_degradation,0.75,0.75,0.0,0.0,0.0,0.1875,0.5249999999999999,0.0,0.0,0.0,0.0,0.0,0.0
50650,2594.221347069736,83.22793763802116,1126.85,81.47544843181038,23.501287801123905,14.003245101449993,4.871346176322601,17.93136482396013,0.381135002170544,1.0,0.013755049800929883,1.0,0.9885098200787855,0.013755049800929883,1,oil_pump_degradation,0.75,0.75,0.0,0.0,0.0,0.1875,0.5249999999999999,0.0,0.0,0.0,0.0,0.0,0.0
50700,2594.221347069736,83.2231327911523,1126.85,81.47326376678672,23.502719415821268,14.003245101449993,4.871262275753512,17.93105598700648,0.381135002170544,1.0,0.01376633052716524,1.0,0.9885098200787855,0.01376633052716524,1,oil_pump_degradation,0.75,0.75,0.0,0.0,0.0,0.1875,0.5249999999999999,0.0,0.0,0.0,0.0,0.0,0.0
50750,2594.221347069736,83.21832970428392,1126.85,81.47107979835289,23.504150697100513,14.003245101449993,4.871178394724532,17.93074722197973,0.381135002170544,1.0,0.013777608626158445,1.0,0.9885098200787855,0.013777608626158445,1,oil_pump_degradation,0.75,0.75,0.0,0.0,0.0,0.1875,0.5249999999999999,0.0,0.0,0.0,0.0,0.0,0.0
50800,2594.221347069736,83.21352837676767,1126.85,81.46889652639845,23.505581644929503,14.003245101449993,4.871094533237543,17.930438528886803,0.381135002170544,1.0,0.013788884097656237,1.0,0.9885098200787855,0.013788884097656237,1,oil_pump_degradation,0.75,0.75,0.0,0.0,0.0,0.1875,0.5249999999999999,0.0,0.0,0.0,0.0,0.0,0.0
50850,2594.221347069736,83.20872880795554,1126.85,81.46671395081273,23.50701225927619,14.003245101449993,4.871010691294424,17.930129907734624,0.381135002170544,1.0,0.0138001569414061,1.0,0.9885098200787855,0.0138001569414061,1,oil_pump_degradation,0.75,0.75,0.0,0.0,0.0,0.1875,0.5249999999999999,0.0,0.0,0.0,0.0,0.0,0.0
50900,2594.221347069736,83.20393099719968,1126.85,81.464532071485,23.508442540108735,14.003245101449993,4.870926868897042,17.929821358530056,0.381135002170544,1.0,0.013811427157157103,1.0,0.9885098200787855,0.013811427157157103,1,oil_pump_degradation,0.75,0.75,0.0,0.0,0.0,0.1875,0.5249999999999999,0.0,0.0,0.0,0.0,0.0,0.0
50950,2594.221347069736,83.19913494385253,1126.85,81.4623508883044,23.509872487395334,14.003245101449993,4.870843066047259,17.929512881279955,0.381135002170544,1.0,0.013822694744658725,1.0,0.9885098200787855,0.013822694744658725,1,oil_pump_degradation,0.75,0.75,0.0,0.0,0.0,0.1875,0.5249999999999999,0.0,0.0,0.0,0.0,0.0,0.0
51000,2594.221347069736,83.19434064726676,1126.85,81.46017040115993,23.511302101104317,14.003245101449993,4.870759282746932,17.929204475991167,0.381135002170544,1.0,0.013833959703661372,1.0,0.9885098200787855,0.013833959703661372,1,oil_pump_degradation,0.75,0.75,0.0,0.0,0.0,0.1875,0.5249999999999999,0.0,0.0,0.0,0.0,0.0,0.0
51050,2594.221347069736,83.18954810679526,1126.85,81.45799060994045,23.512731381204137,14.003245101449993,4.870675518997908,17.928896142670474,0.381135002170544,1.0,0.013845222033916443,1.0,0.9885098200787855,0.013845222033916443,1,oil_pump_degradation,0.75,0.75,0.0,0.0,0.0,0.1875,0.5249999999999999,0.0,0.0,0.0,0.0,0.0,0.0
51100,2594.221347069736,83.18475732179127,1126.85,81.45581151453479,23.514160327663454,14.003245101449993,4.870591774802026,17.92858788132466,0.381135002170544,1.0,0.01385648173517701,1.0,0.9885098200787855,0.01385648173517701,1,oil_pump_degradation,0.75,0.75,0.0,0.0,0.0,0.1875,0.5249999999999999,0.0,0.0,0.0,0.0,0.0,0.0
51150,2594.221347069736,83.17996829160819,1126.85,81.45363311483152,23.51558894045088,14.003245101449993,4.870508050161127,17.92827969196049,0.381135002170544,1.0,0.013867738807195735,1.0,0.9885098200787855,0.013867738807195735,1,oil_pump_degradation,0.75,0.75,0.0,0.0,0.0,0.1875,0.5249999999999999,0.0,0.0,0.0,0.0,0.0,0.0
51200,2594.221347069736,83.17518101559966,1126.85,81.45145541071918,23.5170172195353,14.003245101449993,4.870424345077028,17.927971574584664,0.381135002170544,1.0,0.013878993249727484,1.0,0.9885098200787855,0.013878993249727484,1,oil_pump_degradation,0.75,0.75,0.0,0.0,0.0,0.1875,0.5249999999999999,0.0,0.0,0.0,0.0,0.0,0.0
51250,2594.221347069736,83.17039549311966,1126.85,81.44927840208618,23.518445164885637,14.003245101449993,4.870340659551559,17.927663529203908,0.381135002170544,1.0,0.013890245062527316,1.0,0.9885098200787855,0.013890245062527316,1,oil_pump_degradation,0.75,0.75,0.0,0.0,0.0,0.1875,0.5249999999999999,0.0,0.0,0.0,0.0,0.0,0.0
51300,2594.221347069736,83.16561172352232,1126.85,81.44710208882083,23.519872776470947,14.003245101449993,4.870256993586526,17.92735555582488,0.381135002170544,1.0,0.013901494245351429,1.0,0.9885098200787855,0.013901494245351429,1,oil_pump_degradation,0.75,0.75,0.0,0.0,0.0,0.1875,0.5249999999999999,0.0,0.0,0.0,0.0,0.0,0.0
51350,2594.221347069736,83.16082970616208,1126.85,81.44492647081125,23.521300054260408,14.003245101449993,4.870173347183741,17.92704765445424,0.381135002170544,1.0,0.013912740797956943,1.0,0.9885098200787855,0.013912740797956943,1,oil_pump_degradation,0.75,0.75,0.0,0.0,0.0,0.1875,0.5249999999999999,0.0,0.0,0.0,0.0,0.0,0.0
51400,2594.221347069736,83.15604944039359,1126.85,81.44275154794548,23.522726998223273,14.003245101449993,4.8700897203450015,17.926739825098608,0.381135002170544,1.0,0.013923984720101581,1.0,0.9885098200787855,0.013923984720101581,1,oil_pump_degradation,0.75,0.75,0.0,0.0,0.0,0.1875,0.5249999999999999,0.0,0.0,0.0,0.0,0.0,0.0
51450,2594.221347069736,83.1512709255718,1126.85,81.4405773201114,23.524153608329026,14.003245101449993,4.8700061130720975,17.926432067764576,0.381135002170544,1.0,0.013935226011544935,1.0,0.9885098200787855,0.013935226011544935,1,oil_pump_degradation,0.75,0.75,0.0,0.0,0.0,0.1875,0.5249999999999999,0.0,0.0,0.0,0.0,0.0,0.0
51500,2594.221347069736,83.14649416105186,1126.85,81.43840378719682,23.525579884547184,14.003245101449993,4.8699225253668175,17.92612438245872,0.381135002170544,1.0,0.013946464672046716,1.0,0.9885098200787855,0.013946464672046716,1,oil_pump_degradation,0.75,0.75,0.0,0.0,0.0,0.1875,0.5249999999999999,0.0,0.0,0.0,0.0,0.0,0.0
51550,2594.221347069736,83.14171914618919,1126.85,81.43623094908946,23.527005826847414,14.003245101449993,4.869838957230936,17.925816769187584,0.381135002170544,1.0,0.013957700701367978,1.0,0.9885098200787855,0.013957700701367978,1,oil_pump_degradation,0.75,0.75,0.0,0.0,0.0,0.1875,0.5249999999999999,0.0,0.0,0.0,0.0,0.0,0.0
51600,2594.221347069736,83.1369458803394,1126.85,81.43405880567684,23.528431435199426,14.003245101449993,4.86975540866623,17.9255092279577,0.381135002170544,1.0,0.013968934099270034,1.0,0.9885098200787855,0.013968934099270034,1,oil_pump_degradation,0.75,0.75,0.0,0.0,0.0,0.1875,0.5249999999999999,0.0,0.0,0.0,0.0,0.0,0.0
51650,2594.221347069736,83.13217436285845,1126.85,81.4318873568464,23.529856709573167,14.003245101449993,4.869671879674461,17.92520175877555,0.381135002170544,1.0,0.013980164865516061,1.0,0.9885098200787855,0.013980164865516061,1,oil_pump_degradation,0.75,0.75,0.0,0.0,0.0,0.1875,0.5249999999999999,0.0,0.0,0.0,0.0,0.0,0.0
51700,2594.221347069736,83.12740459310248,1126.85,81.42971660248548,23.5312816499386,14.003245101449993,4.8695883702573886,17.92489436164762,0.381135002170544,1.0,0.013991392999869377,1.0,0.9885098200787855,0.013991392999869377,1,oil_pump_degradation,0.75,0.75,0.0,0.0,0.0,0.1875,0.5249999999999999,0.0,0.0,0.0,0.0,0.0,0.0
51750,2594.221347069736,83.12263657042786,1126.85,81.42754654248125,23.53270625626586,14.003245101449993,4.869504880416763,17.924587036580345,0.381135002170544,1.0,0.01400261850209468,1.0,0.9885098200787855,0.01400261850209468,1,oil_pump_degradation,0.75,0.75,0.0,0.0,0.0,0.1875,0.5249999999999999,0.0,0.0,0.0,0.0,0.0,0.0
51800,2594.221347069736,83.11787029419128,1126.85,81.42537717672076,23.534130528525182,14.003245101449993,4.869421410154329,17.924279783580154,0.381135002170544,1.0,0.014013841371957348,1.0,0.9885098200787855,0.014013841371957348,1,oil_pump_degradation,0.75,0.75,0.0,0.0,0.0,0.1875,0.5249999999999999,0.0,0.0,0.0,0.0,0.0,0.0
51850,2594.221347069736,83.11310576374962,1126.85,81.423208505091,23.53555446668697,14.003245101449993,4.869337959471822,17.923972602653425,0.381135002170544,1.0,0.014025061609224284,1.0,0.9885098200787855,0.014025061609224284,1,oil_pump_degradation,0.75,0.75,0.0,0.0,0.0,0.1875,0.5249999999999999,0.0,0.0,0.0,0.0,0.0,0.0
51900,2594.221347069736,83.10834297846003,1126.85,81.4210405274788,23.53697807072166,14.003245101449993,4.869254528370973,17.923665493806542,0.381135002170544,1.0,0.014036279213662461,1.0,0.9885098200787855,0.014036279213662461,1,oil_pump_degradation,0.75,0.75,0.0,0.0,0.0,0.1875,0.5249999999999999,0.0,0.0,0.0,0.0,0.0,0.0
51950,2594.221347069736,83.1035819376799,1126.85,81.41887324377086,23.538401340599844,14.003245101449993,4.869171116853505,17.92335845704584,0.381135002170544,1.0,0.014047494185040177,1.0,0.9885098200787855,0.014047494185040177,1,oil_pump_degradation,0.75,0.75,0.0,0.0,0.0,0.1875,0.5249999999999999,0.0,0.0,0.0,0.0,0.0,0.0
52000,2594.221347069736,83.09882264076691,1126.85,81.41670665385385,23.539824276292237,14.003245101449993,4.869087724921136,17.923051492377645,0.381135002170544,1.0,0.01405870652312666,1.0,0.9885098200787855,0.01405870652312666,1,oil_pump_degradation,0.75,0.75,0.0,0.0,0.0,0.1875,0.5249999999999999,0.0,0.0,0.0,0.0,0.0,0.0
52050,2594.221347069736,83.09406508707889,1126.85,81.41454075761419,23.541246877769687,14.003245101449993,4.869004352575575,17.922744599808247,0.381135002170544,1.0,0.014069916227692209,1.0,0.9885098200787855,0.014069916227692209,1,oil_pump_degradation,0.75,0.75,0.0,0.0,0.0,0.1875,0.5249999999999999,0.0,0.0,0.0,0.0,0.0,0.0
52100,2594.221347069736,83.08930927597402,1126.85,81.41237555493825,23.5426691450031,14.003245101449993,4.868920999818525,17.922437779343912,0.381135002170544,1.0,0.014081123298507586,1.0,0.9885098200787855,0.014081123298507586,1,oil_pump_degradation,0.75,0.75,0.0,0.0,0.0,0.1875,0.5249999999999999,0.0,0.0,0.0,0.0,0.0,0.0
52150,2594.221347069736,83.08455520681065,1126.85,81.41021104571234,23.54409107796359,14.003245101449993,4.868837666651681,17.922131030990883,0.381135002170544,1.0,0.014092327735345148,1.0,0.9885098200787855,0.014092327735345148,1,oil_pump_degradation,0.75,0.75,0.0,0.0,0.0,0.1875,0.5249999999999999,0.0,0.0,0.0,0.0,0.0,0.0
52200,2594.221347069736,83.07980287894742,1126.85,81.40804722982256,23.54551267662225,14.003245101449993,4.868754353076734,17.921824354755387,0.381135002170544,1.0,0.014103529537977121,1.0,0.9885098200787855,0.014103529537977121,1,oil_pump_degradation,0.75,0.75,0.0,0.0,0.0,0.1875,0.5249999999999999,0.0,0.0,0.0,0.0,0.0,0.0
52250,2594.221347069736,83.07505229174319,1126.85,81.40588410715486,23.54693394095043,14.003245101449993,4.868671059095366,17.92151775064361,0.381135002170544,1.0,0.014114728706177793,1.0,0.9885098200787855,0.014114728706177793,1,oil_pump_degradation,0.75,0.75,0.0,0.0,0.0,0.1875,0.5249999999999999,0.0,0.0,0.0,0.0,0.0,0.0
52300,2594.221347069736,83.07030344455706,1126.85,81.40372167759523,23.548354870919578,14.003245101449993,4.868587784709249,17.92121121866171,0.381135002170544,1.0,0.014125925239722115,1.0,0.9885098200787855,0.014125925239722115,1,oil_pump_degradation,0.75,0.75,0.0,0.0,0.0,0.1875,0.5249999999999999,0.0,0.0,0.0,0.0,0.0,0.0
52350,2594.221347069736,83.06555633674839,1126.85,81.4015599410294,23.54977546650119,14.003245101449993,4.868504529920056,17.92090475881584,0.381135002170544,1.0,0.014137119138385505,1.0,0.9885098200787855,0.014137119138385505,1,oil_pump_degradation,0.75,0.75,0.0,0.0,0.0,0.1875,0.5249999999999999,0.0,0.0,0.0,0.0,0.0,0.0
52400,2594.221347069736,83.06081096767684,1126.85,81.39939889734302,23.551195727666883,14.003245101449993,4.868421294729446,17.920598371112114,0.381135002170544,1.0,0.014148310401944381,1.0,0.9885098200787855,0.014148310401944381,1,oil_pump_degradation,0.75,0.75,0.0,0.0,0.0,0.1875,0.5249999999999999,0.0,0.0,0.0,0.0,0.0,0.0
52450,2594.221347069736,83.05606733670226,1126.85,81.39723854642165,23.552615654388436,14.003245101449993,4.868338079139075,17.920292055556626,0.381135002170544,1.0,0.014159499030176288,1.0,0.9885098200787855,0.014159499030176288,1,oil_pump_degradation,0.75,0.75,0.0,0.0,0.0,0.1875,0.5249999999999999,0.0,0.0,0.0,0.0,0.0,0.0
52500,2594.221347069736,83.05132544318468,1126.85,81.39507888815075,23.554035246637778,14.003245101449993,4.86825488315059,17.919985812155435,0.381135002170544,1.0,0.014170685022860036,1.0,0.9885098200787855,0.014170685022860036,1,oil_pump_degradation,0.75,0.75,0.0,0.0,0.0,0.1875,0.5249999999999999,0.0,0.0,0.0,0.0,0.0,0.0
52550,2594.221347069736,83.04658528648451,1126.85,81.39291992241562,23.555454504386823,14.003245101449993,4.868171706765635,17.91967964091459,0.381135002170544,1.0,0.014181868379774374,1.0,0.9885098200787855,0.014181868379774374,1,oil_pump_degradation,0.75,0.75,0.0,0.0,0.0,0.1875,0.5249999999999999,0.0,0.0,0.0,0.0,0.0,0.0
52600,2594.221347069736,83.04184686596233,1126.85,81.39076164910142,23.55687342760772,14.003245101449993,4.868088549985841,17.91937354184011,0.381135002170544,1.0,0.01419304910069977,1.0,0.9885098200787855,0.01419304910069977,1,oil_pump_degradation,0.75,0.75,0.0,0.0,0.0,0.1875,0.5249999999999999,0.0,0.0,0.0,0.0,0.0,0.0
52650,2594.221347069736,83.03711018097897,1126.85,81.38860406809329,23.55829201627269,14.003245101449993,4.868005412812838,17.91906751493798,0.381135002170544,1.0,0.014204227185417435,1.0,0.9885098200787855,0.014204227185417435,1,oil_pump_degradation,0.75,0.75,0.0,0.0,0.0,0.1875,0.5249999999999999,0.0,0.0,0.0,0.0,0.0,0.0
52700,2594.221347069736,83.03237523089552,1126.85,81.38644717927616,23.5597102703541,14.003245101449993,4.867922295248247,17.918761560214165,0.381135002170544,1.0,0.014215402633709504,1.0,0.9885098200787855,0.014215402633709504,1,oil_pump_degradation,0.75,0.75,0.0,0.0,0.0,0.1875,0.5249999999999999,0.0,0.0,0.0,0.0,0.0,0.0
52750,2594.221347069736,83.02764201507335,1126.85,81.38429098253488,23.56112818982435,14.003245101449993,4.867839197293683,17.91845567767462,0.381135002170544,1.0,0.014226575445358578,1.0,0.9885098200787855,0.014226575445358578,1,oil_pump_degradation,0.75,0.75,0.0,0.0,0.0,0.1875,0.5249999999999999,0.0,0.0,0.0,0.0,0.0,0.0
52800,2594.221347069736,83.022910532874,1126.85,81.38213547775422,23.56254577465608,14.003245101449993,4.867756118950748,17.91814986732524,0.381135002170544,1.0,0.014237745620149058,1.0,0.9885098200787855,0.014237745620149058,1,oil_pump_degradation,0.75,0.75,0.0,0.0,0.0,0.1875,0.5249999999999999,0.0,0.0,0.0,0.0,0.0,0.0
52850,2594.221347069736,83.01818078365926,1126.85,81.37998066481873,23.563963024821913,14.003245101449993,4.86767306022105,17.917844129171943,0.381135002170544,1.0,0.014248913157865209,1.0,0.9885098200787855,0.014248913157865209,1,oil_pump_degradation,0.75,0.75,0.0,0.0,0.0,0.1875,0.5249999999999999,0.0,0.0,0.0,0.0,0.0,0.0
52900,2594.221347069736,83.01345276679126,1126.85,81.37782654361303,23.565379940294743,14.003245101449993,4.867590021106176,17.917538463220566,0.381135002170544,1.0,0.014260078058293425,1.0,0.9885098200787855,0.014260078058293425,1,oil_pump_degradation,0.75,0.75,0.0,0.0,0.0,0.1875,0.5249999999999999,0.0,0.0,0.0,0.0,0.0,0.0
52950,2594.221347069736,83.00872648163227,1126.85,81.37567311402142,23.56679652104738,14.003245101449993,4.867507001607721,17.917232869476983,0.381135002170544,1.0,0.014271240321219503,1.0,0.9885098200787855,0.014271240321219503,1,oil_pump_degradation,0.75,0.75,0.0,0.0,0.0,0.1875,0.5249999999999999,0.0,0.0,0.0,0.0,0.0,0.0
53000,2594.221347069736,83.00400192754483,1126.85,81.3735203759282,23.56821276705294,14.003245101449993,4.867424001727257,17.916927347946988,0.381135002170544,1.0,0.014282399946431565,1.0,0.9885098200787855,0.014282399946431565,1,oil_pump_degradation,0.75,0.75,0.0,0.0,0.0,0.1875,0.5249999999999999,0.0,0.0,0.0,0.0,0.0,0.0
53050,2594.221347069736,82.99927910389181,1126.85,81.37136832921755,23.56962867828455,14.003245101449993,4.867341021466362,17.91662189863638,0.381135002170544,1.0,0.014293556933717871,1.0,0.9885098200787855,0.014293556933717871,1,oil_pump_degradation,0.75,0.75,0.0,0.0,0.0,0.1875,0.5249999999999999,0.0,0.0,0.0,0.0,0.0,0.0
53100,2594.221347069736,82.9945580100362,1126.85,81.36921697377352,23.57104425471549,14.003245101449993,4.867258060826602,17.91631652155092,0.381135002170544,1.0,0.014304711282867874,1.0,0.9885098200787855,0.014304711282867874,1,oil_pump_degradation,0.75,0.75,0.0,0.0,0.0,0.1875,0.5249999999999999,0.0,0.0,0.0,0.0,0.0,0.0
53150,2594.221347069736,82.98983864534131,1126.85,81.36706630948004,23.572459496319087,14.003245101449993,4.867175119809537,17.916011216696365,0.381135002170544,1.0,0.01431586299367143,1.0,0.9885098200787855,0.01431586299367143,1,oil_pump_degradation,0.75,0.75,0.0,0.0,0.0,0.1875,0.5249999999999999,0.0,0.0,0.0,0.0,0.0,0.0
53200,2594.221347069736,82.98512100917065,1126.85,81.36491633622092,23.57387440306888,14.003245101449993,4.86709219841672,17.91570598407842,0.381135002170544,1.0,0.014327012065919983,1.0,0.9885098200787855,0.014327012065919983,1,oil_pump_degradation,0.75,0.75,0.0,0.0,0.0,0.1875,0.5249999999999999,0.0,0.0,0.0,0.0,0.0,0.0
53250,2594.221347069736,82.98040510088799,1126.85,81.3627670538799,23.575288974938488,14.003245101449993,4.867009296649699,17.915400823702786,0.381135002170544,1.0,0.014338158499405656,1.0,0.9885098200787855,0.014338158499405656,1,oil_pump_degradation,0.75,0.75,0.0,0.0,0.0,0.1875,0.5249999999999999,0.0,0.0,0.0,0.0,0.0,0.0
53300,2594.221347069736,82.97569091985736,1126.85,81.36061846234054,23.5767032119016,14.003245101449993,4.866926414510013,17.915095735575132,0.381135002170544,1.0,0.01434930229392116,1.0,0.9885098200787855,0.01434930229392116,1,oil_pump_degradation,0.75,0.75,0.0,0.0,0.0,0.1875,0.5249999999999999,0.0,0.0,0.0,0.0,0.0,0.0
53350,2594.221347069736,82.97097846544307,1126.85,81.35847056148634,23.57811711393209,14.003245101449993,4.866843551999194,17.91479071970109,0.381135002170544,1.0,0.01436044344926067,1.0,0.9885098200787855,0.01436044344926067,1,oil_pump_degradation,0.75,0.75,0.0,0.0,0.0,0.1875,0.5249999999999999,0.0,0.0,0.0,0.0,0.0,0.0
53400,2594.221347069736,82.96626773700956,1126.85,81.35632335120067,23.579530681003902,14.003245101449993,4.86676070911877,17.91448577608629,0.381135002170544,1.0,0.014371581965218766,1.0,0.9885098200787855,0.014371581965218766,1,oil_pump_degradation,0.75,0.75,0.0,0.0,0.0,0.1875,0.5249999999999999,0.0,0.0,0.0,0.0,0.0,0.0
53450,2594.221347069736,82.9615587339216,1126.85,81.35417683136683,23.580943913091126,14.003245101449993,4.866677885870259,17.91418090473632,0.381135002170544,1.0,0.014382717841591355,1.0,0.9885098200787855,0.014382717841591355,1,oil_pump_degradation,0.75,0.75,0.0,0.0,0.0,0.1875,0.5249999999999999,0.0,0.0,0.0,0.0,0.0,0.0
53500,2594.221347069736,82.95685145554427,1126.85,81.35203100186794,23.582356810167873,14.003245101449993,4.866595082255177,17.913876105656755,0.381135002170544,1.0,0.014393851078174414,1.0,0.9885098200787855,0.014393851078174414,1,oil_pump_degradation,0.75,0.75,0.0,0.0,0.0,0.1875,0.5249999999999999,0.0,0.0,0.0,0.0,0.0,0.0
53550,2594.221347069736,82.95214590124272,1126.85,81.34988586258703,23.5837693722085,14.003245101449993,4.866512298275028,17.91357137885314,0.381135002170544,1.0,0.014404981674765904,1.0,0.9885098200787855,0.014404981674765904,1,oil_pump_degradation,0.75,0.75,0.0,0.0,0.0,0.1875,0.5249999999999999,0.0,0.0,0.0,0.0,0.0,0.0
53600,2594.221347069736,82.94744207038246,1126.85,81.347741413407,23.585181599187397,14.003245101449993,4.8664295339313135,17.91326672433099,0.381135002170544,1.0,0.014416109631164003,1.0,0.9885098200787855,0.014416109631164003,1,oil_pump_degradation,0.75,0.75,0.0,0.0,0.0,0.1875,0.5249999999999999,0.0,0.0,0.0,0.0,0.0,0.0
53650,2594.221347069736,82.9427399623292,1126.85,81.34559765421068,23.586593491079093,14.003245101449993,4.866346789225525,17.912962142095804,0.381135002170544,1.0,0.014427234947168004,1.0,0.9885098200787855,0.014427234947168004,1,oil_pump_degradation,0.75,0.75,0.0,0.0,0.0,0.1875,0.5249999999999999,0.0,0.0,0.0,0.0,0.0,0.0
53700,2594.221347069736,82.93803957644894,1126.85,81.34345458488076,23.588005047858267,14.003245101449993,4.8662640641591475,17.91265763215305,0.381135002170544,1.0,0.01443835762257841,1.0,0.9885098200787855,0.01443835762257841,1,oil_pump_degradation,0.75,0.75,0.0,0.0,0.0,0.1875,0.5249999999999999,0.0,0.0,0.0,0.0,0.0,0.0
53750,2594.221347069736,82.9333409121079,1126.85,81.34131220529986,23.5894162694996,14.003245101449993,4.866181358733663,17.912353194508178,0.381135002170544,1.0,0.014449477657195717,1.0,0.9885098200787855,0.014449477657195717,1,oil_pump_degradation,0.75,0.75,0.0,0.0,0.0,0.1875,0.5249999999999999,0.0,0.0,0.0,0.0,0.0,0.0
53800,2594.221347069736,82.92864396867247,1126.85,81.33917051535042,23.590827155977998,14.003245101449993,4.866098672950546,17.91204882916661,0.381135002170544,1.0,0.014460595050822148,1.0,0.9885098200787855,0.014460595050822148,1,oil_pump_degradation,0.75,0.75,0.0,0.0,0.0,0.1875,0.5249999999999999,0.0,0.0,0.0,0.0,0.0,0.0
53850,2594.221347069736,82.92394874550945,1126.85,81.33702951491483,23.592237707268442,14.003245101449993,4.866016006811258,17.911744536133742,0.381135002170544,1.0,0.0144717098032606,1.0,0.9885098200787855,0.0144717098032606,1,oil_pump_degradation,0.75,0.75,0.0,0.0,0.0,0.1875,0.5249999999999999,0.0,0.0,0.0,0.0,0.0,0.0
53900,2594.221347069736,82.9192552419857,1126.85,81.33488920387532,23.593647923346026,14.003245101449993,4.8659333603172605,17.91144031541494,0.381135002170544,1.0,0.014482821914314829,1.0,0.9885098200787855,0.014482821914314829,1,oil_pump_degradation,0.75,0.75,0.0,0.0,0.0,0.1875,0.5249999999999999,0.0,0.0,0.0,0.0,0.0,0.0
53950,2594.221347069736,82.91456345746843,1126.85,81.33274958211405,23.595057804185952,14.003245101449993,4.865850733470008,17.911136167015563,0.381135002170544,1.0,0.014493931383789387,1.0,0.9885098200787855,0.014493931383789387,1,oil_pump_degradation,0.75,0.75,0.0,0.0,0.0,0.1875,0.5249999999999999,0.0,0.0,0.0,0.0,0.0,0.0
54000,2594.221347069736,82.9098733913251,1126.85,81.33061064951306,23.596467349763547,14.003245101449993,4.865768126270947,17.910832090940932,0.381135002170544,1.0,0.014505038211489898,1.0,0.9885098200787855,0.014505038211489898,1,oil_pump_degradation,0.75,0.75,0.0,0.0,0.0,0.1875,0.5249999999999999,0.0,0.0,0.0,0.0,0.0,0.0
54050,2594.221347069736,82.90518504292334,1126.85,81.32847240595424,23.59787656005424,14.003245101449993,4.8656855387215145,17.910528087196347,0.381135002170544,1.0,0.014516142397222712,1.0,0.9885098200787855,0.014516142397222712,1,oil_pump_degradation,0.75,0.75,0.0,0.0,0.0,0.1875,0.5249999999999999,0.0,0.0,0.0,0.0,0.0,0.0
54100,2594.221347069736,82.90049841163108,1126.85,81.32633485131947,23.599285435033583,14.003245101449993,4.865602970823145,17.910224155787077,0.381135002170544,1.0,0.014527243940795243,1.0,0.9885098200787855,0.014527243940795243,1,oil_pump_degradation,0.75,0.75,0.0,0.0,0.0,0.1875,0.5249999999999999,0.0,0.0,0.0,0.0,0.0,0.0
54150,2594.221347069736,82.89581349681646,1126.85,81.3241979854904,23.60069397467721,14.003245101449993,4.865520422577267,17.909920296718383,0.381135002170544,1.0,0.01453834284201544,1.0,0.9885098200787855,0.01453834284201544,1,oil_pump_degradation,0.75,0.75,0.0,0.0,0.0,0.1875,0.5249999999999999,0.0,0.0,0.0,0.0,0.0,0.0
54200,2594.221347069736,82.8911302978479,1126.85,81.32206180834862,23.602102178960948,14.003245101449993,4.8654378939852965,17.90961650999548,0.381135002170544,1.0,0.014549439100692849,1.0,0.9885098200787855,0.014549439100692849,1,oil_pump_degradation,0.75,0.75,0.0,0.0,0.0,0.1875,0.5249999999999999,0.0,0.0,0.0,0.0,0.0,0.0
54250,2594.221347069736,82.88644881409402,1126.85,81.31992631977567,23.60351004786066,14.003245101449993,4.86535538504865,17.90931279562358,0.381135002170544,1.0,0.014560532716637282,1.0,0.9885098200787855,0.014560532716637282,1,oil_pump_degradation,0.75,0.75,0.0,0.0,0.0,0.1875,0.5249999999999999,0.0,0.0,0.0,0.0,0.0,0.0
54300,2594.221347069736,82.88176904492371,1126.85,81.31779151965287,23.60491758135229,14.003245101449993,4.865272895768733,17.90900915360786,0.381135002170544,1.0,0.014571623689659141,1.0,0.9885098200787855,0.014571623689659141,1,oil_pump_degradation,0.75,0.75,0.0,0.0,0.0,0.1875,0.5249999999999999,0.0,0.0,0.0,0.0,0.0,0.0
54350,2594.221347069736,82.87709098970612,1126.85,81.31565740786152,23.606324779412013,14.003245101449993,4.865190426146945,17.908705583953466,0.381135002170544,1.0,0.014582712019570773,1.0,0.9885098200787855,0.014582712019570773,1,oil_pump_degradation,0.75,0.75,0.0,0.0,0.0,0.1875,0.5249999999999999,0.0,0.0,0.0,0.0,0.0,0.0
54400,2594.221347069736,82.87241464781056,1126.85,81.31352398428277,23.607731642016045,14.003245101449993,4.86510797618468,17.908402086665532,0.381135002170544,1.0,0.01459379770618471,1.0,0.9885098200787855,0.01459379770618471,1,oil_pump_degradation,0.75,0.75,0.0,0.0,0.0,0.1875,0.5249999999999999,0.0,0.0,0.0,0.0,0.0,0.0
54450,2594.221347069736,82.8677400186067,1126.85,81.31139124879769,23.609138169140707,14.003245101449993,4.865025545883324,17.90809866174916,0.381135002170544,1.0,0.014604880749314361,1.0,0.9885098200787855,0.014604880749314361,1,oil_pump_degradation,0.75,0.75,0.0,0.0,0.0,0.1875,0.5249999999999999,0.0,0.0,0.0,0.0,0.0,0.0
54500,2594.221347069736,82.86306710146431,1126.85,81.3092592012872,23.610544360762425,14.003245101449993,4.86494313524426,17.907795309209444,0.381135002170544,1.0,0.014615961148773986,1.0,0.9885098200787855,0.014615961148773986,1,oil_pump_degradation,0.75,0.75,0.0,0.0,0.0,0.1875,0.5249999999999999,0.0,0.0,0.0,0.0,0.0,0.0
54550,2594.221347069736,82.85839589575357,1126.85,81.30712784163211,23.611950216857828,14.003245101449993,4.864860744268859,17.907492029051426,0.381135002170544,1.0,0.014627038904379459,1.0,0.9885098200787855,0.014627038904379459,1,oil_pump_degradation,0.75,0.75,0.0,0.0,0.0,0.1875,0.5249999999999999,0.0,0.0,0.0,0.0,0.0,0.0
54600,2594.221347069736,82.85372640084472,1126.85,81.3049971697132,23.61335573740352,14.003245101449993,4.864778372958488,17.90718882128014,0.381135002170544,1.0,0.014638114015946366,1.0,0.9885098200787855,0.014638114015946366,1,oil_pump_degradation,0.75,0.75,0.0,0.0,0.0,0.1875,0.5249999999999999,0.0,0.0,0.0,0.0,0.0,0.0
54650,2594.221347069736,82.84905861610838,1126.85,81.30286718541106,23.614760922376313,14.003245101449993,4.864696021314509,17.906885685900594,0.381135002170544,1.0,0.014649186483292045,1.0,0.9885098200787855,0.014649186483292045,1,oil_pump_degradation,0.75,0.75,0.0,0.0,0.0,0.1875,0.5249999999999999,0.0,0.0,0.0,0.0,0.0,0.0
54700,2594.221347069736,82.84439254091541,1126.85,81.30073788860619,23.61616577175312,14.003245101449993,4.864613689338276,17.90658262291778,0.381135002170544,1.0,0.014660256306234552,1.0,0.9885098200787855,0.014660256306234552,1,oil_pump_degradation,0.75,0.75,0.0,0.0,0.0,0.1875,0.5249999999999999,0.0,0.0,0.0,0.0,0.0,0.0
54750,2594.221347069736,82.83972817463678,1126.85,81.298609279179,23.61757028551091,14.003245101449993,4.864531377031135,17.906279632336656,0.381135002170544,1.0,0.014671323484592408,1.0,0.9885098200787855,0.014671323484592408,1,oil_pump_degradation,0.75,0.75,0.0,0.0,0.0,0.1875,0.5249999999999999,0.0,0.0,0.0,0.0,0.0,0.0
54800,2594.221347069736,82.83506551664385,1126.85,81.29648135700978,23.618974463626866,14.003245101449993,4.864449084394427,17.905976714162144,0.381135002170544,1.0,0.014682388018185808,1.0,0.9885098200787855,0.014682388018185808,1,oil_pump_degradation,0.75,0.75,0.0,0.0,0.0,0.1875,0.5249999999999999,0.0,0.0,0.0,0.0,0.0,0.0
54850,2594.221347069736,82.83040456630812,1126.85,81.29435412197876,23.620378306078166,14.003245101449993,4.864366811429487,17.90567386839917,0.381135002170544,1.0,0.014693449906834934,1.0,0.9885098200787855,0.014693449906834934,1,oil_pump_degradation,0.75,0.75,0.0,0.0,0.0,0.1875,0.5249999999999999,0.0,0.0,0.0,0.0,0.0,0.0
54900,2594.221347069736,82.82574532300134,1126.85,81.29222757396599,23.62178181284216,14.003245101449993,4.864284558137642,17.90537109505261,0.381135002170544,1.0,0.014704509150361311,1.0,0.9885098200787855,0.014704509150361311,1,oil_pump_degradation,0.75,0.75,0.0,0.0,0.0,0.1875,0.5249999999999999,0.0,0.0,0.0,0.0,0.0,0.0
54950,2594.221347069736,82.82108778609557,1126.85,81.29010171285142,23.62318498389631,14.003245101449993,4.8642023245202175,17.90506839412735,0.381135002170544,1.0,0.014715565748587386,1.0,0.9885098200787855,0.014715565748587386,1,oil_pump_degradation,0.75,0.75,0.0,0.0,0.0,0.1875,0.5249999999999999,0.0,0.0,0.0,0.0,0.0,0.0
55000,2594.221347069736,82.8164319549631,1126.85,81.28797653851495,23.624587819218192,14.003245101449993,4.864120110578522,17.90476576562821,0.381135002170544,1.0,0.014726619701336407,1.0,0.9885098200787855,0.014726619701336407,1,oil_pump_degradation,0.75,0.75,0.0,0.0,0.0,0.1875,0.5249999999999999,0.0,0.0,0.0,0.0,0.0,0.0
55050,2594.221347069736,82.81177782897635,1126.85,81.28585205083635,23.62599031878549,14.003245101449993,4.864037916313867,17.904463209560003,0.381135002170544,1.0,0.014737671008432554,1.0,0.9885098200787855,0.014737671008432554,1,oil_pump_degradation,0.75,0.75,0.0,0.0,0.0,0.1875,0.5249999999999999,0.0,0.0,0.0,0.0,0.0,0.0
55100,2594.221347069736,82.80712540750812,1126.85,81.28372824969523,23.627392482575978,14.003245101449993,4.863955741727553,17.90416072592753,0.381135002170544,1.0,0.014748719669700669,1.0,0.9885098200787855,0.014748719669700669,1,oil_pump_degradation,0.75,0.75,0.0,0.0,0.0,0.1875,0.5249999999999999,0.0,0.0,0.0,0.0,0.0,0.0
55150,2594.221347069736,82.80247468993139,1126.85,81.28160513497119,23.628794310567567,14.003245101449993,4.863873586820876,17.903858314735555,0.381135002170544,1.0,0.014759765684966734,1.0,0.9885098200787855,0.014759765684966734,1,oil_pump_degradation,0.75,0.75,0.0,0.0,0.0,0.1875,0.5249999999999999,0.0,0.0,0.0,0.0,0.0,0.0
55200,2594.221347069736,82.79782567561932,1126.85,81.27948270654366,23.630195802738275,14.003245101449993,4.863791451595123,17.90355597598882,0.381135002170544,1.0,0.014770809054057515,1.0,0.9885098200787855,0.014770809054057515,1,oil_pump_degradation,0.75,0.75,0.0,0.0,0.0,0.1875,0.5249999999999999,0.0,0.0,0.0,0.0,0.0,0.0
55250,2594.221347069736,82.7931783639454,1126.85,81.27736096429197,23.631596959066194,14.003245101449993,4.863709336051579,17.903253709692045,0.381135002170544,1.0,0.014781849776800393,1.0,0.9885098200787855,0.014781849776800393,1,oil_pump_degradation,0.75,0.75,0.0,0.0,0.0,0.1875,0.5249999999999999,0.0,0.0,0.0,0.0,0.0,0.0
55300,2594.221347069736,82.78853275428332,1126.85,81.27523990809533,23.63299777952958,14.003245101449993,4.8636272401915175,17.90295151584993,0.381135002170544,1.0,0.014792887853023998,1.0,0.9885098200787855,0.014792887853023998,1,oil_pump_degradation,0.75,0.75,0.0,0.0,0.0,0.1875,0.5249999999999999,0.0,0.0,0.0,0.0,0.0,0.0
55350,2594.221347069736,82.78388884600707,1126.85,81.27311953783294,23.634398264106796,14.003245101449993,4.863545164016208,17.902649394467144,0.381135002170544,1.0,0.0148039232825579,1.0,0.9885098200787855,0.0148039232825579,1,oil_pump_degradation,0.75,0.75,0.0,0.0,0.0,0.1875,0.5249999999999999,0.0,0.0,0.0,0.0,0.0,0.0
55400,2594.221347069736,82.77924663849075,1126.85,81.27099985338378,23.635798412776253,14.003245101449993,4.863463107526915,17.902347345548336,0.381135002170544,1.0,0.014814956065231939,1.0,0.9885098200787855,0.014814956065231939,1,oil_pump_degradation,0.75,0.75,0.0,0.0,0.0,0.1875,0.5249999999999999,0.0,0.0,0.0,0.0,0.0,0.0
55450,2594.221347069736,82.77460613110884,1126.85,81.26888085462673,23.637198225516507,14.003245101449993,4.863381070724893,17.902045369098133,0.381135002170544,1.0,0.014825986200877137,1.0,0.9885098200787855,0.014825986200877137,1,oil_pump_degradation,0.75,0.75,0.0,0.0,0.0,0.1875,0.5249999999999999,0.0,0.0,0.0,0.0,0.0,0.0
55500,2594.221347069736,82.76996732323596,1126.85,81.26676254144064,23.638597702306303,14.003245101449993,4.8632990536113905,17.901743465121122,0.381135002170544,1.0,0.01483701368932606,1.0,0.9885098200787855,0.01483701368932606,1,oil_pump_degradation,0.75,0.75,0.0,0.0,0.0,0.1875,0.5249999999999999,0.0,0.0,0.0,0.0,0.0,0.0
55550,2594.221347069736,82.765330214247,1126.85,81.26464491370427,23.63999684312442,14.003245101449993,4.8632170561876515,17.90144163362189,0.381135002170544,1.0,0.0148480385304114,1.0,0.9885098200787855,0.0148480385304114,1,oil_pump_degradation,0.75,0.75,0.0,0.0,0.0,0.1875,0.5249999999999999,0.0,0.0,0.0,0.0,0.0,0.0
55600,2594.221347069736,82.76069480351714,1126.85,81.26252797129615,23.641395647949665,14.003245101449993,4.863135078454916,17.901139874604993,0.381135002170544,1.0,0.014859060723966255,1.0,0.9885098200787855,0.014859060723966255,1,oil_pump_degradation,0.75,0.75,0.0,0.0,0.0,0.1875,0.5249999999999999,0.0,0.0,0.0,0.0,0.0,0.0
55650,2594.221347069736,82.75606109042172,1126.85,81.2604117140948,23.642794116761124,14.003245101449993,4.863053120414411,17.900838188074953,0.381135002170544,1.0,0.01487008026982578,1.0,0.9885098200787855,0.01487008026982578,1,oil_pump_degradation,0.75,0.75,0.0,0.0,0.0,0.1875,0.5249999999999999,0.0,0.0,0.0,0.0,0.0,0.0
55700,2594.221347069736,82.75142907433639,1126.85,81.25829614197863,23.644192249537898,14.003245101449993,4.86297118206736,17.900536574036277,0.381135002170544,1.0,0.01488109716782533,1.0,0.9885098200787855,0.01488109716782533,1,oil_pump_degradation,0.75,0.75,0.0,0.0,0.0,0.1875,0.5249999999999999,0.0,0.0,0.0,0.0,0.0,0.0
55750,2594.221347069736,82.74679875463693,1126.85,81.25618125482595,23.645590046259198,14.003245101449993,4.862889263414983,17.90023503249345,0.381135002170544,1.0,0.014892111417801054,1.0,0.9885098200787855,0.014892111417801054,1,oil_pump_degradation,0.75,0.75,0.0,0.0,0.0,0.1875,0.5249999999999999,0.0,0.0,0.0,0.0,0.0,0.0
55800,2594.221347069736,82.74217013069949,1126.85,81.25406705251493,23.64698750690438,14.003245101449993,4.862807364458489,17.89993356345092,0.381135002170544,1.0,0.014903123019590311,1.0,0.9885098200787855,0.014903123019590311,1,oil_pump_degradation,0.75,0.75,0.0,0.0,0.0,0.1875,0.5249999999999999,0.0,0.0,0.0,0.0,0.0,0.0
55850,2594.221347069736,82.7375432019004,1126.85,81.25195353492364,23.648384631452874,14.003245101449993,4.862725485199085,17.899632166913136,0.381135002170544,1.0,0.014914131973030981,1.0,0.9885098200787855,0.014914131973030981,1,oil_pump_degradation,0.75,0.75,0.0,0.0,0.0,0.1875,0.5249999999999999,0.0,0.0,0.0,0.0,0.0,0.0
55900,2594.221347069736,82.73291796761623,1126.85,81.24984070193011,23.649781419884253,14.003245101449993,4.862643625637966,17.899330842884492,0.381135002170544,1.0,0.01492513827796214,1.0,0.9885098200787855,0.01492513827796214,1,oil_pump_degradation,0.75,0.75,0.0,0.0,0.0,0.1875,0.5249999999999999,0.0,0.0,0.0,0.0,0.0,0.0
55950,2594.221347069736,82.72829442722377,1126.85,81.24772855341217,23.65117787217814,14.003245101449993,4.862561785776324,17.899029591369388,0.381135002170544,1.0,0.01493614193422321,1.0,0.9885098200787855,0.01493614193422321,1,oil_pump_degradation,0.75,0.75,0.0,0.0,0.0,0.1875,0.5249999999999999,0.0,0.0,0.0,0.0,0.0,0.0
56000,2594.221347069736,82.72367258010007,1126.85,81.24561708924767,23.65257398831435,14.003245101449993,4.862479965615348,17.898728412372183,0.381135002170544,1.0,0.014947142941655195,1.0,0.9885098200787855,0.014947142941655195,1,oil_pump_degradation,0.75,0.75,0.0,0.0,0.0,0.1875,0.5249999999999999,0.0,0.0,0.0,0.0,0.0,0.0
56050,2594.221347069736,82.71905242562241,1126.85,81.24350630931423,23.653969768272763,14.003245101449993,4.862398165156216,17.89842730589722,0.381135002170544,1.0,0.01495814130009944,1.0,0.9885098200787855,0.01495814130009944,1,oil_pump_degradation,0.75,0.75,0.0,0.0,0.0,0.1875,0.5249999999999999,0.0,0.0,0.0,0.0,0.0,0.0
56100,2594.221347069736,82.71443396316829,1126.85,81.24139621348945,23.655365212033345,14.003245101449993,4.862316384400097,17.898126271948808,0.381135002170544,1.0,0.014969137009398151,1.0,0.9885098200787855,0.014969137009398151,1,oil_pump_degradation,0.75,0.75,0.0,0.0,0.0,0.1875,0.5249999999999999,0.0,0.0,0.0,0.0,0.0,0.0
56150,2594.221347069736,82.70981719211551,1126.85,81.23928680165079,23.65676031957622,14.003245101449993,4.862234623348161,17.897825310531243,0.381135002170544,1.0,0.01498013006939473,1.0,0.9885098200787855,0.01498013006939473,1,oil_pump_degradation,0.75,0.75,0.0,0.0,0.0,0.1875,0.5249999999999999,0.0,0.0,0.0,0.0,0.0,0.0
56200,2594.221347069736,82.70520211184203,1126.85,81.23717807367558,23.658155090881593,14.003245101449993,4.862152882001564,17.897524421648797,0.381135002170544,1.0,0.014991120479933123,1.0,0.9885098200787855,0.014991120479933123,1,oil_pump_degradation,0.75,0.75,0.0,0.0,0.0,0.1875,0.5249999999999999,0.0,0.0,0.0,0.0,0.0,0.0
56250,2594.221347069736,82.70058872172615,1126.85,81.23507002944115,23.659549525929847,14.003245101449993,4.862071160361461,17.8972236053057,0.381135002170544,1.0,0.015002108240858856,1.0,0.9885098200787855,0.015002108240858856,1,oil_pump_degradation,0.75,0.75,0.0,0.0,0.0,0.1875,0.5249999999999999,0.0,0.0,0.0,0.0,0.0,0.0
56300,2594.221347069736,82.69597702114629,1126.85,81.23296266882465,23.660943624701297,14.003245101449993,4.861989458429001,17.896922861506194,0.381135002170544,1.0,0.01501309335201673,1.0,0.9885098200787855,0.01501309335201673,1,oil_pump_degradation,0.75,0.75,0.0,0.0,0.0,0.1875,0.5249999999999999,0.0,0.0,0.0,0.0,0.0,0.0
56350,2594.221347069736,82.69136700948116,1126.85,81.23085599170315,23.66233738717654,14.003245101449993,4.861907776205322,17.896622190254472,0.381135002170544,1.0,0.015024075813253879,1.0,0.9885098200787855,0.015024075813253879,1,oil_pump_degradation,0.75,0.75,0.0,0.0,0.0,0.1875,0.5249999999999999,0.0,0.0,0.0,0.0,0.0,0.0
56400,2594.221347069736,82.68675868610973,1126.85,81.22874999795357,23.66373081333624,14.003245101449993,4.861826113691559,17.896321591554702,0.381135002170544,1.0,0.015035055624417964,1.0,0.9885098200787855,0.015035055624417964,1,oil_pump_degradation,0.75,0.75,0.0,0.0,0.0,0.1875,0.5249999999999999,0.0,0.0,0.0,0.0,0.0,0.0
56450,2594.221347069736,82.68215205041116,1126.85,81.22664468745279,23.665123903161117,14.003245101449993,4.861744470888841,17.896021065411045,0.381135002170544,1.0,0.015046032785357044,1.0,0.9885098200787855,0.015046032785357044,1,oil_pump_degradation,0.75,0.75,0.0,0.0,0.0,0.1875,0.5249999999999999,0.0,0.0,0.0,0.0,0.0,0.0
56500,2594.221347069736,82.6775471017649,1126.85,81.22454006007763,23.666516656632115,14.003245101449993,4.861662847798285,17.895720611827613,0.381135002170544,1.0,0.015057007295920983,1.0,0.9885098200787855,0.015057007295920983,1,oil_pump_degradation,0.75,0.75,0.0,0.0,0.0,0.1875,0.5249999999999999,0.0,0.0,0.0,0.0,0.0,0.0
56550,2594.221347069736,82.67294383955061,1126.85,81.22243611570468,23.667909073730097,14.003245101449993,4.861581244421012,17.89542023080853,0.381135002170544,1.0,0.015067979155958967,1.0,0.9885098200787855,0.015067979155958967,1,oil_pump_degradation,0.75,0.75,0.0,0.0,0.0,0.1875,0.5249999999999999,0.0,0.0,0.0,0.0,0.0,0.0
56600,2594.221347069736,82.66834226314819,1126.85,81.22033285421054,23.6693011544362,14.003245101449993,4.861499660758127,17.895119922357868,0.381135002170544,1.0,0.015078948365322383,1.0,0.9885098200787855,0.015078948365322383,1,oil_pump_degradation,0.75,0.75,0.0,0.0,0.0,0.1875,0.5249999999999999,0.0,0.0,0.0,0.0,0.0,0.0
56650,2594.221347069736,82.66374237193776,1126.85,81.21823027547168,23.670692898731605,14.003245101449993,4.861418096810734,17.894819686479682,0.381135002170544,1.0,0.01508991492386289,1.0,0.9885098200787855,0.01508991492386289,1,oil_pump_degradation,0.75,0.75,0.0,0.0,0.0,0.1875,0.5249999999999999,0.0,0.0,0.0,0.0,0.0,0.0
56700,2594.221347069736,82.65914416529967,1126.85,81.21612837936442,23.67208430659759,14.003245101449993,4.86133655257993,17.89451952317802,0.381135002170544,1.0,0.015100878831433,1.0,0.9885098200787855,0.015100878831433,1,oil_pump_degradation,0.75,0.75,0.0,0.0,0.0,0.1875,0.5249999999999999,0.0,0.0,0.0,0.0,0.0,0.0
56750,2594.221347069736,82.65454764261455,1126.85,81.21402716576506,23.673475378015592,14.003245101449993,4.861255028066802,17.894219432456875,0.381135002170544,1.0,0.015111840087886436,1.0,0.9885098200787855,0.015111840087886436,1,oil_pump_degradation,0.75,0.75,0.0,0.0,0.0,0.1875,0.5249999999999999,0.0,0.0,0.0,0.0,0.0,0.0
56800,2594.221347069736,82.64995280326326,1126.85,81.21192663454974,23.67486611296711,14.003245101449993,4.861173523272436,17.893919414320248,0.381135002170544,1.0,0.01512279869307744,1.0,0.9885098200787855,0.01512279869307744,1,oil_pump_degradation,0.75,0.75,0.0,0.0,0.0,0.1875,0.5249999999999999,0.0,0.0,0.0,0.0,0.0,0.0
56850,2594.221347069736,82.64535964662684,1126.85,81.20982678559454,23.676256511433778,14.003245101449993,4.861092038197908,17.893619468772105,0.381135002170544,1.0,0.015133754646861263,1.0,0.9885098200787855,0.015133754646861263,1,oil_pump_degradation,0.75,0.75,0.0,0.0,0.0,0.1875,0.5249999999999999,0.0,0.0,0.0,0.0,0.0,0.0
56900,2594.221347069736,82.64076817208667,1126.85,81.20772761877538,23.677646573397297,14.003245101449993,4.861010572844289,17.893319595816376,0.381135002170544,1.0,0.015144707949093745,1.0,0.9885098200787855,0.015144707949093745,1,oil_pump_degradation,0.75,0.75,0.0,0.0,0.0,0.1875,0.5249999999999999,0.0,0.0,0.0,0.0,0.0,0.0
56950,2594.221347069736,82.63617837902427,1126.85,81.20562913396816,23.679036298839524,14.003245101449993,4.860929127212643,17.89301979545699,0.381135002170544,1.0,0.015155658599631864,1.0,0.9885098200787855,0.015155658599631864,1,oil_pump_degradation,0.75,0.75,0.0,0.0,0.0,0.1875,0.5249999999999999,0.0,0.0,0.0,0.0,0.0,0.0
57000,2594.221347069736,82.63159026682143,1126.85,81.20353133104862,23.680425687742407,14.003245101449993,4.860847701304027,17.89272006769783,0.381135002170544,1.0,0.01516660659833346,1.0,0.9885098200787855,0.01516660659833346,1,oil_pump_degradation,0.75,0.75,0.0,0.0,0.0,0.1875,0.5249999999999999,0.0,0.0,0.0,0.0,0.0,0.0
57050,2594.221347069736,82.6270038348602,1126.85,81.20143420989245,23.681814740088,14.003245101449993,4.860766295119496,17.892420412542783,0.381135002170544,1.0,0.015177551945057035,1.0,0.9885098200787855,0.015177551945057035,1,oil_pump_degradation,0.75,0.75,0.0,0.0,0.0,0.1875,0.5249999999999999,0.0,0.0,0.0,0.0,0.0,0.0
57100,2594.221347069736,82.62241908252281,1126.85,81.19933777037522,23.68320345585847,14.003245101449993,4.860684908660093,17.89212082999569,0.381135002170544,1.0,0.015188494639662166,1.0,0.9885098200787855,0.015188494639662166,1,oil_pump_degradation,0.75,0.75,0.0,0.0,0.0,0.1875,0.5249999999999999,0.0,0.0,0.0,0.0,0.0,0.0
57150,2594.221347069736,82.61783600919176,1126.85,81.19724201237239,23.684591835036027,14.003245101449993,4.860603541926859,17.891821320060377,0.381135002170544,1.0,0.015199434682008548,1.0,0.9885098200787855,0.015199434682008548,1,oil_pump_degradation,0.75,0.75,0.0,0.0,0.0,0.1875,0.5249999999999999,0.0,0.0,0.0,0.0,0.0,0.0
57200,2594.221347069736,82.6132546142498,1126.85,81.19514693575934,23.685979877603064,14.003245101449993,4.860522194920828,17.891521882740655,0.381135002170544,1.0,0.01521037207195755,1.0,0.9885098200787855,0.01521037207195755,1,oil_pump_degradation,0.75,0.75,0.0,0.0,0.0,0.1875,0.5249999999999999,0.0,0.0,0.0,0.0,0.0,0.0
57250,2594.221347069736,82.60867489707994,1126.85,81.19305254041132,23.687367583542102,14.003245101449993,4.8604408676430255,17.891222518040298,0.381135002170544,1.0,0.015221306809371407,1.0,0.9885098200787855,0.015221306809371407,1,oil_pump_degradation,0.75,0.75,0.0,0.0,0.0,0.1875,0.5249999999999999,0.0,0.0,0.0,0.0,0.0,0.0
57300,2594.221347069736,82.60409685706531,1126.85,81.19095882620348,23.688754952835716,14.003245101449993,4.86035956009447,17.89092322596305,0.381135002170544,1.0,0.01523223889411281,1.0,0.9885098200787855,0.01523223889411281,1,oil_pump_degradation,0.75,0.75,0.0,0.0,0.0,0.1875,0.5249999999999999,0.0,0.0,0.0,0.0,0.0,0.0
57350,2594.221347069736,82.59952049358941,1126.85,81.18886579301096,23.690141985466582,14.003245101449993,4.860278272276179,17.890624006512663,0.381135002170544,1.0,0.015243168326045256,1.0,0.9885098200787855,0.015243168326045256,1,oil_pump_degradation,0.75,0.75,0.0,0.0,0.0,0.1875,0.5249999999999999,0.0,0.0,0.0,0.0,0.0,0.0
57400,2594.221347069736,82.59494580603587,1126.85,81.18677344070869,23.69152868141751,14.003245101449993,4.860197004189156,17.890324859692832,0.381135002170544,1.0,0.015254095105033305,1.0,0.9885098200787855,0.015254095105033305,1,oil_pump_degradation,0.75,0.75,0.0,0.0,0.0,0.1875,0.5249999999999999,0.0,0.0,0.0,0.0,0.0,0.0
57450,2594.221347069736,82.59037279378867,1126.85,81.18468176917156,23.692915040671398,14.003245101449993,4.860115755834408,17.890025785507255,0.381135002170544,1.0,0.015265019230942178,1.0,0.9885098200787855,0.015265019230942178,1,oil_pump_degradation,0.75,0.75,0.0,0.0,0.0,0.1875,0.5249999999999999,0.0,0.0,0.0,0.0,0.0,0.0
57500,2594.221347069736,82.58580145623188,1126.85,81.18259077827435,23.694301063211295,14.003245101449993,4.860034527212927,17.889726783959595,0.381135002170544,1.0,0.0152759407036383,1.0,0.9885098200787855,0.0152759407036383,1,oil_pump_degradation,0.75,0.75,0.0,0.0,0.0,0.1875,0.5249999999999999,0.0,0.0,0.0,0.0,0.0,0.0
57550,2594.221347069736,82.58123179274992,1126.85,81.18050046789176,23.695686749020314,14.003245101449993,4.859953318325701,17.889427855053476,0.381135002170544,1.0,0.015286859522988624,1.0,0.9885098200787855,0.015286859522988624,1,oil_pump_degradation,0.75,0.75,0.0,0.0,0.0,0.1875,0.5249999999999999,0.0,0.0,0.0,0.0,0.0,0.0
57600,2594.221347069736,82.57666380272741,1126.85,81.17841083789841,23.69707209808163,14.003245101449993,4.859872129173718,17.88912899879255,0.381135002170544,1.0,0.015297775688860569,1.0,0.9885098200787855,0.015297775688860569,1,oil_pump_degradation,0.75,0.75,0.0,0.0,0.0,0.1875,0.5249999999999999,0.0,0.0,0.0,0.0,0.0,0.0
57650,2594.221347069736,82.57209748554925,1126.85,81.17632188816873,23.69845711037862,14.003245101449993,4.859790959757951,17.888830215180384,0.381135002170544,1.0,0.015308689201123151,1.0,0.9885098200787855,0.015308689201123151,1,oil_pump_degradation,0.75,0.75,0.0,0.0,0.0,0.1875,0.5249999999999999,0.0,0.0,0.0,0.0,0.0,0.0
57700,2594.221347069736,82.56753284060045,1126.85,81.17423361857715,23.699841785894737,14.003245101449993,4.859709810079371,17.88853150422056,0.381135002170544,1.0,0.015319600059645985,1.0,0.9885098200787855,0.015319600059645985,1,oil_pump_degradation,0.75,0.75,0.0,0.0,0.0,0.1875,0.5249999999999999,0.0,0.0,0.0,0.0,0.0,0.0
57750,2594.221347069736,82.56296986726636,1126.85,81.17214602899799,23.701226124613495,14.003245101449993,4.859628680138943,17.888232865916628,0.381135002170544,1.0,0.015330508264299153,1.0,0.9885098200787855,0.015330508264299153,1,oil_pump_degradation,0.75,0.75,0.0,0.0,0.0,0.1875,0.5249999999999999,0.0,0.0,0.0,0.0,0.0,0.0
57800,2594.221347069736,82.55840856493256,1126.85,81.17005911930545,23.702610126518564,14.003245101449993,4.859547569937624,17.88793430027211,0.381135002170544,1.0,0.015341413814953997,1.0,0.9885098200787855,0.015341413814953997,1,oil_pump_degradation,0.75,0.75,0.0,0.0,0.0,0.1875,0.5249999999999999,0.0,0.0,0.0,0.0,0.0,0.0
57850,2594.221347069736,82.5538489329848,1126.85,81.16797288937363,23.70399379159368,14.003245101449993,4.85946647947637,17.88763580729053,0.381135002170544,1.0,0.015352316711482327,1.0,0.9885098200787855,0.015352316711482327,1,oil_pump_degradation,0.75,0.75,0.0,0.0,0.0,0.1875,0.5249999999999999,0.0,0.0,0.0,0.0,0.0,0.0
57900,2594.221347069736,82.54929097080912,1126.85,81.1658873390765,23.705377119822725,14.003245101449993,4.859385408756121,17.887337386975343,0.381135002170544,1.0,0.015363216953757223,1.0,0.9885098200787855,0.015363216953757223,1,oil_pump_degradation,0.75,0.75,0.0,0.0,0.0,0.1875,0.5249999999999999,0.0,0.0,0.0,0.0,0.0,0.0
57950,2594.221347069736,82.54473467779184,1126.85,81.16380246828805,23.706760111189663,14.003245101449993,4.859304357777819,17.887039039330016,0.381135002170544,1.0,0.015374114541652217,1.0,0.9885098200787855,0.015374114541652217,1,oil_pump_degradation,0.75,0.75,0.0,0.0,0.0,0.1875,0.5249999999999999,0.0,0.0,0.0,0.0,0.0,0.0
58000,2594.221347069736,82.54018005331938,1126.85,81.16171827688208,23.708142765678588,14.003245101449993,4.859223326542397,17.886740764357985,0.381135002170544,1.0,0.01538500947504205,1.0,0.9885098200787855,0.01538500947504205,1,oil_pump_degradation,0.75,0.75,0.0,0.0,0.0,0.1875,0.5249999999999999,0.0,0.0,0.0,0.0,0.0,0.0
58050,2594.221347069736,82.53562709677851,1126.85,81.15963476473229,23.70952508327365,14.003245101449993,4.859142315050783,17.886442562062673,0.381135002170544,1.0,0.015395901753801788,1.0,0.9885098200787855,0.015395901753801788,1,oil_pump_degradation,0.75,0.75,0.0,0.0,0.0,0.1875,0.5249999999999999,0.0,0.0,0.0,0.0,0.0,0.0
58100,2594.221347069736,82.53107580755619,1126.85,81.1575519317123,23.710907063959176,14.003245101449993,4.859061323303897,17.88614443244745,0.381135002170544,1.0,0.015406791377807972,1.0,0.9885098200787855,0.015406791377807972,1,oil_pump_degradation,0.75,0.75,0.0,0.0,0.0,0.1875,0.5249999999999999,0.0,0.0,0.0,0.0,0.0,0.0
58150,2594.221347069736,82.52652618503959,1126.85,81.15546977769571,23.712288707719537,14.003245101449993,4.858980351302653,17.885846375515694,0.381135002170544,1.0,0.015417678346937391,1.0,0.9885098200787855,0.015417678346937391,1,oil_pump_degradation,0.75,0.75,0.0,0.0,0.0,0.1875,0.5249999999999999,0.0,0.0,0.0,0.0,0.0,0.0
58200,2594.221347069736,82.52197822861615,1126.85,81.15338830255592,23.7136700145392,14.003245101449993,4.858899399047961,17.885548391270753,0.381135002170544,1.0,0.01542856266106772,1.0,0.9885098200787855,0.01542856266106772,1,oil_pump_degradation,0.75,0.75,0.0,0.0,0.0,0.1875,0.5249999999999999,0.0,0.0,0.0,0.0,0.0,0.0
58250,2594.221347069736,82.51743193767356,1126.85,81.15130750616629,23.715050984402808,14.003245101449993,4.858818466540723,17.885250479715943,0.381135002170544,1.0,0.015439444320077877,1.0,0.9885098200787855,0.015439444320077877,1,oil_pump_degradation,0.75,0.75,0.0,0.0,0.0,0.1875,0.5249999999999999,0.0,0.0,0.0,0.0,0.0,0.0
58300,2594.221347069736,82.51288731159968,1126.85,81.14922738840005,23.716431617295076,14.003245101449993,4.858737553781834,17.884952640854564,0.381135002170544,1.0,0.015450323323847463,1.0,0.9885098200787855,0.015450323323847463,1,oil_pump_degradation,0.75,0.75,0.0,0.0,0.0,0.1875,0.5249999999999999,0.0,0.0,0.0,0.0,0.0,0.0
58350,2594.221347069736,82.50834434978265,1126.85,81.14714794913039,23.717811913200805,14.003245101449993,4.858656660772185,17.88465487468989,0.381135002170544,1.0,0.015461199672256731,1.0,0.9885098200787855,0.015461199672256731,1,oil_pump_degradation,0.75,0.75,0.0,0.0,0.0,0.1875,0.5249999999999999,0.0,0.0,0.0,0.0,0.0,0.0
58400,2594.221347069736,82.50380305161087,1126.85,81.14506918823037,23.71919187210488,14.003245101449993,4.8585757875126605,17.884357181225177,0.381135002170544,1.0,0.015472073365186542,1.0,0.9885098200787855,0.015472073365186542,1,oil_pump_degradation,0.75,0.75,0.0,0.0,0.0,0.1875,0.5249999999999999,0.0,0.0,0.0,0.0,0.0,0.0
58450,2594.221347069736,82.4992634164729,1126.85,81.14299110557295,23.720571493992356,14.003245101449993,4.8584949340041375,17.88405956046366,0.381135002170544,1.0,0.01548294440251915,1.0,0.9885098200787855,0.01548294440251915,1,oil_pump_degradation,0.75,0.75,0.0,0.0,0.0,0.1875,0.5249999999999999,0.0,0.0,0.0,0.0,0.0,0.0
58500,2594.221347069736,82.4947254437576,1126.85,81.14091370103102,23.721950778848353,14.003245101449993,4.858414100247489,17.883762012408543,0.381135002170544,1.0,0.015493812784137273,1.0,0.9885098200787855,0.015493812784137273,1,oil_pump_degradation,0.75,0.75,0.0,0.0,0.0,0.1875,0.5249999999999999,0.0,0.0,0.0,0.0,0.0,0.0
58550,2594.221347069736,82.49018913285403,1126.85,81.13883697447739,23.723329726658104,14.003245101449993,4.858333286243578,17.88346453706301,0.381135002170544,1.0,0.01550467850992463,1.0,0.9885098200787855,0.01550467850992463,1,oil_pump_degradation,0.75,0.75,0.0,0.0,0.0,0.1875,0.5249999999999999,0.0,0.0,0.0,0.0,0.0,0.0
58600,2594.221347069736,82.48565448315145,1126.85,81.1367609257847,23.724708337406938,14.003245101449993,4.858252491993268,17.883167134430234,0.381135002170544,1.0,0.015515541579765538,1.0,0.9885098200787855,0.015515541579765538,1,oil_pump_degradation,0.75,0.75,0.0,0.0,0.0,0.1875,0.5249999999999999,0.0,0.0,0.0,0.0,0.0,0.0
58650,2594.221347069736,82.48112149403943,1126.85,81.13468555482558,23.726086611080305,14.003245101449993,4.858171717497408,17.882869804513348,0.381135002170544,1.0,0.015526401993545375,1.0,0.9885098200787855,0.015526401993545375,1,oil_pump_degradation,0.75,0.75,0.0,0.0,0.0,0.1875,0.5249999999999999,0.0,0.0,0.0,0.0,0.0,0.0
58700,2594.221347069736,82.47659016490775,1126.85,81.13261086147253,23.727464547663743,14.003245101449993,4.858090962756846,17.882572547315466,0.381135002170544,1.0,0.015537259751150187,1.0,0.9885098200787855,0.015537259751150187,1,oil_pump_degradation,0.75,0.75,0.0,0.0,0.0,0.1875,0.5249999999999999,0.0,0.0,0.0,0.0,0.0,0.0
58750,2594.221347069736,82.47206049514637,1126.85,81.13053684559793,23.7288421471429,14.003245101449993,4.858010227772423,17.882275362839692,0.381135002170544,1.0,0.01554811485246689,1.0,0.9885098200787855,0.01554811485246689,1,oil_pump_degradation,0.75,0.75,0.0,0.0,0.0,0.1875,0.5249999999999999,0.0,0.0,0.0,0.0,0.0,0.0
58800,2594.221347069736,82.46753248414552,1126.85,81.12846350707412,23.730219409503576,14.003245101449993,4.857929512544976,17.88197825108909,0.381135002170544,1.0,0.015558967297383586,1.0,0.9885098200787855,0.015558967297383586,1,oil_pump_degradation,0.75,0.75,0.0,0.0,0.0,0.1875,0.5249999999999999,0.0,0.0,0.0,0.0,0.0,0.0
58850,2594.221347069736,82.46300613129569,1126.85,81.12639084577336,23.73159633473158,14.003245101449993,4.857848817075331,17.881681212066724,0.381135002170544,1.0,0.015569817085788454,1.0,0.9885098200787855,0.015569817085788454,1,oil_pump_degradation,0.75,0.75,0.0,0.0,0.0,0.1875,0.5249999999999999,0.0,0.0,0.0,0.0,0.0,0.0
58900,2594.221347069736,82.4584814359875,1126.85,81.12431886156776,23.732972922812863,14.003245101449993,4.857768141364312,17.88138424577561,0.381135002170544,1.0,0.015580664217570801,1.0,0.9885098200787855,0.015580664217570801,1,oil_pump_degradation,0.75,0.75,0.0,0.0,0.0,0.1875,0.5249999999999999,0.0,0.0,0.0,0.0,0.0,0.0
58950,2594.221347069736,82.45395839761193,1126.85,81.12224755432936,23.734349173733534,14.003245101449993,4.857687485412737,17.881087352218763,0.381135002170544,1.0,0.015591508692621122,1.0,0.9885098200787855,0.015591508692621122,1,oil_pump_degradation,0.75,0.75,0.0,0.0,0.0,0.1875,0.5249999999999999,0.0,0.0,0.0,0.0,0.0,0.0
59000,2594.221347069736,82.44943701556014,1126.85,81.1201769239301,23.73572508747972,14.003245101449993,4.8576068492214155,17.880790531399164,0.381135002170544,1.0,0.015602350510830197,1.0,0.9885098200787855,0.015602350510830197,1,oil_pump_degradation,0.75,0.75,0.0,0.0,0.0,0.1875,0.5249999999999999,0.0,0.0,0.0,0.0,0.0,0.0
59050,2594.221347069736,82.44491728922355,1126.85,81.11810697024191,23.737100664037765,14.003245101449993,4.85752623279115,17.880493783319768,0.381135002170544,1.0,0.015613189672090317,1.0,0.9885098200787855,0.015613189672090317,1,oil_pump_degradation,0.75,0.75,0.0,0.0,0.0,0.1875,0.5249999999999999,0.0,0.0,0.0,0.0,0.0,0.0
59100,2594.221347069736,82.44039921799373,1126.85,81.11603769313649,23.73847590339395,14.003245101449993,4.857445636122742,17.880197107983527,0.381135002170544,1.0,0.01562402617629345,1.0,0.9885098200787855,0.01562402617629345,1,oil_pump_degradation,0.75,0.75,0.0,0.0,0.0,0.1875,0.5249999999999999,0.0,0.0,0.0,0.0,0.0,0.0
59150,2594.221347069736,82.43588280126255,1126.85,81.11396909248555,23.73985080553479,14.003245101449993,4.857365059216983,17.87990050539335,0.381135002170544,1.0,0.015634860023333294,1.0,0.9885098200787855,0.015634860023333294,1,oil_pump_degradation,0.75,0.75,0.0,0.0,0.0,0.1875,0.5249999999999999,0.0,0.0,0.0,0.0,0.0,0.0
59200,2594.221347069736,82.43136803842214,1126.85,81.11190116816067,23.741225370446895,14.003245101449993,4.857284502074659,17.87960397555213,0.381135002170544,1.0,0.015645691213104346,1.0,0.9885098200787855,0.015645691213104346,1,oil_pump_degradation,0.75,0.75,0.0,0.0,0.0,0.1875,0.5249999999999999,0.0,0.0,0.0,0.0,0.0,0.0
59250,2594.221347069736,82.42685492886477,1126.85,81.10983392003334,23.74259959811691,14.003245101449993,4.857203964696551,17.879307518462745,0.381135002170544,1.0,0.015656519745501425,1.0,0.9885098200787855,0.015656519745501425,1,oil_pump_degradation,0.75,0.75,0.0,0.0,0.0,0.1875,0.5249999999999999,0.0,0.0,0.0,0.0,0.0,0.0
59300,2594.221347069736,82.42234347198297,1126.85,81.10776734797491,23.743973488531672,14.003245101449993,4.857123447083431,17.87901113412804,0.381135002170544,1.0,0.015667345620420763,1.0,0.9885098200787855,0.015667345620420763,1,oil_pump_degradation,0.75,0.75,0.0,0.0,0.0,0.1875,0.5249999999999999,0.0,0.0,0.0,0.0,0.0,0.0
59350,2594.221347069736,82.41783366716953,1126.85,81.10570145185676,23.745347041678098,14.003245101449993,4.8570429492360665,17.878714822550826,0.381135002170544,1.0,0.01567816883775925,1.0,0.9885098200787855,0.01567816883775925,1,oil_pump_degradation,0.75,0.75,0.0,0.0,0.0,0.1875,0.5249999999999999,0.0,0.0,0.0,0.0,0.0,0.0
59400,2594.221347069736,82.41332551381748,1126.85,81.10363623155013,23.74672025754311,14.003245101449993,4.856962471155223,17.878418583733932,0.381135002170544,1.0,0.0156889893974139,1.0,0.9885098200787855,0.0156889893974139,1,oil_pump_degradation,0.75,0.75,0.0,0.0,0.0,0.1875,0.5249999999999999,0.0,0.0,0.0,0.0,0.0,0.0
59450,2594.221347069736,82.40881901132008,1126.85,81.10157168692609,23.74809313611385,14.003245101449993,4.856882012841654,17.878122417680135,0.381135002170544,1.0,0.015699807299283337,1.0,0.9885098200787855,0.015699807299283337,1,oil_pump_degradation,0.75,0.75,0.0,0.0,0.0,0.1875,0.5249999999999999,0.0,0.0,0.0,0.0,0.0,0.0
59500,2594.221347069736,82.4043141590708,1126.85,81.09950781785574,23.749465677377508,14.003245101449993,4.856801574296111,17.877826324392196,0.381135002170544,1.0,0.015710622543266644,1.0,0.9885098200787855,0.015710622543266644,1,oil_pump_degradation,0.75,0.75,0.0,0.0,0.0,0.1875,0.5249999999999999,0.0,0.0,0.0,0.0,0.0,0.0
59550,2594.221347069736,82.39981095646334,1126.85,81.09744462421003,23.750837881321395,14.003245101449993,4.856721155519336,17.87753030387285,0.381135002170544,1.0,0.01572143512926384,1.0,0.9885098200787855,0.01572143512926384,1,oil_pump_degradation,0.75,0.75,0.0,0.0,0.0,0.1875,0.5249999999999999,0.0,0.0,0.0,0.0,0.0,0.0
59600,2594.221347069736,82.3953094028916,1126.85,81.09538210585981,23.752209747932902,14.003245101449993,4.856640756512071,17.87723435612482,0.381135002170544,1.0,0.015732245057175537,1.0,0.9885098200787855,0.015732245057175537,1,oil_pump_degradation,0.75,0.75,0.0,0.0,0.0,0.1875,0.5249999999999999,0.0,0.0,0.0,0.0,0.0,0.0
59650,2594.221347069736,82.39080949774979,1126.85,81.09332026267583,23.753581277199544,14.003245101449993,4.856560377275046,17.876938481150795,0.381135002170544,1.0,0.015743052326903414,1.0,0.9885098200787855,0.015743052326903414,1,oil_pump_degradation,0.75,0.75,0.0,0.0,0.0,0.1875,0.5249999999999999,0.0,0.0,0.0,0.0,0.0,0.0
59700,2594.221347069736,82.38631124043229,1126.85,81.09125909452877,23.754952469108957,14.003245101449993,4.856480017808985,17.87664267895345,0.381135002170544,1.0,0.015753856938350016,1.0,0.9885098200787855,0.015753856938350016,1,oil_pump_degradation,0.75,0.75,0.0,0.0,0.0,0.1875,0.5249999999999999,0.0,0.0,0.0,0.0,0.0,0.0
59750,2594.221347069736,82.38181463033374,1126.85,81.08919860128924,23.756323323648868,14.003245101449993,4.856399678114607,17.87634694953542,0.381135002170544,1.0,0.01576465889141862,1.0,0.9885098200787855,0.01576465889141862,1,oil_pump_degradation,0.75,0.75,0.0,0.0,0.0,0.1875,0.5249999999999999,0.0,0.0,0.0,0.0,0.0,0.0
59800,2594.221347069736,82.37731966684896,1126.85,81.08713878282776,23.757693840807068,14.003245101449993,4.856319358192629,17.876051292899355,0.381135002170544,1.0,0.015775458186013027,1.0,0.9885098200787855,0.015775458186013027,1,oil_pump_degradation,0.75,0.75,0.0,0.0,0.0,0.1875,0.5249999999999999,0.0,0.0,0.0,0.0,0.0,0.0
59850,2594.221347069736,82.3728263493731,1126.85,81.0850796390148,23.75906402057149,14.003245101449993,4.856239058043758,17.875755709047844,0.381135002170544,1.0,0.015786254822038184,1.0,0.9885098200787855,0.015786254822038184,1,oil_pump_degradation,0.75,0.75,0.0,0.0,0.0,0.1875,0.5249999999999999,0.0,0.0,0.0,0.0,0.0,0.0
59900,2594.221347069736,82.36833467730145,1126.85,81.08302116972061,23.760433862930096,14.003245101449993,4.856158777668698,17.875460197983493,0.381135002170544,1.0,0.01579704879939922,1.0,0.9885098200787855,0.01579704879939922,1,oil_pump_degradation,0.75,0.75,0.0,0.0,0.0,0.1875,0.5249999999999999,0.0,0.0,0.0,0.0,0.0,0.0
59950,2594.221347069736,82.36384465002959,1126.85,81.08096337481544,23.76180336787109,14.003245101449993,4.856078517068143,17.87516475970884,0.381135002170544,1.0,0.015807840118003146,1.0,0.9885098200787855,0.015807840118003146,1,oil_pump_degradation,0.75,0.75,0.0,0.0,0.0,0.1875,0.5249999999999999,0.0,0.0,0.0,0.0,0.0,0.0
60000,2594.221347069736,82.35935626695323,1126.85,81.07890625416945,23.76317253538266,14.003245101449993,4.855998276242783,17.874869394226444,0.381135002170544,1.0,0.015818628777756957,1.0,0.9885098200787855,0.015818628777756957,1,oil_pump_degradation,0.75,0.75,0.0,0.0,0.0,0.1875,0.5249999999999999,0.0,0.0,0.0,0.0,0.0,0.0
