time_ms,altitude,temperature,humidity,wind_speed,wind_direction,throttle,engine_rpm,engine_load,afr,cht,egt,oil_pressure,oil_temperature,brake_power_w,indicated_torque_nm,engine_torque_nm,air_mass_flow_gps,fuel_mass_flow_gps,equivalence_ratio_phi,vibration_g_rms,cooling_health_index,lubrication_health_index,injector_health_index,combustion_health_index,overall_engine_health,ambient_pressure_pa,ambient_temperature_k,air_density_kgpm3,cooling_velocity_mps,oil_viscosity_pa_s,brake_power_kw,brake_horsepower
0.0,10000.0,14.700000000000001,50.5,25.400000000000002,178.0,39.7,2595.0,44.900000000000006,14.0,88.60000000000001,1129.0,55.0,84.10000000000001,4965.679380397967,28.476853566041395,18.27860417753147,7.382516332748143,0.5272003938561145,1.0497566737925526,0.41000000000000003,1.0,0.6490282478151407,1.0,0.9885098200787855,0.6490282478151407,69681.64162360138,288.15,0.8385412648334485,25.843774714744075,0.021798274208546735,5.1000000000000005,6.659075362701282
50.0,9990.0,15.100000000000001,49.5,25.400000000000002,180.0,40.0,2591.0,45.400000000000006,14.0,88.9,1126.0,54.900000000000006,84.2,4965.578155914456,28.476853566041395,18.278231571463813,7.382516332748143,0.5272003938561145,1.0497566737925526,0.39,1.0,0.6491126851151664,1.0,0.9885098200787855,0.6491126851151664,69681.64162360138,288.15,0.8385412648334485,25.843774714744075,0.021799993704817416,5.1000000000000005,6.658939618644404
100.0,10030.0,14.9,49.5,24.700000000000003,180.0,40.2,2594.0,44.7,13.950000000000001,89.5,1129.0,54.900000000000006,83.7,4965.476944315498,28.476853566041395,18.277859012824038,7.382516332748143,0.5272003938561145,1.0497566737925526,0.39,1.0,0.6491971109280309,1.0,0.9885098200787855,0.6491971109280309,69681.64162360138,288.15,0.8385412648334485,25.843774714744075,0.021801712981978374,5.0,6.65880389186597
150.0,10000.0,15.3,50.0,25.3,180.0,40.1,2597.0,44.6,14.0,88.80000000000001,1125.0,54.6,84.80000000000001,4965.375745613601,28.476853566041395,18.27748650165818,7.382516332748143,0.5272003938561145,1.0497566737925526,0.36,1.0,0.6492815252427164,1.0,0.9885098200787855,0.6492815252427164,69681.64162360138,288.15,0.8385412648334485,25.843774714744075,0.021803432039817418,5.2,6.658668182382752
200.0,9980.0,14.9,50.0,25.200000000000003,181.0,40.2,2593.0,44.900000000000006,14.05,89.0,1124.0,54.300000000000004,83.60000000000001,4965.2745598212505,28.476853566041395,18.277114038012208,7.382516332748143,0.5272003938561145,1.0497566737925526,0.4,1.0,0.6493659280482192,1.0,0.9885098200787855,0.6493659280482192,69681.64162360138,288.15,0.8385412648334485,25.843774714744075,0.021805150878122598,5.0,6.658532490211494
250.0,10010.0,14.9,50.0,25.3,180.0,40.1,2592.0,44.900000000000006,14.0,88.4,1128.0,54.6,84.0,4965.173386950926,28.476853566041395,18.27674162193205,7.382516332748143,0.5272003938561145,1.0497566737925526,0.4,1.0,0.6494503193335479,1.0,0.9885098200787855,0.6494503193335479,69681.64162360138,288.15,0.8385412648334485,25.843774714744075,0.021806869496682178,5.1000000000000005,6.658396815368932
300.0,10010.0,15.0,50.0,25.0,179.0,39.7,2589.0,44.7,14.05,88.5,1126.0,55.2,83.9,4965.072227015089,28.476853566041395,18.27636925346358,7.382516332748143,0.5272003938561145,1.0497566737925526,0.4,1.0,0.6495346990877207,1.0,0.9885098200787855,0.6495346990877207,69681.64162360138,288.15,0.8385412648334485,25.843774714744075,0.021808587895284698,4.7,6.658261157871775
350.0,10000.0,14.700000000000001,50.0,25.3,179.0,40.1,2595.0,44.800000000000004,13.9,89.10000000000001,1126.0,54.800000000000004,84.0,4964.9710800261855,28.476853566041395,18.27599693265261,7.382516332748143,0.5272003938561145,1.0497566737925526,0.43,1.0,0.6496190672997696,1.0,0.9885098200787855,0.6496190672997696,69681.64162360138,288.15,0.8385412648334485,25.843774714744075,0.02181030607371893,4.9,6.658125517736717
400.0,9990.0,15.100000000000001,50.0,25.5,181.0,40.1,2600.0,44.6,13.950000000000001,88.5,1126.0,54.300000000000004,84.4,4964.869945996652,28.476853566041395,18.275624659544924,7.382516332748143,0.5272003938561145,1.0497566737925526,0.37,1.0,0.649703423958739,1.0,0.9885098200787855,0.649703423958739,69681.64162360138,288.15,0.8385412648334485,25.843774714744075,0.021812024031773868,4.6000000000000005,6.657989894980431
450.0,9990.0,15.100000000000001,50.5,25.8,182.0,40.1,2590.0,44.400000000000006,14.0,88.60000000000001,1126.0,54.5,84.0,4964.768824938905,28.476853566041395,18.27525243418622,7.382516332748143,0.5272003938561145,1.0497566737925526,0.41000000000000003,1.0,0.6497877690536829,1.0,0.9885098200787855,0.6497877690536829,69681.64162360138,288.15,0.8385412648334485,25.843774714744075,0.021813741769238813,5.0,6.6578542896195705
500.0,10000.0,14.700000000000001,49.0,24.8,180.0,40.400000000000006,2595.0,45.300000000000004,13.950000000000001,88.30000000000001,1124.0,54.5,85.10000000000001,4964.667716865347,28.476853566041395,18.274880256622158,7.382516332748143,0.5272003938561145,1.0497566737925526,0.36,1.0,0.6498721025736705,1.0,0.9885098200787855,0.6498721025736705,69681.64162360138,288.15,0.8385412648334485,25.843774714744075,0.02181545928590323,5.2,6.657718701670768
550.0,9990.0,15.3,50.0,24.900000000000002,180.0,39.900000000000006,2596.0,44.900000000000006,13.9,88.30000000000001,1127.0,55.300000000000004,84.10000000000001,4964.566621788372,28.476853566041395,18.274508126898354,7.382516332748143,0.5272003938561145,1.0497566737925526,0.38,1.0,0.6499564245077798,1.0,0.9885098200787855,0.6499564245077798,69681.64162360138,288.15,0.8385412648334485,25.843774714744075,0.02181717658155694,5.0,6.657583131150642
600.0,10020.0,15.100000000000001,50.0,25.400000000000002,180.0,40.300000000000004,2595.0,44.6,13.9,90.0,1131.0,54.7,83.80000000000001,4964.4655397203505,28.476853566041395,18.27413604506035,7.382516332748143,0.5272003938561145,1.0497566737925526,0.42,1.0,0.6500407348451062,1.0,0.9885098200787855,0.6500407348451062,69681.64162360138,288.15,0.8385412648334485,25.843774714744075,0.021818893655989876,4.7,6.657447578075785
650.0,9990.0,15.200000000000001,50.0,25.0,180.0,40.1,2600.0,45.0,14.05,87.80000000000001,1127.0,54.5,83.4,4964.364470673647,28.476853566041395,18.27376401115365,7.382516332748143,0.5272003938561145,1.0497566737925526,0.35000000000000003,1.0,0.6501250335747493,1.0,0.9885098200787855,0.6501250335747493,69681.64162360138,288.15,0.8385412648334485,25.843774714744075,0.02182061050899232,4.9,6.657312042462774
700.0,10010.0,14.600000000000001,50.0,24.8,180.0,40.2,2596.0,45.400000000000006,14.0,88.60000000000001,1126.0,54.800000000000004,84.10000000000001,4964.263414660606,28.476853566041395,18.273392025223703,7.382516332748143,0.5272003938561145,1.0497566737925526,0.35000000000000003,1.0,0.6502093206858279,1.0,0.9885098200787855,0.6502093206858279,69681.64162360138,288.15,0.8385412648334485,25.843774714744075,0.021822327140354734,5.0,6.657176524328166
750.0,10000.0,15.8,51.0,24.700000000000003,180.0,39.7,2592.0,45.1,14.100000000000001,88.60000000000001,1125.0,54.0,83.9,4964.162371693563,28.476853566041395,18.273020087315913,7.382516332748143,0.5272003938561145,1.0497566737925526,0.35000000000000003,1.0,0.6502935961674676,1.0,0.9885098200787855,0.6502935961674676,69681.64162360138,288.15,0.8385412648334485,25.843774714744075,0.021824043549867875,4.800000000000001,6.657041023688502
800.0,9990.0,15.0,49.0,24.400000000000002,182.0,39.7,2590.0,45.6,14.200000000000001,88.30000000000001,1126.0,54.900000000000006,84.9,4964.061341784829,28.476853566041395,18.272648197475597,7.382516332748143,0.5272003938561145,1.0497566737925526,0.35000000000000003,1.0,0.6503778600088101,1.0,0.9885098200787855,0.6503778600088101,69681.64162360138,288.15,0.8385412648334485,25.843774714744075,0.0218257597373227,4.9,6.656905540560292
850.0,10010.0,15.100000000000001,50.0,24.900000000000002,179.0,40.0,2593.0,45.1,13.950000000000001,89.30000000000001,1129.0,54.800000000000004,84.2,4963.960324946715,28.476853566041395,18.272276355748073,7.382516332748143,0.5272003938561145,1.0497566737925526,0.38,1.0,0.6504621121990061,1.0,0.9885098200787855,0.6504621121990061,69681.64162360138,288.15,0.8385412648334485,25.843774714744075,0.021827475702510413,5.0,6.656770074960044
900.0,9990.0,15.100000000000001,50.0,25.8,181.0,40.1,2591.0,44.7,14.100000000000001,89.2,1128.0,54.2,84.5,4963.859321191507,28.476853566041395,18.271904562178555,7.382516332748143,0.5272003938561145,1.0497566737925526,0.39,1.0,0.650546352727218,1.0,0.9885098200787855,0.650546352727218,69681.64162360138,288.15,0.8385412648334485,25.843774714744075,0.021829191445222492,4.7,6.656634626904235
950.0,9990.0,15.100000000000001,50.0,24.900000000000002,180.0,39.900000000000006,2595.0,45.400000000000006,13.8,88.9,1127.0,54.900000000000006,83.80000000000001,4963.75833053148,28.476853566041395,18.271532816812243,7.382516332748143,0.5272003938561145,1.0497566737925526,0.33,1.0,0.6506305815826225,1.0,0.9885098200787855,0.6506305815826225,69681.64162360138,288.15,0.8385412648334485,25.843774714744075,0.021830906965250654,5.0,6.656499196409325
1000.0,10020.0,14.5,50.5,24.900000000000002,180.0,39.800000000000004,2593.0,45.400000000000006,14.05,90.0,1130.0,54.900000000000006,84.9,4963.657352978893,28.476853566041395,18.271161119694256,7.382516332748143,0.5272003938561145,1.0497566737925526,0.39,1.0,0.6507147987544077,1.0,0.9885098200787855,0.6507147987544077,69681.64162360138,288.15,0.8385412648334485,25.843774714744075,0.021832622262386844,5.2,6.656363783491755
1050.0,10000.0,15.0,49.5,25.400000000000002,179.0,40.2,2593.0,45.400000000000006,14.05,90.10000000000001,1129.0,54.2,84.0,4963.556388545994,28.476853566041395,18.270789470869676,7.382516332748143,0.5272003938561145,1.0497566737925526,0.35000000000000003,1.0,0.6507990042317732,1.0,0.9885098200787855,0.6507990042317732,69681.64162360138,288.15,0.8385412648334485,25.843774714744075,0.02183433733642326,4.800000000000001,6.65622838816795
1100.0,10020.0,15.200000000000001,49.5,24.6,180.0,39.800000000000004,2592.0,45.1,14.100000000000001,89.30000000000001,1121.0,54.900000000000006,84.0,4963.455437245013,28.476853566041395,18.270417870383522,7.382516332748143,0.5272003938561145,1.0497566737925526,0.39,1.0,0.6508831980039306,1.0,0.9885098200787855,0.6508831980039306,69681.64162360138,288.15,0.8385412648334485,25.843774714744075,0.021836052187152327,5.4,6.656093010454308
1150.0,9980.0,14.8,50.5,24.400000000000002,181.0,40.1,2598.0,44.800000000000004,14.05,89.60000000000001,1127.0,54.900000000000006,84.10000000000001,4963.354499088169,28.476853566041395,18.270046318280773,7.382516332748143,0.5272003938561145,1.0497566737925526,0.36,1.0,0.6509673800601024,1.0,0.9885098200787855,0.6509673800601024,69681.64162360138,288.15,0.8385412648334485,25.843774714744075,0.021837766814366714,4.9,6.655957650367217
1200.0,10000.0,15.100000000000001,50.5,24.6,180.0,40.300000000000004,2591.0,44.800000000000004,14.0,89.5,1127.0,55.300000000000004,84.4,4963.253574087665,28.476853566041395,18.269674814606347,7.382516332748143,0.5272003938561145,1.0497566737925526,0.41000000000000003,1.0,0.6510515503895238,1.0,0.9885098200787855,0.6510515503895238,69681.64162360138,288.15,0.8385412648334485,25.843774714744075,0.021839481217859374,5.1000000000000005,6.6558223079230405
1250.0,10030.0,14.9,49.0,25.6,180.0,40.0,2599.0,44.5,13.9,88.0,1125.0,55.0,84.2,4963.1526622556885,28.476853566041395,18.26930335940511,7.382516332748143,0.5272003938561145,1.0497566737925526,0.39,1.0,0.6511357089814436,1.0,0.9885098200787855,0.6511357089814436,69681.64162360138,288.15,0.8385412648334485,25.843774714744075,0.021841195397423466,4.6000000000000005,6.655686983138124
1300.0,9970.0,15.0,50.0,25.200000000000003,181.0,40.0,2597.0,45.1,14.05,88.5,1126.0,54.900000000000006,84.4,4963.051763604413,28.476853566041395,18.26893195272187,7.382516332748143,0.5272003938561145,1.0497566737925526,0.37,1.0,0.6512198558251204,1.0,0.9885098200787855,0.6512198558251204,69681.64162360138,288.15,0.8385412648334485,25.843774714744075,0.021842909352852415,5.1000000000000005,6.655551676028791
1350.0,10000.0,15.0,50.5,24.200000000000003,179.0,39.7,2585.0,44.800000000000004,14.05,88.80000000000001,1127.0,55.2,84.60000000000001,4962.950878146001,28.476853566041395,18.268560594601393,7.382516332748143,0.5272003938561145,1.0497566737925526,0.38,1.0,0.6513039909098264,1.0,0.9885098200787855,0.6513039909098264,69681.64162360138,288.15,0.8385412648334485,25.843774714744075,0.021844623083939824,5.300000000000001,6.65541638661135
1400.0,10000.0,14.700000000000001,49.5,24.400000000000002,179.0,39.900000000000006,2597.0,45.5,13.9,89.2,1124.0,55.0,83.9,4962.850005892598,28.476853566041395,18.268189285088397,7.382516332748143,0.5272003938561145,1.0497566737925526,0.33,1.0,0.6513881142248424,1.0,0.9885098200787855,0.6513881142248424,69681.64162360138,288.15,0.8385412648334485,25.843774714744075,0.021846336590479614,5.2,6.655281114902092
1450.0,9990.0,14.8,49.5,24.700000000000003,180.0,40.0,2596.0,45.1,14.100000000000001,88.7,1123.0,55.2,83.80000000000001,4962.749146856337,28.476853566041395,18.26781802422753,7.382516332748143,0.5272003938561145,1.0497566737925526,0.41000000000000003,1.0,0.6514722257594643,1.0,0.9885098200787855,0.6514722257594643,69681.64162360138,288.15,0.8385412648334485,25.843774714744075,0.021848049872265893,5.1000000000000005,6.655145860917285
1500.0,10000.0,15.100000000000001,51.0,25.8,180.0,40.0,2599.0,44.7,14.05,88.9,1128.0,54.5,83.2,4962.648301049334,28.476853566041395,18.2674468120634,7.382516332748143,0.5272003938561145,1.0497566737925526,0.32,1.0,0.651556325502998,1.0,0.9885098200787855,0.651556325502998,69681.64162360138,288.15,0.8385412648334485,25.843774714744075,0.021849762929093075,4.7,6.655010624673178
1550.0,9990.0,14.9,51.0,25.400000000000002,179.0,40.1,2593.0,44.900000000000006,14.0,89.30000000000001,1126.0,55.2,83.4,4962.547468483691,28.476853566041395,18.267075648640553,7.382516332748143,0.5272003938561145,1.0497566737925526,0.38,1.0,0.6516404134447642,1.0,0.9885098200787855,0.6516404134447642,69681.64162360138,288.15,0.8385412648334485,25.843774714744075,0.02185147576075576,5.6000000000000005,6.654875406185999
1600.0,10000.0,15.4,50.0,25.200000000000003,180.0,40.0,2591.0,45.1,13.950000000000001,89.30000000000001,1130.0,55.0,83.80000000000001,4962.446649171499,28.476853566041395,18.266704534003495,7.382516332748143,0.5272003938561145,1.0497566737925526,0.39,1.0,0.6517244895740918,1.0,0.9885098200787855,0.6517244895740918,69681.64162360138,288.15,0.8385412648334485,25.843774714744075,0.021853188367048772,4.9,6.654740205471965
1650.0,10010.0,14.5,50.0,24.200000000000003,179.0,40.300000000000004,2598.0,44.800000000000004,13.9,87.10000000000001,1125.0,55.7,84.2,4962.345843124835,28.476853566041395,18.266333468196677,7.382516332748143,0.5272003938561145,1.0497566737925526,0.36,1.0,0.6518085538803224,1.0,0.9885098200787855,0.6518085538803224,69681.64162360138,288.15,0.8385412648334485,25.843774714744075,0.021854900747767286,5.1000000000000005,6.654605022547266
1700.0,9980.0,14.9,50.0,25.0,181.0,40.1,2597.0,44.800000000000004,14.05,89.9,1124.0,54.5,84.60000000000001,4962.245050355754,28.476853566041395,18.265962451264482,7.382516332748143,0.5272003938561145,1.0497566737925526,0.38,1.0,0.6518926063528131,1.0,0.9885098200787855,0.6518926063528131,69681.64162360138,288.15,0.8385412648334485,25.843774714744075,0.02185661290270659,5.300000000000001,6.654469857428073
1750.0,9990.0,15.4,50.0,25.1,181.0,39.900000000000006,2590.0,44.900000000000006,14.05,87.9,1128.0,54.7,84.5,4962.144270876307,28.476853566041395,18.265591483251264,7.382516332748143,0.5272003938561145,1.0497566737925526,0.31,1.0,0.6519766469809276,1.0,0.9885098200787855,0.6519766469809276,69681.64162360138,288.15,0.8385412648334485,25.843774714744075,0.0218583248316623,4.800000000000001,6.654334710130545
1800.0,9980.0,14.8,50.0,24.900000000000002,180.0,40.0,2595.0,44.7,14.05,89.30000000000001,1128.0,55.1,84.10000000000001,4962.043504698523,28.476853566041395,18.2652205642013,7.382516332748143,0.5272003938561145,1.0497566737925526,0.44,1.0,0.6520606757540456,1.0,0.9885098200787855,0.6520606757540456,69681.64162360138,288.15,0.8385412648334485,25.843774714744075,0.021860036534430232,4.9,6.654199580670815
1850.0,10000.0,14.8,49.5,24.5,179.0,40.0,2596.0,45.0,13.950000000000001,89.4,1129.0,54.800000000000004,83.60000000000001,4961.942751834422,28.476853566041395,18.26484969415884,7.382516332748143,0.5272003938561145,1.0497566737925526,0.4,1.0,0.6521446926615564,1.0,0.9885098200787855,0.6521446926615564,69681.64162360138,288.15,0.8385412648334485,25.843774714744075,0.021861748010806425,5.0,6.654064469064997
1900.0,9980.0,15.0,50.0,24.6,180.0,39.7,2600.0,45.400000000000006,14.0,89.10000000000001,1121.0,54.5,83.80000000000001,4961.842012296007,28.476853566041395,18.264478873168063,7.382516332748143,0.5272003938561145,1.0497566737925526,0.35000000000000003,1.0,0.65222869769286,1.0,0.9885098200787855,0.65222869769286,69681.64162360138,288.15,0.8385412648334485,25.843774714744075,0.021863459260587227,5.1000000000000005,6.6539293753291915
1950.0,10020.0,14.600000000000001,49.5,25.1,181.0,39.800000000000004,2595.0,45.5,13.9,88.10000000000001,1126.0,54.7,84.4,4961.741286095268,28.476853566041395,18.26410810127311,7.382516332748143,0.5272003938561145,1.0497566737925526,0.39,1.0,0.6523126908373724,1.0,0.9885098200787855,0.6523126908373724,69681.64162360138,288.15,0.8385412648334485,25.843774714744075,0.02186517028356914,4.5,6.653794299479477
2000.0,10010.0,14.8,50.5,24.700000000000003,179.0,40.1,2597.0,45.1,13.9,89.2,1124.0,55.0,83.2,4961.640573244182,28.476853566041395,18.26373737851806,7.382516332748143,0.5272003938561145,1.0497566737925526,0.39,1.0,0.6523966720845165,1.0,0.9885098200787855,0.6523966720845165,69681.64162360138,288.15,0.8385412648334485,25.843774714744075,0.021866881079548983,4.800000000000001,6.653659241531914
2050.0,9980.0,15.200000000000001,50.0,24.8,181.0,39.900000000000006,2594.0,45.1,13.950000000000001,89.10000000000001,1126.0,54.7,84.60000000000001,4961.539873754706,28.476853566041395,18.26336670494693,7.382516332748143,0.5272003938561145,1.0497566737925526,0.35000000000000003,1.0,0.6524806414237306,1.0,0.9885098200787855,0.6524806414237306,69681.64162360138,288.15,0.8385412648334485,25.843774714744075,0.021868591648323756,4.4,6.653524201502536
2100.0,10020.0,15.8,50.0,24.200000000000003,180.0,39.900000000000006,2593.0,44.7,14.05,89.10000000000001,1123.0,55.1,85.0,4961.439187638793,28.476853566041395,18.26299608060372,7.382516332748143,0.5272003938561145,1.0497566737925526,0.39,1.0,0.6525645988444625,1.0,0.9885098200787855,0.6525645988444625,69681.64162360138,288.15,0.8385412648334485,25.843774714744075,0.021870301989690748,4.9,6.653389179407375
2150.0,10000.0,15.200000000000001,49.0,25.1,180.0,40.400000000000006,2594.0,45.5,13.950000000000001,89.2,1128.0,54.6,84.0,4961.338514908372,28.476853566041395,18.262625505532345,7.382516332748143,0.5272003938561145,1.0497566737925526,0.42,1.0,0.652648544336174,1.0,0.9885098200787855,0.652648544336174,69681.64162360138,288.15,0.8385412648334485,25.843774714744075,0.021872012103447497,4.9,6.653254175262426
2200.0,9980.0,15.0,49.5,24.900000000000002,180.0,39.7,2588.0,45.1,13.950000000000001,87.30000000000001,1129.0,55.0,83.60000000000001,4961.237855575362,28.476853566041395,18.262254979776667,7.382516332748143,0.5272003938561145,1.0497566737925526,0.34,1.0,0.652732477888339,1.0,0.9885098200787855,0.652732477888339,69681.64162360138,288.15,0.8385412648334485,25.843774714744075,0.021873721989391724,5.2,6.6531191890836725
2250.0,10000.0,15.700000000000001,50.0,25.200000000000003,180.0,40.2,2597.0,45.400000000000006,13.950000000000001,88.60000000000001,1126.0,55.2,84.7,4961.137209651668,28.476853566041395,18.261884503380518,7.382516332748143,0.5272003938561145,1.0497566737925526,0.37,1.0,0.6528163994904403,1.0,0.9885098200787855,0.6528163994904403,69681.64162360138,288.15,0.8385412648334485,25.843774714744075,0.021875431647321385,4.9,6.652984220887081
2300.0,10000.0,14.9,50.5,24.1,179.0,39.800000000000004,2585.0,44.7,13.950000000000001,88.7,1130.0,54.800000000000004,83.4,4961.036577149182,28.476853566041395,18.26151407638767,7.382516332748143,0.5272003938561145,1.0497566737925526,0.38,1.0,0.6529003091319725,1.0,0.9885098200787855,0.6529003091319725,69681.64162360138,288.15,0.8385412648334485,25.843774714744075,0.02187714107703471,5.2,6.6528492706885975
2350.0,9990.0,14.700000000000001,50.5,24.900000000000002,181.0,40.0,2597.0,44.7,14.0,88.7,1124.0,54.400000000000006,84.30000000000001,4960.935958079783,28.476853566041395,18.261143698841842,7.382516332748143,0.5272003938561145,1.0497566737925526,0.37,1.0,0.6529842068024435,1.0,0.9885098200787855,0.6529842068024435,69681.64162360138,288.15,0.8385412648334485,25.843774714744075,0.02187885027833022,4.7,6.6527143385041505
2400.0,10000.0,15.3,49.0,24.400000000000002,179.0,40.300000000000004,2595.0,45.2,13.9,88.10000000000001,1128.0,54.900000000000006,84.2,4960.835352455329,28.476853566041395,18.260773370786694,7.382516332748143,0.5272003938561145,1.0497566737925526,0.38,1.0,0.6530680924913754,1.0,0.9885098200787855,0.6530680924913754,69681.64162360138,288.15,0.8385412648334485,25.843774714744075,0.02188055925100655,5.0,6.6525794243496446
2450.0,10000.0,15.200000000000001,50.5,24.400000000000002,178.0,40.2,2599.0,44.7,13.850000000000001,88.80000000000001,1129.0,55.5,84.2,4960.734760287671,28.476853566041395,18.260403092265847,7.382516332748143,0.5272003938561145,1.0497566737925526,0.37,1.0,0.6531519661882961,1.0,0.9885098200787855,0.6531519661882961,69681.64162360138,288.15,0.8385412648334485,25.843774714744075,0.021882267994862717,4.7,6.652444528240973
2500.0,10000.0,14.9,49.5,25.8,181.0,40.2,2591.0,45.300000000000004,14.05,89.0,1130.0,55.1,84.30000000000001,4960.63418158864,28.476853566041395,18.26003286332285,7.382516332748143,0.5272003938561145,1.0497566737925526,0.4,1.0,0.6532358278827527,1.0,0.9885098200787855,0.6532358278827527,69681.64162360138,288.15,0.8385412648334485,25.843774714744075,0.021883976509697863,5.0,6.652309650193998
2550.0,9980.0,15.0,49.5,24.5,181.0,40.300000000000004,2600.0,45.1,14.100000000000001,88.80000000000001,1127.0,54.5,84.10000000000001,4960.53361637006,28.476853566041395,18.259662684001224,7.382516332748143,0.5272003938561145,1.0497566737925526,0.38,1.0,0.653319677564297,1.0,0.9885098200787855,0.653319677564297,69681.64162360138,288.15,0.8385412648334485,25.843774714744075,0.021885684795311392,4.6000000000000005,6.65217479022458
2600.0,10000.0,15.0,51.0,25.400000000000002,180.0,40.0,2594.0,44.900000000000006,13.950000000000001,88.7,1125.0,54.5,84.2,4960.433064643737,28.476853566041395,18.259292554344427,7.382516332748143,0.5272003938561145,1.0497566737925526,0.39,1.0,0.6534035152224957,1.0,0.9885098200787855,0.6534035152224957,69681.64162360138,288.15,0.8385412648334485,25.843774714744075,0.021887392851503002,4.5,6.652039948348546
2650.0,10000.0,15.3,50.5,25.400000000000002,180.0,39.800000000000004,2590.0,45.1,14.05,89.5,1130.0,54.900000000000006,83.30000000000001,4960.332526421462,28.476853566041395,18.258922474395863,7.382516332748143,0.5272003938561145,1.0497566737925526,0.37,1.0,0.6534873408469278,1.0,0.9885098200787855,0.6534873408469278,69681.64162360138,288.15,0.8385412648334485,25.843774714744075,0.021889100678072582,5.0,6.65190512458171
2700.0,10000.0,14.8,50.0,24.8,179.0,40.1,2593.0,45.1,14.0,88.10000000000001,1126.0,55.400000000000006,83.30000000000001,4960.232001715013,28.476853566041395,18.258552444198887,7.382516332748143,0.5272003938561145,1.0497566737925526,0.32,1.0,0.6535711544271835,1.0,0.9885098200787855,0.6535711544271835,69681.64162360138,288.15,0.8385412648334485,25.843774714744075,0.02189080827482024,4.5,6.651770318939868
2750.0,10000.0,15.0,50.0,25.5,178.0,40.1,2600.0,44.7,14.0,88.30000000000001,1125.0,54.800000000000004,84.60000000000001,4960.131490536156,28.476853566041395,18.25818246379681,7.382516332748143,0.5272003938561145,1.0497566737925526,0.44,1.0,0.6536549559528628,1.0,0.9885098200787855,0.6536549559528628,69681.64162360138,288.15,0.8385412648334485,25.843774714744075,0.021892515641546366,4.9,6.651635531438797
2800.0,10020.0,15.0,51.0,25.0,180.0,40.1,2607.0,45.300000000000004,13.950000000000001,89.30000000000001,1126.0,54.800000000000004,84.4,4960.030992896642,28.476853566041395,18.257812533232887,7.382516332748143,0.5272003938561145,1.0497566737925526,0.38,1.0,0.6537387454135798,1.0,0.9885098200787855,0.6537387454135798,69681.64162360138,288.15,0.8385412648334485,25.843774714744075,0.021894222778051607,5.0,6.651500762094256
2850.0,10000.0,15.100000000000001,50.0,24.200000000000003,181.0,39.800000000000004,2588.0,45.0,14.0,88.30000000000001,1129.0,54.5,83.7,4959.930508808201,28.476853566041395,18.257442652550296,7.382516332748143,0.5272003938561145,1.0497566737925526,0.36,1.0,0.653822522798961,1.0,0.9885098200787855,0.653822522798961,69681.64162360138,288.15,0.8385412648334485,25.843774714744075,0.021895929684136763,4.9,6.651366010921974
2900.0,10000.0,14.700000000000001,50.5,25.0,178.0,39.6,2594.0,44.900000000000006,14.0,88.7,1127.0,55.300000000000004,83.30000000000001,4959.830038282562,28.476853566041395,18.25707282179221,7.382516332748143,0.5272003938561145,1.0497566737925526,0.35000000000000003,1.0,0.6539062880986407,1.0,0.9885098200787855,0.6539062880986407,69681.64162360138,288.15,0.8385412648334485,25.843774714744075,0.02189763635960296,4.7,6.651231277937682
2950.0,10000.0,15.4,50.0,24.0,179.0,39.800000000000004,2592.0,44.900000000000006,14.0,88.5,1129.0,54.7,83.5,4959.7295813314295,28.476853566041395,18.256703041001714,7.382516332748143,0.5272003938561145,1.0497566737925526,0.4,1.0,0.6539900413022696,1.0,0.9885098200787855,0.6539900413022696,69681.64162360138,288.15,0.8385412648334485,25.843774714744075,0.021899342804251484,4.6000000000000005,6.651096563157074
3000.0,10000.0,15.0,50.0,25.6,180.0,40.400000000000006,2593.0,44.6,14.0,88.10000000000001,1125.0,55.1,84.2,4959.6291379665,28.476853566041395,18.256333310221862,7.382516332748143,0.5272003938561145,1.0497566737925526,0.36,1.0,0.6540737823995053,1.0,0.9885098200787855,0.6540737823995053,69681.64162360138,288.15,0.8385412648334485,25.843774714744075,0.021901049017883947,5.2,6.6509618665958365
3050.0,10010.0,15.4,50.5,25.5,178.0,39.900000000000006,2591.0,45.0,13.950000000000001,88.60000000000001,1132.0,54.900000000000006,84.10000000000001,4959.528708199451,28.476853566041395,18.255963629495643,7.382516332748143,0.5272003938561145,1.0497566737925526,0.37,1.0,0.654157511380022,1.0,0.9885098200787855,0.654157511380022,69681.64162360138,288.15,0.8385412648334485,25.843774714744075,0.02190275500030211,5.0,6.650827188269628
3100.0,10000.0,15.100000000000001,50.5,25.700000000000003,180.0,40.1,2590.0,45.0,14.05,89.2,1127.0,55.300000000000004,84.10000000000001,4959.428292041952,28.476853566041395,18.255593998866004,7.382516332748143,0.5272003938561145,1.0497566737925526,0.42,1.0,0.6542412282335013,1.0,0.9885098200787855,0.6542412282335013,69681.64162360138,288.15,0.8385412648334485,25.843774714744075,0.021904460751308037,5.0,6.6506925281940985
3150.0,10000.0,15.100000000000001,48.5,25.200000000000003,177.0,39.7,2596.0,45.1,13.9,88.30000000000001,1130.0,54.800000000000004,85.0,4959.327889505652,28.476853566041395,18.255224418375832,7.382516332748143,0.5272003938561145,1.0497566737925526,0.38,1.0,0.6543249329496394,1.0,0.9885098200787855,0.6543249329496394,69681.64162360138,288.15,0.8385412648334485,25.843774714744075,0.021906166270704,5.1000000000000005,6.65055788638487
3200.0,10020.0,15.0,49.5,25.0,180.0,39.7,2593.0,44.800000000000004,14.05,88.7,1126.0,54.900000000000006,84.0,4959.22750060219,28.476853566041395,18.254854888067968,7.382516332748143,0.5272003938561145,1.0497566737925526,0.4,1.0,0.6544086255181428,1.0,0.9885098200787855,0.6544086255181428,69681.64162360138,288.15,0.8385412648334485,25.843774714744075,0.0219078715582925,4.7,6.65042326285755
3250.0,9990.0,15.3,50.0,24.400000000000002,180.0,40.1,2588.0,45.1,14.05,88.9,1128.0,54.5,84.0,4959.127125343193,28.476853566041395,18.254485407985207,7.382516332748143,0.5272003938561145,1.0497566737925526,0.37,1.0,0.6544923059287298,1.0,0.9885098200787855,0.6544923059287298,69681.64162360138,288.15,0.8385412648334485,25.843774714744075,0.021909576613876304,4.800000000000001,6.65028865762773
3300.0,10010.0,15.4,51.0,25.5,180.0,40.1,2597.0,45.0,14.0,89.2,1127.0,54.7,83.7,4959.026763740268,28.476853566041395,18.25411597817028,7.382516332748143,0.5272003938561145,1.0497566737925526,0.4,1.0,0.6545759741711306,1.0,0.9885098200787855,0.6545759741711306,69681.64162360138,288.15,0.8385412648334485,25.843774714744075,0.021911281437258356,5.0,6.650154070710974
3350.0,10000.0,15.200000000000001,50.0,25.3,180.0,39.800000000000004,2600.0,44.800000000000004,13.9,88.0,1124.0,55.0,83.7,4958.926415805015,28.476853566041395,18.253746598665884,7.382516332748143,0.5272003938561145,1.0497566737925526,0.37,1.0,0.6546596302350854,1.0,0.9885098200787855,0.6546596302350854,69681.64162360138,288.15,0.8385412648334485,25.843774714744075,0.021912986028241915,5.1000000000000005,6.6500195021228405
3400.0,10000.0,15.100000000000001,50.0,25.200000000000003,178.0,39.900000000000006,2586.0,45.0,14.0,89.30000000000001,1130.0,55.1,83.60000000000001,4958.826081549014,28.476853566041395,18.253377269514644,7.382516332748143,0.5272003938561145,1.0497566737925526,0.4,1.0,0.654743274110349,1.0,0.9885098200787855,0.654743274110349,69681.64162360138,288.15,0.8385412648334485,25.843774714744075,0.021914690386630405,4.800000000000001,6.649884951878859
3450.0,10000.0,15.3,49.5,25.3,181.0,39.800000000000004,2598.0,45.2,14.0,88.2,1125.0,54.800000000000004,84.10000000000001,4958.725760983834,28.476853566041395,18.253007990759148,7.382516332748143,0.5272003938561145,1.0497566737925526,0.35000000000000003,1.0,0.6548269057866851,1.0,0.9885098200787855,0.6548269057866851,69681.64162360138,288.15,0.8385412648334485,25.843774714744075,0.021916394512227547,5.1000000000000005,6.649750419994542
3500.0,9990.0,14.9,50.0,26.0,179.0,40.300000000000004,2595.0,45.1,14.0,88.9,1126.0,55.5,83.60000000000001,4958.625454121033,28.476853566041395,18.252638762441936,7.382516332748143,0.5272003938561145,1.0497566737925526,0.42,1.0,0.6549105252538705,1.0,0.9885098200787855,0.6549105252538705,69681.64162360138,288.15,0.8385412648334485,25.843774714744075,0.021918098404837275,4.800000000000001,6.649615906485388
3550.0,10000.0,14.700000000000001,50.0,25.6,180.0,40.0,2590.0,44.900000000000006,13.9,88.10000000000001,1127.0,55.5,85.30000000000001,4958.525160972147,28.476853566041395,18.25226958460548,7.382516332748143,0.5272003938561145,1.0497566737925526,0.36,1.0,0.6549941325016944,1.0,0.9885098200787855,0.6549941325016944,69681.64162360138,288.15,0.8385412648334485,25.843774714744075,0.021919802064263725,5.300000000000001,6.64948141136687
3600.0,10000.0,15.0,50.0,25.0,180.0,39.900000000000006,2589.0,44.5,14.05,88.5,1125.0,55.0,84.2,4958.424881548707,28.476853566041395,18.251900457292216,7.382516332748143,0.5272003938561145,1.0497566737925526,0.39,1.0,0.6550777275199544,1.0,0.9885098200787855,0.6550777275199544,69681.64162360138,288.15,0.8385412648334485,25.843774714744075,0.02192150549031133,4.800000000000001,6.649346934654448
3650.0,10010.0,15.5,50.0,25.400000000000002,181.0,40.2,2597.0,45.2,14.05,88.0,1129.0,54.5,83.5,4958.324615862224,28.476853566041395,18.25153138054452,7.382516332748143,0.5272003938561145,1.0497566737925526,0.42,1.0,0.6551613102984638,1.0,0.9885098200787855,0.6551613102984638,69681.64162360138,288.15,0.8385412648334485,25.843774714744075,0.021923208682784693,5.2,6.6492124763635605
3700.0,10020.0,14.9,49.5,24.900000000000002,180.0,40.0,2599.0,44.900000000000006,14.05,88.0,1128.0,55.0,83.5,4958.224363924199,28.476853566041395,18.25116235440473,7.382516332748143,0.5272003938561145,1.0497566737925526,0.37,1.0,0.6552448808270437,1.0,0.9885098200787855,0.6552448808270437,69681.64162360138,288.15,0.8385412648334485,25.843774714744075,0.021924911641488687,4.9,6.649078036509629
3750.0,10000.0,15.5,50.0,24.900000000000002,178.0,39.800000000000004,2593.0,44.800000000000004,14.100000000000001,88.5,1130.0,55.0,83.9,4958.124125746117,28.476853566041395,18.25079337891512,7.382516332748143,0.5272003938561145,1.0497566737925526,0.38,1.0,0.6553284390955282,1.0,0.9885098200787855,0.6553284390955282,69681.64162360138,288.15,0.8385412648334485,25.843774714744075,0.02192661436622848,5.0,6.648943615108059
3800.0,10020.0,14.3,49.0,24.8,180.0,40.1,2596.0,44.900000000000006,14.05,89.2,1127.0,55.400000000000006,84.0,4958.0239013394485,28.476853566041395,18.25042445411791,7.382516332748143,0.5272003938561145,1.0497566737925526,0.36,1.0,0.6554119850937666,1.0,0.9885098200787855,0.6554119850937666,69681.64162360138,288.15,0.8385412648334485,25.843774714744075,0.021928316856809342,5.1000000000000005,6.6488092121742275
3850.0,10000.0,15.0,50.5,24.0,179.0,39.800000000000004,2593.0,44.900000000000006,13.9,88.0,1125.0,55.900000000000006,84.7,4957.923690715652,28.476853566041395,18.250055580055278,7.382516332748143,0.5272003938561145,1.0497566737925526,0.37,1.0,0.6554955188116125,1.0,0.9885098200787855,0.6554955188116125,69681.64162360138,288.15,0.8385412648334485,25.843774714744075,0.021930019113036867,4.9,6.648674827723504
3900.0,9990.0,14.4,50.0,24.6,180.0,39.7,2591.0,45.0,14.05,88.80000000000001,1124.0,55.300000000000004,83.4,4957.823493886172,28.476853566041395,18.24968675676936,7.382516332748143,0.5272003938561145,1.0497566737925526,0.4,1.0,0.6555790402389367,1.0,0.9885098200787855,0.6555790402389367,69681.64162360138,288.15,0.8385412648334485,25.843774714744075,0.021931721134716853,5.0,6.648540461771235
3950.0,9980.0,14.9,50.0,25.200000000000003,180.0,40.300000000000004,2598.0,44.900000000000006,14.05,89.7,1132.0,54.6,83.4,4957.7233108624405,28.476853566041395,18.249317984302227,7.382516332748143,0.5272003938561145,1.0497566737925526,0.43,1.0,0.6556625493656179,1.0,0.9885098200787855,0.6556625493656179,69681.64162360138,288.15,0.8385412648334485,25.843774714744075,0.021933422921655392,4.7,6.64840611433275
4000.0,9980.0,14.9,50.0,25.0,179.0,39.900000000000006,2591.0,44.7,14.15,88.80000000000001,1129.0,54.900000000000006,83.7,4957.623141655869,28.476853566041395,18.24894926269589,7.382516332748143,0.5272003938561145,1.0497566737925526,0.36,1.0,0.6557460461815515,1.0,0.9885098200787855,0.6557460461815515,69681.64162360138,288.15,0.8385412648334485,25.843774714744075,0.02193512447365873,4.3,6.648271785423354
4050.0,9980.0,14.5,49.0,24.5,181.0,40.0,2599.0,45.1,14.05,88.0,1128.0,55.300000000000004,83.5,4957.522986277864,28.476853566041395,18.248580591992333,7.382516332748143,0.5272003938561145,1.0497566737925526,0.4,1.0,0.655829530676639,1.0,0.9885098200787855,0.655829530676639,69681.64162360138,288.15,0.8385412648334485,25.843774714744075,0.021936825790533382,5.1000000000000005,6.648137475058341
4100.0,9990.0,14.700000000000001,49.5,25.0,180.0,39.800000000000004,2594.0,45.2,14.05,89.5,1130.0,54.7,84.7,4957.4228447398145,28.476853566041395,18.24821197223348,7.382516332748143,0.5272003938561145,1.0497566737925526,0.37,1.0,0.6559130028407956,1.0,0.9885098200787855,0.6559130028407956,69681.64162360138,288.15,0.8385412648334485,25.843774714744075,0.021938526872086098,5.2,6.648003183252986
4150.0,10000.0,14.9,49.0,24.900000000000002,179.0,40.2,2600.0,44.800000000000004,14.0,88.10000000000001,1125.0,55.300000000000004,83.80000000000001,4957.322717053094,28.476853566041395,18.2478434034612,7.382516332748143,0.5272003938561145,1.0497566737925526,0.43,1.0,0.6559964626639481,1.0,0.9885098200787855,0.6559964626639481,69681.64162360138,288.15,0.8385412648334485,25.843774714744075,0.021940227718123876,4.800000000000001,6.647868910022541
4200.0,10010.0,15.0,50.5,24.8,180.0,40.0,2591.0,45.2,14.05,88.9,1131.0,55.6,83.60000000000001,4957.222603229062,28.476853566041395,18.247474885717303,7.382516332748143,0.5272003938561145,1.0497566737925526,0.39,1.0,0.6560799101360358,1.0,0.9885098200787855,0.6560799101360358,69681.64162360138,288.15,0.8385412648334485,25.843774714744075,0.02194192832845389,4.800000000000001,6.647734655382237
4250.0,10000.0,14.8,51.0,25.1,180.0,40.2,2586.0,44.400000000000006,14.05,88.60000000000001,1127.0,54.6,83.80000000000001,4957.122503279071,28.476853566041395,18.24710641904358,7.382516332748143,0.5272003938561145,1.0497566737925526,0.44,1.0,0.656163345247006,1.0,0.9885098200787855,0.656163345247006,69681.64162360138,288.15,0.8385412648334485,25.843774714744075,0.021943628702883605,5.2,6.6476004193473
4300.0,10000.0,14.9,50.0,24.1,180.0,40.2,2588.0,44.800000000000004,13.9,88.0,1127.0,54.300000000000004,84.10000000000001,4957.022417214452,28.476853566041395,18.246738003481735,7.382516332748143,0.5272003938561145,1.0497566737925526,0.4,1.0,0.6562467679868208,1.0,0.9885098200787855,0.6562467679868208,69681.64162360138,288.15,0.8385412648334485,25.843774714744075,0.021945328841220746,4.9,6.647466201932924
4350.0,9970.0,14.700000000000001,50.5,23.900000000000002,180.0,39.800000000000004,2597.0,44.800000000000004,14.05,88.9,1131.0,55.0,84.0,4956.922345046524,28.476853566041395,18.246369639073443,7.382516332748143,0.5272003938561145,1.0497566737925526,0.34,1.0,0.6563301783454546,1.0,0.9885098200787855,0.6563301783454546,69681.64162360138,288.15,0.8385412648334485,25.843774714744075,0.02194702874327316,5.300000000000001,6.647332003154291
4400.0,9990.0,14.8,50.0,24.400000000000002,180.0,40.2,2595.0,44.5,14.0,89.0,1122.0,54.7,84.2,4956.822286786595,28.476853566041395,18.24600132586032,7.382516332748143,0.5272003938561145,1.0497566737925526,0.39,1.0,0.6564135763128885,1.0,0.9885098200787855,0.6564135763128885,69681.64162360138,288.15,0.8385412648334485,25.843774714744075,0.021948728408849066,5.1000000000000005,6.64719782302656
4450.0,10020.0,15.100000000000001,50.5,26.1,180.0,39.800000000000004,2596.0,45.1,13.950000000000001,87.9,1133.0,55.2,83.4,4956.722242445958,28.476853566041395,18.245633063883936,7.382516332748143,0.5272003938561145,1.0497566737925526,0.41000000000000003,1.0,0.6564969618791215,1.0,0.9885098200787855,0.6564969618791215,69681.64162360138,288.15,0.8385412648334485,25.843774714744075,0.02195042783775681,4.9,6.647063661564879
4500.0,10000.0,15.200000000000001,49.5,25.1,182.0,40.1,2593.0,44.800000000000004,13.950000000000001,88.4,1126.0,55.400000000000006,82.9,4956.622212035887,28.476853566041395,18.245264853185795,7.382516332748143,0.5272003938561145,1.0497566737925526,0.41000000000000003,1.0,0.6565803350341588,1.0,0.9885098200787855,0.6565803350341588,69681.64162360138,288.15,0.8385412648334485,25.843774714744075,0.021952127029804987,4.9,6.646929518784366
4550.0,10000.0,14.700000000000001,50.5,25.5,181.0,39.7,2598.0,45.1,13.9,88.5,1128.0,55.300000000000004,83.9,4956.522195567655,28.476853566041395,18.24489669380739,7.382516332748143,0.5272003938561145,1.0497566737925526,0.39,1.0,0.6566636957680178,1.0,0.9885098200787855,0.6566636957680178,69681.64162360138,288.15,0.8385412648334485,25.843774714744075,0.02195382598480249,5.300000000000001,6.6467953947001375
4600.0,10010.0,14.100000000000001,50.0,24.900000000000002,179.0,40.0,2599.0,44.7,14.05,87.9,1125.0,55.6,83.5,4956.422193052507,28.476853566041395,18.244528585790114,7.382516332748143,0.5272003938561145,1.0497566737925526,0.4,1.0,0.656747044070731,1.0,0.9885098200787855,0.656747044070731,69681.64162360138,288.15,0.8385412648334485,25.843774714744075,0.021955524702558342,4.5,6.646661289327274
4650.0,10020.0,15.200000000000001,50.0,25.200000000000003,179.0,40.2,2593.0,44.900000000000006,13.950000000000001,88.10000000000001,1129.0,55.2,84.10000000000001,4956.322204501686,28.476853566041395,18.244160529175353,7.382516332748143,0.5272003938561145,1.0497566737925526,0.38,1.0,0.6568303799323368,1.0,0.9885098200787855,0.6568303799323368,69681.64162360138,288.15,0.8385412648334485,25.843774714744075,0.021957223182881937,5.1000000000000005,6.646527202680852
4700.0,9990.0,15.700000000000001,49.0,25.5,181.0,39.800000000000004,2603.0,45.300000000000004,14.05,88.5,1126.0,55.0,84.0,4956.22222992641,28.476853566041395,18.243792524004398,7.382516332748143,0.5272003938561145,1.0497566737925526,0.42,1.0,0.6569137033428922,1.0,0.9885098200787855,0.6569137033428922,69681.64162360138,288.15,0.8385412648334485,25.843774714744075,0.021958921425582742,5.0,6.6463931347759155
4750.0,9990.0,15.200000000000001,50.5,25.3,181.0,39.900000000000006,2591.0,44.7,13.9,88.60000000000001,1127.0,55.0,82.30000000000001,4956.122269337895,28.476853566041395,18.243424570318535,7.382516332748143,0.5272003938561145,1.0497566737925526,0.34,1.0,0.6569970142924576,1.0,0.9885098200787855,0.6569970142924576,69681.64162360138,288.15,0.8385412648334485,25.843774714744075,0.02196061943047059,5.2,6.646259085627504
4800.0,9990.0,15.100000000000001,49.5,25.6,180.0,40.1,2604.0,45.5,14.0,88.10000000000001,1126.0,55.300000000000004,83.7,4956.022322747333,28.476853566041395,18.243056668158967,7.382516332748143,0.5272003938561145,1.0497566737925526,0.37,1.0,0.6570803127711113,1.0,0.9885098200787855,0.6570803127711113,69681.64162360138,288.15,0.8385412648334485,25.843774714744075,0.02196231719735542,5.300000000000001,6.6461250552506295
4850.0,10000.0,15.700000000000001,50.0,25.700000000000003,180.0,40.2,2591.0,44.7,14.05,89.10000000000001,1127.0,54.7,83.10000000000001,4955.9223901659125,28.476853566041395,18.242688817566872,7.382516332748143,0.5272003938561145,1.0497566737925526,0.34,1.0,0.6571635987689368,1.0,0.9885098200787855,0.6571635987689368,69681.64162360138,288.15,0.8385412648334485,25.843774714744075,0.02196401472604754,4.5,6.645991043660292
4900.0,10000.0,15.3,50.0,24.1,180.0,40.0,2603.0,44.6,14.0,89.5,1128.0,55.300000000000004,83.80000000000001,4955.822471604799,28.476853566041395,18.242321018583358,7.382516332748143,0.5272003938561145,1.0497566737925526,0.39,1.0,0.6572468722760366,1.0,0.9885098200787855,0.6572468722760366,69681.64162360138,288.15,0.8385412648334485,25.843774714744075,0.021965712016357407,5.2,6.645857050871468
4950.0,9990.0,15.3,49.5,25.1,180.0,39.900000000000006,2594.0,44.800000000000004,13.950000000000001,88.2,1124.0,55.2,83.2,4955.722567075149,28.476853566041395,18.241953271249482,7.382516332748143,0.5272003938561145,1.0497566737925526,0.4,1.0,0.6573301332825194,1.0,0.9885098200787855,0.6573301332825194,69681.64162360138,288.15,0.8385412648334485,25.843774714744075,0.0219674090680957,4.7,6.645723076899116
5000.0,9990.0,14.8,50.5,25.1,180.0,40.1,2586.0,45.0,14.15,88.5,1127.0,55.300000000000004,84.2,4955.622676588106,28.476853566041395,18.24158557560627,7.382516332748143,0.5272003938561145,1.0497566737925526,0.32,1.0,0.6574133817785054,1.0,0.9885098200787855,0.6574133817785054,69681.64162360138,288.15,0.8385412648334485,25.843774714744075,0.02196910588107339,4.5,6.6455891217581815
5050.0,10000.0,14.8,50.5,24.900000000000002,178.0,39.7,2583.0,44.900000000000006,14.0,88.2,1130.0,55.6,83.7,4955.522800154797,28.476853566041395,18.241217931694678,7.382516332748143,0.5272003938561145,1.0497566737925526,0.32,1.0,0.657496617754129,1.0,0.9885098200787855,0.657496617754129,69681.64162360138,288.15,0.8385412648334485,25.843774714744075,0.021970802455101628,5.1000000000000005,6.645455185463586
5100.0,10010.0,15.100000000000001,50.5,24.5,182.0,39.800000000000004,2597.0,44.5,13.950000000000001,89.30000000000001,1126.0,55.400000000000006,83.9,4955.422937786336,28.476853566041395,18.240850339555617,7.382516332748143,0.5272003938561145,1.0497566737925526,0.38,1.0,0.6575798411995338,1.0,0.9885098200787855,0.6575798411995338,69681.64162360138,288.15,0.8385412648334485,25.843774714744075,0.02197249878999183,5.300000000000001,6.645321268030233
5150.0,10000.0,14.5,49.5,25.200000000000003,180.0,39.7,2591.0,44.800000000000004,14.0,87.60000000000001,1125.0,54.900000000000006,84.2,4955.323089493825,28.476853566041395,18.240482799229955,7.382516332748143,0.5272003938561145,1.0497566737925526,0.41000000000000003,1.0,0.6576630521048756,1.0,0.9885098200787855,0.6576630521048756,69681.64162360138,288.15,0.8385412648334485,25.843774714744075,0.021974194885555583,4.9,6.6451873694730095
5200.0,10000.0,15.0,49.5,24.5,179.0,39.900000000000006,2590.0,45.0,14.05,87.5,1127.0,55.1,83.9,4955.223255288354,28.476853566041395,18.24011531075851,7.382516332748143,0.5272003938561145,1.0497566737925526,0.38,1.0,0.6577462504603199,1.0,0.9885098200787855,0.6577462504603199,69681.64162360138,288.15,0.8385412648334485,25.843774714744075,0.021975890741604776,4.6000000000000005,6.645053489806789
5250.0,9980.0,15.0,50.5,24.1,180.0,40.2,2594.0,45.2,13.950000000000001,88.30000000000001,1123.0,54.300000000000004,84.2,4955.123435180996,28.476853566041395,18.239747874182047,7.382516332748143,0.5272003938561145,1.0497566737925526,0.35000000000000003,1.0,0.6578294362560458,1.0,0.9885098200787855,0.6578294362560458,69681.64162360138,288.15,0.8385412648334485,25.843774714744075,0.021977586357951516,4.800000000000001,6.64491962904642
5300.0,9980.0,14.600000000000001,50.0,24.700000000000003,180.0,40.1,2596.0,45.1,14.100000000000001,87.80000000000001,1127.0,55.6,84.4,4955.02362918281,28.476853566041395,18.23938048954127,7.382516332748143,0.5272003938561145,1.0497566737925526,0.34,1.0,0.6579126094822443,1.0,0.9885098200787855,0.6579126094822443,69681.64162360138,288.15,0.8385412648334485,25.843774714744075,0.021979281734408114,4.9,6.6447857872067315
5350.0,10020.0,15.200000000000001,50.0,24.900000000000002,180.0,40.1,2593.0,45.0,14.0,88.0,1128.0,56.2,82.9,4954.923837304844,28.476853566041395,18.239013156876844,7.382516332748143,0.5272003938561145,1.0497566737925526,0.39,1.0,0.6579957701291153,1.0,0.9885098200787855,0.6579957701291153,69681.64162360138,288.15,0.8385412648334485,25.843774714744075,0.021980976870787084,4.800000000000001,6.644651964302542
5400.0,10010.0,15.0,50.5,25.5,180.0,40.2,2585.0,45.5,14.05,89.0,1124.0,54.900000000000006,83.80000000000001,4954.824059558132,28.476853566041395,18.23864587622939,7.382516332748143,0.5272003938561145,1.0497566737925526,0.38,1.0,0.6580789181868693,1.0,0.9885098200787855,0.6580789181868693,69681.64162360138,288.15,0.8385412648334485,25.843774714744075,0.021982671766901225,5.0,6.644518160348647
5450.0,10010.0,14.5,50.5,25.0,180.0,39.7,2596.0,44.300000000000004,14.05,87.5,1127.0,55.1,84.30000000000001,4954.724295953694,28.476853566041395,18.238278647639476,7.382516332748143,0.5272003938561145,1.0497566737925526,0.38,1.0,0.6581620536457308,1.0,0.9885098200787855,0.6581620536457308,69681.64162360138,288.15,0.8385412648334485,25.843774714744075,0.02198436642256359,4.800000000000001,6.644384375359824
5500.0,9990.0,15.4,50.5,24.8,180.0,39.7,2596.0,44.5,14.05,88.5,1133.0,54.800000000000004,83.7,4954.624546502535,28.476853566041395,18.2379114711476,7.382516332748143,0.5272003938561145,1.0497566737925526,0.44,1.0,0.6582451764959368,1.0,0.9885098200787855,0.6582451764959368,69681.64162360138,288.15,0.8385412648334485,25.843774714744075,0.021986060837587376,5.300000000000001,6.64425060935083
5550.0,9990.0,15.100000000000001,50.0,25.1,179.0,40.0,2588.0,45.0,14.05,88.2,1123.0,55.5,83.9,4954.524811215649,28.476853566041395,18.23754434679424,7.382516332748143,0.5272003938561145,1.0497566737925526,0.36,1.0,0.6583282867277316,1.0,0.9885098200787855,0.6583282867277316,69681.64162360138,288.15,0.8385412648334485,25.843774714744075,0.021987755011786073,4.9,6.64411686233641
5600.0,9980.0,14.700000000000001,49.5,25.5,179.0,40.1,2592.0,45.1,14.0,88.9,1126.0,54.6,83.0,4954.425090104014,28.476853566041395,18.237177274619807,7.382516332748143,0.5272003938561145,1.0497566737925526,0.37,1.0,0.6584113843313735,1.0,0.9885098200787855,0.6584113843313735,69681.64162360138,288.15,0.8385412648334485,25.843774714744075,0.021989448944973383,4.6000000000000005,6.643983134331285
5650.0,10000.0,14.9,51.0,24.3,180.0,39.800000000000004,2592.0,45.0,13.850000000000001,88.5,1132.0,55.0,83.9,4954.325383178597,28.476853566041395,18.23681025466466,7.382516332748143,0.5272003938561145,1.0497566737925526,0.41000000000000003,1.0,0.6584944692971312,1.0,0.9885098200787855,0.6584944692971312,69681.64162360138,288.15,0.8385412648334485,25.843774714744075,0.02199114263696321,4.9,6.6438494253501625
5700.0,9990.0,14.3,50.5,25.0,179.0,40.0,2592.0,44.800000000000004,14.05,87.5,1129.0,54.7,83.4,4954.225690450351,28.476853566041395,18.236443286969127,7.382516332748143,0.5272003938561145,1.0497566737925526,0.44,1.0,0.6585775416152839,1.0,0.9885098200787855,0.6585775416152839,69681.64162360138,288.15,0.8385412648334485,25.843774714744075,0.02199283608756975,5.2,6.6437157354077305
5750.0,10000.0,14.700000000000001,49.5,25.0,180.0,40.0,2594.0,44.900000000000006,13.9,88.0,1129.0,54.7,83.60000000000001,4954.126011930213,28.476853566041395,18.23607637157346,7.382516332748143,0.5272003938561145,1.0497566737925526,0.36,1.0,0.6586606012761247,1.0,0.9885098200787855,0.6586606012761247,69681.64162360138,288.15,0.8385412648334485,25.843774714744075,0.02199452929660738,5.0,6.643582064518655
5800.0,10000.0,15.4,50.5,24.5,181.0,39.800000000000004,2592.0,45.1,13.950000000000001,88.9,1125.0,55.0,83.4,4954.026347629109,28.476853566041395,18.235709508517886,7.382516332748143,0.5272003938561145,1.0497566737925526,0.36,1.0,0.6587436482699561,1.0,0.9885098200787855,0.6587436482699561,69681.64162360138,288.15,0.8385412648334485,25.843774714744075,0.021996222263890728,5.2,6.643448412697588
5850.0,10010.0,15.5,51.0,24.6,180.0,39.800000000000004,2591.0,44.800000000000004,13.950000000000001,87.7,1127.0,54.800000000000004,84.10000000000001,4953.92669755795,28.476853566041395,18.235342697842558,7.382516332748143,0.5272003938561145,1.0497566737925526,0.35000000000000003,1.0,0.6588266825870925,1.0,0.9885098200787855,0.6588266825870925,69681.64162360138,288.15,0.8385412648334485,25.843774714744075,0.021997914989234625,5.7,6.643314779959163
5900.0,9990.0,15.0,49.5,25.700000000000003,181.0,40.1,2589.0,45.1,13.9,89.2,1129.0,55.2,82.5,4953.827061727634,28.476853566041395,18.234975939587596,7.382516332748143,0.5272003938561145,1.0497566737925526,0.35000000000000003,1.0,0.6589097042178579,1.0,0.9885098200787855,0.6589097042178579,69681.64162360138,288.15,0.8385412648334485,25.843774714744075,0.02199960747245413,5.1000000000000005,6.6431811663179925
5950.0,10010.0,15.3,49.0,25.1,181.0,39.7,2594.0,45.1,14.0,87.2,1126.0,55.1,83.60000000000001,4953.7274401490495,28.476853566041395,18.234609233793083,7.382516332748143,0.5272003938561145,1.0497566737925526,0.36,1.0,0.6589927131525888,1.0,0.9885098200787855,0.6589927131525888,69681.64162360138,288.15,0.8385412648334485,25.843774714744075,0.022001299713364588,4.800000000000001,6.643047571788679
6000.0,10000.0,15.100000000000001,50.0,24.8,180.0,39.6,2596.0,45.0,14.0,88.9,1122.0,54.5,83.9,4953.6278328330645,28.476853566041395,18.23424258049902,7.382516332748143,0.5272003938561145,1.0497566737925526,0.38,1.0,0.6590757093816344,1.0,0.9885098200787855,0.6590757093816344,69681.64162360138,288.15,0.8385412648334485,25.843774714744075,0.022002991711781515,5.0,6.642913996385797
6050.0,9990.0,15.200000000000001,50.5,25.200000000000003,180.0,39.6,2597.0,45.400000000000006,14.05,87.80000000000001,1129.0,55.5,84.5,4953.528239790536,28.476853566041395,18.233875979745378,7.382516332748143,0.5272003938561145,1.0497566737925526,0.35000000000000003,1.0,0.6591586928953537,1.0,0.9885098200787855,0.6591586928953537,69681.64162360138,288.15,0.8385412648334485,25.843774714744075,0.02200468346752067,4.9,6.642780440123905
6100.0,10010.0,15.0,49.5,25.200000000000003,180.0,40.0,2595.0,44.900000000000006,14.100000000000001,87.80000000000001,1125.0,55.2,84.2,4953.428661032312,28.476853566041395,18.23350943157208,7.382516332748143,0.5272003938561145,1.0497566737925526,0.34,1.0,0.6592416636841165,1.0,0.9885098200787855,0.6592416636841165,69681.64162360138,288.15,0.8385412648334485,25.843774714744075,0.022006374980398015,4.6000000000000005,6.6426469030175515
6150.0,9980.0,15.0,49.5,24.8,181.0,39.900000000000006,2595.0,44.900000000000006,14.05,88.60000000000001,1125.0,55.2,84.2,4953.329096569222,28.476853566041395,18.233142936018993,7.382516332748143,0.5272003938561145,1.0497566737925526,0.39,1.0,0.6593246217383032,1.0,0.9885098200787855,0.6593246217383032,69681.64162360138,288.15,0.8385412648334485,25.843774714744075,0.02200806625022985,4.6000000000000005,6.6425133850812585
6200.0,10010.0,14.700000000000001,50.5,25.400000000000002,180.0,40.0,2593.0,45.2,14.0,88.4,1129.0,55.0,83.4,4953.229546412082,28.476853566041395,18.23277649312593,7.382516332748143,0.5272003938561145,1.0497566737925526,0.35000000000000003,1.0,0.6594075670483105,1.0,0.9885098200787855,0.6594075670483105,69681.64162360138,288.15,0.8385412648334485,25.843774714744075,0.02200975727683252,4.7,6.64237988632953
6250.0,9980.0,15.200000000000001,51.0,25.6,179.0,40.1,2600.0,44.900000000000006,14.0,87.10000000000001,1128.0,54.900000000000006,83.80000000000001,4953.130010571699,28.476853566041395,18.232410102932675,7.382516332748143,0.5272003938561145,1.0497566737925526,0.33,1.0,0.6594904996045374,1.0,0.9885098200787855,0.6594904996045374,69681.64162360138,288.15,0.8385412648334485,25.843774714744075,0.02201144806002275,5.1000000000000005,6.64224640677686
6300.0,10010.0,14.8,49.5,24.1,180.0,39.900000000000006,2588.0,45.1,13.950000000000001,87.60000000000001,1125.0,55.6,84.0,4953.030489058863,28.476853566041395,18.232043765478938,7.382516332748143,0.5272003938561145,1.0497566737925526,0.38,1.0,0.6595734193974027,1.0,0.9885098200787855,0.6595734193974027,69681.64162360138,288.15,0.8385412648334485,25.843774714744075,0.022013138599617444,5.1000000000000005,6.642112946437717
6350.0,9990.0,15.0,50.0,24.8,180.0,39.800000000000004,2596.0,45.2,13.8,89.0,1119.0,55.0,84.2,4952.93098188435,28.476853566041395,18.231677480804393,7.382516332748143,0.5272003938561145,1.0497566737925526,0.37,1.0,0.6596563264173317,1.0,0.9885098200787855,0.6596563264173317,69681.64162360138,288.15,0.8385412648334485,25.843774714744075,0.022014828895433717,4.6000000000000005,6.641979505326551
6400.0,9990.0,15.3,49.0,25.5,180.0,39.800000000000004,2592.0,44.7,14.05,88.7,1123.0,55.1,83.30000000000001,4952.831489058926,28.476853566041395,18.231311248948668,7.382516332748143,0.5272003938561145,1.0497566737925526,0.42,1.0,0.6597392206547625,1.0,0.9885098200787855,0.6597392206547625,69681.64162360138,288.15,0.8385412648334485,25.843774714744075,0.022016518947288954,4.6000000000000005,6.641846083457802
6450.0,10020.0,15.0,49.5,24.700000000000003,179.0,39.7,2595.0,44.6,13.850000000000001,88.0,1122.0,55.0,83.2,4952.732010593338,28.476853566041395,18.230945069951314,7.382516332748143,0.5272003938561145,1.0497566737925526,0.35000000000000003,1.0,0.659822102100145,1.0,0.9885098200787855,0.659822102100145,69681.64162360138,288.15,0.8385412648334485,25.843774714744075,0.022018208755000688,5.5,6.641712680845878
6500.0,10000.0,15.100000000000001,49.0,24.700000000000003,180.0,39.800000000000004,2598.0,44.6,14.0,87.9,1127.0,55.0,83.60000000000001,4952.632546498327,28.476853566041395,18.230578943851885,7.382516332748143,0.5272003938561145,1.0497566737925526,0.37,1.0,0.6599049707439368,1.0,0.9885098200787855,0.6599049707439368,69681.64162360138,288.15,0.8385412648334485,25.843774714744075,0.022019898318386754,4.800000000000001,6.641579297505188
6550.0,10010.0,15.100000000000001,50.0,24.8,181.0,40.0,2593.0,45.0,14.100000000000001,87.4,1129.0,54.6,83.80000000000001,4952.5330967846185,28.476853566041395,18.230212870689844,7.382516332748143,0.5272003938561145,1.0497566737925526,0.43,1.0,0.6599878265766108,1.0,0.9885098200787855,0.6599878265766108,69681.64162360138,288.15,0.8385412648334485,25.843774714744075,0.022021587637265187,5.1000000000000005,6.641445933450109
6600.0,10000.0,14.8,50.0,24.900000000000002,179.0,39.900000000000006,2595.0,44.800000000000004,13.950000000000001,87.4,1128.0,55.5,83.80000000000001,4952.433661462918,28.476853566041395,18.22984685050461,7.382516332748143,0.5272003938561145,1.0497566737925526,0.41000000000000003,1.0,0.6600706695886494,1.0,0.9885098200787855,0.6600706695886494,69681.64162360138,288.15,0.8385412648334485,25.843774714744075,0.022023276711454258,5.0,6.641312588695003
6650.0,10000.0,15.100000000000001,50.0,24.8,182.0,39.900000000000006,2592.0,45.1,14.0,87.4,1130.0,55.2,83.10000000000001,4952.334240543926,28.476853566041395,18.22948088333557,7.382516332748143,0.5272003938561145,1.0497566737925526,0.42,1.0,0.6601534997705462,1.0,0.9885098200787855,0.6601534997705462,69681.64162360138,288.15,0.8385412648334485,25.843774714744075,0.022024965540772438,5.1000000000000005,6.641179263254217
6700.0,9980.0,15.5,50.5,25.0,181.0,40.0,2594.0,44.800000000000004,14.05,88.5,1127.0,55.0,83.7,4952.234834038327,28.476853566041395,18.229114969222046,7.382516332748143,0.5272003938561145,1.0497566737925526,0.38,1.0,0.6602363171128052,1.0,0.9885098200787855,0.6602363171128052,69681.64162360138,288.15,0.8385412648334485,25.843774714744075,0.022026654125038476,4.6000000000000005,6.641045957142078
6750.0,9980.0,15.200000000000001,48.5,25.1,180.0,40.300000000000004,2592.0,45.2,14.0,88.30000000000001,1129.0,55.1,84.2,4952.135441956787,28.476853566041395,18.228749108203303,7.382516332748143,0.5272003938561145,1.0497566737925526,0.35000000000000003,1.0,0.6603191216059445,1.0,0.9885098200787855,0.6603191216059445,69681.64162360138,288.15,0.8385412648334485,25.843774714744075,0.022028342464071256,5.0,6.640912670372891
6800.0,10010.0,15.200000000000001,51.0,24.700000000000003,179.0,39.800000000000004,2597.0,45.1,14.0,87.5,1129.0,54.900000000000006,84.30000000000001,4952.03606430997,28.476853566041395,18.2283833003186,7.382516332748143,0.5272003938561145,1.0497566737925526,0.47000000000000003,1.0,0.6604019132404876,1.0,0.9885098200787855,0.6604019132404876,69681.64162360138,288.15,0.8385412648334485,25.843774714744075,0.022030030557690032,5.0,6.640779402960957
6850.0,10010.0,14.9,49.0,24.8,179.0,39.7,2601.0,45.1,14.05,88.0,1126.0,55.6,83.7,4951.936701108514,28.476853566041395,18.22801754560709,7.382516332748143,0.5272003938561145,1.0497566737925526,0.4,1.0,0.6604846920069775,1.0,0.9885098200787855,0.6604846920069775,69681.64162360138,288.15,0.8385412648334485,25.843774714744075,0.022031718405714124,4.9,6.640646154920541
6900.0,10000.0,14.600000000000001,49.0,24.900000000000002,180.0,39.7,2594.0,45.0,13.850000000000001,87.60000000000001,1128.0,55.400000000000006,83.10000000000001,4951.837352363053,28.476853566041395,18.227651844107918,7.382516332748143,0.5272003938561145,1.0497566737925526,0.39,1.0,0.6605674578959596,1.0,0.9885098200787855,0.6605674578959596,69681.64162360138,288.15,0.8385412648334485,25.843774714744075,0.022033406007963198,5.2,6.6405129262659015
6950.0,10010.0,15.0,50.0,24.700000000000003,180.0,40.0,2597.0,45.0,14.05,88.2,1129.0,55.6,83.30000000000001,4951.738018084203,28.476853566041395,18.227286195860163,7.382516332748143,0.5272003938561145,1.0497566737925526,0.33,1.0,0.6606502108979971,1.0,0.9885098200787855,0.6606502108979971,69681.64162360138,288.15,0.8385412648334485,25.843774714744075,0.022035093364257064,5.300000000000001,6.640379717011279
7000.0,10000.0,14.5,49.5,25.3,180.0,39.900000000000006,2600.0,44.7,13.950000000000001,88.30000000000001,1128.0,55.5,84.10000000000001,4951.63869828257,28.476853566041395,18.22692060090286,7.382516332748143,0.5272003938561145,1.0497566737925526,0.39,1.0,0.6607329510036598,1.0,0.9885098200787855,0.6607329510036598,69681.64162360138,288.15,0.8385412648334485,25.843774714744075,0.022036780474415797,5.1000000000000005,6.640246527170892
7050.0,10000.0,15.0,50.0,25.1,181.0,40.1,2594.0,44.800000000000004,14.0,88.2,1127.0,56.1,83.4,4951.5393929687425,28.476853566041395,18.226555059274997,7.382516332748143,0.5272003938561145,1.0497566737925526,0.39,1.0,0.6608156782035304,1.0,0.9885098200787855,0.6608156782035304,69681.64162360138,288.15,0.8385412648334485,25.843774714744075,0.02203846733825971,5.2,6.640113356758944
7100.0,10000.0,15.700000000000001,50.0,25.1,179.0,39.900000000000006,2595.0,45.300000000000004,14.05,88.9,1127.0,55.2,85.0,4951.440102153299,28.476853566041395,18.226189571015503,7.382516332748143,0.5272003938561145,1.0497566737925526,0.39,1.0,0.6608983924882036,1.0,0.9885098200787855,0.6608983924882036,69681.64162360138,288.15,0.8385412648334485,25.843774714744075,0.022040153955609335,4.800000000000001,6.639980205789619
7150.0,9990.0,14.700000000000001,50.5,24.900000000000002,180.0,40.0,2597.0,44.7,13.950000000000001,88.30000000000001,1128.0,55.400000000000006,83.2,4951.340825846804,28.476853566041395,18.225824136163265,7.382516332748143,0.5272003938561145,1.0497566737925526,0.4,1.0,0.6609810938482853,1.0,0.9885098200787855,0.6609810938482853,69681.64162360138,288.15,0.8385412648334485,25.843774714744075,0.02204184032628541,4.800000000000001,6.639847074277082
7200.0,9990.0,14.700000000000001,50.5,25.3,180.0,40.2,2605.0,44.5,13.950000000000001,87.80000000000001,1125.0,54.900000000000006,83.5,4951.241564059808,28.476853566041395,18.225458754757124,7.382516332748143,0.5272003938561145,1.0497566737925526,0.34,1.0,0.6610637822743906,1.0,0.9885098200787855,0.6610637822743906,69681.64162360138,288.15,0.8385412648334485,25.843774714744075,0.0220435264501089,5.0,6.639713962235485
7250.0,10000.0,15.100000000000001,50.5,25.200000000000003,180.0,40.400000000000006,2595.0,44.400000000000006,13.950000000000001,87.10000000000001,1127.0,55.300000000000004,83.4,4951.142316802849,28.476853566041395,18.225093426835866,7.382516332748143,0.5272003938561145,1.0497566737925526,0.44,1.0,0.6611464577571469,1.0,0.9885098200787855,0.6611464577571469,69681.64162360138,288.15,0.8385412648334485,25.843774714744075,0.022045212326901015,5.1000000000000005,6.639580869678957
7300.0,10010.0,14.700000000000001,49.5,25.0,180.0,39.6,2594.0,45.0,14.0,87.7,1126.0,55.300000000000004,83.7,4951.04308408645,28.476853566041395,18.224728152438235,7.382516332748143,0.5272003938561145,1.0497566737925526,0.4,1.0,0.6612291202871926,1.0,0.9885098200787855,0.6612291202871926,69681.64162360138,288.15,0.8385412648334485,25.843774714744075,0.022046897956483163,5.2,6.639447796621612
7350.0,10000.0,14.9,50.0,25.200000000000003,180.0,40.2,2598.0,45.400000000000006,14.15,87.60000000000001,1127.0,55.300000000000004,83.60000000000001,4950.943865921125,28.476853566041395,18.224362931602922,7.382516332748143,0.5272003938561145,1.0497566737925526,0.36,1.0,0.6613117698551768,1.0,0.9885098200787855,0.6613117698551768,69681.64162360138,288.15,0.8385412648334485,25.843774714744075,0.022048583338677007,4.6000000000000005,6.639314743077547
7400.0,10000.0,14.8,50.0,24.700000000000003,179.0,40.0,2595.0,45.2,14.15,88.30000000000001,1128.0,55.0,83.0,4950.844662317371,28.476853566041395,18.223997764368576,7.382516332748143,0.5272003938561145,1.0497566737925526,0.43,1.0,0.6613944064517605,1.0,0.9885098200787855,0.6613944064517605,69681.64162360138,288.15,0.8385412648334485,25.843774714744075,0.02205026847330442,4.7,6.639181709060842
7450.0,9990.0,15.0,50.0,24.6,180.0,40.2,2591.0,44.6,14.05,88.4,1125.0,54.800000000000004,83.30000000000001,4950.74547328567,28.476853566041395,18.223632650773773,7.382516332748143,0.5272003938561145,1.0497566737925526,0.38,1.0,0.6614770300676158,1.0,0.9885098200787855,0.6614770300676158,69681.64162360138,288.15,0.8385412648334485,25.843774714744075,0.02205195336018746,5.2,6.639048694585551
7500.0,9990.0,15.0,50.5,24.0,181.0,39.800000000000004,2596.0,45.1,14.100000000000001,88.4,1121.0,55.1,83.7,4950.6462988365,28.476853566041395,18.223267590857084,7.382516332748143,0.5272003938561145,1.0497566737925526,0.38,1.0,0.6615596406934225,1.0,0.9885098200787855,0.6615596406934225,69681.64162360138,288.15,0.8385412648334485,25.843774714744075,0.02205363799914848,5.1000000000000005,6.638915699665724
7550.0,10010.0,15.200000000000001,50.0,24.3,180.0,40.1,2590.0,45.2,14.05,88.2,1119.0,54.900000000000006,84.60000000000001,4950.547138980314,28.476853566041395,18.222902584656993,7.382516332748143,0.5272003938561145,1.0497566737925526,0.36,1.0,0.6616422383198768,1.0,0.9885098200787855,0.6616422383198768,69681.64162360138,288.15,0.8385412648334485,25.843774714744075,0.02205532239001001,4.5,6.638782724315382
7600.0,10010.0,15.0,50.5,25.1,180.0,40.1,2597.0,45.7,14.05,87.2,1128.0,55.800000000000004,84.2,4950.447993727561,28.476853566041395,18.222537632211953,7.382516332748143,0.5272003938561145,1.0497566737925526,0.37,1.0,0.6617248229376824,1.0,0.9885098200787855,0.6617248229376824,69681.64162360138,288.15,0.8385412648334485,25.843774714744075,0.02205700653259482,5.2,6.638649768548534
7650.0,10010.0,15.8,49.5,24.8,180.0,39.900000000000006,2591.0,44.2,13.950000000000001,88.30000000000001,1126.0,56.0,83.60000000000001,4950.34886308867,28.476853566041395,18.22217273356036,7.382516332748143,0.5272003938561145,1.0497566737925526,0.42,1.0,0.6618073945375552,1.0,0.9885098200787855,0.6618073945375552,69681.64162360138,288.15,0.8385412648334485,25.843774714744075,0.02205869042672591,5.0,6.63851683237917
7700.0,10010.0,15.100000000000001,50.5,25.0,180.0,40.1,2593.0,45.1,14.15,87.9,1128.0,55.800000000000004,84.2,4950.249747074062,28.476853566041395,18.221807888740567,7.382516332748143,0.5272003938561145,1.0497566737925526,0.38,1.0,0.6618899531102224,1.0,0.9885098200787855,0.6618899531102224,69681.64162360138,288.15,0.8385412648334485,25.843774714744075,0.022060374072226475,4.4,6.638383915821259
7750.0,10010.0,14.3,50.5,25.1,181.0,39.800000000000004,2588.0,45.1,14.0,87.80000000000001,1127.0,56.300000000000004,84.0,4950.150645694142,28.476853566041395,18.221443097790885,7.382516332748143,0.5272003938561145,1.0497566737925526,0.41000000000000003,1.0,0.6619724986464207,1.0,0.9885098200787855,0.6619724986464207,69681.64162360138,288.15,0.8385412648334485,25.843774714744075,0.02206205746891998,5.2,6.638251018888759
7800.0,10020.0,14.9,49.0,24.900000000000002,181.0,39.800000000000004,2594.0,44.800000000000004,14.100000000000001,88.5,1128.0,55.6,83.60000000000001,4950.051558959303,28.476853566041395,18.221078360749562,7.382516332748143,0.5272003938561145,1.0497566737925526,0.39,1.0,0.6620550311369003,1.0,0.9885098200787855,0.6620550311369003,69681.64162360138,288.15,0.8385412648334485,25.843774714744075,0.022063740616630058,4.7,6.638118141595605
7850.0,9970.0,15.0,50.0,25.5,181.0,40.300000000000004,2590.0,44.900000000000006,14.05,89.60000000000001,1131.0,55.800000000000004,83.4,4949.952486879925,28.476853566041395,18.220713677654807,7.382516332748143,0.5272003938561145,1.0497566737925526,0.35000000000000003,1.0,0.66213755057242,1.0,0.9885098200787855,0.66213755057242,69681.64162360138,288.15,0.8385412648334485,25.843774714744075,0.022065423515180618,5.1000000000000005,6.637985283955718
7900.0,9990.0,14.9,50.0,25.6,180.0,39.5,2596.0,44.800000000000004,14.0,88.0,1126.0,55.7,82.80000000000001,4949.853429466373,28.476853566041395,18.22034904854478,7.382516332748143,0.5272003938561145,1.0497566737925526,0.37,1.0,0.6622200569437512,1.0,0.9885098200787855,0.6622200569437512,69681.64162360138,288.15,0.8385412648334485,25.843774714744075,0.02206710616439574,5.1000000000000005,6.637852445982997
7950.0,9990.0,14.5,50.5,25.400000000000002,180.0,39.6,2597.0,44.5,14.0,87.5,1124.0,55.2,83.5,4949.7543867290005,28.476853566041395,18.219984473457583,7.382516332748143,0.5272003938561145,1.0497566737925526,0.36,1.0,0.6623025502416751,1.0,0.9885098200787855,0.6623025502416751,69681.64162360138,288.15,0.8385412648334485,25.843774714744075,0.022068788564099752,5.1000000000000005,6.637719627691324
8000.0,9990.0,15.3,50.0,24.700000000000003,179.0,39.7,2595.0,44.900000000000006,13.850000000000001,87.7,1125.0,55.900000000000006,82.80000000000001,4949.655358678152,28.476853566041395,18.2196199524313,7.382516332748143,0.5272003938561145,1.0497566737925526,0.34,1.0,0.6623850304569839,1.0,0.9885098200787855,0.6623850304569839,69681.64162360138,288.15,0.8385412648334485,25.843774714744075,0.022070470714117257,5.2,6.637586829094576
8050.0,10020.0,14.8,49.5,25.200000000000003,178.0,39.6,2593.0,45.5,13.950000000000001,88.10000000000001,1130.0,56.1,83.30000000000001,4949.556345324147,28.476853566041395,18.219255485503915,7.382516332748143,0.5272003938561145,1.0497566737925526,0.38,1.0,0.6624674975804843,1.0,0.9885098200787855,0.6624674975804843,69681.64162360138,288.15,0.8385412648334485,25.843774714744075,0.02207215261427299,5.4,6.637454050206587
8100.0,9980.0,15.3,49.5,25.0,180.0,39.800000000000004,2590.0,45.1,14.05,88.0,1127.0,55.6,83.10000000000001,4949.457346677304,28.476853566041395,18.21889107271341,7.382516332748143,0.5272003938561145,1.0497566737925526,0.4,1.0,0.6625499516029889,1.0,0.9885098200787855,0.6625499516029889,69681.64162360138,288.15,0.8385412648334485,25.843774714744075,0.022073834264391936,5.2,6.637321291041198
8150.0,10030.0,14.9,50.0,25.3,181.0,39.900000000000006,2593.0,45.2,13.950000000000001,87.80000000000001,1127.0,55.7,83.30000000000001,4949.358362747923,28.476853566041395,18.218526714097706,7.382516332748143,0.5272003938561145,1.0497566737925526,0.33,1.0,0.6626323925153228,1.0,0.9885098200787855,0.6626323925153228,69681.64162360138,288.15,0.8385412648334485,25.843774714744075,0.02207551566429936,4.5,6.63718855161222
8200.0,9980.0,14.600000000000001,50.0,24.5,179.0,39.800000000000004,2592.0,45.400000000000006,14.05,88.0,1126.0,55.2,83.80000000000001,4949.259393546291,28.476853566041395,18.218162409694656,7.382516332748143,0.5272003938561145,1.0497566737925526,0.4,1.0,0.662714820308325,1.0,0.9885098200787855,0.662714820308325,69681.64162360138,288.15,0.8385412648334485,25.843774714744075,0.022077196813820636,4.7,6.637055831933448
8250.0,10000.0,14.4,50.0,25.3,180.0,40.400000000000006,2591.0,45.1,14.0,88.0,1127.0,55.400000000000006,84.0,4949.160439082686,28.476853566041395,18.217798159542106,7.382516332748143,0.5272003938561145,1.0497566737925526,0.42,1.0,0.6627972349728398,1.0,0.9885098200787855,0.6627972349728398,69681.64162360138,288.15,0.8385412648334485,25.843774714744075,0.022078877712781508,4.9,6.636923132018664
8300.0,10010.0,14.8,50.5,24.700000000000003,181.0,40.400000000000006,2594.0,44.300000000000004,13.950000000000001,88.7,1128.0,55.5,84.10000000000001,4949.061499367364,28.476853566041395,18.217433963677802,7.382516332748143,0.5272003938561145,1.0497566737925526,0.4,1.0,0.6628796364997299,1.0,0.9885098200787855,0.6628796364997299,69681.64162360138,288.15,0.8385412648334485,25.843774714744075,0.02208055836100779,5.300000000000001,6.636790451881624
8350.0,10010.0,15.5,50.0,25.400000000000002,180.0,39.900000000000006,2601.0,45.1,14.05,88.10000000000001,1125.0,55.400000000000006,84.30000000000001,4948.962574410581,28.476853566041395,18.217069822139493,7.382516332748143,0.5272003938561145,1.0497566737925526,0.4,1.0,0.6629620248798617,1.0,0.9885098200787855,0.6629620248798617,69681.64162360138,288.15,0.8385412648334485,25.843774714744075,0.02208223875832563,4.5,6.636657791536077
8400.0,10000.0,15.5,50.0,24.3,182.0,40.1,2594.0,44.900000000000006,14.100000000000001,87.7,1130.0,55.6,83.7,4948.8636642225665,28.476853566041395,18.21670573496484,7.382516332748143,0.5272003938561145,1.0497566737925526,0.39,1.0,0.6630444001041174,1.0,0.9885098200787855,0.6630444001041174,69681.64162360138,288.15,0.8385412648334485,25.843774714744075,0.02208391890456133,4.9,6.636525150995746
8450.0,10010.0,14.700000000000001,49.0,25.200000000000003,181.0,40.1,2596.0,44.900000000000006,14.05,88.0,1126.0,55.300000000000004,84.60000000000001,4948.764768813545,28.476853566041395,18.216341702191478,7.382516332748143,0.5272003938561145,1.0497566737925526,0.33,1.0,0.663126762163387,1.0,0.9885098200787855,0.663126762163387,69681.64162360138,288.15,0.8385412648334485,25.843774714744075,0.022085598799541476,5.1000000000000005,6.636392530274341
8500.0,9980.0,15.0,50.0,24.200000000000003,180.0,39.900000000000006,2586.0,45.300000000000004,14.100000000000001,88.9,1128.0,55.400000000000006,84.2,4948.665888193726,28.476853566041395,18.215977723856984,7.382516332748143,0.5272003938561145,1.0497566737925526,0.43,1.0,0.663209111048575,1.0,0.9885098200787855,0.663209111048575,69681.64162360138,288.15,0.8385412648334485,25.843774714744075,0.022087278443092793,5.2,6.636259929385551
8550.0,9990.0,15.100000000000001,50.0,24.3,180.0,40.5,2597.0,45.400000000000006,14.0,87.9,1128.0,55.1,83.10000000000001,4948.567022373307,28.476853566041395,18.2156137999989,7.382516332748143,0.5272003938561145,1.0497566737925526,0.42,1.0,0.6632914467505925,1.0,0.9885098200787855,0.6632914467505925,69681.64162360138,288.15,0.8385412648334485,25.843774714744075,0.022088957835042316,5.300000000000001,6.636127348343052
8600.0,9990.0,15.3,50.0,25.1,180.0,40.2,2595.0,45.400000000000006,14.0,88.30000000000001,1125.0,56.2,83.80000000000001,4948.468171362469,28.476853566041395,18.215249930654696,7.382516332748143,0.5272003938561145,1.0497566737925526,0.4,1.0,0.6633737692603652,1.0,0.9885098200787855,0.6633737692603652,69681.64162360138,288.15,0.8385412648334485,25.843774714744075,0.02209063697521724,4.5,6.635994787160498
8650.0,9990.0,15.4,50.0,24.200000000000003,181.0,39.900000000000006,2600.0,45.0,14.0,88.7,1125.0,55.1,83.5,4948.369335171385,28.476853566041395,18.214886115861827,7.382516332748143,0.5272003938561145,1.0497566737925526,0.41000000000000003,1.0,0.663456078568828,1.0,0.9885098200787855,0.663456078568828,69681.64162360138,288.15,0.8385412648334485,25.843774714744075,0.02209231586344501,4.6000000000000005,6.635862245851531
8700.0,9980.0,15.3,49.5,24.8,179.0,39.900000000000006,2594.0,45.300000000000004,13.950000000000001,89.0,1125.0,55.2,84.30000000000001,4948.270513810208,28.476853566041395,18.214522355657664,7.382516332748143,0.5272003938561145,1.0497566737925526,0.39,1.0,0.6635383746669272,1.0,0.9885098200787855,0.6635383746669272,69681.64162360138,288.15,0.8385412648334485,25.843774714744075,0.022093994499553266,4.800000000000001,6.635729724429766
8750.0,10000.0,15.4,50.5,24.700000000000003,180.0,40.0,2590.0,45.0,14.0,88.60000000000001,1130.0,55.300000000000004,83.5,4948.171707289088,28.476853566041395,18.21415865007956,7.382516332748143,0.5272003938561145,1.0497566737925526,0.4,1.0,0.6636206575456192,1.0,0.9885098200787855,0.6636206575456192,69681.64162360138,288.15,0.8385412648334485,25.843774714744075,0.022095672883369864,4.800000000000001,6.635597222908813
8800.0,10010.0,15.0,49.5,24.6,181.0,40.0,2601.0,44.800000000000004,14.0,89.4,1124.0,54.800000000000004,84.2,4948.072915618155,28.476853566041395,18.213794999164815,7.382516332748143,0.5272003938561145,1.0497566737925526,0.36,1.0,0.6637029271958709,1.0,0.9885098200787855,0.6637029271958709,69681.64162360138,288.15,0.8385412648334485,25.843774714744075,0.02209735101472296,4.9,6.635464741302259
8850.0,9990.0,15.100000000000001,49.5,24.900000000000002,180.0,39.800000000000004,2591.0,44.900000000000006,13.9,87.7,1127.0,55.300000000000004,83.4,4947.974138807525,28.476853566041395,18.21343140295066,7.382516332748143,0.5272003938561145,1.0497566737925526,0.38,1.0,0.6637851836086637,1.0,0.9885098200787855,0.6637851836086637,69681.64162360138,288.15,0.8385412648334485,25.843774714744075,0.022099028893440828,4.800000000000001,6.635332279623669
8900.0,10010.0,15.4,50.0,25.200000000000003,180.0,40.1,2600.0,45.2,13.9,88.2,1130.0,55.400000000000006,84.10000000000001,4947.875376867305,28.476853566041395,18.213067861474297,7.382516332748143,0.5272003938561145,1.0497566737925526,0.36,1.0,0.6638674267749854,1.0,0.9885098200787855,0.6638674267749854,69681.64162360138,288.15,0.8385412648334485,25.843774714744075,0.022100706519352007,4.6000000000000005,6.635199837886594
8950.0,10000.0,14.5,50.0,25.5,178.0,39.7,2590.0,45.0,14.0,88.80000000000001,1129.0,55.6,83.60000000000001,4947.776629807588,28.476853566041395,18.212704374772883,7.382516332748143,0.5272003938561145,1.0497566737925526,0.39,1.0,0.6639496566858364,1.0,0.9885098200787855,0.6639496566858364,69681.64162360138,288.15,0.8385412648334485,25.843774714744075,0.022102383892285242,4.7,6.6350674161045715
9000.0,10010.0,14.700000000000001,50.5,25.5,180.0,40.0,2596.0,44.1,14.0,87.80000000000001,1127.0,55.7,83.5,4947.677897638455,28.476853566041395,18.212340942883525,7.382516332748143,0.5272003938561145,1.0497566737925526,0.35000000000000003,1.0,0.6640318733322276,1.0,0.9885098200787855,0.6640318733322276,69681.64162360138,288.15,0.8385412648334485,25.843774714744075,0.022104061012069513,4.9,6.634935014291121
9050.0,10000.0,15.0,50.0,25.400000000000002,179.0,40.0,2599.0,44.5,14.0,87.60000000000001,1126.0,55.2,83.5,4947.57918036997,28.476853566041395,18.211977565843267,7.382516332748143,0.5272003938561145,1.0497566737925526,0.44,1.0,0.6641140767051815,1.0,0.9885098200787855,0.6641140767051815,69681.64162360138,288.15,0.8385412648334485,25.843774714744075,0.02210573787853402,4.6000000000000005,6.6348026324597384
9100.0,9990.0,14.600000000000001,51.0,24.8,180.0,39.900000000000006,2590.0,44.900000000000006,14.200000000000001,88.7,1125.0,55.7,83.10000000000001,4947.480478012189,28.476853566041395,18.211614243689123,7.382516332748143,0.5272003938561145,1.0497566737925526,0.33,1.0,0.6641962667957311,1.0,0.9885098200787855,0.6641962667957311,69681.64162360138,288.15,0.8385412648334485,25.843774714744075,0.022107414491508198,5.2,6.634670270623907
9150.0,10010.0,15.3,50.0,24.900000000000002,181.0,40.1,2593.0,44.5,14.0,88.5,1124.0,55.7,83.7,4947.381790575151,28.476853566041395,18.21125097645805,7.382516332748143,0.5272003938561145,1.0497566737925526,0.4,1.0,0.6642784435949215,1.0,0.9885098200787855,0.6642784435949215,69681.64162360138,288.15,0.8385412648334485,25.843774714744075,0.022109090850821633,5.2,6.63453792879709
9200.0,9990.0,14.5,49.5,25.400000000000002,180.0,39.900000000000006,2587.0,45.5,14.05,88.4,1129.0,55.7,83.4,4947.283118068886,28.476853566041395,18.210887764186968,7.382516332748143,0.5272003938561145,1.0497566737925526,0.38,1.0,0.6643606070938051,1.0,0.9885098200787855,0.6643606070938051,69681.64162360138,288.15,0.8385412648334485,25.843774714744075,0.022110766956304248,4.800000000000001,6.634405606992739
9250.0,10030.0,15.200000000000001,50.0,25.200000000000003,179.0,40.300000000000004,2592.0,45.2,14.100000000000001,88.10000000000001,1127.0,55.5,83.5,4947.184460503406,28.476853566041395,18.210524606912728,7.382516332748143,0.5272003938561145,1.0497566737925526,0.36,1.0,0.6644427572834505,1.0,0.9885098200787855,0.6644427572834505,69681.64162360138,288.15,0.8385412648334485,25.843774714744075,0.02211244280778606,4.800000000000001,6.634273305224278
9300.0,10020.0,15.0,49.5,24.8,181.0,40.1,2596.0,44.900000000000006,14.05,87.5,1126.0,55.800000000000004,84.0,4947.085817888716,28.476853566041395,18.21016150467216,7.382516332748143,0.5272003938561145,1.0497566737925526,0.35000000000000003,1.0,0.6645248941549313,1.0,0.9885098200787855,0.6645248941549313,69681.64162360138,288.15,0.8385412648334485,25.843774714744075,0.022114118405097385,4.7,6.6341410235051255
9350.0,10000.0,15.5,49.0,25.1,179.0,39.900000000000006,2593.0,44.900000000000006,13.950000000000001,87.9,1126.0,55.0,83.9,4946.987190234802,28.476853566041395,18.20979845750203,7.382516332748143,0.5272003938561145,1.0497566737925526,0.4,1.0,0.6646070176993364,1.0,0.9885098200787855,0.6646070176993364,69681.64162360138,288.15,0.8385412648334485,25.843774714744075,0.022115793748068706,5.2,6.6340087618486745
9400.0,9980.0,15.100000000000001,50.5,24.6,180.0,40.0,2602.0,45.6,13.9,89.4,1125.0,55.800000000000004,84.0,4946.8885775516455,28.476853566041395,18.209435465439064,7.382516332748143,0.5272003938561145,1.0497566737925526,0.35000000000000003,1.0,0.6646891279077618,1.0,0.9885098200787855,0.6646891279077618,69681.64162360138,288.15,0.8385412648334485,25.843774714744075,0.022117468836530763,5.1000000000000005,6.633876520268307
9450.0,10000.0,15.200000000000001,50.0,25.5,180.0,40.0,2599.0,45.2,14.05,87.5,1124.0,55.300000000000004,83.2,4946.789979849207,28.476853566041395,18.20907252851994,7.382516332748143,0.5272003938561145,1.0497566737925526,0.4,1.0,0.6647712247713171,1.0,0.9885098200787855,0.6647712247713171,69681.64162360138,288.15,0.8385412648334485,25.843774714744075,0.022119143670314503,5.2,6.633744298777384
9500.0,10000.0,15.4,50.5,25.1,179.0,40.300000000000004,2594.0,45.0,14.0,87.30000000000001,1123.0,55.7,83.10000000000001,4946.691397137438,28.476853566041395,18.20870964678128,7.382516332748143,0.5272003938561145,1.0497566737925526,0.47000000000000003,1.0,0.6648533082811223,1.0,0.9885098200787855,0.6648533082811223,69681.64162360138,288.15,0.8385412648334485,25.843774714744075,0.02212081824925112,4.7,6.633612097389247
9550.0,9980.0,15.200000000000001,51.0,25.0,180.0,39.6,2592.0,44.7,13.850000000000001,87.9,1121.0,55.1,83.30000000000001,4946.592829426273,28.476853566041395,18.20834682025966,7.382516332748143,0.5272003938561145,1.0497566737925526,0.36,1.0,0.6649353784283086,1.0,0.9885098200787855,0.6649353784283086,69681.64162360138,288.15,0.8385412648334485,25.843774714744075,0.022122492573171955,5.0,6.6334799161172215
9600.0,10000.0,15.3,50.5,25.5,180.0,40.1,2596.0,45.0,14.0,87.60000000000001,1125.0,55.7,83.5,4946.494276725642,28.476853566041395,18.20798404899163,7.382516332748143,0.5272003938561145,1.0497566737925526,0.36,1.0,0.6650174352040151,1.0,0.9885098200787855,0.6650174352040151,69681.64162360138,288.15,0.8385412648334485,25.843774714744075,0.02212416664190863,4.800000000000001,6.633347754974621
9650.0,9990.0,15.3,50.0,24.700000000000003,181.0,39.900000000000006,2589.0,45.300000000000004,13.950000000000001,87.60000000000001,1127.0,55.900000000000006,83.5,4946.395739045453,28.476853566041395,18.207621333013662,7.382516332748143,0.5272003938561145,1.0497566737925526,0.35000000000000003,1.0,0.6650994785993952,1.0,0.9885098200787855,0.6650994785993952,69681.64162360138,288.15,0.8385412648334485,25.843774714744075,0.02212584045529298,5.1000000000000005,6.633215613974734
9700.0,9990.0,15.600000000000001,50.0,24.1,180.0,40.400000000000006,2601.0,45.5,13.950000000000001,88.4,1125.0,55.6,82.9,4946.297216395607,28.476853566041395,18.207258672362197,7.382516332748143,0.5272003938561145,1.0497566737925526,0.36,1.0,0.6651815086056115,1.0,0.9885098200787855,0.6651815086056115,69681.64162360138,288.15,0.8385412648334485,25.843774714744075,0.022127514013157018,4.800000000000001,6.6330834931308384
9750.0,10010.0,15.200000000000001,50.0,24.5,180.0,39.900000000000006,2598.0,45.400000000000006,14.100000000000001,87.4,1120.0,54.900000000000006,84.2,4946.198708785992,28.476853566041395,18.206896067073636,7.382516332748143,0.5272003938561145,1.0497566737925526,0.37,1.0,0.6652635252138371,1.0,0.9885098200787855,0.6652635252138371,69681.64162360138,288.15,0.8385412648334485,25.843774714744075,0.022129187315333,4.800000000000001,6.6329513924561905
9800.0,10020.0,15.4,50.0,24.900000000000002,180.0,40.0,2601.0,45.1,14.05,88.5,1124.0,55.800000000000004,83.4,4946.1002162264795,28.476853566041395,18.206533517184315,7.382516332748143,0.5272003938561145,1.0497566737925526,0.31,1.0,0.6653455284152556,1.0,0.9885098200787855,0.6653455284152556,69681.64162360138,288.15,0.8385412648334485,25.843774714744075,0.022130860361653425,4.4,6.632819311964035
9850.0,9990.0,15.200000000000001,50.0,25.1,182.0,39.7,2594.0,45.1,13.950000000000001,87.80000000000001,1123.0,56.0,83.2,4946.001738726931,28.476853566041395,18.206171022730537,7.382516332748143,0.5272003938561145,1.0497566737925526,0.44,1.0,0.6654275182010636,1.0,0.9885098200787855,0.6654275182010636,69681.64162360138,288.15,0.8385412648334485,25.843774714744075,0.022132533151950972,4.9,6.63268725166759
9900.0,10010.0,15.0,50.0,24.8,180.0,40.1,2591.0,45.0,13.950000000000001,89.2,1127.0,56.1,83.4,4945.903276297193,28.476853566041395,18.205808583748542,7.382516332748143,0.5272003938561145,1.0497566737925526,0.39,1.0,0.6655094945624663,1.0,0.9885098200787855,0.6655094945624663,69681.64162360138,288.15,0.8385412648334485,25.843774714744075,0.022134205686058513,4.6000000000000005,6.632555211580062
9950.0,9990.0,15.100000000000001,51.0,25.1,181.0,40.1,2601.0,45.0,14.15,87.5,1125.0,55.1,84.7,4945.8048289471035,28.476853566041395,18.205446200274547,7.382516332748143,0.5272003938561145,1.0497566737925526,0.41000000000000003,1.0,0.6655914574906782,1.0,0.9885098200787855,0.6655914574906782,69681.64162360138,288.15,0.8385412648334485,25.843774714744075,0.022135877963809204,4.9,6.632423191714645
10000.0,10010.0,15.200000000000001,51.0,24.400000000000002,180.0,39.900000000000006,2586.0,45.300000000000004,14.0,88.2,1133.0,55.400000000000006,83.30000000000001,4945.706396686484,28.476853566041395,18.20508387234471,7.382516332748143,0.5272003938561145,1.0497566737925526,0.38,1.0,0.6656734069769281,1.0,0.9885098200787855,0.6656734069769281,69681.64162360138,288.15,0.8385412648334485,25.843774714744075,0.022137549985036406,5.2,6.63229119208451
10050.0,9990.0,14.8,50.5,25.200000000000003,178.0,39.800000000000004,2600.0,45.1,13.950000000000001,87.7,1127.0,55.800000000000004,82.80000000000001,4945.6079795251435,28.476853566041395,18.20472159999512,7.382516332748143,0.5272003938561145,1.0497566737925526,0.36,1.0,0.6657553430124549,1.0,0.9885098200787855,0.6657553430124549,69681.64162360138,288.15,0.8385412648334485,25.843774714744075,0.022139221749573647,5.0,6.632159212702809
10100.0,10000.0,15.200000000000001,49.5,25.1,181.0,40.1,2595.0,45.0,13.950000000000001,87.7,1130.0,55.5,83.0,4945.50957747288,28.476853566041395,18.20435938326186,7.382516332748143,0.5272003938561145,1.0497566737925526,0.37,1.0,0.6658372655885054,1.0,0.9885098200787855,0.6658372655885054,69681.64162360138,288.15,0.8385412648334485,25.843774714744075,0.0221408932572547,5.0,6.632027253582682
10150.0,10000.0,15.100000000000001,50.5,25.400000000000002,181.0,40.2,2590.0,44.7,14.0,87.5,1124.0,55.400000000000006,83.30000000000001,4945.411190539477,28.476853566041395,18.203997222180938,7.382516332748143,0.5272003938561145,1.0497566737925526,0.36,1.0,0.6659191746963394,1.0,0.9885098200787855,0.6659191746963394,69681.64162360138,288.15,0.8385412648334485,25.843774714744075,0.022142564507913583,4.9,6.63189531473725
10200.0,10010.0,15.100000000000001,51.0,25.1,180.0,40.0,2595.0,45.1,14.15,87.30000000000001,1129.0,55.6,82.7,4945.312818734705,28.476853566041395,18.20363511678832,7.382516332748143,0.5272003938561145,1.0497566737925526,0.4,1.0,0.6660010703272281,1.0,0.9885098200787855,0.6660010703272281,69681.64162360138,288.15,0.8385412648334485,25.843774714744075,0.022144235501384495,5.300000000000001,6.631763396179614
10250.0,9990.0,15.0,49.0,24.5,181.0,39.900000000000006,2590.0,45.1,13.950000000000001,87.5,1129.0,55.2,83.0,4945.214462068323,28.476853566041395,18.20327306711993,7.382516332748143,0.5272003938561145,1.0497566737925526,0.39,1.0,0.6660829524724516,1.0,0.9885098200787855,0.6660829524724516,69681.64162360138,288.15,0.8385412648334485,25.843774714744075,0.02214590623750184,5.2,6.631631497922863
10300.0,10010.0,14.8,50.5,24.700000000000003,181.0,39.800000000000004,2600.0,44.800000000000004,14.15,88.10000000000001,1124.0,55.400000000000006,83.9,4945.116120550079,28.476853566041395,18.202911073211645,7.382516332748143,0.5272003938561145,1.0497566737925526,0.41000000000000003,1.0,0.6661648211233007,1.0,0.9885098200787855,0.6661648211233007,69681.64162360138,288.15,0.8385412648334485,25.843774714744075,0.022147576716100268,4.9,6.631499619980069
10350.0,10000.0,15.200000000000001,50.0,24.5,179.0,40.0,2599.0,45.5,14.05,87.9,1129.0,55.300000000000004,83.4,4945.0177941897055,28.476853566041395,18.202549135099293,7.382516332748143,0.5272003938561145,1.0497566737925526,0.36,1.0,0.6662466762710775,1.0,0.9885098200787855,0.6662466762710775,69681.64162360138,288.15,0.8385412648334485,25.843774714744075,0.022149246937014644,4.6000000000000005,6.631367762364279
10400.0,10000.0,15.100000000000001,50.5,25.200000000000003,180.0,40.1,2594.0,45.1,13.950000000000001,88.0,1129.0,55.400000000000006,83.5,4944.919482996922,28.476853566041395,18.20218725281865,7.382516332748143,0.5272003938561145,1.0497566737925526,0.36,1.0,0.6663285179070954,1.0,0.9885098200787855,0.6663285179070954,69681.64162360138,288.15,0.8385412648334485,25.843774714744075,0.022150916900080038,4.800000000000001,6.631235925088533
10450.0,9990.0,15.4,50.5,25.200000000000003,182.0,40.0,2606.0,44.900000000000006,14.0,87.5,1128.0,55.900000000000006,83.4,4944.821186981437,28.476853566041395,18.201825426405456,7.382516332748143,0.5272003938561145,1.0497566737925526,0.43,1.0,0.6664103460226781,1.0,0.9885098200787855,0.6664103460226781,69681.64162360138,288.15,0.8385412648334485,25.843774714744075,0.022152586605131745,5.0,6.631104108165847
10500.0,10000.0,14.700000000000001,50.0,24.900000000000002,180.0,39.800000000000004,2605.0,44.900000000000006,13.9,87.30000000000001,1127.0,55.800000000000004,83.7,4944.722906152945,28.476853566041395,18.2014636558954,7.382516332748143,0.5272003938561145,1.0497566737925526,0.4,1.0,0.6664921606091596,1.0,0.9885098200787855,0.6664921606091596,69681.64162360138,288.15,0.8385412648334485,25.843774714744075,0.02215425605200523,4.800000000000001,6.630972311609223
10550.0,10000.0,14.700000000000001,49.5,24.6,179.0,40.2,2597.0,45.300000000000004,14.0,88.2,1122.0,55.900000000000006,83.60000000000001,4944.6246405211305,28.476853566041395,18.20110194132412,7.382516332748143,0.5272003938561145,1.0497566737925526,0.4,1.0,0.6665739616578837,1.0,0.9885098200787855,0.6665739616578837,69681.64162360138,288.15,0.8385412648334485,25.843774714744075,0.02215592524053625,5.0,6.630840535431647
10600.0,9990.0,14.600000000000001,49.5,25.200000000000003,181.0,39.7,2590.0,44.800000000000004,14.0,86.9,1123.0,55.300000000000004,83.5,4944.526390095662,28.476853566041395,18.200740282727207,7.382516332748143,0.5272003938561145,1.0497566737925526,0.35000000000000003,1.0,0.6666557491602065,1.0,0.9885098200787855,0.6666557491602065,69681.64162360138,288.15,0.8385412648334485,25.843774714744075,0.02215759417056071,4.9,6.630708779646084
10650.0,10010.0,14.600000000000001,50.0,25.400000000000002,180.0,39.900000000000006,2599.0,44.900000000000006,14.100000000000001,88.0,1126.0,55.800000000000004,83.60000000000001,4944.428154886196,28.476853566041395,18.20037868014022,7.382516332748143,0.5272003938561145,1.0497566737925526,0.41000000000000003,1.0,0.6667375231074938,1.0,0.9885098200787855,0.6667375231074938,69681.64162360138,288.15,0.8385412648334485,25.843774714744075,0.022159262841914787,4.800000000000001,6.630577044265488
10700.0,10000.0,15.0,50.5,24.6,181.0,40.1,2589.0,45.400000000000006,14.15,88.30000000000001,1130.0,55.6,82.60000000000001,4944.329934902378,28.476853566041395,18.200017133598646,7.382516332748143,0.5272003938561145,1.0497566737925526,0.33,1.0,0.666819283491123,1.0,0.9885098200787855,0.666819283491123,69681.64162360138,288.15,0.8385412648334485,25.843774714744075,0.02216093125443484,5.0,6.630445329302788
10750.0,9990.0,14.700000000000001,50.0,25.200000000000003,179.0,39.900000000000006,2600.0,44.7,14.05,87.4,1128.0,56.0,83.80000000000001,4944.231730153839,28.476853566041395,18.199655643137948,7.382516332748143,0.5272003938561145,1.0497566737925526,0.41000000000000003,1.0,0.6669010303024813,1.0,0.9885098200787855,0.6669010303024813,69681.64162360138,288.15,0.8385412648334485,25.843774714744075,0.022162599407957444,4.7,6.630313634770902
10800.0,10010.0,14.700000000000001,50.0,25.1,180.0,40.1,2591.0,44.6,14.05,87.80000000000001,1130.0,55.6,82.7,4944.1335406501985,28.476853566041395,18.199294208793532,7.382516332748143,0.5272003938561145,1.0497566737925526,0.41000000000000003,1.0,0.666982763532967,1.0,0.9885098200787855,0.666982763532967,69681.64162360138,288.15,0.8385412648334485,25.843774714744075,0.022164267302319404,4.9,6.630181960682729
10850.0,10000.0,14.8,51.0,24.6,180.0,40.0,2590.0,45.1,14.100000000000001,87.4,1128.0,54.7,83.4,4944.035366401062,28.476853566041395,18.198932830600757,7.382516332748143,0.5272003938561145,1.0497566737925526,0.37,1.0,0.6670644831739888,1.0,0.9885098200787855,0.6670644831739888,69681.64162360138,288.15,0.8385412648334485,25.843774714744075,0.022165934937357717,4.7,6.630050307051152
10900.0,10010.0,14.9,50.0,24.8,178.0,39.800000000000004,2598.0,44.400000000000006,13.950000000000001,87.4,1131.0,55.900000000000006,83.2,4943.937207416023,28.476853566041395,18.198571508594934,7.382516332748143,0.5272003938561145,1.0497566737925526,0.42,1.0,0.6671461892169661,1.0,0.9885098200787855,0.6671461892169661,69681.64162360138,288.15,0.8385412648334485,25.843774714744075,0.02216760231290959,4.800000000000001,6.629918673889036
10950.0,10010.0,14.600000000000001,50.5,24.8,179.0,40.0,2595.0,44.900000000000006,14.05,87.30000000000001,1128.0,55.800000000000004,83.4,4943.839063704667,28.476853566041395,18.19821024281135,7.382516332748143,0.5272003938561145,1.0497566737925526,0.37,1.0,0.6672278816533268,1.0,0.9885098200787855,0.6672278816533268,69681.64162360138,288.15,0.8385412648334485,25.843774714744075,0.02216926942881247,5.0,6.629787061209233
11000.0,10010.0,15.600000000000001,50.5,25.400000000000002,182.0,40.1,2596.0,45.2,13.950000000000001,87.4,1126.0,55.900000000000006,83.4,4943.74093527656,28.476853566041395,18.197849033285213,7.382516332748143,0.5272003938561145,1.0497566737925526,0.39,1.0,0.6673095604745133,1.0,0.9885098200787855,0.6673095604745133,69681.64162360138,288.15,0.8385412648334485,25.843774714744075,0.022170936284904002,5.2,6.6296554690245735
11050.0,10010.0,15.0,49.5,25.5,181.0,39.7,2593.0,45.0,14.05,88.2,1128.0,55.800000000000004,83.5,4943.642822141257,28.476853566041395,18.1974878800517,7.382516332748143,0.5272003938561145,1.0497566737925526,0.36,1.0,0.6673912256719751,1.0,0.9885098200787855,0.6673912256719751,69681.64162360138,288.15,0.8385412648334485,25.843774714744075,0.02217260288102207,4.9,6.629523897347869
11100.0,10000.0,15.0,49.0,24.8,180.0,39.900000000000006,2593.0,45.1,13.950000000000001,86.7,1126.0,55.900000000000006,84.30000000000001,4943.544724308303,28.476853566041395,18.197126783145944,7.382516332748143,0.5272003938561145,1.0497566737925526,0.4,1.0,0.6674728772371756,1.0,0.9885098200787855,0.6674728772371756,69681.64162360138,288.15,0.8385412648334485,25.843774714744075,0.022174269217004758,4.6000000000000005,6.62939234619192
11150.0,10000.0,15.100000000000001,50.0,25.200000000000003,179.0,40.0,2596.0,45.2,13.950000000000001,87.4,1120.0,55.400000000000006,83.2,4943.446641787226,28.476853566041395,18.19676574260302,7.382516332748143,0.5272003938561145,1.0497566737925526,0.35000000000000003,1.0,0.6675545151615868,1.0,0.9885098200787855,0.6675545151615868,69681.64162360138,288.15,0.8385412648334485,25.843774714744075,0.02217593529269035,5.0,6.629260815569507
11200.0,10000.0,14.3,50.0,24.6,180.0,39.7,2594.0,44.900000000000006,14.0,87.7,1126.0,55.1,82.7,4943.348574587548,28.476853566041395,18.19640475845797,7.382516332748143,0.5272003938561145,1.0497566737925526,0.36,1.0,0.6676361394366911,1.0,0.9885098200787855,0.6676361394366911,69681.64162360138,288.15,0.8385412648334485,25.843774714744075,0.022177601107917295,4.9,6.629129305493394
11250.0,9990.0,15.200000000000001,50.0,24.6,180.0,40.0,2596.0,45.6,13.950000000000001,87.60000000000001,1128.0,55.6,83.2,4943.250522718776,28.476853566041395,18.196043830745797,7.382516332748143,0.5272003938561145,1.0497566737925526,0.33,1.0,0.6677177500539797,1.0,0.9885098200787855,0.6677177500539797,69681.64162360138,288.15,0.8385412648334485,25.843774714744075,0.022179266662524406,4.800000000000001,6.628997815976333
11300.0,9990.0,14.5,49.5,24.6,180.0,40.1,2591.0,44.900000000000006,13.850000000000001,87.30000000000001,1128.0,55.900000000000006,83.10000000000001,4943.152486190396,28.476853566041395,18.19568295950142,7.382516332748143,0.5272003938561145,1.0497566737925526,0.41000000000000003,1.0,0.6677993470049609,1.0,0.9885098200787855,0.6677993470049609,69681.64162360138,288.15,0.8385412648334485,25.843774714744075,0.022180931956350573,4.6000000000000005,6.628866347031045
11350.0,9990.0,15.200000000000001,51.0,25.200000000000003,180.0,39.6,2586.0,45.0,14.0,87.0,1127.0,55.7,83.9,4943.054465011895,28.476853566041395,18.195322144759754,7.382516332748143,0.5272003938561145,1.0497566737925526,0.39,1.0,0.6678809302811466,1.0,0.9885098200787855,0.6678809302811466,69681.64162360138,288.15,0.8385412648334485,25.843774714744075,0.02218259698923494,5.300000000000001,6.628734898670253
11400.0,10000.0,15.0,50.5,24.6,182.0,40.1,2596.0,45.2,14.15,88.10000000000001,1123.0,56.2,83.2,4942.956459192739,28.476853566041395,18.194961386555644,7.382516332748143,0.5272003938561145,1.0497566737925526,0.38,1.0,0.6679624998740619,1.0,0.9885098200787855,0.6679624998740619,69681.64162360138,288.15,0.8385412648334485,25.843774714744075,0.022184261761016896,4.6000000000000005,6.628603470906648
11450.0,10010.0,14.8,50.0,24.900000000000002,182.0,40.400000000000006,2594.0,45.0,14.0,88.30000000000001,1126.0,55.5,83.9,4942.858468742381,28.476853566041395,18.19460068492389,7.382516332748143,0.5272003938561145,1.0497566737925526,0.36,1.0,0.6680440557752445,1.0,0.9885098200787855,0.6680440557752445,69681.64162360138,288.15,0.8385412648334485,25.843774714744075,0.022185926271535965,4.9,6.628472063752908
11500.0,9980.0,15.200000000000001,51.0,25.3,181.0,39.800000000000004,2595.0,44.7,14.0,88.10000000000001,1127.0,55.2,82.80000000000001,4942.760493670268,28.476853566041395,18.194240039899267,7.382516332748143,0.5272003938561145,1.0497566737925526,0.34,1.0,0.6681255979762376,1.0,0.9885098200787855,0.6681255979762376,69681.64162360138,288.15,0.8385412648334485,25.843774714744075,0.02218759052063194,5.1000000000000005,6.628340677221703
11550.0,10020.0,15.4,49.0,25.6,181.0,39.7,2593.0,45.300000000000004,14.05,86.80000000000001,1128.0,54.900000000000006,83.30000000000001,4942.662533985831,28.476853566041395,18.193879451516487,7.382516332748143,0.5272003938561145,1.0497566737925526,0.42,1.0,0.6682071264685981,1.0,0.9885098200787855,0.6682071264685981,69681.64162360138,288.15,0.8385412648334485,25.843774714744075,0.022189254508144837,4.9,6.62820931132568
11600.0,9990.0,15.3,50.5,25.5,181.0,40.2,2597.0,45.1,14.0,87.4,1124.0,55.400000000000006,83.30000000000001,4942.564589698484,28.476853566041395,18.193518919810206,7.382516332748143,0.5272003938561145,1.0497566737925526,0.39,1.0,0.6682886412438949,1.0,0.9885098200787855,0.6682886412438949,69681.64162360138,288.15,0.8385412648334485,25.843774714744075,0.022190918233914853,5.300000000000001,6.628077966077463
11650.0,10000.0,15.3,50.5,24.900000000000002,180.0,40.0,2600.0,45.2,13.9,87.7,1131.0,55.6,83.60000000000001,4942.466660817636,28.476853566041395,18.19315844481505,7.382516332748143,0.5272003938561145,1.0497566737925526,0.4,1.0,0.6683701422937043,1.0,0.9885098200787855,0.6683701422937043,69681.64162360138,288.15,0.8385412648334485,25.843774714744075,0.022192581697782418,4.7,6.627946641489666
11700.0,10010.0,14.600000000000001,49.5,25.400000000000002,180.0,39.900000000000006,2596.0,45.0,14.0,88.0,1125.0,55.7,83.2,4942.368747352677,28.476853566041395,18.192798026565598,7.382516332748143,0.5272003938561145,1.0497566737925526,0.33,1.0,0.6684516296096152,1.0,0.9885098200787855,0.6684516296096152,69681.64162360138,288.15,0.8385412648334485,25.843774714744075,0.022194244899588152,4.7,6.627815337574887
11750.0,10020.0,15.100000000000001,49.5,24.400000000000002,180.0,40.300000000000004,2593.0,45.400000000000006,14.05,87.80000000000001,1124.0,56.0,83.2,4942.27084931299,28.476853566041395,18.19243766509638,7.382516332748143,0.5272003938561145,1.0497566737925526,0.41000000000000003,1.0,0.6685331031832262,1.0,0.9885098200787855,0.6685331031832262,69681.64162360138,288.15,0.8385412648334485,25.843774714744075,0.022195907839172947,4.7,6.627684054345707
11800.0,10000.0,15.100000000000001,50.0,25.200000000000003,180.0,39.900000000000006,2601.0,45.300000000000004,13.950000000000001,87.9,1125.0,55.300000000000004,83.9,4942.17296670794,28.476853566041395,18.192077360441864,7.382516332748143,0.5272003938561145,1.0497566737925526,0.33,1.0,0.668614563006148,1.0,0.9885098200787855,0.668614563006148,69681.64162360138,288.15,0.8385412648334485,25.843774714744075,0.0221975705163778,5.2,6.627552791814682
11850.0,10000.0,14.9,50.0,25.200000000000003,179.0,40.1,2595.0,44.6,14.0,88.4,1131.0,56.0,82.80000000000001,4942.075099546886,28.476853566041395,18.19171711263651,7.382516332748143,0.5272003938561145,1.0497566737925526,0.4,1.0,0.6686960090699978,1.0,0.9885098200787855,0.6686960090699978,69681.64162360138,288.15,0.8385412648334485,25.843774714744075,0.022199232931044047,5.2,6.627421549994366
11900.0,10010.0,15.200000000000001,50.0,25.0,180.0,39.6,2596.0,45.1,14.05,86.7,1128.0,56.400000000000006,83.4,4941.977247839168,28.476853566041395,18.191356921714693,7.382516332748143,0.5272003938561145,1.0497566737925526,0.38,1.0,0.6687774413664085,1.0,0.9885098200787855,0.6687774413664085,69681.64162360138,288.15,0.8385412648334485,25.843774714744075,0.02220089508301308,5.0,6.62729032889728
11950.0,10020.0,14.700000000000001,50.0,24.700000000000003,180.0,40.0,2600.0,45.5,14.05,87.30000000000001,1133.0,55.6,83.10000000000001,4941.87941159412,28.476853566041395,18.190996787710773,7.382516332748143,0.5272003938561145,1.0497566737925526,0.33,1.0,0.6688588598870172,1.0,0.9885098200787855,0.6688588598870172,69681.64162360138,288.15,0.8385412648334485,25.843774714744075,0.022202556972126666,5.300000000000001,6.627159128535947
12000.0,10010.0,15.700000000000001,49.5,25.6,180.0,40.2,2588.0,45.400000000000006,14.05,87.5,1128.0,55.5,83.10000000000001,4941.781590821056,28.476853566041395,18.190636710659035,7.382516332748143,0.5272003938561145,1.0497566737925526,0.37,1.0,0.6689402646234783,1.0,0.9885098200787855,0.6689402646234783,69681.64162360138,288.15,0.8385412648334485,25.843774714744075,0.022204218598226688,4.5,6.627027948922853
12050.0,10010.0,15.4,49.5,25.1,180.0,40.1,2592.0,44.7,14.100000000000001,87.5,1132.0,55.7,82.9,4941.683785529285,28.476853566041395,18.190276690593745,7.382516332748143,0.5272003938561145,1.0497566737925526,0.42,1.0,0.6690216555674522,1.0,0.9885098200787855,0.6690216555674522,69681.64162360138,288.15,0.8385412648334485,25.843774714744075,0.022205879961155254,5.1000000000000005,6.626896790070483
12100.0,10010.0,15.4,49.5,24.900000000000002,180.0,39.7,2593.0,45.400000000000006,14.0,86.7,1123.0,56.300000000000004,83.30000000000001,4941.585995728099,28.476853566041395,18.1899167275491,7.382516332748143,0.5272003938561145,1.0497566737925526,0.36,1.0,0.6691030327106109,1.0,0.9885098200787855,0.6691030327106109,69681.64162360138,288.15,0.8385412648334485,25.843774714744075,0.0222075410607547,4.9,6.626765651991295
12150.0,9980.0,15.4,50.0,25.5,180.0,40.300000000000004,2595.0,45.300000000000004,14.05,87.9,1128.0,55.7,84.30000000000001,4941.48822142678,28.476853566041395,18.18955682155928,7.382516332748143,0.5272003938561145,1.0497566737925526,0.35000000000000003,1.0,0.6691843960446375,1.0,0.9885098200787855,0.6691843960446375,69681.64162360138,288.15,0.8385412648334485,25.843774714744075,0.022209201896867543,4.9,6.62663453469774
12200.0,10000.0,15.100000000000001,50.0,25.1,180.0,39.7,2594.0,44.7,13.9,87.60000000000001,1128.0,55.900000000000006,83.7,4941.390462634594,28.476853566041395,18.189196972658383,7.382516332748143,0.5272003938561145,1.0497566737925526,0.32,1.0,0.669265745561224,1.0,0.9885098200787855,0.669265745561224,69681.64162360138,288.15,0.8385412648334485,25.843774714744075,0.022210862469336567,4.6000000000000005,6.626503438202244
12250.0,10020.0,14.700000000000001,50.5,24.700000000000003,180.0,39.900000000000006,2596.0,45.0,13.950000000000001,86.9,1128.0,55.300000000000004,83.60000000000001,4941.292719360799,28.476853566041395,18.18883718088049,7.382516332748143,0.5272003938561145,1.0497566737925526,0.46,1.0,0.6693470812520754,1.0,0.9885098200787855,0.6693470812520754,69681.64162360138,288.15,0.8385412648334485,25.843774714744075,0.022212522778004708,5.300000000000001,6.62637236251722
12300.0,10010.0,15.0,49.0,24.5,181.0,39.800000000000004,2591.0,45.0,13.950000000000001,86.80000000000001,1127.0,55.400000000000006,83.0,4941.194991614637,28.476853566041395,18.188477446259622,7.382516332748143,0.5272003938561145,1.0497566737925526,0.36,1.0,0.6694284031089047,1.0,0.9885098200787855,0.6694284031089047,69681.64162360138,288.15,0.8385412648334485,25.843774714744075,0.022214182822715114,5.1000000000000005,6.626241307655061
12350.0,10000.0,15.0,50.5,24.900000000000002,180.0,40.1,2597.0,45.0,14.0,87.0,1125.0,56.0,83.60000000000001,4941.097279405343,28.476853566041395,18.188117768829773,7.382516332748143,0.5272003938561145,1.0497566737925526,0.39,1.0,0.669509711123435,1.0,0.9885098200787855,0.669509711123435,69681.64162360138,288.15,0.8385412648334485,25.843774714744075,0.022215842603311206,5.0,6.626110273628154
12400.0,10000.0,15.200000000000001,50.5,25.400000000000002,180.0,40.300000000000004,2595.0,45.2,14.0,87.60000000000001,1125.0,56.0,84.80000000000001,4940.999582742132,28.476853566041395,18.187758148624862,7.382516332748143,0.5272003938561145,1.0497566737925526,0.37,1.0,0.6695910052874029,1.0,0.9885098200787855,0.6695910052874029,69681.64162360138,288.15,0.8385412648334485,25.843774714744075,0.022217502119636568,5.0,6.625979260448854
12450.0,9990.0,14.9,51.0,24.700000000000003,180.0,39.7,2591.0,44.5,14.05,89.2,1126.0,55.2,83.80000000000001,4940.90190163421,28.476853566041395,18.18739858567878,7.382516332748143,0.5272003938561145,1.0497566737925526,0.36,1.0,0.669672285592554,1.0,0.9885098200787855,0.669672285592554,69681.64162360138,288.15,0.8385412648334485,25.843774714744075,0.022219161371534974,5.300000000000001,6.625848268129509
12500.0,10000.0,14.8,50.0,25.3,180.0,39.900000000000006,2593.0,44.6,14.05,86.4,1126.0,56.0,83.5,4940.804236090774,28.476853566041395,18.18703908002537,7.382516332748143,0.5272003938561145,1.0497566737925526,0.4,1.0,0.6697535520306418,1.0,0.9885098200787855,0.6697535520306418,69681.64162360138,288.15,0.8385412648334485,25.843774714744075,0.022220820358850504,4.9,6.62571729668245
12550.0,10010.0,15.3,50.0,25.400000000000002,181.0,39.900000000000006,2589.0,45.1,14.05,88.10000000000001,1125.0,55.400000000000006,83.60000000000001,4940.706586121001,28.476853566041395,18.18667963169843,7.382516332748143,0.5272003938561145,1.0497566737925526,0.38,1.0,0.6698348045934363,1.0,0.9885098200787855,0.6698348045934363,69681.64162360138,288.15,0.8385412648334485,25.843774714744075,0.022222479081427274,4.5,6.625586346119985
12600.0,10000.0,14.4,49.5,25.5,181.0,39.800000000000004,2593.0,45.0,14.15,87.2,1126.0,56.300000000000004,83.2,4940.608951734067,28.476853566041395,18.18632024073172,7.382516332748143,0.5272003938561145,1.0497566737925526,0.4,1.0,0.6699160432727082,1.0,0.9885098200787855,0.6699160432727082,69681.64162360138,288.15,0.8385412648334485,25.843774714744075,0.02222413753910977,4.6000000000000005,6.625455416454419
12650.0,10000.0,14.5,49.5,25.3,180.0,39.900000000000006,2591.0,44.900000000000006,14.0,88.0,1120.0,55.5,83.4,4940.511332939126,28.476853566041395,18.185960907158947,7.382516332748143,0.5272003938561145,1.0497566737925526,0.38,1.0,0.6699972680602475,1.0,0.9885098200787855,0.6699972680602475,69681.64162360138,288.15,0.8385412648334485,25.843774714744075,0.022225795731742673,5.0,6.625324507698027
12700.0,10000.0,14.9,49.5,24.900000000000002,181.0,39.900000000000006,2594.0,45.1,14.100000000000001,87.30000000000001,1129.0,56.2,83.30000000000001,4940.41372974532,28.476853566041395,18.185601631013753,7.382516332748143,0.5272003938561145,1.0497566737925526,0.37,1.0,0.6700784789478532,1.0,0.9885098200787855,0.6700784789478532,69681.64162360138,288.15,0.8385412648334485,25.843774714744075,0.022227453659170733,4.9,6.625193619863069
12750.0,10000.0,15.3,50.0,25.1,179.0,39.800000000000004,2603.0,44.900000000000006,13.950000000000001,88.30000000000001,1128.0,56.0,83.30000000000001,4940.316142161787,28.476853566041395,18.185242412329785,7.382516332748143,0.5272003938561145,1.0497566737925526,0.37,1.0,0.6701596759273285,1.0,0.9885098200787855,0.6701596759273285,69681.64162360138,288.15,0.8385412648334485,25.843774714744075,0.022229111321239094,4.9,6.6250627529618
12800.0,9980.0,15.0,50.0,25.700000000000003,180.0,39.5,2594.0,45.800000000000004,14.05,86.9,1128.0,55.5,82.7,4940.218570197641,28.476853566041395,18.184883251140587,7.382516332748143,0.5272003938561145,1.0497566737925526,0.37,1.0,0.6702408589904947,1.0,0.9885098200787855,0.6702408589904947,69681.64162360138,288.15,0.8385412648334485,25.843774714744075,0.02223076871779297,5.0,6.624931907006442
12850.0,9980.0,14.700000000000001,50.0,24.8,180.0,39.800000000000004,2597.0,44.6,14.100000000000001,86.4,1124.0,55.900000000000006,84.2,4940.121013861995,28.476853566041395,18.1845241474797,7.382516332748143,0.5272003938561145,1.0497566737925526,0.39,1.0,0.6703220281291783,1.0,0.9885098200787855,0.6703220281291783,69681.64162360138,288.15,0.8385412648334485,25.843774714744075,0.022232425848677864,5.1000000000000005,6.624801082009213
12900.0,10000.0,14.700000000000001,50.0,24.5,179.0,40.1,2590.0,45.1,13.9,87.60000000000001,1126.0,56.300000000000004,83.5,4940.023473163941,28.476853566041395,18.184165101380596,7.382516332748143,0.5272003938561145,1.0497566737925526,0.42,1.0,0.6704031833352185,1.0,0.9885098200787855,0.6704031833352185,69681.64162360138,288.15,0.8385412648334485,25.843774714744075,0.022234082713739448,4.800000000000001,6.624670277982308
12950.0,10000.0,14.700000000000001,50.0,24.900000000000002,179.0,39.800000000000004,2589.0,44.300000000000004,13.950000000000001,87.80000000000001,1123.0,55.300000000000004,84.2,4939.925948112565,28.476853566041395,18.18380611287672,7.382516332748143,0.5272003938561145,1.0497566737925526,0.36,1.0,0.6704843246004646,1.0,0.9885098200787855,0.6704843246004646,69681.64162360138,288.15,0.8385412648334485,25.843774714744075,0.022235739312823643,5.0,6.624539494937912
13000.0,10010.0,15.200000000000001,49.0,24.900000000000002,179.0,40.5,2588.0,44.7,13.950000000000001,86.5,1130.0,56.7,83.10000000000001,4939.828438716933,28.476853566041395,18.183447182001444,7.382516332748143,0.5272003938561145,1.0497566737925526,0.34,1.0,0.6705654519167767,1.0,0.9885098200787855,0.6705654519167767,69681.64162360138,288.15,0.8385412648334485,25.843774714744075,0.022237395645776502,4.4,6.624408732888182
13050.0,10000.0,14.9,49.5,25.1,180.0,40.1,2593.0,44.7,14.05,87.4,1129.0,56.1,82.60000000000001,4939.7309449861095,28.476853566041395,18.183088308788133,7.382516332748143,0.5272003938561145,1.0497566737925526,0.34,1.0,0.6706465652760223,1.0,0.9885098200787855,0.6706465652760223,69681.64162360138,288.15,0.8385412648334485,25.843774714744075,0.022239051712444377,4.800000000000001,6.624277991845274
13100.0,9990.0,15.200000000000001,50.0,25.400000000000002,180.0,40.0,2599.0,45.1,14.0,88.30000000000001,1127.0,55.7,82.9,4939.633466929137,28.476853566041395,18.182729493270074,7.382516332748143,0.5272003938561145,1.0497566737925526,0.4,1.0,0.670727664670083,1.0,0.9885098200787855,0.670727664670083,69681.64162360138,288.15,0.8385412648334485,25.843774714744075,0.022240707512673766,5.2,6.624147271821312
13150.0,10000.0,15.4,49.0,25.0,180.0,39.900000000000006,2604.0,45.0,13.950000000000001,87.4,1122.0,55.5,83.80000000000001,4939.536004555052,28.476853566041395,18.18237073548053,7.382516332748143,0.5272003938561145,1.0497566737925526,0.36,1.0,0.6708087500908491,1.0,0.9885098200787855,0.6708087500908491,69681.64162360138,288.15,0.8385412648334485,25.843774714744075,0.0222423630463114,4.7,6.624016572828418
13200.0,10020.0,15.4,50.5,24.8,180.0,39.800000000000004,2590.0,44.7,13.950000000000001,86.80000000000001,1123.0,55.900000000000006,83.4,4939.438557872874,28.476853566041395,18.1820120354527,7.382516332748143,0.5272003938561145,1.0497566737925526,0.43,1.0,0.6708898215302203,1.0,0.9885098200787855,0.6708898215302203,69681.64162360138,288.15,0.8385412648334485,25.843774714744075,0.02224401831320421,4.800000000000001,6.623885894878682
13250.0,10000.0,15.100000000000001,50.0,25.3,181.0,40.1,2593.0,44.900000000000006,13.9,86.9,1125.0,55.400000000000006,83.5,4939.341126891616,28.476853566041395,18.18165339321976,7.382516332748143,0.5272003938561145,1.0497566737925526,0.42,1.0,0.6709708789801085,1.0,0.9885098200787855,0.6709708789801085,69681.64162360138,288.15,0.8385412648334485,25.843774714744075,0.022245673313199356,4.7,6.623755237984195
13300.0,10000.0,14.700000000000001,50.0,24.700000000000003,180.0,39.900000000000006,2598.0,44.900000000000006,13.950000000000001,86.60000000000001,1128.0,56.1,83.5,4939.243711620271,28.476853566041395,18.181294808814815,7.382516332748143,0.5272003938561145,1.0497566737925526,0.45,1.0,0.6710519224324352,1.0,0.9885098200787855,0.6710519224324352,69681.64162360138,288.15,0.8385412648334485,25.843774714744075,0.02224732804614417,5.300000000000001,6.623624602157015
13350.0,10000.0,14.9,50.0,24.700000000000003,181.0,40.1,2595.0,45.2,14.100000000000001,87.5,1127.0,56.400000000000006,83.80000000000001,4939.146312067827,28.476853566041395,18.180936282270952,7.382516332748143,0.5272003938561145,1.0497566737925526,0.37,1.0,0.6711329518791315,1.0,0.9885098200787855,0.6711329518791315,69681.64162360138,288.15,0.8385412648334485,25.843774714744075,0.022248982511886218,4.9,6.623493987409199
13400.0,10000.0,15.100000000000001,49.5,24.400000000000002,179.0,39.800000000000004,2592.0,45.2,14.0,87.5,1124.0,55.7,83.60000000000001,4939.048928243257,28.476853566041395,18.1805778136212,7.382516332748143,0.5272003938561145,1.0497566737925526,0.4,1.0,0.6712139673121393,1.0,0.9885098200787855,0.6712139673121393,69681.64162360138,288.15,0.8385412648334485,25.843774714744075,0.022250636710273275,4.800000000000001,6.623363393752773
13450.0,10000.0,15.700000000000001,50.0,24.700000000000003,180.0,40.0,2594.0,45.0,13.9,86.80000000000001,1127.0,55.800000000000004,83.0,4938.9515601555195,28.476853566041395,18.180219402898526,7.382516332748143,0.5272003938561145,1.0497566737925526,0.38,1.0,0.6712949687234117,1.0,0.9885098200787855,0.6712949687234117,69681.64162360138,288.15,0.8385412648334485,25.843774714744075,0.022252290641153305,5.0,6.623232821199755
13500.0,10010.0,15.0,50.0,24.8,180.0,40.1,2598.0,45.2,14.05,87.30000000000001,1127.0,56.2,83.0,4938.854207813564,28.476853566041395,18.179861050135884,7.382516332748143,0.5272003938561145,1.0497566737925526,0.36,1.0,0.6713759561049105,1.0,0.9885098200787855,0.6713759561049105,69681.64162360138,288.15,0.8385412648334485,25.843774714744075,0.02225394430437451,5.0,6.623102269762147
13550.0,10000.0,14.8,50.0,25.0,178.0,40.0,2594.0,45.0,14.100000000000001,86.60000000000001,1125.0,54.900000000000006,83.10000000000001,4938.756871226326,28.476853566041395,18.179502755366162,7.382516332748143,0.5272003938561145,1.0497566737925526,0.37,1.0,0.6714569294486094,1.0,0.9885098200787855,0.6714569294486094,69681.64162360138,288.15,0.8385412648334485,25.843774714744075,0.022255597699785246,4.800000000000001,6.622971739451929
13600.0,10010.0,15.3,50.0,24.900000000000002,181.0,40.0,2591.0,44.5,13.950000000000001,87.80000000000001,1133.0,55.900000000000006,82.9,4938.659550402732,28.476853566041395,18.179144518622216,7.382516332748143,0.5272003938561145,1.0497566737925526,0.35000000000000003,1.0,0.6715378887464902,1.0,0.9885098200787855,0.6715378887464902,69681.64162360138,288.15,0.8385412648334485,25.843774714744075,0.022257250827234093,5.1000000000000005,6.622841230281072
13650.0,9980.0,15.200000000000001,50.5,25.200000000000003,180.0,40.1,2595.0,44.800000000000004,14.15,87.10000000000001,1129.0,55.0,83.9,4938.5622453516935,28.476853566041395,18.178786339936853,7.382516332748143,0.5272003938561145,1.0497566737925526,0.43,1.0,0.6716188339905456,1.0,0.9885098200787855,0.6716188339905456,69681.64162360138,288.15,0.8385412648334485,25.843774714744075,0.022258903686569898,4.9,6.622710742261529
13700.0,10010.0,15.200000000000001,49.5,25.200000000000003,179.0,39.900000000000006,2599.0,45.300000000000004,13.950000000000001,86.9,1125.0,56.1,82.80000000000001,4938.464956082107,28.476853566041395,18.17842821934282,7.382516332748143,0.5272003938561145,1.0497566737925526,0.39,1.0,0.6716997651727814,1.0,0.9885098200787855,0.6716997651727814,69681.64162360138,288.15,0.8385412648334485,25.843774714744075,0.022260556277641626,5.1000000000000005,6.6225802754052285
13750.0,10000.0,15.3,50.0,24.900000000000002,179.0,40.2,2591.0,45.1,14.0,86.7,1125.0,56.300000000000004,83.4,4938.367682602865,28.476853566041395,18.178070156872845,7.382516332748143,0.5272003938561145,1.0497566737925526,0.35000000000000003,1.0,0.6717806822852088,1.0,0.9885098200787855,0.6717806822852088,69681.64162360138,288.15,0.8385412648334485,25.843774714744075,0.02226220860029853,5.0,6.622449829724095
13800.0,10000.0,16.0,50.0,24.8,181.0,39.6,2595.0,45.6,14.0,86.30000000000001,1126.0,56.400000000000006,83.5,4938.270424922839,28.476853566041395,18.177712152559593,7.382516332748143,0.5272003938561145,1.0497566737925526,0.36,1.0,0.6718615853198547,1.0,0.9885098200787855,0.6718615853198547,69681.64162360138,288.15,0.8385412648334485,25.843774714744075,0.02226386065439,4.800000000000001,6.6223194052300265
13850.0,9990.0,15.100000000000001,50.5,25.400000000000002,180.0,39.7,2589.0,45.2,13.9,87.2,1128.0,55.5,82.80000000000001,4938.173183050894,28.476853566041395,18.177354206435687,7.382516332748143,0.5272003938561145,1.0497566737925526,0.38,1.0,0.6719424742687513,1.0,0.9885098200787855,0.6719424742687513,69681.64162360138,288.15,0.8385412648334485,25.843774714744075,0.022265512439765708,5.1000000000000005,6.622189001934911
13900.0,10010.0,15.200000000000001,50.0,24.700000000000003,179.0,39.900000000000006,2596.0,45.1,13.850000000000001,86.80000000000001,1130.0,55.900000000000006,82.60000000000001,4938.075956995879,28.476853566041395,18.176996318533707,7.382516332748143,0.5272003938561145,1.0497566737925526,0.45,1.0,0.6720233491239456,1.0,0.9885098200787855,0.6720233491239456,69681.64162360138,288.15,0.8385412648334485,25.843774714744075,0.022267163956275426,4.9,6.622058619850614
13950.0,10000.0,15.100000000000001,50.0,24.700000000000003,182.0,40.2,2598.0,45.2,13.950000000000001,88.10000000000001,1125.0,56.0,82.5,4937.978746766637,28.476853566041395,18.1766384888862,7.382516332748143,0.5272003938561145,1.0497566737925526,0.32,1.0,0.6721042098774892,1.0,0.9885098200787855,0.6721042098774892,69681.64162360138,288.15,0.8385412648334485,25.843774714744075,0.022268815203769235,5.0,6.621928258988996
14000.0,9990.0,14.4,50.5,25.8,181.0,39.900000000000006,2594.0,45.300000000000004,14.100000000000001,87.10000000000001,1127.0,56.0,83.60000000000001,4937.881552371991,28.476853566041395,18.176280717525646,7.382516332748143,0.5272003938561145,1.0497566737925526,0.38,1.0,0.6721850565214497,1.0,0.9885098200787855,0.6721850565214497,69681.64162360138,288.15,0.8385412648334485,25.843774714744075,0.022270466182097378,4.9,6.621797919361889
14050.0,10020.0,15.4,50.0,25.700000000000003,180.0,40.300000000000004,2596.0,46.0,13.9,86.9,1128.0,56.0,84.30000000000001,4937.7843738207575,28.476853566041395,18.175923004484492,7.382516332748143,0.5272003938561145,1.0497566737925526,0.36,1.0,0.6722658890479015,1.0,0.9885098200787855,0.6722658890479015,69681.64162360138,288.15,0.8385412648334485,25.843774714744075,0.022272116891110298,5.2,6.621667600981112
14100.0,10010.0,15.200000000000001,49.5,25.6,181.0,40.1,2595.0,45.1,14.0,87.7,1127.0,55.6,82.7,4937.68721112174,28.476853566041395,18.175565349795153,7.382516332748143,0.5272003938561145,1.0497566737925526,0.36,1.0,0.6723467074489305,1.0,0.9885098200787855,0.6723467074489305,69681.64162360138,288.15,0.8385412648334485,25.843774714744075,0.02227376733065866,5.0,6.621537303858476
14150.0,10000.0,15.100000000000001,50.5,24.700000000000003,181.0,39.900000000000006,2592.0,45.1,13.850000000000001,86.80000000000001,1129.0,55.300000000000004,83.80000000000001,4937.590064283726,28.476853566041395,18.175207753489968,7.382516332748143,0.5272003938561145,1.0497566737925526,0.43,1.0,0.6724275117166322,1.0,0.9885098200787855,0.6724275117166322,69681.64162360138,288.15,0.8385412648334485,25.843774714744075,0.022275417500593312,4.800000000000001,6.621407028005763
14200.0,10000.0,15.3,50.0,25.3,179.0,39.900000000000006,2591.0,45.1,14.100000000000001,87.10000000000001,1124.0,55.5,83.5,4937.492933315496,28.476853566041395,18.174850215601264,7.382516332748143,0.5272003938561145,1.0497566737925526,0.44,1.0,0.6725083018431123,1.0,0.9885098200787855,0.6725083018431123,69681.64162360138,288.15,0.8385412648334485,25.843774714744075,0.022277067400765287,5.0,6.621276773434746
14250.0,10000.0,15.200000000000001,50.0,24.8,179.0,40.300000000000004,2584.0,45.2,13.950000000000001,87.0,1131.0,55.7,82.9,4937.395818225818,28.476853566041395,18.174492736161312,7.382516332748143,0.5272003938561145,1.0497566737925526,0.38,1.0,0.6725890778204847,1.0,0.9885098200787855,0.6725890778204847,69681.64162360138,288.15,0.8385412648334485,25.843774714744075,0.02227871703102592,5.0,6.621146540157187
14300.0,9990.0,14.5,49.5,25.5,180.0,40.1,2593.0,44.800000000000004,14.100000000000001,87.10000000000001,1126.0,56.300000000000004,82.9,4937.298719023444,28.476853566041395,18.174135315202328,7.382516332748143,0.5272003938561145,1.0497566737925526,0.36,1.0,0.6726698396408789,1.0,0.9885098200787855,0.6726698396408789,69681.64162360138,288.15,0.8385412648334485,25.843774714744075,0.02228036639122666,4.9,6.62101632818482
14350.0,10000.0,15.100000000000001,51.0,25.1,178.0,40.1,2594.0,45.0,14.0,87.2,1127.0,56.1,83.0,4937.201635717118,28.476853566041395,18.1737779527565,7.382516332748143,0.5272003938561145,1.0497566737925526,0.35000000000000003,1.0,0.6727505872964303,1.0,0.9885098200787855,0.6727505872964303,69681.64162360138,288.15,0.8385412648334485,25.843774714744075,0.022282015481219195,5.7,6.62088613752937
14400.0,9990.0,15.0,49.5,25.0,179.0,39.900000000000006,2598.0,45.1,14.05,86.2,1131.0,55.5,84.0,4937.104568315567,28.476853566041395,18.17342064885595,7.382516332748143,0.5272003938561145,1.0497566737925526,0.41000000000000003,1.0,0.6728313207792853,1.0,0.9885098200787855,0.6728313207792853,69681.64162360138,288.15,0.8385412648334485,25.843774714744075,0.022283664300855415,5.1000000000000005,6.620755968202542
14450.0,9990.0,15.100000000000001,50.0,25.0,180.0,39.6,2599.0,45.0,13.950000000000001,86.9,1128.0,55.6,82.10000000000001,4937.0075168275125,28.476853566041395,18.173063403532783,7.382516332748143,0.5272003938561145,1.0497566737925526,0.39,1.0,0.6729120400816011,1.0,0.9885098200787855,0.6729120400816011,69681.64162360138,288.15,0.8385412648334485,25.843774714744075,0.022285312849987388,5.1000000000000005,6.6206258202160315
14500.0,10000.0,14.700000000000001,50.0,24.400000000000002,179.0,39.800000000000004,2598.0,44.900000000000006,13.950000000000001,88.4,1128.0,56.0,83.10000000000001,4936.910481261659,28.476853566041395,18.17270621681904,7.382516332748143,0.5272003938561145,1.0497566737925526,0.36,1.0,0.6729927451955434,1.0,0.9885098200787855,0.6729927451955434,69681.64162360138,288.15,0.8385412648334485,25.843774714744075,0.02228696112846743,4.4,6.6204956935815105
14550.0,10010.0,15.100000000000001,50.0,24.900000000000002,181.0,39.7,2592.0,44.7,14.15,87.7,1121.0,55.400000000000006,83.2,4936.813461626701,28.476853566041395,18.172349088746728,7.382516332748143,0.5272003938561145,1.0497566737925526,0.37,1.0,0.6730734361132906,1.0,0.9885098200787855,0.6730734361132906,69681.64162360138,288.15,0.8385412648334485,25.843774714744075,0.022288609136148035,4.6000000000000005,6.620365588310638
14600.0,10020.0,15.100000000000001,50.0,24.700000000000003,181.0,39.900000000000006,2593.0,45.2,13.9,88.2,1127.0,56.400000000000006,82.7,4936.716457931319,28.476853566041395,18.171992019347798,7.382516332748143,0.5272003938561145,1.0497566737925526,0.35000000000000003,1.0,0.6731541128270293,1.0,0.9885098200787855,0.6731541128270293,69681.64162360138,288.15,0.8385412648334485,25.843774714744075,0.022290256872881904,4.6000000000000005,6.620235504415058
14650.0,10000.0,15.0,50.0,24.6,179.0,40.0,2592.0,44.800000000000004,14.100000000000001,87.2,1130.0,55.800000000000004,83.4,4936.619470184187,28.476853566041395,18.171635008654174,7.382516332748143,0.5272003938561145,1.0497566737925526,0.38,1.0,0.6732347753289569,1.0,0.9885098200787855,0.6732347753289569,69681.64162360138,288.15,0.8385412648334485,25.843774714744075,0.022291904338521937,4.5,6.620105441906399
14700.0,10020.0,15.0,50.5,24.700000000000003,180.0,39.800000000000004,2599.0,45.1,14.05,88.0,1130.0,56.2,82.5,4936.522498393961,28.476853566041395,18.171278056697727,7.382516332748143,0.5272003938561145,1.0497566737925526,0.36,1.0,0.6733154236112805,1.0,0.9885098200787855,0.6733154236112805,69681.64162360138,288.15,0.8385412648334485,25.843774714744075,0.022293551532921282,4.7,6.61997540079627
14750.0,10010.0,15.100000000000001,49.5,24.900000000000002,179.0,40.0,2588.0,45.2,14.05,88.30000000000001,1129.0,55.800000000000004,83.60000000000001,4936.425542569284,28.476853566041395,18.170921163510265,7.382516332748143,0.5272003938561145,1.0497566737925526,0.34,1.0,0.6733960576662191,1.0,0.9885098200787855,0.6733960576662191,69681.64162360138,288.15,0.8385412648334485,25.843774714744075,0.022295198455933224,4.7,6.619845381096261
14800.0,10000.0,14.4,50.0,24.6,180.0,39.800000000000004,2596.0,45.0,14.100000000000001,87.2,1125.0,55.900000000000006,82.60000000000001,4936.328602718792,28.476853566041395,18.170564329123586,7.382516332748143,0.5272003938561145,1.0497566737925526,0.39,1.0,0.6734766774859996,1.0,0.9885098200787855,0.6734766774859996,69681.64162360138,288.15,0.8385412648334485,25.843774714744075,0.022296845107411284,5.1000000000000005,6.619715382817956
14850.0,10030.0,14.8,50.0,24.8,180.0,40.1,2594.0,45.300000000000004,13.950000000000001,87.80000000000001,1128.0,56.0,83.10000000000001,4936.231678851109,28.476853566041395,18.17020755356942,7.382516332748143,0.5272003938561145,1.0497566737925526,0.45,1.0,0.67355728306286,1.0,0.9885098200787855,0.67355728306286,69681.64162360138,288.15,0.8385412648334485,25.843774714744075,0.022298491487209207,4.7,6.619585405972915
14900.0,10000.0,14.8,51.0,25.400000000000002,179.0,40.1,2595.0,44.800000000000004,14.05,87.4,1127.0,55.900000000000006,83.4,4936.1347709748425,28.476853566041395,18.169850836879466,7.382516332748143,0.5272003938561145,1.0497566737925526,0.39,1.0,0.6736378743890483,1.0,0.9885098200787855,0.6736378743890483,69681.64162360138,288.15,0.8385412648334485,25.843774714744075,0.022300137595180916,5.0,6.6194554505726835
14950.0,9990.0,15.5,49.5,25.200000000000003,180.0,40.400000000000006,2591.0,44.800000000000004,13.950000000000001,87.4,1123.0,55.800000000000004,82.2,4936.037879098591,28.476853566041395,18.169494179085362,7.382516332748143,0.5272003938561145,1.0497566737925526,0.39,1.0,0.6737184514568237,1.0,0.9885098200787855,0.6737184514568237,69681.64162360138,288.15,0.8385412648334485,25.843774714744075,0.022301783431180507,4.800000000000001,6.619325516628792
15000.0,9980.0,15.3,49.5,25.3,179.0,40.300000000000004,2597.0,44.7,13.950000000000001,87.5,1126.0,55.900000000000006,83.9,4935.941003230942,28.476853566041395,18.169137580218734,7.382516332748143,0.5272003938561145,1.0497566737925526,0.36,1.0,0.6737990142584522,1.0,0.9885098200787855,0.6737990142584522,69681.64162360138,288.15,0.8385412648334485,25.843774714744075,0.022303428995062345,5.0,6.619195604152758
15050.0,10010.0,15.200000000000001,50.0,24.900000000000002,179.0,39.800000000000004,2595.0,45.0,14.0,87.80000000000001,1124.0,55.900000000000006,83.30000000000001,4935.844143380467,28.476853566041395,18.16878104031112,7.382516332748143,0.5272003938561145,1.0497566737925526,0.36,1.0,0.6738795627862139,1.0,0.9885098200787855,0.6738795627862139,69681.64162360138,288.15,0.8385412648334485,25.843774714744075,0.02230507428668094,5.300000000000001,6.619065713156075
15100.0,10010.0,15.100000000000001,51.0,24.400000000000002,180.0,40.1,2591.0,45.1,13.950000000000001,87.60000000000001,1130.0,56.1,82.30000000000001,4935.747299555733,28.476853566041395,18.168424559394058,7.382516332748143,0.5272003938561145,1.0497566737925526,0.35000000000000003,1.0,0.6739600970323958,1.0,0.9885098200787855,0.6739600970323958,69681.64162360138,288.15,0.8385412648334485,25.843774714744075,0.022306719305891044,5.1000000000000005,6.618935843650228
15150.0,10000.0,14.200000000000001,50.5,25.1,179.0,40.2,2592.0,44.800000000000004,14.05,88.2,1131.0,56.1,83.4,4935.650471765286,28.476853566041395,18.16806813749901,7.382516332748143,0.5272003938561145,1.0497566737925526,0.4,1.0,0.6740406169892967,1.0,0.9885098200787855,0.6740406169892967,69681.64162360138,288.15,0.8385412648334485,25.843774714744075,0.022308364052547613,4.6000000000000005,6.618805995646684
15200.0,10010.0,14.8,50.0,24.900000000000002,180.0,40.0,2582.0,45.1,14.05,87.4,1127.0,56.6,83.4,4935.553660017666,28.476853566041395,18.167711774657405,7.382516332748143,0.5272003938561145,1.0497566737925526,0.39,1.0,0.6741211226492265,1.0,0.9885098200787855,0.6741211226492265,69681.64162360138,288.15,0.8385412648334485,25.843774714744075,0.02231000852650579,5.2,6.618676169156891
15250.0,10000.0,14.700000000000001,49.0,24.8,181.0,39.900000000000006,2597.0,45.0,14.100000000000001,86.9,1128.0,56.2,84.0,4935.456864321397,28.476853566041395,18.16735547090063,7.382516332748143,0.5272003938561145,1.0497566737925526,0.33,1.0,0.6742016140045033,1.0,0.9885098200787855,0.6742016140045033,69681.64162360138,288.15,0.8385412648334485,25.843774714744075,0.022311652727620885,4.800000000000001,6.61854636419228
15300.0,10010.0,15.5,50.0,24.900000000000002,181.0,40.2,2593.0,45.1,14.100000000000001,88.30000000000001,1129.0,56.0,83.2,4935.360084684997,28.476853566041395,18.166999226260028,7.382516332748143,0.5272003938561145,1.0497566737925526,0.4,1.0,0.6742820910474545,1.0,0.9885098200787855,0.6742820910474545,69681.64162360138,288.15,0.8385412648334485,25.843774714744075,0.02231329665574848,4.9,6.618416580764275
15350.0,10000.0,14.700000000000001,50.5,24.5,180.0,40.0,2602.0,44.900000000000006,13.950000000000001,86.80000000000001,1131.0,55.0,82.7,4935.263321116967,28.476853566041395,18.1666430407669,7.382516332748143,0.5272003938561145,1.0497566737925526,0.46,1.0,0.6743625537704199,1.0,0.9885098200787855,0.6743625537704199,69681.64162360138,288.15,0.8385412648334485,25.843774714744075,0.022314940310744314,5.1000000000000005,6.618286818884275
15400.0,9990.0,15.0,50.0,25.3,181.0,40.1,2592.0,45.2,13.950000000000001,86.5,1122.0,55.5,82.80000000000001,4935.166573625796,28.476853566041395,18.166286914452492,7.382516332748143,0.5272003938561145,1.0497566737925526,0.35000000000000003,1.0,0.6744430021657482,1.0,0.9885098200787855,0.6744430021657482,69681.64162360138,288.15,0.8385412648334485,25.843774714744075,0.022316583692464368,5.0,6.618157078563666
15450.0,9990.0,14.100000000000001,49.5,24.8,180.0,40.300000000000004,2592.0,45.300000000000004,14.0,87.10000000000001,1125.0,56.0,82.80000000000001,4935.069842219965,28.476853566041395,18.16593084734802,7.382516332748143,0.5272003938561145,1.0497566737925526,0.39,1.0,0.674523436225799,1.0,0.9885098200787855,0.674523436225799,69681.64162360138,288.15,0.8385412648334485,25.843774714744075,0.022318226800764736,4.9,6.618027359813818
15500.0,9990.0,15.3,50.0,24.8,180.0,40.0,2591.0,45.0,13.950000000000001,86.5,1123.0,55.900000000000006,83.5,4934.973126907942,28.476853566041395,18.165574839484652,7.382516332748143,0.5272003938561145,1.0497566737925526,0.36,1.0,0.6746038559429393,1.0,0.9885098200787855,0.6746038559429393,69681.64162360138,288.15,0.8385412648334485,25.843774714744075,0.02231986963550183,5.6000000000000005,6.617897662646089
15550.0,10010.0,15.4,50.5,25.700000000000003,179.0,39.5,2592.0,45.2,14.0,87.30000000000001,1130.0,56.1,83.60000000000001,4934.876427698178,28.476853566041395,18.165218890893502,7.382516332748143,0.5272003938561145,1.0497566737925526,0.35000000000000003,1.0,0.6746842613095497,1.0,0.9885098200787855,0.6746842613095497,69681.64162360138,288.15,0.8385412648334485,25.843774714744075,0.022321512196532205,4.7,6.617767987071812
15600.0,10020.0,15.0,49.5,24.8,179.0,39.900000000000006,2589.0,44.5,14.0,86.7,1130.0,56.1,83.30000000000001,4934.77974459912,28.476853566041395,18.16486300160566,7.382516332748143,0.5272003938561145,1.0497566737925526,0.36,1.0,0.6747646523180193,1.0,0.9885098200787855,0.6747646523180193,69681.64162360138,288.15,0.8385412648334485,25.843774714744075,0.0223231544837126,4.9,6.617638333102312
15650.0,10000.0,15.200000000000001,50.0,25.400000000000002,180.0,40.2,2592.0,44.5,14.0,87.5,1128.0,56.2,83.0,4934.683077619196,28.476853566041395,18.164507171652154,7.382516332748143,0.5272003938561145,1.0497566737925526,0.36,1.0,0.6748450289607464,1.0,0.9885098200787855,0.6748450289607464,69681.64162360138,288.15,0.8385412648334485,25.843774714744075,0.02232479649689997,5.1000000000000005,6.617508700748895
15700.0,10010.0,14.8,50.5,24.6,180.0,40.300000000000004,2598.0,44.900000000000006,14.0,87.2,1120.0,55.7,83.2,4934.586426766829,28.476853566041395,18.164151401063982,7.382516332748143,0.5272003938561145,1.0497566737925526,0.37,1.0,0.6749253912301395,1.0,0.9885098200787855,0.6749253912301395,69681.64162360138,288.15,0.8385412648334485,25.843774714744075,0.022326438235951474,5.0,6.617379090022854
15750.0,10010.0,14.9,49.5,25.1,180.0,40.0,2593.0,45.7,13.850000000000001,86.80000000000001,1127.0,55.800000000000004,83.60000000000001,4934.489792050425,28.476853566041395,18.16379568987209,7.382516332748143,0.5272003938561145,1.0497566737925526,0.41000000000000003,1.0,0.6750057391186169,1.0,0.9885098200787855,0.6750057391186169,69681.64162360138,288.15,0.8385412648334485,25.843774714744075,0.022328079700724517,4.9,6.617249500935462
15800.0,10000.0,15.0,50.0,25.0,180.0,40.1,2597.0,44.6,13.950000000000001,86.0,1129.0,56.1,83.4,4934.393173478378,28.476853566041395,18.163440038107375,7.382516332748143,0.5272003938561145,1.0497566737925526,0.34,1.0,0.6750860726186103,1.0,0.9885098200787855,0.6750860726186103,69681.64162360138,288.15,0.8385412648334485,25.843774714744075,0.022329720891076633,5.4,6.617119933497976
15850.0,9990.0,15.100000000000001,50.5,24.6,180.0,40.0,2606.0,45.1,14.100000000000001,87.80000000000001,1128.0,55.7,83.7,4934.296571059074,28.476853566041395,18.163084445800706,7.382516332748143,0.5272003938561145,1.0497566737925526,0.34,1.0,0.6751663917225571,1.0,0.9885098200787855,0.6751663917225571,69681.64162360138,288.15,0.8385412648334485,25.843774714744075,0.022331361806865572,5.300000000000001,6.616990387721641
15900.0,10000.0,14.200000000000001,50.0,25.3,180.0,40.1,2591.0,44.6,14.0,87.10000000000001,1126.0,56.5,82.80000000000001,4934.199984800885,28.476853566041395,18.162728912982903,7.382516332748143,0.5272003938561145,1.0497566737925526,0.39,1.0,0.6752466964229051,1.0,0.9885098200787855,0.6752466964229051,69681.64162360138,288.15,0.8385412648334485,25.843774714744075,0.022333002447949335,5.0,6.616860863617684
15950.0,9980.0,14.600000000000001,50.0,25.8,180.0,39.7,2582.0,45.2,14.0,87.7,1125.0,56.2,83.60000000000001,4934.103414712172,28.476853566041395,18.162373439684735,7.382516332748143,0.5272003938561145,1.0497566737925526,0.37,1.0,0.6753269867121159,1.0,0.9885098200787855,0.6753269867121159,69681.64162360138,288.15,0.8385412648334485,25.843774714744075,0.022334642814186068,4.800000000000001,6.616731361197317
16000.0,10000.0,15.200000000000001,50.0,25.400000000000002,180.0,39.7,2602.0,44.800000000000004,13.950000000000001,87.0,1127.0,55.900000000000006,83.2,4934.00686080128,28.476853566041395,18.16201802593693,7.382516332748143,0.5272003938561145,1.0497566737925526,0.38,1.0,0.6754072625826564,1.0,0.9885098200787855,0.6754072625826564,69681.64162360138,288.15,0.8385412648334485,25.843774714744075,0.022336282905434157,5.0,6.616601880471733
16050.0,9970.0,15.600000000000001,50.0,25.200000000000003,179.0,39.900000000000006,2592.0,45.400000000000006,13.950000000000001,87.5,1125.0,55.900000000000006,83.0,4933.910323076549,28.476853566041395,18.161662671770184,7.382516332748143,0.5272003938561145,1.0497566737925526,0.42,1.0,0.6754875240270072,1.0,0.9885098200787855,0.6754875240270072,69681.64162360138,288.15,0.8385412648334485,25.843774714744075,0.02233792272155212,4.5,6.616472421452114
16100.0,9980.0,14.4,49.5,24.700000000000003,179.0,39.900000000000006,2586.0,44.7,14.100000000000001,87.30000000000001,1127.0,55.7,82.4,4933.813801546304,28.476853566041395,18.161307377215138,7.382516332748143,0.5272003938561145,1.0497566737925526,0.35000000000000003,1.0,0.6755677710376543,1.0,0.9885098200787855,0.6755677710376543,69681.64162360138,288.15,0.8385412648334485,25.843774714744075,0.022339562262398784,4.9,6.616342984149624
16150.0,10010.0,15.3,50.5,24.700000000000003,180.0,39.900000000000006,2593.0,45.6,13.9,86.9,1130.0,55.5,82.80000000000001,4933.717296218856,28.476853566041395,18.16095214230239,7.382516332748143,0.5272003938561145,1.0497566737925526,0.37,1.0,0.6756480036071,1.0,0.9885098200787855,0.6756480036071,69681.64162360138,288.15,0.8385412648334485,25.843774714744075,0.022341201527833063,4.9,6.616213568575411
16200.0,9980.0,15.200000000000001,50.5,25.200000000000003,179.0,40.0,2591.0,44.900000000000006,14.15,87.10000000000001,1124.0,56.1,82.5,4933.6208071025085,28.476853566041395,18.160596967062496,7.382516332748143,0.5272003938561145,1.0497566737925526,0.35000000000000003,1.0,0.67572822172785,1.0,0.9885098200787855,0.67572822172785,69681.64162360138,288.15,0.8385412648334485,25.843774714744075,0.022342840517714173,4.7,6.616084174740607
16250.0,9990.0,15.3,50.5,25.200000000000003,179.0,39.900000000000006,2595.0,44.800000000000004,14.0,87.30000000000001,1126.0,56.1,84.0,4933.524334205549,28.476853566041395,18.16024185152597,7.382516332748143,0.5272003938561145,1.0497566737925526,0.38,1.0,0.6758084253924258,1.0,0.9885098200787855,0.6758084253924258,69681.64162360138,288.15,0.8385412648334485,25.843774714744075,0.022344479231901436,5.2,6.615954802656326
16300.0,10010.0,14.600000000000001,49.5,24.700000000000003,179.0,40.0,2597.0,45.400000000000006,14.0,86.7,1122.0,56.1,83.2,4933.427877536258,28.476853566041395,18.159886795723292,7.382516332748143,0.5272003938561145,1.0497566737925526,0.39,1.0,0.6758886145933536,1.0,0.9885098200787855,0.6758886145933536,69681.64162360138,288.15,0.8385412648334485,25.843774714744075,0.02234611767025447,5.5,6.615825452333673
16350.0,10010.0,15.200000000000001,49.5,24.8,180.0,39.800000000000004,2596.0,45.1,13.950000000000001,87.7,1127.0,55.5,83.10000000000001,4933.331437102899,28.476853566041395,18.159531799684878,7.382516332748143,0.5272003938561145,1.0497566737925526,0.39,1.0,0.6759687893231747,1.0,0.9885098200787855,0.6759687893231747,69681.64162360138,288.15,0.8385412648334485,25.843774714744075,0.022347755832632977,5.2,6.615696123783731
16400.0,10000.0,15.3,50.0,24.5,179.0,40.2,2599.0,45.1,14.100000000000001,87.60000000000001,1129.0,55.800000000000004,84.0,4933.2350129137285,28.476853566041395,18.159176863441118,7.382516332748143,0.5272003938561145,1.0497566737925526,0.4,1.0,0.6760489495744346,1.0,0.9885098200787855,0.6760489495744346,69681.64162360138,288.15,0.8385412648334485,25.843774714744075,0.022349393718896986,4.800000000000001,6.6155668170175685
16450.0,9990.0,15.100000000000001,49.0,25.3,179.0,40.1,2592.0,44.900000000000006,13.950000000000001,86.9,1132.0,56.6,83.30000000000001,4933.138604976986,28.476853566041395,18.158821987022346,7.382516332748143,0.5272003938561145,1.0497566737925526,0.38,1.0,0.6761290953396949,1.0,0.9885098200787855,0.6761290953396949,69681.64162360138,288.15,0.8385412648334485,25.843774714744075,0.02235103132890662,5.1000000000000005,6.615437532046239
16500.0,10010.0,14.8,50.0,24.3,181.0,40.400000000000006,2595.0,44.400000000000006,14.05,86.4,1125.0,56.300000000000004,83.30000000000001,4933.042213300906,28.476853566041395,18.15846717045887,7.382516332748143,0.5272003938561145,1.0497566737925526,0.37,1.0,0.6762092266115218,1.0,0.9885098200787855,0.6762092266115218,69681.64162360138,288.15,0.8385412648334485,25.843774714744075,0.02235266866252224,4.800000000000001,6.615308268880781
16550.0,10000.0,14.9,49.5,24.900000000000002,180.0,40.0,2589.0,45.300000000000004,13.8,86.7,1125.0,56.1,83.4,4932.945837893706,28.476853566041395,18.15811241378094,7.382516332748143,0.5272003938561145,1.0497566737925526,0.41000000000000003,1.0,0.6762893433824937,1.0,0.9885098200787855,0.6762893433824937,69681.64162360138,288.15,0.8385412648334485,25.843774714744075,0.022354305719604412,4.800000000000001,6.615179027532218
16600.0,10010.0,15.100000000000001,49.0,25.8,179.0,40.1,2596.0,45.1,13.950000000000001,87.5,1123.0,56.1,82.9,4932.8494787635955,28.476853566041395,18.157757717018775,7.382516332748143,0.5272003938561145,1.0497566737925526,0.36,1.0,0.6763694456451986,1.0,0.9885098200787855,0.6763694456451986,69681.64162360138,288.15,0.8385412648334485,25.843774714744075,0.022355942500013916,5.0,6.615049808011556
16650.0,10010.0,14.9,50.5,25.0,179.0,39.900000000000006,2593.0,44.800000000000004,14.05,87.10000000000001,1123.0,55.5,83.4,4932.753135918767,28.476853566041395,18.157403080202528,7.382516332748143,0.5272003938561145,1.0497566737925526,0.36,1.0,0.676449533392236,1.0,0.9885098200787855,0.676449533392236,69681.64162360138,288.15,0.8385412648334485,25.843774714744075,0.02235757900361171,5.0,6.6149206103297855
16700.0,10010.0,14.600000000000001,49.5,25.700000000000003,180.0,39.900000000000006,2590.0,44.800000000000004,13.9,87.5,1125.0,56.5,82.9,4932.656809367406,28.476853566041395,18.157048503362336,7.382516332748143,0.5272003938561145,1.0497566737925526,0.35000000000000003,1.0,0.6765296066162136,1.0,0.9885098200787855,0.6765296066162136,69681.64162360138,288.15,0.8385412648334485,25.843774714744075,0.02235921523025896,4.800000000000001,6.614791434497879
16750.0,9970.0,15.0,50.0,25.3,178.0,40.2,2598.0,45.400000000000006,14.0,87.5,1123.0,56.400000000000006,82.7,4932.560499117683,28.476853566041395,18.15669398652827,7.382516332748143,0.5272003938561145,1.0497566737925526,0.33,1.0,0.6766096653097495,1.0,0.9885098200787855,0.6766096653097495,69681.64162360138,288.15,0.8385412648334485,25.843774714744075,0.02236085117981699,4.7,6.6146622805267965
16800.0,10000.0,14.8,50.0,24.3,178.0,40.300000000000004,2598.0,44.7,14.0,87.5,1128.0,56.2,83.7,4932.464205177763,28.476853566041395,18.156339529730385,7.382516332748143,0.5272003938561145,1.0497566737925526,0.36,1.0,0.6766897094654701,1.0,0.9885098200787855,0.6766897094654701,69681.64162360138,288.15,0.8385412648334485,25.843774714744075,0.02236248685214737,4.9,6.614533148427484
16850.0,10000.0,14.9,50.0,25.0,180.0,39.800000000000004,2597.0,44.7,14.0,86.80000000000001,1128.0,55.400000000000006,83.60000000000001,4932.3679275557915,28.476853566041395,18.15598513299867,7.382516332748143,0.5272003938561145,1.0497566737925526,0.36,1.0,0.6767697390760139,1.0,0.9885098200787855,0.6767697390760139,69681.64162360138,288.15,0.8385412648334485,25.843774714744075,0.022364122247111876,5.2,6.614404038210868
16900.0,9990.0,15.0,51.0,24.900000000000002,181.0,40.0,2596.0,45.0,14.05,86.5,1124.0,55.900000000000006,83.2,4932.271666259907,28.476853566041395,18.155630796363074,7.382516332748143,0.5272003938561145,1.0497566737925526,0.37,1.0,0.6768497541340294,1.0,0.9885098200787855,0.6768497541340294,69681.64162360138,288.15,0.8385412648334485,25.843774714744075,0.02236575736457243,5.1000000000000005,6.614274949887861
16950.0,10020.0,14.700000000000001,49.5,24.400000000000002,182.0,40.1,2596.0,44.6,14.0,87.2,1126.0,56.5,84.30000000000001,4932.175421298234,28.476853566041395,18.155276519853512,7.382516332748143,0.5272003938561145,1.0497566737925526,0.35000000000000003,1.0,0.6769297546321722,1.0,0.9885098200787855,0.6769297546321722,69681.64162360138,288.15,0.8385412648334485,25.843774714744075,0.022367392204391177,4.7,6.614145883469359
17000.0,9990.0,15.5,50.5,24.900000000000002,180.0,39.800000000000004,2598.0,44.900000000000006,14.0,87.30000000000001,1126.0,56.0,83.10000000000001,4932.07919267889,28.476853566041395,18.154922303499855,7.382516332748143,0.5272003938561145,1.0497566737925526,0.4,1.0,0.6770097405631097,1.0,0.9885098200787855,0.6770097405631097,69681.64162360138,288.15,0.8385412648334485,25.843774714744075,0.02236902676643048,5.300000000000001,6.614016838966245
17050.0,10010.0,15.200000000000001,50.0,24.700000000000003,181.0,40.0,2589.0,44.900000000000006,14.0,86.60000000000001,1131.0,56.300000000000004,83.80000000000001,4931.982980409974,28.476853566041395,18.154568147331922,7.382516332748143,0.5272003938561145,1.0497566737925526,0.39,1.0,0.6770897119195197,1.0,0.9885098200787855,0.6770897119195197,69681.64162360138,288.15,0.8385412648334485,25.843774714744075,0.02237066105055287,5.0,6.613887816389383
17100.0,9990.0,15.0,50.0,24.5,180.0,39.900000000000006,2596.0,45.1,13.950000000000001,87.2,1126.0,55.1,82.9,4931.886784499579,28.476853566041395,18.15421405137951,7.382516332748143,0.5272003938561145,1.0497566737925526,0.41000000000000003,1.0,0.6771696686940888,1.0,0.9885098200787855,0.6771696686940888,69681.64162360138,288.15,0.8385412648334485,25.843774714744075,0.022372295056621146,4.5,6.613758815749627
17150.0,10000.0,15.5,49.5,25.0,179.0,40.300000000000004,2594.0,45.0,14.100000000000001,87.30000000000001,1125.0,55.900000000000006,83.4,4931.7906049557805,28.476853566041395,18.153860015672326,7.382516332748143,0.5272003938561145,1.0497566737925526,0.36,1.0,0.6772496108795161,1.0,0.9885098200787855,0.6772496108795161,69681.64162360138,288.15,0.8385412648334485,25.843774714744075,0.022373928784498173,4.4,6.613629837057802
17200.0,10000.0,14.600000000000001,51.0,25.1,179.0,39.900000000000006,2587.0,44.7,14.05,88.2,1129.0,56.1,82.9,4931.69444178665,28.476853566041395,18.153506040240096,7.382516332748143,0.5272003938561145,1.0497566737925526,0.35000000000000003,1.0,0.6773295384685046,1.0,0.9885098200787855,0.6773295384685046,69681.64162360138,288.15,0.8385412648334485,25.843774714744075,0.02237556223404713,5.4,6.613500880324734
17250.0,10000.0,15.600000000000001,50.5,24.3,179.0,39.900000000000006,2594.0,45.0,14.200000000000001,86.2,1127.0,56.400000000000006,83.10000000000001,4931.598295000242,28.476853566041395,18.153152125112463,7.382516332748143,0.5272003938561145,1.0497566737925526,0.38,1.0,0.6774094514537733,1.0,0.9885098200787855,0.6774094514537733,69681.64162360138,288.15,0.8385412648334485,25.843774714744075,0.02237719540513133,4.7,6.613371945561224
17300.0,10000.0,15.200000000000001,50.0,25.200000000000003,181.0,40.2,2595.0,44.6,13.950000000000001,86.7,1128.0,56.0,82.60000000000001,4931.502164604601,28.476853566041395,18.15279827031904,7.382516332748143,0.5272003938561145,1.0497566737925526,0.35000000000000003,1.0,0.6774893498280466,1.0,0.9885098200787855,0.6774893498280466,69681.64162360138,288.15,0.8385412648334485,25.843774714744075,0.022378828297614294,4.5,6.613243032778063
17350.0,10000.0,14.600000000000001,49.5,24.8,179.0,40.1,2597.0,44.800000000000004,13.950000000000001,87.2,1125.0,55.900000000000006,83.7,4931.40605060776,28.476853566041395,18.1524444758894,7.382516332748143,0.5272003938561145,1.0497566737925526,0.41000000000000003,1.0,0.6775692335840611,1.0,0.9885098200787855,0.6775692335840611,69681.64162360138,288.15,0.8385412648334485,25.843774714744075,0.02238046091135979,5.1000000000000005,6.61311414198602
17400.0,10010.0,14.4,50.5,25.200000000000003,181.0,40.1,2594.0,44.900000000000006,14.05,86.7,1129.0,55.6,82.80000000000001,4931.309953017739,28.476853566041395,18.152090741853055,7.382516332748143,0.5272003938561145,1.0497566737925526,0.44,1.0,0.677649102714564,1.0,0.9885098200787855,0.677649102714564,69681.64162360138,288.15,0.8385412648334485,25.843774714744075,0.0223820932462317,4.800000000000001,6.612985273195849
17450.0,10000.0,14.700000000000001,50.0,24.700000000000003,180.0,40.2,2591.0,45.2,14.05,87.5,1127.0,57.300000000000004,83.60000000000001,4931.2138718425485,28.476853566041395,18.151737068239502,7.382516332748143,0.5272003938561145,1.0497566737925526,0.39,1.0,0.6777289572123091,1.0,0.9885098200787855,0.6777289572123091,69681.64162360138,288.15,0.8385412648334485,25.843774714744075,0.02238372530209414,4.7,6.612856426418295
17500.0,10000.0,15.4,51.0,25.6,181.0,39.7,2596.0,44.6,13.9,87.0,1128.0,56.5,83.30000000000001,4931.11780709019,28.476853566041395,18.151383455078186,7.382516332748143,0.5272003938561145,1.0497566737925526,0.4,1.0,0.6778087970700617,1.0,0.9885098200787855,0.6778087970700617,69681.64162360138,288.15,0.8385412648334485,25.843774714744075,0.022385357078811473,4.7,6.612727601664087
17550.0,10000.0,14.600000000000001,49.0,25.3,179.0,40.2,2599.0,44.800000000000004,14.05,86.4,1122.0,56.2,82.9,4931.021758768644,28.476853566041395,18.15102990239849,7.382516332748143,0.5272003938561145,1.0497566737925526,0.37,1.0,0.6778886222805994,1.0,0.9885098200787855,0.6778886222805994,69681.64162360138,288.15,0.8385412648334485,25.843774714744075,0.022386988576248178,5.4,6.612598798943927
17600.0,9980.0,15.100000000000001,49.5,25.400000000000002,180.0,40.1,2590.0,44.800000000000004,14.05,87.9,1128.0,55.900000000000006,83.30000000000001,4930.925726885887,28.476853566041395,18.150676410229774,7.382516332748143,0.5272003938561145,1.0497566737925526,0.45,1.0,0.6779684328367053,1.0,0.9885098200787855,0.6779684328367053,69681.64162360138,288.15,0.8385412648334485,25.843774714744075,0.022388619794268955,5.0,6.612470018268514
17650.0,10020.0,14.8,50.0,25.200000000000003,180.0,39.800000000000004,2591.0,45.300000000000004,14.100000000000001,87.7,1131.0,56.2,82.9,4930.829711449886,28.476853566041395,18.15032297860136,7.382516332748143,0.5272003938561145,1.0497566737925526,0.42,1.0,0.678048228731174,1.0,0.9885098200787855,0.678048228731174,69681.64162360138,288.15,0.8385412648334485,25.843774714744075,0.02239025073273873,5.1000000000000005,6.612341259648527
17700.0,9990.0,14.700000000000001,50.0,24.900000000000002,180.0,40.2,2597.0,45.400000000000006,13.850000000000001,87.0,1129.0,55.7,82.80000000000001,4930.73371246859,28.476853566041395,18.14996960754251,7.382516332748143,0.5272003938561145,1.0497566737925526,0.36,1.0,0.6781280099568113,1.0,0.9885098200787855,0.6781280099568113,69681.64162360138,288.15,0.8385412648334485,25.843774714744075,0.022391881391522612,4.9,6.612212523094629
17750.0,10020.0,15.600000000000001,49.5,25.200000000000003,180.0,40.1,2596.0,45.1,14.100000000000001,87.5,1124.0,56.5,83.5,4930.637729949939,28.476853566041395,18.149616297082453,7.382516332748143,0.5272003938561145,1.0497566737925526,0.39,1.0,0.6782077765064317,1.0,0.9885098200787855,0.6782077765064317,69681.64162360138,288.15,0.8385412648334485,25.843774714744075,0.0223935117704859,5.2,6.612083808617467
17800.0,10000.0,15.100000000000001,50.0,24.200000000000003,180.0,39.900000000000006,2589.0,45.400000000000006,14.05,86.80000000000001,1125.0,56.300000000000004,83.60000000000001,4930.5417639018615,28.476853566041395,18.149263047250372,7.382516332748143,0.5272003938561145,1.0497566737925526,0.36,1.0,0.6782875283728594,1.0,0.9885098200787855,0.6782875283728594,69681.64162360138,288.15,0.8385412648334485,25.843774714744075,0.02239514186949405,4.9,6.611955116227675
17850.0,10010.0,14.4,50.0,24.8,180.0,39.900000000000006,2595.0,45.6,14.0,87.0,1132.0,56.0,84.0,4930.445814332275,28.476853566041395,18.148909858075413,7.382516332748143,0.5272003938561145,1.0497566737925526,0.38,1.0,0.6783672655489268,1.0,0.9885098200787855,0.6783672655489268,69681.64162360138,288.15,0.8385412648334485,25.843774714744075,0.022396771688412784,5.4,6.611826445935868
17900.0,10010.0,15.100000000000001,50.0,24.8,180.0,40.2,2594.0,44.900000000000006,14.0,87.4,1130.0,56.0,82.7,4930.349881249087,28.476853566041395,18.148556729586684,7.382516332748143,0.5272003938561145,1.0497566737925526,0.39,1.0,0.6784469880274789,1.0,0.9885098200787855,0.6784469880274789,69681.64162360138,288.15,0.8385412648334485,25.843774714744075,0.022398401227107966,5.300000000000001,6.611697797752651
17950.0,10010.0,14.600000000000001,50.0,24.6,180.0,40.300000000000004,2589.0,44.5,13.950000000000001,87.0,1128.0,56.400000000000006,83.7,4930.253964660191,28.476853566041395,18.148203661813234,7.382516332748143,0.5272003938561145,1.0497566737925526,0.33,1.0,0.6785266958013683,1.0,0.9885098200787855,0.6785266958013683,69681.64162360138,288.15,0.8385412648334485,25.843774714744075,0.02240003048544566,5.2,6.611569171688609
18000.0,10000.0,15.200000000000001,49.5,25.0,180.0,40.2,2588.0,45.0,13.950000000000001,87.10000000000001,1129.0,56.7,82.80000000000001,4930.15806457347,28.476853566041395,18.14785065478409,7.382516332748143,0.5272003938561145,1.0497566737925526,0.41000000000000003,1.0,0.6786063888634574,1.0,0.9885098200787855,0.6786063888634574,69681.64162360138,288.15,0.8385412648334485,25.843774714744075,0.02240165946329217,5.300000000000001,6.611440567754316
18050.0,9980.0,15.200000000000001,50.5,24.900000000000002,179.0,40.2,2589.0,44.900000000000006,14.0,87.2,1125.0,56.0,83.10000000000001,4930.062180996796,28.476853566041395,18.14749770852822,7.382516332748143,0.5272003938561145,1.0497566737925526,0.41000000000000003,1.0,0.6786860672066203,1.0,0.9885098200787855,0.6786860672066203,69681.64162360138,288.15,0.8385412648334485,25.843774714744075,0.022403288160513984,5.5,6.611311985960324
18100.0,9980.0,15.100000000000001,49.5,25.400000000000002,179.0,39.900000000000006,2592.0,45.0,14.05,87.10000000000001,1127.0,55.800000000000004,83.4,4929.9663139380245,28.476853566041395,18.147144823074548,7.382516332748143,0.5272003938561145,1.0497566737925526,0.38,1.0,0.6787657308237409,1.0,0.9885098200787855,0.6787657308237409,69681.64162360138,288.15,0.8385412648334485,25.843774714744075,0.02240491657697772,5.2,6.61118342631717
18150.0,9990.0,14.5,50.0,25.5,180.0,40.0,2591.0,45.5,13.950000000000001,86.30000000000001,1128.0,55.6,83.7,4929.870463405008,28.476853566041395,18.146791998451974,7.382516332748143,0.5272003938561145,1.0497566737925526,0.4,1.0,0.678845379707709,1.0,0.9885098200787855,0.678845379707709,69681.64162360138,288.15,0.8385412648334485,25.843774714744075,0.022406544712550245,5.2,6.611054888835384
18200.0,10010.0,15.0,49.5,24.900000000000002,179.0,40.1,2597.0,45.400000000000006,14.05,87.30000000000001,1126.0,56.1,83.30000000000001,4929.774629405583,28.476853566041395,18.146439234689346,7.382516332748143,0.5272003938561145,1.0497566737925526,0.37,1.0,0.6789250138514272,1.0,0.9885098200787855,0.6789250138514272,69681.64162360138,288.15,0.8385412648334485,25.843774714744075,0.02240817256709861,5.0,6.6109263735254755
18250.0,9990.0,14.700000000000001,50.5,25.400000000000002,179.0,40.1,2592.0,45.0,14.100000000000001,87.2,1129.0,56.900000000000006,82.7,4929.678811947575,28.476853566041395,18.146086531815467,7.382516332748143,0.5272003938561145,1.0497566737925526,0.35000000000000003,1.0,0.6790046332478071,1.0,0.9885098200787855,0.6790046332478071,69681.64162360138,288.15,0.8385412648334485,25.843774714744075,0.022409800140490085,4.7,6.6107978803979375
18300.0,10000.0,14.3,50.0,24.8,181.0,40.1,2592.0,45.2,14.05,86.30000000000001,1126.0,55.5,82.5,4929.583011038796,28.476853566041395,18.145733889859095,7.382516332748143,0.5272003938561145,1.0497566737925526,0.36,1.0,0.6790842378897713,1.0,0.9885098200787855,0.6790842378897713,69681.64162360138,288.15,0.8385412648334485,25.843774714744075,0.022411427432592102,4.9,6.610669409463246
18350.0,9990.0,14.9,49.5,25.1,180.0,40.1,2594.0,44.5,13.950000000000001,86.5,1126.0,56.300000000000004,83.80000000000001,4929.48722668705,28.476853566041395,18.145381308848954,7.382516332748143,0.5272003938561145,1.0497566737925526,0.41000000000000003,1.0,0.6791638277702503,1.0,0.9885098200787855,0.6791638277702503,69681.64162360138,288.15,0.8385412648334485,25.843774714744075,0.022413054443272306,4.7,6.610540960731868
18400.0,10010.0,15.200000000000001,49.5,25.3,180.0,39.7,2596.0,45.1,14.0,86.7,1125.0,56.5,83.0,4929.391458900127,28.476853566041395,18.145028788813725,7.382516332748143,0.5272003938561145,1.0497566737925526,0.39,1.0,0.6792434028821854,1.0,0.9885098200787855,0.6792434028821854,69681.64162360138,288.15,0.8385412648334485,25.843774714744075,0.022414681172398483,5.0,6.610412534214248
18450.0,9990.0,14.700000000000001,49.0,25.200000000000003,179.0,40.0,2596.0,45.2,13.9,86.7,1131.0,56.800000000000004,83.5,4929.295707685809,28.476853566041395,18.144676329782047,7.382516332748143,0.5272003938561145,1.0497566737925526,0.39,1.0,0.6793229632185251,1.0,0.9885098200787855,0.6793229632185251,69681.64162360138,288.15,0.8385412648334485,25.843774714744075,0.022416307619838687,4.7,6.610284129920824
18500.0,10010.0,15.0,50.5,24.700000000000003,180.0,40.0,2595.0,45.1,13.950000000000001,85.9,1131.0,57.1,83.30000000000001,4929.199973051864,28.476853566041395,18.144323931782516,7.382516332748143,0.5272003938561145,1.0497566737925526,0.34,1.0,0.6794025087722313,1.0,0.9885098200787855,0.6794025087722313,69681.64162360138,288.15,0.8385412648334485,25.843774714744075,0.022417933785461124,4.7,6.61015574786201
18550.0,10010.0,15.4,49.5,25.0,180.0,40.2,2593.0,44.5,14.05,87.4,1127.0,56.400000000000006,82.80000000000001,4929.104255006047,28.476853566041395,18.14397159484368,7.382516332748143,0.5272003938561145,1.0497566737925526,0.36,1.0,0.6794820395362726,1.0,0.9885098200787855,0.6794820395362726,69681.64162360138,288.15,0.8385412648334485,25.843774714744075,0.022419559669134233,5.2,6.61002738804821
18600.0,10000.0,15.200000000000001,51.0,24.6,180.0,40.0,2592.0,45.2,14.0,86.10000000000001,1127.0,56.300000000000004,83.5,4929.008553556106,28.476853566041395,18.143619318994055,7.382516332748143,0.5272003938561145,1.0497566737925526,0.39,1.0,0.6795615555036301,1.0,0.9885098200787855,0.6795615555036301,69681.64162360138,288.15,0.8385412648334485,25.843774714744075,0.022421185270726608,5.0,6.609899050489809
18650.0,10000.0,14.9,49.5,25.1,180.0,40.300000000000004,2600.0,45.2,14.05,86.7,1124.0,56.2,83.10000000000001,4928.912868709771,28.476853566041395,18.1432671042621,7.382516332748143,0.5272003938561145,1.0497566737925526,0.39,1.0,0.6796410566672929,1.0,0.9885098200787855,0.6796410566672929,69681.64162360138,288.15,0.8385412648334485,25.843774714744075,0.022422810590106992,5.0,6.609770735197178
18700.0,10010.0,14.8,49.5,25.6,181.0,39.900000000000006,2594.0,45.0,14.0,87.0,1133.0,56.300000000000004,83.4,4928.81720047477,28.476853566041395,18.14291495067626,7.382516332748143,0.5272003938561145,1.0497566737925526,0.33,1.0,0.679720543020257,1.0,0.9885098200787855,0.679720543020257,69681.64162360138,288.15,0.8385412648334485,25.843774714744075,0.022424435627144433,4.800000000000001,6.609642442180677
18750.0,10010.0,15.100000000000001,48.0,25.3,182.0,39.6,2600.0,44.2,14.05,86.7,1121.0,56.400000000000006,83.60000000000001,4928.721548858812,28.476853566041395,18.142562858264906,7.382516332748143,0.5272003938561145,1.0497566737925526,0.39,1.0,0.6798000145555333,1.0,0.9885098200787855,0.6798000145555333,69681.64162360138,288.15,0.8385412648334485,25.843774714744075,0.022426060381708097,5.1000000000000005,6.609514171450645
18800.0,10000.0,14.4,50.5,25.700000000000003,181.0,39.6,2588.0,44.7,13.9,86.7,1128.0,55.800000000000004,83.4,4928.625913869596,28.476853566041395,18.142210827056388,7.382516332748143,0.5272003938561145,1.0497566737925526,0.4,1.0,0.6798794712661393,1.0,0.9885098200787855,0.6798794712661393,69681.64162360138,288.15,0.8385412648334485,25.843774714744075,0.02242768485366737,4.800000000000001,6.609385923017406
18850.0,10000.0,14.4,50.0,25.0,180.0,40.1,2595.0,44.900000000000006,14.0,87.30000000000001,1127.0,56.400000000000006,82.9,4928.530295514812,28.476853566041395,18.141858857079004,7.382516332748143,0.5272003938561145,1.0497566737925526,0.36,1.0,0.6799589131451033,1.0,0.9885098200787855,0.6799589131451033,69681.64162360138,288.15,0.8385412648334485,25.843774714744075,0.022429309042891837,5.1000000000000005,6.609257696891274
18900.0,9990.0,15.100000000000001,50.0,24.900000000000002,180.0,39.900000000000006,2588.0,45.1,14.0,87.2,1126.0,56.900000000000006,82.80000000000001,4928.4346938021345,28.476853566041395,18.141506948361013,7.382516332748143,0.5272003938561145,1.0497566737925526,0.35000000000000003,1.0,0.6800383401854629,1.0,0.9885098200787855,0.6800383401854629,69681.64162360138,288.15,0.8385412648334485,25.843774714744075,0.02243093294925123,4.7,6.609129493082539
18950.0,9980.0,15.5,50.5,25.200000000000003,179.0,40.400000000000006,2593.0,44.900000000000006,14.100000000000001,87.10000000000001,1132.0,56.400000000000006,82.80000000000001,4928.339108739232,28.476853566041395,18.141155100930632,7.382516332748143,0.5272003938561145,1.0497566737925526,0.36,1.0,0.6801177523802642,1.0,0.9885098200787855,0.6801177523802642,69681.64162360138,288.15,0.8385412648334485,25.843774714744075,0.022432556572615493,4.5,6.609001311601485
19000.0,10000.0,15.3,50.5,25.0,179.0,40.0,2598.0,45.1,14.0,86.2,1129.0,55.2,83.2,4928.243540333762,28.476853566041395,18.140803314816058,7.382516332748143,0.5272003938561145,1.0497566737925526,0.46,1.0,0.680197149722563,1.0,0.9885098200787855,0.680197149722563,69681.64162360138,288.15,0.8385412648334485,25.843774714744075,0.02243417991285479,4.6000000000000005,6.608873152458382
19050.0,10000.0,15.0,50.0,25.400000000000002,180.0,40.0,2597.0,45.0,14.25,86.80000000000001,1127.0,55.7,82.7,4928.147988593363,28.476853566041395,18.1404515900454,7.382516332748143,0.5272003938561145,1.0497566737925526,0.42,1.0,0.6802765322054263,1.0,0.9885098200787855,0.6802765322054263,69681.64162360138,288.15,0.8385412648334485,25.843774714744075,0.022435802969839495,4.6000000000000005,6.608745015663472
19100.0,9970.0,15.0,50.5,25.0,180.0,39.6,2596.0,45.2,13.9,87.30000000000001,1129.0,56.7,83.30000000000001,4928.052453525667,28.476853566041395,18.140099926646755,7.382516332748143,0.5272003938561145,1.0497566737925526,0.4,1.0,0.680355899821932,1.0,0.9885098200787855,0.680355899821932,69681.64162360138,288.15,0.8385412648334485,25.843774714744075,0.02243742574344008,5.1000000000000005,6.60861690122699
19150.0,10010.0,14.5,49.0,24.700000000000003,180.0,40.1,2596.0,45.300000000000004,14.100000000000001,86.10000000000001,1127.0,56.0,82.9,4927.956935138298,28.476853566041395,18.13974832464819,7.382516332748143,0.5272003938561145,1.0497566737925526,0.39,1.0,0.6804352525651619,1.0,0.9885098200787855,0.6804352525651619,69681.64162360138,288.15,0.8385412648334485,25.843774714744075,0.022439048233527305,4.1000000000000005,6.608488809159161
19200.0,10030.0,15.200000000000001,49.5,25.8,180.0,40.0,2592.0,45.5,14.0,86.7,1130.0,56.5,83.0,4927.861433438864,28.476853566041395,18.1393967840777,7.382516332748143,0.5272003938561145,1.0497566737925526,0.41000000000000003,1.0,0.6805145904282133,1.0,0.9885098200787855,0.6805145904282133,69681.64162360138,288.15,0.8385412648334485,25.843774714744075,0.02244067043997209,5.6000000000000005,6.608360739470187
19250.0,10000.0,15.0,50.0,25.5,180.0,39.900000000000006,2588.0,44.6,13.950000000000001,86.60000000000001,1131.0,56.5,82.5,4927.765948434961,28.476853566041395,18.139045304963258,7.382516332748143,0.5272003938561145,1.0497566737925526,0.36,1.0,0.6805939134041908,1.0,0.9885098200787855,0.6805939134041908,69681.64162360138,288.15,0.8385412648334485,25.843774714744075,0.02244229236264552,5.300000000000001,6.608232692170252
19300.0,10010.0,15.0,50.0,25.400000000000002,179.0,40.1,2603.0,45.1,13.950000000000001,86.9,1126.0,55.800000000000004,83.30000000000001,4927.670480134178,28.476853566041395,18.138693887332792,7.382516332748143,0.5272003938561145,1.0497566737925526,0.41000000000000003,1.0,0.6806732214862077,1.0,0.9885098200787855,0.6806732214862077,69681.64162360138,288.15,0.8385412648334485,25.843774714744075,0.02244391400141893,4.800000000000001,6.6081046672695365
19350.0,10000.0,14.700000000000001,50.0,24.8,179.0,40.400000000000006,2596.0,45.2,14.05,87.10000000000001,1126.0,56.400000000000006,82.9,4927.575028544088,28.476853566041395,18.138342531214178,7.382516332748143,0.5272003938561145,1.0497566737925526,0.39,1.0,0.6807525146673893,1.0,0.9885098200787855,0.6807525146673893,69681.64162360138,288.15,0.8385412648334485,25.843774714744075,0.022445535356163754,5.0,6.607976664778193
19400.0,10000.0,14.600000000000001,50.0,24.900000000000002,178.0,40.1,2598.0,45.800000000000004,14.0,86.30000000000001,1124.0,56.400000000000006,83.10000000000001,4927.47959367226,28.476853566041395,18.137991236635283,7.382516332748143,0.5272003938561145,1.0497566737925526,0.36,1.0,0.6808317929408665,1.0,0.9885098200787855,0.6808317929408665,69681.64162360138,288.15,0.8385412648334485,25.843774714744075,0.02244715642675171,4.9,6.607848684706376
19450.0,9980.0,15.3,49.5,25.0,179.0,39.900000000000006,2593.0,45.0,14.05,87.5,1129.0,56.7,83.7,4927.384175526244,28.476853566041395,18.13764000362389,7.382516332748143,0.5272003938561145,1.0497566737925526,0.4,1.0,0.6809110562997833,1.0,0.9885098200787855,0.6809110562997833,69681.64162360138,288.15,0.8385412648334485,25.843774714744075,0.02244877721305468,4.9,6.607720727064205
19500.0,10010.0,15.3,50.5,24.400000000000002,179.0,39.900000000000006,2597.0,45.0,14.100000000000001,87.4,1130.0,56.800000000000004,82.5,4927.28877411358,28.476853566041395,18.137288832207762,7.382516332748143,0.5272003938561145,1.0497566737925526,0.4,1.0,0.6809903047372935,1.0,0.9885098200787855,0.6809903047372935,69681.64162360138,288.15,0.8385412648334485,25.843774714744075,0.022450397714944722,4.800000000000001,6.607592791861794
19550.0,9980.0,14.9,50.5,25.200000000000003,182.0,40.0,2604.0,45.1,14.0,85.80000000000001,1130.0,56.2,82.7,4927.1933894418,28.476853566041395,18.136937722414615,7.382516332748143,0.5272003938561145,1.0497566737925526,0.42,1.0,0.6810695382465578,1.0,0.9885098200787855,0.6810695382465578,69681.64162360138,288.15,0.8385412648334485,25.843774714744075,0.022452017932294063,5.2,6.6074648791092425
19600.0,10010.0,14.9,50.0,25.0,181.0,40.300000000000004,2596.0,45.6,14.05,86.5,1129.0,56.900000000000006,84.0,4927.0980215184245,28.476853566041395,18.13658667427214,7.382516332748143,0.5272003938561145,1.0497566737925526,0.42,1.0,0.681148756820747,1.0,0.9885098200787855,0.681148756820747,69681.64162360138,288.15,0.8385412648334485,25.843774714744075,0.022453637864975198,4.9,6.607336988816638
19650.0,10000.0,15.200000000000001,51.0,25.200000000000003,180.0,40.0,2593.0,45.0,14.0,87.60000000000001,1126.0,56.400000000000006,82.5,4927.002670350959,28.476853566041395,18.136235687807964,7.382516332748143,0.5272003938561145,1.0497566737925526,0.4,1.0,0.6812279604530446,1.0,0.9885098200787855,0.6812279604530446,69681.64162360138,288.15,0.8385412648334485,25.843774714744075,0.022455257512860698,5.300000000000001,6.607209120994044
19700.0,10020.0,15.100000000000001,50.5,24.900000000000002,180.0,40.1,2594.0,45.0,14.05,86.4,1126.0,56.900000000000006,84.30000000000001,4926.907335946904,28.476853566041395,18.13588476304969,7.382516332748143,0.5272003938561145,1.0497566737925526,0.35000000000000003,1.0,0.6813071491366379,1.0,0.9885098200787855,0.6813071491366379,69681.64162360138,288.15,0.8385412648334485,25.843774714744075,0.022456876875823466,4.6000000000000005,6.607081275651518
19750.0,9990.0,15.0,50.5,25.200000000000003,180.0,40.1,2591.0,44.900000000000006,14.0,85.60000000000001,1124.0,56.0,83.4,4926.81201831374,28.476853566041395,18.13553390002486,7.382516332748143,0.5272003938561145,1.0497566737925526,0.39,1.0,0.6813863228647307,1.0,0.9885098200787855,0.6813863228647307,69681.64162360138,288.15,0.8385412648334485,25.843774714744075,0.02245849595373646,5.1000000000000005,6.606953452799092
19800.0,9980.0,14.600000000000001,50.5,23.900000000000002,181.0,39.6,2598.0,44.7,14.100000000000001,88.5,1121.0,56.6,82.10000000000001,4926.716717458946,28.476853566041395,18.135183098761,7.382516332748143,0.5272003938561145,1.0497566737925526,0.39,1.0,0.6814654816305294,1.0,0.9885098200787855,0.6814654816305294,69681.64162360138,288.15,0.8385412648334485,25.843774714744075,0.022460114746472935,4.9,6.606825652446796
19850.0,10000.0,14.700000000000001,50.5,24.400000000000002,181.0,39.900000000000006,2589.0,45.5,14.0,87.7,1130.0,56.1,82.9,4926.621433389981,28.476853566041395,18.13483235928557,7.382516332748143,0.5272003938561145,1.0497566737925526,0.38,1.0,0.6815446254272562,1.0,0.9885098200787855,0.6815446254272562,69681.64162360138,288.15,0.8385412648334485,25.843774714744075,0.022461733253906258,5.300000000000001,6.606697874604633
19900.0,10010.0,15.100000000000001,50.0,25.0,181.0,40.0,2593.0,44.800000000000004,13.950000000000001,85.7,1125.0,56.900000000000006,82.9,4926.5261661142995,28.476853566041395,18.13448168162601,7.382516332748143,0.5272003938561145,1.0497566737925526,0.4,1.0,0.6816237542481378,1.0,0.9885098200787855,0.6816237542481378,69681.64162360138,288.15,0.8385412648334485,25.843774714744075,0.022463351475910016,4.3,6.606570119282598
19950.0,10010.0,15.0,50.0,25.1,180.0,39.6,2598.0,45.1,14.0,86.0,1123.0,56.400000000000006,83.80000000000001,4926.430915639341,28.476853566041395,18.1341310658097,7.382516332748143,0.5272003938561145,1.0497566737925526,0.39,1.0,0.6817028680864125,1.0,0.9885098200787855,0.6817028680864125,69681.64162360138,288.15,0.8385412648334485,25.843774714744075,0.022464969412358003,4.6000000000000005,6.60644238649067
20000.0,10000.0,15.0,50.5,25.200000000000003,178.0,40.1,2590.0,44.6,14.0,86.80000000000001,1123.0,56.6,83.30000000000001,4926.335681972538,28.476853566041395,18.133780511864003,7.382516332748143,0.5272003938561145,1.0497566737925526,0.38,1.0,0.6817819669353289,1.0,0.9885098200787855,0.6817819669353289,69681.64162360138,288.15,0.8385412648334485,25.843774714744075,0.0224665870631242,4.7,6.606314676238814
20050.0,9990.0,15.3,49.0,25.400000000000002,180.0,40.0,2587.0,45.0,14.05,85.7,1128.0,56.300000000000004,82.60000000000001,4926.240465121304,28.476853566041395,18.133430019816206,7.382516332748143,0.5272003938561145,1.0497566737925526,0.41000000000000003,1.0,0.6793272420491191,1.0,0.9885098200787855,0.6793272420491191,69681.64162360138,288.15,0.8385412648334485,25.843774714744075,0.022468204428082752,4.4,6.6061869885369715
20100.0,10000.0,15.5,50.5,25.200000000000003,180.0,39.900000000000006,2593.0,45.2,13.950000000000001,87.0,1132.0,56.2,82.30000000000001,4926.145265093049,28.476853566041395,18.133079589693587,7.382516332748143,0.5272003938561145,1.0497566737925526,0.34,1.0,0.6768780507678998,1.0,0.9885098200787855,0.6768780507678998,69681.64162360138,288.15,0.8385412648334485,25.843774714744075,0.02246982150710797,5.1000000000000005,6.606059323395081
20150.0,10000.0,15.3,49.5,25.3,180.0,39.900000000000006,2593.0,44.6,14.15,86.5,1129.0,56.0,82.4,4926.05008189517,28.476853566041395,18.13272922152337,7.382516332748143,0.5272003938561145,1.0497566737925526,0.37,1.0,0.6744343919067862,1.0,0.9885098200787855,0.6744343919067862,69681.64162360138,288.15,0.8385412648334485,25.843774714744075,0.022471438300074437,5.2,6.605931680823061
20200.0,9990.0,14.700000000000001,50.0,25.200000000000003,181.0,40.1,2597.0,45.2,13.9,85.9,1124.0,55.6,83.30000000000001,4925.9549155350505,28.476853566041395,18.132378915332744,7.382516332748143,0.5272003938561145,1.0497566737925526,0.39,1.0,0.6719962640844351,1.0,0.9885098200787855,0.6719962640844351,69681.64162360138,288.15,0.8385412648334485,25.843774714744075,0.022473054806856862,4.9,6.605804060830814
20250.0,9970.0,15.600000000000001,49.5,25.8,179.0,39.800000000000004,2585.0,45.1,13.950000000000001,85.9,1123.0,56.300000000000004,83.30000000000001,4925.859766020064,28.476853566041395,18.132028671148838,7.382516332748143,0.5272003938561145,1.0497566737925526,0.44,1.0,0.6695636657279649,1.0,0.9885098200787855,0.6695636657279649,69681.64162360138,288.15,0.8385412648334485,25.843774714744075,0.022474671027330168,4.800000000000001,6.605676463428227
20300.0,10000.0,14.600000000000001,50.0,24.8,180.0,40.2,2598.0,44.7,14.05,86.5,1126.0,55.7,82.7,4925.764633357574,28.476853566041395,18.131678488998762,7.382516332748143,0.5272003938561145,1.0497566737925526,0.43,1.0,0.6671365950777857,1.0,0.9885098200787855,0.6671365950777857,69681.64162360138,288.15,0.8385412648334485,25.843774714744075,0.02247628696136946,5.0,6.605548888625175
20350.0,10000.0,14.9,51.0,25.5,179.0,39.900000000000006,2593.0,45.0,13.950000000000001,86.80000000000001,1131.0,55.400000000000006,82.4,4925.66951755493,28.476853566041395,18.13132836890957,7.382516332748143,0.5272003938561145,1.0497566737925526,0.37,1.0,0.6647150501923083,1.0,0.9885098200787855,0.6647150501923083,69681.64162360138,288.15,0.8385412648334485,25.843774714744075,0.02247790260885003,4.800000000000001,6.6054213364315135
20400.0,10020.0,15.3,50.5,24.900000000000002,180.0,39.7,2597.0,45.1,14.100000000000001,86.4,1127.0,55.800000000000004,83.4,4925.574418619475,28.476853566041395,18.130978310908294,7.382516332748143,0.5272003938561145,1.0497566737925526,0.34,1.0,0.6622990289525573,1.0,0.9885098200787855,0.6622990289525573,69681.64162360138,288.15,0.8385412648334485,25.843774714744075,0.02247951796964737,5.1000000000000005,6.605293806857089
20450.0,10000.0,14.700000000000001,49.0,24.900000000000002,181.0,40.300000000000004,2596.0,45.6,14.0,87.10000000000001,1126.0,55.5,82.60000000000001,4925.479336558536,28.476853566041395,18.130628315021898,7.382516332748143,0.5272003938561145,1.0497566737925526,0.32,1.0,0.6598885290666741,1.0,0.9885098200787855,0.6598885290666741,69681.64162360138,288.15,0.8385412648334485,25.843774714744075,0.022481133043637146,5.2,6.605166299911728
20500.0,9990.0,14.8,49.5,24.900000000000002,181.0,40.400000000000006,2588.0,44.900000000000006,13.950000000000001,87.10000000000001,1128.0,55.400000000000006,83.0,4925.384271379433,28.476853566041395,18.130278381277336,7.382516332748143,0.5272003938561145,1.0497566737925526,0.37,1.0,0.6574835480743247,1.0,0.9885098200787855,0.6574835480743247,69681.64162360138,288.15,0.8385412648334485,25.843774714744075,0.02248274783069521,5.300000000000001,6.605038815605248
20550.0,10010.0,15.200000000000001,48.5,25.0,182.0,40.300000000000004,2587.0,44.900000000000006,13.9,87.5,1128.0,55.300000000000004,83.0,4925.28922308947,28.476853566041395,18.12992850970149,7.382516332748143,0.5272003938561145,1.0497566737925526,0.3,1.0,0.655084083351004,1.0,0.9885098200787855,0.655084083351004,69681.64162360138,288.15,0.8385412648334485,25.843774714744075,0.022484362330697595,4.7,6.604911353947442
20600.0,10000.0,15.3,49.0,24.8,181.0,39.7,2595.0,45.0,14.100000000000001,86.30000000000001,1126.0,55.800000000000004,82.30000000000001,4925.194191695948,28.476853566041395,18.129578700321225,7.382516332748143,0.5272003938561145,1.0497566737925526,0.37,1.0,0.6526901321122461,1.0,0.9885098200787855,0.6526901321122461,69681.64162360138,288.15,0.8385412648334485,25.843774714744075,0.022485976543520542,4.800000000000001,6.6047839149481
20650.0,10000.0,15.3,50.5,24.700000000000003,180.0,40.300000000000004,2591.0,45.0,14.0,86.4,1123.0,55.900000000000006,82.5,4925.09917720615,28.476853566041395,18.129228953163363,7.382516332748143,0.5272003938561145,1.0497566737925526,0.41000000000000003,1.0,0.6503016914177389,1.0,0.9885098200787855,0.6503016914177389,69681.64162360138,288.15,0.8385412648334485,25.843774714744075,0.0224875904690405,4.800000000000001,6.6046564986169916
20700.0,9990.0,15.4,50.5,25.1,181.0,39.900000000000006,2594.0,44.800000000000004,14.05,86.0,1131.0,55.2,82.9,4925.004179627348,28.476853566041395,18.128879268254668,7.382516332748143,0.5272003938561145,1.0497566737925526,0.4,1.0,0.647918758175347,1.0,0.9885098200787855,0.647918758175347,69681.64162360138,288.15,0.8385412648334485,25.843774714744075,0.022489204107134068,4.9,6.604529104963866
20750.0,10000.0,15.0,50.5,24.700000000000003,180.0,40.0,2598.0,45.0,14.15,86.4,1126.0,55.2,82.30000000000001,4924.909198966805,28.476853566041395,18.128529645621875,7.382516332748143,0.5272003938561145,1.0497566737925526,0.35000000000000003,1.0,0.6455413291450378,1.0,0.9885098200787855,0.6455413291450378,69681.64162360138,288.15,0.8385412648334485,25.843774714744075,0.022490817457678062,4.800000000000001,6.604401733998466
20800.0,10010.0,15.0,50.0,25.5,181.0,40.300000000000004,2591.0,44.900000000000006,14.15,86.60000000000001,1126.0,55.400000000000006,83.4,4924.814235231774,28.476853566041395,18.128180085291678,7.382516332748143,0.5272003938561145,1.0497566737925526,0.36,1.0,0.6431694009427266,1.0,0.9885098200787855,0.6431694009427266,69681.64162360138,288.15,0.8385412648334485,25.843774714744075,0.02249243052054946,5.0,6.604274385730513
20850.0,10010.0,14.700000000000001,50.0,24.6,179.0,39.900000000000006,2596.0,44.900000000000006,13.950000000000001,86.5,1124.0,55.2,83.5,4924.719288429494,28.476853566041395,18.12783058729073,7.382516332748143,0.5272003938561145,1.0497566737925526,0.38,1.0,0.6408029700440275,1.0,0.9885098200787855,0.6408029700440275,69681.64162360138,288.15,0.8385412648334485,25.843774714744075,0.022494043295625408,4.9,6.604147060169719
20900.0,10000.0,14.4,50.5,26.200000000000003,180.0,40.0,2597.0,45.5,14.05,85.10000000000001,1128.0,55.900000000000006,83.2,4924.624358567196,28.476853566041395,18.12748115164565,7.382516332748143,0.5272003938561145,1.0497566737925526,0.35000000000000003,1.0,0.6384420327879222,1.0,0.9885098200787855,0.6384420327879222,69681.64162360138,288.15,0.8385412648334485,25.843774714744075,0.022495655782783317,5.0,6.604019757325782
20950.0,9980.0,15.4,49.5,25.0,179.0,39.900000000000006,2600.0,45.0,13.950000000000001,85.7,1122.0,54.5,83.0,4924.529445652097,28.476853566041395,18.127131778382992,7.382516332748143,0.5272003938561145,1.0497566737925526,0.41000000000000003,1.0,0.6360865853803489,1.0,0.9885098200787855,0.6360865853803489,69681.64162360138,288.15,0.8385412648334485,25.843774714744075,0.02249726798190069,4.800000000000001,6.603892477208376
21000.0,10020.0,14.8,50.0,24.6,181.0,40.400000000000006,2587.0,44.900000000000006,14.100000000000001,85.60000000000001,1128.0,55.300000000000004,82.9,4924.434549691408,28.476853566041395,18.12678246752931,7.382516332748143,0.5272003938561145,1.0497566737925526,0.4,1.0,0.6337366238976966,1.0,0.9885098200787855,0.6337366238976966,69681.64162360138,288.15,0.8385412648334485,25.843774714744075,0.02249887989285533,5.4,6.6037652198271735
21050.0,10020.0,15.0,49.5,24.6,181.0,39.7,2593.0,45.0,13.950000000000001,86.60000000000001,1133.0,54.800000000000004,82.7,4924.33967069232,28.476853566041395,18.12643321911107,7.382516332748143,0.5272003938561145,1.0497566737925526,0.41000000000000003,1.0,0.6313921442902378,1.0,0.9885098200787855,0.6313921442902378,69681.64162360138,288.15,0.8385412648334485,25.843774714744075,0.0225004915155251,5.0,6.603637985191815
21100.0,10020.0,15.100000000000001,50.0,24.3,179.0,39.6,2596.0,44.6,14.100000000000001,86.4,1126.0,54.400000000000006,83.2,4924.244808662024,28.476853566041395,18.126084033154743,7.382516332748143,0.5272003938561145,1.0497566737925526,0.36,1.0,0.6290531423854608,1.0,0.9885098200787855,0.6290531423854608,69681.64162360138,288.15,0.8385412648334485,25.843774714744075,0.02250210284978813,4.7,6.603510773311949
21150.0,10010.0,15.100000000000001,50.0,25.3,180.0,40.1,2591.0,45.6,13.950000000000001,87.30000000000001,1126.0,54.900000000000006,83.30000000000001,4924.1499636076915,28.476853566041395,18.125734909686727,7.382516332748143,0.5272003938561145,1.0497566737925526,0.42,1.0,0.626719613891347,1.0,0.9885098200787855,0.626719613891347,69681.64162360138,288.15,0.8385412648334485,25.843774714744075,0.022503713895522713,4.7,6.603383584197187
21200.0,10010.0,15.600000000000001,50.0,25.0,180.0,39.900000000000006,2601.0,44.7,13.950000000000001,87.4,1128.0,55.300000000000004,82.7,4924.055135536486,28.476853566041395,18.12538584873339,7.382516332748143,0.5272003938561145,1.0497566737925526,0.38,1.0,0.624391554399558,1.0,0.9885098200787855,0.624391554399558,69681.64162360138,288.15,0.8385412648334485,25.843774714744075,0.022505324652607368,4.800000000000001,6.603256417857139
21250.0,10000.0,14.5,50.5,25.1,180.0,39.900000000000006,2591.0,45.2,13.9,86.7,1132.0,55.0,82.10000000000001,4923.96032445556,28.476853566041395,18.125036850321063,7.382516332748143,0.5272003938561145,1.0497566737925526,0.37,1.0,0.622068959388554,1.0,0.9885098200787855,0.622068959388554,69681.64162360138,288.15,0.8385412648334485,25.843774714744075,0.022506935120920755,5.0,6.603129274301396
21300.0,10000.0,14.600000000000001,50.0,25.0,182.0,39.900000000000006,2599.0,44.6,13.950000000000001,86.80000000000001,1130.0,54.1,82.9,4923.865530372055,28.476853566041395,18.12468791447603,7.382516332748143,0.5272003938561145,1.0497566737925526,0.34,1.0,0.6197518242266413,1.0,0.9885098200787855,0.6197518242266413,69681.64162360138,288.15,0.8385412648334485,25.843774714744075,0.02250854530034173,4.9,6.603002153539533
21350.0,10010.0,14.9,50.0,24.5,179.0,40.400000000000006,2595.0,44.7,14.0,85.4,1124.0,54.800000000000004,82.80000000000001,4923.770753293102,28.476853566041395,18.12433904122454,7.382516332748143,0.5272003938561145,1.0497566737925526,0.44,1.0,0.6174401441749474,1.0,0.9885098200787855,0.6174401441749474,69681.64162360138,288.15,0.8385412648334485,25.843774714744075,0.02251015519074929,4.9,6.602875055581116
21400.0,10000.0,15.200000000000001,48.5,25.1,180.0,40.300000000000004,2598.0,44.7,14.100000000000001,86.2,1125.0,54.300000000000004,82.80000000000001,4923.675993225824,28.476853566041395,18.123990230592817,7.382516332748143,0.5272003938561145,1.0497566737925526,0.43,1.0,0.6151339143903266,1.0,0.9885098200787855,0.6151339143903266,69681.64162360138,288.15,0.8385412648334485,25.843774714744075,0.022511764792022732,5.0,6.602747980435694
21450.0,10000.0,15.3,50.5,25.3,181.0,40.1,2595.0,45.400000000000006,14.0,86.4,1131.0,54.800000000000004,82.9,4923.581250177322,28.476853566041395,18.123641482607,7.382516332748143,0.5272003938561145,1.0497566737925526,0.37,1.0,0.6128331299282055,1.0,0.9885098200787855,0.6128331299282055,69681.64162360138,288.15,0.8385412648334485,25.843774714744075,0.02251337410404143,5.300000000000001,6.602620928112793
21500.0,10010.0,15.100000000000001,50.0,25.1,180.0,39.900000000000006,2595.0,45.1,14.0,86.9,1130.0,54.5,82.7,4923.4865241547,28.476853566041395,18.123292797293235,7.382516332748143,0.5272003938561145,1.0497566737925526,0.4,1.0,0.6105377857453496,1.0,0.9885098200787855,0.6105377857453496,69681.64162360138,288.15,0.8385412648334485,25.843774714744075,0.022514983126685012,4.9,6.602493898621937
21550.0,9990.0,15.200000000000001,50.0,26.0,181.0,40.1,2595.0,45.0,13.950000000000001,85.30000000000001,1125.0,54.0,81.80000000000001,4923.391815165043,28.476853566041395,18.1229441746776,7.382516332748143,0.5272003938561145,1.0497566737925526,0.36,1.0,0.6082478767025776,1.0,0.9885098200787855,0.6082478767025776,69681.64162360138,288.15,0.8385412648334485,25.843774714744075,0.02251659185983327,4.9,6.602366891972627
21600.0,10000.0,14.8,50.0,25.700000000000003,181.0,39.900000000000006,2594.0,45.0,13.950000000000001,85.9,1129.0,53.800000000000004,82.30000000000001,4923.297123215424,28.476853566041395,18.122595614786132,7.382516332748143,0.5272003938561145,1.0497566737925526,0.38,1.0,0.6059633975674054,1.0,0.9885098200787855,0.6059633975674054,69681.64162360138,288.15,0.8385412648334485,25.843774714744075,0.022518200303366147,5.0,6.602239908174349
21650.0,9980.0,15.0,50.5,25.200000000000003,182.0,40.300000000000004,2600.0,45.800000000000004,14.05,86.4,1129.0,53.7,82.9,4923.202448312912,28.476853566041395,18.122247117644854,7.382516332748143,0.5272003938561145,1.0497566737925526,0.36,1.0,0.6036843430166297,1.0,0.9885098200787855,0.6036843430166297,69681.64162360138,288.15,0.8385412648334485,25.843774714744075,0.02251980845716381,5.0,6.602112947236582
21700.0,9990.0,14.8,50.0,24.900000000000002,178.0,39.7,2590.0,44.7,14.05,86.5,1130.0,54.1,83.4,4923.107790464561,28.476853566041395,18.121898683279735,7.382516332748143,0.5272003938561145,1.0497566737925526,0.4,1.0,0.6014107076388544,1.0,0.9885098200787855,0.6014107076388544,69681.64162360138,288.15,0.8385412648334485,25.843774714744075,0.02252141632110663,5.0,6.601986009168787
21750.0,10010.0,15.3,50.0,25.5,178.0,39.900000000000006,2593.0,45.300000000000004,14.100000000000001,85.5,1130.0,53.300000000000004,82.30000000000001,4923.01314967741,28.476853566041395,18.12155031171668,7.382516332748143,0.5272003938561145,1.0497566737925526,0.37,1.0,0.5991424859369576,1.0,0.9885098200787855,0.5991424859369576,69681.64162360138,288.15,0.8385412648334485,25.843774714744075,0.022523023895075128,4.800000000000001,6.601859093980401
21800.0,9980.0,15.200000000000001,50.5,25.400000000000002,180.0,40.0,2594.0,45.5,13.8,85.80000000000001,1127.0,53.300000000000004,82.7,4922.918525958493,28.476853566041395,18.12120200298158,7.382516332748143,0.5272003938561145,1.0497566737925526,0.38,1.0,0.5968796723304938,1.0,0.9885098200787855,0.5968796723304938,69681.64162360138,288.15,0.8385412648334485,25.843774714744075,0.022524631178950025,4.800000000000001,6.601732201680859
21850.0,10000.0,15.200000000000001,50.0,24.8,180.0,40.0,2587.0,45.1,13.950000000000001,87.10000000000001,1128.0,54.0,82.4,4922.823919314831,28.476853566041395,18.120853757100285,7.382516332748143,0.5272003938561145,1.0497566737925526,0.37,1.0,0.5946222611580492,1.0,0.9885098200787855,0.5946222611580492,69681.64162360138,288.15,0.8385412648334485,25.843774714744075,0.022526238172612213,4.6000000000000005,6.601605332279575
21900.0,9990.0,15.4,50.5,24.5,180.0,40.0,2597.0,44.5,13.9,86.60000000000001,1122.0,53.400000000000006,82.9,4922.729329753436,28.476853566041395,18.1205055740986,7.382516332748143,0.5272003938561145,1.0497566737925526,0.39,1.0,0.5923702466795372,1.0,0.9885098200787855,0.5923702466795372,69681.64162360138,288.15,0.8385412648334485,25.843774714744075,0.022527844875942764,4.9,6.601478485785954
21950.0,10000.0,15.3,50.0,24.700000000000003,180.0,40.1,2601.0,45.2,14.100000000000001,86.0,1126.0,53.400000000000006,82.80000000000001,4922.634757281306,28.476853566041395,18.12015745400229,7.382516332748143,0.5272003938561145,1.0497566737925526,0.35000000000000003,1.0,0.5901236230784382,1.0,0.9885098200787855,0.5901236230784382,69681.64162360138,288.15,0.8385412648334485,25.843774714744075,0.022529451288822958,5.2,6.601351662209377
22000.0,10010.0,14.9,50.5,25.1,181.0,39.7,2594.0,45.0,14.05,85.9,1121.0,53.0,82.80000000000001,4922.54020190543,28.476853566041395,18.119809396837077,7.382516332748143,0.5272003938561145,1.0497566737925526,0.38,1.0,0.5878823844639941,1.0,0.9885098200787855,0.5878823844639941,69681.64162360138,288.15,0.8385412648334485,25.843774714744075,0.022531057411134273,5.300000000000001,6.60122486155922
22050.0,10010.0,15.0,50.0,25.400000000000002,180.0,40.0,2590.0,45.400000000000006,14.05,85.9,1127.0,53.5,82.7,4922.445663632784,28.476853566041395,18.11946140262864,7.382516332748143,0.5272003938561145,1.0497566737925526,0.37,1.0,0.5856465248733421,1.0,0.9885098200787855,0.5856465248733421,69681.64162360138,288.15,0.8385412648334485,25.843774714744075,0.022532663242758332,4.800000000000001,6.601098083844836
22100.0,10000.0,14.9,50.0,24.5,180.0,40.0,2593.0,45.1,14.05,86.7,1128.0,53.2,82.60000000000001,4922.351142470337,28.476853566041395,18.11911347140264,7.382516332748143,0.5272003938561145,1.0497566737925526,0.35000000000000003,1.0,0.5834160382736031,1.0,0.9885098200787855,0.5834160382736031,69681.64162360138,288.15,0.8385412648334485,25.843774714744075,0.02253426878357697,4.800000000000001,6.6009713290755725
22150.0,10000.0,14.8,50.0,24.6,179.0,40.2,2592.0,44.7,13.950000000000001,86.5,1130.0,53.0,82.7,4922.256638425044,28.476853566041395,18.118765603184663,7.382516332748143,0.5272003938561145,1.0497566737925526,0.41000000000000003,1.0,0.5811909185639224,1.0,0.9885098200787855,0.5811909185639224,69681.64162360138,288.15,0.8385412648334485,25.843774714744075,0.022535874033472188,4.5,6.600844597260753
22200.0,10020.0,15.700000000000001,48.5,25.0,179.0,39.900000000000006,2593.0,45.2,14.0,85.7,1126.0,53.300000000000004,82.30000000000001,4922.16215150385,28.476853566041395,18.118417798000284,7.382516332748143,0.5272003938561145,1.0497566737925526,0.33,1.0,0.5789711595774569,1.0,0.9885098200787855,0.5789711595774569,69681.64162360138,288.15,0.8385412648334485,25.843774714744075,0.02253747899232616,5.4,6.600717888409693
22250.0,9990.0,15.0,50.0,25.200000000000003,181.0,40.1,2588.0,44.6,14.0,86.10000000000001,1123.0,53.300000000000004,82.30000000000001,4922.067681713689,28.476853566041395,18.11807005587503,7.382516332748143,0.5272003938561145,1.0497566737925526,0.43,1.0,0.5767567550833196,1.0,0.9885098200787855,0.5767567550833196,69681.64162360138,288.15,0.8385412648334485,25.843774714744075,0.022539083660021286,5.4,6.600591202531692
22300.0,10000.0,15.100000000000001,49.5,25.200000000000003,180.0,39.800000000000004,2593.0,44.900000000000006,14.0,86.80000000000001,1125.0,53.5,82.2,4921.973229061485,28.476853566041395,18.117722376834376,7.382516332748143,0.5272003938561145,1.0497566737925526,0.43,1.0,0.5745476987884804,1.0,0.9885098200787855,0.5745476987884804,69681.64162360138,288.15,0.8385412648334485,25.843774714744075,0.02254068803644011,4.7,6.600464539636033
22350.0,10000.0,14.9,50.0,25.3,181.0,40.2,2593.0,45.1,13.950000000000001,85.7,1124.0,52.7,83.0,4921.878793554151,28.476853566041395,18.117374760903783,7.382516332748143,0.5272003938561145,1.0497566737925526,0.32,1.0,0.5723439843396129,1.0,0.9885098200787855,0.5723439843396129,69681.64162360138,288.15,0.8385412648334485,25.843774714744075,0.022542292121465402,4.9,6.600337899731989
22400.0,10020.0,15.3,49.5,24.400000000000002,180.0,39.5,2599.0,44.900000000000006,14.15,85.2,1129.0,52.800000000000004,82.7,4921.784375198588,28.476853566041395,18.11702720810864,7.382516332748143,0.5272003938561145,1.0497566737925526,0.34,1.0,0.570145605324907,1.0,0.9885098200787855,0.570145605324907,69681.64162360138,288.15,0.8385412648334485,25.843774714744075,0.022543895914980062,5.1000000000000005,6.600211282828812
22450.0,10010.0,15.5,50.5,24.8,179.0,39.7,2600.0,44.800000000000004,14.100000000000001,86.60000000000001,1128.0,52.6,83.2,4921.689974001689,28.476853566041395,18.11667971847433,7.382516332748143,0.5272003938561145,1.0497566737925526,0.38,1.0,0.5679525552758343,1.0,0.9885098200787855,0.5679525552758343,69681.64162360138,288.15,0.8385412648334485,25.843774714744075,0.02254549941686721,4.800000000000001,6.600084688935746
22500.0,10010.0,15.0,49.5,25.200000000000003,180.0,40.1,2592.0,44.6,14.100000000000001,87.2,1129.0,52.5,82.7,4921.595589970331,28.476853566041395,18.11633229202616,7.382516332748143,0.5272003938561145,1.0497566737925526,0.42,1.0,0.565764827668869,1.0,0.9885098200787855,0.565764827668869,69681.64162360138,288.15,0.8385412648334485,25.843774714744075,0.02254710262701016,4.800000000000001,6.599958118062014
22550.0,9990.0,15.600000000000001,50.0,25.700000000000003,179.0,40.1,2603.0,45.0,14.0,85.5,1130.0,52.300000000000004,82.80000000000001,4921.501223111385,28.476853566041395,18.11598492878943,7.382516332748143,0.5272003938561145,1.0497566737925526,0.34,1.0,0.563582415927176,1.0,0.9885098200787855,0.563582415927176,69681.64162360138,288.15,0.8385412648334485,25.843774714744075,0.022548705545292373,5.300000000000001,6.599831570216831
22600.0,10010.0,15.0,49.5,25.6,180.0,39.800000000000004,2587.0,44.800000000000004,13.9,85.9,1129.0,52.400000000000006,83.0,4921.40687343171,28.476853566041395,18.11563762878938,7.382516332748143,0.5272003938561145,1.0497566737925526,0.36,1.0,0.5614053134222473,1.0,0.9885098200787855,0.5614053134222473,69681.64162360138,288.15,0.8385412648334485,25.843774714744075,0.022550308171597547,4.9,6.599705045409391
22650.0,10020.0,14.9,50.0,24.400000000000002,181.0,39.900000000000006,2598.0,45.0,14.05,86.60000000000001,1126.0,52.800000000000004,82.4,4921.31254093815,28.476853566041395,18.115290392051207,7.382516332748143,0.5272003938561145,1.0497566737925526,0.4,1.0,0.5592335134755131,1.0,0.9885098200787855,0.5592335134755131,69681.64162360138,288.15,0.8385412648334485,25.843774714744075,0.022551910505809455,4.800000000000001,6.599578543648878
22700.0,10000.0,14.9,50.0,24.6,180.0,40.0,2592.0,45.0,14.0,85.9,1127.0,52.0,84.0,4921.218225637549,28.476853566041395,18.114943218600104,7.382516332748143,0.5272003938561145,1.0497566737925526,0.41000000000000003,1.0,0.5570670093598973,1.0,0.9885098200787855,0.5570670093598973,69681.64162360138,288.15,0.8385412648334485,25.843774714744075,0.022553512547812186,5.0,6.599452064944467
22750.0,10010.0,14.4,48.5,24.8,179.0,40.0,2595.0,45.300000000000004,13.9,86.5,1127.0,52.400000000000006,82.60000000000001,4921.123927536728,28.476853566041395,18.114596108461175,7.382516332748143,0.5272003938561145,1.0497566737925526,0.42,1.0,0.5549057943013592,1.0,0.9885098200787855,0.5549057943013592,69681.64162360138,288.15,0.8385412648334485,25.843774714744075,0.02255511429748993,4.9,6.599325609305303
22800.0,10020.0,14.8,50.5,25.0,180.0,40.1,2593.0,44.2,13.8,87.0,1130.0,52.900000000000006,82.80000000000001,4921.029646642503,28.476853566041395,18.114249061659514,7.382516332748143,0.5272003938561145,1.0497566737925526,0.34,1.0,0.5527498614803725,1.0,0.9885098200787855,0.5527498614803725,69681.64162360138,288.15,0.8385412648334485,25.843774714744075,0.022556715754727036,4.800000000000001,6.59919917674053
22850.0,10000.0,14.700000000000001,51.0,25.900000000000002,180.0,40.0,2589.0,45.5,14.0,86.0,1128.0,51.900000000000006,82.9,4920.935382961684,28.476853566041395,18.113902078220185,7.382516332748143,0.5272003938561145,1.0497566737925526,0.34,1.0,0.5505992040333869,1.0,0.9885098200787855,0.5505992040333869,69681.64162360138,288.15,0.8385412648334485,25.843774714744075,0.022558316919408156,5.2,6.599072767259278
22900.0,10000.0,15.4,50.0,24.900000000000002,179.0,40.2,2591.0,44.900000000000006,14.0,86.30000000000001,1123.0,52.0,83.2,4920.841136501058,28.476853566041395,18.113555158168175,7.382516332748143,0.5272003938561145,1.0497566737925526,0.37,1.0,0.548453815054254,1.0,0.9885098200787855,0.548453815054254,69681.64162360138,288.15,0.8385412648334485,25.843774714744075,0.02255991779141802,4.9,6.598946380870649
22950.0,10000.0,15.0,49.5,25.0,181.0,39.800000000000004,2593.0,44.6,14.05,86.10000000000001,1125.0,52.0,82.2,4920.74690726741,28.476853566041395,18.11320830152846,7.382516332748143,0.5272003938561145,1.0497566737925526,0.35000000000000003,1.0,0.5463136875956063,1.0,0.9885098200787855,0.5463136875956063,69681.64162360138,288.15,0.8385412648334485,25.843774714744075,0.02256151837064154,4.6000000000000005,6.598820017583742
23000.0,9990.0,15.4,49.5,25.200000000000003,179.0,40.2,2590.0,45.0,14.0,87.60000000000001,1128.0,51.7,83.2,4920.652695267516,28.476853566041395,18.112861508325974,7.382516332748143,0.5272003938561145,1.0497566737925526,0.45,1.0,0.5441788146702137,1.0,0.9885098200787855,0.5441788146702137,69681.64162360138,288.15,0.8385412648334485,25.843774714744075,0.022563118656963872,4.5,6.598693677407645
23050.0,9990.0,14.9,50.0,24.900000000000002,179.0,40.300000000000004,2589.0,44.900000000000006,14.100000000000001,86.2,1124.0,51.400000000000006,82.7,4920.558500508134,28.476853566041395,18.1125147785856,7.382516332748143,0.5272003938561145,1.0497566737925526,0.36,1.0,0.5420491892523097,1.0,0.9885098200787855,0.5420491892523097,69681.64162360138,288.15,0.8385412648334485,25.843774714744075,0.022564718650270297,5.0,6.598567360351419
23100.0,9980.0,15.3,50.0,25.1,181.0,39.900000000000006,2591.0,44.800000000000004,14.0,86.10000000000001,1125.0,51.1,82.5,4920.464322996018,28.476853566041395,18.1121681123322,7.382516332748143,0.5272003938561145,1.0497566737925526,0.39,1.0,0.5399248042788751,1.0,0.9885098200787855,0.5399248042788751,69681.64162360138,288.15,0.8385412648334485,25.843774714744075,0.022566318350446292,5.0,6.598441066424121
23150.0,10010.0,15.600000000000001,50.5,25.6,181.0,40.300000000000004,2602.0,45.300000000000004,14.05,86.10000000000001,1127.0,51.6,83.10000000000001,4920.370162737909,28.476853566041395,18.111821509590584,7.382516332748143,0.5272003938561145,1.0497566737925526,0.36,1.0,0.5378056526509006,1.0,0.9885098200787855,0.5378056526509006,69681.64162360138,288.15,0.8385412648334485,25.843774714744075,0.022567917757377553,4.9,6.59831479563479
23200.0,9970.0,15.5,50.0,25.200000000000003,181.0,40.1,2600.0,44.6,14.15,86.80000000000001,1127.0,52.1,82.2,4920.276019740533,28.476853566041395,18.111474970385512,7.382516332748143,0.5272003938561145,1.0497566737925526,0.37,1.0,0.5356917272346166,1.0,0.9885098200787855,0.5356917272346166,69681.64162360138,288.15,0.8385412648334485,25.843774714744075,0.022569516870949925,5.300000000000001,6.59818854799245
23250.0,9980.0,15.200000000000001,50.5,25.8,179.0,40.300000000000004,2592.0,44.900000000000006,13.9,85.5,1128.0,51.2,83.2,4920.181894010612,28.476853566041395,18.11112849474173,7.382516332748143,0.5272003938561145,1.0497566737925526,0.36,1.0,0.5335830208626888,1.0,0.9885098200787855,0.5335830208626888,69681.64162360138,288.15,0.8385412648334485,25.843774714744075,0.022571115691049425,4.6000000000000005,6.598062323506112
23300.0,9990.0,15.100000000000001,50.0,25.0,181.0,40.2,2593.0,44.7,14.0,86.4,1123.0,51.2,82.4,4920.087785554853,28.476853566041395,18.110782082683922,7.382516332748143,0.5272003938561145,1.0497566737925526,0.37,1.0,0.5314795263353891,1.0,0.9885098200787855,0.5314795263353891,69681.64162360138,288.15,0.8385412648334485,25.843774714744075,0.022572714217562267,4.7,6.5979361221847705
23350.0,10010.0,14.5,49.0,24.900000000000002,180.0,39.7,2592.0,44.900000000000006,14.0,86.2,1125.0,51.900000000000006,83.0,4919.993694379955,28.476853566041395,18.11043573423675,7.382516332748143,0.5272003938561145,1.0497566737925526,0.36,1.0,0.5293812364217403,1.0,0.9885098200787855,0.5293812364217403,69681.64162360138,288.15,0.8385412648334485,25.843774714744075,0.022574312450374844,4.9,6.597809944037408
23400.0,10000.0,15.4,49.5,25.3,180.0,40.300000000000004,2599.0,45.1,14.0,86.5,1126.0,51.900000000000006,82.80000000000001,4919.899620492604,28.476853566041395,18.110089449424823,7.382516332748143,0.5272003938561145,1.0497566737925526,0.37,1.0,0.5272881438606278,1.0,0.9885098200787855,0.5272881438606278,69681.64162360138,288.15,0.8385412648334485,25.843774714744075,0.02257591038937372,4.800000000000001,6.597683789072993
23450.0,9990.0,15.200000000000001,49.5,25.400000000000002,179.0,40.0,2599.0,44.400000000000006,14.15,85.9,1127.0,51.5,83.10000000000001,4919.805563899477,28.476853566041395,18.10974322827272,7.382516332748143,0.5272003938561145,1.0497566737925526,0.39,1.0,0.5252002413618894,1.0,0.9885098200787855,0.5252002413618894,69681.64162360138,288.15,0.8385412648334485,25.843774714744075,0.022577508034445675,5.2,6.597557657300478
23500.0,10010.0,15.5,50.5,25.8,181.0,39.6,2605.0,44.800000000000004,14.100000000000001,86.2,1130.0,50.900000000000006,83.10000000000001,4919.71152460724,28.476853566041395,18.109397070804977,7.382516332748143,0.5272003938561145,1.0497566737925526,0.37,1.0,0.5231175216073763,1.0,0.9885098200787855,0.5231175216073763,69681.64162360138,288.15,0.8385412648334485,25.843774714744075,0.02257910538547762,5.300000000000001,6.597431548728801
23550.0,10010.0,15.3,49.0,25.0,180.0,40.0,2598.0,44.900000000000006,14.0,86.80000000000001,1121.0,51.300000000000004,82.60000000000001,4919.617502622547,28.476853566041395,18.109050977046092,7.382516332748143,0.5272003938561145,1.0497566737925526,0.35000000000000003,1.0,0.5210399772519871,1.0,0.9885098200787855,0.5210399772519871,69681.64162360138,288.15,0.8385412648334485,25.843774714744075,0.02258070244235671,5.0,6.597305463366889
23600.0,10010.0,15.3,50.0,25.400000000000002,181.0,40.0,2591.0,44.800000000000004,14.05,86.10000000000001,1124.0,50.400000000000006,83.2,4919.523497952043,28.476853566041395,18.108704947020517,7.382516332748143,0.5272003938561145,1.0497566737925526,0.36,1.0,0.5189676009246809,1.0,0.9885098200787855,0.5189676009246809,69681.64162360138,288.15,0.8385412648334485,25.843774714744075,0.022582299204970208,5.0,6.5971794012236495
23650.0,10010.0,14.600000000000001,50.0,24.900000000000002,180.0,40.2,2589.0,45.2,14.100000000000001,86.0,1127.0,51.1,82.9,4919.429510602361,28.476853566041395,18.108358980752676,7.382516332748143,0.5272003938561145,1.0497566737925526,0.4,1.0,0.5169003852294607,1.0,0.9885098200787855,0.5169003852294607,69681.64162360138,288.15,0.8385412648334485,25.843774714744075,0.022583895673205585,5.1000000000000005,6.597053362307979
23700.0,9990.0,15.3,50.5,25.1,179.0,40.0,2595.0,44.7,14.0,85.30000000000001,1128.0,50.900000000000006,81.9,4919.335540580127,28.476853566041395,18.108013078266953,7.382516332748143,0.5272003938561145,1.0497566737925526,0.39,1.0,0.5148383227463379,1.0,0.9885098200787855,0.5148383227463379,69681.64162360138,288.15,0.8385412648334485,25.843774714744075,0.02258549184695053,4.9,6.596927346628762
23750.0,10010.0,14.9,49.5,24.700000000000003,180.0,40.0,2595.0,44.900000000000006,13.950000000000001,85.9,1133.0,50.5,82.5,4919.241587891949,28.476853566041395,18.10766723958768,7.382516332748143,0.5272003938561145,1.0497566737925526,0.48,1.0,0.5127814060322717,1.0,0.9885098200787855,0.5127814060322717,69681.64162360138,288.15,0.8385412648334485,25.843774714744075,0.022587087726092907,5.0,6.596801354194862
23800.0,9980.0,15.3,49.5,25.400000000000002,180.0,39.900000000000006,2601.0,45.2,14.05,86.4,1126.0,51.0,83.4,4919.1476525444305,28.476853566041395,18.107321464739158,7.382516332748143,0.5272003938561145,1.0497566737925526,0.39,1.0,0.5107296276220852,1.0,0.9885098200787855,0.5107296276220852,69681.64162360138,288.15,0.8385412648334485,25.843774714744075,0.022588683310520656,5.4,6.596675385015133
23850.0,10010.0,15.100000000000001,50.0,25.1,179.0,40.0,2595.0,44.900000000000006,14.05,86.10000000000001,1129.0,50.900000000000006,82.80000000000001,4919.053734544166,28.476853566041395,18.10697575374566,7.382516332748143,0.5272003938561145,1.0497566737925526,0.34,1.0,0.5086829800293529,1.0,0.9885098200787855,0.5086829800293529,69681.64162360138,288.15,0.8385412648334485,25.843774714744075,0.022590278600122048,5.4,6.596549439098418
23900.0,10000.0,15.0,50.0,24.8,181.0,40.300000000000004,2596.0,45.0,14.05,86.10000000000001,1126.0,50.7,82.5,4918.959833897732,28.476853566041395,18.1066301066314,7.382516332748143,0.5272003938561145,1.0497566737925526,0.39,1.0,0.506641455747285,1.0,0.9885098200787855,0.506641455747285,69681.64162360138,288.15,0.8385412648334485,25.843774714744075,0.022591873594785407,5.0,6.596423516453537
23950.0,10010.0,14.8,50.5,24.6,180.0,39.900000000000006,2590.0,45.300000000000004,13.950000000000001,85.7,1130.0,50.300000000000004,82.7,4918.865950611702,28.476853566041395,18.10628452342057,7.382516332748143,0.5272003938561145,1.0497566737925526,0.35000000000000003,1.0,0.5046050472495663,1.0,0.9885098200787855,0.5046050472495663,69681.64162360138,288.15,0.8385412648334485,25.843774714744075,0.02259346829439931,5.1000000000000005,6.596297617089305
24000.0,10010.0,15.200000000000001,50.5,25.0,180.0,39.800000000000004,2599.0,45.2,13.950000000000001,86.10000000000001,1126.0,50.1,82.80000000000001,4918.772084692634,28.476853566041395,18.105939004137312,7.382516332748143,0.5272003938561145,1.0497566737925526,0.37,1.0,0.5025737469911947,1.0,0.9885098200787855,0.5025737469911947,69681.64162360138,288.15,0.8385412648334485,25.843774714744075,0.022595062698852517,4.7,6.596171741014516
24050.0,9980.0,14.5,50.0,25.0,179.0,40.1,2594.0,45.2,14.0,85.60000000000001,1127.0,49.900000000000006,83.0,4918.678236147077,28.476853566041395,18.105593548805732,7.382516332748143,0.5272003938561145,1.0497566737925526,0.35000000000000003,1.0,0.5005475474092879,1.0,0.9885098200787855,0.5005475474092879,69681.64162360138,288.15,0.8385412648334485,25.843774714744075,0.022596656808033893,5.1000000000000005,6.596045888237954
24100.0,10000.0,15.3,49.5,24.700000000000003,180.0,40.2,2601.0,45.0,14.15,85.9,1130.0,50.0,83.0,4918.584404981571,28.476853566041395,18.105248157449907,7.382516332748143,0.5272003938561145,1.0497566737925526,0.31,1.0,0.49852644092387194,1.0,0.9885098200787855,0.49852644092387194,69681.64162360138,288.15,0.8385412648334485,25.843774714744075,0.022598250621832582,4.6000000000000005,6.595920058768387
24150.0,10010.0,14.600000000000001,50.0,25.400000000000002,180.0,39.800000000000004,2592.0,44.7,14.0,86.10000000000001,1126.0,50.800000000000004,82.4,4918.4905912026425,28.476853566041395,18.104902830093856,7.382516332748143,0.5272003938561145,1.0497566737925526,0.42,1.0,0.49651041993865674,1.0,0.9885098200787855,0.49651041993865674,69681.64162360138,288.15,0.8385412648334485,25.843774714744075,0.02259984414013783,4.7,6.595794252614568
24200.0,10000.0,15.4,50.5,24.8,180.0,40.1,2592.0,45.2,14.15,86.30000000000001,1128.0,50.400000000000006,82.0,4918.396794816808,28.476853566041395,18.104557566761567,7.382516332748143,0.5272003938561145,1.0497566737925526,0.39,1.0,0.4944994768417823,1.0,0.9885098200787855,0.4944994768417823,69681.64162360138,288.15,0.8385412648334485,25.843774714744075,0.022601437362839125,4.7,6.595668469785237
24250.0,9990.0,15.700000000000001,50.0,24.700000000000003,181.0,39.800000000000004,2592.0,45.400000000000006,14.0,85.10000000000001,1128.0,50.0,83.5,4918.303015830577,28.476853566041395,18.104212367477004,7.382516332748143,0.5272003938561145,1.0497566737925526,0.36,1.0,0.4924936040065591,1.0,0.9885098200787855,0.4924936040065591,69681.64162360138,288.15,0.8385412648334485,25.843774714744075,0.02260303028982608,5.2,6.595542710289122
24300.0,10020.0,14.8,50.0,25.200000000000003,179.0,40.1,2593.0,44.900000000000006,14.0,86.10000000000001,1127.0,49.800000000000004,82.5,4918.209254250443,28.476853566041395,18.103867232264065,7.382516332748143,0.5272003938561145,1.0497566737925526,0.38,1.0,0.49049279379217653,1.0,0.9885098200787855,0.49049279379217653,69681.64162360138,288.15,0.8385412648334485,25.843774714744075,0.02260462292098851,4.9,6.595416974134929
24350.0,9990.0,15.100000000000001,49.0,24.700000000000003,180.0,39.800000000000004,2601.0,45.0,14.0,85.7,1127.0,49.5,82.7,4918.115510082893,28.476853566041395,18.103522161146632,7.382516332748143,0.5272003938561145,1.0497566737925526,0.35000000000000003,1.0,0.48849703854440574,1.0,0.9885098200787855,0.48849703854440574,69681.64162360138,288.15,0.8385412648334485,25.843774714744075,0.02260621525621638,4.800000000000001,6.5952912613313615
24400.0,9970.0,14.700000000000001,50.5,25.3,181.0,40.300000000000004,2597.0,44.900000000000006,13.950000000000001,86.7,1127.0,50.7,82.60000000000001,4918.021783334405,28.476853566041395,18.103177154148554,7.382516332748143,0.5272003938561145,1.0497566737925526,0.44,1.0,0.4865063305962784,1.0,0.9885098200787855,0.4865063305962784,69681.64162360138,288.15,0.8385412648334485,25.843774714744075,0.022607807295399924,4.9,6.5951655718871045
24450.0,10020.0,15.5,49.5,24.8,179.0,39.800000000000004,2597.0,44.900000000000006,14.0,86.4,1122.0,50.300000000000004,82.60000000000001,4917.928074011437,28.476853566041395,18.1028322112936,7.382516332748143,0.5272003938561145,1.0497566737925526,0.4,1.0,0.4845206622687548,1.0,0.9885098200787855,0.4845206622687548,69681.64162360138,288.15,0.8385412648334485,25.843774714744075,0.022609399038429425,5.1000000000000005,6.595039905810817
24500.0,10020.0,15.0,49.0,25.0,180.0,39.800000000000004,2595.0,44.900000000000006,13.9,86.4,1125.0,49.6,82.5,4917.834382120449,28.476853566041395,18.10248733260554,7.382516332748143,0.5272003938561145,1.0497566737925526,0.42,1.0,0.48254002587136424,1.0,0.9885098200787855,0.48254002587136424,69681.64162360138,288.15,0.8385412648334485,25.843774714744075,0.02261099048519542,4.9,6.594914263111165
24550.0,10000.0,14.9,50.0,25.5,181.0,40.1,2597.0,44.6,13.950000000000001,85.9,1125.0,49.300000000000004,81.80000000000001,4917.740707667885,28.476853566041395,18.102142518108106,7.382516332748143,0.5272003938561145,1.0497566737925526,0.34,1.0,0.48056441370284403,1.0,0.9885098200787855,0.48056441370284403,69681.64162360138,288.15,0.8385412648334485,25.843774714744075,0.022612581635588644,4.9,6.594788643796787
24600.0,10000.0,14.8,50.0,24.8,181.0,40.0,2597.0,45.1,13.9,86.0,1124.0,49.6,82.4,4917.6470506601745,28.476853566041395,18.101797767824966,7.382516332748143,0.5272003938561145,1.0497566737925526,0.39,1.0,0.47859381805175344,1.0,0.9885098200787855,0.47859381805175344,69681.64162360138,288.15,0.8385412648334485,25.843774714744075,0.02261417248949997,4.6000000000000005,6.594663047876308
24650.0,10000.0,15.200000000000001,50.5,24.700000000000003,180.0,40.0,2600.0,44.6,13.950000000000001,87.7,1126.0,48.900000000000006,82.4,4917.553411103741,28.476853566041395,18.10145308177976,7.382516332748143,0.5272003938561145,1.0497566737925526,0.3,1.0,0.4766282311970739,1.0,0.9885098200787855,0.4766282311970739,69681.64162360138,288.15,0.8385412648334485,25.843774714744075,0.022615763046820458,5.0,6.594537475358339
24700.0,10010.0,14.700000000000001,50.0,25.400000000000002,179.0,39.7,2593.0,44.800000000000004,14.0,85.2,1127.0,49.400000000000006,83.0,4917.459789004999,28.476853566041395,18.10110845999609,7.382516332748143,0.5272003938561145,1.0497566737925526,0.39,1.0,0.4746676454087959,1.0,0.9885098200787855,0.4746676454087959,69681.64162360138,288.15,0.8385412648334485,25.843774714744075,0.02261735330744134,5.0,6.594411926251484
24750.0,9980.0,15.200000000000001,50.0,24.900000000000002,181.0,39.900000000000006,2600.0,45.400000000000006,14.05,85.4,1121.0,49.800000000000004,82.80000000000001,4917.3661843703485,28.476853566041395,18.100763902497533,7.382516332748143,0.5272003938561145,1.0497566737925526,0.36,1.0,0.47271205294849,1.0,0.9885098200787855,0.47271205294849,69681.64162360138,288.15,0.8385412648334485,25.843774714744075,0.022618943271254032,5.2,6.594286400564325
24800.0,9990.0,14.9,50.5,24.6,180.0,40.2,2595.0,45.400000000000006,14.100000000000001,86.0,1121.0,48.900000000000006,83.10000000000001,4917.272597206183,28.476853566041395,18.10041940930761,7.382516332748143,0.5272003938561145,1.0497566737925526,0.33,1.0,0.47076144606986575,1.0,0.9885098200787855,0.47076144606986575,69681.64162360138,288.15,0.8385412648334485,25.843774714744075,0.022620532938150122,4.800000000000001,6.594160898305436
24850.0,10000.0,15.4,49.5,24.700000000000003,180.0,40.1,2594.0,45.300000000000004,13.950000000000001,86.10000000000001,1128.0,49.1,83.10000000000001,4917.17902751888,28.476853566041395,18.100074980449804,7.382516332748143,0.5272003938561145,1.0497566737925526,0.39,1.0,0.4688158170193147,1.0,0.9885098200787855,0.4688158170193147,69681.64162360138,288.15,0.8385412648334485,25.843774714744075,0.02262212230802141,5.1000000000000005,6.594035419483369
24900.0,10000.0,15.100000000000001,49.5,24.700000000000003,181.0,40.1,2590.0,45.1,13.850000000000001,85.60000000000001,1129.0,49.1,82.80000000000001,4917.085475314812,28.476853566041395,18.09973061594757,7.382516332748143,0.5272003938561145,1.0497566737925526,0.29,1.0,0.4668751580364427,1.0,0.9885098200787855,0.4668751580364427,69681.64162360138,288.15,0.8385412648334485,25.843774714744075,0.02262371138075982,4.800000000000001,6.59390996410667
24950.0,10000.0,15.100000000000001,50.5,24.900000000000002,180.0,39.7,2593.0,44.6,13.850000000000001,85.30000000000001,1131.0,49.0,82.80000000000001,4916.99194060034,28.476853566041395,18.09938631582432,7.382516332748143,0.5272003938561145,1.0497566737925526,0.37,1.0,0.464939461354582,1.0,0.9885098200787855,0.464939461354582,69681.64162360138,288.15,0.8385412648334485,25.843774714744075,0.02262530015625746,4.5,6.593784532183869
25000.0,10010.0,14.4,49.5,25.0,180.0,39.900000000000006,2587.0,44.800000000000004,13.950000000000001,85.5,1129.0,48.6,82.9,4916.898423381812,28.476853566041395,18.09904208010342,7.382516332748143,0.5272003938561145,1.0497566737925526,0.39,1.0,0.4630087192012991,1.0,0.9885098200787855,0.4630087192012991,69681.64162360138,288.15,0.8385412648334485,25.843774714744075,0.022626888634406643,5.2,6.593659123723478
25050.0,10000.0,15.200000000000001,50.0,25.200000000000003,179.0,39.5,2596.0,45.1,14.05,85.60000000000001,1131.0,48.800000000000004,82.9,4916.80492366557,28.476853566041395,18.09869790880822,7.382516332748143,0.5272003938561145,1.0497566737925526,0.4,1.0,0.4610829237988878,1.0,0.9885098200787855,0.4610829237988878,69681.64162360138,288.15,0.8385412648334485,25.843774714744075,0.022628476815099892,5.300000000000001,6.593533738734003
25100.0,10000.0,14.8,49.5,25.6,180.0,40.1,2607.0,45.1,13.9,85.80000000000001,1124.0,48.7,82.5,4916.711441457938,28.476853566041395,18.098353801962,7.382516332748143,0.5272003938561145,1.0497566737925526,0.36,1.0,0.4591620673648469,1.0,0.9885098200787855,0.4591620673648469,69681.64162360138,288.15,0.8385412648334485,25.843774714744075,0.02263006469822984,4.6000000000000005,6.593408377223924
25150.0,10020.0,15.100000000000001,50.0,25.3,180.0,40.1,2597.0,45.0,14.05,86.4,1127.0,48.7,83.5,4916.617976765237,28.476853566041395,18.098009759588017,7.382516332748143,0.5272003938561145,1.0497566737925526,0.37,1.0,0.4572461421123452,1.0,0.9885098200787855,0.4572461421123452,69681.64162360138,288.15,0.8385412648334485,25.843774714744075,0.02263165228368928,5.0,6.593283039201718
25200.0,10000.0,14.8,49.5,24.900000000000002,180.0,39.7,2592.0,45.1,14.100000000000001,86.30000000000001,1120.0,49.0,82.4,4916.524529593776,28.476853566041395,18.0976657817095,7.382516332748143,0.5272003938561145,1.0497566737925526,0.39,1.0,0.4553351402506787,1.0,0.9885098200787855,0.4553351402506787,69681.64162360138,288.15,0.8385412648334485,25.843774714744075,0.022633239571371252,4.9,6.593157724675846
25250.0,10000.0,15.0,50.0,25.5,180.0,40.2,2598.0,45.2,13.9,86.60000000000001,1126.0,48.900000000000006,82.2,4916.431099949852,28.476853566041395,18.09732186834964,7.382516332748143,0.5272003938561145,1.0497566737925526,0.35000000000000003,1.0,0.4534290539857185,1.0,0.9885098200787855,0.4534290539857185,69681.64162360138,288.15,0.8385412648334485,25.843774714744075,0.02263482656116897,5.4,6.593032433654751
25300.0,9990.0,15.4,50.0,24.8,180.0,39.7,2594.0,44.7,14.0,86.5,1128.0,48.1,83.10000000000001,4916.33768783975,28.476853566041395,18.09697801953155,7.382516332748143,0.5272003938561145,1.0497566737925526,0.38,1.0,0.45152787552034024,1.0,0.9885098200787855,0.45152787552034024,69681.64162360138,288.15,0.8385412648334485,25.843774714744075,0.02263641325297576,4.800000000000001,6.592907166146862
25350.0,10010.0,15.0,49.5,25.700000000000003,180.0,40.0,2593.0,45.400000000000006,13.950000000000001,85.0,1125.0,49.0,83.10000000000001,4916.244293269749,28.476853566041395,18.09663423527836,7.382516332748143,0.5272003938561145,1.0497566737925526,0.37,1.0,0.4496315970548457,1.0,0.9885098200787855,0.4496315970548457,69681.64162360138,288.15,0.8385412648334485,25.843774714744075,0.02263799964668516,5.300000000000001,6.592781922160599
25400.0,10010.0,14.9,50.0,25.1,179.0,40.0,2595.0,44.5,14.0,85.7,1129.0,47.800000000000004,82.5,4916.150916246115,28.476853566041395,18.096290515613127,7.382516332748143,0.5272003938561145,1.0497566737925526,0.37,1.0,0.4477402107873759,1.0,0.9885098200787855,0.4477402107873759,69681.64162360138,288.15,0.8385412648334485,25.843774714744075,0.022639585742190885,5.2,6.5926567017043665
25450.0,10000.0,15.5,50.5,24.8,180.0,39.900000000000006,2598.0,44.6,13.950000000000001,86.2,1130.0,47.6,83.4,4916.057556775105,28.476853566041395,18.095946860558886,7.382516332748143,0.5272003938561145,1.0497566737925526,0.38,1.0,0.4458537089143132,1.0,0.9885098200787855,0.4458537089143132,69681.64162360138,288.15,0.8385412648334485,25.843774714744075,0.02264117153938688,4.4,6.592531504786551
25500.0,9960.0,14.5,50.0,25.0,181.0,39.900000000000006,2590.0,44.900000000000006,14.0,86.0,1125.0,48.6,82.4,4915.964214862961,28.476853566041395,18.09560327013861,7.382516332748143,0.5272003938561145,1.0497566737925526,0.36,1.0,0.4439720836306738,1.0,0.9885098200787855,0.4439720836306738,69681.64162360138,288.15,0.8385412648334485,25.843774714744075,0.022642757038167132,4.800000000000001,6.592406331415528
25550.0,10010.0,15.0,49.5,25.400000000000002,182.0,40.0,2599.0,45.300000000000004,13.950000000000001,85.9,1124.0,48.2,82.4,4915.870890515924,28.476853566041395,18.09525974437528,7.382516332748143,0.5272003938561145,1.0497566737925526,0.37,1.0,0.44209532713048055,1.0,0.9885098200787855,0.44209532713048055,69681.64162360138,288.15,0.8385412648334485,25.843774714744075,0.022644342238425926,4.7,6.592281181599665
25600.0,10000.0,15.200000000000001,50.0,24.3,179.0,39.7,2595.0,45.2,14.0,85.4,1128.0,48.0,82.10000000000001,4915.777583740213,28.476853566041395,18.09491628329178,7.382516332748143,0.5272003938561145,1.0497566737925526,0.4,1.0,0.44022343160714644,1.0,0.9885098200787855,0.44022343160714644,69681.64162360138,288.15,0.8385412648334485,25.843774714744075,0.022645927140057684,5.1000000000000005,6.592156055347301
25650.0,10010.0,14.8,50.5,24.8,181.0,39.900000000000006,2593.0,44.300000000000004,14.0,85.9,1126.0,48.7,82.10000000000001,4915.684294542047,28.476853566041395,18.094572886911006,7.382516332748143,0.5272003938561145,1.0497566737925526,0.36,1.0,0.43835638925382886,1.0,0.9885098200787855,0.43835638925382886,69681.64162360138,288.15,0.8385412648334485,25.843774714744075,0.022647511742956972,4.7,6.592030952666776
25700.0,9990.0,15.3,50.5,24.700000000000003,179.0,39.800000000000004,2599.0,45.300000000000004,14.0,85.0,1124.0,48.1,82.9,4915.591022927631,28.476853566041395,18.094229555255794,7.382516332748143,0.5272003938561145,1.0497566737925526,0.32,1.0,0.43649419226378383,1.0,0.9885098200787855,0.43649419226378383,69681.64162360138,288.15,0.8385412648334485,25.843774714744075,0.022649096047018608,4.800000000000001,6.591905873566412
25750.0,10020.0,14.9,50.5,25.3,179.0,39.900000000000006,2594.0,44.7,13.950000000000001,86.80000000000001,1124.0,48.300000000000004,82.5,4915.497768903153,28.476853566041395,18.09388628834893,7.382516332748143,0.5272003938561145,1.0497566737925526,0.38,1.0,0.4346368328307133,1.0,0.9885098200787855,0.4346368328307133,69681.64162360138,288.15,0.8385412648334485,25.843774714744075,0.0226506800521375,5.1000000000000005,6.591780818054507
25800.0,9990.0,15.200000000000001,49.0,25.200000000000003,178.0,40.0,2598.0,45.2,13.9,85.2,1125.0,47.900000000000006,81.7,4915.404532474802,28.476853566041395,18.09354308621319,7.382516332748143,0.5272003938561145,1.0497566737925526,0.38,1.0,0.4327843031490949,1.0,0.9885098200787855,0.4327843031490949,69681.64162360138,288.15,0.8385412648334485,25.843774714744075,0.02265226375820875,5.0,6.59165578613936
25850.0,10000.0,15.200000000000001,50.0,24.8,178.0,40.0,2590.0,44.800000000000004,14.05,86.7,1127.0,48.0,81.9,4915.311313648752,28.476853566041395,18.093199948871302,7.382516332748143,0.5272003938561145,1.0497566737925526,0.39,1.0,0.43093659541451257,1.0,0.9885098200787855,0.43093659541451257,69681.64162360138,288.15,0.8385412648334485,25.843774714744075,0.022653847165127673,4.9,6.591530777829249
25900.0,10010.0,14.8,50.0,25.400000000000002,180.0,39.800000000000004,2604.0,44.7,14.0,86.10000000000001,1128.0,47.7,82.60000000000001,4915.218112431164,28.476853566041395,18.09285687634594,7.382516332748143,0.5272003938561145,1.0497566737925526,0.37,1.0,0.4290937018239751,1.0,0.9885098200787855,0.4290937018239751,69681.64162360138,288.15,0.8385412648334485,25.843774714744075,0.02265543027278977,4.6000000000000005,6.591405793132439
25950.0,10030.0,14.9,50.5,24.900000000000002,180.0,39.900000000000006,2588.0,45.0,13.950000000000001,86.60000000000001,1124.0,47.5,82.2,4915.124928828189,28.476853566041395,18.092513868659754,7.382516332748143,0.5272003938561145,1.0497566737925526,0.42,1.0,0.4272556145762245,1.0,0.9885098200787855,0.4272556145762245,69681.64162360138,288.15,0.8385412648334485,25.843774714744075,0.022657013081090634,4.7,6.591280832057179
26000.0,10010.0,15.3,50.0,24.400000000000002,179.0,40.2,2589.0,45.1,14.0,86.10000000000001,1128.0,47.300000000000004,82.2,4915.0317628459725,28.476853566041395,18.09217092583536,7.382516332748143,0.5272003938561145,1.0497566737925526,0.4,1.0,0.42542232587203627,1.0,0.9885098200787855,0.42542232587203627,69681.64162360138,288.15,0.8385412648334485,25.843774714744075,0.022658595589926105,4.800000000000001,6.591155894611706
26050.0,9970.0,15.200000000000001,49.5,25.200000000000003,181.0,40.0,2598.0,45.0,14.100000000000001,85.2,1127.0,47.800000000000004,82.60000000000001,4914.938614490647,28.476853566041395,18.091828047895333,7.382516332748143,0.5272003938561145,1.0497566737925526,0.42,1.0,0.42359382791451894,1.0,0.9885098200787855,0.42359382791451894,69681.64162360138,288.15,0.8385412648334485,25.843774714744075,0.022660177799192164,4.800000000000001,6.591030980804247
26100.0,10020.0,15.600000000000001,50.0,25.200000000000003,181.0,39.800000000000004,2589.0,45.400000000000006,14.0,85.7,1127.0,46.6,82.60000000000001,4914.845483768334,28.476853566041395,18.09148523486221,7.382516332748143,0.5272003938561145,1.0497566737925526,0.36,1.0,0.42177011290939675,1.0,0.9885098200787855,0.42177011290939675,69681.64162360138,288.15,0.8385412648334485,25.843774714744075,0.022661759708785003,5.1000000000000005,6.590906090643011
26150.0,10010.0,15.200000000000001,50.0,24.400000000000002,180.0,40.1,2599.0,45.6,13.9,85.60000000000001,1125.0,47.400000000000006,82.7,4914.7523706851425,28.476853566041395,18.09114248675847,7.382516332748143,0.5272003938561145,1.0497566737925526,0.37,1.0,0.41995117306529034,1.0,0.9885098200787855,0.41995117306529034,69681.64162360138,288.15,0.8385412648334485,25.843774714744075,0.022663341318600948,5.2,6.590781224136189
26200.0,9990.0,14.700000000000001,49.5,24.900000000000002,179.0,40.0,2594.0,44.800000000000004,14.05,85.80000000000001,1130.0,47.2,82.60000000000001,4914.659275247177,28.476853566041395,18.09079980360659,7.382516332748143,0.5272003938561145,1.0497566737925526,0.36,1.0,0.4181370005939886,1.0,0.9885098200787855,0.4181370005939886,69681.64162360138,288.15,0.8385412648334485,25.843774714744075,0.022664922628536484,4.9,6.5906563812919705
26250.0,10010.0,14.9,50.5,24.700000000000003,181.0,39.900000000000006,2598.0,45.0,14.100000000000001,85.10000000000001,1123.0,47.0,82.0,4914.566197460529,28.476853566041395,18.090457185428992,7.382516332748143,0.5272003938561145,1.0497566737925526,0.34,1.0,0.4163275877107129,1.0,0.9885098200787855,0.4163275877107129,69681.64162360138,288.15,0.8385412648334485,25.843774714744075,0.02266650363848833,5.1000000000000005,6.59053156211852
26300.0,10000.0,14.9,50.0,24.8,181.0,39.900000000000006,2589.0,45.2,14.0,87.0,1126.0,47.5,83.2,4914.473137331279,28.476853566041395,18.090114632248053,7.382516332748143,0.5272003938561145,1.0497566737925526,0.37,1.0,0.4145229266343778,1.0,0.9885098200787855,0.4145229266343778,69681.64162360138,288.15,0.8385412648334485,25.843774714744075,0.022668084348353348,4.7,6.5904067666239925
26350.0,10010.0,15.200000000000001,49.5,24.5,178.0,40.1,2593.0,45.0,13.9,85.10000000000001,1126.0,46.900000000000006,82.7,4914.380094865497,28.476853566041395,18.089772144086123,7.382516332748143,0.5272003938561145,1.0497566737925526,0.4,1.0,0.41272300958784053,1.0,0.9885098200787855,0.41272300958784053,69681.64162360138,288.15,0.8385412648334485,25.843774714744075,0.022669664758028577,5.5,6.59028199481653
26400.0,10000.0,15.3,49.5,24.3,180.0,39.7,2594.0,44.800000000000004,13.850000000000001,86.80000000000001,1126.0,46.5,83.10000000000001,4914.287070069244,28.476853566041395,18.089429720965505,7.382516332748143,0.5272003938561145,1.0497566737925526,0.36,1.0,0.41092782879814527,1.0,0.9885098200787855,0.41092782879814527,69681.64162360138,288.15,0.8385412648334485,25.843774714744075,0.02267124486741123,5.2,6.5901572467042575
26450.0,9990.0,14.8,50.0,25.200000000000003,181.0,40.0,2596.0,45.2,14.0,85.7,1123.0,47.2,82.7,4914.194062948569,28.476853566041395,18.089087362908476,7.382516332748143,0.5272003938561145,1.0497566737925526,0.37,1.0,0.40913737649676335,1.0,0.9885098200787855,0.40913737649676335,69681.64162360138,288.15,0.8385412648334485,25.843774714744075,0.02267282467639871,5.2,6.5900325222952905
26500.0,9980.0,15.5,50.0,25.1,180.0,39.7,2594.0,45.1,14.05,85.7,1121.0,46.300000000000004,83.7,4914.1010735095115,28.476853566041395,18.08874506993726,7.382516332748143,0.5272003938561145,1.0497566737925526,0.35000000000000003,1.0,0.40735164491982423,1.0,0.9885098200787855,0.40735164491982423,69681.64162360138,288.15,0.8385412648334485,25.843774714744075,0.022674404184888523,5.300000000000001,6.589907821597726
26550.0,9990.0,15.0,50.5,24.700000000000003,181.0,40.0,2596.0,44.900000000000006,14.05,86.7,1127.0,47.400000000000006,82.30000000000001,4914.008101758105,28.476853566041395,18.088402842074068,7.382516332748143,0.5272003938561145,1.0497566737925526,0.4,1.0,0.4055706263083395,1.0,0.9885098200787855,0.4055706263083395,69681.64162360138,288.15,0.8385412648334485,25.843774714744075,0.022675983392778425,5.0,6.589783144619655
26600.0,9990.0,15.100000000000001,50.0,24.700000000000003,180.0,40.0,2594.0,45.0,14.0,85.60000000000001,1127.0,46.5,84.0,4913.915147700367,28.476853566041395,18.08806067934105,7.382516332748143,0.5272003938561145,1.0497566737925526,0.34,1.0,0.40379431290842804,1.0,0.9885098200787855,0.40379431290842804,69681.64162360138,288.15,0.8385412648334485,25.843774714744075,0.02267756229996631,4.800000000000001,6.589658491369146
26650.0,9990.0,15.600000000000001,49.5,25.200000000000003,180.0,40.1,2599.0,45.400000000000006,13.950000000000001,85.9,1122.0,46.7,82.2,4913.822211342309,28.476853566041395,18.087718581760335,7.382516332748143,0.5272003938561145,1.0497566737925526,0.38,1.0,0.4020226969715258,1.0,0.9885098200787855,0.4020226969715258,69681.64162360138,288.15,0.8385412648334485,25.843774714744075,0.022679140906350266,4.5,6.589533861854263
26700.0,10000.0,14.5,50.0,24.5,179.0,40.2,2597.0,45.300000000000004,14.100000000000001,85.30000000000001,1131.0,46.1,83.0,4913.729292689928,28.476853566041395,18.087376549353998,7.382516332748143,0.5272003938561145,1.0497566737925526,0.37,1.0,0.400255770754597,1.0,0.9885098200787855,0.400255770754597,69681.64162360138,288.15,0.8385412648334485,25.843774714744075,0.02268071921182856,4.7,6.589409256083048
26750.0,10010.0,15.3,50.5,25.1,180.0,40.1,2595.0,45.2,14.0,86.30000000000001,1123.0,46.5,81.9,4913.6363917492135,28.476853566041395,18.08703458214408,7.382516332748143,0.5272003938561145,1.0497566737925526,0.39,1.0,0.3984935265203351,1.0,0.9885098200787855,0.3984935265203351,69681.64162360138,288.15,0.8385412648334485,25.843774714744075,0.022682297216299604,5.300000000000001,6.589284674063531
26800.0,9990.0,15.0,50.5,24.200000000000003,180.0,40.1,2583.0,44.7,14.100000000000001,86.4,1128.0,46.800000000000004,82.7,4913.543508526143,28.476853566041395,18.0866926801526,7.382516332748143,0.5272003938561145,1.0497566737925526,0.4,1.0,0.396735956537361,1.0,0.9885098200787855,0.396735956537361,69681.64162360138,288.15,0.8385412648334485,25.843774714744075,0.022683874919661985,4.800000000000001,6.58916011580373
26850.0,10000.0,14.8,50.5,25.6,181.0,39.900000000000006,2590.0,45.400000000000006,14.05,85.9,1125.0,46.5,82.10000000000001,4913.450643026688,28.476853566041395,18.086350843401522,7.382516332748143,0.5272003938561145,1.0497566737925526,0.4,1.0,0.3949830530804158,1.0,0.9885098200787855,0.3949830530804158,69681.64162360138,288.15,0.8385412648334485,25.843774714744075,0.022685452321814462,5.300000000000001,6.5890355813116495
26900.0,10020.0,15.200000000000001,49.5,25.1,182.0,39.800000000000004,2594.0,45.400000000000006,14.05,87.2,1125.0,46.0,83.2,4913.357795256807,28.476853566041395,18.086009071912784,7.382516332748143,0.5272003938561145,1.0497566737925526,0.35000000000000003,1.0,0.39323480843054653,1.0,0.9885098200787855,0.39323480843054653,69681.64162360138,288.15,0.8385412648334485,25.843774714744075,0.02268702942265595,4.9,6.588911070595283
26950.0,10000.0,15.3,50.5,25.200000000000003,180.0,40.2,2610.0,45.2,14.0,85.0,1125.0,46.2,82.30000000000001,4913.26496522245,28.476853566041395,18.085667365708293,7.382516332748143,0.5272003938561145,1.0497566737925526,0.38,1.0,0.39149121487528954,1.0,0.9885098200787855,0.39149121487528954,69681.64162360138,288.15,0.8385412648334485,25.843774714744075,0.022688606222085624,5.4,6.5887865836626105
27000.0,10010.0,15.0,49.5,25.5,180.0,39.7,2597.0,45.300000000000004,13.850000000000001,85.2,1127.0,46.400000000000006,82.30000000000001,4913.17215292955,28.476853566041395,18.085325724809884,7.382516332748143,0.5272003938561145,1.0497566737925526,0.36,1.0,0.38975226470884955,1.0,0.9885098200787855,0.38975226470884955,69681.64162360138,288.15,0.8385412648334485,25.843774714744075,0.02269018272000271,5.1000000000000005,6.588662120521586
27050.0,9990.0,15.200000000000001,49.5,24.5,181.0,40.1,2598.0,44.800000000000004,13.950000000000001,86.5,1123.0,46.5,83.30000000000001,4913.0793583840405,28.476853566041395,18.0849841492394,7.382516332748143,0.5272003938561145,1.0497566737925526,0.41000000000000003,1.0,0.3880179502322656,1.0,0.9885098200787855,0.3880179502322656,69681.64162360138,288.15,0.8385412648334485,25.843774714744075,0.022691758916306693,4.7,6.588537681180166
27100.0,9990.0,14.9,49.5,24.6,181.0,40.1,2590.0,45.2,14.05,86.60000000000001,1128.0,46.400000000000006,82.80000000000001,4912.986581591838,28.476853566041395,18.084642639018618,7.382516332748143,0.5272003938561145,1.0497566737925526,0.41000000000000003,1.0,0.3862882637535854,1.0,0.9885098200787855,0.3862882637535854,69681.64162360138,288.15,0.8385412648334485,25.843774714744075,0.022693334810897234,4.6000000000000005,6.588413265646288
27150.0,10000.0,15.0,50.0,25.200000000000003,181.0,40.1,2594.0,44.800000000000004,14.100000000000001,85.9,1124.0,45.900000000000006,81.7,4912.893822558849,28.476853566041395,18.08430119416928,7.382516332748143,0.5272003938561145,1.0497566737925526,0.38,1.0,0.38456319758802543,1.0,0.9885098200787855,0.38456319758802543,69681.64162360138,288.15,0.8385412648334485,25.843774714744075,0.022694910403674055,4.9,6.588288873927868
27200.0,9990.0,15.5,49.5,25.3,182.0,40.2,2594.0,44.7,13.9,85.5,1125.0,45.7,82.4,4912.801081290974,28.476853566041395,18.083959814713108,7.382516332748143,0.5272003938561145,1.0497566737925526,0.38,1.0,0.3828427440581268,1.0,0.9885098200787855,0.3828427440581268,69681.64162360138,288.15,0.8385412648334485,25.843774714744075,0.022696485694537173,5.0,6.588164506032823
27250.0,9990.0,14.8,50.0,24.900000000000002,181.0,40.0,2588.0,45.1,14.05,85.60000000000001,1124.0,46.400000000000006,82.10000000000001,4912.708357794099,28.476853566041395,18.08361850067177,7.382516332748143,0.5272003938561145,1.0497566737925526,0.4,1.0,0.381126895493915,1.0,0.9885098200787855,0.381126895493915,69681.64162360138,288.15,0.8385412648334485,25.843774714744075,0.02269806068338673,5.0,6.588040161969044
27300.0,10010.0,15.5,50.5,24.8,181.0,39.900000000000006,2595.0,44.6,13.950000000000001,85.7,1128.0,45.2,82.80000000000001,4912.615652074102,28.476853566041395,18.083277252066893,7.382516332748143,0.5272003938561145,1.0497566737925526,0.36,1.0,0.37941564423304613,1.0,0.9885098200787855,0.37941564423304613,69681.64162360138,288.15,0.8385412648334485,25.843774714744075,0.02269963537012305,5.2,6.587915841744413
27350.0,10000.0,14.700000000000001,50.0,24.6,181.0,40.0,2594.0,45.2,13.950000000000001,84.9,1128.0,45.300000000000004,82.0,4912.522964136851,28.476853566041395,18.082936068920084,7.382516332748143,0.5272003938561145,1.0497566737925526,0.41000000000000003,1.0,0.3777089826209531,1.0,0.9885098200787855,0.3777089826209531,69681.64162360138,288.15,0.8385412648334485,25.843774714744075,0.02270120975464659,5.0,6.587791545366801
27400.0,9980.0,14.8,49.5,25.700000000000003,181.0,39.900000000000006,2597.0,44.6,13.950000000000001,85.80000000000001,1128.0,45.6,82.7,4912.4302939882045,28.476853566041395,18.082594951252908,7.382516332748143,0.5272003938561145,1.0497566737925526,0.38,1.0,0.376006903010987,1.0,0.9885098200787855,0.376006903010987,69681.64162360138,288.15,0.8385412648334485,25.843774714744075,0.02270278383685801,4.9,6.5876672728440635
27450.0,10000.0,14.9,50.0,25.200000000000003,180.0,39.800000000000004,2590.0,45.1,14.100000000000001,85.80000000000001,1126.0,45.6,82.0,4912.337641634009,28.476853566041395,18.082253899086883,7.382516332748143,0.5272003938561145,1.0497566737925526,0.42,1.0,0.3743093977645557,1.0,0.9885098200787855,0.3743093977645557,69681.64162360138,288.15,0.8385412648334485,25.843774714744075,0.022704357616658146,5.0,6.587543024184039
27500.0,9990.0,15.0,49.5,25.5,180.0,40.0,2597.0,44.800000000000004,14.0,85.80000000000001,1123.0,45.6,82.60000000000001,4912.2450070801015,28.476853566041395,18.081912912443503,7.382516332748143,0.5272003938561145,1.0497566737925526,0.39,1.0,0.37261645925125736,1.0,0.9885098200787855,0.37261645925125736,69681.64162360138,288.15,0.8385412648334485,25.843774714744075,0.022705931093947983,4.9,6.587418799394558
27550.0,10000.0,15.4,49.5,24.900000000000002,181.0,40.1,2596.0,45.800000000000004,14.05,86.30000000000001,1126.0,45.1,82.4,4912.1523903323105,28.476853566041395,18.081571991344212,7.382516332748143,0.5272003938561145,1.0497566737925526,0.4,1.0,0.3709280798490108,1.0,0.9885098200787855,0.3709280798490108,69681.64162360138,288.15,0.8385412648334485,25.843774714744075,0.022707504268628734,5.0,6.587294598483435
27600.0,10000.0,14.9,50.0,24.900000000000002,181.0,40.2,2590.0,45.2,13.950000000000001,85.9,1126.0,45.900000000000006,82.4,4912.059791396451,28.476853566041395,18.081231135810423,7.382516332748143,0.5272003938561145,1.0497566737925526,0.39,1.0,0.3692442519441817,1.0,0.9885098200787855,0.3692442519441817,69681.64162360138,288.15,0.8385412648334485,25.843774714744075,0.02270907714060168,5.1000000000000005,6.5871704214584685
27650.0,9990.0,15.0,50.0,24.8,180.0,40.2,2592.0,45.2,14.05,84.80000000000001,1128.0,44.800000000000004,82.9,4911.967210278334,28.476853566041395,18.080890345863523,7.382516332748143,0.5272003938561145,1.0497566737925526,0.37,1.0,0.3675649679317025,1.0,0.9885098200787855,0.3675649679317025,69681.64162360138,288.15,0.8385412648334485,25.843774714744075,0.022710649709768386,4.9,6.587046268327452
27700.0,9980.0,15.0,50.5,24.700000000000003,180.0,40.1,2596.0,44.300000000000004,14.15,86.0,1129.0,45.2,81.60000000000001,4911.874646983753,28.476853566041395,18.08054962152484,7.382516332748143,0.5272003938561145,1.0497566737925526,0.4,1.0,0.3658902202151976,1.0,0.9885098200787855,0.3658902202151976,69681.64162360138,288.15,0.8385412648334485,25.843774714744075,0.022712221976030483,4.800000000000001,6.586922139098154
27750.0,10010.0,14.9,50.0,24.700000000000003,181.0,39.800000000000004,2603.0,45.7,14.100000000000001,86.4,1127.0,45.5,82.5,4911.782101518498,28.476853566041395,18.08020896281568,7.382516332748143,0.5272003938561145,1.0497566737925526,0.33,1.0,0.3642200012070921,1.0,0.9885098200787855,0.3642200012070921,69681.64162360138,288.15,0.8385412648334485,25.843774714744075,0.022713793939289875,5.300000000000001,6.5867980337783365
27800.0,10010.0,15.0,49.5,24.8,179.0,40.2,2588.0,45.1,13.950000000000001,84.80000000000001,1128.0,44.900000000000006,83.0,4911.689573888343,28.476853566041395,18.0798683697573,7.382516332748143,0.5272003938561145,1.0497566737925526,0.34,1.0,0.36255430332873134,1.0,0.9885098200787855,0.36255430332873134,69681.64162360138,288.15,0.8385412648334485,25.843774714744075,0.02271536559944852,4.7,6.5866739523757465
27850.0,9970.0,14.4,51.0,25.8,180.0,39.800000000000004,2593.0,45.300000000000004,13.950000000000001,85.80000000000001,1127.0,44.800000000000004,82.30000000000001,4911.597064099058,28.476853566041395,18.079527842370943,7.382516332748143,0.5272003938561145,1.0497566737925526,0.39,1.0,0.3608931190104825,1.0,0.9885098200787855,0.3608931190104825,69681.64162360138,288.15,0.8385412648334485,25.843774714744075,0.02271693695640866,4.7,6.586549894898119
27900.0,10010.0,14.9,50.0,25.6,180.0,40.2,2587.0,44.900000000000006,14.0,86.80000000000001,1122.0,44.900000000000006,83.30000000000001,4911.5045721564,28.476853566041395,18.0791873806778,7.382516332748143,0.5272003938561145,1.0497566737925526,0.36,1.0,0.35923644069184796,1.0,0.9885098200787855,0.35923644069184796,69681.64162360138,288.15,0.8385412648334485,25.843774714744075,0.022718508010072632,4.9,6.5864258613531765
27950.0,10000.0,15.100000000000001,51.0,25.200000000000003,181.0,39.900000000000006,2591.0,44.900000000000006,13.9,85.9,1126.0,44.6,82.80000000000001,4911.4120980661155,28.476853566041395,18.078846984699023,7.382516332748143,0.5272003938561145,1.0497566737925526,0.35000000000000003,1.0,0.3575842608215625,1.0,0.9885098200787855,0.3575842608215625,69681.64162360138,288.15,0.8385412648334485,25.843774714744075,0.02272007876034298,5.1000000000000005,6.5863018517486225
28000.0,9990.0,15.4,50.0,25.3,180.0,40.1,2595.0,44.5,14.05,85.60000000000001,1129.0,45.0,82.2,4911.31964183394,28.476853566041395,18.078506654455722,7.382516332748143,0.5272003938561145,1.0497566737925526,0.35000000000000003,1.0,0.3559365718576962,1.0,0.9885098200787855,0.3559365718576962,69681.64162360138,288.15,0.8385412648334485,25.843774714744075,0.022721649207122385,5.1000000000000005,6.586177866092151
28050.0,10000.0,15.3,50.0,25.400000000000002,180.0,40.1,2593.0,45.1,14.100000000000001,85.60000000000001,1128.0,44.7,82.60000000000001,4911.227203465603,28.476853566041395,18.07816638996899,7.382516332748143,0.5272003938561145,1.0497566737925526,0.43,1.0,0.3542933662677493,1.0,0.9885098200787855,0.3542933662677493,69681.64162360138,288.15,0.8385412648334485,25.843774714744075,0.02272321935031373,5.2,6.586053904391444
28100.0,10000.0,15.100000000000001,49.5,24.900000000000002,180.0,40.2,2597.0,44.7,14.05,85.60000000000001,1124.0,45.1,83.30000000000001,4911.134782966823,28.476853566041395,18.077826191259877,7.382516332748143,0.5272003938561145,1.0497566737925526,0.39,1.0,0.35265463652874807,1.0,0.9885098200787855,0.35265463652874807,69681.64162360138,288.15,0.8385412648334485,25.843774714744075,0.022724789189820075,5.1000000000000005,6.585929966654169
28150.0,10010.0,15.4,50.5,24.5,182.0,40.2,2592.0,44.7,14.05,85.4,1128.0,44.800000000000004,82.30000000000001,4911.042380343302,28.476853566041395,18.07748605834937,7.382516332748143,0.5272003938561145,1.0497566737925526,0.35000000000000003,1.0,0.3510203751273344,1.0,0.9885098200787855,0.3510203751273344,69681.64162360138,288.15,0.8385412648334485,25.843774714744075,0.022726358725544606,5.0,6.585806052887976
28200.0,9990.0,15.100000000000001,49.5,24.900000000000002,181.0,40.1,2591.0,44.6,14.0,85.9,1128.0,44.300000000000004,82.7,4910.949995600741,28.476853566041395,18.07714599125845,7.382516332748143,0.5272003938561145,1.0497566737925526,0.43,1.0,0.34939057455985484,1.0,0.9885098200787855,0.34939057455985484,69681.64162360138,288.15,0.8385412648334485,25.843774714744075,0.022727927957390703,5.0,6.585682163100506
28250.0,9980.0,15.100000000000001,51.0,24.5,180.0,40.0,2595.0,45.1,14.100000000000001,85.60000000000001,1130.0,44.400000000000006,82.4,4910.857628744826,28.476853566041395,18.076805990008054,7.382516332748143,0.5272003938561145,1.0497566737925526,0.36,1.0,0.34776522733244497,1.0,0.9885098200787855,0.34776522733244497,69681.64162360138,288.15,0.8385412648334485,25.843774714744075,0.022729496885261897,4.5,6.585558297299387
28300.0,10000.0,15.600000000000001,50.0,25.3,180.0,40.0,2598.0,45.6,14.100000000000001,86.10000000000001,1127.0,44.400000000000006,82.2,4910.765279781237,28.476853566041395,18.076466054619093,7.382516332748143,0.5272003938561145,1.0497566737925526,0.34,1.0,0.3461443259611136,1.0,0.9885098200787855,0.3461443259611136,69681.64162360138,288.15,0.8385412648334485,25.843774714744075,0.022731065509061912,4.6000000000000005,6.585434455492234
28350.0,10000.0,14.9,49.5,25.0,180.0,39.800000000000004,2593.0,44.900000000000006,13.950000000000001,86.10000000000001,1122.0,43.6,82.5,4910.672948715639,28.476853566041395,18.07612618511241,7.382516332748143,0.5272003938561145,1.0497566737925526,0.38,1.0,0.34452786297182353,1.0,0.9885098200787855,0.34452786297182353,69681.64162360138,288.15,0.8385412648334485,25.843774714744075,0.02273263382869463,5.0,6.585310637686647
28400.0,9990.0,14.700000000000001,50.0,24.8,181.0,39.900000000000006,2594.0,45.7,14.0,85.9,1129.0,44.5,82.7,4910.580635553691,28.476853566041395,18.07578638150884,7.382516332748143,0.5272003938561145,1.0497566737925526,0.39,1.0,0.3429158309005681,1.0,0.9885098200787855,0.3429158309005681,69681.64162360138,288.15,0.8385412648334485,25.843774714744075,0.022734201844064127,4.9,6.585186843890211
28450.0,9990.0,15.100000000000001,51.0,25.5,180.0,40.2,2591.0,44.900000000000006,14.05,86.5,1125.0,44.0,83.60000000000001,4910.488340301039,28.476853566041395,18.07544664382917,7.382516332748143,0.5272003938561145,1.0497566737925526,0.38,1.0,0.34130822229344826,1.0,0.9885098200787855,0.34130822229344826,69681.64162360138,288.15,0.8385412648334485,25.843774714744075,0.022735769555074607,5.4,6.5850630741105
28500.0,10000.0,15.100000000000001,50.0,25.400000000000002,181.0,39.800000000000004,2593.0,45.300000000000004,14.0,85.30000000000001,1129.0,44.5,82.30000000000001,4910.39606296332,28.476853566041395,18.075106972094144,7.382516332748143,0.5272003938561145,1.0497566737925526,0.39,1.0,0.33970502970674354,1.0,0.9885098200787855,0.33970502970674354,69681.64162360138,288.15,0.8385412648334485,25.843774714744075,0.022737336961630456,4.6000000000000005,6.584939328355072
28550.0,9990.0,15.0,50.0,24.6,179.0,39.800000000000004,2596.0,44.400000000000006,13.950000000000001,84.4,1128.0,43.400000000000006,82.5,4910.303803546165,28.476853566041395,18.07476736632449,7.382516332748143,0.5272003938561145,1.0497566737925526,0.43,1.0,0.33810624570698405,1.0,0.9885098200787855,0.33810624570698405,69681.64162360138,288.15,0.8385412648334485,25.843774714744075,0.022738904063636257,5.300000000000001,6.584815606631478
28600.0,9980.0,15.100000000000001,49.5,24.5,180.0,40.2,2597.0,44.800000000000004,14.05,84.2,1125.0,43.7,82.60000000000001,4910.211562055187,28.476853566041395,18.074427826540873,7.382516332748143,0.5272003938561145,1.0497566737925526,0.38,1.0,0.3365118628710202,1.0,0.9885098200787855,0.3365118628710202,69681.64162360138,288.15,0.8385412648334485,25.843774714744075,0.022740470860996717,4.9,6.584691908947247
28650.0,10000.0,15.0,50.5,25.1,180.0,40.1,2598.0,44.800000000000004,14.0,86.2,1124.0,44.5,81.9,4910.119338495997,28.476853566041395,18.074088352763948,7.382516332748143,0.5272003938561145,1.0497566737925526,0.37,1.0,0.33492187378608507,1.0,0.9885098200787855,0.33492187378608507,69681.64162360138,288.15,0.8385412648334485,25.843774714744075,0.022742037353616726,4.7,6.584568235309903
28700.0,10030.0,14.9,49.5,24.900000000000002,180.0,39.900000000000006,2594.0,43.900000000000006,14.0,85.60000000000001,1130.0,44.300000000000004,82.4,4910.027132874194,28.476853566041395,18.073748945014316,7.382516332748143,0.5272003938561145,1.0497566737925526,0.41000000000000003,1.0,0.3333362710498618,1.0,0.9885098200787855,0.3333362710498618,69681.64162360138,288.15,0.8385412648334485,25.843774714744075,0.02274360354140134,4.6000000000000005,6.584444585726952
28750.0,10010.0,14.8,49.5,24.900000000000002,181.0,40.0,2600.0,44.800000000000004,14.100000000000001,85.10000000000001,1127.0,43.800000000000004,82.9,4909.934945195364,28.476853566041395,18.073409603312548,7.382516332748143,0.5272003938561145,1.0497566737925526,0.39,1.0,0.33175504727054467,1.0,0.9885098200787855,0.33175504727054467,69681.64162360138,288.15,0.8385412648334485,25.843774714744075,0.022745169424255827,4.7,6.584320960205887
28800.0,10010.0,15.5,49.5,24.3,180.0,39.900000000000006,2594.0,45.2,13.950000000000001,85.4,1127.0,44.2,82.5,4909.842775465086,28.476853566041395,18.07307032767918,7.382516332748143,0.5272003938561145,1.0497566737925526,0.34,1.0,0.3301781950668994,1.0,0.9885098200787855,0.3301781950668994,69681.64162360138,288.15,0.8385412648334485,25.843774714744075,0.02274673500208557,4.6000000000000005,6.5841973587541895
28850.0,10000.0,14.700000000000001,49.0,25.3,181.0,39.900000000000006,2595.0,45.1,14.05,85.9,1120.0,43.5,82.80000000000001,4909.750623688928,28.476853566041395,18.072731118134698,7.382516332748143,0.5272003938561145,1.0497566737925526,0.37,1.0,0.3286057070683192,1.0,0.9885098200787855,0.3286057070683192,69681.64162360138,288.15,0.8385412648334485,25.843774714744075,0.022748300274796122,4.9,6.584073781379327
28900.0,10010.0,15.0,51.0,25.5,180.0,40.0,2583.0,44.900000000000006,13.9,85.7,1127.0,43.800000000000004,83.2,4909.658489872447,28.476853566041395,18.07239197469957,7.382516332748143,0.5272003938561145,1.0497566737925526,0.38,1.0,0.3270375759148819,1.0,0.9885098200787855,0.3270375759148819,69681.64162360138,288.15,0.8385412648334485,25.843774714744075,0.022749865242293194,5.5,6.583950228088749
28950.0,10000.0,14.600000000000001,49.5,24.900000000000002,180.0,39.800000000000004,2593.0,45.0,13.950000000000001,86.0,1129.0,43.900000000000006,82.30000000000001,4909.566374021197,28.476853566041395,18.072052897394233,7.382516332748143,0.5272003938561145,1.0497566737925526,0.42,1.0,0.32547379425740336,1.0,0.9885098200787855,0.32547379425740336,69681.64162360138,288.15,0.8385412648334485,25.843774714744075,0.022751429904482735,4.6000000000000005,6.583826698889906
29000.0,9980.0,14.600000000000001,50.0,25.5,180.0,39.900000000000006,2593.0,45.2,13.950000000000001,85.2,1124.0,43.2,83.10000000000001,4909.4742761407115,28.476853566041395,18.071713886239056,7.382516332748143,0.5272003938561145,1.0497566737925526,0.38,1.0,0.32391435475749125,1.0,0.9885098200787855,0.32391435475749125,69681.64162360138,288.15,0.8385412648334485,25.843774714744075,0.022752994261270813,4.7,6.5837031937902175
29050.0,10010.0,14.8,50.5,25.6,180.0,39.7,2603.0,45.1,14.0,86.10000000000001,1129.0,43.800000000000004,82.2,4909.38219623652,28.476853566041395,18.071374941254398,7.382516332748143,0.5272003938561145,1.0497566737925526,0.39,1.0,0.32235925008759375,1.0,0.9885098200787855,0.32235925008759375,69681.64162360138,288.15,0.8385412648334485,25.843774714744075,0.02275455831256359,4.6000000000000005,6.583579712797099
29100.0,10010.0,15.0,50.0,24.900000000000002,180.0,39.800000000000004,2597.0,45.400000000000006,13.950000000000001,85.80000000000001,1128.0,43.300000000000004,81.7,4909.290134314145,28.476853566041395,18.07103606246058,7.382516332748143,0.5272003938561145,1.0497566737925526,0.34,1.0,0.3208084729310448,1.0,0.9885098200787855,0.3208084729310448,69681.64162360138,288.15,0.8385412648334485,25.843774714744075,0.022756122058267533,4.7,6.583456255917955
29150.0,9970.0,15.4,50.0,25.0,178.0,39.6,2594.0,45.6,13.950000000000001,86.0,1126.0,43.2,83.10000000000001,4909.198090379094,28.476853566041395,18.070697249877874,7.382516332748143,0.5272003938561145,1.0497566737925526,0.37,1.0,0.31926201598211923,1.0,0.9885098200787855,0.31926201598211923,69681.64162360138,288.15,0.8385412648334485,25.843774714744075,0.022757685498289226,4.7,6.583332823160172
29200.0,10020.0,15.0,50.5,24.700000000000003,181.0,40.1,2596.0,45.0,13.950000000000001,85.5,1126.0,43.5,82.4,4909.106064436863,28.476853566041395,18.07035850352652,7.382516332748143,0.5272003938561145,1.0497566737925526,0.34,1.0,0.3177198719460695,1.0,0.9885098200787855,0.3177198719460695,69681.64162360138,288.15,0.8385412648334485,25.843774714744075,0.022759248632535346,4.5,6.5832094145311215
29250.0,9980.0,15.200000000000001,49.5,25.1,180.0,40.0,2596.0,45.0,13.8,85.30000000000001,1128.0,43.6,83.30000000000001,4909.014056492948,28.476853566041395,18.070019823426748,7.382516332748143,0.5272003938561145,1.0497566737925526,0.34,1.0,0.3161820335391721,1.0,0.9885098200787855,0.3161820335391721,69681.64162360138,288.15,0.8385412648334485,25.843774714744075,0.022760811460912852,4.800000000000001,6.5830860300381735
29300.0,9980.0,15.5,50.5,25.1,180.0,40.300000000000004,2599.0,45.300000000000004,14.05,85.30000000000001,1129.0,43.300000000000004,82.4,4908.922066552823,28.476853566041395,18.069681209598695,7.382516332748143,0.5272003938561145,1.0497566737925526,0.37,1.0,0.31464849348877044,1.0,0.9885098200787855,0.31464849348877044,69681.64162360138,288.15,0.8385412648334485,25.843774714744075,0.02276237398332879,5.2,6.5829626696886665
29350.0,10020.0,14.8,50.0,25.1,180.0,39.900000000000006,2602.0,45.1,14.05,86.5,1126.0,42.900000000000006,81.9,4908.830094621961,28.476853566041395,18.06934266206252,7.382516332748143,0.5272003938561145,1.0497566737925526,0.38,1.0,0.3131192445333131,1.0,0.9885098200787855,0.3131192445333131,69681.64162360138,288.15,0.8385412648334485,25.843774714744075,0.022763936199690374,4.5,6.582839333489942
29400.0,10010.0,15.100000000000001,50.0,25.0,181.0,39.800000000000004,2595.0,45.2,13.9,85.9,1123.0,42.800000000000004,81.9,4908.738140705822,28.476853566041395,18.06900418083832,7.382516332748143,0.5272003938561145,1.0497566737925526,0.42,1.0,0.3115942794223923,1.0,0.9885098200787855,0.3115942794223923,69681.64162360138,288.15,0.8385412648334485,25.843774714744075,0.02276549810990504,4.6000000000000005,6.582716021449322
29450.0,9980.0,15.0,50.0,24.400000000000002,180.0,39.6,2590.0,44.800000000000004,14.05,86.2,1130.0,42.7,81.30000000000001,4908.6462048098565,28.476853566041395,18.06866576594615,7.382516332748143,0.5272003938561145,1.0497566737925526,0.39,1.0,0.3100735909167834,1.0,0.9885098200787855,0.3100735909167834,69681.64162360138,288.15,0.8385412648334485,25.843774714744075,0.022767059713880322,5.300000000000001,6.582592733574114
29500.0,10010.0,15.100000000000001,49.5,24.8,182.0,39.7,2590.0,45.300000000000004,13.950000000000001,84.7,1131.0,42.900000000000006,82.30000000000001,4908.554286939505,28.476853566041395,18.068327417406042,7.382516332748143,0.5272003938561145,1.0497566737925526,0.35000000000000003,1.0,0.3085571717884768,1.0,0.9885098200787855,0.3085571717884768,69681.64162360138,288.15,0.8385412648334485,25.843774714744075,0.02276862101152398,5.4,6.582469469871615
29550.0,10000.0,15.4,50.5,24.8,180.0,40.300000000000004,2600.0,44.400000000000006,14.05,85.4,1124.0,42.800000000000004,81.80000000000001,4908.462387100199,28.476853566041395,18.06798913523799,7.382516332748143,0.5272003938561145,1.0497566737925526,0.37,1.0,0.30704501482071567,1.0,0.9885098200787855,0.30704501482071567,69681.64162360138,288.15,0.8385412648334485,25.843774714744075,0.02277018200274392,4.7,6.582346230349108
29600.0,9990.0,15.0,49.5,25.6,180.0,40.400000000000006,2594.0,44.800000000000004,14.15,85.10000000000001,1126.0,42.800000000000004,81.9,4908.370505297357,28.476853566041395,18.06765091946194,7.382516332748143,0.5272003938561145,1.0497566737925526,0.4,1.0,0.3055371128080268,1.0,0.9885098200787855,0.3055371128080268,69681.64162360138,288.15,0.8385412648334485,25.843774714744075,0.022771742687448204,5.1000000000000005,6.582223015013863
29650.0,10020.0,15.3,50.5,25.0,179.0,40.400000000000006,2588.0,44.6,14.05,86.4,1127.0,42.900000000000006,81.5,4908.278641536393,28.476853566041395,18.067312770097814,7.382516332748143,0.5272003938561145,1.0497566737925526,0.37,1.0,0.3040334585562517,1.0,0.9885098200787855,0.3040334585562517,69681.64162360138,288.15,0.8385412648334485,25.843774714744075,0.022773303065545016,4.4,6.582099823873133
29700.0,10010.0,14.5,49.5,25.200000000000003,181.0,40.0,2597.0,45.2,14.0,84.80000000000001,1128.0,42.7,82.9,4908.1867958227085,28.476853566041395,18.066974687165505,7.382516332748143,0.5272003938561145,1.0497566737925526,0.39,1.0,0.30253404488257585,1.0,0.9885098200787855,0.30253404488257585,69681.64162360138,288.15,0.8385412648334485,25.843774714744075,0.022774863136942797,4.6000000000000005,6.581976656934169
29750.0,10010.0,15.0,50.0,24.900000000000002,179.0,40.2,2589.0,44.7,14.0,86.4,1130.0,41.800000000000004,83.10000000000001,4908.094968161695,28.476853566041395,18.06663667068485,7.382516332748143,0.5272003938561145,1.0497566737925526,0.42,1.0,0.3010388646155612,1.0,0.9885098200787855,0.3010388646155612,69681.64162360138,288.15,0.8385412648334485,25.843774714744075,0.02277642290155011,4.6000000000000005,6.581853514204196
29800.0,9970.0,15.0,50.5,25.6,179.0,40.400000000000006,2585.0,44.900000000000006,13.950000000000001,86.10000000000001,1130.0,42.7,81.80000000000001,4908.003158558734,28.476853566041395,18.066298720675665,7.382516332748143,0.5272003938561145,1.0497566737925526,0.41000000000000003,1.0,0.29954791059517044,1.0,0.9885098200787855,0.29954791059517044,69681.64162360138,288.15,0.8385412648334485,25.843774714744075,0.022777982359275688,5.0,6.581730395690434
29850.0,9980.0,14.4,50.5,24.900000000000002,179.0,40.0,2596.0,45.0,13.9,86.5,1129.0,42.1,82.30000000000001,4907.911367019196,28.476853566041395,18.065960837157718,7.382516332748143,0.5272003938561145,1.0497566737925526,0.39,1.0,0.298061175672794,1.0,0.9885098200787855,0.298061175672794,69681.64162360138,288.15,0.8385412648334485,25.843774714744075,0.0227795415100284,4.6000000000000005,6.5816073014000835
29900.0,10000.0,14.600000000000001,50.0,24.5,179.0,40.300000000000004,2594.0,45.1,13.850000000000001,85.0,1128.0,42.300000000000004,81.4,4907.819593548449,28.476853566041395,18.06562302015076,7.382516332748143,0.5272003938561145,1.0497566737925526,0.39,1.0,0.29657865271127287,1.0,0.9885098200787855,0.29657865271127287,69681.64162360138,288.15,0.8385412648334485,25.843774714744075,0.022781100353717318,5.0,6.581484231340342
29950.0,10020.0,14.8,49.0,24.6,179.0,40.1,2583.0,44.900000000000006,14.100000000000001,85.4,1129.0,41.5,81.7,4907.727838151841,28.476853566041395,18.065285269674487,7.382516332748143,0.5272003938561145,1.0497566737925526,0.42,1.0,0.2951003345849273,1.0,0.9885098200787855,0.2951003345849273,69681.64162360138,288.15,0.8385412648334485,25.843774714744075,0.022782658890251647,4.9,6.581361185518382
30000.0,10000.0,14.700000000000001,50.0,24.5,181.0,40.5,2596.0,44.800000000000004,13.850000000000001,84.4,1131.0,41.7,82.30000000000001,4907.636100834719,28.476853566041395,18.06494758574858,7.382516332748143,0.5272003938561145,1.0497566737925526,0.4,1.0,0.29362621417957496,1.0,0.9885098200787855,0.29362621417957496,69681.64162360138,288.15,0.8385412648334485,25.843774714744075,0.022784217119540782,5.300000000000001,6.581238163941376
30050.0,10000.0,14.9,50.0,24.700000000000003,180.0,40.1,2595.0,45.6,14.05,86.10000000000001,1124.0,42.2,82.10000000000001,4907.544381602414,28.476853566041395,18.064609968392656,7.382516332748143,0.5272003938561145,1.0497566737925526,0.39,1.0,0.2921562843925551,1.0,0.9885098200787855,0.2921562843925551,69681.64162360138,288.15,0.8385412648334485,25.843774714744075,0.02278577504149429,5.1000000000000005,6.5811151666164704
30100.0,10000.0,15.700000000000001,50.5,25.5,181.0,40.400000000000006,2588.0,45.400000000000006,13.950000000000001,85.0,1128.0,42.300000000000004,81.9,4907.452680460252,28.476853566041395,18.064272417626324,7.382516332748143,0.5272003938561145,1.0497566737925526,0.37,1.0,0.2906905381327482,1.0,0.9885098200787855,0.2906905381327482,69681.64162360138,288.15,0.8385412648334485,25.843774714744075,0.02278733265602189,4.9,6.580992193550808
30150.0,10000.0,15.3,51.5,25.200000000000003,179.0,39.7,2593.0,44.7,14.05,85.7,1126.0,42.5,82.10000000000001,4907.360997413545,28.476853566041395,18.063934933469138,7.382516332748143,0.5272003938561145,1.0497566737925526,0.38,1.0,0.2892289683205947,1.0,0.9885098200787855,0.2892289683205947,69681.64162360138,288.15,0.8385412648334485,25.843774714744075,0.02278888996303342,5.1000000000000005,6.580869244751513
30200.0,10010.0,15.4,50.0,25.400000000000002,179.0,40.2,2598.0,45.5,13.9,84.80000000000001,1129.0,40.900000000000006,82.7,4907.269332467598,28.476853566041395,18.06359751594063,7.382516332748143,0.5272003938561145,1.0497566737925526,0.41000000000000003,1.0,0.28777156788811326,1.0,0.9885098200787855,0.28777156788811326,69681.64162360138,288.15,0.8385412648334485,25.843774714744075,0.022790446962438968,4.800000000000001,6.5807463202257
30250.0,9990.0,14.700000000000001,49.5,24.8,179.0,39.900000000000006,2593.0,44.900000000000006,14.15,85.10000000000001,1128.0,41.5,82.2,4907.177685627708,28.476853566041395,18.063260165060285,7.382516332748143,0.5272003938561145,1.0497566737925526,0.33,1.0,0.28631832977892024,1.0,0.9885098200787855,0.28631832977892024,69681.64162360138,288.15,0.8385412648334485,25.843774714744075,0.022792003654148733,4.5,6.58062341998047
30300.0,9990.0,15.100000000000001,50.5,24.3,180.0,39.7,2593.0,45.300000000000004,13.950000000000001,85.30000000000001,1131.0,41.800000000000004,82.10000000000001,4907.0860568991575,28.476853566041395,18.06292288084756,7.382516332748143,0.5272003938561145,1.0497566737925526,0.39,1.0,0.28486924694824334,1.0,0.9885098200787855,0.28486924694824334,69681.64162360138,288.15,0.8385412648334485,25.843774714744075,0.022793560038073094,4.7,6.580500544022909
30350.0,10010.0,15.200000000000001,49.5,25.1,180.0,40.1,2598.0,45.1,14.0,85.9,1125.0,41.1,80.80000000000001,4906.994446287222,28.476853566041395,18.06258566332187,7.382516332748143,0.5272003938561145,1.0497566737925526,0.38,1.0,0.2834243123629389,1.0,0.9885098200787855,0.2834243123629389,69681.64162360138,288.15,0.8385412648334485,25.843774714744075,0.022795116114122594,4.7,6.5803776923600905
30400.0,10000.0,14.4,49.5,25.200000000000003,179.0,40.1,2592.0,45.0,14.05,85.9,1127.0,41.2,82.2,4906.902853797168,28.476853566041395,18.0622485125026,7.382516332748143,0.5272003938561145,1.0497566737925526,0.4,1.0,0.2819835190015047,1.0,0.9885098200787855,0.2819835190015047,69681.64162360138,288.15,0.8385412648334485,25.843774714744075,0.022796671882207877,4.7,6.580254864999079
30450.0,10000.0,14.9,50.0,24.6,179.0,40.1,2598.0,44.5,14.05,86.0,1128.0,41.300000000000004,82.0,4906.811279434255,28.476853566041395,18.06191142840911,7.382516332748143,0.5272003938561145,1.0497566737925526,0.38,1.0,0.28054685985409317,1.0,0.9885098200787855,0.28054685985409317,69681.64162360138,288.15,0.8385412648334485,25.843774714744075,0.022798227342239897,5.0,6.580132061946925
30500.0,10000.0,15.0,49.5,25.200000000000003,180.0,40.0,2595.0,45.5,13.950000000000001,86.10000000000001,1125.0,41.800000000000004,83.10000000000001,4906.719723203723,28.476853566041395,18.061574411060693,7.382516332748143,0.5272003938561145,1.0497566737925526,0.37,1.0,0.27911432792252827,1.0,0.9885098200787855,0.27911432792252827,69681.64162360138,288.15,0.8385412648334485,25.843774714744075,0.022799782494129645,5.300000000000001,6.580009283210658
30550.0,10010.0,14.700000000000001,50.0,25.5,181.0,39.800000000000004,2594.0,45.1,13.950000000000001,86.7,1127.0,41.300000000000004,83.0,4906.628185110813,28.476853566041395,18.061237460476633,7.382516332748143,0.5272003938561145,1.0497566737925526,0.37,1.0,0.2776859162203106,1.0,0.9885098200787855,0.2776859162203106,69681.64162360138,288.15,0.8385412648334485,25.843774714744075,0.02280133733778828,5.2,6.579886528797303
30600.0,9980.0,14.9,50.5,25.6,179.0,39.800000000000004,2596.0,44.800000000000004,14.0,85.9,1126.0,40.6,81.80000000000001,4906.536665160754,28.476853566041395,18.060900576676183,7.382516332748143,0.5272003938561145,1.0497566737925526,0.38,1.0,0.2762616177726323,1.0,0.9885098200787855,0.2762616177726323,69681.64162360138,288.15,0.8385412648334485,25.843774714744075,0.022802891873127184,4.4,6.579763798713875
30650.0,10000.0,14.600000000000001,51.0,25.900000000000002,179.0,40.1,2590.0,44.900000000000006,14.15,85.0,1126.0,40.800000000000004,83.0,4906.445163358761,28.476853566041395,18.060563759678544,7.382516332748143,0.5272003938561145,1.0497566737925526,0.28,1.0,0.2748414256163871,1.0,0.9885098200787855,0.2748414256163871,69681.64162360138,288.15,0.8385412648334485,25.843774714744075,0.022804446100057874,4.800000000000001,6.579641092967368
30700.0,10000.0,14.8,50.5,25.5,179.0,40.400000000000006,2589.0,45.400000000000006,14.0,85.0,1126.0,41.1,82.5,4906.353679710042,28.476853566041395,18.060227009502878,7.382516332748143,0.5272003938561145,1.0497566737925526,0.35000000000000003,1.0,0.2734253328001779,1.0,0.9885098200787855,0.2734253328001779,69681.64162360138,288.15,0.8385412648334485,25.843774714744075,0.02280600001849205,4.800000000000001,6.579518411564761
30750.0,9990.0,14.600000000000001,49.5,24.5,180.0,40.1,2595.0,45.6,13.850000000000001,85.60000000000001,1127.0,41.300000000000004,82.80000000000001,4906.262214219798,28.476853566041395,18.059890326168333,7.382516332748143,0.5272003938561145,1.0497566737925526,0.38,1.0,0.2720133323843269,1.0,0.9885098200787855,0.2720133323843269,69681.64162360138,288.15,0.8385412648334485,25.843774714744075,0.022807553628341557,4.9,6.579395754513034
30800.0,9990.0,15.200000000000001,49.0,25.3,180.0,39.900000000000006,2593.0,45.0,14.100000000000001,87.2,1130.0,40.800000000000004,82.7,4906.170766893212,28.476853566041395,18.059553709693986,7.382516332748143,0.5272003938561145,1.0497566737925526,0.4,1.0,0.27060541744088157,1.0,0.9885098200787855,0.27060541744088157,69681.64162360138,288.15,0.8385412648334485,25.843774714744075,0.022809106929518392,4.7,6.579273121819136
30850.0,9980.0,15.0,50.5,24.400000000000002,179.0,40.1,2594.0,45.400000000000006,13.9,86.7,1123.0,40.2,82.4,4906.079337735469,28.476853566041395,18.059217160098928,7.382516332748143,0.5272003938561145,1.0497566737925526,0.35000000000000003,1.0,0.2692015810536218,1.0,0.9885098200787855,0.2692015810536218,69681.64162360138,288.15,0.8385412648334485,25.843774714744075,0.0228106599219347,4.9,6.579150513490019
30900.0,10000.0,15.0,49.5,25.200000000000003,180.0,40.2,2593.0,44.7,13.9,85.2,1124.0,40.400000000000006,82.7,4905.987926751739,28.476853566041395,18.058880677402183,7.382516332748143,0.5272003938561145,1.0497566737925526,0.33,1.0,0.2678018163180655,1.0,0.9885098200787855,0.2678018163180655,69681.64162360138,288.15,0.8385412648334485,25.843774714744075,0.022812212605502844,5.300000000000001,6.579027929532618
30950.0,10000.0,15.0,49.5,25.3,180.0,39.900000000000006,2595.0,44.5,13.9,84.60000000000001,1128.0,40.800000000000004,82.9,4905.89653394718,28.476853566041395,18.058544261622743,7.382516332748143,0.5272003938561145,1.0497566737925526,0.35000000000000003,1.0,0.2664061163414775,1.0,0.9885098200787855,0.2664061163414775,69681.64162360138,288.15,0.8385412648334485,25.843774714744075,0.022813764980135345,5.0,6.578905369953848
31000.0,10000.0,14.700000000000001,50.0,25.0,179.0,40.0,2594.0,45.0,13.950000000000001,84.5,1127.0,40.400000000000006,81.9,4905.805159326939,28.476853566041395,18.05820791277955,7.382516332748143,0.5272003938561145,1.0497566737925526,0.37,1.0,0.2650144742428701,1.0,0.9885098200787855,0.2650144742428701,69681.64162360138,288.15,0.8385412648334485,25.843774714744075,0.022815317045744785,5.1000000000000005,6.578782834760612
31050.0,10000.0,14.9,49.5,25.3,178.0,40.2,2587.0,44.6,13.950000000000001,86.60000000000001,1131.0,40.900000000000006,82.60000000000001,4905.713802896164,28.476853566041395,18.057871630891558,7.382516332748143,0.5272003938561145,1.0497566737925526,0.33,1.0,0.26362688315300686,1.0,0.9885098200787855,0.26362688315300686,69681.64162360138,288.15,0.8385412648334485,25.843774714744075,0.022816868802244056,4.9,6.578660323959815
31100.0,9990.0,14.8,50.0,24.8,181.0,39.6,2595.0,44.7,13.950000000000001,85.5,1124.0,40.6,82.30000000000001,4905.622464659983,28.476853566041395,18.05753541597764,7.382516332748143,0.5272003938561145,1.0497566737925526,0.36,1.0,0.26224333621441126,1.0,0.9885098200787855,0.26224333621441126,69681.64162360138,288.15,0.8385412648334485,25.843774714744075,0.02281842024954614,4.800000000000001,6.57853783755833
31150.0,10000.0,14.8,50.0,24.900000000000002,180.0,40.300000000000004,2596.0,44.900000000000006,14.0,84.7,1126.0,40.400000000000006,81.80000000000001,4905.531144623516,28.476853566041395,18.057199268056642,7.382516332748143,0.5272003938561145,1.0497566737925526,0.39,1.0,0.26086382658136315,1.0,0.9885098200787855,0.26086382658136315,69681.64162360138,288.15,0.8385412648334485,25.843774714744075,0.02281997138756415,4.800000000000001,6.578415375563028
31200.0,10000.0,14.8,51.5,24.700000000000003,178.0,39.7,2597.0,45.400000000000006,13.950000000000001,86.0,1129.0,40.400000000000006,82.30000000000001,4905.439842791879,28.476853566041395,18.056863187147396,7.382516332748143,0.5272003938561145,1.0497566737925526,0.39,1.0,0.2594883474199037,1.0,0.9885098200787855,0.2594883474199037,69681.64162360138,288.15,0.8385412648334485,25.843774714744075,0.022821522216211403,5.1000000000000005,6.578292937980765
31250.0,10000.0,14.8,50.0,25.8,180.0,40.2,2596.0,45.1,14.0,85.80000000000001,1129.0,40.5,82.10000000000001,4905.348559170172,28.476853566041395,18.05652717326868,7.382516332748143,0.5272003938561145,1.0497566737925526,0.39,1.0,0.2581168919078372,1.0,0.9885098200787855,0.2581168919078372,69681.64162360138,288.15,0.8385412648334485,25.843774714744075,0.02282307273540138,4.9,6.5781705248183835
31300.0,10000.0,15.8,49.0,25.400000000000002,179.0,40.0,2604.0,44.7,13.950000000000001,85.2,1125.0,40.6,82.10000000000001,4905.2572937634895,28.476853566041395,18.056191226439243,7.382516332748143,0.5272003938561145,1.0497566737925526,0.4,1.0,0.25674945323473086,1.0,0.9885098200787855,0.25674945323473086,69681.64162360138,288.15,0.8385412648334485,25.843774714744075,0.022824622945047706,4.6000000000000005,6.578048136082716
31350.0,9980.0,14.9,49.0,25.6,179.0,39.800000000000004,2596.0,44.800000000000004,13.9,86.5,1124.0,40.2,82.30000000000001,4905.166046576915,28.476853566041395,18.055855346677795,7.382516332748143,0.5272003938561145,1.0497566737925526,0.4,1.0,0.25538602460191573,1.0,0.9885098200787855,0.25538602460191573,69681.64162360138,288.15,0.8385412648334485,25.843774714744075,0.022826172845064153,5.0,6.577925771780574
31400.0,9990.0,14.9,50.0,25.3,179.0,40.400000000000006,2591.0,45.0,13.9,84.5,1125.0,39.800000000000004,82.2,4905.074817615525,28.476853566041395,18.05551953400303,7.382516332748143,0.5272003938561145,1.0497566737925526,0.35000000000000003,1.0,0.2540265992224853,1.0,0.9885098200787855,0.2540265992224853,69681.64162360138,288.15,0.8385412648334485,25.843774714744075,0.022827722435364718,5.1000000000000005,6.577803431918771
31450.0,9990.0,14.700000000000001,50.0,25.400000000000002,180.0,40.0,2588.0,44.7,13.9,86.0,1128.0,39.800000000000004,82.10000000000001,4904.98360688438,28.476853566041395,18.055183788433563,7.382516332748143,0.5272003938561145,1.0497566737925526,0.36,1.0,0.25267117032129677,1.0,0.9885098200787855,0.25267117032129677,69681.64162360138,288.15,0.8385412648334485,25.843774714744075,0.02282927171586343,4.7,6.577681116504092
31500.0,10010.0,14.9,51.0,25.5,181.0,40.1,2593.0,45.2,14.0,86.2,1128.0,40.1,82.4,4904.892414388541,28.476853566041395,18.054848109988036,7.382516332748143,0.5272003938561145,1.0497566737925526,0.43,1.0,0.2513197311349648,1.0,0.9885098200787855,0.2513197311349648,69681.64162360138,288.15,0.8385412648334485,25.843774714744075,0.022830820686474646,4.5,6.5775588255433215
31550.0,10020.0,15.0,49.5,24.700000000000003,179.0,40.1,2590.0,45.1,14.100000000000001,84.80000000000001,1126.0,39.5,82.2,4904.801240133048,28.476853566041395,18.054512498684996,7.382516332748143,0.5272003938561145,1.0497566737925526,0.46,1.0,0.24997227491186771,1.0,0.9885098200787855,0.24997227491186771,69681.64162360138,288.15,0.8385412648334485,25.843774714744075,0.022832369347112812,5.1000000000000005,6.57743655904322
31600.0,10000.0,14.8,50.0,25.1,180.0,40.1,2590.0,44.7,14.05,84.5,1129.0,39.900000000000006,81.5,4904.71008412294,28.476853566041395,18.054176954542992,7.382516332748143,0.5272003938561145,1.0497566737925526,0.38,1.0,0.24862879491213802,1.0,0.9885098200787855,0.24862879491213802,69681.64162360138,288.15,0.8385412648334485,25.843774714744075,0.022833917697692475,4.5,6.577314317010546
31650.0,10010.0,14.9,51.0,25.400000000000002,179.0,39.6,2591.0,44.6,14.15,85.2,1129.0,39.7,82.30000000000001,4904.618946363244,28.476853566041395,18.053841477580526,7.382516332748143,0.5272003938561145,1.0497566737925526,0.38,1.0,0.24728928440766001,1.0,0.9885098200787855,0.24728928440766001,69681.64162360138,288.15,0.8385412648334485,25.843774714744075,0.022835465738128405,5.2,6.577192099452038
31700.0,10000.0,14.700000000000001,51.0,24.900000000000002,180.0,39.400000000000006,2597.0,45.0,14.0,85.0,1125.0,39.6,82.60000000000001,4904.527826858977,28.476853566041395,18.05350606781607,7.382516332748143,0.5272003938561145,1.0497566737925526,0.4,1.0,0.24595373668207007,1.0,0.9885098200787855,0.24595373668207007,69681.64162360138,288.15,0.8385412648334485,25.843774714744075,0.022837013468335512,4.800000000000001,6.577069906374427
31750.0,10010.0,15.0,49.5,25.1,179.0,40.0,2588.0,44.7,13.850000000000001,85.10000000000001,1131.0,39.7,82.7,4904.436725615149,28.476853566041395,18.05317072526806,7.382516332748143,0.5272003938561145,1.0497566737925526,0.45,1.0,0.24462214503074903,1.0,0.9885098200787855,0.24462214503074903,69681.64162360138,288.15,0.8385412648334485,25.843774714744075,0.022838560888228936,5.0,6.576947737784428
31800.0,9990.0,14.8,50.0,24.700000000000003,180.0,40.2,2598.0,44.5,13.950000000000001,84.9,1128.0,40.0,83.7,4904.345642636754,28.476853566041395,18.052835449954884,7.382516332748143,0.5272003938561145,1.0497566737925526,0.37,1.0,0.2432945027608219,1.0,0.9885098200787855,0.2432945027608219,69681.64162360138,288.15,0.8385412648334485,25.843774714744075,0.02284010799772387,4.800000000000001,6.57682559368874
31850.0,10010.0,14.8,50.0,24.8,178.0,40.0,2593.0,45.400000000000006,14.0,84.4,1126.0,38.800000000000004,81.80000000000001,4904.254577928783,28.476853566041395,18.052500241894915,7.382516332748143,0.5272003938561145,1.0497566737925526,0.4,1.0,0.24197080319114678,1.0,0.9885098200787855,0.24197080319114678,69681.64162360138,288.15,0.8385412648334485,25.843774714744075,0.02284165479673575,4.800000000000001,6.576703474094057
31900.0,10010.0,14.4,50.0,24.8,181.0,40.1,2597.0,45.5,14.0,86.0,1124.0,39.1,82.7,4904.163531496216,28.476853566041395,18.05216510110648,7.382516332748143,0.5272003938561145,1.0497566737925526,0.34,1.0,0.24065103965231555,1.0,0.9885098200787855,0.24065103965231555,69681.64162360138,288.15,0.8385412648334485,25.843774714744075,0.022843201285180078,5.0,6.576581379007055
31950.0,10000.0,15.3,50.0,25.0,180.0,39.900000000000006,2591.0,45.1,14.0,84.9,1127.0,40.0,82.10000000000001,4904.072503344024,28.476853566041395,18.051830027607874,7.382516332748143,0.5272003938561145,1.0497566737925526,0.37,1.0,0.2393352054866435,1.0,0.9885098200787855,0.2393352054866435,69681.64162360138,288.15,0.8385412648334485,25.843774714744075,0.02284474746297263,4.5,6.576459308434403
32000.0,10000.0,15.200000000000001,50.5,25.0,181.0,40.1,2599.0,45.300000000000004,14.100000000000001,85.10000000000001,1124.0,39.6,82.80000000000001,4903.981493477166,28.476853566041395,18.05149502141736,7.382516332748143,0.5272003938561145,1.0497566737925526,0.43,1.0,0.23802329404816747,1.0,0.9885098200787855,0.23802329404816747,69681.64162360138,288.15,0.8385412648334485,25.843774714744075,0.02284629333002928,5.2,6.576337262382749
32050.0,10020.0,15.200000000000001,50.0,24.400000000000002,180.0,39.900000000000006,2595.0,45.0,14.05,85.10000000000001,1129.0,38.400000000000006,82.5,4903.890501900594,28.476853566041395,18.05116008255316,7.382516332748143,0.5272003938561145,1.0497566737925526,0.42,1.0,0.2367152987026356,1.0,0.9885098200787855,0.2367152987026356,69681.64162360138,288.15,0.8385412648334485,25.843774714744075,0.022847838886266056,5.4,6.576215240858736
32100.0,10010.0,15.5,50.0,25.0,180.0,40.0,2591.0,44.800000000000004,13.950000000000001,85.5,1127.0,39.1,82.10000000000001,4903.799528619248,28.476853566041395,18.050825211033462,7.382516332748143,0.5272003938561145,1.0497566737925526,0.4,1.0,0.23541121282750188,1.0,0.9885098200787855,0.23541121282750188,69681.64162360138,288.15,0.8385412648334485,25.843774714744075,0.022849384131599145,5.1000000000000005,6.576093243868985
32150.0,9990.0,14.600000000000001,50.5,24.400000000000002,180.0,40.300000000000004,2601.0,45.2,14.05,86.5,1121.0,39.0,82.80000000000001,4903.708573638065,28.476853566041395,18.050490406876435,7.382516332748143,0.5272003938561145,1.0497566737925526,0.37,1.0,0.2341110298119186,1.0,0.9885098200787855,0.2341110298119186,69681.64162360138,288.15,0.8385412648334485,25.843774714744075,0.02285092906594494,5.2,6.575971271420118
32200.0,10000.0,15.100000000000001,50.0,24.8,180.0,40.1,2591.0,45.300000000000004,14.05,85.80000000000001,1124.0,38.5,82.30000000000001,4903.617636961965,28.476853566041395,18.050155670100192,7.382516332748143,0.5272003938561145,1.0497566737925526,0.47000000000000003,1.0,0.23281474305672942,1.0,0.9885098200787855,0.23281474305672942,69681.64162360138,288.15,0.8385412648334485,25.843774714744075,0.022852473689219943,5.2,6.575849323518735
32250.0,9990.0,15.100000000000001,50.5,24.5,181.0,40.0,2594.0,45.0,14.100000000000001,84.7,1123.0,39.2,81.30000000000001,4903.526718595862,28.476853566041395,18.04982100072282,7.382516332748143,0.5272003938561145,1.0497566737925526,0.37,1.0,0.23152234597445928,1.0,0.9885098200787855,0.23152234597445928,69681.64162360138,288.15,0.8385412648334485,25.843774714744075,0.02285401800134086,5.2,6.575727400171424
32300.0,10010.0,15.3,50.5,26.0,180.0,40.1,2592.0,45.300000000000004,14.0,86.2,1126.0,39.5,82.60000000000001,4903.435818544658,28.476853566041395,18.049486398762365,7.382516332748143,0.5272003938561145,1.0497566737925526,0.38,1.0,0.23023383198930822,1.0,0.9885098200787855,0.23023383198930822,69681.64162360138,288.15,0.8385412648334485,25.843774714744075,0.02285556200222454,5.0,6.575605501384757
32350.0,10000.0,15.100000000000001,50.0,24.700000000000003,180.0,39.7,2598.0,44.6,14.0,85.5,1129.0,38.300000000000004,82.30000000000001,4903.344936813251,28.476853566041395,18.04915186423685,7.382516332748143,0.5272003938561145,1.0497566737925526,0.39,1.0,0.22894919453714066,1.0,0.9885098200787855,0.22894919453714066,69681.64162360138,288.15,0.8385412648334485,25.843774714744075,0.022857105691787945,4.9,6.575483627165306
32400.0,10020.0,14.8,49.0,25.3,180.0,39.6,2594.0,45.400000000000006,13.9,86.5,1125.0,38.900000000000006,81.7,4903.254073406524,28.476853566041395,18.048817397164264,7.382516332748143,0.5272003938561145,1.0497566737925526,0.38,1.0,0.22766842706547652,1.0,0.9885098200787855,0.22766842706547652,69681.64162360138,288.15,0.8385412648334485,25.843774714744075,0.02285864906994823,4.9,6.575361777519618
32450.0,9980.0,15.9,50.0,24.8,181.0,40.400000000000006,2599.0,44.6,14.0,84.0,1129.0,38.2,81.9,4903.163228329357,28.476853566041395,18.048482997562555,7.382516332748143,0.5272003938561145,1.0497566737925526,0.38,1.0,0.22639152303348206,1.0,0.9885098200787855,0.22639152303348206,69681.64162360138,288.15,0.8385412648334485,25.843774714744075,0.02286019213662273,5.0,6.575239952454234
32500.0,10000.0,15.5,50.5,25.3,179.0,40.300000000000004,2591.0,45.5,14.15,85.4,1129.0,37.6,82.2,4903.072401586613,28.476853566041395,18.04814866544963,7.382516332748143,0.5272003938561145,1.0497566737925526,0.41000000000000003,1.0,0.225118475911961,1.0,0.9885098200787855,0.225118475911961,69681.64162360138,288.15,0.8385412648334485,25.843774714744075,0.022861734891728953,5.1000000000000005,6.57511815197568
32550.0,9990.0,14.9,48.5,25.200000000000003,178.0,40.2,2599.0,44.900000000000006,14.05,85.0,1128.0,38.300000000000004,82.60000000000001,4902.981593183149,28.476853566041395,18.047814400843368,7.382516332748143,0.5272003938561145,1.0497566737925526,0.33,1.0,0.22384927918334363,1.0,0.9885098200787855,0.22384927918334363,69681.64162360138,288.15,0.8385412648334485,25.843774714744075,0.022863277335184493,4.4,6.574996376090468
32600.0,10000.0,14.9,50.0,24.700000000000003,182.0,40.0,2595.0,45.1,14.05,85.5,1128.0,38.800000000000004,81.4,4902.890803123817,28.476853566041395,18.04748020376163,7.382516332748143,0.5272003938561145,1.0497566737925526,0.33,1.0,0.22258392634167418,1.0,0.9885098200787855,0.22258392634167418,69681.64162360138,288.15,0.8385412648334485,25.843774714744075,0.022864819466907133,4.9,6.574874624805102
32650.0,10000.0,15.200000000000001,50.0,25.200000000000003,179.0,40.0,2589.0,45.1,13.850000000000001,85.30000000000001,1123.0,38.400000000000006,82.80000000000001,4902.800031413453,28.476853566041395,18.047146074222216,7.382516332748143,0.5272003938561145,1.0497566737925526,0.39,1.0,0.22132241089260302,1.0,0.9885098200787855,0.22132241089260302,69681.64162360138,288.15,0.8385412648334485,25.843774714744075,0.022866361286814848,4.5,6.57475289812607
32700.0,9990.0,14.600000000000001,49.0,25.0,180.0,40.1,2597.0,45.0,14.0,84.5,1126.0,38.0,81.9,4902.709278056889,28.476853566041395,18.046812012242906,7.382516332748143,0.5272003938561145,1.0497566737925526,0.38,1.0,0.2200647263533755,1.0,0.9885098200787855,0.2200647263533755,69681.64162360138,288.15,0.8385412648334485,25.843774714744075,0.022867902794825742,4.9,6.57463119605985
32750.0,10040.0,14.600000000000001,50.0,24.400000000000002,180.0,39.900000000000006,2598.0,44.900000000000006,14.0,84.80000000000001,1123.0,38.2,82.10000000000001,4902.618543058943,28.476853566041395,18.046478017841448,7.382516332748143,0.5272003938561145,1.0497566737925526,0.38,1.0,0.2188108662528186,1.0,0.9885098200787855,0.2188108662528186,69681.64162360138,288.15,0.8385412648334485,25.843774714744075,0.022869443990858128,5.0,6.574509518612905
32800.0,10000.0,14.9,49.0,25.200000000000003,179.0,40.1,2599.0,44.900000000000006,13.950000000000001,85.10000000000001,1128.0,38.2,82.0,4902.5278264244225,28.476853566041395,18.046144091035526,7.382516332748143,0.5272003938561145,1.0497566737925526,0.4,1.0,0.21756082413133176,1.0,0.9885098200787855,0.21756082413133176,69681.64162360138,288.15,0.8385412648334485,25.843774714744075,0.02287098487483037,5.0,6.574387865791679
32850.0,10000.0,14.5,50.0,24.700000000000003,180.0,40.0,2587.0,45.0,14.05,85.5,1127.0,37.6,83.0,4902.437128158134,28.476853566041395,18.045810231842843,7.382516332748143,0.5272003938561145,1.0497566737925526,0.39,1.0,0.21631459354087076,1.0,0.9885098200787855,0.21631459354087076,69681.64162360138,288.15,0.8385412648334485,25.843774714744075,0.02287252544666109,4.6000000000000005,6.574266237602623
32900.0,9990.0,15.100000000000001,50.5,24.8,181.0,39.6,2590.0,44.400000000000006,13.950000000000001,86.0,1132.0,38.300000000000004,82.0,4902.346448264869,28.476853566041395,18.045476440281025,7.382516332748143,0.5272003938561145,1.0497566737925526,0.37,1.0,0.21507216804494175,1.0,0.9885098200787855,0.21507216804494175,69681.64162360138,288.15,0.8385412648334485,25.843774714744075,0.022874065706269025,5.0,6.574144634052154
32950.0,9980.0,14.8,50.5,24.6,179.0,40.0,2595.0,44.800000000000004,14.0,85.4,1132.0,38.1,82.30000000000001,4902.255786749407,28.476853566041395,18.04514271636768,7.382516332748143,0.5272003938561145,1.0497566737925526,0.43,1.0,0.21383354121858397,1.0,0.9885098200787855,0.21383354121858397,69681.64162360138,288.15,0.8385412648334485,25.843774714744075,0.022875605653573057,4.800000000000001,6.57402305514669
33000.0,9980.0,15.100000000000001,50.5,25.1,180.0,39.7,2594.0,45.400000000000006,13.9,84.9,1126.0,37.800000000000004,82.4,4902.165143616526,28.476853566041395,18.04480906012038,7.382516332748143,0.5272003938561145,1.0497566737925526,0.39,1.0,0.21259870664835787,1.0,0.9885098200787855,0.21259870664835787,69681.64162360138,288.15,0.8385412648334485,25.843774714744075,0.022877145288492308,5.0,6.573901500892634
33050.0,9990.0,14.5,50.0,24.8,181.0,40.400000000000006,2602.0,44.7,14.05,85.60000000000001,1129.0,37.9,83.0,4902.074518870985,28.476853566041395,18.044475471556655,7.382516332748143,0.5272003938561145,1.0497566737925526,0.38,1.0,0.21136765793233572,1.0,0.9885098200787855,0.21136765793233572,69681.64162360138,288.15,0.8385412648334485,25.843774714744075,0.022878684610945905,4.9,6.573779971296369
33100.0,9980.0,15.200000000000001,50.0,25.200000000000003,180.0,40.0,2594.0,45.2,14.0,84.2,1128.0,37.7,81.60000000000001,4901.983912517545,28.476853566041395,18.044141950694023,7.382516332748143,0.5272003938561145,1.0497566737925526,0.35000000000000003,1.0,0.21014038868008256,1.0,0.9885098200787855,0.21014038868008256,69681.64162360138,288.15,0.8385412648334485,25.843774714744075,0.02288022362085328,5.0,6.573658466364278
33150.0,10000.0,14.4,50.0,25.5,180.0,40.0,2598.0,45.2,14.05,83.4,1131.0,38.1,83.5,4901.893324560948,28.476853566041395,18.043808497549943,7.382516332748143,0.5272003938561145,1.0497566737925526,0.36,1.0,0.20891689251264878,1.0,0.9885098200787855,0.20891689251264878,69681.64162360138,288.15,0.8385412648334485,25.843774714744075,0.02288176231813395,4.5,6.573536986102723
33200.0,10000.0,14.9,50.5,25.400000000000002,180.0,40.0,2596.0,44.900000000000006,14.0,85.7,1130.0,38.2,82.2,4901.8027550059305,28.476853566041395,18.04347511214185,7.382516332748143,0.5272003938561145,1.0497566737925526,0.32,1.0,0.20769716306255268,1.0,0.9885098200787855,0.20769716306255268,69681.64162360138,288.15,0.8385412648334485,25.843774714744075,0.022883300702707603,4.9,6.573415530518053
33250.0,9990.0,15.0,49.5,25.0,179.0,39.7,2599.0,44.7,14.0,85.60000000000001,1129.0,38.0,82.5,4901.712203857221,28.476853566041395,18.043141794487145,7.382516332748143,0.5272003938561145,1.0497566737925526,0.4,1.0,0.20648119397376824,1.0,0.9885098200787855,0.20648119397376824,69681.64162360138,288.15,0.8385412648334485,25.843774714744075,0.02288483877449407,5.2,6.573294099616611
33300.0,10010.0,14.5,49.5,25.3,179.0,40.300000000000004,2594.0,45.0,14.100000000000001,84.9,1127.0,38.0,81.60000000000001,4901.6216711195375,28.476853566041395,18.0428085446032,7.382516332748143,0.5272003938561145,1.0497566737925526,0.37,1.0,0.20526897890171059,1.0,0.9885098200787855,0.20526897890171059,69681.64162360138,288.15,0.8385412648334485,25.843774714744075,0.022886376533413386,5.1000000000000005,6.5731726934047225
33350.0,10000.0,15.5,49.0,24.3,181.0,40.2,2593.0,45.1,14.05,84.5,1125.0,37.7,82.7,4901.531156797588,28.476853566041395,18.042475362507343,7.382516332748143,0.5272003938561145,1.0497566737925526,0.35000000000000003,1.0,0.2040605115132229,1.0,0.9885098200787855,0.2040605115132229,69681.64162360138,288.15,0.8385412648334485,25.843774714744075,0.022887913979385683,4.9,6.573051311888701
33400.0,10000.0,15.100000000000001,50.0,24.8,181.0,39.900000000000006,2593.0,44.5,13.950000000000001,85.30000000000001,1128.0,37.800000000000004,82.60000000000001,4901.440660896073,28.476853566041395,18.042142248216877,7.382516332748143,0.5272003938561145,1.0497566737925526,0.44,1.0,0.20285578548656022,1.0,0.9885098200787855,0.20285578548656022,69681.64162360138,288.15,0.8385412648334485,25.843774714744075,0.022889451112331267,4.7,6.572929955074852
33450.0,9980.0,14.700000000000001,49.5,24.6,180.0,40.300000000000004,2600.0,45.2,14.15,84.80000000000001,1123.0,37.800000000000004,81.4,4901.350183419682,28.476853566041395,18.041809201749064,7.382516332748143,0.5272003938561145,1.0497566737925526,0.36,1.0,0.2016547945113759,1.0,0.9885098200787855,0.2016547945113759,69681.64162360138,288.15,0.8385412648334485,25.843774714744075,0.022890987932170665,5.0,6.572808622969462
33500.0,10000.0,15.0,49.5,25.0,181.0,40.0,2591.0,44.6,13.950000000000001,85.2,1128.0,37.1,81.2,4901.259724373094,28.476853566041395,18.04147622312113,7.382516332748143,0.5272003938561145,1.0497566737925526,0.39,1.0,0.20045753228870855,1.0,0.9885098200787855,0.20045753228870855,69681.64162360138,288.15,0.8385412648334485,25.843774714744075,0.02289252443882446,4.7,6.572687315578808
33550.0,10010.0,14.8,49.5,25.1,182.0,40.1,2595.0,45.1,13.9,84.30000000000001,1121.0,38.0,83.10000000000001,4901.169283760985,28.476853566041395,18.041143312350282,7.382516332748143,0.5272003938561145,1.0497566737925526,0.39,1.0,0.199263992530963,1.0,0.9885098200787855,0.199263992530963,69681.64162360138,288.15,0.8385412648334485,25.843774714744075,0.022894060632213463,4.9,6.572566032909157
33600.0,9980.0,14.9,51.0,25.1,180.0,39.6,2600.0,45.0,13.9,84.4,1124.0,37.2,82.4,4901.078861588015,28.476853566041395,18.04081046945367,7.382516332748143,0.5272003938561145,1.0497566737925526,0.37,1.0,0.19807416896189917,1.0,0.9885098200787855,0.19807416896189917,69681.64162360138,288.15,0.8385412648334485,25.843774714744075,0.02289559651225859,5.1000000000000005,6.572444774966759
33650.0,10000.0,15.3,50.0,26.200000000000003,180.0,39.800000000000004,2590.0,44.900000000000006,13.9,85.2,1122.0,37.300000000000004,81.60000000000001,4900.988457858838,28.476853566041395,18.04047769444844,7.382516332748143,0.5272003938561145,1.0497566737925526,0.37,1.0,0.19688805531661432,1.0,0.9885098200787855,0.19688805531661432,69681.64162360138,288.15,0.8385412648334485,25.843774714744075,0.022897132078880982,5.1000000000000005,6.572323541757859
33700.0,10030.0,14.700000000000001,50.0,24.700000000000003,179.0,39.900000000000006,2598.0,44.900000000000006,14.15,85.2,1124.0,37.0,81.9,4900.898072578097,28.476853566041395,18.04014498735167,7.382516332748143,0.5272003938561145,1.0497566737925526,0.41000000000000003,1.0,0.19570564534152973,1.0,0.9885098200787855,0.19570564534152973,69681.64162360138,288.15,0.8385412648334485,25.843774714744075,0.02289866733200184,4.5,6.572202333288679
33750.0,9980.0,14.8,50.5,25.5,181.0,40.1,2594.0,45.2,13.9,83.9,1128.0,36.7,82.2,4900.807705750429,28.476853566041395,18.039812348180433,7.382516332748143,0.5272003938561145,1.0497566737925526,0.38,1.0,0.1945269327943717,1.0,0.9885098200787855,0.1945269327943717,69681.64162360138,288.15,0.8385412648334485,25.843774714744075,0.022900202271542613,5.0,6.572081149565441
33800.0,10010.0,15.3,50.0,24.8,180.0,39.900000000000006,2593.0,45.800000000000004,14.0,85.30000000000001,1125.0,37.4,82.7,4900.717357380459,28.476853566041395,18.039479776951755,7.382516332748143,0.5272003938561145,1.0497566737925526,0.4,1.0,0.19335191144416006,1.0,0.9885098200787855,0.19335191144416006,69681.64162360138,288.15,0.8385412648334485,25.843774714744075,0.022901736897424828,5.0,6.571959990594345
33850.0,10010.0,15.4,50.0,25.0,181.0,39.800000000000004,2591.0,45.0,13.9,85.5,1125.0,36.800000000000004,82.2,4900.627027472806,28.476853566041395,18.039147273682634,7.382516332748143,0.5272003938561145,1.0497566737925526,0.38,1.0,0.19218057507118871,1.0,0.9885098200787855,0.19218057507118871,69681.64162360138,288.15,0.8385412648334485,25.843774714744075,0.02290327120957026,4.800000000000001,6.571838856381582
33900.0,10000.0,15.0,50.0,24.700000000000003,181.0,39.6,2593.0,44.900000000000006,14.05,84.10000000000001,1126.0,36.9,82.80000000000001,4900.536716032073,28.476853566041395,18.038814838390017,7.382516332748143,0.5272003938561145,1.0497566737925526,0.39,1.0,0.1910129174670129,1.0,0.9885098200787855,0.1910129174670129,69681.64162360138,288.15,0.8385412648334485,25.843774714744075,0.02290480520790077,4.6000000000000005,6.571717746933331
33950.0,9990.0,15.3,49.5,25.0,180.0,39.900000000000006,2605.0,44.900000000000006,14.05,84.5,1128.0,37.1,82.0,4900.44642306286,28.476853566041395,18.038482471090838,7.382516332748143,0.5272003938561145,1.0497566737925526,0.38,1.0,0.18984893243442963,1.0,0.9885098200787855,0.18984893243442963,69681.64162360138,288.15,0.8385412648334485,25.843774714744075,0.02290633889233836,4.7,6.571596662255757
34000.0,9990.0,15.3,49.5,24.0,181.0,39.800000000000004,2593.0,45.5,14.0,84.9,1124.0,36.2,82.2,4900.356148569758,28.476853566041395,18.038150171801995,7.382516332748143,0.5272003938561145,1.0497566737925526,0.39,1.0,0.18868861378746227,1.0,0.9885098200787855,0.18868861378746227,69681.64162360138,288.15,0.8385412648334485,25.843774714744075,0.022907872262805235,5.0,6.571475602355018
34050.0,9990.0,15.0,49.0,25.200000000000003,180.0,40.400000000000006,2594.0,44.7,14.0,84.80000000000001,1128.0,36.7,81.60000000000001,4900.265892557347,28.476853566041395,18.037817940540343,7.382516332748143,0.5272003938561145,1.0497566737925526,0.33,1.0,0.18753195535134629,1.0,0.9885098200787855,0.18753195535134629,69681.64162360138,288.15,0.8385412648334485,25.843774714744075,0.02290940531922377,5.0,6.571354567237254
34100.0,10020.0,15.0,50.5,25.400000000000002,180.0,39.800000000000004,2595.0,45.400000000000006,14.05,85.4,1126.0,36.6,82.2,4900.175655030196,28.476853566041395,18.037485777322704,7.382516332748143,0.5272003938561145,1.0497566737925526,0.38,1.0,0.18637895096251128,1.0,0.9885098200787855,0.18637895096251128,69681.64162360138,288.15,0.8385412648334485,25.843774714744075,0.022910938061516437,5.2,6.571233556908594
34150.0,9970.0,15.0,50.0,24.5,181.0,39.900000000000006,2593.0,45.6,14.05,85.30000000000001,1128.0,36.5,83.30000000000001,4900.085435992867,28.476853566041395,18.037153682165872,7.382516332748143,0.5272003938561145,1.0497566737925526,0.41000000000000003,1.0,0.185229594468562,1.0,0.9885098200787855,0.185229594468562,69681.64162360138,288.15,0.8385412648334485,25.843774714744075,0.02291247048960587,4.7,6.5711125713751555
34200.0,9980.0,15.200000000000001,50.0,24.400000000000002,180.0,39.900000000000006,2596.0,45.1,13.950000000000001,85.30000000000001,1126.0,36.4,82.0,4899.995235449915,28.476853566041395,18.03682165508661,7.382516332748143,0.5272003938561145,1.0497566737925526,0.42,1.0,0.1840838797282653,1.0,0.9885098200787855,0.1840838797282653,69681.64162360138,288.15,0.8385412648334485,25.843774714744075,0.022914002603414904,4.800000000000001,6.570991610643045
34250.0,10020.0,15.5,49.5,23.8,181.0,39.900000000000006,2591.0,44.800000000000004,13.950000000000001,85.7,1127.0,36.9,82.5,4899.9050534058815,28.476853566041395,18.03648969610164,7.382516332748143,0.5272003938561145,1.0497566737925526,0.37,1.0,0.18294180061153087,1.0,0.9885098200787855,0.18294180061153087,69681.64162360138,288.15,0.8385412648334485,25.843774714744075,0.022915534402866523,4.800000000000001,6.570870674718356
34300.0,10010.0,15.3,50.5,24.900000000000002,180.0,40.1,2593.0,44.7,13.950000000000001,84.80000000000001,1129.0,36.800000000000004,81.60000000000001,4899.814889865299,28.476853566041395,18.036157805227642,7.382516332748143,0.5272003938561145,1.0497566737925526,0.36,1.0,0.18180335099939554,1.0,0.9885098200787855,0.18180335099939554,69681.64162360138,288.15,0.8385412648334485,25.843774714744075,0.022917065887883815,4.800000000000001,6.5707497636071635
34350.0,10010.0,14.9,50.0,24.400000000000002,180.0,40.0,2592.0,44.900000000000006,14.100000000000001,84.30000000000001,1125.0,36.800000000000004,82.30000000000001,4899.724744832697,28.476853566041395,18.035825982481292,7.382516332748143,0.5272003938561145,1.0497566737925526,0.4,1.0,0.18066852478400433,1.0,0.9885098200787855,0.18066852478400433,69681.64162360138,288.15,0.8385412648334485,25.843774714744075,0.022918597058390083,5.0,6.570628877315544
34400.0,10000.0,14.9,50.5,25.5,181.0,39.800000000000004,2599.0,44.900000000000006,13.950000000000001,84.80000000000001,1129.0,36.4,82.10000000000001,4899.634618312588,28.476853566041395,18.035494227879198,7.382516332748143,0.5272003938561145,1.0497566737925526,0.41000000000000003,1.0,0.17953731586859467,1.0,0.9885098200787855,0.17953731586859467,69681.64162360138,288.15,0.8385412648334485,25.843774714744075,0.022920127914308707,4.9,6.570508015849547
34450.0,9990.0,14.8,50.0,25.0,179.0,40.2,2592.0,45.5,13.9,84.80000000000001,1125.0,35.800000000000004,82.0,4899.544510309483,28.476853566041395,18.035162541437963,7.382516332748143,0.5272003938561145,1.0497566737925526,0.43,1.0,0.17840971816747797,1.0,0.9885098200787855,0.17840971816747797,69681.64162360138,288.15,0.8385412648334485,25.843774714744075,0.02292165845556331,4.9,6.570387179215222
34500.0,9990.0,14.5,49.0,24.8,179.0,40.0,2585.0,45.0,14.100000000000001,85.9,1122.0,35.800000000000004,81.80000000000001,4899.454420827877,28.476853566041395,18.034830923174137,7.382516332748143,0.5272003938561145,1.0497566737925526,0.39,1.0,0.17728572560602415,1.0,0.9885098200787855,0.17728572560602415,69681.64162360138,288.15,0.8385412648334485,25.843774714744075,0.022923188682077586,4.6000000000000005,6.5702663674186
34550.0,10020.0,15.0,50.0,25.6,180.0,40.1,2591.0,44.6,13.950000000000001,86.2,1129.0,36.2,81.80000000000001,4899.36434987226,28.476853566041395,18.034499373104254,7.382516332748143,0.5272003938561145,1.0497566737925526,0.41000000000000003,1.0,0.17616533212064053,1.0,0.9885098200787855,0.17616533212064053,69681.64162360138,288.15,0.8385412648334485,25.843774714744075,0.02292471859377547,4.6000000000000005,6.570145580465699
34600.0,9980.0,14.8,51.0,25.8,180.0,39.900000000000006,2588.0,45.0,14.0,85.4,1129.0,35.9,82.5,4899.274297447112,28.476853566041395,18.03416789124479,7.382516332748143,0.5272003938561145,1.0497566737925526,0.36,1.0,0.17504853165875853,1.0,0.9885098200787855,0.17504853165875853,69681.64162360138,288.15,0.8385412648334485,25.843774714744075,0.02292624819058098,5.0,6.570024818362527
34650.0,9990.0,15.100000000000001,50.0,25.0,181.0,39.7,2590.0,44.900000000000006,13.9,84.60000000000001,1126.0,36.4,82.30000000000001,4899.184263556905,28.476853566041395,18.033836477612216,7.382516332748143,0.5272003938561145,1.0497566737925526,0.41000000000000003,1.0,0.17393531817881208,1.0,0.9885098200787855,0.17393531817881208,69681.64162360138,288.15,0.8385412648334485,25.843774714744075,0.022927777472418344,5.0,6.56990408111508
34700.0,9990.0,15.100000000000001,50.5,25.5,180.0,39.7,2587.0,44.900000000000006,13.850000000000001,86.0,1128.0,35.6,81.7,4899.094248206097,28.476853566041395,18.03350513222294,7.382516332748143,0.5272003938561145,1.0497566737925526,0.41000000000000003,1.0,0.17282568565022285,1.0,0.9885098200787855,0.17282568565022285,69681.64162360138,288.15,0.8385412648334485,25.843774714744075,0.02292930643921187,4.6000000000000005,6.569783368729341
34750.0,9990.0,14.8,50.0,25.200000000000003,181.0,40.2,2594.0,45.300000000000004,13.950000000000001,83.80000000000001,1125.0,35.5,81.9,4899.004251399146,28.476853566041395,18.03317385509337,7.382516332748143,0.5272003938561145,1.0497566737925526,0.35000000000000003,1.0,0.1717196280533789,1.0,0.9885098200787855,0.1717196280533789,69681.64162360138,288.15,0.8385412648334485,25.843774714744075,0.022930835090886115,4.800000000000001,6.569662681211283
34800.0,10010.0,15.5,49.0,24.5,179.0,40.2,2593.0,44.800000000000004,14.05,85.4,1127.0,35.4,82.4,4898.91427314049,28.476853566041395,18.032842646239843,7.382516332748143,0.5272003938561145,1.0497566737925526,0.37,1.0,0.17061713937962067,1.0,0.9885098200787855,0.17061713937962067,69681.64162360138,288.15,0.8385412648334485,25.843774714744075,0.02293236342736568,4.800000000000001,6.56954201856686
34850.0,9990.0,15.3,50.0,25.400000000000002,181.0,40.1,2592.0,45.300000000000004,14.05,86.4,1128.0,35.9,82.4,4898.824313434569,28.476853566041395,18.03251150567871,7.382516332748143,0.5272003938561145,1.0497566737925526,0.38,1.0,0.169518213631219,1.0,0.9885098200787855,0.169518213631219,69681.64162360138,288.15,0.8385412648334485,25.843774714744075,0.0229338914485754,4.800000000000001,6.5694213808020265
34900.0,10000.0,15.200000000000001,50.5,25.1,180.0,39.900000000000006,2589.0,45.5,13.950000000000001,85.4,1128.0,35.7,82.2,4898.734372285808,28.476853566041395,18.03218043342624,7.382516332748143,0.5272003938561145,1.0497566737925526,0.36,1.0,0.16842284482136038,1.0,0.9885098200787855,0.16842284482136038,69681.64162360138,288.15,0.8385412648334485,25.843774714744075,0.022935419154440237,4.7,6.569300767922714
34950.0,10020.0,15.0,50.5,25.6,180.0,40.1,2594.0,44.7,14.0,85.2,1126.0,35.4,82.10000000000001,4898.6444496986205,28.476853566041395,18.031849429498703,7.382516332748143,0.5272003938561145,1.0497566737925526,0.44,1.0,0.16733102697412647,1.0,0.9885098200787855,0.16733102697412647,69681.64162360138,288.15,0.8385412648334485,25.843774714744075,0.02293694654488536,4.4,6.569180179934845
35000.0,10010.0,14.9,49.5,24.900000000000002,181.0,40.1,2595.0,45.300000000000004,14.100000000000001,85.30000000000001,1126.0,35.7,82.5,4898.554545677413,28.476853566041395,18.031518493912305,7.382516332748143,0.5272003938561145,1.0497566737925526,0.36,1.0,0.1662427541244779,1.0,0.9885098200787855,0.1662427541244779,69681.64162360138,288.15,0.8385412648334485,25.843774714744075,0.022938473619835986,4.5,6.569059616844325
35050.0,9980.0,15.0,50.0,24.5,181.0,40.0,2600.0,45.1,13.950000000000001,85.10000000000001,1129.0,35.2,81.5,4898.464660226588,28.476853566041395,18.031187626683256,7.382516332748143,0.5272003938561145,1.0497566737925526,0.38,1.0,0.1651580203182322,1.0,0.9885098200787855,0.1651580203182322,69681.64162360138,288.15,0.8385412648334485,25.843774714744075,0.022940000379217545,4.6000000000000005,6.568939078657061
35100.0,10010.0,14.9,51.0,24.200000000000003,180.0,40.300000000000004,2591.0,45.0,14.0,84.4,1128.0,34.9,82.2,4898.374793350535,28.476853566041395,18.030856827827705,7.382516332748143,0.5272003938561145,1.0497566737925526,0.4,1.0,0.16407681961204942,1.0,0.9885098200787855,0.16407681961204942,69681.64162360138,288.15,0.8385412648334485,25.843774714744075,0.022941526822955652,4.800000000000001,6.568818565378935
35150.0,9990.0,15.3,50.5,24.6,179.0,39.800000000000004,2596.0,45.1,14.05,84.60000000000001,1125.0,35.6,81.9,4898.2849450536305,28.476853566041395,18.030526097361776,7.382516332748143,0.5272003938561145,1.0497566737925526,0.39,1.0,0.16299914607341245,1.0,0.9885098200787855,0.16299914607341245,69681.64162360138,288.15,0.8385412648334485,25.843774714744075,0.022943052950975987,4.5,6.56869807701582
35200.0,9990.0,15.3,49.5,25.3,178.0,39.900000000000006,2594.0,45.5,13.9,85.2,1130.0,35.0,82.0,4898.1951153402515,28.476853566041395,18.03019543530157,7.382516332748143,0.5272003938561145,1.0497566737925526,0.39,1.0,0.16192499378060612,1.0,0.9885098200787855,0.16192499378060612,69681.64162360138,288.15,0.8385412648334485,25.843774714744075,0.02294457876320447,4.5,6.568577613573584
35250.0,9990.0,15.4,50.5,24.900000000000002,180.0,40.1,2597.0,44.800000000000004,14.100000000000001,85.60000000000001,1129.0,34.9,81.7,4898.105304214756,28.476853566041395,18.029864841663137,7.382516332748143,0.5272003938561145,1.0497566737925526,0.37,1.0,0.1608543568227023,1.0,0.9885098200787855,0.1608543568227023,69681.64162360138,288.15,0.8385412648334485,25.843774714744075,0.02294610425956715,4.9,6.5684571750580725
35300.0,9980.0,15.200000000000001,50.5,25.200000000000003,179.0,39.800000000000004,2595.0,45.0,14.05,85.2,1130.0,34.7,82.30000000000001,4898.0155116814985,28.476853566041395,18.0295343164625,7.382516332748143,0.5272003938561145,1.0497566737925526,0.37,1.0,0.15978722929953956,1.0,0.9885098200787855,0.15978722929953956,69681.64162360138,288.15,0.8385412648334485,25.843774714744075,0.02294762943999017,4.9,6.568336761475124
35350.0,10010.0,15.3,50.5,25.200000000000003,180.0,39.900000000000006,2587.0,45.400000000000006,14.0,85.10000000000001,1129.0,34.6,81.7,4897.925737744826,28.476853566041395,18.029203859715658,7.382516332748143,0.5272003938561145,1.0497566737925526,0.43,1.0,0.1587236053217024,1.0,0.9885098200787855,0.1587236053217024,69681.64162360138,288.15,0.8385412648334485,25.843774714744075,0.022949154304399887,5.0,6.568216372830567
35400.0,9990.0,15.0,50.5,25.400000000000002,179.0,40.300000000000004,2598.0,45.0,13.9,85.4,1128.0,34.5,82.10000000000001,4897.835982409072,28.476853566041395,18.02887347143857,7.382516332748143,0.5272003938561145,1.0497566737925526,0.47000000000000003,1.0,0.15766347901050654,1.0,0.9885098200787855,0.15766347901050654,69681.64162360138,288.15,0.8385412648334485,25.843774714744075,0.0229506788527228,4.9,6.5680960091302145
35450.0,9990.0,14.700000000000001,51.0,25.3,181.0,40.0,2599.0,44.7,14.0,85.0,1130.0,35.0,81.9,4897.746245678564,28.476853566041395,18.02854315164716,7.382516332748143,0.5272003938561145,1.0497566737925526,0.38,1.0,0.15660684449797746,1.0,0.9885098200787855,0.15660684449797746,69681.64162360138,288.15,0.8385412648334485,25.843774714744075,0.022952203084885537,4.5,6.567975670379869
35500.0,9970.0,15.3,50.0,24.900000000000002,181.0,40.300000000000004,2596.0,45.6,14.05,85.0,1128.0,34.4,82.7,4897.656527557621,28.476853566041395,18.028212900357328,7.382516332748143,0.5272003938561145,1.0497566737925526,0.31,1.0,0.15555369592683224,1.0,0.9885098200787855,0.15555369592683224,69681.64162360138,288.15,0.8385412648334485,25.843774714744075,0.022953727000814897,4.800000000000001,6.567855356585322
35550.0,10000.0,14.8,50.0,25.700000000000003,181.0,39.900000000000006,2592.0,44.6,14.05,84.60000000000001,1122.0,34.800000000000004,82.4,4897.566828050552,28.476853566041395,18.027882717584934,7.382516332748143,0.5272003938561145,1.0497566737925526,0.41000000000000003,1.0,0.15450402745046002,1.0,0.9885098200787855,0.15450402745046002,69681.64162360138,288.15,0.8385412648334485,25.843774714744075,0.02295525060043783,4.9,6.567735067752352
35600.0,10000.0,15.600000000000001,50.0,25.3,180.0,40.1,2588.0,44.900000000000006,13.9,84.4,1130.0,34.5,82.5,4897.477147161655,28.476853566041395,18.0275526033458,7.382516332748143,0.5272003938561145,1.0497566737925526,0.43,1.0,0.1534578332329051,1.0,0.9885098200787855,0.1534578332329051,69681.64162360138,288.15,0.8385412648334485,25.843774714744075,0.022956773883681475,4.9,6.567614803886722
35650.0,10010.0,15.200000000000001,50.0,25.3,181.0,39.900000000000006,2590.0,44.7,14.05,85.5,1126.0,33.9,81.80000000000001,4897.387484895221,28.476853566041395,18.027222557655723,7.382516332748143,0.5272003938561145,1.0497566737925526,0.4,1.0,0.15241510744884618,1.0,0.9885098200787855,0.15241510744884618,69681.64162360138,288.15,0.8385412648334485,25.843774714744075,0.022958296850473053,4.9,6.56749456499419
35700.0,10000.0,14.9,50.5,25.1,180.0,40.0,2596.0,45.1,13.950000000000001,85.0,1129.0,35.0,82.4,4897.297841255531,28.476853566041395,18.02689258053046,7.382516332748143,0.5272003938561145,1.0497566737925526,0.35000000000000003,1.0,0.15137584428357725,1.0,0.9885098200787855,0.15137584428357725,69681.64162360138,288.15,0.8385412648334485,25.843774714744075,0.022959819500739945,4.7,6.567374351080493
35750.0,9990.0,15.100000000000001,50.0,24.6,179.0,39.6,2582.0,45.0,14.15,85.80000000000001,1124.0,34.6,81.4,4897.208216246863,28.476853566041395,18.026562671985758,7.382516332748143,0.5272003938561145,1.0497566737925526,0.34,1.0,0.15034003793298864,1.0,0.9885098200787855,0.15034003793298864,69681.64162360138,288.15,0.8385412648334485,25.843774714744075,0.02296134183440971,4.6000000000000005,6.567254162151369
35800.0,10000.0,15.0,50.0,25.3,180.0,40.0,2590.0,44.6,13.9,85.2,1126.0,33.800000000000004,82.10000000000001,4897.118609873478,28.476853566041395,18.026232832037298,7.382516332748143,0.5272003938561145,1.0497566737925526,0.34,1.0,0.14930768260354962,1.0,0.9885098200787855,0.14930768260354962,69681.64162360138,288.15,0.8385412648334485,25.843774714744075,0.022962863851410085,5.300000000000001,6.567133998212531
35850.0,9990.0,15.200000000000001,50.5,24.6,180.0,40.1,2595.0,45.1,13.9,85.10000000000001,1126.0,34.5,82.60000000000001,4897.02902213963,28.476853566041395,18.025903060700745,7.382516332748143,0.5272003938561145,1.0497566737925526,0.4,1.0,0.14827877251228808,1.0,0.9885098200787855,0.14827877251228808,69681.64162360138,288.15,0.8385412648334485,25.843774714744075,0.0229643855516689,5.0,6.567013859269687
35900.0,10010.0,15.200000000000001,50.5,25.0,180.0,40.2,2592.0,44.6,14.05,84.60000000000001,1124.0,34.5,82.9,4896.939453049568,28.476853566041395,18.025573357991735,7.382516332748143,0.5272003938561145,1.0497566737925526,0.33,1.0,0.14725330188677072,1.0,0.9885098200787855,0.14725330188677072,69681.64162360138,288.15,0.8385412648334485,25.843774714744075,0.022965906935114175,5.2,6.5668937453285325
35950.0,9970.0,14.9,51.0,24.900000000000002,180.0,40.2,2587.0,45.0,14.0,85.9,1124.0,34.1,81.7,4896.84990260753,28.476853566041395,18.025243723925872,7.382516332748143,0.5272003938561145,1.0497566737925526,0.35000000000000003,1.0,0.1462312649650852,1.0,0.9885098200787855,0.1462312649650852,69681.64162360138,288.15,0.8385412648334485,25.843774714744075,0.022967428001674093,5.2,6.56677365639475
36000.0,10000.0,14.8,49.5,24.8,180.0,39.7,2593.0,44.900000000000006,13.950000000000001,84.80000000000001,1128.0,34.0,82.10000000000001,4896.760370817739,28.476853566041395,18.0249141585187,7.382516332748143,0.5272003938561145,1.0497566737925526,0.45,1.0,0.14521265599582067,1.0,0.9885098200787855,0.14521265599582067,69681.64162360138,288.15,0.8385412648334485,25.843774714744075,0.02296894875127692,5.4,6.5666535924740055
36050.0,9990.0,14.700000000000001,49.5,25.400000000000002,180.0,40.0,2602.0,45.0,14.05,85.10000000000001,1125.0,34.5,81.7,4896.670857684421,28.476853566041395,18.02458466178577,7.382516332748143,0.5272003938561145,1.0497566737925526,0.42,1.0,0.14419746923804705,1.0,0.9885098200787855,0.14419746923804705,69681.64162360138,288.15,0.8385412648334485,25.843774714744075,0.02297046918385112,4.7,6.566533553571963
36100.0,9990.0,14.700000000000001,49.5,24.8,178.0,40.0,2592.0,45.2,14.05,84.30000000000001,1126.0,34.0,82.9,4896.581363211786,28.476853566041395,18.024255233742586,7.382516332748143,0.5272003938561145,1.0497566737925526,0.36,1.0,0.14318569896129835,1.0,0.9885098200787855,0.14318569896129835,69681.64162360138,288.15,0.8385412648334485,25.843774714744075,0.02297198929932531,4.7,6.56641353969427
36150.0,9990.0,14.600000000000001,50.0,25.1,181.0,40.2,2604.0,45.0,14.0,83.9,1129.0,34.1,82.5,4896.491887404036,28.476853566041395,18.023925874404608,7.382516332748143,0.5272003938561145,1.0497566737925526,0.35000000000000003,1.0,0.1421773394455515,1.0,0.9885098200787855,0.1421773394455515,69681.64162360138,288.15,0.8385412648334485,25.843774714744075,0.022973509097628297,5.0,6.56629355084656
36200.0,10000.0,15.100000000000001,49.5,25.5,182.0,39.800000000000004,2597.0,44.1,14.05,83.60000000000001,1126.0,33.5,82.10000000000001,4896.40243026536,28.476853566041395,18.023596583787263,7.382516332748143,0.5272003938561145,1.0497566737925526,0.41000000000000003,1.0,0.14117238498120907,1.0,0.9885098200787855,0.14117238498120907,69681.64162360138,288.15,0.8385412648334485,25.843774714744075,0.022975028578688963,4.4,6.566173587034453
36250.0,10000.0,14.9,51.0,25.200000000000003,179.0,39.900000000000006,2600.0,45.2,13.950000000000001,84.60000000000001,1126.0,33.7,81.30000000000001,4896.312991799944,28.476853566041395,18.023267361905955,7.382516332748143,0.5272003938561145,1.0497566737925526,0.36,1.0,0.14017082986907686,1.0,0.9885098200787855,0.14017082986907686,69681.64162360138,288.15,0.8385412648334485,25.843774714744075,0.02297654774243634,5.2,6.566053648263562
36300.0,10000.0,15.0,50.0,25.900000000000002,180.0,40.2,2592.0,44.900000000000006,14.0,84.2,1126.0,34.1,81.80000000000001,4896.223572011968,28.476853566041395,18.022938208776072,7.382516332748143,0.5272003938561145,1.0497566737925526,0.38,1.0,0.13917266842034687,1.0,0.9885098200787855,0.13917266842034687,69681.64162360138,288.15,0.8385412648334485,25.843774714744075,0.022978066588799674,5.1000000000000005,6.565933734539489
36350.0,9990.0,15.3,50.0,24.900000000000002,178.0,39.900000000000006,2596.0,45.5,14.05,85.4,1124.0,33.7,82.80000000000001,4896.134170905594,28.476853566041395,18.022609124412934,7.382516332748143,0.5272003938561145,1.0497566737925526,0.35000000000000003,1.0,0.13817789495657842,1.0,0.9885098200787855,0.13817789495657842,69681.64162360138,288.15,0.8385412648334485,25.843774714744075,0.022979585117708295,5.1000000000000005,6.565813845867821
36400.0,10010.0,15.100000000000001,50.0,24.6,181.0,40.1,2596.0,44.900000000000006,14.0,84.80000000000001,1128.0,34.0,81.80000000000001,4896.044788484982,28.476853566041395,18.022280108831854,7.382516332748143,0.5272003938561145,1.0497566737925526,0.34,1.0,0.13718650380967662,1.0,0.9885098200787855,0.13718650380967662,69681.64162360138,288.15,0.8385412648334485,25.843774714744075,0.02298110332909171,4.9,6.565693982254131
36450.0,9980.0,14.9,49.5,25.200000000000003,182.0,39.6,2603.0,44.900000000000006,14.05,83.80000000000001,1129.0,33.7,82.10000000000001,4895.955424754283,28.476853566041395,18.02195116204811,7.382516332748143,0.5272003938561145,1.0497566737925526,0.32,1.0,0.13619848932187545,1.0,0.9885098200787855,0.13619848932187545,69681.64162360138,288.15,0.8385412648334485,25.843774714744075,0.022982621222879602,4.9,6.565574143703989
36500.0,10010.0,14.9,50.5,25.5,179.0,40.300000000000004,2594.0,45.0,14.0,84.7,1120.0,33.5,81.5,4895.866079717634,28.476853566041395,18.02162228407694,7.382516332748143,0.5272003938561145,1.0497566737925526,0.43,1.0,0.1352138458457172,1.0,0.9885098200787855,0.1352138458457172,69681.64162360138,288.15,0.8385412648334485,25.843774714744075,0.02298413879900182,5.300000000000001,6.565454330222942
36550.0,10010.0,14.9,49.5,24.700000000000003,182.0,39.900000000000006,2585.0,45.300000000000004,14.100000000000001,85.7,1130.0,33.9,82.2,4895.776753379166,28.476853566041395,18.021293474933533,7.382516332748143,0.5272003938561145,1.0497566737925526,0.32,1.0,0.13423256774403394,1.0,0.9885098200787855,0.13423256774403394,69681.64162360138,288.15,0.8385412648334485,25.843774714744075,0.022985656057388275,4.9,6.565334541816529
36600.0,10010.0,15.0,50.0,24.6,179.0,40.400000000000006,2602.0,45.0,14.0,84.10000000000001,1129.0,34.1,81.4,4895.687445743002,28.476853566041395,18.020964734633083,7.382516332748143,0.5272003938561145,1.0497566737925526,0.4,1.0,0.13325464938992546,1.0,0.9885098200787855,0.13325464938992546,69681.64162360138,288.15,0.8385412648334485,25.843774714744075,0.022987172997969065,5.0,6.565214778490281
36650.0,10010.0,15.5,51.0,24.900000000000002,181.0,40.0,2592.0,45.1,14.05,84.80000000000001,1125.0,33.2,81.9,4895.598156813259,28.476853566041395,18.02063606319073,7.382516332748143,0.5272003938561145,1.0497566737925526,0.36,1.0,0.1322800851667428,1.0,0.9885098200787855,0.1322800851667428,69681.64162360138,288.15,0.8385412648334485,25.843774714744075,0.0229886896206745,5.0,6.565095040249717
36700.0,10010.0,15.3,49.5,24.8,181.0,40.0,2594.0,44.900000000000006,14.100000000000001,85.4,1130.0,33.300000000000004,81.7,4895.508886594038,28.476853566041395,18.020307460621577,7.382516332748143,0.5272003938561145,1.0497566737925526,0.44,1.0,0.13130886946806933,1.0,0.9885098200787855,0.13130886946806933,69681.64162360138,288.15,0.8385412648334485,25.843774714744075,0.022990205925434954,5.1000000000000005,6.564975327100337
36750.0,9990.0,15.4,49.5,25.6,181.0,39.800000000000004,2597.0,45.2,14.200000000000001,84.2,1131.0,33.300000000000004,81.5,4895.419635089438,28.476853566041395,18.019978926940713,7.382516332748143,0.5272003938561145,1.0497566737925526,0.38,1.0,0.13034099669769802,1.0,0.9885098200787855,0.13034099669769802,69681.64162360138,288.15,0.8385412648334485,25.843774714744075,0.02299172191218099,4.9,6.564855639047639
36800.0,9990.0,15.100000000000001,50.5,25.1,180.0,40.0,2594.0,45.1,14.100000000000001,84.80000000000001,1123.0,33.0,82.2,4895.330402303545,28.476853566041395,18.019650462163177,7.382516332748143,0.5272003938561145,1.0497566737925526,0.41000000000000003,1.0,0.12937646126961536,1.0,0.9885098200787855,0.12937646126961536,69681.64162360138,288.15,0.8385412648334485,25.843774714744075,0.022993237580843286,5.2,6.564735976097102
36850.0,10020.0,15.100000000000001,50.5,24.400000000000002,180.0,39.800000000000004,2594.0,45.900000000000006,14.0,84.10000000000001,1128.0,33.0,81.60000000000001,4895.241188240439,28.476853566041395,18.01932206630399,7.382516332748143,0.5272003938561145,1.0497566737925526,0.44,1.0,0.12841525760797942,1.0,0.9885098200787855,0.12841525760797942,69681.64162360138,288.15,0.8385412648334485,25.843774714744075,0.022994752931352728,5.2,6.564616338254194
36900.0,10000.0,14.9,50.0,25.6,180.0,39.400000000000006,2604.0,45.1,14.05,85.30000000000001,1128.0,33.300000000000004,81.9,4895.1519929041915,28.476853566041395,18.018993739378132,7.382516332748143,0.5272003938561145,1.0497566737925526,0.34,1.0,0.1274573801471031,1.0,0.9885098200787855,0.1274573801471031,69681.64162360138,288.15,0.8385412648334485,25.843774714744075,0.02299626796364035,5.0,6.5644967255243785
36950.0,10020.0,14.8,49.5,25.5,180.0,39.900000000000006,2593.0,45.0,13.9,84.30000000000001,1127.0,33.1,82.7,4895.062816298857,28.476853566041395,18.018665481400536,7.382516332748143,0.5272003938561145,1.0497566737925526,0.44,1.0,0.12650282333143295,1.0,0.9885098200787855,0.12650282333143295,69681.64162360138,288.15,0.8385412648334485,25.843774714744075,0.022997782677637243,5.300000000000001,6.564377137913094
37000.0,10010.0,15.0,49.5,25.0,180.0,40.2,2597.0,45.0,14.05,85.4,1129.0,32.9,81.7,4894.973658428495,28.476853566041395,18.01833729238614,7.382516332748143,0.5272003938561145,1.0497566737925526,0.36,1.0,0.1255515816155291,1.0,0.9885098200787855,0.1255515816155291,69681.64162360138,288.15,0.8385412648334485,25.843774714744075,0.022999297073274718,4.7,6.564257575425781
37050.0,10000.0,15.200000000000001,49.5,24.8,180.0,39.800000000000004,2596.0,44.900000000000006,13.950000000000001,84.7,1128.0,32.6,82.0,4894.884519297148,28.476853566041395,18.018009172349824,7.382516332748143,0.5272003938561145,1.0497566737925526,0.4,1.0,0.1246036494640478,1.0,0.9885098200787855,0.1246036494640478,69681.64162360138,288.15,0.8385412648334485,25.843774714744075,0.023000811150484267,4.7,6.564138038067862
37100.0,9980.0,14.600000000000001,50.0,24.5,180.0,40.300000000000004,2589.0,44.900000000000006,14.15,84.9,1126.0,32.800000000000004,82.30000000000001,4894.795398908847,28.476853566041395,18.01768112130643,7.382516332748143,0.5272003938561145,1.0497566737925526,0.43,1.0,0.1236590213517217,1.0,0.9885098200787855,0.1236590213517217,69681.64162360138,288.15,0.8385412648334485,25.843774714744075,0.023002324909197448,4.800000000000001,6.564018525844743
37150.0,9990.0,14.600000000000001,50.0,24.400000000000002,180.0,39.800000000000004,2599.0,44.800000000000004,14.05,83.7,1127.0,32.300000000000004,81.9,4894.706297267621,28.476853566041395,18.01735313927079,7.382516332748143,0.5272003938561145,1.0497566737925526,0.45,1.0,0.12271769176333848,1.0,0.9885098200787855,0.12271769176333848,69681.64162360138,288.15,0.8385412648334485,25.843774714744075,0.023003838349346006,5.1000000000000005,6.563899038761826
37200.0,10000.0,16.0,49.5,25.5,179.0,40.0,2589.0,45.1,14.0,84.4,1130.0,32.5,82.30000000000001,4894.617214377489,28.476853566041395,18.01702522625769,7.382516332748143,0.5272003938561145,1.0497566737925526,0.41000000000000003,1.0,0.12177965519372386,1.0,0.9885098200787855,0.12177965519372386,69681.64162360138,288.15,0.8385412648334485,25.843774714744075,0.023005351470861884,4.5,6.563779576824501
37250.0,9990.0,15.0,50.5,25.6,180.0,39.900000000000006,2591.0,45.1,14.0,84.4,1127.0,32.800000000000004,81.80000000000001,4894.528150242458,28.476853566041395,18.01669738228188,7.382516332748143,0.5272003938561145,1.0497566737925526,0.36,1.0,0.12084490614772161,1.0,0.9885098200787855,0.12084490614772161,69681.64162360138,288.15,0.8385412648334485,25.843774714744075,0.023006864273677093,5.0,6.563660140038142
37300.0,9960.0,14.8,49.5,25.5,180.0,39.900000000000006,2594.0,44.800000000000004,14.0,84.7,1126.0,32.4,81.60000000000001,4894.439104866526,28.476853566041395,18.016369607358087,7.382516332748143,0.5272003938561145,1.0497566737925526,0.35000000000000003,1.0,0.11991343914017286,1.0,0.9885098200787855,0.11991343914017286,69681.64162360138,288.15,0.8385412648334485,25.843774714744075,0.023008376757723808,4.9,6.563540728408109
37350.0,10000.0,14.600000000000001,50.5,25.3,181.0,40.1,2597.0,45.7,14.0,84.0,1123.0,33.1,83.0,4894.350078253688,28.476853566041395,18.016041901501005,7.382516332748143,0.5272003938561145,1.0497566737925526,0.35000000000000003,1.0,0.11898524869589822,1.0,0.9885098200787855,0.11898524869589822,69681.64162360138,288.15,0.8385412648334485,25.843774714744075,0.02300988892293436,4.7,6.56342134193976
37400.0,10000.0,15.4,49.5,24.200000000000003,182.0,40.1,2596.0,44.900000000000006,14.05,83.7,1125.0,32.5,81.0,4894.261070407927,28.476853566041395,18.015714264725307,7.382516332748143,0.5272003938561145,1.0497566737925526,0.37,1.0,0.1180603293496773,1.0,0.9885098200787855,0.1180603293496773,69681.64162360138,288.15,0.8385412648334485,25.843774714744075,0.02301140076924126,4.800000000000001,6.563301980638438
37450.0,10000.0,14.8,49.5,24.3,180.0,39.900000000000006,2589.0,45.0,14.0,84.30000000000001,1122.0,32.6,81.5,4894.172081333214,28.476853566041395,18.0153866970456,7.382516332748143,0.5272003938561145,1.0497566737925526,0.38,1.0,0.11713867564623102,1.0,0.9885098200787855,0.11713867564623102,69681.64162360138,288.15,0.8385412648334485,25.843774714744075,0.023012912296577148,4.7,6.563182644509467
37500.0,10000.0,15.4,50.5,25.5,180.0,40.1,2587.0,44.900000000000006,14.0,85.30000000000001,1126.0,32.4,82.2,4894.083111033513,28.476853566041395,18.01505919847648,7.382516332748143,0.5272003938561145,1.0497566737925526,0.42,1.0,0.1162202821402011,1.0,0.9885098200787855,0.1162202821402011,69681.64162360138,288.15,0.8385412648334485,25.843774714744075,0.023014423504874752,4.9,6.563063333558162
37550.0,10010.0,14.5,49.0,24.1,181.0,40.1,2598.0,44.800000000000004,13.950000000000001,84.5,1131.0,32.9,82.5,4893.994159512788,28.476853566041395,18.01473176903254,7.382516332748143,0.5272003938561145,1.0497566737925526,0.39,1.0,0.11530514339612913,1.0,0.9885098200787855,0.11530514339612913,69681.64162360138,288.15,0.8385412648334485,25.843774714744075,0.023015934394067076,5.2,6.5629440477898395
37600.0,10000.0,14.9,50.0,24.6,180.0,39.800000000000004,2598.0,45.2,14.100000000000001,83.60000000000001,1132.0,31.700000000000003,81.5,4893.905226774979,28.476853566041395,18.014404408728275,7.382516332748143,0.5272003938561145,1.0497566737925526,0.36,1.0,0.11439325398844186,1.0,0.9885098200787855,0.11439325398844186,69681.64162360138,288.15,0.8385412648334485,25.843774714744075,0.02301744496408713,5.2,6.562824787209784
37650.0,10000.0,14.9,49.5,24.400000000000002,181.0,40.2,2600.0,45.1,13.8,83.80000000000001,1128.0,32.0,81.80000000000001,4893.81631282403,28.476853566041395,18.014077117578214,7.382516332748143,0.5272003938561145,1.0497566737925526,0.35000000000000003,1.0,0.11348460850142658,1.0,0.9885098200787855,0.11348460850142658,69681.64162360138,288.15,0.8385412648334485,25.843774714744075,0.02301895521486816,5.1000000000000005,6.5627055518232815
37700.0,10010.0,15.200000000000001,49.5,25.1,179.0,40.0,2584.0,44.5,14.0,86.0,1122.0,31.6,82.2,4893.727417663871,28.476853566041395,18.013749895596813,7.382516332748143,0.5272003938561145,1.0497566737925526,0.43,1.0,0.11257920152921506,1.0,0.9885098200787855,0.11257920152921506,69681.64162360138,288.15,0.8385412648334485,25.843774714744075,0.023020465146343535,4.9,6.562586341635605
37750.0,10010.0,14.9,49.5,25.0,179.0,40.1,2588.0,45.300000000000004,14.0,84.4,1123.0,31.700000000000003,82.7,4893.638541298424,28.476853566041395,18.013422742798515,7.382516332748143,0.5272003938561145,1.0497566737925526,0.37,1.0,0.11167702767576372,1.0,0.9885098200787855,0.11167702767576372,69681.64162360138,288.15,0.8385412648334485,25.843774714744075,0.023021974758446747,5.0,6.562467156652013
37800.0,9990.0,15.0,49.5,25.0,180.0,40.1,2591.0,44.900000000000006,14.05,84.4,1126.0,32.6,81.60000000000001,4893.5496837316,28.476853566041395,18.013095659197717,7.382516332748143,0.5272003938561145,1.0497566737925526,0.41000000000000003,1.0,0.11077808155483365,1.0,0.9885098200787855,0.11077808155483365,69681.64162360138,288.15,0.8385412648334485,25.843774714744075,0.023023484051111483,4.6000000000000005,6.562347996877751
37850.0,10010.0,15.200000000000001,49.5,24.5,178.0,39.900000000000006,2596.0,44.7,14.0,83.7,1126.0,31.5,82.0,4893.460844967309,28.476853566041395,18.01276864480881,7.382516332748143,0.5272003938561145,1.0497566737925526,0.37,1.0,0.10988235778997228,1.0,0.9885098200787855,0.10988235778997228,69681.64162360138,288.15,0.8385412648334485,25.843774714744075,0.023024993024271537,4.6000000000000005,6.562228862318061
37900.0,9990.0,14.700000000000001,49.5,25.400000000000002,180.0,39.6,2592.0,45.300000000000004,13.950000000000001,85.4,1125.0,32.0,82.60000000000001,4893.372025009441,28.476853566041395,18.01244169964611,7.382516332748143,0.5272003938561145,1.0497566737925526,0.39,1.0,0.10898985101449359,1.0,0.9885098200787855,0.10898985101449359,69681.64162360138,288.15,0.8385412648334485,25.843774714744075,0.023026501677860866,4.5,6.562109752978161
37950.0,9990.0,15.4,49.5,25.400000000000002,180.0,40.0,2589.0,44.800000000000004,13.950000000000001,84.7,1127.0,31.900000000000002,81.80000000000001,4893.2832238618885,28.476853566041395,18.012114823723948,7.382516332748143,0.5272003938561145,1.0497566737925526,0.35000000000000003,1.0,0.10810055587145855,1.0,0.9885098200787855,0.10810055587145855,69681.64162360138,288.15,0.8385412648334485,25.843774714744075,0.02302801001181358,4.9,6.56199066886327
38000.0,9990.0,15.3,50.0,24.900000000000002,180.0,40.0,2588.0,44.7,14.100000000000001,84.60000000000001,1123.0,31.8,81.80000000000001,4893.194441528527,28.476853566041395,18.011788017056592,7.382516332748143,0.5272003938561145,1.0497566737925526,0.35000000000000003,1.0,0.10721446701365671,1.0,0.9885098200787855,0.10721446701365671,69681.64162360138,288.15,0.8385412648334485,25.843774714744075,0.02302951802606392,4.6000000000000005,6.561871609978586
38050.0,10010.0,14.4,49.5,25.0,181.0,40.1,2591.0,45.5,13.9,84.7,1128.0,31.3,82.4,4893.105678013228,28.476853566041395,18.01146127965829,7.382516332748143,0.5272003938561145,1.0497566737925526,0.37,1.0,0.10633157910358673,1.0,0.9885098200787855,0.10633157910358673,69681.64162360138,288.15,0.8385412648334485,25.843774714744075,0.023031025720546258,5.1000000000000005,6.561752576329298
38100.0,9980.0,15.100000000000001,50.0,25.5,180.0,40.2,2596.0,45.0,14.05,85.0,1128.0,30.8,81.60000000000001,4893.0169333198555,28.476853566041395,18.011134611543262,7.382516332748143,0.5272003938561145,1.0497566737925526,0.42,1.0,0.10545188681343638,1.0,0.9885098200787855,0.10545188681343638,69681.64162360138,288.15,0.8385412648334485,25.843774714744075,0.023032533095195196,4.6000000000000005,6.561633567920593
38150.0,10010.0,15.200000000000001,49.5,24.200000000000003,180.0,40.400000000000006,2591.0,44.800000000000004,13.950000000000001,85.2,1126.0,31.3,82.80000000000001,4892.928207452257,28.476853566041395,18.01080801272568,7.382516332748143,0.5272003938561145,1.0497566737925526,0.4,1.0,0.10457538482506559,1.0,0.9885098200787855,0.10457538482506559,69681.64162360138,288.15,0.8385412648334485,25.843774714744075,0.023034040149945374,4.7,6.561514584757625
38200.0,9990.0,15.4,50.0,24.400000000000002,179.0,39.800000000000004,2589.0,44.400000000000006,13.950000000000001,84.0,1126.0,32.1,81.9,4892.83950041428,28.476853566041395,18.0104814832197,7.382516332748143,0.5272003938561145,1.0497566737925526,0.38,1.0,0.1037020678299843,1.0,0.9885098200787855,0.1037020678299843,69681.64162360138,288.15,0.8385412648334485,25.843774714744075,0.02303554688473164,5.0,6.561395626845559
38250.0,10000.0,15.100000000000001,50.0,25.0,182.0,40.2,2590.0,45.1,13.950000000000001,84.80000000000001,1123.0,31.0,82.2,4892.750812209762,28.476853566041395,18.01015502303945,7.382516332748143,0.5272003938561145,1.0497566737925526,0.41000000000000003,1.0,0.10283193052933558,1.0,0.9885098200787855,0.10283193052933558,69681.64162360138,288.15,0.8385412648334485,25.843774714744075,0.023037053299488946,5.0,6.5612766941895355
38300.0,10010.0,15.100000000000001,50.0,24.8,181.0,40.2,2594.0,45.0,14.100000000000001,84.5,1127.0,31.5,82.0,4892.66214284253,28.476853566041395,18.009828632199007,7.382516332748143,0.5272003938561145,1.0497566737925526,0.36,1.0,0.10196496763387577,1.0,0.9885098200787855,0.10196496763387577,69681.64162360138,288.15,0.8385412648334485,25.843774714744075,0.023038559394152423,5.0,6.5611577867946895
38350.0,10000.0,15.600000000000001,50.5,24.8,181.0,40.1,2599.0,44.800000000000004,14.0,84.4,1127.0,31.0,82.30000000000001,4892.5734923164,28.476853566041395,18.009502310712435,7.382516332748143,0.5272003938561145,1.0497566737925526,0.39,1.0,0.10110117386395474,1.0,0.9885098200787855,0.10110117386395474,69681.64162360138,288.15,0.8385412648334485,25.843774714744075,0.023040065168657333,5.2,6.561038904666139
38400.0,10000.0,14.9,50.5,24.700000000000003,181.0,40.2,2599.0,45.1,13.950000000000001,84.60000000000001,1128.0,31.0,82.7,4892.484860635186,28.476853566041395,18.009176058593763,7.382516332748143,0.5272003938561145,1.0497566737925526,0.4,1.0,0.10024054394949877,1.0,0.9885098200787855,0.10024054394949877,69681.64162360138,288.15,0.8385412648334485,25.843774714744075,0.023041570622939114,4.7,6.560920047808997
38450.0,10020.0,15.0,49.5,24.700000000000003,181.0,40.400000000000006,2598.0,45.400000000000006,14.100000000000001,84.80000000000001,1128.0,31.3,82.4,4892.396247802686,28.476853566041395,18.008849875856974,7.382516332748143,0.5272003938561145,1.0497566737925526,0.36,1.0,0.09938307262999009,1.0,0.9885098200787855,0.09938307262999009,69681.64162360138,288.15,0.8385412648334485,25.843774714744075,0.0230430757569333,5.1000000000000005,6.560801216228358
38500.0,10020.0,15.0,50.0,25.200000000000003,179.0,39.7,2599.0,44.900000000000006,14.0,84.10000000000001,1130.0,31.400000000000002,81.9,4892.307653822696,28.476853566041395,18.00852376251604,7.382516332748143,0.5272003938561145,1.0497566737925526,0.35000000000000003,1.0,0.09852875465444715,1.0,0.9885098200787855,0.09852875465444715,69681.64162360138,288.15,0.8385412648334485,25.843774714744075,0.023044580570575603,4.800000000000001,6.560682409929313
38550.0,10010.0,15.100000000000001,50.0,25.1,181.0,40.0,2596.0,44.7,14.200000000000001,84.30000000000001,1127.0,31.200000000000003,81.80000000000001,4892.2190786989995,28.476853566041395,18.00819771858489,7.382516332748143,0.5272003938561145,1.0497566737925526,0.38,1.0,0.09767758478140731,1.0,0.9885098200787855,0.09767758478140731,69681.64162360138,288.15,0.8385412648334485,25.843774714744075,0.023046085063801874,4.9,6.560563628916932
38600.0,9990.0,15.100000000000001,49.0,25.700000000000003,181.0,40.1,2587.0,44.800000000000004,14.100000000000001,87.0,1130.0,31.3,82.30000000000001,4892.130522435373,28.476853566041395,18.00787174407742,7.382516332748143,0.5272003938561145,1.0497566737925526,0.36,1.0,0.09682955777890682,1.0,0.9885098200787855,0.09682955777890682,69681.64162360138,288.15,0.8385412648334485,25.843774714744075,0.023047589236548108,5.1000000000000005,6.5604448731962846
38650.0,9990.0,14.600000000000001,49.5,25.400000000000002,180.0,40.0,2594.0,44.7,13.950000000000001,84.10000000000001,1123.0,30.700000000000003,81.5,4892.041985035582,28.476853566041395,18.007545839007495,7.382516332748143,0.5272003938561145,1.0497566737925526,0.4,1.0,0.09598466842446264,1.0,0.9885098200787855,0.09598466842446264,69681.64162360138,288.15,0.8385412648334485,25.843774714744075,0.023049093088750455,5.1000000000000005,6.560326142772417
38700.0,9980.0,14.9,51.0,24.6,180.0,40.0,2599.0,45.1,13.950000000000001,84.5,1127.0,30.8,81.4,4891.953466503386,28.476853566041395,18.007220003388955,7.382516332748143,0.5272003938561145,1.0497566737925526,0.42,1.0,0.09514291150505251,1.0,0.9885098200787855,0.09514291150505251,69681.64162360138,288.15,0.8385412648334485,25.843774714744075,0.023050596620345146,5.2,6.560207437650371
38750.0,9990.0,14.9,50.0,24.5,179.0,39.900000000000006,2593.0,44.6,14.0,85.2,1129.0,30.700000000000003,81.10000000000001,4891.86496684254,28.476853566041395,18.00689423723562,7.382516332748143,0.5272003938561145,1.0497566737925526,0.4,1.0,0.09430428181709594,1.0,0.9885098200787855,0.09430428181709594,69681.64162360138,288.15,0.8385412648334485,25.843774714744075,0.023052099831268665,4.9,6.5600887578351825
38800.0,10010.0,15.600000000000001,49.5,23.900000000000002,179.0,40.1,2594.0,44.6,13.9,84.2,1124.0,30.900000000000002,81.80000000000001,4891.77648605678,28.476853566041395,18.006568540561243,7.382516332748143,0.5272003938561145,1.0497566737925526,0.36,1.0,0.09346877416643772,1.0,0.9885098200787855,0.09346877416643772,69681.64162360138,288.15,0.8385412648334485,25.843774714744075,0.02305360272145755,4.7,6.559970103331865
38850.0,10000.0,15.0,50.0,25.1,180.0,39.800000000000004,2591.0,44.900000000000006,14.15,83.60000000000001,1126.0,30.700000000000003,81.9,4891.688024149843,28.476853566041395,18.006242913379577,7.382516332748143,0.5272003938561145,1.0497566737925526,0.41000000000000003,1.0,0.0926363833683257,1.0,0.9885098200787855,0.0926363833683257,69681.64162360138,288.15,0.8385412648334485,25.843774714744075,0.023055105290848567,4.800000000000001,6.5598514741454235
38900.0,10000.0,15.3,51.0,25.6,180.0,40.0,2594.0,45.0,13.950000000000001,85.0,1127.0,30.6,81.4,4891.599581125451,28.476853566041395,18.005917355704323,7.382516332748143,0.5272003938561145,1.0497566737925526,0.38,1.0,0.09180710424739484,1.0,0.9885098200787855,0.09180710424739484,69681.64162360138,288.15,0.8385412648334485,25.843774714744075,0.023056607539378507,4.4,6.559732870280852
38950.0,9990.0,14.8,50.0,25.8,180.0,40.300000000000004,2597.0,45.300000000000004,14.15,84.0,1125.0,30.8,82.0,4891.511156987324,28.476853566041395,18.00559186754918,7.382516332748143,0.5272003938561145,1.0497566737925526,0.39,1.0,0.09098093163764553,1.0,0.9885098200787855,0.09098093163764553,69681.64162360138,288.15,0.8385412648334485,25.843774714744075,0.023058109466984403,4.800000000000001,6.5596142917431415
39000.0,9990.0,15.5,49.5,25.3,180.0,39.7,2591.0,44.800000000000004,14.05,84.2,1127.0,30.0,83.2,4891.422751739168,28.476853566041395,18.005266448927788,7.382516332748143,0.5272003938561145,1.0497566737925526,0.38,1.0,0.09015786038242818,1.0,0.9885098200787855,0.09015786038242818,69681.64162360138,288.15,0.8385412648334485,25.843774714744075,0.02305961107360343,5.0,6.55949573853726
39050.0,9990.0,14.8,51.0,24.200000000000003,180.0,39.800000000000004,2593.0,44.800000000000004,13.950000000000001,84.4,1121.0,30.3,82.0,4891.334365384682,28.476853566041395,18.004941099853756,7.382516332748143,0.5272003938561145,1.0497566737925526,0.34,1.0,0.08933788533442164,1.0,0.9885098200787855,0.08933788533442164,69681.64162360138,288.15,0.8385412648334485,25.843774714744075,0.023061112359172853,5.300000000000001,6.559377210668167
39100.0,9990.0,14.9,49.5,25.0,181.0,40.5,2597.0,45.300000000000004,14.100000000000001,84.60000000000001,1131.0,30.6,82.10000000000001,4891.245997927558,28.476853566041395,18.004615820340682,7.382516332748143,0.5272003938561145,1.0497566737925526,0.39,1.0,0.08852100135561583,1.0,0.9885098200787855,0.08852100135561583,69681.64162360138,288.15,0.8385412648334485,25.843774714744075,0.023062613323630115,4.4,6.559258708140814
39150.0,10000.0,14.5,49.0,25.1,179.0,40.0,2595.0,45.1,13.950000000000001,85.0,1127.0,30.400000000000002,81.4,4891.157649371478,28.476853566041395,18.004290610402116,7.382516332748143,0.5272003938561145,1.0497566737925526,0.38,1.0,0.08770720331729263,1.0,0.9885098200787855,0.08770720331729263,69681.64162360138,288.15,0.8385412648334485,25.843774714744075,0.02306411396691281,5.2,6.55914023096014
39200.0,10010.0,14.8,49.5,24.6,179.0,39.7,2594.0,45.2,13.950000000000001,84.4,1126.0,30.6,81.7,4891.069319720116,28.476853566041395,18.00396547005158,7.382516332748143,0.5272003938561145,1.0497566737925526,0.36,1.0,0.08689648610000775,1.0,0.9885098200787855,0.08689648610000775,69681.64162360138,288.15,0.8385412648334485,25.843774714744075,0.023065614288958616,4.7,6.55902177913107
39250.0,9990.0,15.200000000000001,50.0,25.0,181.0,40.300000000000004,2588.0,45.2,14.0,84.10000000000001,1128.0,29.6,82.7,4890.981008977142,28.476853566041395,18.003640399302586,7.382516332748143,0.5272003938561145,1.0497566737925526,0.4,1.0,0.08608884459357076,1.0,0.9885098200787855,0.08608884459357076,69681.64162360138,288.15,0.8385412648334485,25.843774714744075,0.023067114289705457,4.7,6.558903352658527
39300.0,9990.0,14.5,50.0,24.8,179.0,40.2,2599.0,45.0,14.0,84.7,1127.0,29.700000000000003,81.7,4890.8927171462055,28.476853566041395,18.003315398168567,7.382516332748143,0.5272003938561145,1.0497566737925526,0.37,1.0,0.08528427369702854,1.0,0.9885098200787855,0.08528427369702854,69681.64162360138,288.15,0.8385412648334485,25.843774714744075,0.02306861396909131,5.0,6.5587849515474055
39350.0,10000.0,15.100000000000001,49.0,25.3,180.0,40.5,2593.0,45.1,14.200000000000001,84.5,1127.0,29.700000000000003,82.80000000000001,4890.80444423096,28.476853566041395,18.002990466662975,7.382516332748143,0.5272003938561145,1.0497566737925526,0.35000000000000003,1.0,0.08448276831864455,1.0,0.9885098200787855,0.08448276831864455,69681.64162360138,288.15,0.8385412648334485,25.843774714744075,0.023070113327054317,5.0,6.558666575802602
39400.0,9990.0,15.0,49.5,25.5,180.0,39.800000000000004,2599.0,44.800000000000004,14.05,84.9,1128.0,29.200000000000003,82.4,4890.716190235045,28.476853566041395,18.0026656047992,7.382516332748143,0.5272003938561145,1.0497566737925526,0.38,1.0,0.08368432337588155,1.0,0.9885098200787855,0.08368432337588155,69681.64162360138,288.15,0.8385412648334485,25.843774714744075,0.02307161236353282,4.800000000000001,6.558548225429002
39450.0,10000.0,14.5,50.0,24.5,180.0,40.0,2599.0,44.800000000000004,14.100000000000001,85.0,1126.0,29.5,81.30000000000001,4890.627955162093,28.476853566041395,18.00234081259062,7.382516332748143,0.5272003938561145,1.0497566737925526,0.39,1.0,0.08288893379538359,1.0,0.9885098200787855,0.08288893379538359,69681.64162360138,288.15,0.8385412648334485,25.843774714744075,0.023073111078465228,4.7,6.55842990043147
39500.0,10010.0,14.8,49.5,25.1,179.0,40.0,2598.0,45.0,14.0,84.5,1123.0,30.0,82.10000000000001,4890.539739015726,28.476853566041395,18.002016090050564,7.382516332748143,0.5272003938561145,1.0497566737925526,0.41000000000000003,1.0,0.08209659451295533,1.0,0.9885098200787855,0.08209659451295533,69681.64162360138,288.15,0.8385412648334485,25.843774714744075,0.023074609471790103,5.0,6.558311600814869
39550.0,10000.0,15.3,50.0,25.1,180.0,40.1,2593.0,45.5,14.15,84.9,1131.0,29.3,81.30000000000001,4890.451541799562,28.476853566041395,18.00169143719235,7.382516332748143,0.5272003938561145,1.0497566737925526,0.37,1.0,0.08130730047354541,1.0,0.9885098200787855,0.08130730047354541,69681.64162360138,288.15,0.8385412648334485,25.843774714744075,0.023076107543446203,4.9,6.558193326584048
39600.0,10000.0,14.5,50.5,25.900000000000002,181.0,40.2,2595.0,44.7,14.0,85.60000000000001,1126.0,29.6,82.60000000000001,4890.363363517205,28.476853566041395,18.001366854029243,7.382516332748143,0.5272003938561145,1.0497566737925526,0.42,1.0,0.08052104663122793,1.0,0.9885098200787855,0.08052104663122793,69681.64162360138,288.15,0.8385412648334485,25.843774714744075,0.023077605293372376,4.7,6.558075077743842
39650.0,10000.0,14.9,50.0,25.400000000000002,179.0,40.2,2595.0,45.7,14.05,84.30000000000001,1128.0,29.6,81.10000000000001,4890.275204172254,28.476853566041395,18.001042340574497,7.382516332748143,0.5272003938561145,1.0497566737925526,0.37,1.0,0.07973782794918298,1.0,0.9885098200787855,0.07973782794918298,69681.64162360138,288.15,0.8385412648334485,25.843774714744075,0.023079102721507667,4.800000000000001,6.557956854299077
39700.0,9980.0,15.0,49.0,24.900000000000002,180.0,40.0,2593.0,45.0,13.950000000000001,84.4,1127.0,29.3,82.10000000000001,4890.1870637683,28.476853566041395,18.00071789684132,7.382516332748143,0.5272003938561145,1.0497566737925526,0.39,1.0,0.07895763939967984,1.0,0.9885098200787855,0.07895763939967984,69681.64162360138,288.15,0.8385412648334485,25.843774714744075,0.023080599827791187,4.800000000000001,6.5578386562545665
39750.0,10030.0,15.0,50.0,24.8,179.0,40.1,2591.0,44.800000000000004,13.950000000000001,83.80000000000001,1123.0,29.400000000000002,82.4,4890.098942308923,28.476853566041395,18.0003935228429,7.382516332748143,0.5272003938561145,1.0497566737925526,0.39,1.0,0.07818047596405646,1.0,0.9885098200787855,0.07818047596405646,69681.64162360138,288.15,0.8385412648334485,25.843774714744075,0.02308209661216226,5.300000000000001,6.557720483615113
39800.0,10010.0,15.200000000000001,51.0,25.0,180.0,40.0,2600.0,45.0,13.950000000000001,84.7,1125.0,29.700000000000003,82.2,4890.0108397976965,28.476853566041395,18.000069218592383,7.382516332748143,0.5272003938561145,1.0497566737925526,0.38,1.0,0.07740633263270287,1.0,0.9885098200787855,0.07740633263270287,69681.64162360138,288.15,0.8385412648334485,25.843774714744075,0.023083593074560295,5.0,6.557602336385507
39850.0,9980.0,15.100000000000001,50.0,26.1,180.0,39.900000000000006,2589.0,45.400000000000006,14.0,83.9,1128.0,29.700000000000003,82.30000000000001,4889.922756238186,28.476853566041395,17.9997449841029,7.382516332748143,0.5272003938561145,1.0497566737925526,0.38,1.0,0.07663520440504261,1.0,0.9885098200787855,0.07663520440504261,69681.64162360138,288.15,0.8385412648334485,25.843774714744075,0.023085089214924925,4.9,6.557484214570532
39900.0,10000.0,15.100000000000001,50.0,25.400000000000002,180.0,39.800000000000004,2594.0,45.2,13.9,83.30000000000001,1129.0,29.900000000000002,81.4,4889.834691633945,28.476853566041395,17.99942081938753,7.382516332748143,0.5272003938561145,1.0497566737925526,0.38,1.0,0.07586708628951411,1.0,0.9885098200787855,0.07586708628951411,69681.64162360138,288.15,0.8385412648334485,25.843774714744075,0.023086585033195814,4.800000000000001,6.557366118174953
39950.0,10000.0,15.100000000000001,49.5,24.6,180.0,40.0,2590.0,45.2,13.950000000000001,84.10000000000001,1128.0,29.3,82.4,4889.746645988527,28.476853566041395,17.999096724459353,7.382516332748143,0.5272003938561145,1.0497566737925526,0.35000000000000003,1.0,0.07510197330355184,1.0,0.9885098200787855,0.07510197330355184,69681.64162360138,288.15,0.8385412648334485,25.843774714744075,0.023088080529312854,4.5,6.557248047203536
40000.0,10000.0,15.0,49.5,24.400000000000002,180.0,39.800000000000004,2588.0,45.300000000000004,13.950000000000001,85.0,1127.0,29.400000000000002,81.9,4889.658619305468,28.476853566041395,17.99877269933138,7.382516332748143,0.5272003938561145,1.0497566737925526,0.3,1.0,0.07433986047356946,1.0,0.9885098200787855,0.07433986047356946,69681.64162360138,288.15,0.8385412648334485,25.843774714744075,0.023089575703216052,4.6000000000000005,6.55713000166102
40050.0,10000.0,15.100000000000001,49.0,25.0,179.0,40.0,2594.0,45.2,14.100000000000001,84.60000000000001,1129.0,29.1,83.4,4889.570611588299,28.476853566041395,17.998448744016613,7.382516332748143,0.5272003938561145,1.0497566737925526,0.34,1.0,0.07358074283494116,1.0,0.9885098200787855,0.07358074283494116,69681.64162360138,288.15,0.8385412648334485,25.843774714744075,0.023091070554845505,4.800000000000001,6.55701198155214
40100.0,10010.0,15.200000000000001,50.0,25.3,178.0,40.300000000000004,2593.0,45.400000000000006,13.850000000000001,84.5,1126.0,29.3,82.10000000000001,4889.482622840547,28.476853566041395,17.998124858528037,7.382516332748143,0.5272003938561145,1.0497566737925526,0.39,1.0,0.07282461543198199,1.0,0.9885098200787855,0.07282461543198199,69681.64162360138,288.15,0.8385412648334485,25.843774714744075,0.023092565084141585,4.6000000000000005,6.556893986881631
40150.0,10000.0,15.0,50.0,25.400000000000002,180.0,39.7,2595.0,45.800000000000004,14.100000000000001,82.5,1127.0,29.400000000000002,81.9,4889.394653065721,28.476853566041395,17.997801042878567,7.382516332748143,0.5272003938561145,1.0497566737925526,0.37,1.0,0.0720714733179333,1.0,0.9885098200787855,0.0720714733179333,69681.64162360138,288.15,0.8385412648334485,25.843774714744075,0.02309405929104469,4.800000000000001,6.556776017654194
40200.0,10010.0,14.700000000000001,50.5,25.0,179.0,40.2,2588.0,44.800000000000004,13.950000000000001,85.60000000000001,1125.0,28.3,81.7,4889.3067022673295,28.476853566041395,17.997477297081115,7.382516332748143,0.5272003938561145,1.0497566737925526,0.39,1.0,0.07132131155494108,1.0,0.9885098200787855,0.07132131155494108,69681.64162360138,288.15,0.8385412648334485,25.843774714744075,0.02309555317549535,5.1000000000000005,6.556658073874535
40250.0,10030.0,15.4,50.0,24.6,181.0,39.900000000000006,2592.0,44.900000000000006,13.9,84.0,1126.0,29.200000000000003,81.80000000000001,4889.218770448872,28.476853566041395,17.997153621148566,7.382516332748143,0.5272003938561145,1.0497566737925526,0.34,1.0,0.07057412521403873,1.0,0.9885098200787855,0.07057412521403873,69681.64162360138,288.15,0.8385412648334485,25.843774714744075,0.0230970467374343,4.5,6.5565401555473475
40300.0,10000.0,15.0,49.5,24.8,180.0,40.300000000000004,2591.0,45.0,14.05,83.80000000000001,1127.0,28.900000000000002,81.30000000000001,4889.13085761384,28.476853566041395,17.996830015093767,7.382516332748143,0.5272003938561145,1.0497566737925526,0.39,1.0,0.0698299093751306,1.0,0.9885098200787855,0.0698299093751306,69681.64162360138,288.15,0.8385412648334485,25.843774714744075,0.02309853997680244,4.9,6.556422262677312
40350.0,10010.0,14.700000000000001,50.0,25.6,182.0,40.300000000000004,2590.0,45.1,13.950000000000001,84.5,1125.0,28.200000000000003,81.80000000000001,4889.042963765709,28.476853566041395,17.99650647892952,7.382516332748143,0.5272003938561145,1.0497566737925526,0.4,1.0,0.06908865912697329,1.0,0.9885098200787855,0.06908865912697329,69681.64162360138,288.15,0.8385412648334485,25.843774714744075,0.023100032893540713,5.0,6.556304395269091
40400.0,10000.0,15.100000000000001,50.0,25.200000000000003,180.0,40.0,2601.0,45.0,14.0,84.30000000000001,1126.0,28.6,82.10000000000001,4888.955088907956,28.476853566041395,17.996183012668617,7.382516332748143,0.5272003938561145,1.0497566737925526,0.37,1.0,0.0683503695671561,1.0,0.9885098200787855,0.0683503695671561,69681.64162360138,288.15,0.8385412648334485,25.843774714744075,0.023101525487590265,4.9,6.556186553327349
40450.0,9990.0,15.0,50.5,24.900000000000002,178.0,40.1,2595.0,44.7,14.05,83.4,1130.0,28.700000000000003,80.80000000000001,4888.867233044046,28.476853566041395,17.99585961632381,7.382516332748143,0.5272003938561145,1.0497566737925526,0.39,1.0,0.0676150358020853,1.0,0.9885098200787855,0.0676150358020853,69681.64162360138,288.15,0.8385412648334485,25.843774714744075,0.023103017758892404,4.800000000000001,6.5560687368567265
40500.0,9990.0,14.8,50.0,24.8,179.0,40.300000000000004,2593.0,44.800000000000004,13.9,84.7,1124.0,28.700000000000003,81.7,4888.779396177435,28.476853566041395,17.99553628990783,7.382516332748143,0.5272003938561145,1.0497566737925526,0.37,1.0,0.06688265294696553,1.0,0.9885098200787855,0.06688265294696553,69681.64162360138,288.15,0.8385412648334485,25.843774714744075,0.023104509707388525,4.6000000000000005,6.5559509458618646
40550.0,9990.0,15.0,50.0,24.700000000000003,180.0,40.2,2588.0,45.0,13.950000000000001,83.60000000000001,1128.0,28.400000000000002,81.30000000000001,4888.691578311568,28.476853566041395,17.99521303343335,7.382516332748143,0.5272003938561145,1.0497566737925526,0.42,1.0,0.06615321612578123,1.0,0.9885098200787855,0.06615321612578123,69681.64162360138,288.15,0.8385412648334485,25.843774714744075,0.023106001333020158,5.1000000000000005,6.5558331803473795
40600.0,9980.0,14.600000000000001,50.5,24.900000000000002,181.0,40.1,2595.0,44.7,14.05,83.5,1130.0,28.700000000000003,81.5,4888.603779449891,28.476853566041395,17.994889846913058,7.382516332748143,0.5272003938561145,1.0497566737925526,0.41000000000000003,1.0,0.06542672047127905,1.0,0.9885098200787855,0.06542672047127905,69681.64162360138,288.15,0.8385412648334485,25.843774714744075,0.023107492635729022,5.4,6.555715440317893
40650.0,10000.0,15.200000000000001,50.0,25.0,179.0,40.0,2594.0,45.5,13.9,84.10000000000001,1130.0,28.400000000000002,81.9,4888.515999595833,28.476853566041395,17.99456673035958,7.382516332748143,0.5272003938561145,1.0497566737925526,0.36,1.0,0.06470316112495098,1.0,0.9885098200787855,0.06470316112495098,69681.64162360138,288.15,0.8385412648334485,25.843774714744075,0.023108983615456973,4.7,6.5555977257780045
40700.0,9980.0,14.8,49.5,25.0,179.0,39.900000000000006,2592.0,45.0,13.950000000000001,83.60000000000001,1127.0,28.8,82.0,4888.428238752815,28.476853566041395,17.9942436837855,7.382516332748143,0.5272003938561145,1.0497566737925526,0.36,1.0,0.06398253323701608,1.0,0.9885098200787855,0.06398253323701608,69681.64162360138,288.15,0.8385412648334485,25.843774714744075,0.02311047427214596,4.9,6.555480036732301
40750.0,9980.0,15.0,50.0,24.6,179.0,39.900000000000006,2598.0,45.300000000000004,13.950000000000001,83.9,1126.0,28.6,82.0,4888.340496924256,28.476853566041395,17.993920707203408,7.382516332748143,0.5272003938561145,1.0497566737925526,0.38,1.0,0.06326483196640209,1.0,0.9885098200787855,0.06326483196640209,69681.64162360138,288.15,0.8385412648334485,25.843774714744075,0.02311196460573816,5.0,6.555362373185366
40800.0,9990.0,15.4,50.0,24.700000000000003,180.0,40.2,2593.0,45.300000000000004,13.950000000000001,83.80000000000001,1129.0,28.0,82.4,4888.252774113559,28.476853566041395,17.99359780062583,7.382516332748143,0.5272003938561145,1.0497566737925526,0.39,1.0,0.06255005248072881,1.0,0.9885098200787855,0.06255005248072881,69681.64162360138,288.15,0.8385412648334485,25.843774714744075,0.02311345461617575,4.7,6.555244735141766
40850.0,10000.0,14.8,50.0,25.8,180.0,40.1,2594.0,45.0,14.0,83.7,1128.0,28.1,81.5,4888.165070324127,28.476853566041395,17.993274964065293,7.382516332748143,0.5272003938561145,1.0497566737925526,0.41000000000000003,1.0,0.06183818995628924,1.0,0.9885098200787855,0.06183818995628924,69681.64162360138,288.15,0.8385412648334485,25.843774714744075,0.023114944303401216,4.9,6.555127122606061
40900.0,10000.0,15.4,49.0,25.5,179.0,40.0,2592.0,44.7,14.100000000000001,85.30000000000001,1126.0,28.3,82.0,4888.077385559345,28.476853566041395,17.992952197534258,7.382516332748143,0.5272003938561145,1.0497566737925526,0.43,1.0,0.06112923957803353,1.0,0.9885098200787855,0.06112923957803353,69681.64162360138,288.15,0.8385412648334485,25.843774714744075,0.023116433667357012,4.4,6.555009535582794
40950.0,10000.0,14.8,49.0,24.900000000000002,181.0,39.900000000000006,2597.0,45.400000000000006,14.0,84.30000000000001,1123.0,27.900000000000002,82.4,4887.989719822603,28.476853566041395,17.992629501045197,7.382516332748143,0.5272003938561145,1.0497566737925526,0.38,1.0,0.060423196539549126,1.0,0.9885098200787855,0.060423196539549126,69681.64162360138,288.15,0.8385412648334485,25.843774714744075,0.023117922707985867,5.0,6.554891974076507
41000.0,10000.0,15.700000000000001,50.0,25.6,180.0,40.300000000000004,2589.0,45.1,14.0,84.30000000000001,1130.0,28.200000000000003,82.5,4887.902073117268,28.476853566041395,17.992306874610513,7.382516332748143,0.5272003938561145,1.0497566737925526,0.36,1.0,0.05972005604304594,1.0,0.9885098200787855,0.05972005604304594,69681.64162360138,288.15,0.8385412648334485,25.843774714744075,0.0231194114252306,4.7,6.554774438091719
41050.0,10000.0,15.0,50.0,24.6,181.0,39.900000000000006,2600.0,45.0,14.05,84.60000000000001,1125.0,28.1,82.9,4887.814445446708,28.476853566041395,17.991984318242604,7.382516332748143,0.5272003938561145,1.0497566737925526,0.39,1.0,0.05901981329933704,1.0,0.9885098200787855,0.05901981329933704,69681.64162360138,288.15,0.8385412648334485,25.843774714744075,0.023120899819034126,5.1000000000000005,6.554656927632945
41100.0,10010.0,15.100000000000001,50.0,25.200000000000003,181.0,39.7,2595.0,44.900000000000006,14.0,85.0,1125.0,27.400000000000002,82.30000000000001,4887.726836814283,28.476853566041395,17.991661831953827,7.382516332748143,0.5272003938561145,1.0497566737925526,0.34,1.0,0.05832246352782066,1.0,0.9885098200787855,0.05832246352782066,69681.64162360138,288.15,0.8385412648334485,25.843774714744075,0.023122387889339575,4.4,6.554539442704691
41150.0,10010.0,15.100000000000001,50.0,24.8,179.0,39.800000000000004,2593.0,44.6,14.0,83.9,1127.0,27.900000000000002,82.10000000000001,4887.63924722334,28.476853566041395,17.99133941575651,7.382516332748143,0.5272003938561145,1.0497566737925526,0.4,1.0,0.0576280019564651,1.0,0.9885098200787855,0.0576280019564651,69681.64162360138,288.15,0.8385412648334485,25.843774714744075,0.023123875636090217,4.800000000000001,6.554421983311444
41200.0,10000.0,15.100000000000001,49.0,25.3,180.0,40.1,2589.0,44.900000000000006,13.950000000000001,84.60000000000001,1123.0,27.5,82.2,4887.551676677219,28.476853566041395,17.99101706966295,7.382516332748143,0.5272003938561145,1.0497566737925526,0.36,1.0,0.056936423821789144,1.0,0.9885098200787855,0.056936423821789144,69681.64162360138,288.15,0.8385412648334485,25.843774714744075,0.02312536305922937,4.7,6.554304549457684
41250.0,10010.0,15.3,50.5,25.3,180.0,40.0,2592.0,45.1,13.950000000000001,83.9,1128.0,28.200000000000003,82.10000000000001,4887.4641251792555,28.476853566041395,17.990694793685417,7.382516332748143,0.5272003938561145,1.0497566737925526,0.43,1.0,0.056247724368845044,1.0,0.9885098200787855,0.056247724368845044,69681.64162360138,288.15,0.8385412648334485,25.843774714744075,0.02312685015870057,4.7,6.554187141147886
41300.0,9980.0,15.200000000000001,49.5,24.900000000000002,179.0,39.800000000000004,2588.0,44.900000000000006,14.0,84.2,1130.0,27.900000000000002,81.10000000000001,4887.376592732773,28.476853566041395,17.990372587836152,7.382516332748143,0.5272003938561145,1.0497566737925526,0.4,1.0,0.05556189885120179,1.0,0.9885098200787855,0.05556189885120179,69681.64162360138,288.15,0.8385412648334485,25.843774714744075,0.0231283369344475,4.9,6.554069758386503
41350.0,10000.0,15.0,50.0,24.700000000000003,180.0,40.2,2591.0,44.7,14.0,83.5,1123.0,27.5,82.60000000000001,4887.289079341087,28.476853566041395,17.990050452127353,7.382516332748143,0.5272003938561145,1.0497566737925526,0.38,1.0,0.05487894253092795,1.0,0.9885098200787855,0.05487894253092795,69681.64162360138,288.15,0.8385412648334485,25.843774714744075,0.023129823386413884,4.9,6.553952401177985
41400.0,9970.0,15.100000000000001,50.0,24.700000000000003,180.0,40.0,2590.0,45.1,14.100000000000001,84.0,1125.0,27.5,82.30000000000001,4887.2015850075095,28.476853566041395,17.98972838657122,7.382516332748143,0.5272003938561145,1.0497566737925526,0.34,1.0,0.05419885067857255,1.0,0.9885098200787855,0.05419885067857255,69681.64162360138,288.15,0.8385412648334485,25.843774714744075,0.0231313095145437,5.0,6.55383506952677
41450.0,9990.0,15.100000000000001,49.5,24.8,181.0,39.7,2596.0,45.5,14.05,83.4,1124.0,27.3,82.0,4887.114109735339,28.476853566041395,17.989406391179887,7.382516332748143,0.5272003938561145,1.0497566737925526,0.39,1.0,0.053521618573150825,1.0,0.9885098200787855,0.053521618573150825,69681.64162360138,288.15,0.8385412648334485,25.843774714744075,0.023132795318781024,4.6000000000000005,6.553717763437286
41500.0,9990.0,14.8,50.0,25.8,179.0,39.800000000000004,2590.0,45.2,14.0,83.60000000000001,1126.0,27.200000000000003,82.10000000000001,4887.026653527865,28.476853566041395,17.989084465965462,7.382516332748143,0.5272003938561145,1.0497566737925526,0.46,1.0,0.052847241502124546,1.0,0.9885098200787855,0.052847241502124546,69681.64162360138,288.15,0.8385412648334485,25.843774714744075,0.02313428079907001,5.0,6.5536004829139385
41550.0,10000.0,14.8,49.5,25.3,181.0,39.900000000000006,2599.0,45.0,14.05,84.30000000000001,1126.0,27.1,81.80000000000001,4886.939216388377,28.476853566041395,17.98876261094006,7.382516332748143,0.5272003938561145,1.0497566737925526,0.41000000000000003,1.0,0.0521757147613848,1.0,0.9885098200787855,0.0521757147613848,69681.64162360138,288.15,0.8385412648334485,25.843774714744075,0.023135765955355082,4.800000000000001,6.5534832279611415
41600.0,10010.0,14.700000000000001,50.5,25.1,179.0,40.0,2598.0,44.6,13.950000000000001,84.10000000000001,1132.0,27.1,82.2,4886.8517983201455,28.476853566041395,17.988440826115717,7.382516332748143,0.5272003938561145,1.0497566737925526,0.39,1.0,0.05150703365523791,1.0,0.9885098200787855,0.05150703365523791,69681.64162360138,288.15,0.8385412648334485,25.843774714744075,0.023137250787580707,4.7,6.553365998583281
41650.0,10000.0,14.9,50.0,24.3,180.0,40.2,2594.0,45.300000000000004,14.05,84.10000000000001,1125.0,27.1,81.2,4886.764399326438,28.476853566041395,17.98811911150446,7.382516332748143,0.5272003938561145,1.0497566737925526,0.37,1.0,0.05084119349638411,1.0,0.9885098200787855,0.05084119349638411,69681.64162360138,288.15,0.8385412648334485,25.843774714744075,0.02313873529569144,4.9,6.55324879478474
41700.0,10020.0,15.200000000000001,49.5,24.400000000000002,180.0,40.2,2593.0,45.2,14.0,84.60000000000001,1123.0,27.8,81.30000000000001,4886.67701941052,28.476853566041395,17.98779746711831,7.382516332748143,0.5272003938561145,1.0497566737925526,0.4,1.0,0.0501781896059025,1.0,0.9885098200787855,0.0501781896059025,69681.64162360138,288.15,0.8385412648334485,25.843774714744075,0.02314021947963211,4.800000000000001,6.553131616569896
41750.0,10000.0,14.9,50.0,25.200000000000003,181.0,40.300000000000004,2596.0,45.5,14.0,84.80000000000001,1128.0,27.0,82.0,4886.589658575638,28.476853566041395,17.987475892969215,7.382516332748143,0.5272003938561145,1.0497566737925526,0.4,1.0,0.049518017313235,1.0,0.9885098200787855,0.049518017313235,69681.64162360138,288.15,0.8385412648334485,25.843774714744075,0.0231417033393476,4.9,6.553014463943103
41800.0,10000.0,15.3,50.0,23.8,181.0,39.900000000000006,2591.0,44.7,14.0,83.80000000000001,1125.0,26.900000000000002,82.2,4886.502316825036,28.476853566041395,17.98715438906912,7.382516332748143,0.5272003938561145,1.0497566737925526,0.44,1.0,0.04886067195616779,1.0,0.9885098200787855,0.04886067195616779,69681.64162360138,288.15,0.8385412648334485,25.843774714744075,0.02314318687478294,5.1000000000000005,6.552897336908711
41850.0,10010.0,14.9,50.0,25.200000000000003,179.0,39.900000000000006,2598.0,45.300000000000004,14.0,83.4,1126.0,26.5,81.9,4886.414994161951,28.476853566041395,17.986832955429932,7.382516332748143,0.5272003938561145,1.0497566737925526,0.39,1.0,0.048206148880814495,1.0,0.9885098200787855,0.048206148880814495,69681.64162360138,288.15,0.8385412648334485,25.843774714744075,0.023144670085883293,4.800000000000001,6.552780235471059
41900.0,10000.0,15.100000000000001,50.0,24.5,180.0,40.1,2601.0,44.900000000000006,14.05,84.7,1126.0,27.400000000000002,82.5,4886.327690589609,28.476853566041395,17.98651159206354,7.382516332748143,0.5272003938561145,1.0497566737925526,0.42,1.0,0.04755444344159957,1.0,0.9885098200787855,0.04755444344159957,69681.64162360138,288.15,0.8385412648334485,25.843774714744075,0.023146152972593988,5.0,6.552663159634478
41950.0,10030.0,14.8,51.0,25.3,181.0,39.900000000000006,2598.0,45.400000000000006,13.950000000000001,84.0,1122.0,26.900000000000002,81.5,4886.240406111228,28.476853566041395,17.98619029898178,7.382516332748143,0.5272003938561145,1.0497566737925526,0.37,1.0,0.046905551001241955,1.0,0.9885098200787855,0.046905551001241955,69681.64162360138,288.15,0.8385412648334485,25.843774714744075,0.023147635534860465,5.6000000000000005,6.55254610940328
42000.0,10020.0,14.600000000000001,50.5,25.3,180.0,40.0,2595.0,44.6,13.950000000000001,84.2,1127.0,26.6,81.5,4886.153140730022,28.476853566041395,17.98586907619648,7.382516332748143,0.5272003938561145,1.0497566737925526,0.38,1.0,0.04625946693073679,1.0,0.9885098200787855,0.04625946693073679,69681.64162360138,288.15,0.8385412648334485,25.843774714744075,0.023149117772628337,5.1000000000000005,6.552429084781774
42050.0,10000.0,15.5,49.5,25.1,180.0,40.1,2591.0,45.6,13.9,85.10000000000001,1127.0,27.0,82.60000000000001,4886.06589444919,28.476853566041395,17.98554792371942,7.382516332748143,0.5272003938561145,1.0497566737925526,0.41000000000000003,1.0,0.045616186609340116,1.0,0.9885098200787855,0.045616186609340116,69681.64162360138,288.15,0.8385412648334485,25.843774714744075,0.023150599685843314,4.7,6.552312085774253
42100.0,10010.0,15.600000000000001,49.5,25.8,180.0,39.900000000000006,2591.0,44.900000000000006,13.850000000000001,83.9,1126.0,26.400000000000002,82.30000000000001,4885.978667271927,28.476853566041395,17.985226841562366,7.382516332748143,0.5272003938561145,1.0497566737925526,0.37,1.0,0.04497570542455083,1.0,0.9885098200787855,0.04497570542455083,69681.64162360138,288.15,0.8385412648334485,25.843774714744075,0.02315208127445124,4.7,6.552195112385
42150.0,10000.0,15.100000000000001,50.0,24.700000000000003,180.0,40.0,2590.0,44.900000000000006,14.05,84.4,1126.0,26.900000000000002,81.4,4885.891459201423,28.476853566041395,17.98490582973705,7.382516332748143,0.5272003938561145,1.0497566737925526,0.35000000000000003,1.0,0.044338018772094374,1.0,0.9885098200787855,0.044338018772094374,69681.64162360138,288.15,0.8385412648334485,25.843774714744075,0.02315356253839813,4.800000000000001,6.552078164618292
42200.0,10020.0,15.100000000000001,50.0,25.6,180.0,40.400000000000006,2592.0,44.7,14.0,84.0,1125.0,27.5,82.0,4885.804270240852,28.476853566041395,17.98458488825516,7.382516332748143,0.5272003938561145,1.0497566737925526,0.4,1.0,0.04370312205590611,1.0,0.9885098200787855,0.04370312205590611,69681.64162360138,288.15,0.8385412648334485,25.843774714744075,0.02315504347763011,4.800000000000001,6.551961242478388
42250.0,9990.0,15.3,49.0,24.5,180.0,40.300000000000004,2593.0,45.1,14.0,84.9,1123.0,26.8,81.80000000000001,4885.717100393389,28.476853566041395,17.984264017128385,7.382516332748143,0.5272003938561145,1.0497566737925526,0.41000000000000003,1.0,0.04307101068811493,1.0,0.9885098200787855,0.04307101068811493,69681.64162360138,288.15,0.8385412648334485,25.843774714744075,0.023156524092093456,4.7,6.551844345969544
42300.0,10000.0,15.0,49.5,24.5,180.0,40.0,2591.0,44.900000000000006,13.850000000000001,83.9,1129.0,26.8,81.80000000000001,4885.629949662196,28.476853566041395,17.983943216368363,7.382516332748143,0.5272003938561145,1.0497566737925526,0.39,1.0,0.042441680089025706,1.0,0.9885098200787855,0.042441680089025706,69681.64162360138,288.15,0.8385412648334485,25.843774714744075,0.02315800438173461,4.7,6.551727475095999
42350.0,10020.0,15.600000000000001,50.0,26.0,179.0,39.7,2591.0,44.900000000000006,14.15,83.9,1125.0,26.1,82.4,4885.542818050422,28.476853566041395,17.983622485986686,7.382516332748143,0.5272003938561145,1.0497566737925526,0.41000000000000003,1.0,0.041815125687103535,1.0,0.9885098200787855,0.041815125687103535,69681.64162360138,288.15,0.8385412648334485,25.843774714744075,0.02315948434650007,4.800000000000001,6.551610629861978
42400.0,9980.0,14.700000000000001,51.0,25.3,180.0,40.400000000000006,2602.0,45.0,14.0,83.7,1126.0,25.900000000000002,81.10000000000001,4885.455705561219,28.476853566041395,17.983301825994953,7.382516332748143,0.5272003938561145,1.0497566737925526,0.33,1.0,0.041191342918955945,1.0,0.9885098200787855,0.041191342918955945,69681.64162360138,288.15,0.8385412648334485,25.843774714744075,0.023160963986336516,5.2,6.5514938102717055
42450.0,9980.0,15.600000000000001,49.5,25.700000000000003,180.0,39.7,2599.0,45.400000000000006,13.950000000000001,83.9,1125.0,26.3,81.9,4885.368612197725,28.476853566041395,17.982981236404722,7.382516332748143,0.5272003938561145,1.0497566737925526,0.37,1.0,0.040570327229317776,1.0,0.9885098200787855,0.040570327229317776,69681.64162360138,288.15,0.8385412648334485,25.843774714744075,0.023162443301190824,4.4,6.551377016329393
42500.0,9990.0,15.200000000000001,50.0,24.900000000000002,179.0,39.900000000000006,2600.0,44.7,14.05,84.10000000000001,1128.0,26.0,81.7,4885.281537963067,28.476853566041395,17.982660717227496,7.382516332748143,0.5272003938561145,1.0497566737925526,0.38,1.0,0.03995207407103403,1.0,0.9885098200787855,0.03995207407103403,69681.64162360138,288.15,0.8385412648334485,25.843774714744075,0.02316392229100991,4.800000000000001,6.551260248039234
42550.0,10000.0,15.200000000000001,51.0,25.1,178.0,40.2,2593.0,45.6,14.100000000000001,83.80000000000001,1129.0,26.0,81.9,4885.19448286037,28.476853566041395,17.98234026847478,7.382516332748143,0.5272003938561145,1.0497566737925526,0.4,1.0,0.0393365789050434,1.0,0.9885098200787855,0.0393365789050434,69681.64162360138,288.15,0.8385412648334485,25.843774714744075,0.02316540095574086,5.2,6.551143505405413
42600.0,10010.0,15.0,51.0,24.900000000000002,179.0,39.7,2600.0,45.0,14.0,83.7,1126.0,25.900000000000002,82.10000000000001,4885.107446892747,28.476853566041395,17.982019890158032,7.382516332748143,0.5272003938561145,1.0497566737925526,0.38,1.0,0.03872383720036086,1.0,0.9885098200787855,0.03872383720036086,69681.64162360138,288.15,0.8385412648334485,25.843774714744075,0.023166879295330914,5.0,6.551026788432113
42650.0,10000.0,14.9,49.5,24.400000000000002,182.0,40.300000000000004,2600.0,44.800000000000004,14.0,83.60000000000001,1124.0,25.900000000000002,82.5,4885.020430063305,28.476853566041395,17.981699582288694,7.382516332748143,0.5272003938561145,1.0497566737925526,0.41000000000000003,1.0,0.03811384443406313,1.0,0.9885098200787855,0.03811384443406313,69681.64162360138,288.15,0.8385412648334485,25.843774714744075,0.023168357309727418,4.6000000000000005,6.550910097123493
42700.0,10000.0,15.200000000000001,49.5,25.0,180.0,40.1,2595.0,44.800000000000004,13.950000000000001,83.4,1123.0,26.0,82.30000000000001,4884.933432375143,28.476853566041395,17.981379344878167,7.382516332748143,0.5272003938561145,1.0497566737925526,0.34,1.0,0.03750659609127048,1.0,0.9885098200787855,0.03750659609127048,69681.64162360138,288.15,0.8385412648334485,25.843774714744075,0.023169834998877908,5.0,6.550793431483715
42750.0,10010.0,14.5,50.0,25.700000000000003,180.0,39.6,2597.0,44.800000000000004,14.05,83.60000000000001,1127.0,25.8,81.9,4884.846453831347,28.476853566041395,17.98105917793782,7.382516332748143,0.5272003938561145,1.0497566737925526,0.36,1.0,0.03690208766513214,1.0,0.9885098200787855,0.03690208766513214,69681.64162360138,288.15,0.8385412648334485,25.843774714744075,0.023171312362729964,4.800000000000001,6.5506767915169135
42800.0,9990.0,15.200000000000001,50.0,24.400000000000002,181.0,40.0,2595.0,45.2,14.05,84.7,1126.0,26.3,81.9,4884.759494435006,28.476853566041395,17.980739081479012,7.382516332748143,0.5272003938561145,1.0497566737925526,0.4,1.0,0.03630031465680759,1.0,0.9885098200787855,0.03630031465680759,69681.64162360138,288.15,0.8385412648334485,25.843774714744075,0.02317278940123143,5.0,6.550560177227232
42850.0,10010.0,15.200000000000001,50.0,24.700000000000003,180.0,39.800000000000004,2590.0,44.400000000000006,13.9,85.2,1125.0,26.5,82.10000000000001,4884.672554189188,28.476853566041395,17.980419055513043,7.382516332748143,0.5272003938561145,1.0497566737925526,0.38,1.0,0.035701272575453274,1.0,0.9885098200787855,0.035701272575453274,69681.64162360138,288.15,0.8385412648334485,25.843774714744075,0.02317426611433016,4.5,6.550443588618785
42900.0,10000.0,15.600000000000001,51.0,25.1,179.0,39.800000000000004,2591.0,45.400000000000006,14.100000000000001,84.10000000000001,1126.0,26.3,81.4,4884.585633096964,28.476853566041395,17.980099100051216,7.382516332748143,0.5272003938561145,1.0497566737925526,0.38,1.0,0.03510495693820324,1.0,0.9885098200787855,0.03510495693820324,69681.64162360138,288.15,0.8385412648334485,25.843774714744075,0.02317574250197422,5.0,6.550327025695691
42950.0,9990.0,14.8,49.5,25.6,182.0,40.0,2593.0,44.800000000000004,14.0,83.7,1127.0,25.900000000000002,81.60000000000001,4884.498731161388,28.476853566041395,17.97977921510477,7.382516332748143,0.5272003938561145,1.0497566737925526,0.38,1.0,0.03451136327015544,1.0,0.9885098200787855,0.03451136327015544,69681.64162360138,288.15,0.8385412648334485,25.843774714744075,0.02317721856411175,4.800000000000001,6.550210488462045
43000.0,10000.0,14.9,50.5,24.3,181.0,40.0,2597.0,45.2,13.950000000000001,83.5,1124.0,25.6,82.2,4884.4118483855145,28.476853566041395,17.979459400684956,7.382516332748143,0.5272003938561145,1.0497566737925526,0.36,1.0,0.033920487104353914,1.0,0.9885098200787855,0.033920487104353914,69681.64162360138,288.15,0.8385412648334485,25.843774714744075,0.023178694300691086,5.0,6.550093976921944
43050.0,9970.0,14.9,50.5,24.900000000000002,179.0,39.900000000000006,2582.0,44.7,14.100000000000001,83.7,1126.0,24.8,81.0,4884.324984772384,28.476853566041395,17.979139656802957,7.382516332748143,0.5272003938561145,1.0497566737925526,0.42,1.0,0.0333323239817733,1.0,0.9885098200787855,0.0333323239817733,69681.64162360138,288.15,0.8385412648334485,25.843774714744075,0.023180169711660713,5.0,6.549977491079463
43100.0,9980.0,14.8,50.0,24.5,178.0,40.0,2597.0,45.2,14.05,83.10000000000001,1127.0,25.5,81.80000000000001,4884.238140325029,28.476853566041395,17.978819983469943,7.382516332748143,0.5272003938561145,1.0497566737925526,0.37,1.0,0.03274686945130356,1.0,0.9885098200787855,0.03274686945130356,69681.64162360138,288.15,0.8385412648334485,25.843774714744075,0.02318164479696914,4.7,6.549861030938672
43150.0,9960.0,15.4,50.0,24.400000000000002,180.0,39.900000000000006,2593.0,44.800000000000004,14.05,83.5,1124.0,25.900000000000002,81.80000000000001,4884.15131504648,28.476853566041395,17.978500380697064,7.382516332748143,0.5272003938561145,1.0497566737925526,0.38,1.0,0.03216411906973128,1.0,0.9885098200787855,0.03216411906973128,69681.64162360138,288.15,0.8385412648334485,25.843774714744075,0.023183119556565143,5.1000000000000005,6.549744596503631
43200.0,9990.0,14.9,50.0,24.400000000000002,180.0,39.800000000000004,2598.0,45.2,14.05,83.0,1127.0,25.0,81.80000000000001,4884.064508939753,28.476853566041395,17.978180848495423,7.382516332748143,0.5272003938561145,1.0497566737925526,0.31,1.0,0.03158406840172668,1.0,0.9885098200787855,0.03158406840172668,69681.64162360138,288.15,0.8385412648334485,25.843774714744075,0.023184593990397562,4.5,6.549628187778388
43250.0,10010.0,15.100000000000001,50.0,24.6,179.0,40.0,2593.0,45.5,14.0,84.0,1123.0,25.3,81.9,4883.977722007858,28.476853566041395,17.977861386876103,7.382516332748143,0.5272003938561145,1.0497566737925526,0.37,1.0,0.031006713019826188,1.0,0.9885098200787855,0.031006713019826188,69681.64162360138,288.15,0.8385412648334485,25.843774714744075,0.023186068098415384,4.800000000000001,6.549511804766978
43300.0,10000.0,15.5,50.0,25.5,180.0,40.2,2592.0,44.900000000000006,14.0,84.30000000000001,1129.0,25.400000000000002,82.30000000000001,4883.890954253799,28.476853566041395,17.977541995850157,7.382516332748143,0.5272003938561145,1.0497566737925526,0.36,1.0,0.03043204850441591,1.0,0.9885098200787855,0.03043204850441591,69681.64162360138,288.15,0.8385412648334485,25.843774714744075,0.02318754188056774,5.1000000000000005,6.5493954474734295
43350.0,10010.0,15.200000000000001,50.0,25.3,179.0,40.0,2595.0,44.6,14.05,83.2,1126.0,25.3,81.5,4883.804205680568,28.476853566041395,17.977222675428603,7.382516332748143,0.5272003938561145,1.0497566737925526,0.38,1.0,0.029860070443716552,1.0,0.9885098200787855,0.029860070443716552,69681.64162360138,288.15,0.8385412648334485,25.843774714744075,0.02318901533680386,4.9,6.549279115901756
43400.0,9990.0,15.200000000000001,49.5,25.900000000000002,180.0,39.800000000000004,2590.0,45.300000000000004,13.950000000000001,83.2,1129.0,25.1,82.2,4883.717476291156,28.476853566041395,17.97690342562245,7.382516332748143,0.5272003938561145,1.0497566737925526,0.41000000000000003,1.0,0.029290774433767087,1.0,0.9885098200787855,0.029290774433767087,69681.64162360138,288.15,0.8385412648334485,25.843774714744075,0.02319048846707314,5.0,6.549162810055967
43450.0,10030.0,14.5,49.5,24.900000000000002,182.0,40.400000000000006,2599.0,44.800000000000004,13.950000000000001,83.5,1125.0,25.700000000000003,81.7,4883.63076608854,28.476853566041395,17.976584246442652,7.382516332748143,0.5272003938561145,1.0497566737925526,0.38,1.0,0.028724156078409464,1.0,0.9885098200787855,0.028724156078409464,69681.64162360138,288.15,0.8385412648334485,25.843774714744075,0.023191961271325133,5.1000000000000005,6.549046529940055
43500.0,9980.0,15.0,49.5,24.900000000000002,180.0,39.900000000000006,2595.0,45.1,14.0,84.2,1125.0,25.3,81.7,4883.544075075692,28.476853566041395,17.97626513790015,7.382516332748143,0.5272003938561145,1.0497566737925526,0.37,1.0,0.02816021098927214,1.0,0.9885098200787855,0.02816021098927214,69681.64162360138,288.15,0.8385412648334485,25.843774714744075,0.02319343374950948,4.7,6.548930275558005
43550.0,10000.0,15.600000000000001,50.0,24.5,181.0,39.900000000000006,2595.0,44.800000000000004,14.100000000000001,83.60000000000001,1130.0,24.700000000000003,81.7,4883.457403255572,28.476853566041395,17.975946100005846,7.382516332748143,0.5272003938561145,1.0497566737925526,0.42,1.0,0.027598934785754342,1.0,0.9885098200787855,0.027598934785754342,69681.64162360138,288.15,0.8385412648334485,25.843774714744075,0.023194905901575948,4.9,6.548814046913788
43600.0,10030.0,14.9,50.0,25.8,179.0,39.7,2591.0,45.2,13.9,84.30000000000001,1128.0,25.700000000000003,82.30000000000001,4883.370750631138,28.476853566041395,17.975627132770626,7.382516332748143,0.5272003938561145,1.0497566737925526,0.39,1.0,0.02704032309500998,1.0,0.9885098200787855,0.02704032309500998,69681.64162360138,288.15,0.8385412648334485,25.843774714744075,0.023196377727474512,5.2,6.54869784401137
43650.0,10010.0,14.9,49.5,24.8,180.0,40.0,2586.0,44.900000000000006,14.0,84.30000000000001,1131.0,25.0,81.4,4883.284117205338,28.476853566041395,17.975308236205333,7.382516332748143,0.5272003938561145,1.0497566737925526,0.33,1.0,0.026484371551933488,1.0,0.9885098200787855,0.026484371551933488,69681.64162360138,288.15,0.8385412648334485,25.843774714744075,0.0231978492271552,5.1000000000000005,6.5485816668547026
43700.0,9990.0,15.3,50.5,24.400000000000002,180.0,40.300000000000004,2598.0,44.400000000000006,13.950000000000001,83.2,1128.0,25.0,80.5,4883.197502981109,28.476853566041395,17.974989410320788,7.382516332748143,0.5272003938561145,1.0497566737925526,0.37,1.0,0.02593107579914203,1.0,0.9885098200787855,0.02593107579914203,69681.64162360138,288.15,0.8385412648334485,25.843774714744075,0.023199320400568223,5.1000000000000005,6.548465515447727
43750.0,10000.0,15.100000000000001,50.0,24.6,180.0,40.0,2597.0,45.2,14.0,84.60000000000001,1126.0,24.3,82.10000000000001,4883.110907961383,28.476853566041395,17.97467065512778,7.382516332748143,0.5272003938561145,1.0497566737925526,0.38,1.0,0.025380431486961275,1.0,0.9885098200787855,0.025380431486961275,69681.64162360138,288.15,0.8385412648334485,25.843774714744075,0.023200791247663916,5.0,6.548349389794375
43800.0,9980.0,15.600000000000001,50.5,24.900000000000002,179.0,40.2,2590.0,45.7,13.950000000000001,85.0,1126.0,25.3,81.4,4883.024332149085,28.476853566041395,17.974351970637073,7.382516332748143,0.5272003938561145,1.0497566737925526,0.38,1.0,0.024832434273408963,1.0,0.9885098200787855,0.024832434273408963,69681.64162360138,288.15,0.8385412648334485,25.843774714744075,0.0232022617683927,5.1000000000000005,6.548233289898566
43850.0,10010.0,15.3,50.0,25.0,181.0,39.900000000000006,2597.0,44.900000000000006,14.0,84.0,1125.0,24.6,81.9,4882.937775547132,28.476853566041395,17.97403335685941,7.382516332748143,0.5272003938561145,1.0497566737925526,0.38,1.0,0.024287079824179374,1.0,0.9885098200787855,0.024287079824179374,69681.64162360138,288.15,0.8385412648334485,25.843774714744075,0.023203731962705223,5.300000000000001,6.548117215764216
43900.0,10010.0,15.100000000000001,49.5,24.700000000000003,182.0,39.800000000000004,2595.0,45.1,14.0,83.30000000000001,1125.0,24.400000000000002,81.5,4882.85123815843,28.476853566041395,17.973714813805486,7.382516332748143,0.5272003938561145,1.0497566737925526,0.42,1.0,0.023744363812628854,1.0,0.9885098200787855,0.023744363812628854,69681.64162360138,288.15,0.8385412648334485,25.843774714744075,0.023205201830552195,4.9,6.548001167395218
43950.0,9990.0,15.0,50.5,24.900000000000002,181.0,39.7,2599.0,45.0,14.0,83.5,1124.0,24.0,81.4,4882.764719985878,28.476853566041395,17.973396341485973,7.382516332748143,0.5272003938561145,1.0497566737925526,0.4,1.0,0.02320428191975858,1.0,0.9885098200787855,0.02320428191975858,69681.64162360138,288.15,0.8385412648334485,25.843774714744075,0.02320667137188447,4.6000000000000005,6.547885144795464
44000.0,9980.0,14.700000000000001,50.0,24.900000000000002,180.0,40.2,2599.0,45.6,13.9,83.4,1129.0,24.400000000000002,82.2,4882.678221032371,28.476853566041395,17.973077939911523,7.382516332748143,0.5272003938561145,1.0497566737925526,0.39,1.0,0.022666829834199948,1.0,0.9885098200787855,0.022666829834199948,69681.64162360138,288.15,0.8385412648334485,25.843774714744075,0.023208140586653055,5.300000000000001,6.54776914796883
44050.0,10010.0,15.3,50.0,25.0,180.0,39.7,2600.0,45.2,14.0,84.7,1125.0,23.8,82.30000000000001,4882.59174130079,28.476853566041395,17.972759609092748,7.382516332748143,0.5272003938561145,1.0497566737925526,0.34,1.0,0.022132003252199516,1.0,0.9885098200787855,0.022132003252199516,69681.64162360138,288.15,0.8385412648334485,25.843774714744075,0.02320960947480909,4.800000000000001,6.547653176919186
44100.0,10000.0,15.100000000000001,50.5,25.200000000000003,180.0,39.800000000000004,2595.0,44.5,14.100000000000001,83.10000000000001,1126.0,23.900000000000002,81.4,4882.505280794014,28.476853566041395,17.972441349040235,7.382516332748143,0.5272003938561145,1.0497566737925526,0.38,1.0,0.02159979787760277,1.0,0.9885098200787855,0.02159979787760277,69681.64162360138,288.15,0.8385412648334485,25.843774714744075,0.02321107803630378,4.800000000000001,6.547537231650389
44150.0,10010.0,15.100000000000001,50.0,24.900000000000002,181.0,40.2,2590.0,44.800000000000004,14.05,84.10000000000001,1124.0,24.6,81.30000000000001,4882.418839514913,28.476853566041395,17.97212315976456,7.382516332748143,0.5272003938561145,1.0497566737925526,0.42,1.0,0.021070209421838678,1.0,0.9885098200787855,0.021070209421838678,69681.64162360138,288.15,0.8385412648334485,25.843774714744075,0.023212546271088576,5.0,6.547421312166289
44200.0,9990.0,14.9,49.5,25.1,180.0,39.800000000000004,2589.0,45.2,14.0,84.0,1128.0,24.1,81.9,4882.332417466347,28.476853566041395,17.971805041276244,7.382516332748143,0.5272003938561145,1.0497566737925526,0.46,1.0,0.020543233603905312,1.0,0.9885098200787855,0.020543233603905312,69681.64162360138,288.15,0.8385412648334485,25.843774714744075,0.023214014179115013,5.2,6.547305418470721
44250.0,10000.0,14.9,48.5,25.400000000000002,181.0,39.900000000000006,2588.0,44.7,14.05,83.80000000000001,1129.0,24.3,82.30000000000001,4882.246014651166,28.476853566041395,17.97148699358578,7.382516332748143,0.5272003938561145,1.0497566737925526,0.39,1.0,0.020018866150354087,1.0,0.9885098200787855,0.020018866150354087,69681.64162360138,288.15,0.8385412648334485,25.843774714744075,0.023215481760334694,5.1000000000000005,6.547189550567507
44300.0,9970.0,14.600000000000001,50.0,25.400000000000002,182.0,40.0,2592.0,44.400000000000006,14.05,83.60000000000001,1134.0,23.900000000000002,82.80000000000001,4882.159631072221,28.476853566041395,17.971169016703666,7.382516332748143,0.5272003938561145,1.0497566737925526,0.4,1.0,0.019497102795273082,1.0,0.9885098200787855,0.019497102795273082,69681.64162360138,288.15,0.8385412648334485,25.843774714744075,0.02321694901469945,4.6000000000000005,6.54707370846047
44350.0,10000.0,15.200000000000001,50.0,25.3,181.0,40.1,2594.0,44.6,14.0,84.0,1122.0,24.200000000000003,81.7,4882.0732667323455,28.476853566041395,17.970851110640325,7.382516332748143,0.5272003938561145,1.0497566737925526,0.34,1.0,0.018977939280273987,1.0,0.9885098200787855,0.018977939280273987,69681.64162360138,288.15,0.8385412648334485,25.843774714744075,0.023218415942161175,4.800000000000001,6.546957892153411
44400.0,10000.0,15.600000000000001,50.0,25.400000000000002,180.0,39.6,2597.0,44.800000000000004,14.0,83.2,1127.0,24.400000000000002,82.30000000000001,4881.986921634372,28.476853566041395,17.970533275406186,7.382516332748143,0.5272003938561145,1.0497566737925526,0.43,1.0,0.018461371354475387,1.0,0.9885098200787855,0.018461371354475387,69681.64162360138,288.15,0.8385412648334485,25.843774714744075,0.02321988254267197,5.300000000000001,6.5468421016501255
44450.0,9980.0,14.700000000000001,49.0,25.3,179.0,39.900000000000006,2593.0,45.1,13.9,83.10000000000001,1127.0,24.400000000000002,81.80000000000001,4881.90059578112,28.476853566041395,17.970215511011624,7.382516332748143,0.5272003938561145,1.0497566737925526,0.36,1.0,0.01794739477448847,1.0,0.9885098200787855,0.01794739477448847,69681.64162360138,288.15,0.8385412648334485,25.843774714744075,0.02322134881618401,4.3,6.546726336954397
44500.0,10010.0,14.8,49.5,24.3,179.0,39.800000000000004,2593.0,44.6,14.0,83.7,1132.0,23.3,81.9,4881.814289175404,28.476853566041395,17.96989781746701,7.382516332748143,0.5272003938561145,1.0497566737925526,0.39,1.0,0.01743600530440106,1.0,0.9885098200787855,0.01743600530440106,69681.64162360138,288.15,0.8385412648334485,25.843774714744075,0.0232228147626496,4.6000000000000005,6.546610598070001
44550.0,10000.0,15.200000000000001,50.0,25.6,178.0,39.800000000000004,2600.0,45.300000000000004,14.05,84.60000000000001,1122.0,24.200000000000003,82.30000000000001,4881.728001820033,28.476853566041395,17.969580194782672,7.382516332748143,0.5272003938561145,1.0497566737925526,0.36,1.0,0.01692719871576275,1.0,0.9885098200787855,0.01692719871576275,69681.64162360138,288.15,0.8385412648334485,25.843774714744075,0.023224280382021206,5.5,6.546494885000701
44600.0,10000.0,14.4,50.0,24.700000000000003,181.0,40.1,2592.0,45.5,14.05,83.4,1127.0,24.0,81.60000000000001,4881.641733717801,28.476853566041395,17.969262642968904,7.382516332748143,0.5272003938561145,1.0497566737925526,0.37,1.0,0.016420970787570207,1.0,0.9885098200787855,0.016420970787570207,69681.64162360138,288.15,0.8385412648334485,25.843774714744075,0.023225745674251373,4.9,6.546379197750246
44650.0,9990.0,14.3,50.0,24.200000000000003,179.0,39.6,2588.0,45.1,14.0,83.7,1124.0,23.5,82.0,4881.5554848715055,28.476853566041395,17.968945162035997,7.382516332748143,0.5272003938561145,1.0497566737925526,0.38,1.0,0.015917317306250865,1.0,0.9885098200787855,0.015917317306250865,69681.64162360138,288.15,0.8385412648334485,25.843774714744075,0.023227210639292874,5.1000000000000005,6.546263536322386
44700.0,10010.0,14.9,49.0,24.700000000000003,180.0,39.800000000000004,2590.0,45.0,14.15,83.60000000000001,1127.0,23.200000000000003,82.4,4881.469255283924,28.476853566041395,17.96862775199418,7.382516332748143,0.5272003938561145,1.0497566737925526,0.41000000000000003,1.0,0.015416234065650439,1.0,0.9885098200787855,0.015416234065650439,69681.64162360138,288.15,0.8385412648334485,25.843774714744075,0.02322867527709851,5.1000000000000005,6.546147900720848
44750.0,10020.0,14.9,50.0,25.700000000000003,181.0,39.6,2596.0,44.800000000000004,14.05,84.10000000000001,1123.0,23.700000000000003,81.9,4881.383044957836,28.476853566041395,17.96831041285368,7.382516332748143,0.5272003938561145,1.0497566737925526,0.39,1.0,0.014917716867014832,1.0,0.9885098200787855,0.014917716867014832,69681.64162360138,288.15,0.8385412648334485,25.843774714744075,0.023230139587621313,5.0,6.546032290949358
44800.0,10020.0,15.100000000000001,50.0,25.5,182.0,40.2,2595.0,45.1,14.0,83.9,1132.0,23.3,82.30000000000001,4881.296853896006,28.476853566041395,17.96799314462467,7.382516332748143,0.5272003938561145,1.0497566737925526,0.38,1.0,0.014421761518977462,1.0,0.9885098200787855,0.014421761518977462,69681.64162360138,288.15,0.8385412648334485,25.843774714744075,0.02323160357081435,4.5,6.545916707011623
44850.0,10000.0,14.9,50.5,25.0,179.0,40.300000000000004,2599.0,45.5,14.0,83.80000000000001,1129.0,23.3,81.80000000000001,4881.210682101195,28.476853566041395,17.96767594731732,7.382516332748143,0.5272003938561145,1.0497566737925526,0.38,1.0,0.013928363837542946,1.0,0.9885098200787855,0.013928363837542946,69681.64162360138,288.15,0.8385412648334485,25.843774714744075,0.02323306722663086,4.5,6.545801148911345
44900.0,10000.0,14.9,50.0,25.1,181.0,39.800000000000004,2593.0,44.800000000000004,13.950000000000001,83.5,1126.0,23.700000000000003,81.9,4881.124529576156,28.476853566041395,17.96735882094177,7.382516332748143,0.5272003938561145,1.0497566737925526,0.35000000000000003,1.0,0.013437519646073145,1.0,0.9885098200787855,0.013437519646073145,69681.64162360138,288.15,0.8385412648334485,25.843774714744075,0.02323453055502425,5.2,6.545685616652217
44950.0,10010.0,14.700000000000001,50.5,25.1,180.0,40.1,2594.0,45.2,14.0,83.60000000000001,1122.0,23.6,81.60000000000001,4881.038396323633,28.476853566041395,17.9670417655081,7.382516332748143,0.5272003938561145,1.0497566737925526,0.4,1.0,0.012949224775271943,1.0,0.9885098200787855,0.012949224775271943,69681.64162360138,288.15,0.8385412648334485,25.843774714744075,0.023235993555948,5.0,6.545570110237919
45000.0,10000.0,15.3,50.0,25.1,180.0,40.300000000000004,2591.0,44.900000000000006,13.9,84.30000000000001,1125.0,23.200000000000003,81.5,4880.952282346363,28.476853566041395,17.966724781026404,7.382516332748143,0.5272003938561145,1.0497566737925526,0.38,1.0,0.012463475063170042,1.0,0.9885098200787855,0.012463475063170042,69681.64162360138,288.15,0.8385412648334485,25.843774714744075,0.023237456229355732,4.6000000000000005,6.54545462967212
45050.0,9970.0,15.200000000000001,49.0,25.3,181.0,40.0,2599.0,45.0,14.100000000000001,83.5,1121.0,23.3,82.60000000000001,4880.866187647075,28.476853566041395,17.96640786750672,7.382516332748143,0.5272003938561145,1.0497566737925526,0.4,1.0,0.012475050798606729,1.0,0.9885098200787855,0.012475050798606729,69681.64162360138,288.15,0.8385412648334485,25.843774714744075,0.0232389185752013,4.800000000000001,6.545339174958481
45100.0,10000.0,15.3,50.0,26.1,180.0,40.2,2597.0,44.800000000000004,13.950000000000001,84.4,1127.0,23.5,80.9,4880.780112228487,28.476853566041395,17.966091024959052,7.382516332748143,0.5272003938561145,1.0497566737925526,0.4,1.0,0.01248662394167942,1.0,0.9885098200787855,0.01248662394167942,69681.64162360138,288.15,0.8385412648334485,25.843774714744075,0.0232403805934385,5.0,6.545223746100647
45150.0,10000.0,15.100000000000001,50.0,24.8,180.0,39.900000000000006,2603.0,45.300000000000004,13.950000000000001,85.0,1126.0,23.400000000000002,82.2,4880.694056093318,28.476853566041395,17.96577425339341,7.382516332748143,0.5272003938561145,1.0497566737925526,0.32,1.0,0.012498194492022642,1.0,0.9885098200787855,0.012498194492022642,69681.64162360138,288.15,0.8385412648334485,25.843774714744075,0.02324184228402141,4.800000000000001,6.545108343102261
45200.0,9990.0,15.100000000000001,50.0,25.0,180.0,40.2,2595.0,45.0,14.0,84.9,1127.0,23.200000000000003,80.80000000000001,4880.6080192442705,28.476853566041395,17.965457552819743,7.382516332748143,0.5272003938561145,1.0497566737925526,0.34,1.0,0.01250976244927278,1.0,0.9885098200787855,0.01250976244927278,69681.64162360138,288.15,0.8385412648334485,25.843774714744075,0.023243303646904162,4.800000000000001,6.544992965966952
45250.0,10000.0,14.8,50.0,24.8,179.0,40.1,2600.0,44.7,14.0,82.7,1123.0,23.200000000000003,82.30000000000001,4880.522001684045,28.476853566041395,17.96514092324799,7.382516332748143,0.5272003938561145,1.0497566737925526,0.36,1.0,0.012521327813066942,1.0,0.9885098200787855,0.012521327813066942,69681.64162360138,288.15,0.8385412648334485,25.843774714744075,0.02324476468204105,4.7,6.544877614698338
45300.0,10000.0,15.0,49.5,25.8,180.0,40.0,2593.0,45.1,14.100000000000001,84.80000000000001,1125.0,23.8,82.0,4880.436003415331,28.476853566041395,17.96482436468805,7.382516332748143,0.5272003938561145,1.0497566737925526,0.41000000000000003,1.0,0.012532890583043322,1.0,0.9885098200787855,0.012532890583043322,69681.64162360138,288.15,0.8385412648334485,25.843774714744075,0.023246225389386487,4.9,6.544762289300027
45350.0,10000.0,15.3,50.5,25.6,180.0,40.0,2584.0,44.5,14.0,83.10000000000001,1129.0,22.900000000000002,81.5,4880.350024440812,28.476853566041395,17.964507877149806,7.382516332748143,0.5272003938561145,1.0497566737925526,0.37,1.0,0.012544450758841225,1.0,0.9885098200787855,0.012544450758841225,69681.64162360138,288.15,0.8385412648334485,25.843774714744075,0.023247685768895052,5.2,6.544646989775618
45400.0,9990.0,15.200000000000001,50.0,25.400000000000002,181.0,40.0,2587.0,44.900000000000006,14.0,84.0,1125.0,23.8,81.7,4880.264064763162,28.476853566041395,17.964191460643093,7.382516332748143,0.5272003938561145,1.0497566737925526,0.35000000000000003,1.0,0.012556008340101026,1.0,0.9885098200787855,0.012556008340101026,69681.64162360138,288.15,0.8385412648334485,25.843774714744075,0.023249145820521393,4.800000000000001,6.544531716128696
45450.0,10020.0,15.200000000000001,50.5,24.6,179.0,39.900000000000006,2595.0,44.900000000000006,13.950000000000001,83.60000000000001,1125.0,23.3,82.30000000000001,4880.178124385051,28.476853566041395,17.963875115177746,7.382516332748143,0.5272003938561145,1.0497566737925526,0.34,1.0,0.012567563326464037,1.0,0.9885098200787855,0.012567563326464037,69681.64162360138,288.15,0.8385412648334485,25.843774714744075,0.02325060554422033,5.0,6.544416468362841
45500.0,10020.0,15.0,49.5,25.400000000000002,179.0,40.0,2590.0,44.400000000000006,14.0,83.0,1127.0,23.8,82.7,4880.092203309137,28.476853566041395,17.963558840763547,7.382516332748143,0.5272003938561145,1.0497566737925526,0.38,1.0,0.012579115717572694,1.0,0.9885098200787855,0.012579115717572694,69681.64162360138,288.15,0.8385412648334485,25.843774714744075,0.023252064939946797,5.1000000000000005,6.544301246481621
45550.0,10000.0,14.9,49.0,25.700000000000003,179.0,40.300000000000004,2596.0,44.7,14.05,85.0,1131.0,23.200000000000003,81.4,4880.006301538075,28.476853566041395,17.963242637410264,7.382516332748143,0.5272003938561145,1.0497566737925526,0.38,1.0,0.012590665513070103,1.0,0.9885098200787855,0.012590665513070103,69681.64162360138,288.15,0.8385412648334485,25.843774714744075,0.023253524007655884,4.800000000000001,6.544186050488589
45600.0,10010.0,15.200000000000001,49.0,25.200000000000003,180.0,40.0,2595.0,45.400000000000006,14.05,83.30000000000001,1127.0,23.200000000000003,80.9,4879.920419074504,28.476853566041395,17.962926505127623,7.382516332748143,0.5272003938561145,1.0497566737925526,0.38,1.0,0.01260221271260103,1.0,0.9885098200787855,0.01260221271260103,69681.64162360138,288.15,0.8385412648334485,25.843774714744075,0.023254982747302776,5.300000000000001,6.5440708803872925
45650.0,9980.0,15.0,50.0,25.1,179.0,39.7,2589.0,45.400000000000006,13.950000000000001,83.5,1132.0,23.1,81.9,4879.834555921067,28.476853566041395,17.96261044392534,7.382516332748143,0.5272003938561145,1.0497566737925526,0.41000000000000003,1.0,0.012613757315810705,1.0,0.9885098200787855,0.012613757315810705,69681.64162360138,288.15,0.8385412648334485,25.843774714744075,0.023256441158842806,5.1000000000000005,6.543955736181269
45700.0,9980.0,14.8,50.0,25.8,179.0,39.900000000000006,2596.0,45.2,14.05,83.2,1126.0,23.5,82.4,4879.748712080389,28.476853566041395,17.962294453813087,7.382516332748143,0.5272003938561145,1.0497566737925526,0.37,1.0,0.012625299322345762,1.0,0.9885098200787855,0.012625299322345762,69681.64162360138,288.15,0.8385412648334485,25.843774714744075,0.023257899242231424,4.9,6.543840617874043
45750.0,9990.0,15.600000000000001,50.0,25.400000000000002,180.0,40.0,2588.0,44.400000000000006,14.100000000000001,83.80000000000001,1127.0,22.900000000000002,81.30000000000001,4879.662887555096,28.476853566041395,17.961978534800526,7.382516332748143,0.5272003938561145,1.0497566737925526,0.41000000000000003,1.0,0.012636838731853494,1.0,0.9885098200787855,0.012636838731853494,69681.64162360138,288.15,0.8385412648334485,25.843774714744075,0.02325935699742424,5.300000000000001,6.543725525469135
45800.0,9990.0,15.200000000000001,50.0,25.0,181.0,39.900000000000006,2599.0,45.1,14.0,84.60000000000001,1128.0,23.3,82.4,4879.577082347798,28.476853566041395,17.961662686897263,7.382516332748143,0.5272003938561145,1.0497566737925526,0.42,1.0,0.012648375543982656,1.0,0.9885098200787855,0.012648375543982656,69681.64162360138,288.15,0.8385412648334485,25.843774714744075,0.02326081442437696,5.2,6.543610458970045
45850.0,9950.0,15.100000000000001,50.0,25.0,180.0,40.1,2597.0,44.900000000000006,14.100000000000001,84.2,1128.0,23.6,82.30000000000001,4879.491296461101,28.476853566041395,17.961346910112894,7.382516332748143,0.5272003938561145,1.0497566737925526,0.41000000000000003,1.0,0.012659909758382678,1.0,0.9885098200787855,0.012659909758382678,69681.64162360138,288.15,0.8385412648334485,25.843774714744075,0.023262271523045424,4.9,6.543495418380266
45900.0,10010.0,15.100000000000001,51.0,25.400000000000002,179.0,40.5,2586.0,45.2,13.950000000000001,84.9,1128.0,23.1,81.60000000000001,4879.405529897609,28.476853566041395,17.961031204457,7.382516332748143,0.5272003938561145,1.0497566737925526,0.36,1.0,0.012671441374704178,1.0,0.9885098200787855,0.012671441374704178,69681.64162360138,288.15,0.8385412648334485,25.843774714744075,0.023263728293385615,4.800000000000001,6.543380403703292
45950.0,10000.0,14.8,50.0,25.200000000000003,179.0,39.7,2595.0,45.2,14.05,84.10000000000001,1131.0,23.700000000000003,83.10000000000001,4879.31978265991,28.476853566041395,17.96071556993911,7.382516332748143,0.5272003938561145,1.0497566737925526,0.47000000000000003,1.0,0.012682970392598775,1.0,0.9885098200787855,0.012682970392598775,69681.64162360138,288.15,0.8385412648334485,25.843774714744075,0.023265184735353616,4.4,6.543265414942593
46000.0,9970.0,15.0,50.5,25.0,181.0,39.900000000000006,2591.0,44.800000000000004,14.0,84.2,1126.0,23.3,82.0,4879.234054750588,28.476853566041395,17.960400006568744,7.382516332748143,0.5272003938561145,1.0497566737925526,0.38,1.0,0.012694496811718749,1.0,0.9885098200787855,0.012694496811718749,69681.64162360138,288.15,0.8385412648334485,25.843774714744075,0.023266640848905673,5.2,6.543150452101634
46050.0,9990.0,14.700000000000001,50.0,25.200000000000003,179.0,40.300000000000004,2602.0,44.800000000000004,14.100000000000001,82.30000000000001,1130.0,23.1,82.2,4879.148346172221,28.476853566041395,17.960084514355376,7.382516332748143,0.5272003938561145,1.0497566737925526,0.35000000000000003,1.0,0.012706020631717987,1.0,0.9885098200787855,0.012706020631717987,69681.64162360138,288.15,0.8385412648334485,25.843774714744075,0.02326809663399819,4.9,6.543035515183873
46100.0,9990.0,15.0,51.0,25.0,182.0,39.900000000000006,2600.0,44.5,14.0,83.4,1131.0,23.5,80.7,4879.062656927374,28.476853566041395,17.959769093308456,7.382516332748143,0.5272003938561145,1.0497566737925526,0.34,1.0,0.012717541852251296,1.0,0.9885098200787855,0.012717541852251296,69681.64162360138,288.15,0.8385412648334485,25.843774714744075,0.02326955209058757,4.6000000000000005,6.542920604192746
46150.0,10010.0,15.3,50.0,24.8,181.0,39.800000000000004,2596.0,45.1,14.0,83.9,1127.0,23.6,81.0,4878.976987018612,28.476853566041395,17.959453743437425,7.382516332748143,0.5272003938561145,1.0497566737925526,0.4,1.0,0.012729060472973957,1.0,0.9885098200787855,0.012729060472973957,69681.64162360138,288.15,0.8385412648334485,25.843774714744075,0.023271007218630495,5.1000000000000005,6.542805719131699
46200.0,10000.0,15.200000000000001,50.0,25.400000000000002,180.0,39.800000000000004,2598.0,44.5,14.0,83.5,1126.0,23.5,81.30000000000001,4878.891336448485,28.476853566041395,17.95913846475167,7.382516332748143,0.5272003938561145,1.0497566737925526,0.4,1.0,0.012740576493542776,1.0,0.9885098200787855,0.012740576493542776,69681.64162360138,288.15,0.8385412648334485,25.843774714744075,0.0232724620180837,4.9,6.542690860004148
46250.0,9990.0,15.4,50.0,25.3,181.0,40.300000000000004,2597.0,44.900000000000006,13.9,83.80000000000001,1130.0,23.5,80.0,4878.805705219544,28.476853566041395,17.95882325726058,7.382516332748143,0.5272003938561145,1.0497566737925526,0.41000000000000003,1.0,0.012752089913615627,1.0,0.9885098200787855,0.012752089913615627,69681.64162360138,288.15,0.8385412648334485,25.843774714744075,0.02327391648890404,5.1000000000000005,6.542576026813514
46300.0,10000.0,15.3,50.5,24.700000000000003,181.0,39.7,2594.0,45.0,13.950000000000001,83.9,1130.0,23.8,82.10000000000001,4878.720093334321,28.476853566041395,17.95850812097348,7.382516332748143,0.5272003938561145,1.0497566737925526,0.33,1.0,0.012763600732850976,1.0,0.9885098200787855,0.012763600732850976,69681.64162360138,288.15,0.8385412648334485,25.843774714744075,0.02327537063104858,4.5,6.542461219563192
46350.0,10000.0,15.0,50.0,25.8,180.0,40.1,2598.0,45.0,14.200000000000001,83.10000000000001,1125.0,23.1,82.5,4878.634500795348,28.476853566041395,17.95819305589968,7.382516332748143,0.5272003938561145,1.0497566737925526,0.41000000000000003,1.0,0.012775108950908965,1.0,0.9885098200787855,0.012775108950908965,69681.64162360138,288.15,0.8385412648334485,25.843774714744075,0.023276824444474372,4.7,6.542346438256579
46400.0,9990.0,15.4,50.0,25.6,180.0,40.1,2595.0,44.800000000000004,14.0,83.0,1128.0,23.700000000000003,82.2,4878.548927605152,28.476853566041395,17.957878062048493,7.382516332748143,0.5272003938561145,1.0497566737925526,0.4,1.0,0.012786614567449785,1.0,0.9885098200787855,0.012786614567449785,69681.64162360138,288.15,0.8385412648334485,25.843774714744075,0.02327827792913872,4.800000000000001,6.542231682897062
46450.0,10020.0,15.3,50.5,25.6,180.0,40.1,2597.0,44.7,13.9,82.9,1127.0,23.3,81.0,4878.463373766248,28.476853566041395,17.95756313942917,7.382516332748143,0.5272003938561145,1.0497566737925526,0.39,1.0,0.012798117582135638,1.0,0.9885098200787855,0.012798117582135638,69681.64162360138,288.15,0.8385412648334485,25.843774714744075,0.02327973108499903,4.9,6.542116953488015
46500.0,10010.0,15.600000000000001,50.0,24.700000000000003,181.0,40.0,2593.0,44.7,13.950000000000001,83.60000000000001,1129.0,23.6,82.60000000000001,4878.37783928114,28.476853566041395,17.95724828805093,7.382516332748143,0.5272003938561145,1.0497566737925526,0.4,1.0,0.01280961799462905,1.0,0.9885098200787855,0.01280961799462905,69681.64162360138,288.15,0.8385412648334485,25.843774714744075,0.02328118391201277,5.0,6.542002250032795
46550.0,10000.0,14.700000000000001,49.5,24.700000000000003,178.0,39.800000000000004,2601.0,45.1,14.0,83.9,1122.0,23.5,82.30000000000001,4878.292324152333,28.476853566041395,17.956933507922994,7.382516332748143,0.5272003938561145,1.0497566737925526,0.38,1.0,0.012821115804593946,1.0,0.9885098200787855,0.012821115804593946,69681.64162360138,288.15,0.8385412648334485,25.843774714744075,0.023282636410137614,4.4,6.541887572534763
46600.0,10000.0,15.4,50.0,24.400000000000002,182.0,39.7,2593.0,44.7,13.950000000000001,83.4,1129.0,23.900000000000002,81.5,4878.206828382319,28.476853566041395,17.95661879905453,7.382516332748143,0.5272003938561145,1.0497566737925526,0.35000000000000003,1.0,0.012832611011694918,1.0,0.9885098200787855,0.012832611011694918,69681.64162360138,288.15,0.8385412648334485,25.843774714744075,0.023284088579331366,5.0,6.541772920997258
46650.0,10010.0,15.100000000000001,50.0,25.0,180.0,40.0,2599.0,45.7,14.0,83.7,1128.0,23.200000000000003,82.10000000000001,4878.12135197358,28.476853566041395,17.956304161454685,7.382516332748143,0.5272003938561145,1.0497566737925526,0.39,1.0,0.012844103615598223,1.0,0.9885098200787855,0.012844103615598223,69681.64162360138,288.15,0.8385412648334485,25.843774714744075,0.023285540419551845,4.800000000000001,6.541658295423611
46700.0,10010.0,15.0,49.5,25.1,180.0,40.2,2598.0,45.0,13.950000000000001,83.7,1128.0,23.6,81.80000000000001,4878.0358949286,28.476853566041395,17.955989595132596,7.382516332748143,0.5272003938561145,1.0497566737925526,0.38,1.0,0.012855593615969978,1.0,0.9885098200787855,0.012855593615969978,69681.64162360138,288.15,0.8385412648334485,25.843774714744075,0.023286991930757117,5.1000000000000005,6.541543695817152
46750.0,9990.0,15.8,50.5,24.5,180.0,40.2,2593.0,44.6,13.950000000000001,84.0,1123.0,22.900000000000002,81.9,4877.950457249847,28.476853566041395,17.95567510009735,7.382516332748143,0.5272003938561145,1.0497566737925526,0.37,1.0,0.0128670810124783,1.0,0.9885098200787855,0.0128670810124783,69681.64162360138,288.15,0.8385412648334485,25.843774714744075,0.02328844311290538,4.7,6.54142912218119
46800.0,9990.0,14.600000000000001,50.0,24.700000000000003,180.0,40.1,2593.0,44.800000000000004,13.850000000000001,83.9,1127.0,23.200000000000003,81.2,4877.865038939783,28.476853566041395,17.955360676358,7.382516332748143,0.5272003938561145,1.0497566737925526,0.38,1.0,0.012878565804792505,1.0,0.9885098200787855,0.012878565804792505,69681.64162360138,288.15,0.8385412648334485,25.843774714744075,0.023289893965954846,5.0,6.541314574519028
46850.0,10000.0,15.5,50.5,25.0,181.0,40.0,2594.0,45.400000000000006,13.950000000000001,83.7,1130.0,23.5,81.5,4877.779640000865,28.476853566041395,17.955046323923604,7.382516332748143,0.5272003938561145,1.0497566737925526,0.33,1.0,0.012890047992581904,1.0,0.9885098200787855,0.012890047992581904,69681.64162360138,288.15,0.8385412648334485,25.843774714744075,0.02329134448986398,4.3,6.54120005283396
46900.0,10020.0,15.100000000000001,49.5,25.1,179.0,39.900000000000006,2590.0,44.6,13.850000000000001,82.7,1129.0,23.1,81.9,4877.694260435538,28.476853566041395,17.954732042803155,7.382516332748143,0.5272003938561145,1.0497566737925526,0.41000000000000003,1.0,0.012901527575517541,1.0,0.9885098200787855,0.012901527575517541,69681.64162360138,288.15,0.8385412648334485,25.843774714744075,0.023292794684591268,4.9,6.541085557129266
46950.0,10000.0,15.100000000000001,50.0,25.5,182.0,40.300000000000004,2586.0,44.900000000000006,14.0,83.9,1123.0,22.8,82.30000000000001,4877.608900246249,28.476853566041395,17.95441783300566,7.382516332748143,0.5272003938561145,1.0497566737925526,0.36,1.0,0.01291300455327093,1.0,0.9885098200787855,0.01291300455327093,69681.64162360138,288.15,0.8385412648334485,25.843774714744075,0.02329424455009541,4.5,6.5409710874082245
47000.0,9990.0,15.100000000000001,49.5,25.1,179.0,39.7,2600.0,45.1,14.0,83.30000000000001,1131.0,23.6,82.2,4877.523559435424,28.476853566041395,17.954103694540056,7.382516332748143,0.5272003938561145,1.0497566737925526,0.36,1.0,0.012924478925515367,1.0,0.9885098200787855,0.012924478925515367,69681.64162360138,288.15,0.8385412648334485,25.843774714744075,0.023295694086335153,4.9,6.540856643674093
47050.0,10000.0,14.9,50.0,24.8,180.0,39.7,2597.0,45.1,14.0,83.9,1126.0,23.200000000000003,81.9,4877.438238005496,28.476853566041395,17.953789627415286,7.382516332748143,0.5272003938561145,1.0497566737925526,0.4,1.0,0.012935950691924299,1.0,0.9885098200787855,0.012935950691924299,69681.64162360138,288.15,0.8385412648334485,25.843774714744075,0.023297143293269495,4.800000000000001,6.54074222593013
47100.0,9990.0,15.0,49.5,25.6,180.0,40.0,2590.0,45.2,13.950000000000001,83.2,1129.0,23.6,80.4,4877.352935958875,28.476853566041395,17.95347563164023,7.382516332748143,0.5272003938561145,1.0497566737925526,0.38,1.0,0.012947419852173158,1.0,0.9885098200787855,0.012947419852173158,69681.64162360138,288.15,0.8385412648334485,25.843774714744075,0.023298592170857398,4.9,6.540627834179571
47150.0,10000.0,15.100000000000001,49.0,23.900000000000002,179.0,40.1,2581.0,44.7,13.850000000000001,83.5,1132.0,23.3,81.60000000000001,4877.267653297977,28.476853566041395,17.953161707223785,7.382516332748143,0.5272003938561145,1.0497566737925526,0.41000000000000003,1.0,0.012958886405937375,1.0,0.9885098200787855,0.012958886405937375,69681.64162360138,288.15,0.8385412648334485,25.843774714744075,0.023300040719058047,4.9,6.540513468425653
47200.0,10000.0,15.3,50.0,25.1,180.0,39.900000000000006,2598.0,44.900000000000006,14.100000000000001,83.0,1131.0,23.6,81.2,4877.182390025206,28.476853566041395,17.95284785417479,7.382516332748143,0.5272003938561145,1.0497566737925526,0.4,1.0,0.01297035035289372,1.0,0.9885098200787855,0.01297035035289372,69681.64162360138,288.15,0.8385412648334485,25.843774714744075,0.02330148893783074,4.7,6.540399128671601
47250.0,10000.0,14.9,50.0,25.400000000000002,180.0,39.800000000000004,2590.0,45.1,14.05,83.2,1131.0,23.700000000000003,81.30000000000001,4877.097146142958,28.476853566041395,17.952534072502072,7.382516332748143,0.5272003938561145,1.0497566737925526,0.36,1.0,0.01298181169272015,1.0,0.9885098200787855,0.01298181169272015,69681.64162360138,288.15,0.8385412648334485,25.843774714744075,0.0233029368271349,4.800000000000001,6.54028481492063
47300.0,10000.0,15.4,50.5,25.0,181.0,40.2,2594.0,45.1,14.05,83.9,1125.0,23.200000000000003,81.5,4877.011921653619,28.476853566041395,17.95222036221441,7.382516332748143,0.5272003938561145,1.0497566737925526,0.36,1.0,0.012993270425095623,1.0,0.9885098200787855,0.012993270425095623,69681.64162360138,288.15,0.8385412648334485,25.843774714744075,0.0233043843869301,4.5,6.5401705271759365
47350.0,10010.0,15.100000000000001,49.5,24.900000000000002,180.0,40.0,2590.0,44.6,14.05,82.7,1126.0,23.3,81.60000000000001,4876.92671655957,28.476853566041395,17.951906723320572,7.382516332748143,0.5272003938561145,1.0497566737925526,0.39,1.0,0.01300472654969997,1.0,0.9885098200787855,0.01300472654969997,69681.64162360138,288.15,0.8385412648334485,25.843774714744075,0.023305831617175997,5.300000000000001,6.540056265440715
47400.0,9980.0,15.3,48.5,25.6,178.0,40.5,2593.0,45.400000000000006,14.100000000000001,83.30000000000001,1126.0,23.1,82.0,4876.841530863187,28.476853566041395,17.951593155829297,7.382516332748143,0.5272003938561145,1.0497566737925526,0.37,1.0,0.013016180066214212,1.0,0.9885098200787855,0.013016180066214212,69681.64162360138,288.15,0.8385412648334485,25.843774714744075,0.023307278517832396,4.7,6.539942029718151
47450.0,10010.0,14.700000000000001,50.0,25.0,179.0,39.900000000000006,2600.0,44.900000000000006,14.0,83.5,1128.0,23.1,81.9,4876.756364566832,28.476853566041395,17.95127965974929,7.382516332748143,0.5272003938561145,1.0497566737925526,0.39,1.0,0.013027630974320031,1.0,0.9885098200787855,0.013027630974320031,69681.64162360138,288.15,0.8385412648334485,25.843774714744075,0.02330872508885922,4.4,6.539827820011414
47500.0,10020.0,15.5,49.5,24.6,180.0,39.7,2600.0,44.900000000000006,14.100000000000001,83.10000000000001,1127.0,23.900000000000002,81.5,4876.671217672869,28.476853566041395,17.950966235089243,7.382516332748143,0.5272003938561145,1.0497566737925526,0.39,1.0,0.013039079273700318,1.0,0.9885098200787855,0.013039079273700318,69681.64162360138,288.15,0.8385412648334485,25.843774714744075,0.023310171330216494,5.1000000000000005,6.539713636323671
47550.0,9990.0,14.600000000000001,49.5,25.200000000000003,180.0,40.2,2593.0,44.6,13.850000000000001,85.30000000000001,1128.0,23.5,81.80000000000001,4876.586090183647,28.476853566041395,17.95065288185781,7.382516332748143,0.5272003938561145,1.0497566737925526,0.34,1.0,0.01305052496403875,1.0,0.9885098200787855,0.01305052496403875,69681.64162360138,288.15,0.8385412648334485,25.843774714744075,0.02331161724186442,4.7,6.539599478658075
47600.0,10020.0,15.200000000000001,49.5,24.5,180.0,39.900000000000006,2602.0,44.900000000000006,13.9,83.5,1128.0,23.0,81.80000000000001,4876.50098210151,28.476853566041395,17.950339600063614,7.382516332748143,0.5272003938561145,1.0497566737925526,0.42,1.0,0.013061968045020344,1.0,0.9885098200787855,0.013061968045020344,69681.64162360138,288.15,0.8385412648334485,25.843774714744075,0.023313062823763317,4.9,6.539485347017768
47650.0,9990.0,14.9,49.0,24.900000000000002,180.0,39.800000000000004,2602.0,45.2,13.9,82.5,1124.0,24.0,82.10000000000001,4876.415893428794,28.476853566041395,17.95002638971526,7.382516332748143,0.5272003938561145,1.0497566737925526,0.43,1.0,0.013073408516330914,1.0,0.9885098200787855,0.013073408516330914,69681.64162360138,288.15,0.8385412648334485,25.843774714744075,0.023314508075873593,4.9,6.539371241405883
47700.0,10000.0,14.600000000000001,50.0,24.900000000000002,180.0,40.300000000000004,2594.0,45.400000000000006,13.9,85.2,1126.0,23.700000000000003,82.10000000000001,4876.33082416783,28.476853566041395,17.949713250821315,7.382516332748143,0.5272003938561145,1.0497566737925526,0.37,1.0,0.013084846377657397,1.0,0.9885098200787855,0.013084846377657397,69681.64162360138,288.15,0.8385412648334485,25.843774714744075,0.023315952998155778,5.1000000000000005,6.539257161825543
47750.0,10010.0,14.8,49.5,25.0,180.0,40.300000000000004,2597.0,45.0,14.05,82.30000000000001,1125.0,23.5,82.2,4876.24577432094,28.476853566041395,17.949400183390342,7.382516332748143,0.5272003938561145,1.0497566737925526,0.39,1.0,0.013096281628687203,1.0,0.9885098200787855,0.013096281628687203,69681.64162360138,288.15,0.8385412648334485,25.843774714744075,0.02331739759057058,5.2,6.539143108279867
47800.0,10010.0,14.9,50.0,25.200000000000003,180.0,40.300000000000004,2590.0,45.1,14.05,83.4,1126.0,23.400000000000002,82.0,4876.160743890436,28.476853566041395,17.949087187430845,7.382516332748143,0.5272003938561145,1.0497566737925526,0.37,1.0,0.013107714269109404,1.0,0.9885098200787855,0.013107714269109404,69681.64162360138,288.15,0.8385412648334485,25.843774714744075,0.023318841853078805,4.6000000000000005,6.539029080771953
47850.0,10010.0,15.100000000000001,50.5,25.3,182.0,40.2,2591.0,45.1,13.950000000000001,83.30000000000001,1123.0,23.3,81.9,4876.075732878627,28.476853566041395,17.94877426295132,7.382516332748143,0.5272003938561145,1.0497566737925526,0.38,1.0,0.013119144298614072,1.0,0.9885098200787855,0.013119144298614072,69681.64162360138,288.15,0.8385412648334485,25.843774714744075,0.023320285785641378,4.6000000000000005,6.538915079304896
47900.0,9980.0,15.600000000000001,50.0,24.700000000000003,180.0,40.400000000000006,2597.0,44.2,14.200000000000001,82.4,1126.0,23.0,81.30000000000001,4875.990741287812,28.476853566041395,17.948461409960235,7.382516332748143,0.5272003938561145,1.0497566737925526,0.39,1.0,0.013130571716891604,1.0,0.9885098200787855,0.013130571716891604,69681.64162360138,288.15,0.8385412648334485,25.843774714744075,0.02332172938821936,4.4,6.538801103881783
47950.0,10000.0,15.4,49.5,24.400000000000002,180.0,39.900000000000006,2592.0,44.6,14.05,83.9,1124.0,23.1,81.7,4875.905769120283,28.476853566041395,17.94814862846603,7.382516332748143,0.5272003938561145,1.0497566737925526,0.35000000000000003,1.0,0.013141996523634,1.0,0.9885098200787855,0.013141996523634,69681.64162360138,288.15,0.8385412648334485,25.843774714744075,0.023323172660773918,4.9,6.538687154505683
48000.0,10020.0,15.0,49.5,25.200000000000003,180.0,40.0,2596.0,45.2,14.0,83.5,1132.0,23.900000000000002,82.0,4875.820816378326,28.476853566041395,17.947835918477104,7.382516332748143,0.5272003938561145,1.0497566737925526,0.39,1.0,0.013153418718533927,1.0,0.9885098200787855,0.013153418718533927,69681.64162360138,288.15,0.8385412648334485,25.843774714744075,0.023324615603266343,4.6000000000000005,6.538573231179663
48050.0,10010.0,15.100000000000001,49.5,24.900000000000002,179.0,40.2,2597.0,45.1,14.0,83.10000000000001,1122.0,23.0,81.30000000000001,4875.73588306422,28.476853566041395,17.947523280001864,7.382516332748143,0.5272003938561145,1.0497566737925526,0.35000000000000003,1.0,0.013164838301285038,1.0,0.9885098200787855,0.013164838301285038,69681.64162360138,288.15,0.8385412648334485,25.843774714744075,0.023326058215658054,4.9,6.53845933390678
48100.0,10010.0,15.0,50.5,24.700000000000003,180.0,40.0,2599.0,45.0,14.0,82.5,1125.0,23.8,80.60000000000001,4875.650969180233,28.476853566041395,17.947210713048648,7.382516332748143,0.5272003938561145,1.0497566737925526,0.42,1.0,0.013176255271582069,1.0,0.9885098200787855,0.013176255271582069,69681.64162360138,288.15,0.8385412648334485,25.843774714744075,0.02332750049791066,5.0,6.538345462690077
48150.0,9990.0,14.8,51.0,25.6,180.0,40.0,2592.0,45.0,13.950000000000001,83.5,1131.0,23.400000000000002,81.10000000000001,4875.566074728629,28.476853566041395,17.946898217625794,7.382516332748143,0.5272003938561145,1.0497566737925526,0.34,1.0,0.013187669629121069,1.0,0.9885098200787855,0.013187669629121069,69681.64162360138,288.15,0.8385412648334485,25.843774714744075,0.023328942449985787,4.9,6.538231617532587
48200.0,9990.0,15.100000000000001,49.0,25.3,179.0,40.0,2593.0,45.5,14.0,84.7,1128.0,24.0,81.5,4875.481199711665,28.476853566041395,17.94658579374161,7.382516332748143,0.5272003938561145,1.0497566737925526,0.39,1.0,0.013199081373598362,1.0,0.9885098200787855,0.013199081373598362,69681.64162360138,288.15,0.8385412648334485,25.843774714744075,0.02333038407184527,5.2,6.538117798437337
48250.0,10010.0,15.200000000000001,50.0,24.900000000000002,181.0,40.300000000000004,2592.0,44.800000000000004,13.950000000000001,84.0,1125.0,23.700000000000003,81.9,4875.396344131586,28.476853566041395,17.946273441404355,7.382516332748143,0.5272003938561145,1.0497566737925526,0.36,1.0,0.013210490504711936,1.0,0.9885098200787855,0.013210490504711936,69681.64162360138,288.15,0.8385412648334485,25.843774714744075,0.02333182536345101,5.300000000000001,6.538004005407341
48300.0,9980.0,15.5,50.0,24.200000000000003,181.0,40.2,2593.0,44.7,13.9,84.9,1125.0,23.0,81.7,4875.3115079906365,28.476853566041395,17.945961160622296,7.382516332748143,0.5272003938561145,1.0497566737925526,0.33,1.0,0.013221897022160438,1.0,0.9885098200787855,0.013221897022160438,69681.64162360138,288.15,0.8385412648334485,25.843774714744075,0.023333266324765106,4.6000000000000005,6.537890238445604
48350.0,10010.0,15.200000000000001,50.0,25.0,180.0,40.0,2591.0,44.800000000000004,13.950000000000001,83.10000000000001,1130.0,23.700000000000003,81.10000000000001,4875.226691291047,28.476853566041395,17.94564895140364,7.382516332748143,0.5272003938561145,1.0497566737925526,0.35000000000000003,1.0,0.01323330092564365,1.0,0.9885098200787855,0.01323330092564365,69681.64162360138,288.15,0.8385412648334485,25.843774714744075,0.023334706955749657,4.800000000000001,6.537776497555121
48400.0,10030.0,14.700000000000001,50.0,25.0,180.0,39.900000000000006,2599.0,45.1,14.05,83.80000000000001,1129.0,24.0,82.30000000000001,4875.141894035048,28.476853566041395,17.9453368137566,7.382516332748143,0.5272003938561145,1.0497566737925526,0.45,1.0,0.01324470221486169,1.0,0.9885098200787855,0.01324470221486169,69681.64162360138,288.15,0.8385412648334485,25.843774714744075,0.023336147256366988,5.2,6.537662782738881
48450.0,9990.0,15.3,50.5,25.8,179.0,40.1,2591.0,45.2,14.0,83.80000000000001,1123.0,23.700000000000003,81.7,4875.057116224856,28.476853566041395,17.945024747689338,7.382516332748143,0.5272003938561145,1.0497566737925526,0.39,1.0,0.013256100889516531,1.0,0.9885098200787855,0.013256100889516531,69681.64162360138,288.15,0.8385412648334485,25.843774714744075,0.023337587226579533,5.4,6.537549093999857
48500.0,10000.0,15.100000000000001,50.0,25.1,182.0,40.0,2592.0,45.6,14.0,82.5,1125.0,23.0,80.7,4874.9723578626845,28.476853566041395,17.944712753209995,7.382516332748143,0.5272003938561145,1.0497566737925526,0.37,1.0,0.013267496949310816,1.0,0.9885098200787855,0.013267496949310816,69681.64162360138,288.15,0.8385412648334485,25.843774714744075,0.023339026866349852,4.9,6.537435431341018
48550.0,10010.0,15.200000000000001,50.5,24.6,181.0,40.300000000000004,2596.0,45.1,13.9,84.10000000000001,1131.0,23.6,81.30000000000001,4874.8876189507355,28.476853566041395,17.94440083032668,7.382516332748143,0.5272003938561145,1.0497566737925526,0.38,1.0,0.01327889039394812,1.0,0.9885098200787855,0.01327889039394812,69681.64162360138,288.15,0.8385412648334485,25.843774714744075,0.02334046617564059,4.800000000000001,6.537321794765315
48600.0,10000.0,15.200000000000001,50.0,25.400000000000002,180.0,39.800000000000004,2592.0,44.800000000000004,14.0,84.5,1132.0,23.8,81.7,4874.802899491209,28.476853566041395,17.944088979047493,7.382516332748143,0.5272003938561145,1.0497566737925526,0.34,1.0,0.013290281223132944,1.0,0.9885098200787855,0.013290281223132944,69681.64162360138,288.15,0.8385412648334485,25.843774714744075,0.02334190515441456,4.9,6.537208184275702
48650.0,9990.0,15.5,49.0,25.200000000000003,179.0,40.0,2597.0,45.300000000000004,14.0,83.9,1125.0,23.6,82.10000000000001,4874.718199486293,28.476853566041395,17.94377719938048,7.382516332748143,0.5272003938561145,1.0497566737925526,0.39,1.0,0.013301669436570992,1.0,0.9885098200787855,0.013301669436570992,69681.64162360138,288.15,0.8385412648334485,25.843774714744075,0.023343343802634614,4.7,6.537094599875109
48700.0,10000.0,15.3,49.5,24.6,180.0,39.900000000000006,2588.0,45.400000000000006,13.950000000000001,83.30000000000001,1125.0,23.400000000000002,81.2,4874.633518938173,28.476853566041395,17.9434654913337,7.382516332748143,0.5272003938561145,1.0497566737925526,0.4,1.0,0.013313055033968098,1.0,0.9885098200787855,0.013313055033968098,69681.64162360138,288.15,0.8385412648334485,25.843774714744075,0.023344782120263887,4.9,6.53698104156647
48750.0,10010.0,14.8,51.0,24.200000000000003,179.0,40.400000000000006,2596.0,45.1,14.05,83.80000000000001,1128.0,23.1,82.0,4874.548857849022,28.476853566041395,17.94315385491514,7.382516332748143,0.5272003938561145,1.0497566737925526,0.4,1.0,0.013324438015032693,1.0,0.9885098200787855,0.013324438015032693,69681.64162360138,288.15,0.8385412648334485,25.843774714744075,0.023346220107265492,5.2,6.536867509352696
48800.0,10020.0,15.100000000000001,49.5,25.700000000000003,179.0,40.1,2593.0,44.900000000000006,14.05,83.60000000000001,1128.0,23.200000000000003,81.5,4874.464216221008,28.476853566041395,17.94284229013278,7.382516332748143,0.5272003938561145,1.0497566737925526,0.36,1.0,0.013335818379472878,1.0,0.9885098200787855,0.013335818379472878,69681.64162360138,288.15,0.8385412648334485,25.843774714744075,0.023347657763602706,4.800000000000001,6.536754003236697
48850.0,10000.0,15.600000000000001,50.0,24.1,181.0,40.1,2594.0,44.900000000000006,13.950000000000001,84.60000000000001,1127.0,22.900000000000002,81.80000000000001,4874.379594056294,28.476853566041395,17.94253079699459,7.382516332748143,0.5272003938561145,1.0497566737925526,0.42,1.0,0.013347196126998006,1.0,0.9885098200787855,0.013347196126998006,69681.64162360138,288.15,0.8385412648334485,25.843774714744075,0.02334909508923896,4.9,6.536640523221372
48900.0,9990.0,14.700000000000001,49.5,25.6,180.0,39.7,2596.0,45.0,13.950000000000001,82.80000000000001,1124.0,23.900000000000002,81.7,4874.294991357034,28.476853566041395,17.94221937550849,7.382516332748143,0.5272003938561145,1.0497566737925526,0.4,1.0,0.013358571257318371,1.0,0.9885098200787855,0.013358571257318371,69681.64162360138,288.15,0.8385412648334485,25.843774714744075,0.02335053208413776,4.9,6.53652706930961
48950.0,10000.0,14.9,50.0,25.5,181.0,39.800000000000004,2593.0,45.300000000000004,14.15,84.5,1125.0,23.900000000000002,81.60000000000001,4874.210408125373,28.476853566041395,17.941908025682384,7.382516332748143,0.5272003938561145,1.0497566737925526,0.41000000000000003,1.0,0.0133699437701456,1.0,0.9885098200787855,0.0133699437701456,69681.64162360138,288.15,0.8385412648334485,25.843774714744075,0.023351968748262772,5.1000000000000005,6.536413641504288
49000.0,9980.0,15.200000000000001,50.5,25.0,180.0,39.7,2597.0,45.1,13.950000000000001,83.2,1127.0,23.3,81.60000000000001,4874.125844363452,28.476853566041395,17.94159674752415,7.382516332748143,0.5272003938561145,1.0497566737925526,0.33,1.0,0.013381313665191847,1.0,0.9885098200787855,0.013381313665191847,69681.64162360138,288.15,0.8385412648334485,25.843774714744075,0.02335340508157777,5.2,6.536300239808277
49050.0,10000.0,14.700000000000001,49.0,25.400000000000002,180.0,40.0,2598.0,45.300000000000004,14.0,83.30000000000001,1126.0,23.6,82.30000000000001,4874.041300073402,28.476853566041395,17.94128554104163,7.382516332748143,0.5272003938561145,1.0497566737925526,0.38,1.0,0.013392680942170523,1.0,0.9885098200787855,0.013392680942170523,69681.64162360138,288.15,0.8385412648334485,25.843774714744075,0.023354841084046663,5.2,6.536186864224435
49100.0,10000.0,15.100000000000001,51.0,25.700000000000003,181.0,39.800000000000004,2603.0,45.0,14.0,82.10000000000001,1128.0,23.1,81.80000000000001,4873.956775257349,28.476853566041395,17.940974406242653,7.382516332748143,0.5272003938561145,1.0497566737925526,0.35000000000000003,1.0,0.01340404560079599,1.0,0.9885098200787855,0.01340404560079599,69681.64162360138,288.15,0.8385412648334485,25.843774714744075,0.023356276755633475,5.300000000000001,6.5360735147556115
49150.0,10010.0,15.700000000000001,49.5,25.6,179.0,40.0,2592.0,44.900000000000006,13.950000000000001,82.9,1124.0,23.3,81.60000000000001,4873.872269917409,28.476853566041395,17.940663343135,7.382516332748143,0.5272003938561145,1.0497566737925526,0.42,1.0,0.013415407640783653,1.0,0.9885098200787855,0.013415407640783653,69681.64162360138,288.15,0.8385412648334485,25.843774714744075,0.023357712096302313,4.9,6.535960191404644
49200.0,10010.0,14.600000000000001,50.0,25.3,180.0,39.800000000000004,2598.0,44.800000000000004,13.950000000000001,83.7,1127.0,23.3,81.30000000000001,4873.787784055694,28.476853566041395,17.94035235172646,7.382516332748143,0.5272003938561145,1.0497566737925526,0.35000000000000003,1.0,0.013426767061849193,1.0,0.9885098200787855,0.013426767061849193,69681.64162360138,288.15,0.8385412648334485,25.843774714744075,0.023359147106017514,4.800000000000001,6.535846894174368
49250.0,10010.0,15.100000000000001,50.5,25.200000000000003,180.0,39.7,2591.0,44.800000000000004,13.950000000000001,84.0,1129.0,24.3,81.2,4873.703317674306,28.476853566041395,17.940041432024756,7.382516332748143,0.5272003938561145,1.0497566737925526,0.43,1.0,0.013438123863710624,1.0,0.9885098200787855,0.013438123863710624,69681.64162360138,288.15,0.8385412648334485,25.843774714744075,0.023360581784743425,5.300000000000001,6.535733623067599
49300.0,10000.0,15.200000000000001,50.5,25.0,180.0,39.900000000000006,2585.0,45.0,13.950000000000001,82.80000000000001,1128.0,23.0,82.0,4873.618870775341,28.476853566041395,17.939730584037612,7.382516332748143,0.5272003938561145,1.0497566737925526,0.4,1.0,0.013449478046085556,1.0,0.9885098200787855,0.013449478046085556,69681.64162360138,288.15,0.8385412648334485,25.843774714744075,0.023362016132444548,4.800000000000001,6.535620378087149
49350.0,10000.0,14.700000000000001,50.5,25.1,180.0,40.1,2592.0,44.5,14.05,83.80000000000001,1126.0,23.6,82.2,4873.53444336089,28.476853566041395,17.939419807772722,7.382516332748143,0.5272003938561145,1.0497566737925526,0.42,1.0,0.01346082960869319,1.0,0.9885098200787855,0.01346082960869319,69681.64162360138,288.15,0.8385412648334485,25.843774714744075,0.023363450149085543,4.7,6.535507159235821
49400.0,9980.0,14.600000000000001,50.0,25.6,179.0,39.900000000000006,2592.0,44.800000000000004,14.0,82.60000000000001,1130.0,23.400000000000002,82.80000000000001,4873.450035433032,28.476853566041395,17.93910910323774,7.382516332748143,0.5272003938561145,1.0497566737925526,0.35000000000000003,1.0,0.013472178551253867,1.0,0.9885098200787855,0.013472178551253867,69681.64162360138,288.15,0.8385412648334485,25.843774714744075,0.023364883834631128,5.300000000000001,6.535393966516405
49450.0,10020.0,14.9,50.0,24.6,179.0,40.0,2594.0,44.5,14.15,83.2,1127.0,23.3,81.4,4873.365646993843,28.476853566041395,17.938798470440307,7.382516332748143,0.5272003938561145,1.0497566737925526,0.37,1.0,0.013483524873488386,1.0,0.9885098200787855,0.013483524873488386,69681.64162360138,288.15,0.8385412648334485,25.843774714744075,0.023366317189046224,4.9,6.535280799931684
49500.0,10000.0,15.3,50.0,25.3,180.0,40.0,2593.0,45.300000000000004,14.05,83.30000000000001,1126.0,23.5,81.60000000000001,4873.281278045391,28.476853566041395,17.938487909388034,7.382516332748143,0.5272003938561145,1.0497566737925526,0.38,1.0,0.013494868575119084,1.0,0.9885098200787855,0.013494868575119084,69681.64162360138,288.15,0.8385412648334485,25.843774714744075,0.02336775021229581,4.7,6.535167659484432
49550.0,10010.0,15.3,51.0,24.8,181.0,39.6,2598.0,44.6,13.950000000000001,83.60000000000001,1125.0,23.200000000000003,81.30000000000001,4873.196928589736,28.476853566041395,17.9381774200885,7.382516332748143,0.5272003938561145,1.0497566737925526,0.4,1.0,0.01350620965586869,1.0,0.9885098200787855,0.01350620965586869,69681.64162360138,288.15,0.8385412648334485,25.843774714744075,0.02336918290434498,4.6000000000000005,6.535054545177408
49600.0,10000.0,14.9,50.5,25.3,179.0,40.2,2592.0,45.1,13.950000000000001,83.60000000000001,1133.0,23.5,81.30000000000001,4873.11259862893,28.476853566041395,17.937867002549268,7.382516332748143,0.5272003938561145,1.0497566737925526,0.37,1.0,0.013517548115461136,1.0,0.9885098200787855,0.013517548115461136,69681.64162360138,288.15,0.8385412648334485,25.843774714744075,0.023370615265158996,4.5,6.5349414570133675
49650.0,10020.0,15.100000000000001,49.5,24.6,180.0,40.2,2590.0,45.300000000000004,14.0,82.80000000000001,1126.0,24.1,80.9,4873.02828816502,28.476853566041395,17.937556656777872,7.382516332748143,0.5272003938561145,1.0497566737925526,0.36,1.0,0.013528883953621349,1.0,0.9885098200787855,0.013528883953621349,69681.64162360138,288.15,0.8385412648334485,25.843774714744075,0.023372047294703213,5.1000000000000005,6.534828394995056
49700.0,10000.0,14.8,50.5,25.400000000000002,180.0,39.900000000000006,2592.0,45.1,13.9,84.2,1131.0,23.400000000000002,81.7,4872.943997200046,28.476853566041395,17.93724638278181,7.382516332748143,0.5272003938561145,1.0497566737925526,0.42,1.0,0.01354021717007525,1.0,0.9885098200787855,0.01354021717007525,69681.64162360138,288.15,0.8385412648334485,25.843774714744075,0.023373478992943123,5.4,6.534715359125206
49750.0,10020.0,14.5,50.0,25.200000000000003,180.0,40.400000000000006,2601.0,44.800000000000004,14.0,82.9,1126.0,23.400000000000002,82.0,4872.859725736038,28.476853566041395,17.936936180568566,7.382516332748143,0.5272003938561145,1.0497566737925526,0.35000000000000003,1.0,0.013551547764549634,1.0,0.9885098200787855,0.013551547764549634,69681.64162360138,288.15,0.8385412648334485,25.843774714744075,0.02337491035984435,4.2,6.5346023494065415
49800.0,9980.0,14.700000000000001,49.5,25.1,179.0,39.800000000000004,2591.0,44.7,13.950000000000001,83.0,1129.0,23.200000000000003,81.4,4872.77547377502,28.476853566041395,17.936626050145588,7.382516332748143,0.5272003938561145,1.0497566737925526,0.36,1.0,0.013562875736772617,1.0,0.9885098200787855,0.013562875736772617,69681.64162360138,288.15,0.8385412648334485,25.843774714744075,0.023376341395372605,5.1000000000000005,6.534489365841778
49850.0,10000.0,15.3,49.5,25.0,180.0,39.800000000000004,2594.0,45.5,13.950000000000001,83.30000000000001,1124.0,23.0,81.2,4872.691241319009,28.476853566041395,17.936315991520296,7.382516332748143,0.5272003938561145,1.0497566737925526,0.37,1.0,0.013574201086472722,1.0,0.9885098200787855,0.013574201086472722,69681.64162360138,288.15,0.8385412648334485,25.843774714744075,0.023377772099493724,4.800000000000001,6.534376408433619
49900.0,10000.0,14.5,49.5,25.200000000000003,179.0,39.900000000000006,2595.0,44.800000000000004,14.05,82.4,1129.0,23.6,81.60000000000001,4872.607028370017,28.476853566041395,17.936006004700097,7.382516332748143,0.5272003938561145,1.0497566737925526,0.41000000000000003,1.0,0.013585523813379666,1.0,0.9885098200787855,0.013585523813379666,69681.64162360138,288.15,0.8385412648334485,25.843774714744075,0.023379202472173684,4.800000000000001,6.534263477184762
49950.0,9990.0,15.4,51.0,24.700000000000003,180.0,40.2,2594.0,45.2,14.05,83.0,1128.0,23.5,80.9,4872.522834930047,28.476853566041395,17.935696089692367,7.382516332748143,0.5272003938561145,1.0497566737925526,0.35000000000000003,1.0,0.013596843917224094,1.0,0.9885098200787855,0.013596843917224094,69681.64162360138,288.15,0.8385412648334485,25.843774714744075,0.023380632513378574,4.7,6.534150572097892
50000.0,10010.0,15.3,50.5,25.200000000000003,180.0,40.1,2596.0,45.1,13.9,82.9,1124.0,23.900000000000002,82.4,4872.438661001095,28.476853566041395,17.935386246504454,7.382516332748143,0.5272003938561145,1.0497566737925526,0.32,1.0,0.013608161397737586,1.0,0.9885098200787855,0.013608161397737586,69681.64162360138,288.15,0.8385412648334485,25.843774714744075,0.023382062223074603,5.300000000000001,6.53403769317569
50050.0,10000.0,15.3,50.5,25.6,180.0,39.7,2594.0,45.2,14.0,83.7,1127.0,23.3,81.0,4872.354506585149,28.476853566041395,17.93507647514367,7.382516332748143,0.5272003938561145,1.0497566737925526,0.37,1.0,0.01361947625465279,1.0,0.9885098200787855,0.01361947625465279,69681.64162360138,288.15,0.8385412648334485,25.843774714744075,0.0233834916012281,4.9,6.533924840420816
50100.0,9980.0,14.8,49.0,24.8,181.0,39.800000000000004,2597.0,45.900000000000006,14.100000000000001,83.4,1129.0,23.0,80.7,4872.27037168419,28.476853566041395,17.934766775617316,7.382516332748143,0.5272003938561145,1.0497566737925526,0.38,1.0,0.013630788487703277,1.0,0.9885098200787855,0.013630788487703277,69681.64162360138,288.15,0.8385412648334485,25.843774714744075,0.023384920647805542,5.0,6.533812013835933
50150.0,10010.0,14.8,50.0,25.1,180.0,40.0,2591.0,45.1,14.0,83.10000000000001,1129.0,23.900000000000002,81.9,4872.186256300194,28.476853566041395,17.934457147932658,7.382516332748143,0.5272003938561145,1.0497566737925526,0.35000000000000003,1.0,0.013642098096623752,1.0,0.9885098200787855,0.013642098096623752,69681.64162360138,288.15,0.8385412648334485,25.843774714744075,0.023386349362773475,4.9,6.533699213423687
50200.0,9990.0,15.0,49.5,25.5,181.0,40.2,2598.0,44.900000000000006,13.950000000000001,84.4,1127.0,23.0,82.0,4872.102160435129,28.476853566041395,17.934147592096945,7.382516332748143,0.5272003938561145,1.0497566737925526,0.39,1.0,0.013653405081149326,1.0,0.9885098200787855,0.013653405081149326,69681.64162360138,288.15,0.8385412648334485,25.843774714744075,0.02338777774609858,5.2,6.533586439186718
50250.0,10000.0,15.0,51.0,24.400000000000002,180.0,39.800000000000004,2585.0,45.300000000000004,13.950000000000001,83.9,1128.0,23.700000000000003,81.30000000000001,4872.018084090955,28.476853566041395,17.93383810811739,7.382516332748143,0.5272003938561145,1.0497566737925526,0.36,1.0,0.013664709441016432,1.0,0.9885098200787855,0.013664709441016432,69681.64162360138,288.15,0.8385412648334485,25.843774714744075,0.023389205797747656,4.9,6.533473691127654
50300.0,10010.0,15.0,49.5,24.5,180.0,39.900000000000006,2594.0,44.900000000000006,13.950000000000001,83.5,1128.0,24.200000000000003,81.9,4871.934027269628,28.476853566041395,17.93352869600119,7.382516332748143,0.5272003938561145,1.0497566737925526,0.43,1.0,0.013676011175962302,1.0,0.9885098200787855,0.013676011175962302,69681.64162360138,288.15,0.8385412648334485,25.843774714744075,0.023390633517687644,4.7,6.533360969249117
50350.0,9980.0,15.0,50.5,25.3,181.0,39.5,2599.0,45.1,13.9,83.7,1127.0,23.700000000000003,82.0,4871.849989973092,28.476853566041395,17.933219355755504,7.382516332748143,0.5272003938561145,1.0497566737925526,0.39,1.0,0.013687310285725235,1.0,0.9885098200787855,0.013687310285725235,69681.64162360138,288.15,0.8385412648334485,25.843774714744075,0.023392060905885654,4.5,6.533248273553716
50400.0,10000.0,14.5,50.5,25.6,179.0,39.900000000000006,2591.0,44.900000000000006,14.05,83.0,1129.0,23.900000000000002,82.10000000000001,4871.765972203285,28.476853566041395,17.932910087387462,7.382516332748143,0.5272003938561145,1.0497566737925526,0.35000000000000003,1.0,0.013698606770044927,1.0,0.9885098200787855,0.013698606770044927,69681.64162360138,288.15,0.8385412648334485,25.843774714744075,0.02339348796230878,5.2,6.53313560404405
50450.0,10020.0,15.5,50.0,24.700000000000003,179.0,39.800000000000004,2594.0,45.300000000000004,14.100000000000001,83.0,1127.0,23.5,81.2,4871.681973962142,28.476853566041395,17.932600890904194,7.382516332748143,0.5272003938561145,1.0497566737925526,0.4,1.0,0.01370990062866114,1.0,0.9885098200787855,0.01370990062866114,69681.64162360138,288.15,0.8385412648334485,25.843774714744075,0.023394914686924364,5.0,6.533022960722713
50500.0,10000.0,15.100000000000001,50.5,25.200000000000003,179.0,40.2,2595.0,44.900000000000006,14.0,83.5,1130.0,23.200000000000003,82.2,4871.597995251588,28.476853566041395,17.93229176631278,7.382516332748143,0.5272003938561145,1.0497566737925526,0.38,1.0,0.013721191861315235,1.0,0.9885098200787855,0.013721191861315235,69681.64162360138,288.15,0.8385412648334485,25.843774714744075,0.02339634107969979,4.7,6.5329103435922855
50550.0,9990.0,14.700000000000001,49.0,25.3,182.0,39.7,2590.0,45.2,14.0,83.80000000000001,1127.0,23.3,81.4,4871.514036073539,28.476853566041395,17.931982713620272,7.382516332748143,0.5272003938561145,1.0497566737925526,0.31,1.0,0.01373248046774923,1.0,0.9885098200787855,0.01373248046774923,69681.64162360138,288.15,0.8385412648334485,25.843774714744075,0.023397767140602616,4.6000000000000005,6.532797752655337
50600.0,10010.0,15.4,50.5,25.200000000000003,178.0,39.900000000000006,2600.0,45.5,14.100000000000001,83.10000000000001,1124.0,23.5,81.5,4871.430096429908,28.476853566041395,17.931673732833723,7.382516332748143,0.5272003938561145,1.0497566737925526,0.43,1.0,0.013743766447706151,1.0,0.9885098200787855,0.013743766447706151,69681.64162360138,288.15,0.8385412648334485,25.843774714744075,0.023399192869600446,4.9,6.532685187914435
50650.0,10000.0,15.0,50.0,25.3,179.0,39.800000000000004,2600.0,44.5,14.100000000000001,82.10000000000001,1125.0,23.900000000000002,81.5,4871.3461763226005,28.476853566041395,17.93136482396013,7.382516332748143,0.5272003938561145,1.0497566737925526,0.34,1.0,0.013755049800929883,1.0,0.9885098200787855,0.013755049800929883,69681.64162360138,288.15,0.8385412648334485,25.843774714744075,0.02340061826666106,5.0,6.532572649372135
50700.0,10000.0,15.0,49.5,25.0,180.0,40.5,2593.0,44.900000000000006,13.950000000000001,84.30000000000001,1123.0,23.700000000000003,81.4,4871.262275753512,28.476853566041395,17.93105598700648,7.382516332748143,0.5272003938561145,1.0497566737925526,0.34,1.0,0.01376633052716524,1.0,0.9885098200787855,0.01376633052716524,69681.64162360138,288.15,0.8385412648334485,25.843774714744075,0.023402043331752376,4.7,6.532460137030975
50750.0,10000.0,14.8,50.0,25.700000000000003,180.0,39.7,2591.0,44.900000000000006,14.0,83.4,1128.0,24.1,81.5,4871.178394724532,28.476853566041395,17.93074722197973,7.382516332748143,0.5272003938561145,1.0497566737925526,0.35000000000000003,1.0,0.013777608626158445,1.0,0.9885098200787855,0.013777608626158445,69681.64162360138,288.15,0.8385412648334485,25.843774714744075,0.023403468064842416,5.2,6.532347650893492
50800.0,10020.0,15.100000000000001,50.0,25.200000000000003,180.0,39.6,2596.0,45.300000000000004,14.100000000000001,82.80000000000001,1128.0,23.6,81.5,4871.094533237543,28.476853566041395,17.930438528886803,7.382516332748143,0.5272003938561145,1.0497566737925526,0.38,1.0,0.013788884097656237,1.0,0.9885098200787855,0.013788884097656237,69681.64162360138,288.15,0.8385412648334485,25.843774714744075,0.023404892465899243,4.9,6.5322351909622105
50850.0,10000.0,15.200000000000001,50.5,24.700000000000003,180.0,39.900000000000006,2592.0,44.5,14.0,83.5,1127.0,23.5,81.7,4871.010691294425,28.476853566041395,17.930129907734624,7.382516332748143,0.5272003938561145,1.0497566737925526,0.42,1.0,0.0138001569414061,1.0,0.9885098200787855,0.0138001569414061,69681.64162360138,288.15,0.8385412648334485,25.843774714744075,0.023406316534891156,4.800000000000001,6.53212275723965
50900.0,9990.0,15.0,51.0,24.5,181.0,40.2,2585.0,45.1,14.05,83.10000000000001,1125.0,23.3,81.30000000000001,4870.926868897042,28.476853566041395,17.929821358530056,7.382516332748143,0.5272003938561145,1.0497566737925526,0.37,1.0,0.013811427157157103,1.0,0.9885098200787855,0.013811427157157103,69681.64162360138,288.15,0.8385412648334485,25.843774714744075,0.023407740271786513,4.7,6.532010349728312
50950.0,10000.0,15.4,49.5,24.3,181.0,40.0,2593.0,45.0,14.0,82.9,1128.0,23.200000000000003,81.30000000000001,4870.843066047259,28.476853566041395,17.929512881279955,7.382516332748143,0.5272003938561145,1.0497566737925526,0.31,1.0,0.013822694744658725,1.0,0.9885098200787855,0.013822694744658725,69681.64162360138,288.15,0.8385412648334485,25.843774714744075,0.023409163676553765,5.2,6.5318979684306955
51000.0,10000.0,15.200000000000001,50.0,25.200000000000003,180.0,40.1,2590.0,44.6,14.0,82.80000000000001,1131.0,23.700000000000003,81.10000000000001,4870.7592827469325,28.476853566041395,17.929204475991167,7.382516332748143,0.5272003938561145,1.0497566737925526,0.37,1.0,0.013833959703661372,1.0,0.9885098200787855,0.013833959703661372,69681.64162360138,288.15,0.8385412648334485,25.843774714744075,0.02341058674916152,4.9,6.5317856133492915
51050.0,10000.0,15.100000000000001,50.0,24.400000000000002,178.0,39.900000000000006,2596.0,44.900000000000006,14.100000000000001,83.2,1130.0,23.900000000000002,82.0,4870.6755189979085,28.476853566041395,17.928896142670474,7.382516332748143,0.5272003938561145,1.0497566737925526,0.35000000000000003,1.0,0.013845222033916443,1.0,0.9885098200787855,0.013845222033916443,69681.64162360138,288.15,0.8385412648334485,25.843774714744075,0.02341200948957855,4.9,6.531673284486575
51100.0,10010.0,15.100000000000001,50.5,24.400000000000002,182.0,39.800000000000004,2586.0,44.900000000000006,13.850000000000001,82.60000000000001,1133.0,23.400000000000002,80.80000000000001,4870.5917748020265,28.476853566041395,17.92858788132466,7.382516332748143,0.5272003938561145,1.0497566737925526,0.38,1.0,0.01385648173517701,1.0,0.9885098200787855,0.01385648173517701,69681.64162360138,288.15,0.8385412648334485,25.843774714744075,0.023413431897773604,4.6000000000000005,6.531560981845014
51150.0,10010.0,14.8,50.0,24.5,182.0,40.1,2594.0,44.900000000000006,13.950000000000001,82.80000000000001,1125.0,24.1,81.2,4870.508050161126,28.476853566041395,17.92827969196049,7.382516332748143,0.5272003938561145,1.0497566737925526,0.32,1.0,0.013867738807195735,1.0,0.9885098200787855,0.013867738807195735,69681.64162360138,288.15,0.8385412648334485,25.843774714744075,0.023414853973715722,4.6000000000000005,6.531448705427075
51200.0,10010.0,14.9,50.0,25.5,179.0,40.1,2592.0,45.2,14.0,83.10000000000001,1129.0,23.8,81.4,4870.424345077028,28.476853566041395,17.927971574584664,7.382516332748143,0.5272003938561145,1.0497566737925526,0.37,1.0,0.013878993249727484,1.0,0.9885098200787855,0.013878993249727484,69681.64162360138,288.15,0.8385412648334485,25.843774714744075,0.023416275717373942,5.300000000000001,6.531336455235197
51250.0,10010.0,14.9,49.5,25.400000000000002,180.0,40.0,2595.0,45.1,14.0,83.9,1130.0,23.700000000000003,82.2,4870.340659551559,28.476853566041395,17.927663529203908,7.382516332748143,0.5272003938561145,1.0497566737925526,0.38,1.0,0.013890245062527316,1.0,0.9885098200787855,0.013890245062527316,69681.64162360138,288.15,0.8385412648334485,25.843774714744075,0.023417697128717475,5.0,6.531224231271832
51300.0,10010.0,15.3,50.5,25.3,182.0,39.900000000000006,2594.0,44.900000000000006,14.0,82.0,1130.0,23.200000000000003,81.60000000000001,4870.256993586527,28.476853566041395,17.92735555582488,7.382516332748143,0.5272003938561145,1.0497566737925526,0.34,1.0,0.013901494245351429,1.0,0.9885098200787855,0.013901494245351429,69681.64162360138,288.15,0.8385412648334485,25.843774714744075,0.023419118207715597,5.0,6.531112033539404
51350.0,9990.0,14.700000000000001,50.0,24.700000000000003,180.0,40.0,2597.0,44.800000000000004,13.950000000000001,83.2,1128.0,24.1,80.9,4870.173347183741,28.476853566041395,17.92704765445424,7.382516332748143,0.5272003938561145,1.0497566737925526,0.37,1.0,0.013912740797956943,1.0,0.9885098200787855,0.013912740797956943,69681.64162360138,288.15,0.8385412648334485,25.843774714744075,0.02342053895433774,5.2,6.530999862040341
51400.0,10020.0,14.700000000000001,49.5,25.200000000000003,180.0,39.800000000000004,2595.0,45.5,13.9,84.10000000000001,1126.0,23.700000000000003,82.30000000000001,4870.089720345001,28.476853566041395,17.926739825098608,7.382516332748143,0.5272003938561145,1.0497566737925526,0.39,1.0,0.013923984720101581,1.0,0.9885098200787855,0.013923984720101581,69681.64162360138,288.15,0.8385412648334485,25.843774714744075,0.023421959368553492,4.800000000000001,6.5308877167770545
51450.0,10010.0,15.0,50.5,24.900000000000002,181.0,39.7,2590.0,44.6,14.0,82.30000000000001,1125.0,23.200000000000003,82.2,4870.006113072098,28.476853566041395,17.926432067764576,7.382516332748143,0.5272003938561145,1.0497566737925526,0.35000000000000003,1.0,0.013935226011544935,1.0,0.9885098200787855,0.013935226011544935,69681.64162360138,288.15,0.8385412648334485,25.843774714744075,0.02342337945033251,4.5,6.530775597751945
51500.0,10000.0,15.5,50.0,25.0,181.0,40.2,2596.0,44.800000000000004,14.05,82.4,1125.0,24.1,82.10000000000001,4869.922525366817,28.476853566041395,17.92612438245872,7.382516332748143,0.5272003938561145,1.0497566737925526,0.39,1.0,0.013946464672046716,1.0,0.9885098200787855,0.013946464672046716,69681.64162360138,288.15,0.8385412648334485,25.843774714744075,0.023424799199644582,4.4,6.53066350496741
51550.0,9990.0,14.8,50.0,24.5,180.0,40.400000000000006,2596.0,45.1,13.950000000000001,82.2,1124.0,23.0,81.5,4869.838957230936,28.476853566041395,17.925816769187584,7.382516332748143,0.5272003938561145,1.0497566737925526,0.39,1.0,0.013957700701367978,1.0,0.9885098200787855,0.013957700701367978,69681.64162360138,288.15,0.8385412648334485,25.843774714744075,0.023426218616459566,4.6000000000000005,6.53055143842583
51600.0,10000.0,15.5,51.0,25.3,180.0,40.1,2600.0,44.400000000000006,14.100000000000001,82.9,1126.0,23.400000000000002,81.60000000000001,4869.75540866623,28.476853566041395,17.9255092279577,7.382516332748143,0.5272003938561145,1.0497566737925526,0.35000000000000003,1.0,0.013968934099270034,1.0,0.9885098200787855,0.013968934099270034,69681.64162360138,288.15,0.8385412648334485,25.843774714744075,0.02342763770074753,4.800000000000001,6.530439398129588
51650.0,10010.0,15.100000000000001,50.0,24.900000000000002,181.0,40.2,2598.0,45.1,14.05,83.7,1134.0,24.0,81.4,4869.671879674461,28.476853566041395,17.92520175877555,7.382516332748143,0.5272003938561145,1.0497566737925526,0.35000000000000003,1.0,0.013980164865516061,1.0,0.9885098200787855,0.013980164865516061,69681.64162360138,288.15,0.8385412648334485,25.843774714744075,0.023429056452478562,4.800000000000001,6.530327384081046
51700.0,10000.0,15.200000000000001,49.5,25.5,179.0,39.7,2594.0,44.7,13.9,82.80000000000001,1125.0,23.6,81.2,4869.588370257388,28.476853566041395,17.92489436164762,7.382516332748143,0.5272003938561145,1.0497566737925526,0.36,1.0,0.013991392999869377,1.0,0.9885098200787855,0.013991392999869377,69681.64162360138,288.15,0.8385412648334485,25.843774714744075,0.023430474871622944,4.9,6.530215396282563
51750.0,10010.0,15.5,50.0,25.1,180.0,40.1,2596.0,45.400000000000006,13.850000000000001,83.0,1128.0,23.5,81.0,4869.504880416763,28.476853566041395,17.924587036580345,7.382516332748143,0.5272003938561145,1.0497566737925526,0.34,1.0,0.01400261850209468,1.0,0.9885098200787855,0.01400261850209468,69681.64162360138,288.15,0.8385412648334485,25.843774714744075,0.023431892958151013,5.1000000000000005,6.530103434736487
51800.0,9990.0,14.5,50.5,25.200000000000003,180.0,39.800000000000004,2594.0,45.400000000000006,13.9,82.2,1125.0,23.6,81.2,4869.421410154329,28.476853566041395,17.924279783580154,7.382516332748143,0.5272003938561145,1.0497566737925526,0.4,1.0,0.014013841371957348,1.0,0.9885098200787855,0.014013841371957348,69681.64162360138,288.15,0.8385412648334485,25.843774714744075,0.023433310712033327,5.1000000000000005,6.529991499445159
51850.0,10000.0,15.200000000000001,50.0,25.0,179.0,39.800000000000004,2589.0,45.0,14.0,82.30000000000001,1127.0,23.3,80.9,4869.337959471822,28.476853566041395,17.923972602653425,7.382516332748143,0.5272003938561145,1.0497566737925526,0.36,1.0,0.014025061609224284,1.0,0.9885098200787855,0.014025061609224284,69681.64162360138,288.15,0.8385412648334485,25.843774714744075,0.023434728133240438,4.6000000000000005,6.529879590410903
51900.0,10010.0,15.0,50.5,24.8,180.0,40.400000000000006,2588.0,45.400000000000006,14.100000000000001,83.60000000000001,1126.0,24.1,81.30000000000001,4869.254528370973,28.476853566041395,17.923665493806542,7.382516332748143,0.5272003938561145,1.0497566737925526,0.36,1.0,0.014036279213662461,1.0,0.9885098200787855,0.014036279213662461,69681.64162360138,288.15,0.8385412648334485,25.843774714744075,0.023436145221743074,4.800000000000001,6.529767707636044
51950.0,9990.0,14.700000000000001,50.5,24.700000000000003,180.0,39.7,2594.0,44.7,13.9,83.10000000000001,1130.0,23.700000000000003,81.7,4869.171116853505,28.476853566041395,17.92335845704584,7.382516332748143,0.5272003938561145,1.0497566737925526,0.38,1.0,0.014047494185040177,1.0,0.9885098200787855,0.014047494185040177,69681.64162360138,288.15,0.8385412648334485,25.843774714744075,0.023437561977512074,4.800000000000001,6.529655851122888
52000.0,10010.0,14.8,50.5,25.5,179.0,39.900000000000006,2592.0,44.6,13.950000000000001,83.9,1124.0,24.0,81.2,4869.087724921136,28.476853566041395,17.923051492377645,7.382516332748143,0.5272003938561145,1.0497566737925526,0.44,1.0,0.01405870652312666,1.0,0.9885098200787855,0.01405870652312666,69681.64162360138,288.15,0.8385412648334485,25.843774714744075,0.02343897840051839,4.7,6.529544020873742
52050.0,10000.0,14.700000000000001,49.5,25.5,180.0,40.2,2589.0,45.2,13.950000000000001,82.30000000000001,1128.0,23.6,81.5,4869.0043525755755,28.476853566041395,17.922744599808247,7.382516332748143,0.5272003938561145,1.0497566737925526,0.4,1.0,0.014069916227692209,1.0,0.9885098200787855,0.014069916227692209,69681.64162360138,288.15,0.8385412648334485,25.843774714744075,0.023440394490733086,5.1000000000000005,6.529432216890898
52100.0,10020.0,14.700000000000001,51.0,25.8,180.0,39.7,2589.0,44.900000000000006,14.15,83.10000000000001,1125.0,23.3,80.80000000000001,4868.920999818525,28.476853566041395,17.922437779343912,7.382516332748143,0.5272003938561145,1.0497566737925526,0.41000000000000003,1.0,0.014081123298507586,1.0,0.9885098200787855,0.014081123298507586,69681.64162360138,288.15,0.8385412648334485,25.843774714744075,0.023441810248127387,4.800000000000001,6.529320439176639
52150.0,10030.0,15.200000000000001,50.5,24.900000000000002,179.0,39.800000000000004,2589.0,45.300000000000004,14.0,83.7,1127.0,23.5,80.9,4868.837666651681,28.476853566041395,17.922131030990883,7.382516332748143,0.5272003938561145,1.0497566737925526,0.39,1.0,0.014092327735345148,1.0,0.9885098200787855,0.014092327735345148,69681.64162360138,288.15,0.8385412648334485,25.843774714744075,0.02344322567267251,4.800000000000001,6.529208687733237
52200.0,10010.0,14.8,50.5,25.700000000000003,180.0,40.2,2597.0,45.6,14.05,83.5,1127.0,23.3,80.80000000000001,4868.754353076734,28.476853566041395,17.921824354755387,7.382516332748143,0.5272003938561145,1.0497566737925526,0.42,1.0,0.014103529537977121,1.0,0.9885098200787855,0.014103529537977121,69681.64162360138,288.15,0.8385412648334485,25.843774714744075,0.023444640764339945,4.6000000000000005,6.529096962562963
52250.0,10010.0,15.100000000000001,50.5,24.8,179.0,40.1,2593.0,44.6,14.15,82.60000000000001,1124.0,23.5,82.10000000000001,4868.671059095366,28.476853566041395,17.92151775064361,7.382516332748143,0.5272003938561145,1.0497566737925526,0.32,1.0,0.014114728706177793,1.0,0.9885098200787855,0.014114728706177793,69681.64162360138,288.15,0.8385412648334485,25.843774714744075,0.02344605552310124,5.2,6.528985263668068
52300.0,9990.0,15.100000000000001,49.5,25.8,180.0,39.900000000000006,2593.0,45.0,14.0,83.4,1127.0,23.1,81.30000000000001,4868.58778470925,28.476853566041395,17.92121121866171,7.382516332748143,0.5272003938561145,1.0497566737925526,0.4,1.0,0.014125925239722115,1.0,0.9885098200787855,0.014125925239722115,69681.64162360138,288.15,0.8385412648334485,25.843774714744075,0.02344746994892801,4.7,6.5288735910507985
52350.0,10010.0,15.0,50.0,25.5,179.0,39.900000000000006,2599.0,45.5,14.15,83.10000000000001,1128.0,23.900000000000002,82.10000000000001,4868.504529920056,28.476853566041395,17.92090475881584,7.382516332748143,0.5272003938561145,1.0497566737925526,0.39,1.0,0.014137119138385505,1.0,0.9885098200787855,0.014137119138385505,69681.64162360138,288.15,0.8385412648334485,25.843774714744075,0.023448884041792035,5.1000000000000005,6.528761944713394
52400.0,10010.0,15.200000000000001,49.5,24.900000000000002,180.0,39.800000000000004,2588.0,44.900000000000006,14.0,83.2,1128.0,23.6,81.30000000000001,4868.421294729445,28.476853566041395,17.920598371112114,7.382516332748143,0.5272003938561145,1.0497566737925526,0.35000000000000003,1.0,0.014148310401944381,1.0,0.9885098200787855,0.014148310401944381,69681.64162360138,288.15,0.8385412648334485,25.843774714744075,0.023450297801665188,5.1000000000000005,6.528650324658082
52450.0,10000.0,14.9,50.0,24.700000000000003,180.0,39.900000000000006,2593.0,45.2,14.05,84.0,1130.0,24.3,81.7,4868.3380791390755,28.476853566041395,17.920292055556626,7.382516332748143,0.5272003938561145,1.0497566737925526,0.4,1.0,0.014159499030176288,1.0,0.9885098200787855,0.014159499030176288,69681.64162360138,288.15,0.8385412648334485,25.843774714744075,0.02345171122851951,4.7,6.5285387308870835
52500.0,10010.0,14.8,49.5,25.6,179.0,40.1,2591.0,45.300000000000004,14.100000000000001,83.4,1130.0,23.6,82.5,4868.25488315059,28.476853566041395,17.919985812155435,7.382516332748143,0.5272003938561145,1.0497566737925526,0.4,1.0,0.014170685022860036,1.0,0.9885098200787855,0.014170685022860036,69681.64162360138,288.15,0.8385412648334485,25.843774714744075,0.023453124322327063,4.6000000000000005,6.528427163402605
52550.0,10000.0,15.0,50.0,24.3,180.0,39.7,2584.0,44.900000000000006,13.950000000000001,82.60000000000001,1119.0,23.3,81.30000000000001,4868.171706765635,28.476853566041395,17.91967964091459,7.382516332748143,0.5272003938561145,1.0497566737925526,0.36,1.0,0.014181868379774374,1.0,0.9885098200787855,0.014181868379774374,69681.64162360138,288.15,0.8385412648334485,25.843774714744075,0.023454537083060095,5.0,6.528315622206852
52600.0,10020.0,15.200000000000001,50.5,25.400000000000002,179.0,40.1,2598.0,44.900000000000006,13.950000000000001,83.4,1123.0,23.200000000000003,81.10000000000001,4868.088549985841,28.476853566041395,17.91937354184011,7.382516332748143,0.5272003938561145,1.0497566737925526,0.39,1.0,0.01419304910069977,1.0,0.9885098200787855,0.01419304910069977,69681.64162360138,288.15,0.8385412648334485,25.843774714744075,0.023455949510690965,4.9,6.528204107302013
52650.0,10010.0,14.700000000000001,49.5,25.200000000000003,179.0,39.900000000000006,2587.0,45.1,14.100000000000001,82.5,1130.0,23.6,80.5,4868.005412812839,28.476853566041395,17.91906751493798,7.382516332748143,0.5272003938561145,1.0497566737925526,0.35000000000000003,1.0,0.014204227185417435,1.0,0.9885098200787855,0.014204227185417435,69681.64162360138,288.15,0.8385412648334485,25.843774714744075,0.023457361605192132,4.6000000000000005,6.528092618690273
52700.0,10000.0,15.100000000000001,51.0,24.400000000000002,180.0,39.800000000000004,2589.0,45.0,14.0,82.0,1127.0,23.200000000000003,81.4,4867.922295248247,28.476853566041395,17.918761560214165,7.382516332748143,0.5272003938561145,1.0497566737925526,0.42,1.0,0.014215402633709504,1.0,0.9885098200787855,0.014215402633709504,69681.64162360138,288.15,0.8385412648334485,25.843774714744075,0.023458773366536154,5.0,6.527981156373805
52750.0,10000.0,14.9,50.0,25.200000000000003,180.0,40.0,2595.0,44.6,13.950000000000001,83.5,1129.0,23.6,82.2,4867.839197293682,28.476853566041395,17.91845567767462,7.382516332748143,0.5272003938561145,1.0497566737925526,0.4,1.0,0.014226575445358578,1.0,0.9885098200787855,0.014226575445358578,69681.64162360138,288.15,0.8385412648334485,25.843774714744075,0.023460184794695773,4.800000000000001,6.527869720354775
52800.0,9990.0,15.4,50.5,25.700000000000003,182.0,39.7,2589.0,44.1,14.05,83.5,1127.0,23.200000000000003,81.4,4867.756118950748,28.476853566041395,17.91814986732524,7.382516332748143,0.5272003938561145,1.0497566737925526,0.39,1.0,0.014237745620149058,1.0,0.9885098200787855,0.014237745620149058,69681.64162360138,288.15,0.8385412648334485,25.843774714744075,0.023461595889643725,5.1000000000000005,6.527758310635332
52850.0,10000.0,15.200000000000001,50.0,25.5,181.0,39.800000000000004,2600.0,45.400000000000006,14.05,83.2,1131.0,23.0,82.0,4867.67306022105,28.476853566041395,17.917844129171943,7.382516332748143,0.5272003938561145,1.0497566737925526,0.37,1.0,0.014248913157865209,1.0,0.9885098200787855,0.014248913157865209,69681.64162360138,288.15,0.8385412648334485,25.843774714744075,0.023463006651353004,5.1000000000000005,6.527646927217633
52900.0,10000.0,14.600000000000001,50.0,25.400000000000002,180.0,39.900000000000006,2592.0,45.2,14.15,81.80000000000001,1134.0,23.700000000000003,81.7,4867.590021106176,28.476853566041395,17.917538463220566,7.382516332748143,0.5272003938561145,1.0497566737925526,0.37,1.0,0.014260078058293425,1.0,0.9885098200787855,0.014260078058293425,69681.64162360138,288.15,0.8385412648334485,25.843774714744075,0.023464417079796573,4.9,6.527535570103805
52950.0,10000.0,14.700000000000001,49.5,25.5,179.0,40.1,2593.0,44.7,14.15,82.5,1124.0,23.5,81.0,4867.507001607721,28.476853566041395,17.917232869476983,7.382516332748143,0.5272003938561145,1.0497566737925526,0.38,1.0,0.014271240321219503,1.0,0.9885098200787855,0.014271240321219503,69681.64162360138,288.15,0.8385412648334485,25.843774714744075,0.023465827174947655,4.9,6.5274242392959865
53000.0,10000.0,15.0,49.5,25.3,180.0,39.900000000000006,2600.0,45.0,14.100000000000001,83.80000000000001,1130.0,23.8,81.4,4867.424001727257,28.476853566041395,17.916927347946988,7.382516332748143,0.5272003938561145,1.0497566737925526,0.38,1.0,0.014282399946431565,1.0,0.9885098200787855,0.014282399946431565,69681.64162360138,288.15,0.8385412648334485,25.843774714744075,0.02346723693677949,4.800000000000001,6.527312934796287
53050.0,9970.0,15.200000000000001,50.0,25.3,180.0,40.1,2589.0,44.6,13.850000000000001,83.0,1125.0,23.3,81.60000000000001,4867.341021466362,28.476853566041395,17.91662189863638,7.382516332748143,0.5272003938561145,1.0497566737925526,0.37,1.0,0.014293556933717871,1.0,0.9885098200787855,0.014293556933717871,69681.64162360138,288.15,0.8385412648334485,25.843774714744075,0.02346864636526545,4.5,6.527201656606821
53100.0,10030.0,15.0,49.5,24.700000000000003,180.0,40.0,2599.0,45.0,14.15,82.80000000000001,1128.0,24.0,82.0,4867.258060826602,28.476853566041395,17.91631652155092,7.382516332748143,0.5272003938561145,1.0497566737925526,0.42,1.0,0.014304711282867874,1.0,0.9885098200787855,0.014304711282867874,69681.64162360138,288.15,0.8385412648334485,25.843774714744075,0.023470055460379013,4.800000000000001,6.52709040472969
53150.0,10000.0,14.3,50.0,25.400000000000002,181.0,40.0,2601.0,44.900000000000006,13.950000000000001,82.80000000000001,1124.0,23.8,81.5,4867.175119809537,28.476853566041395,17.916011216696365,7.382516332748143,0.5272003938561145,1.0497566737925526,0.4,1.0,0.01431586299367143,1.0,0.9885098200787855,0.01431586299367143,69681.64162360138,288.15,0.8385412648334485,25.843774714744075,0.023471464222093834,4.800000000000001,6.526979179166986
53200.0,10000.0,14.4,50.0,25.0,179.0,40.0,2593.0,45.5,13.950000000000001,83.2,1124.0,23.400000000000002,81.5,4867.09219841672,28.476853566041395,17.91570598407842,7.382516332748143,0.5272003938561145,1.0497566737925526,0.37,1.0,0.014327012065919983,1.0,0.9885098200787855,0.014327012065919983,69681.64162360138,288.15,0.8385412648334485,25.843774714744075,0.02347287265038361,4.9,6.52686797992079
53250.0,10000.0,14.9,50.5,24.900000000000002,180.0,40.1,2595.0,45.2,14.05,83.30000000000001,1126.0,23.200000000000003,80.7,4867.009296649699,28.476853566041395,17.915400823702786,7.382516332748143,0.5272003938561145,1.0497566737925526,0.33,1.0,0.014338158499405656,1.0,0.9885098200787855,0.014338158499405656,69681.64162360138,288.15,0.8385412648334485,25.843774714744075,0.023474280745222176,5.300000000000001,6.52675680699318
53300.0,9970.0,15.4,49.5,25.5,178.0,40.0,2600.0,45.2,14.0,81.9,1124.0,24.1,81.2,4866.926414510013,28.476853566041395,17.915095735575132,7.382516332748143,0.5272003938561145,1.0497566737925526,0.38,1.0,0.01434930229392116,1.0,0.9885098200787855,0.01434930229392116,69681.64162360138,288.15,0.8385412648334485,25.843774714744075,0.02347568850658351,4.9,6.526645660386219
53350.0,9980.0,15.100000000000001,50.0,25.1,180.0,39.7,2593.0,45.2,14.05,83.0,1129.0,23.5,81.4,4866.8435519991945,28.476853566041395,17.91479071970109,7.382516332748143,0.5272003938561145,1.0497566737925526,0.37,1.0,0.01436044344926067,1.0,0.9885098200787855,0.01436044344926067,69681.64162360138,288.15,0.8385412648334485,25.843774714744075,0.02347709593444167,5.1000000000000005,6.526534540101959
53400.0,10000.0,14.9,49.5,25.400000000000002,179.0,40.0,2604.0,45.2,14.100000000000001,82.7,1130.0,23.6,81.60000000000001,4866.76070911877,28.476853566041395,17.91448577608629,7.382516332748143,0.5272003938561145,1.0497566737925526,0.44,1.0,0.014371581965218766,1.0,0.9885098200787855,0.014371581965218766,69681.64162360138,288.15,0.8385412648334485,25.843774714744075,0.023478503028770838,4.800000000000001,6.526423446142454
53450.0,10000.0,14.700000000000001,50.5,24.8,181.0,39.7,2596.0,44.800000000000004,14.05,83.0,1126.0,23.5,81.0,4866.677885870259,28.476853566041395,17.91418090473632,7.382516332748143,0.5272003938561145,1.0497566737925526,0.41000000000000003,1.0,0.014382717841591355,1.0,0.9885098200787855,0.014382717841591355,69681.64162360138,288.15,0.8385412648334485,25.843774714744075,0.02347990978954528,4.6000000000000005,6.5263123785097354
53500.0,10000.0,15.100000000000001,51.0,25.0,180.0,40.1,2586.0,44.6,14.0,82.60000000000001,1123.0,23.900000000000002,81.5,4866.595082255177,28.476853566041395,17.913876105656755,7.382516332748143,0.5272003938561145,1.0497566737925526,0.39,1.0,0.014393851078174414,1.0,0.9885098200787855,0.014393851078174414,69681.64162360138,288.15,0.8385412648334485,25.843774714744075,0.023481316216739427,4.7,6.526201337205838
53550.0,10000.0,15.200000000000001,50.0,25.200000000000003,179.0,40.0,2599.0,45.400000000000006,14.100000000000001,83.2,1127.0,23.5,80.5,4866.512298275028,28.476853566041395,17.91357137885314,7.382516332748143,0.5272003938561145,1.0497566737925526,0.34,1.0,0.014404981674765904,1.0,0.9885098200787855,0.014404981674765904,69681.64162360138,288.15,0.8385412648334485,25.843774714744075,0.02348272231032778,4.800000000000001,6.526090322232778
53600.0,10000.0,15.4,50.5,24.700000000000003,181.0,39.900000000000006,2597.0,45.2,14.100000000000001,82.7,1129.0,23.0,82.0,4866.429533931314,28.476853566041395,17.91326672433099,7.382516332748143,0.5272003938561145,1.0497566737925526,0.38,1.0,0.014416109631164003,1.0,0.9885098200787855,0.014416109631164003,69681.64162360138,288.15,0.8385412648334485,25.843774714744075,0.023484128070285014,4.9,6.525979333592571
53650.0,9980.0,14.9,50.5,24.8,181.0,40.0,2598.0,45.1,13.950000000000001,83.0,1131.0,23.8,81.30000000000001,4866.346789225525,28.476853566041395,17.912962142095804,7.382516332748143,0.5272003938561145,1.0497566737925526,0.45,1.0,0.014427234947168004,1.0,0.9885098200787855,0.014427234947168004,69681.64162360138,288.15,0.8385412648334485,25.843774714744075,0.023485533496585873,5.2,6.525868371287214
53700.0,10010.0,15.100000000000001,50.5,25.3,178.0,40.1,2594.0,44.900000000000006,14.0,82.0,1122.0,24.1,81.60000000000001,4866.264064159148,28.476853566041395,17.91265763215305,7.382516332748143,0.5272003938561145,1.0497566737925526,0.31,1.0,0.01443835762257841,1.0,0.9885098200787855,0.01443835762257841,69681.64162360138,288.15,0.8385412648334485,25.843774714744075,0.023486938589205194,4.7,6.525757435318701
53750.0,10010.0,14.9,50.5,25.400000000000002,179.0,40.0,2592.0,44.6,13.9,82.5,1125.0,23.700000000000003,81.9,4866.181358733664,28.476853566041395,17.912353194508178,7.382516332748143,0.5272003938561145,1.0497566737925526,0.4,1.0,0.014449477657195717,1.0,0.9885098200787855,0.014449477657195717,69681.64162360138,288.15,0.8385412648334485,25.843774714744075,0.023488343348117943,5.1000000000000005,6.525646525689018
53800.0,10000.0,15.200000000000001,50.0,24.8,182.0,39.5,2587.0,45.1,14.0,82.10000000000001,1124.0,23.3,81.80000000000001,4866.098672950546,28.476853566041395,17.91204882916661,7.382516332748143,0.5272003938561145,1.0497566737925526,0.42,1.0,0.014460595050822148,1.0,0.9885098200787855,0.014460595050822148,69681.64162360138,288.15,0.8385412648334485,25.843774714744075,0.023489747773299246,5.300000000000001,6.525535642400142
53850.0,9980.0,14.600000000000001,49.5,25.5,180.0,40.0,2595.0,45.0,13.9,83.30000000000001,1126.0,23.200000000000003,81.7,4866.016006811258,28.476853566041395,17.911744536133742,7.382516332748143,0.5272003938561145,1.0497566737925526,0.37,1.0,0.0144717098032606,1.0,0.9885098200787855,0.0144717098032606,69681.64162360138,288.15,0.8385412648334485,25.843774714744075,0.023491151864724284,4.9,6.525424785454034
53900.0,10000.0,15.3,50.0,24.6,180.0,40.1,2596.0,45.300000000000004,13.950000000000001,83.4,1123.0,23.6,81.2,4865.933360317261,28.476853566041395,17.91144031541494,7.382516332748143,0.5272003938561145,1.0497566737925526,0.42,1.0,0.014482821914314829,1.0,0.9885098200787855,0.014482821914314829,69681.64162360138,288.15,0.8385412648334485,25.843774714744075,0.023492555622368388,4.800000000000001,6.5253139548526535
53950.0,10010.0,14.5,50.0,24.700000000000003,182.0,39.900000000000006,2595.0,45.0,13.9,82.60000000000001,1128.0,23.700000000000003,80.2,4865.850733470008,28.476853566041395,17.911136167015563,7.382516332748143,0.5272003938561145,1.0497566737925526,0.36,1.0,0.014493931383789387,1.0,0.9885098200787855,0.014493931383789387,69681.64162360138,288.15,0.8385412648334485,25.843774714744075,0.02349395904620697,5.1000000000000005,6.525203150597951
54000.0,10010.0,15.4,49.5,25.5,180.0,40.300000000000004,2594.0,44.400000000000006,14.05,82.7,1126.0,23.1,82.2,4865.768126270947,28.476853566041395,17.910832090940932,7.382516332748143,0.5272003938561145,1.0497566737925526,0.37,1.0,0.014505038211489898,1.0,0.9885098200787855,0.014505038211489898,69681.64162360138,288.15,0.8385412648334485,25.843774714744075,0.02349536213621557,5.300000000000001,6.525092372691866
54050.0,9990.0,14.700000000000001,50.5,25.0,180.0,39.7,2592.0,45.1,13.9,82.60000000000001,1126.0,23.6,82.10000000000001,4865.685538721515,28.476853566041395,17.910528087196347,7.382516332748143,0.5272003938561145,1.0497566737925526,0.37,1.0,0.014516142397222712,1.0,0.9885098200787855,0.014516142397222712,69681.64162360138,288.15,0.8385412648334485,25.843774714744075,0.023496764892369865,4.7,6.524981621136326
54100.0,10030.0,14.9,50.0,24.900000000000002,180.0,40.0,2598.0,45.1,14.100000000000001,83.60000000000001,1127.0,23.8,81.9,4865.602970823145,28.476853566041395,17.910224155787077,7.382516332748143,0.5272003938561145,1.0497566737925526,0.35000000000000003,1.0,0.014527243940795243,1.0,0.9885098200787855,0.014527243940795243,69681.64162360138,288.15,0.8385412648334485,25.843774714744075,0.02349816731464557,5.5,6.524870895933255
54150.0,9990.0,14.9,49.5,24.5,181.0,40.5,2592.0,45.1,14.0,83.5,1133.0,24.200000000000003,81.2,4865.520422577267,28.476853566041395,17.909920296718383,7.382516332748143,0.5272003938561145,1.0497566737925526,0.4,1.0,0.01453834284201544,1.0,0.9885098200787855,0.01453834284201544,69681.64162360138,288.15,0.8385412648334485,25.843774714744075,0.02349956940301862,5.0,6.524760197084566
54200.0,10000.0,14.700000000000001,49.5,25.5,181.0,40.0,2595.0,45.400000000000006,13.9,82.7,1132.0,23.700000000000003,80.80000000000001,4865.437893985297,28.476853566041395,17.90961650999548,7.382516332748143,0.5272003938561145,1.0497566737925526,0.38,1.0,0.014549439100692849,1.0,0.9885098200787855,0.014549439100692849,69681.64162360138,288.15,0.8385412648334485,25.843774714744075,0.023500971157464988,5.1000000000000005,6.524649524592163
54250.0,9970.0,15.100000000000001,50.0,24.3,180.0,40.0,2594.0,44.900000000000006,13.950000000000001,82.10000000000001,1125.0,23.900000000000002,81.5,4865.35538504865,28.476853566041395,17.90931279562358,7.382516332748143,0.5272003938561145,1.0497566737925526,0.38,1.0,0.014560532716637282,1.0,0.9885098200787855,0.014560532716637282,69681.64162360138,288.15,0.8385412648334485,25.843774714744075,0.023502372577960732,4.6000000000000005,6.524538878457941
54300.0,10000.0,15.200000000000001,50.5,24.8,178.0,39.900000000000006,2592.0,44.7,13.950000000000001,83.4,1127.0,24.0,80.60000000000001,4865.272895768733,28.476853566041395,17.90900915360786,7.382516332748143,0.5272003938561145,1.0497566737925526,0.37,1.0,0.014571623689659141,1.0,0.9885098200787855,0.014571623689659141,69681.64162360138,288.15,0.8385412648334485,25.843774714744075,0.02350377366448213,4.4,6.524428258683787
54350.0,9990.0,14.700000000000001,50.5,25.200000000000003,181.0,39.900000000000006,2590.0,44.7,14.0,84.0,1128.0,23.5,81.30000000000001,4865.190426146945,28.476853566041395,17.908705583953466,7.382516332748143,0.5272003938561145,1.0497566737925526,0.38,1.0,0.014582712019570773,1.0,0.9885098200787855,0.014582712019570773,69681.64162360138,288.15,0.8385412648334485,25.843774714744075,0.02350517441700549,5.4,6.524317665271577
54400.0,10010.0,15.100000000000001,50.0,25.1,180.0,39.900000000000006,2591.0,45.300000000000004,14.0,83.5,1131.0,23.8,81.5,4865.1079761846795,28.476853566041395,17.908402086665532,7.382516332748143,0.5272003938561145,1.0497566737925526,0.48,1.0,0.01459379770618471,1.0,0.9885098200787855,0.01459379770618471,69681.64162360138,288.15,0.8385412648334485,25.843774714744075,0.023506574835507225,4.9,6.5242070982231795
54450.0,9990.0,14.9,51.0,24.5,179.0,40.2,2593.0,45.0,14.100000000000001,82.5,1123.0,23.200000000000003,81.60000000000001,4865.0255458833235,28.476853566041395,17.90809866174916,7.382516332748143,0.5272003938561145,1.0497566737925526,0.39,1.0,0.014604880749314361,1.0,0.9885098200787855,0.014604880749314361,69681.64162360138,288.15,0.8385412648334485,25.843774714744075,0.02350797491996388,4.7,6.524096557540455
54500.0,9990.0,14.9,50.5,24.700000000000003,179.0,39.800000000000004,2593.0,45.1,14.15,83.0,1127.0,23.900000000000002,81.7,4864.94313524426,28.476853566041395,17.907795309209444,7.382516332748143,0.5272003938561145,1.0497566737925526,0.36,1.0,0.014615961148773986,1.0,0.9885098200787855,0.014615961148773986,69681.64162360138,288.15,0.8385412648334485,25.843774714744075,0.023509374670352166,5.4,6.523986043225258
54550.0,10000.0,15.100000000000001,50.5,25.1,181.0,39.900000000000006,2597.0,45.0,14.05,82.80000000000001,1126.0,23.900000000000002,81.5,4864.860744268859,28.476853566041395,17.907492029051426,7.382516332748143,0.5272003938561145,1.0497566737925526,0.36,1.0,0.014627038904379459,1.0,0.9885098200787855,0.014627038904379459,69681.64162360138,288.15,0.8385412648334485,25.843774714744075,0.023510774086648832,5.2,6.523875555279426
54600.0,10010.0,15.0,50.0,25.1,181.0,39.7,2596.0,45.2,13.850000000000001,83.0,1129.0,23.8,81.7,4864.778372958488,28.476853566041395,17.90718882128014,7.382516332748143,0.5272003938561145,1.0497566737925526,0.37,1.0,0.014638114015946366,1.0,0.9885098200787855,0.014638114015946366,69681.64162360138,288.15,0.8385412648334485,25.843774714744075,0.02351217316883076,4.6000000000000005,6.523765093704792
54650.0,9980.0,15.3,50.5,25.5,179.0,40.2,2588.0,44.7,14.0,83.30000000000001,1131.0,23.6,80.9,4864.6960213145085,28.476853566041395,17.906885685900594,7.382516332748143,0.5272003938561145,1.0497566737925526,0.35000000000000003,1.0,0.014649186483292045,1.0,0.9885098200787855,0.014649186483292045,69681.64162360138,288.15,0.8385412648334485,25.843774714744075,0.02351357191687494,4.7,6.523654658503183
54700.0,10030.0,15.200000000000001,50.5,24.900000000000002,180.0,40.1,2592.0,44.900000000000006,13.950000000000001,82.60000000000001,1127.0,23.400000000000002,81.5,4864.613689338275,28.476853566041395,17.90658262291778,7.382516332748143,0.5272003938561145,1.0497566737925526,0.39,1.0,0.014660256306234552,1.0,0.9885098200787855,0.014660256306234552,69681.64162360138,288.15,0.8385412648334485,25.843774714744075,0.0235149703307585,4.800000000000001,6.523544249676415
54750.0,9990.0,15.0,49.5,25.0,181.0,39.7,2603.0,45.0,14.05,82.4,1130.0,23.6,81.10000000000001,4864.531377031135,28.476853566041395,17.906279632336656,7.382516332748143,0.5272003938561145,1.0497566737925526,0.36,1.0,0.014671323484592408,1.0,0.9885098200787855,0.014671323484592408,69681.64162360138,288.15,0.8385412648334485,25.843774714744075,0.023516368410458656,4.800000000000001,6.523433867226292
54800.0,10010.0,15.100000000000001,50.0,24.700000000000003,179.0,39.900000000000006,2596.0,45.2,14.05,82.9,1128.0,23.6,80.5,4864.449084394427,28.476853566041395,17.905976714162144,7.382516332748143,0.5272003938561145,1.0497566737925526,0.37,1.0,0.014682388018185808,1.0,0.9885098200787855,0.014682388018185808,69681.64162360138,288.15,0.8385412648334485,25.843774714744075,0.023517766155952732,4.800000000000001,6.523323511154615
54850.0,9990.0,14.8,50.0,24.5,179.0,40.300000000000004,2588.0,44.900000000000006,13.9,82.4,1126.0,23.3,81.60000000000001,4864.366811429487,28.476853566041395,17.90567386839917,7.382516332748143,0.5272003938561145,1.0497566737925526,0.42,1.0,0.014693449906834934,1.0,0.9885098200787855,0.014693449906834934,69681.64162360138,288.15,0.8385412648334485,25.843774714744075,0.023519163567218167,5.1000000000000005,6.523213181463171
54900.0,10010.0,14.600000000000001,50.0,25.200000000000003,181.0,40.400000000000006,2598.0,45.300000000000004,14.200000000000001,82.9,1126.0,23.700000000000003,80.9,4864.284558137642,28.476853566041395,17.90537109505261,7.382516332748143,0.5272003938561145,1.0497566737925526,0.38,1.0,0.014704509150361311,1.0,0.9885098200787855,0.014704509150361311,69681.64162360138,288.15,0.8385412648334485,25.843774714744075,0.0235205606442325,4.4,6.5231028781537415
54950.0,9990.0,15.0,50.5,25.400000000000002,179.0,40.400000000000006,2595.0,45.1,13.9,82.5,1130.0,23.700000000000003,81.4,4864.202324520217,28.476853566041395,17.90506839412735,7.382516332748143,0.5272003938561145,1.0497566737925526,0.39,1.0,0.014715565748587386,1.0,0.9885098200787855,0.014715565748587386,69681.64162360138,288.15,0.8385412648334485,25.843774714744075,0.02352195738697343,4.5,6.522992601228102
55000.0,10000.0,15.4,50.5,24.900000000000002,181.0,39.7,2590.0,45.6,14.05,82.7,1127.0,23.400000000000002,81.5,4864.120110578522,28.476853566041395,17.90476576562821,7.382516332748143,0.5272003938561145,1.0497566737925526,0.39,1.0,0.014726619701336407,1.0,0.9885098200787855,0.014726619701336407,69681.64162360138,288.15,0.8385412648334485,25.843774714744075,0.02352335379541872,4.9,6.52288235068801
55050.0,9990.0,15.100000000000001,49.5,24.6,181.0,40.400000000000006,2602.0,45.2,14.0,82.80000000000001,1128.0,23.5,82.0,4864.037916313867,28.476853566041395,17.904463209560003,7.382516332748143,0.5272003938561145,1.0497566737925526,0.32,1.0,0.014737671008432554,1.0,0.9885098200787855,0.014737671008432554,69681.64162360138,288.15,0.8385412648334485,25.843774714744075,0.023524749869546245,4.800000000000001,6.522772126535223
55100.0,10010.0,14.8,50.0,25.200000000000003,181.0,39.7,2589.0,44.7,13.9,82.0,1125.0,24.1,81.2,4863.955741727553,28.476853566041395,17.90416072592753,7.382516332748143,0.5272003938561145,1.0497566737925526,0.38,1.0,0.014748719669700669,1.0,0.9885098200787855,0.014748719669700669,69681.64162360138,288.15,0.8385412648334485,25.843774714744075,0.02352614560933402,4.6000000000000005,6.522661928771484
55150.0,10010.0,15.600000000000001,49.5,25.700000000000003,180.0,40.0,2596.0,45.1,14.15,83.2,1128.0,23.5,81.7,4863.873586820876,28.476853566041395,17.903858314735555,7.382516332748143,0.5272003938561145,1.0497566737925526,0.35000000000000003,1.0,0.014759765684966734,1.0,0.9885098200787855,0.014759765684966734,69681.64162360138,288.15,0.8385412648334485,25.843774714744075,0.023527541014760144,4.9,6.522551757398532
55200.0,10030.0,14.3,50.0,25.1,180.0,40.0,2595.0,44.900000000000006,14.0,82.60000000000001,1132.0,23.6,81.60000000000001,4863.791451595123,28.476853566041395,17.90355597598882,7.382516332748143,0.5272003938561145,1.0497566737925526,0.36,1.0,0.014770809054057515,1.0,0.9885098200787855,0.014770809054057515,69681.64162360138,288.15,0.8385412648334485,25.843774714744075,0.02352893608580282,5.1000000000000005,6.522441612418093
55250.0,10010.0,15.100000000000001,49.5,24.700000000000003,181.0,39.800000000000004,2597.0,44.7,14.05,82.4,1125.0,23.400000000000002,81.0,4863.709336051578,28.476853566041395,17.903253709692045,7.382516332748143,0.5272003938561145,1.0497566737925526,0.39,1.0,0.014781849776800393,1.0,0.9885098200787855,0.014781849776800393,69681.64162360138,288.15,0.8385412648334485,25.843774714744075,0.023530330822440385,4.9,6.522331493831889
55300.0,9990.0,15.0,49.5,25.3,181.0,40.0,2595.0,45.5,14.0,82.30000000000001,1128.0,23.3,81.2,4863.627240191518,28.476853566041395,17.90295151584993,7.382516332748143,0.5272003938561145,1.0497566737925526,0.36,1.0,0.014792887853023998,1.0,0.9885098200787855,0.014792887853023998,69681.64162360138,288.15,0.8385412648334485,25.843774714744075,0.023531725224651294,4.7,6.522221401641629
55350.0,10000.0,15.3,50.5,25.400000000000002,180.0,39.900000000000006,2585.0,45.1,13.850000000000001,81.7,1127.0,23.8,81.10000000000001,4863.545164016208,28.476853566041395,17.902649394467144,7.382516332748143,0.5272003938561145,1.0497566737925526,0.43,1.0,0.0148039232825579,1.0,0.9885098200787855,0.0148039232825579,69681.64162360138,288.15,0.8385412648334485,25.843774714744075,0.023533119292414063,5.0,6.522111335849016
55400.0,10000.0,15.4,51.0,25.200000000000003,179.0,39.900000000000006,2588.0,45.0,13.950000000000001,82.60000000000001,1128.0,23.0,80.7,4863.463107526914,28.476853566041395,17.902347345548336,7.382516332748143,0.5272003938561145,1.0497566737925526,0.37,1.0,0.014814956065231939,1.0,0.9885098200787855,0.014814956065231939,69681.64162360138,288.15,0.8385412648334485,25.843774714744075,0.02353451302570735,4.9,6.522001296455744
55450.0,9990.0,14.9,49.5,24.400000000000002,180.0,40.0,2593.0,45.0,14.05,83.2,1125.0,23.1,81.9,4863.381070724893,28.476853566041395,17.902045369098133,7.382516332748143,0.5272003938561145,1.0497566737925526,0.39,1.0,0.014825986200877137,1.0,0.9885098200787855,0.014825986200877137,69681.64162360138,288.15,0.8385412648334485,25.843774714744075,0.023535906424509964,4.6000000000000005,6.521891283463496
55500.0,10000.0,15.3,51.0,25.1,181.0,39.800000000000004,2594.0,44.900000000000006,14.05,83.80000000000001,1128.0,23.3,80.7,4863.29905361139,28.476853566041395,17.901743465121122,7.382516332748143,0.5272003938561145,1.0497566737925526,0.43,1.0,0.01483701368932606,1.0,0.9885098200787855,0.01483701368932606,69681.64162360138,288.15,0.8385412648334485,25.843774714744075,0.02353729948880078,5.0,6.5217812968739475
55550.0,10010.0,14.9,50.0,24.6,180.0,39.800000000000004,2593.0,44.800000000000004,13.8,82.60000000000001,1125.0,23.6,81.30000000000001,4863.217056187652,28.476853566041395,17.90144163362189,7.382516332748143,0.5272003938561145,1.0497566737925526,0.43,1.0,0.0148480385304114,1.0,0.9885098200787855,0.0148480385304114,69681.64162360138,288.15,0.8385412648334485,25.843774714744075,0.023538692218558723,4.9,6.521671336688765
55600.0,10000.0,15.200000000000001,50.5,25.200000000000003,180.0,40.1,2585.0,45.6,14.100000000000001,82.9,1123.0,24.1,81.0,4863.135078454916,28.476853566041395,17.901139874604993,7.382516332748143,0.5272003938561145,1.0497566737925526,0.4,1.0,0.014859060723966255,1.0,0.9885098200787855,0.014859060723966255,69681.64162360138,288.15,0.8385412648334485,25.843774714744075,0.023540084613762946,4.5,6.5215614029096125
55650.0,10030.0,14.600000000000001,50.0,24.200000000000003,180.0,39.900000000000006,2599.0,44.900000000000006,14.100000000000001,82.2,1126.0,23.6,81.5,4863.053120414411,28.476853566041395,17.900838188074953,7.382516332748143,0.5272003938561145,1.0497566737925526,0.39,1.0,0.01487008026982578,1.0,0.9885098200787855,0.01487008026982578,69681.64162360138,288.15,0.8385412648334485,25.843774714744075,0.02354147667439265,5.0,6.521451495538134
55700.0,10000.0,15.200000000000001,49.5,25.200000000000003,181.0,39.7,2596.0,45.2,14.100000000000001,83.2,1127.0,23.8,80.9,4862.97118206736,28.476853566041395,17.900536574036277,7.382516332748143,0.5272003938561145,1.0497566737925526,0.37,1.0,0.01488109716782533,1.0,0.9885098200787855,0.01488109716782533,69681.64162360138,288.15,0.8385412648334485,25.843774714744075,0.023542868400427134,4.5,6.521341614575972
55750.0,10020.0,15.200000000000001,49.5,25.1,181.0,40.2,2591.0,44.1,14.05,82.30000000000001,1129.0,24.0,81.9,4862.889263414983,28.476853566041395,17.90023503249345,7.382516332748143,0.5272003938561145,1.0497566737925526,0.43,1.0,0.014892111417801054,1.0,0.9885098200787855,0.014892111417801054,69681.64162360138,288.15,0.8385412648334485,25.843774714744075,0.023544259791845833,5.2,6.521231760024762
55800.0,10020.0,15.4,50.5,25.0,179.0,40.5,2594.0,45.400000000000006,13.950000000000001,83.4,1121.0,23.5,81.2,4862.807364458489,28.476853566041395,17.89993356345092,7.382516332748143,0.5272003938561145,1.0497566737925526,0.4,1.0,0.014903123019590311,1.0,0.9885098200787855,0.014903123019590311,69681.64162360138,288.15,0.8385412648334485,25.843774714744075,0.023545650848628294,5.1000000000000005,6.521121931886124
55850.0,9990.0,15.200000000000001,50.5,25.900000000000002,181.0,39.900000000000006,2589.0,45.5,14.05,82.80000000000001,1123.0,23.400000000000002,81.60000000000001,4862.725485199085,28.476853566041395,17.899632166913136,7.382516332748143,0.5272003938561145,1.0497566737925526,0.39,1.0,0.014914131973030981,1.0,0.9885098200787855,0.014914131973030981,69681.64162360138,288.15,0.8385412648334485,25.843774714744075,0.02354704157075414,4.4,6.521012130161677
55900.0,10010.0,14.5,50.5,25.1,180.0,40.2,2596.0,45.400000000000006,14.0,82.9,1126.0,23.8,82.10000000000001,4862.643625637966,28.476853566041395,17.899330842884492,7.382516332748143,0.5272003938561145,1.0497566737925526,0.37,1.0,0.01492513827796214,1.0,0.9885098200787855,0.01492513827796214,69681.64162360138,288.15,0.8385412648334485,25.843774714744075,0.023548431958203123,5.0,6.520902354853026
55950.0,9990.0,14.4,50.0,25.1,180.0,39.7,2595.0,45.1,13.950000000000001,82.0,1126.0,23.900000000000002,81.5,4862.5617857763245,28.476853566041395,17.899029591369388,7.382516332748143,0.5272003938561145,1.0497566737925526,0.35000000000000003,1.0,0.01493614193422321,1.0,0.9885098200787855,0.01493614193422321,69681.64162360138,288.15,0.8385412648334485,25.843774714744075,0.02354982201095512,4.9,6.520792605961767
56000.0,10010.0,14.700000000000001,50.0,25.5,179.0,40.2,2601.0,44.900000000000006,14.0,83.4,1126.0,22.900000000000002,81.2,4862.479965615348,28.476853566041395,17.898728412372183,7.382516332748143,0.5272003938561145,1.0497566737925526,0.4,1.0,0.014947142941655195,1.0,0.9885098200787855,0.014947142941655195,69681.64162360138,288.15,0.8385412648334485,25.843774714744075,0.023551211728990093,5.0,6.520682883489495
56050.0,9990.0,14.9,50.5,25.0,179.0,40.2,2593.0,45.300000000000004,13.9,82.7,1128.0,23.700000000000003,80.7,4862.398165156215,28.476853566041395,17.89842730589722,7.382516332748143,0.5272003938561145,1.0497566737925526,0.31,1.0,0.01495814130009944,1.0,0.9885098200787855,0.01495814130009944,69681.64162360138,288.15,0.8385412648334485,25.843774714744075,0.023552601112288112,5.2,6.520573187437789
56100.0,10000.0,15.4,50.5,25.200000000000003,180.0,40.1,2600.0,45.0,14.15,81.9,1123.0,24.0,80.9,4862.316384400097,28.476853566041395,17.898126271948808,7.382516332748143,0.5272003938561145,1.0497566737925526,0.44,1.0,0.014969137009398151,1.0,0.9885098200787855,0.014969137009398151,69681.64162360138,288.15,0.8385412648334485,25.843774714744075,0.023553990160829395,5.2,6.520463517808219
56150.0,10020.0,15.3,49.5,24.3,181.0,39.7,2601.0,45.2,14.0,83.0,1128.0,23.6,82.0,4862.23462334816,28.476853566041395,17.897825310531243,7.382516332748143,0.5272003938561145,1.0497566737925526,0.42,1.0,0.01498013006939473,1.0,0.9885098200787855,0.01498013006939473,69681.64162360138,288.15,0.8385412648334485,25.843774714744075,0.023555378874594194,4.9,6.520353874602351
56200.0,9990.0,15.4,49.0,25.200000000000003,181.0,39.800000000000004,2598.0,45.0,13.950000000000001,83.30000000000001,1124.0,24.0,80.30000000000001,4862.152882001565,28.476853566041395,17.897524421648797,7.382516332748143,0.5272003938561145,1.0497566737925526,0.39,1.0,0.014991120479933123,1.0,0.9885098200787855,0.014991120479933123,69681.64162360138,288.15,0.8385412648334485,25.843774714744075,0.023556767253563,4.9,6.520244257821738
56250.0,9990.0,15.100000000000001,50.0,25.400000000000002,180.0,40.1,2595.0,44.900000000000006,14.0,82.9,1127.0,24.1,81.30000000000001,4862.071160361461,28.476853566041395,17.8972236053057,7.382516332748143,0.5272003938561145,1.0497566737925526,0.39,1.0,0.015002108240858856,1.0,0.9885098200787855,0.015002108240858856,69681.64162360138,288.15,0.8385412648334485,25.843774714744075,0.023558155297716227,4.5,6.520134667467928
56300.0,10010.0,14.8,49.5,25.700000000000003,181.0,40.2,2596.0,45.0,14.0,83.2,1130.0,23.700000000000003,82.30000000000001,4861.9894584290005,28.476853566041395,17.896922861506194,7.382516332748143,0.5272003938561145,1.0497566737925526,0.38,1.0,0.01501309335201673,1.0,0.9885098200787855,0.01501309335201673,69681.64162360138,288.15,0.8385412648334485,25.843774714744075,0.023559543007034542,4.5,6.5200251035424595
56350.0,9980.0,14.5,50.0,24.900000000000002,181.0,40.0,2598.0,45.0,14.0,82.4,1131.0,23.200000000000003,81.4,4861.907776205322,28.476853566041395,17.896622190254472,7.382516332748143,0.5272003938561145,1.0497566737925526,0.38,1.0,0.015024075813253879,1.0,0.9885098200787855,0.015024075813253879,69681.64162360138,288.15,0.8385412648334485,25.843774714744075,0.02356093038149869,5.1000000000000005,6.519915566046861
56400.0,10000.0,15.0,50.0,25.6,180.0,40.400000000000006,2595.0,45.0,14.0,83.10000000000001,1125.0,23.700000000000003,81.30000000000001,4861.826113691559,28.476853566041395,17.896321591554702,7.382516332748143,0.5272003938561145,1.0497566737925526,0.39,1.0,0.015035055624417964,1.0,0.9885098200787855,0.015035055624417964,69681.64162360138,288.15,0.8385412648334485,25.843774714744075,0.02356231742108949,4.9,6.519806054982655
56450.0,10000.0,15.0,51.0,25.200000000000003,182.0,40.0,2598.0,44.800000000000004,14.100000000000001,82.30000000000001,1128.0,23.6,81.5,4861.744470888841,28.476853566041395,17.896021065411045,7.382516332748143,0.5272003938561145,1.0497566737925526,0.37,1.0,0.015046032785357044,1.0,0.9885098200787855,0.015046032785357044,69681.64162360138,288.15,0.8385412648334485,25.843774714744075,0.02356370412578793,4.7,6.519696570351353
56500.0,10000.0,15.5,50.0,24.5,181.0,39.800000000000004,2597.0,45.2,14.05,83.80000000000001,1125.0,23.900000000000002,81.9,4861.662847798285,28.476853566041395,17.895720611827613,7.382516332748143,0.5272003938561145,1.0497566737925526,0.36,1.0,0.015057007295920983,1.0,0.9885098200787855,0.015057007295920983,69681.64162360138,288.15,0.8385412648334485,25.843774714744075,0.023565090495574998,4.7,6.519587112154457
56550.0,10000.0,15.100000000000001,49.5,25.200000000000003,179.0,40.300000000000004,2596.0,45.6,14.05,82.5,1125.0,23.8,81.2,4861.581244421011,28.476853566041395,17.89542023080853,7.382516332748143,0.5272003938561145,1.0497566737925526,0.42,1.0,0.015067979155958967,1.0,0.9885098200787855,0.015067979155958967,69681.64162360138,288.15,0.8385412648334485,25.843774714744075,0.023566476530431903,4.6000000000000005,6.519477680393465
56600.0,10020.0,15.4,50.0,25.700000000000003,179.0,40.0,2589.0,45.6,13.9,81.9,1125.0,24.200000000000003,81.7,4861.499660758127,28.476853566041395,17.895119922357868,7.382516332748143,0.5272003938561145,1.0497566737925526,0.38,1.0,0.015078948365322383,1.0,0.9885098200787855,0.015078948365322383,69681.64162360138,288.15,0.8385412648334485,25.843774714744075,0.0235678622303399,5.1000000000000005,6.519368275069864
56650.0,10000.0,15.100000000000001,51.0,24.900000000000002,179.0,40.1,2597.0,45.0,14.05,82.60000000000001,1127.0,23.8,81.4,4861.418096810734,28.476853566041395,17.894819686479682,7.382516332748143,0.5272003938561145,1.0497566737925526,0.43,1.0,0.01508991492386289,1.0,0.9885098200787855,0.01508991492386289,69681.64162360138,288.15,0.8385412648334485,25.843774714744075,0.02356924759528034,5.0,6.519258896185131
56700.0,10000.0,15.200000000000001,50.5,25.3,181.0,39.7,2584.0,45.400000000000006,14.05,82.7,1129.0,24.400000000000002,82.0,4861.33655257993,28.476853566041395,17.89451952317802,7.382516332748143,0.5272003938561145,1.0497566737925526,0.41000000000000003,1.0,0.015100878831433,1.0,0.9885098200787855,0.015100878831433,69681.64162360138,288.15,0.8385412648334485,25.843774714744075,0.023570632625234768,4.6000000000000005,6.519149543740738
56750.0,9990.0,14.3,50.5,25.400000000000002,181.0,40.1,2594.0,44.800000000000004,13.950000000000001,82.60000000000001,1125.0,24.3,80.60000000000001,4861.255028066802,28.476853566041395,17.894219432456875,7.382516332748143,0.5272003938561145,1.0497566737925526,0.38,1.0,0.015111840087886436,1.0,0.9885098200787855,0.015111840087886436,69681.64162360138,288.15,0.8385412648334485,25.843774714744075,0.02357201732018473,4.4,6.5190402177381435
56800.0,10000.0,15.0,50.0,24.6,180.0,39.900000000000006,2594.0,45.6,14.0,83.0,1126.0,23.400000000000002,81.2,4861.173523272436,28.476853566041395,17.893919414320248,7.382516332748143,0.5272003938561145,1.0497566737925526,0.46,1.0,0.01512279869307744,1.0,0.9885098200787855,0.01512279869307744,69681.64162360138,288.15,0.8385412648334485,25.843774714744075,0.02357340168011195,4.800000000000001,6.518930918178802
56850.0,10000.0,14.8,48.5,24.700000000000003,182.0,40.1,2601.0,44.900000000000006,13.850000000000001,82.0,1128.0,23.8,81.2,4861.092038197909,28.476853566041395,17.893619468772105,7.382516332748143,0.5272003938561145,1.0497566737925526,0.37,1.0,0.015133754646861263,1.0,0.9885098200787855,0.015133754646861263,69681.64162360138,288.15,0.8385412648334485,25.843774714744075,0.023574785704998234,5.1000000000000005,6.518821645064159
56900.0,9990.0,15.100000000000001,50.0,24.900000000000002,179.0,39.900000000000006,2602.0,45.300000000000004,14.05,82.2,1123.0,24.1,81.7,4861.010572844289,28.476853566041395,17.893319595816376,7.382516332748143,0.5272003938561145,1.0497566737925526,0.39,1.0,0.015144707949093745,1.0,0.9885098200787855,0.015144707949093745,69681.64162360138,288.15,0.8385412648334485,25.843774714744075,0.023576169394825482,4.800000000000001,6.518712398395649
56950.0,9980.0,15.3,50.5,24.700000000000003,179.0,40.2,2592.0,45.5,14.0,82.5,1127.0,23.6,81.80000000000001,4860.929127212643,28.476853566041395,17.89301979545699,7.382516332748143,0.5272003938561145,1.0497566737925526,0.41000000000000003,1.0,0.015155658599631864,1.0,0.9885098200787855,0.015155658599631864,69681.64162360138,288.15,0.8385412648334485,25.843774714744075,0.023577552749575747,5.1000000000000005,6.518603178174699
57000.0,10000.0,14.9,50.0,24.8,181.0,40.2,2594.0,44.7,14.100000000000001,82.80000000000001,1127.0,24.3,81.0,4860.847701304027,28.476853566041395,17.89272006769783,7.382516332748143,0.5272003938561145,1.0497566737925526,0.37,1.0,0.01516660659833346,1.0,0.9885098200787855,0.01516660659833346,69681.64162360138,288.15,0.8385412648334485,25.843774714744075,0.02357893576923113,4.800000000000001,6.518493984402727
57050.0,9980.0,15.100000000000001,49.5,24.8,179.0,39.900000000000006,2591.0,45.1,14.0,82.7,1133.0,23.700000000000003,81.5,4860.766295119496,28.476853566041395,17.892420412542783,7.382516332748143,0.5272003938561145,1.0497566737925526,0.4,1.0,0.015177551945057035,1.0,0.9885098200787855,0.015177551945057035,69681.64162360138,288.15,0.8385412648334485,25.843774714744075,0.023580318453773893,4.800000000000001,6.518384817081147
57100.0,10000.0,15.0,50.0,24.8,180.0,40.0,2586.0,45.400000000000006,14.15,82.80000000000001,1129.0,24.1,80.60000000000001,4860.684908660093,28.476853566041395,17.89212082999569,7.382516332748143,0.5272003938561145,1.0497566737925526,0.41000000000000003,1.0,0.015188494639662166,1.0,0.9885098200787855,0.015188494639662166,69681.64162360138,288.15,0.8385412648334485,25.843774714744075,0.023581700803186337,4.800000000000001,6.518275676211358
57150.0,10030.0,15.0,50.5,24.900000000000002,182.0,39.900000000000006,2599.0,45.2,14.05,82.80000000000001,1125.0,22.8,81.80000000000001,4860.603541926859,28.476853566041395,17.891821320060377,7.382516332748143,0.5272003938561145,1.0497566737925526,0.37,1.0,0.015199434682008548,1.0,0.9885098200787855,0.015199434682008548,69681.64162360138,288.15,0.8385412648334485,25.843774714744075,0.023583082817450925,5.2,6.518166561794757
57200.0,10000.0,15.4,50.5,24.0,180.0,39.900000000000006,2599.0,45.2,14.05,82.5,1125.0,23.6,80.30000000000001,4860.522194920828,28.476853566041395,17.891521882740655,7.382516332748143,0.5272003938561145,1.0497566737925526,0.36,1.0,0.01521037207195755,1.0,0.9885098200787855,0.01521037207195755,69681.64162360138,288.15,0.8385412648334485,25.843774714744075,0.023584464496550227,4.5,6.51805747383273
57250.0,9980.0,15.100000000000001,50.5,25.0,180.0,39.800000000000004,2593.0,44.800000000000004,14.0,81.7,1129.0,23.5,81.4,4860.440867643026,28.476853566041395,17.891222518040298,7.382516332748143,0.5272003938561145,1.0497566737925526,0.41000000000000003,1.0,0.015221306809371407,1.0,0.9885098200787855,0.015221306809371407,69681.64162360138,288.15,0.8385412648334485,25.843774714744075,0.02358584584046691,4.9,6.517948412326651
57300.0,10010.0,14.4,50.0,25.400000000000002,180.0,40.400000000000006,2601.0,45.1,14.0,82.10000000000001,1126.0,23.6,80.9,4860.35956009447,28.476853566041395,17.89092322596305,7.382516332748143,0.5272003938561145,1.0497566737925526,0.35000000000000003,1.0,0.01523223889411281,1.0,0.9885098200787855,0.01523223889411281,69681.64162360138,288.15,0.8385412648334485,25.843774714744075,0.023587226849183747,5.0,6.517839377277887
57350.0,10020.0,15.3,50.0,25.400000000000002,180.0,40.0,2594.0,44.900000000000006,14.05,82.7,1125.0,23.400000000000002,81.4,4860.2782722761785,28.476853566041395,17.890624006512663,7.382516332748143,0.5272003938561145,1.0497566737925526,0.39,1.0,0.015243168326045256,1.0,0.9885098200787855,0.015243168326045256,69681.64162360138,288.15,0.8385412648334485,25.843774714744075,0.023588607522683592,4.800000000000001,6.517730368687801
57400.0,9990.0,15.4,50.5,24.200000000000003,181.0,40.0,2595.0,45.300000000000004,14.100000000000001,83.2,1128.0,23.200000000000003,80.2,4860.197004189156,28.476853566041395,17.890324859692832,7.382516332748143,0.5272003938561145,1.0497566737925526,0.41000000000000003,1.0,0.015254095105033305,1.0,0.9885098200787855,0.015254095105033305,69681.64162360138,288.15,0.8385412648334485,25.843774714744075,0.023589987860949443,5.2,6.517621386557742
57450.0,9990.0,14.9,49.5,24.8,181.0,40.0,2593.0,45.800000000000004,13.9,83.0,1124.0,23.700000000000003,81.30000000000001,4860.1157558344075,28.476853566041395,17.890025785507255,7.382516332748143,0.5272003938561145,1.0497566737925526,0.41000000000000003,1.0,0.015265019230942178,1.0,0.9885098200787855,0.015265019230942178,69681.64162360138,288.15,0.8385412648334485,25.843774714744075,0.02359136786396438,4.800000000000001,6.517512430889059
57500.0,10000.0,14.9,49.5,25.3,180.0,40.1,2594.0,44.900000000000006,14.100000000000001,83.2,1131.0,23.900000000000002,81.9,4860.034527212927,28.476853566041395,17.889726783959595,7.382516332748143,0.5272003938561145,1.0497566737925526,0.37,1.0,0.0152759407036383,1.0,0.9885098200787855,0.0152759407036383,69681.64162360138,288.15,0.8385412648334485,25.843774714744075,0.023592747531711637,4.800000000000001,6.51740350168308
57550.0,10010.0,15.3,50.0,24.6,180.0,39.900000000000006,2601.0,45.2,13.950000000000001,82.0,1125.0,23.5,81.10000000000001,4859.953318325701,28.476853566041395,17.889427855053476,7.382516332748143,0.5272003938561145,1.0497566737925526,0.41000000000000003,1.0,0.015286859522988624,1.0,0.9885098200787855,0.015286859522988624,69681.64162360138,288.15,0.8385412648334485,25.843774714744075,0.023594126864174444,4.6000000000000005,6.517294598941132
57600.0,10030.0,14.700000000000001,49.5,25.700000000000003,181.0,40.0,2596.0,45.1,14.0,81.80000000000001,1121.0,23.400000000000002,82.10000000000001,4859.872129173718,28.476853566041395,17.88912899879255,7.382516332748143,0.5272003938561145,1.0497566737925526,0.44,1.0,0.015297775688860569,1.0,0.9885098200787855,0.015297775688860569,69681.64162360138,288.15,0.8385412648334485,25.843774714744075,0.023595505861336238,4.800000000000001,6.51718572266454
57650.0,9990.0,15.100000000000001,50.0,25.200000000000003,178.0,40.6,2599.0,44.900000000000006,13.950000000000001,83.2,1128.0,23.8,81.4,4859.790959757951,28.476853566041395,17.888830215180384,7.382516332748143,0.5272003938561145,1.0497566737925526,0.38,1.0,0.015308689201123151,1.0,0.9885098200787855,0.015308689201123151,69681.64162360138,288.15,0.8385412648334485,25.843774714744075,0.02359688452318055,5.0,6.517076872854608
57700.0,10010.0,15.100000000000001,50.0,25.6,179.0,39.800000000000004,2594.0,44.800000000000004,14.0,83.4,1127.0,23.1,81.0,4859.709810079371,28.476853566041395,17.88853150422056,7.382516332748143,0.5272003938561145,1.0497566737925526,0.38,1.0,0.015319600059645985,1.0,0.9885098200787855,0.015319600059645985,69681.64162360138,288.15,0.8385412648334485,25.843774714744075,0.023598262849690976,4.9,6.516968049512639
57750.0,10010.0,15.200000000000001,50.0,24.5,180.0,39.900000000000006,2593.0,45.2,14.05,83.10000000000001,1126.0,24.3,81.5,4859.628680138943,28.476853566041395,17.888232865916628,7.382516332748143,0.5272003938561145,1.0497566737925526,0.38,1.0,0.015330508264299153,1.0,0.9885098200787855,0.015330508264299153,69681.64162360138,288.15,0.8385412648334485,25.843774714744075,0.023599640840851248,5.0,6.516859252639926
57800.0,9990.0,14.4,49.5,25.3,180.0,40.0,2591.0,44.400000000000006,14.100000000000001,82.5,1126.0,23.5,81.80000000000001,4859.547569937624,28.476853566041395,17.88793430027211,7.382516332748143,0.5272003938561145,1.0497566737925526,0.41000000000000003,1.0,0.015341413814953997,1.0,0.9885098200787855,0.015341413814953997,69681.64162360138,288.15,0.8385412648334485,25.843774714744075,0.02360101849664516,4.6000000000000005,6.516750482237754
57850.0,10010.0,15.0,49.5,24.900000000000002,179.0,39.7,2597.0,44.900000000000006,14.05,82.80000000000001,1128.0,23.0,80.80000000000001,4859.46647947637,28.476853566041395,17.88763580729053,7.382516332748143,0.5272003938561145,1.0497566737925526,0.4,1.0,0.015352316711482327,1.0,0.9885098200787855,0.015352316711482327,69681.64162360138,288.15,0.8385412648334485,25.843774714744075,0.0236023958170567,4.5,6.516641738307402
57900.0,10000.0,14.600000000000001,50.0,25.6,181.0,39.6,2598.0,45.5,14.200000000000001,82.9,1124.0,23.900000000000002,82.0,4859.385408756121,28.476853566041395,17.887337386975343,7.382516332748143,0.5272003938561145,1.0497566737925526,0.38,1.0,0.015363216953757223,1.0,0.9885098200787855,0.015363216953757223,69681.64162360138,288.15,0.8385412648334485,25.843774714744075,0.023603772802069874,5.1000000000000005,6.516533020850134
57950.0,9990.0,15.100000000000001,49.0,24.6,180.0,39.900000000000006,2589.0,44.900000000000006,14.05,82.5,1127.0,24.0,81.0,4859.304357777819,28.476853566041395,17.887039039330016,7.382516332748143,0.5272003938561145,1.0497566737925526,0.42,1.0,0.015374114541652217,1.0,0.9885098200787855,0.015374114541652217,69681.64162360138,288.15,0.8385412648334485,25.843774714744075,0.023605149451668844,4.6000000000000005,6.516424329867211
58000.0,10020.0,15.4,50.0,24.900000000000002,180.0,40.1,2599.0,44.6,14.05,81.30000000000001,1127.0,24.200000000000003,80.5,4859.2233265423965,28.476853566041395,17.886740764357985,7.382516332748143,0.5272003938561145,1.0497566737925526,0.33,1.0,0.01538500947504205,1.0,0.9885098200787855,0.01538500947504205,69681.64162360138,288.15,0.8385412648334485,25.843774714744075,0.02360652576583783,4.9,6.516315665359885
58050.0,10020.0,15.100000000000001,49.0,24.3,180.0,39.800000000000004,2595.0,45.1,13.950000000000001,83.7,1128.0,24.200000000000003,81.7,4859.1423150507835,28.476853566041395,17.886442562062673,7.382516332748143,0.5272003938561145,1.0497566737925526,0.38,1.0,0.015395901753801788,1.0,0.9885098200787855,0.015395901753801788,69681.64162360138,288.15,0.8385412648334485,25.843774714744075,0.02360790174456123,4.800000000000001,6.5162070273294015
58100.0,10000.0,15.200000000000001,49.5,25.700000000000003,179.0,40.0,2593.0,44.900000000000006,14.15,82.30000000000001,1126.0,23.5,81.2,4859.061323303897,28.476853566041395,17.88614443244745,7.382516332748143,0.5272003938561145,1.0497566737925526,0.38,1.0,0.015406791377807972,1.0,0.9885098200787855,0.015406791377807972,69681.64162360138,288.15,0.8385412648334485,25.843774714744075,0.02360927738782349,4.6000000000000005,6.516098415776993
58150.0,9990.0,15.200000000000001,50.5,25.0,180.0,39.900000000000006,2592.0,44.7,13.9,82.2,1129.0,23.6,81.0,4858.980351302653,28.476853566041395,17.885846375515694,7.382516332748143,0.5272003938561145,1.0497566737925526,0.37,1.0,0.015417678346937391,1.0,0.9885098200787855,0.015417678346937391,69681.64162360138,288.15,0.8385412648334485,25.843774714744075,0.023610652695609136,5.2,6.515989830703884
58200.0,9990.0,15.100000000000001,50.0,25.0,180.0,40.0,2597.0,45.0,14.15,82.60000000000001,1123.0,24.0,81.4,4858.899399047961,28.476853566041395,17.885548391270753,7.382516332748143,0.5272003938561145,1.0497566737925526,0.38,1.0,0.01542856266106772,1.0,0.9885098200787855,0.01542856266106772,69681.64162360138,288.15,0.8385412648334485,25.843774714744075,0.02361202766790288,4.800000000000001,6.515881272111297
58250.0,9970.0,14.4,51.0,24.8,181.0,39.7,2590.0,45.2,14.0,82.9,1127.0,23.700000000000003,80.9,4858.8184665407225,28.476853566041395,17.885250479715943,7.382516332748143,0.5272003938561145,1.0497566737925526,0.35000000000000003,1.0,0.015439444320077877,1.0,0.9885098200787855,0.015439444320077877,69681.64162360138,288.15,0.8385412648334485,25.843774714744075,0.02361340230468949,5.2,6.515772740000441
58300.0,10020.0,14.700000000000001,49.5,24.900000000000002,180.0,40.0,2596.0,45.0,14.0,84.0,1126.0,24.3,81.9,4858.737553781834,28.476853566041395,17.884952640854564,7.382516332748143,0.5272003938561145,1.0497566737925526,0.4,1.0,0.015450323323847463,1.0,0.9885098200787855,0.015450323323847463,69681.64162360138,288.15,0.8385412648334485,25.843774714744075,0.023614776605953857,4.4,6.515664234372516
58350.0,10000.0,14.9,50.0,24.6,181.0,40.2,2599.0,44.900000000000006,13.950000000000001,82.80000000000001,1131.0,23.8,81.4,4858.656660772185,28.476853566041395,17.88465487468989,7.382516332748143,0.5272003938561145,1.0497566737925526,0.37,1.0,0.015461199672256731,1.0,0.9885098200787855,0.015461199672256731,69681.64162360138,288.15,0.8385412648334485,25.843774714744075,0.02361615057168092,4.7,6.515555755228716
58400.0,10010.0,15.0,50.0,25.200000000000003,180.0,40.1,2591.0,44.7,14.0,82.5,1126.0,23.8,81.60000000000001,4858.57578751266,28.476853566041395,17.884357181225177,7.382516332748143,0.5272003938561145,1.0497566737925526,0.42,1.0,0.015472073365186542,1.0,0.9885098200787855,0.015472073365186542,69681.64162360138,288.15,0.8385412648334485,25.843774714744075,0.0236175242018558,5.2,6.515447302570228
58450.0,9980.0,14.700000000000001,50.0,25.0,180.0,39.900000000000006,2593.0,45.1,13.9,84.0,1127.0,24.1,80.9,4858.494934004138,28.476853566041395,17.88405956046366,7.382516332748143,0.5272003938561145,1.0497566737925526,0.4,1.0,0.01548294440251915,1.0,0.9885098200787855,0.01548294440251915,69681.64162360138,288.15,0.8385412648334485,25.843774714744075,0.02361889749646367,4.9,6.5153388763982285
58500.0,10010.0,15.0,51.0,24.400000000000002,181.0,40.0,2590.0,45.6,14.15,81.30000000000001,1127.0,24.0,81.4,4858.414100247489,28.476853566041395,17.883762012408543,7.382516332748143,0.5272003938561145,1.0497566737925526,0.43,1.0,0.015493812784137273,1.0,0.9885098200787855,0.015493812784137273,69681.64162360138,288.15,0.8385412648334485,25.843774714744075,0.02362027045548985,5.2,6.515230476713889
58550.0,10000.0,15.700000000000001,50.5,24.900000000000002,180.0,40.2,2591.0,44.900000000000006,14.0,82.80000000000001,1126.0,23.3,81.80000000000001,4858.333286243578,28.476853566041395,17.88346453706301,7.382516332748143,0.5272003938561145,1.0497566737925526,0.37,1.0,0.01550467850992463,1.0,0.9885098200787855,0.01550467850992463,69681.64162360138,288.15,0.8385412648334485,25.843774714744075,0.02362164307891969,5.4,6.5151221035183635
58600.0,10000.0,15.4,50.5,25.5,180.0,40.0,2599.0,45.7,14.0,83.0,1127.0,23.900000000000002,81.2,4858.2524919932675,28.476853566041395,17.883167134430234,7.382516332748143,0.5272003938561145,1.0497566737925526,0.32,1.0,0.015515541579765538,1.0,0.9885098200787855,0.015515541579765538,69681.64162360138,288.15,0.8385412648334485,25.843774714744075,0.02362301536673875,4.800000000000001,6.515013756812812
58650.0,10010.0,14.8,50.5,25.1,180.0,40.2,2597.0,45.1,14.05,82.7,1123.0,23.6,80.30000000000001,4858.171717497407,28.476853566041395,17.882869804513348,7.382516332748143,0.5272003938561145,1.0497566737925526,0.4,1.0,0.015526401993545375,1.0,0.9885098200787855,0.015526401993545375,69681.64162360138,288.15,0.8385412648334485,25.843774714744075,0.02362438731893262,5.1000000000000005,6.514905436598374
58700.0,10010.0,15.200000000000001,50.5,24.400000000000002,180.0,39.7,2593.0,45.5,14.100000000000001,82.9,1127.0,23.400000000000002,81.30000000000001,4858.090962756845,28.476853566041395,17.882572547315466,7.382516332748143,0.5272003938561145,1.0497566737925526,0.41000000000000003,1.0,0.015537259751150187,1.0,0.9885098200787855,0.015537259751150187,69681.64162360138,288.15,0.8385412648334485,25.843774714744075,0.023625758935486997,5.0,6.514797142876185
58750.0,9980.0,15.100000000000001,49.0,25.3,179.0,39.800000000000004,2597.0,45.2,14.0,83.80000000000001,1129.0,23.5,81.4,4858.010227772424,28.476853566041395,17.882275362839692,7.382516332748143,0.5272003938561145,1.0497566737925526,0.37,1.0,0.01554811485246689,1.0,0.9885098200787855,0.01554811485246689,69681.64162360138,288.15,0.8385412648334485,25.843774714744075,0.023627130216387744,5.2,6.5146888756473755
58800.0,10000.0,15.100000000000001,49.5,25.0,180.0,39.800000000000004,2593.0,45.1,14.0,81.7,1126.0,23.6,81.30000000000001,4857.929512544975,28.476853566041395,17.88197825108909,7.382516332748143,0.5272003938561145,1.0497566737925526,0.38,1.0,0.015558967297383586,1.0,0.9885098200787855,0.015558967297383586,69681.64162360138,288.15,0.8385412648334485,25.843774714744075,0.023628501161620734,4.800000000000001,6.514580634913064
58850.0,9990.0,15.0,50.5,25.1,181.0,40.2,2600.0,45.400000000000006,14.100000000000001,81.80000000000001,1129.0,24.200000000000003,81.9,4857.848817075331,28.476853566041395,17.881681212066724,7.382516332748143,0.5272003938561145,1.0497566737925526,0.36,1.0,0.015569817085788454,1.0,0.9885098200787855,0.015569817085788454,69681.64162360138,288.15,0.8385412648334485,25.843774714744075,0.02362987177117199,5.0,6.514472420674361
58900.0,10000.0,15.600000000000001,49.5,24.700000000000003,179.0,40.0,2603.0,45.0,14.0,82.80000000000001,1127.0,23.900000000000002,81.4,4857.768141364312,28.476853566041395,17.88138424577561,7.382516332748143,0.5272003938561145,1.0497566737925526,0.36,1.0,0.015580664217570801,1.0,0.9885098200787855,0.015580664217570801,69681.64162360138,288.15,0.8385412648334485,25.843774714744075,0.023631242045027655,4.800000000000001,6.514364232932371
58950.0,10010.0,15.3,50.5,25.1,180.0,40.2,2592.0,44.800000000000004,14.0,81.7,1128.0,24.1,80.80000000000001,4857.687485412737,28.476853566041395,17.881087352218763,7.382516332748143,0.5272003938561145,1.0497566737925526,0.39,1.0,0.015591508692621122,1.0,0.9885098200787855,0.015591508692621122,69681.64162360138,288.15,0.8385412648334485,25.843774714744075,0.023632611983173946,4.7,6.514256071688189
59000.0,9990.0,15.600000000000001,49.5,24.5,180.0,40.1,2597.0,45.6,13.950000000000001,82.2,1131.0,24.1,81.60000000000001,4857.606849221415,28.476853566041395,17.880790531399164,7.382516332748143,0.5272003938561145,1.0497566737925526,0.36,1.0,0.015602350510830197,1.0,0.9885098200787855,0.015602350510830197,69681.64162360138,288.15,0.8385412648334485,25.843774714744075,0.023633981585597232,5.1000000000000005,6.514147936942903
59050.0,10010.0,15.100000000000001,49.5,25.0,181.0,39.800000000000004,2591.0,44.800000000000004,13.950000000000001,82.5,1129.0,23.900000000000002,81.2,4857.52623279115,28.476853566041395,17.880493783319768,7.382516332748143,0.5272003938561145,1.0497566737925526,0.39,1.0,0.015613189672090317,1.0,0.9885098200787855,0.015613189672090317,69681.64162360138,288.15,0.8385412648334485,25.843774714744075,0.02363535085228389,5.0,6.514039828697588
59100.0,9980.0,15.3,49.5,24.8,180.0,40.0,2596.0,45.0,14.0,83.4,1129.0,23.900000000000002,81.5,4857.445636122742,28.476853566041395,17.880197107983527,7.382516332748143,0.5272003938561145,1.0497566737925526,0.36,1.0,0.01562402617629345,1.0,0.9885098200787855,0.01562402617629345,69681.64162360138,288.15,0.8385412648334485,25.843774714744075,0.023636719783220475,5.4,6.51393174695332
59150.0,9990.0,15.100000000000001,50.0,24.900000000000002,180.0,39.800000000000004,2599.0,44.6,14.05,82.9,1126.0,24.0,81.10000000000001,4857.365059216983,28.476853566041395,17.87990050539335,7.382516332748143,0.5272003938561145,1.0497566737925526,0.35000000000000003,1.0,0.015634860023333294,1.0,0.9885098200787855,0.015634860023333294,69681.64162360138,288.15,0.8385412648334485,25.843774714744075,0.02363808837839364,4.6000000000000005,6.513823691711159
59200.0,10010.0,15.200000000000001,50.0,24.8,180.0,39.900000000000006,2587.0,45.0,14.05,82.5,1131.0,23.400000000000002,80.80000000000001,4857.284502074659,28.476853566041395,17.87960397555213,7.382516332748143,0.5272003938561145,1.0497566737925526,0.39,1.0,0.015645691213104346,1.0,0.9885098200787855,0.015645691213104346,69681.64162360138,288.15,0.8385412648334485,25.843774714744075,0.023639456637790126,4.9,6.51371566297216
59250.0,9980.0,15.200000000000001,50.0,24.200000000000003,180.0,39.800000000000004,2592.0,44.6,14.05,83.5,1128.0,23.0,81.30000000000001,4857.203964696551,28.476853566041395,17.879307518462745,7.382516332748143,0.5272003938561145,1.0497566737925526,0.38,1.0,0.015656519745501425,1.0,0.9885098200787855,0.015656519745501425,69681.64162360138,288.15,0.8385412648334485,25.843774714744075,0.023640824561396802,4.6000000000000005,6.51360766073737
59300.0,10000.0,15.3,49.5,24.3,178.0,39.900000000000006,2594.0,44.800000000000004,13.950000000000001,82.80000000000001,1128.0,23.8,81.60000000000001,4857.1234470834315,28.476853566041395,17.87901113412804,7.382516332748143,0.5272003938561145,1.0497566737925526,0.36,1.0,0.015667345620420763,1.0,0.9885098200787855,0.015667345620420763,69681.64162360138,288.15,0.8385412648334485,25.843774714744075,0.02364219214920063,4.6000000000000005,6.513499685007823
59350.0,9990.0,14.8,49.0,24.8,181.0,40.2,2596.0,45.0,14.100000000000001,81.80000000000001,1125.0,24.200000000000003,81.2,4857.042949236066,28.476853566041395,17.878714822550826,7.382516332748143,0.5272003938561145,1.0497566737925526,0.36,1.0,0.01567816883775925,1.0,0.9885098200787855,0.01567816883775925,69681.64162360138,288.15,0.8385412648334485,25.843774714744075,0.023643559401188615,5.0,6.51339173578455
59400.0,9990.0,14.8,49.5,25.1,180.0,40.300000000000004,2593.0,44.900000000000006,14.100000000000001,83.10000000000001,1127.0,23.200000000000003,80.7,4856.962471155222,28.476853566041395,17.878418583733932,7.382516332748143,0.5272003938561145,1.0497566737925526,0.35000000000000003,1.0,0.0156889893974139,1.0,0.9885098200787855,0.0156889893974139,69681.64162360138,288.15,0.8385412648334485,25.843774714744075,0.02364492631734793,4.9,6.513283813068577
59450.0,9990.0,15.5,49.0,24.5,180.0,40.1,2584.0,44.5,14.0,83.30000000000001,1132.0,23.6,81.10000000000001,4856.882012841654,28.476853566041395,17.878122417680135,7.382516332748143,0.5272003938561145,1.0497566737925526,0.36,1.0,0.015699807299283337,1.0,0.9885098200787855,0.015699807299283337,69681.64162360138,288.15,0.8385412648334485,25.843774714744075,0.02364629289766584,5.0,6.513175916860915
59500.0,10020.0,15.4,50.0,24.700000000000003,180.0,40.300000000000004,2593.0,44.5,14.0,82.30000000000001,1122.0,23.900000000000002,81.4,4856.801574296111,28.476853566041395,17.877826324392196,7.382516332748143,0.5272003938561145,1.0497566737925526,0.44,1.0,0.015710622543266644,1.0,0.9885098200787855,0.015710622543266644,69681.64162360138,288.15,0.8385412648334485,25.843774714744075,0.023647659142129712,4.5,6.513068047162571
59550.0,10010.0,15.3,50.5,24.6,179.0,40.0,2595.0,44.800000000000004,14.100000000000001,82.2,1122.0,23.700000000000003,81.4,4856.721155519336,28.476853566041395,17.87753030387285,7.382516332748143,0.5272003938561145,1.0497566737925526,0.39,1.0,0.01572143512926384,1.0,0.9885098200787855,0.01572143512926384,69681.64162360138,288.15,0.8385412648334485,25.843774714744075,0.023649025050726975,4.9,6.512960203974541
59600.0,10020.0,14.700000000000001,50.0,25.6,178.0,40.0,2599.0,45.400000000000006,14.05,82.9,1124.0,24.3,80.5,4856.640756512072,28.476853566041395,17.87723435612482,7.382516332748143,0.5272003938561145,1.0497566737925526,0.35000000000000003,1.0,0.015732245057175537,1.0,0.9885098200787855,0.015732245057175537,69681.64162360138,288.15,0.8385412648334485,25.843774714744075,0.023650390623445205,5.0,6.512852387297818
59650.0,9990.0,15.100000000000001,50.0,25.700000000000003,180.0,39.900000000000006,2597.0,44.800000000000004,14.05,82.5,1128.0,23.200000000000003,80.0,4856.5603772750455,28.476853566041395,17.876938481150795,7.382516332748143,0.5272003938561145,1.0497566737925526,0.34,1.0,0.015743052326903414,1.0,0.9885098200787855,0.015743052326903414,69681.64162360138,288.15,0.8385412648334485,25.843774714744075,0.0236517558602721,5.300000000000001,6.512744597133382
59700.0,9990.0,15.200000000000001,49.5,24.900000000000002,180.0,40.300000000000004,2597.0,45.1,14.100000000000001,82.10000000000001,1130.0,24.1,81.60000000000001,4856.4800178089845,28.476853566041395,17.87664267895345,7.382516332748143,0.5272003938561145,1.0497566737925526,0.38,1.0,0.015753856938350016,1.0,0.9885098200787855,0.015753856938350016,69681.64162360138,288.15,0.8385412648334485,25.843774714744075,0.02365312076119543,4.7,6.512636833482206
59750.0,9990.0,14.8,49.5,25.1,180.0,40.1,2596.0,44.7,13.950000000000001,82.30000000000001,1125.0,23.5,82.0,4856.399678114607,28.476853566041395,17.87634694953542,7.382516332748143,0.5272003938561145,1.0497566737925526,0.34,1.0,0.01576465889141862,1.0,0.9885098200787855,0.01576465889141862,69681.64162360138,288.15,0.8385412648334485,25.843774714744075,0.023654485326203036,5.4,6.512529096345251
59800.0,10000.0,15.3,50.5,25.200000000000003,181.0,39.800000000000004,2594.0,44.7,13.9,82.0,1132.0,23.700000000000003,82.10000000000001,4856.31935819263,28.476853566041395,17.876051292899355,7.382516332748143,0.5272003938561145,1.0497566737925526,0.44,1.0,0.015775458186013027,1.0,0.9885098200787855,0.015775458186013027,69681.64162360138,288.15,0.8385412648334485,25.843774714744075,0.023655849555282913,5.6000000000000005,6.5124213857234805
59850.0,10020.0,15.700000000000001,50.0,25.1,180.0,40.0,2595.0,45.2,13.950000000000001,81.60000000000001,1128.0,23.5,80.80000000000001,4856.239058043758,28.476853566041395,17.875755709047844,7.382516332748143,0.5272003938561145,1.0497566737925526,0.38,1.0,0.015786254822038184,1.0,0.9885098200787855,0.015786254822038184,69681.64162360138,288.15,0.8385412648334485,25.843774714744075,0.023657213448423073,4.800000000000001,6.512313701617841
59900.0,10010.0,15.0,50.5,25.1,180.0,40.0,2589.0,45.1,14.05,83.0,1124.0,23.3,80.9,4856.158777668698,28.476853566041395,17.875460197983493,7.382516332748143,0.5272003938561145,1.0497566737925526,0.42,1.0,0.01579704879939922,1.0,0.9885098200787855,0.01579704879939922,69681.64162360138,288.15,0.8385412648334485,25.843774714744075,0.023658577005611754,4.9,6.512206044029278
59950.0,9990.0,14.600000000000001,49.5,24.700000000000003,181.0,40.2,2590.0,45.2,14.05,81.7,1127.0,23.900000000000002,81.2,4856.078517068143,28.476853566041395,17.87516475970884,7.382516332748143,0.5272003938561145,1.0497566737925526,0.33,1.0,0.015807840118003146,1.0,0.9885098200787855,0.015807840118003146,69681.64162360138,288.15,0.8385412648334485,25.843774714744075,0.02365994022683723,4.9,6.512098412958721
60000.0,10010.0,15.5,49.5,24.8,180.0,40.1,2595.0,45.2,13.9,82.60000000000001,1125.0,23.700000000000003,82.0,4855.998276242783,28.476853566041395,17.874869394226444,7.382516332748143,0.5272003938561145,1.0497566737925526,0.34,1.0,0.015818628777756957,1.0,0.9885098200787855,0.015818628777756957,69681.64162360138,288.15,0.8385412648334485,25.843774714744075,0.02366130311208786,4.800000000000001,6.511990808407098
