time_ms,altitude,temperature,humidity,wind_speed,wind_direction,throttle,engine_rpm,engine_load,afr,cht,egt,oil_pressure,oil_temperature,brake_power_w,indicated_torque_nm,engine_torque_nm,air_mass_flow_gps,fuel_mass_flow_gps,equivalence_ratio_phi,vibration_g_rms,cooling_health_index,lubrication_health_index,injector_health_index,combustion_health_index,overall_engine_health,ambient_pressure_pa,ambient_temperature_k,air_density_kgpm3,cooling_velocity_mps,oil_viscosity_pa_s,brake_power_kw,brake_horsepower
0.0,10000.0,14.700000000000001,50.5,20.400000000000002,178.0,24.700000000000003,1982.0,29.900000000000002,14.350000000000001,84.5,1129.0,49.7,78.10000000000001,2621.2574378923086,22.114972287610993,12.629366403796405,4.452972902307442,0.31061896503019737,1.0254045749027219,0.26,1.0,0.5448371780123372,0.9999999999999997,0.9942275986370589,0.5448371780123372,69681.64162360138,288.15,0.8385412648334485,20.348133623893098,0.025765303724344293,2.7,3.515158649362344
50.0,9990.0,15.100000000000001,49.5,20.400000000000002,180.0,25.0,1979.0,30.400000000000002,14.3,84.80000000000001,1126.0,49.6,78.30000000000001,2621.1354132944552,22.114972287610993,12.628778482391095,4.452972902307442,0.31061896503019737,1.0254045749027219,0.24,1.0,0.5449711655648347,0.9999999999999997,0.9942275986370589,0.5449711655648347,69681.64162360138,288.15,0.8385412648334485,20.348133623893098,0.025768855091169544,2.7,3.5149950119361306
100.0,10030.0,14.9,49.5,19.700000000000003,180.0,25.200000000000003,1982.0,29.700000000000003,14.3,85.4,1129.0,49.6,77.7,2621.013399337117,22.114972287610993,12.628190612252387,4.452972902307442,0.31061896503019737,1.0254045749027219,0.23,1.0,0.5451051410028146,0.9999999999999997,0.9942275986370589,0.5451051410028146,69681.64162360138,288.15,0.8385412648334485,20.348133623893098,0.02577240614798674,2.7,3.5148313887790605
150.0,10000.0,15.3,50.0,20.3,180.0,25.1,1985.0,29.6,14.3,84.7,1125.0,49.300000000000004,78.80000000000001,2620.891396030694,22.114972287610993,12.627602793430391,4.452972902307442,0.31061896503019737,1.0254045749027219,0.2,1.0,0.5452391043141618,0.9999999999999997,0.9942275986370589,0.5452391043141618,69681.64162360138,288.15,0.8385412648334485,20.348133623893098,0.02577595689449345,2.9000000000000004,3.514667779905081
200.0,9980.0,14.9,50.0,20.200000000000003,181.0,25.200000000000003,1981.0,29.900000000000002,14.4,84.9,1124.0,49.0,77.60000000000001,2620.769403385578,22.114972287610993,12.627015025975174,4.452972902307442,0.31061896503019737,1.0254045749027219,0.24,1.0,0.5453730554867722,0.9999999999999997,0.9942275986370589,0.5453730554867722,69681.64162360138,288.15,0.8385412648334485,20.348133623893098,0.02577950733038735,2.7,3.514504185328128
250.0,10010.0,14.9,50.0,20.3,180.0,25.1,1979.0,29.900000000000002,14.3,84.30000000000001,1128.0,49.300000000000004,78.10000000000001,2620.6474214121554,22.114972287610993,12.62642730993678,4.452972902307442,0.31061896503019737,1.0254045749027219,0.24,1.0,0.5455069945085432,0.9999999999999997,0.9942275986370589,0.5455069945085432,69681.64162360138,288.15,0.8385412648334485,20.348133623893098,0.025783057455366236,2.7,3.5143406050621286
300.0,10010.0,15.0,50.0,20.0,179.0,24.700000000000003,1977.0,29.700000000000003,14.350000000000001,84.4,1126.0,49.900000000000006,77.9,2620.5254501208087,22.114972287610993,12.625839645365229,4.452972902307442,0.31061896503019737,1.0254045749027219,0.25,1.0,0.5456409213673776,0.9999999999999997,0.9942275986370589,0.5456409213673776,69681.64162360138,288.15,0.8385412648334485,20.348133623893098,0.025786607269128237,2.4000000000000004,3.5141770391210074
350.0,10000.0,14.700000000000001,50.0,20.3,179.0,25.1,1983.0,29.8,14.25,85.0,1126.0,49.5,78.10000000000001,2620.40348952191,22.114972287610993,12.625252032310499,4.452972902307442,0.31061896503019737,1.0254045749027219,0.27,1.0,0.5457748360511887,0.9999999999999997,0.9942275986370589,0.5457748360511887,69681.64162360138,288.15,0.8385412648334485,20.348133623893098,0.025790156771371555,2.6,3.5140134875186724
400.0,9990.0,15.100000000000001,50.0,20.5,181.0,25.1,1988.0,29.6,14.3,84.4,1126.0,49.0,78.4,2620.281539625828,22.114972287610993,12.624664470822541,4.452972902307442,0.31061896503019737,1.0254045749027219,0.22,1.0,0.5459087385478915,0.9999999999999997,0.9942275986370589,0.5459087385478915,69681.64162360138,288.15,0.8385412648334485,20.348133623893098,0.02579370596179455,2.3000000000000003,3.513849950269028
450.0,9990.0,15.100000000000001,50.5,20.8,182.0,25.1,1978.0,29.400000000000002,14.350000000000001,84.5,1126.0,49.300000000000004,78.0,2620.1596004429257,22.114972287610993,12.62407696095129,4.452972902307442,0.31061896503019737,1.0254045749027219,0.26,1.0,0.5460426288454068,0.9999999999999997,0.9942275986370589,0.5460426288454068,69681.64162360138,288.15,0.8385412648334485,20.348133623893098,0.02579725484009583,2.7,3.5136864273859727
500.0,10000.0,14.700000000000001,49.0,19.8,180.0,25.400000000000002,1983.0,30.3,14.3,84.2,1124.0,49.2,79.10000000000001,2620.0376719835576,22.114972287610993,12.623489502746633,4.452972902307442,0.31061896503019737,1.0254045749027219,0.2,1.0,0.546176506931663,0.9999999999999997,0.9942275986370589,0.546176506931663,69681.64162360138,288.15,0.8385412648334485,20.348133623893098,0.025800803405974203,2.8000000000000003,3.5135229188833907
550.0,9990.0,15.3,50.0,19.900000000000002,180.0,24.900000000000002,1984.0,29.900000000000002,14.25,84.2,1127.0,50.0,78.10000000000001,2619.915754258073,22.114972287610993,12.62290209625843,4.452972902307442,0.31061896503019737,1.0254045749027219,0.22,1.0,0.5463103727945962,0.9999999999999997,0.9942275986370589,0.5463103727945962,69681.64162360138,288.15,0.8385412648334485,20.348133623893098,0.02580435165912859,2.7,3.5133594247751607
600.0,10020.0,15.100000000000001,50.0,20.400000000000002,180.0,25.3,1983.0,29.6,14.25,85.9,1131.0,49.400000000000006,77.80000000000001,2619.7938472768146,22.114972287610993,12.622314741536519,4.452972902307442,0.31061896503019737,1.0254045749027219,0.27,1.0,0.5464442264221442,0.9999999999999997,0.9942275986370589,0.5464442264221442,69681.64162360138,288.15,0.8385412648334485,20.348133623893098,0.02580789959925813,2.3000000000000003,3.513195945075154
650.0,9990.0,15.200000000000001,50.0,20.0,180.0,25.1,1988.0,30.0,14.4,83.7,1127.0,49.2,77.4,2619.6719510501207,22.114972287610993,12.621727438630707,4.452972902307442,0.31061896503019737,1.0254045749027219,0.2,1.0,0.5465780678022533,0.9999999999999997,0.9942275986370589,0.5465780678022533,69681.64162360138,288.15,0.8385412648334485,20.348133623893098,0.02581144722606212,2.5,3.513032479797233
700.0,10010.0,14.600000000000001,50.0,19.8,180.0,25.200000000000003,1984.0,30.400000000000002,14.3,84.5,1126.0,49.6,78.10000000000001,2619.5500655883216,22.114972287610993,12.621140187590765,4.452972902307442,0.31061896503019737,1.0254045749027219,0.19,1.0,0.546711896922874,0.9999999999999997,0.9942275986370589,0.546711896922874,69681.64162360138,288.15,0.8385412648334485,20.348133623893098,0.025814994539240108,2.6,3.5128690289552513
750.0,10000.0,15.8,51.0,19.700000000000003,180.0,24.700000000000003,1980.0,30.1,14.4,84.5,1125.0,48.800000000000004,77.9,2619.428190901739,22.114972287610993,12.620552988466425,4.452972902307442,0.31061896503019737,1.0254045749027219,0.19,1.0,0.5468457137719663,0.9999999999999997,0.9942275986370589,0.5468457137719663,69681.64162360138,288.15,0.8385412648334485,20.348133623893098,0.025818541538491717,2.5,3.51270559256305
800.0,9990.0,15.0,49.0,19.400000000000002,182.0,24.700000000000003,1978.0,30.6,14.55,84.2,1126.0,49.6,78.9,2619.3063270006946,22.114972287610993,12.619965841307417,4.452972902307442,0.31061896503019737,1.0254045749027219,0.2,1.0,0.5469795183374916,0.9999999999999997,0.9942275986370589,0.5469795183374916,69681.64162360138,288.15,0.8385412648334485,20.348133623893098,0.02582208822351677,2.6,3.5125421706344717
850.0,10010.0,15.100000000000001,50.0,19.900000000000002,179.0,25.0,1981.0,30.1,14.3,85.2,1129.0,49.6,78.2,2619.1844738955006,22.114972287610993,12.619378746163427,4.452972902307442,0.31061896503019737,1.0254045749027219,0.23,1.0,0.5471133106074174,0.9999999999999997,0.9942275986370589,0.5471133106074174,69681.64162360138,288.15,0.8385412648334485,20.348133623893098,0.02582563459401542,2.6,3.512378763183344
900.0,9990.0,15.100000000000001,50.0,20.8,181.0,25.1,1979.0,29.700000000000003,14.4,85.0,1128.0,48.900000000000006,78.5,2619.0626315964587,22.114972287610993,12.618791703084089,4.452972902307442,0.31061896503019737,1.0254045749027219,0.24,1.0,0.547247090569723,0.9999999999999997,0.9942275986370589,0.547247090569723,69681.64162360138,288.15,0.8385412648334485,20.348133623893098,0.025829180649687783,2.3000000000000003,3.5122153702234833
950.0,9990.0,15.100000000000001,50.0,19.900000000000002,180.0,24.900000000000002,1983.0,30.400000000000002,14.15,84.7,1127.0,49.6,77.80000000000001,2618.940800113872,22.114972287610993,12.61820471211904,4.452972902307442,0.31061896503019737,1.0254045749027219,0.17,1.0,0.5473808582123858,0.9999999999999997,0.9942275986370589,0.5473808582123858,69681.64162360138,288.15,0.8385412648334485,20.348133623893098,0.02583272639023428,2.7,3.5120519917687045
1000.0,10020.0,14.5,50.5,19.900000000000002,180.0,24.8,1981.0,30.400000000000002,14.4,85.9,1130.0,49.7,78.9,2618.8189794580344,22.114972287610993,12.617617773317882,4.452972902307442,0.31061896503019737,1.0254045749027219,0.24,1.0,0.5475146135233931,0.9999999999999997,0.9942275986370589,0.5475146135233931,69681.64162360138,288.15,0.8385412648334485,20.348133623893098,0.025836271815355506,2.8000000000000003,3.5118886278328136
1050.0,10000.0,15.0,49.5,20.400000000000002,179.0,25.200000000000003,1981.0,30.400000000000002,14.4,85.9,1129.0,49.0,78.0,2618.6971696392307,22.114972287610993,12.617030886730166,4.452972902307442,0.31061896503019737,1.0254045749027219,0.19,1.0,0.5476483564907385,0.9999999999999997,0.9942275986370589,0.5476483564907385,69681.64162360138,288.15,0.8385412648334485,20.348133623893098,0.02583981692475225,2.5,3.5117252784296014
1100.0,10020.0,15.200000000000001,49.5,19.6,180.0,24.8,1979.0,30.1,14.4,85.2,1121.0,49.7,78.0,2618.5753706677424,22.114972287610993,12.616444052405427,4.452972902307442,0.31061896503019737,1.0254045749027219,0.24,1.0,0.5477820871024209,0.9999999999999997,0.9942275986370589,0.5477820871024209,69681.64162360138,288.15,0.8385412648334485,20.348133623893098,0.025843361718125436,3.0,3.5115619435728562
1150.0,9980.0,14.8,50.5,19.400000000000002,181.0,25.1,1985.0,29.8,14.4,85.5,1127.0,49.7,78.10000000000001,2618.4535825538433,22.114972287610993,12.615857270393168,4.452972902307442,0.31061896503019737,1.0254045749027219,0.2,1.0,0.5479158053464439,0.9999999999999997,0.9942275986370589,0.5479158053464439,69681.64162360138,288.15,0.8385412648334485,20.348133623893098,0.02584690619517617,2.6,3.5113986232763548
1200.0,10000.0,15.100000000000001,50.5,19.6,180.0,25.3,1979.0,29.8,14.350000000000001,85.30000000000001,1127.0,50.0,78.4,2618.3318053078037,22.114972287610993,12.615270540742868,4.452972902307442,0.31061896503019737,1.0254045749027219,0.25,1.0,0.5480495112108178,0.9999999999999997,0.9942275986370589,0.5480495112108178,69681.64162360138,288.15,0.8385412648334485,20.348133623893098,0.025850450355605806,2.8000000000000003,3.511235317553871
1250.0,10030.0,14.9,49.0,20.6,180.0,25.0,1987.0,29.5,14.25,83.80000000000001,1125.0,49.7,78.2,2618.2100389398834,22.114972287610993,12.614683863503961,4.452972902307442,0.31061896503019737,1.0254045749027219,0.23,1.0,0.54818320468356,0.9999999999999997,0.9942275986370589,0.54818320468356,69681.64162360138,288.15,0.8385412648334485,20.348133623893098,0.02585399419911581,2.3000000000000003,3.5110720264191624
1300.0,9970.0,15.0,50.0,20.200000000000003,181.0,25.0,1985.0,30.1,14.350000000000001,84.4,1126.0,49.7,78.4,2618.08828346034,22.114972287610993,12.61409723872587,4.452972902307442,0.31061896503019737,1.0254045749027219,0.21,1.0,0.5483168857526919,0.9999999999999997,0.9942275986370589,0.5483168857526919,69681.64162360138,288.15,0.8385412648334485,20.348133623893098,0.025857537725407827,2.7,3.510908749885985
1350.0,10000.0,15.0,50.5,19.200000000000003,179.0,24.700000000000003,1973.0,29.8,14.4,84.60000000000001,1127.0,50.0,78.60000000000001,2617.966538879423,22.114972287610993,12.613510666457975,4.452972902307442,0.31061896503019737,1.0254045749027219,0.22,1.0,0.5484505544062402,0.9999999999999997,0.9942275986370589,0.5484505544062402,69681.64162360138,288.15,0.8385412648334485,20.348133623893098,0.025861080934183732,3.0,3.5107454879680837
1400.0,10000.0,14.700000000000001,49.5,19.400000000000002,179.0,24.900000000000002,1985.0,30.5,14.25,85.0,1124.0,49.800000000000004,77.9,2617.8448052073754,22.114972287610993,12.612924146749632,4.452972902307442,0.31061896503019737,1.0254045749027219,0.17,1.0,0.5485842106322398,0.9999999999999997,0.9942275986370589,0.5485842106322398,69681.64162360138,288.15,0.8385412648334485,20.348133623893098,0.02586462382514556,2.8000000000000003,3.5105822406791947
1450.0,9990.0,14.8,49.5,19.700000000000003,180.0,25.0,1983.0,30.1,14.450000000000001,84.60000000000001,1123.0,50.0,77.80000000000001,2617.723082454435,22.114972287610993,12.612337679650162,4.452972902307442,0.31061896503019737,1.0254045749027219,0.26,1.0,0.5487178544187303,0.9999999999999997,0.9942275986370589,0.5487178544187303,69681.64162360138,288.15,0.8385412648334485,20.348133623893098,0.025868166397995544,2.7,3.510419008033047
1500.0,10000.0,15.100000000000001,51.0,20.8,180.0,25.0,1986.0,29.700000000000003,14.350000000000001,84.7,1128.0,49.300000000000004,77.2,2617.6013706308313,22.114972287610993,12.611751265208854,4.452972902307442,0.31061896503019737,1.0254045749027219,0.16,1.0,0.5488514857537582,0.9999999999999997,0.9942275986370589,0.5488514857537582,69681.64162360138,288.15,0.8385412648334485,20.348133623893098,0.02587170865243611,2.3000000000000003,3.5102557900433577
1550.0,9990.0,14.9,51.0,20.400000000000002,179.0,25.1,1980.0,29.900000000000002,14.350000000000001,85.10000000000001,1126.0,50.0,77.4,2617.479669746788,22.114972287610993,12.611164903474968,4.452972902307442,0.31061896503019737,1.0254045749027219,0.23,1.0,0.5489851046253754,0.9999999999999997,0.9942275986370589,0.5489851046253754,69681.64162360138,288.15,0.8385412648334485,20.348133623893098,0.02587525058816975,3.3000000000000003,3.510092586723838
1600.0,10000.0,15.4,50.0,20.200000000000003,180.0,25.0,1979.0,30.1,14.3,85.10000000000001,1130.0,49.800000000000004,77.80000000000001,2617.3579798125274,22.114972287610993,12.61057859449775,4.452972902307442,0.31061896503019737,1.0254045749027219,0.24,1.0,0.5491187110216367,0.9999999999999997,0.9942275986370589,0.5491187110216367,69681.64162360138,288.15,0.8385412648334485,20.348133623893098,0.02587879220489927,2.5,3.5099293980881954
1650.0,10010.0,14.5,50.0,19.200000000000003,179.0,25.3,1986.0,29.8,14.25,83.0,1125.0,50.5,78.2,2617.23630083826,22.114972287610993,12.6099923383264,4.452972902307442,0.31061896503019737,1.0254045749027219,0.21,1.0,0.5492523049306065,0.9999999999999997,0.9942275986370589,0.5492523049306065,69681.64162360138,288.15,0.8385412648334485,20.348133623893098,0.02588233350232763,2.7,3.5097662241501233
1700.0,9980.0,14.9,50.0,20.0,181.0,25.1,1985.0,29.8,14.4,85.7,1124.0,49.300000000000004,78.60000000000001,2617.11463283419,22.114972287610993,12.609406135010083,4.452972902307442,0.31061896503019737,1.0254045749027219,0.22,1.0,0.5493858863403551,0.9999999999999997,0.9942275986370589,0.5493858863403551,69681.64162360138,288.15,0.8385412648334485,20.348133623893098,0.025885874480157937,3.0,3.509603064923306
1750.0,9990.0,15.4,50.0,20.1,181.0,24.900000000000002,1978.0,29.900000000000002,14.350000000000001,83.80000000000001,1128.0,49.5,78.5,2616.9929758105195,22.114972287610993,12.608819984597949,4.452972902307442,0.31061896503019737,1.0254045749027219,0.15,1.0,0.5495194552389558,0.9999999999999997,0.9942275986370589,0.5495194552389558,69681.64162360138,288.15,0.8385412648334485,20.348133623893098,0.025889415138093494,2.4000000000000004,3.5094399204214235
1800.0,9980.0,14.8,50.0,19.900000000000002,180.0,25.0,1983.0,29.700000000000003,14.4,85.10000000000001,1128.0,49.900000000000006,78.10000000000001,2616.8713297774407,22.114972287610993,12.608233887139106,4.452972902307442,0.31061896503019737,1.0254045749027219,0.29,1.0,0.5496530116144905,0.9999999999999997,0.9942275986370589,0.5496530116144905,69681.64162360138,288.15,0.8385412648334485,20.348133623893098,0.02589295547583779,2.6,3.5092767906581437
1850.0,10000.0,14.8,49.5,19.5,179.0,25.0,1983.0,30.0,14.3,85.2,1129.0,49.6,77.60000000000001,2616.749694745141,22.114972287610993,12.607647842682638,4.452972902307442,0.31061896503019737,1.0254045749027219,0.24,1.0,0.5497865554550455,0.9999999999999997,0.9942275986370589,0.5497865554550455,69681.64162360138,288.15,0.8385412648334485,20.348133623893098,0.02589649549309452,2.7,3.509113675647129
1900.0,9980.0,15.0,50.0,19.6,180.0,24.700000000000003,1987.0,30.400000000000002,14.3,84.9,1121.0,49.300000000000004,77.80000000000001,2616.628070723801,22.114972287610993,12.607061851277598,4.452972902307442,0.31061896503019737,1.0254045749027219,0.19,1.0,0.5499200867487137,0.9999999999999997,0.9942275986370589,0.5499200867487137,69681.64162360138,288.15,0.8385412648334485,20.348133623893098,0.025900035189567537,2.8000000000000003,3.508950575402032
1950.0,10020.0,14.600000000000001,49.5,20.1,181.0,24.8,1983.0,30.5,14.200000000000001,83.9,1126.0,49.5,78.30000000000001,2616.5064577235953,22.114972287610993,12.606475912973002,4.452972902307442,0.31061896503019737,1.0254045749027219,0.23,1.0,0.550053605483595,0.9999999999999997,0.9942275986370589,0.550053605483595,69681.64162360138,288.15,0.8385412648334485,20.348133623893098,0.025903574564960834,2.2,3.508787489936496
2000.0,10010.0,14.8,50.5,19.700000000000003,179.0,25.1,1985.0,30.1,14.200000000000001,85.0,1124.0,49.800000000000004,77.2,2616.3848557546935,22.114972287610993,12.605890027817853,4.452972902307442,0.31061896503019737,1.0254045749027219,0.24,1.0,0.5501871116477913,0.9999999999999997,0.9942275986370589,0.5501871116477913,69681.64162360138,288.15,0.8385412648334485,20.348133623893098,0.025907113618978635,2.4000000000000004,3.508624419264159
2050.0,9980.0,15.200000000000001,50.0,19.8,181.0,24.900000000000002,1982.0,30.1,14.3,84.9,1126.0,49.5,78.60000000000001,2616.2632648272584,22.114972287610993,12.605304195861116,4.452972902307442,0.31061896503019737,1.0254045749027219,0.19,1.0,0.5503206052294131,0.9999999999999997,0.9942275986370589,0.5503206052294131,69681.64162360138,288.15,0.8385412648334485,20.348133623893098,0.025910652351325347,2.0,3.5084613633986503
2100.0,10020.0,15.8,50.0,19.200000000000003,180.0,24.900000000000002,1981.0,29.700000000000003,14.4,85.0,1123.0,49.900000000000006,78.9,2616.1416849514435,22.114972287610993,12.604718417151707,4.452972902307442,0.31061896503019737,1.0254045749027219,0.23,1.0,0.5504540862165771,0.9999999999999997,0.9942275986370589,0.5504540862165771,69681.64162360138,288.15,0.8385412648334485,20.348133623893098,0.02591419076170555,2.5,3.508298322353585
2150.0,10000.0,15.200000000000001,49.0,20.1,180.0,25.400000000000002,1981.0,30.5,14.25,85.0,1128.0,49.400000000000006,78.0,2616.020116137401,22.114972287610993,12.604132691738545,4.452972902307442,0.31061896503019737,1.0254045749027219,0.26,1.0,0.5505875545974053,0.9999999999999997,0.9942275986370589,0.5505875545974053,69681.64162360138,288.15,0.8385412648334485,20.348133623893098,0.025917728849824004,2.5,3.5081352961425782
2200.0,9980.0,15.0,49.5,19.900000000000002,180.0,24.700000000000003,1976.0,30.1,14.3,83.10000000000001,1129.0,49.800000000000004,77.5,2615.898558395273,22.114972287610993,12.60354701967049,4.452972902307442,0.31061896503019737,1.0254045749027219,0.19,1.0,0.5507210103600256,0.9999999999999997,0.9942275986370589,0.5507210103600256,69681.64162360138,288.15,0.8385412648334485,20.348133623893098,0.025921266615385675,2.8000000000000003,3.5079722847792296
2250.0,10000.0,15.700000000000001,50.0,20.200000000000003,180.0,25.200000000000003,1984.0,30.400000000000002,14.3,84.4,1126.0,50.0,78.60000000000001,2615.7770117351965,22.114972287610993,12.602961400996387,4.452972902307442,0.31061896503019737,1.0254045749027219,0.21,1.0,0.5508544534925726,0.9999999999999997,0.9942275986370589,0.5508544534925726,69681.64162360138,288.15,0.8385412648334485,20.348133623893098,0.025924804058095677,2.5,3.5078092882771332
2300.0,10000.0,14.9,50.5,19.1,179.0,24.8,1973.0,29.700000000000003,14.25,84.5,1130.0,49.6,77.4,2615.6554761673033,22.114972287610993,12.602375835765047,4.452972902307442,0.31061896503019737,1.0254045749027219,0.22,1.0,0.5509878839831852,0.9999999999999997,0.9942275986370589,0.5509878839831852,69681.64162360138,288.15,0.8385412648334485,20.348133623893098,0.025928341177659294,2.9000000000000004,3.5076463066498773
2350.0,9990.0,14.700000000000001,50.5,19.900000000000002,181.0,25.0,1985.0,29.700000000000003,14.350000000000001,84.5,1124.0,49.2,78.2,2615.5339517017173,22.114972287610993,12.601790324025252,4.452972902307442,0.31061896503019737,1.0254045749027219,0.21,1.0,0.5511213018200084,0.9999999999999997,0.9942275986370589,0.5511213018200084,69681.64162360138,288.15,0.8385412648334485,20.348133623893098,0.025931877973782057,2.4000000000000004,3.5074833399110377
2400.0,10000.0,15.3,49.0,19.400000000000002,179.0,25.3,1983.0,30.200000000000003,14.25,83.9,1128.0,49.800000000000004,78.10000000000001,2615.4124383485578,22.114972287610993,12.601204865825755,4.452972902307442,0.31061896503019737,1.0254045749027219,0.22,1.0,0.5512547069911952,0.9999999999999997,0.9942275986370589,0.5512547069911952,69681.64162360138,288.15,0.8385412648334485,20.348133623893098,0.02593541444616959,2.7,3.5073203880741834
2450.0,10000.0,15.200000000000001,50.5,19.400000000000002,178.0,25.200000000000003,1987.0,29.700000000000003,14.200000000000001,84.7,1129.0,50.400000000000006,78.10000000000001,2615.2909361179363,22.114972287610993,12.600619461215276,4.452972902307442,0.31061896503019737,1.0254045749027219,0.21,1.0,0.5513880994849003,0.9999999999999997,0.9942275986370589,0.5513880994849003,69681.64162360138,288.15,0.8385412648334485,20.348133623893098,0.025938950594527752,2.4000000000000004,3.5071574511528754
2500.0,10000.0,14.9,49.5,20.8,181.0,25.200000000000003,1978.0,30.3,14.4,84.9,1130.0,50.0,78.2,2615.16944501996,22.114972287610993,12.600034110242511,4.452972902307442,0.31061896503019737,1.0254045749027219,0.24,1.0,0.5515214792892877,0.9999999999999997,0.9942275986370589,0.5515214792892877,69681.64162360138,288.15,0.8385412648334485,20.348133623893098,0.025942486418562588,2.7,3.5069945291606675
2550.0,9980.0,15.0,49.5,19.5,181.0,25.3,1987.0,30.1,14.450000000000001,84.60000000000001,1127.0,49.400000000000006,78.0,2615.0479650647285,22.114972287610993,12.599448812956116,4.452972902307442,0.31061896503019737,1.0254045749027219,0.23,1.0,0.5516548463925267,0.9999999999999997,0.9942275986370589,0.5516548463925267,69681.64162360138,288.15,0.8385412648334485,20.348133623893098,0.02594602191798034,2.3000000000000003,3.5068316221111027
2600.0,10000.0,15.0,51.0,20.400000000000002,180.0,25.0,1982.0,29.900000000000002,14.25,84.5,1125.0,49.300000000000004,78.10000000000001,2614.926496262334,22.114972287610993,12.59886356940472,4.452972902307442,0.31061896503019737,1.0254045749027219,0.24,1.0,0.5517882007827931,0.9999999999999997,0.9942275986370589,0.5517882007827931,69681.64162360138,288.15,0.8385412648334485,20.348133623893098,0.025949557092487387,2.2,3.5066687300177155
2650.0,10000.0,15.3,50.5,20.400000000000002,180.0,24.8,1978.0,30.1,14.350000000000001,85.30000000000001,1130.0,49.7,77.2,2614.8050386228633,22.114972287610993,12.598278379636925,4.452972902307442,0.31061896503019737,1.0254045749027219,0.22,1.0,0.5519215424482664,0.9999999999999997,0.9942275986370589,0.5519215424482664,69681.64162360138,288.15,0.8385412648334485,20.348133623893098,0.02595309194179027,2.7,3.506505852894032
2700.0,10000.0,14.8,50.0,19.8,179.0,25.1,1980.0,30.1,14.350000000000001,83.9,1126.0,50.300000000000004,77.30000000000001,2614.6835921564007,22.114972287610993,12.597693243701313,4.452972902307442,0.31061896503019737,1.0254045749027219,0.16,1.0,0.552054871377132,0.9999999999999997,0.9942275986370589,0.552054871377132,69681.64162360138,288.15,0.8385412648334485,20.348133623893098,0.02595662646559583,2.1,3.5063429907535766
2750.0,10000.0,15.0,50.0,20.5,178.0,25.1,1988.0,29.700000000000003,14.3,84.10000000000001,1125.0,49.7,78.5,2614.5621568730166,22.114972287610993,12.597108161646405,4.452972902307442,0.31061896503019737,1.0254045749027219,0.28,1.0,0.5521881875575856,0.9999999999999997,0.9942275986370589,0.5521881875575856,69681.64162360138,288.15,0.8385412648334485,20.348133623893098,0.025960160663610957,2.5,3.506180143609853
2800.0,10020.0,15.0,51.0,20.0,180.0,25.1,1995.0,30.3,14.3,85.10000000000001,1126.0,49.6,78.30000000000001,2614.440732782783,22.114972287610993,12.596523133520726,4.452972902307442,0.31061896503019737,1.0254045749027219,0.23,1.0,0.5523214909778229,0.9999999999999997,0.9942275986370589,0.5523214909778229,69681.64162360138,288.15,0.8385412648334485,20.348133623893098,0.02596369453554277,2.7,3.5060173114763677
2850.0,10000.0,15.100000000000001,50.0,19.200000000000003,181.0,24.8,1976.0,30.0,14.350000000000001,84.10000000000001,1129.0,49.300000000000004,77.60000000000001,2614.3193198957606,22.114972287610993,12.595938159372754,4.452972902307442,0.31061896503019737,1.0254045749027219,0.21,1.0,0.5524547816260479,0.9999999999999997,0.9942275986370589,0.5524547816260479,69681.64162360138,288.15,0.8385412648334485,20.348133623893098,0.02596722808109861,2.6,3.5058544943666132
2900.0,10000.0,14.700000000000001,50.5,20.0,178.0,24.6,1982.0,29.900000000000002,14.350000000000001,84.5,1127.0,50.1,77.30000000000001,2614.1979182220057,22.114972287610993,12.595353239250937,4.452972902307442,0.31061896503019737,1.0254045749027219,0.19,1.0,0.552588059490472,0.9999999999999997,0.9942275986370589,0.552588059490472,69681.64162360138,288.15,0.8385412648334485,20.348133623893098,0.025970761299985986,2.3000000000000003,3.5056916922940746
2950.0,10000.0,15.4,50.0,19.0,179.0,24.8,1980.0,29.900000000000002,14.350000000000001,84.30000000000001,1129.0,49.6,77.4,2614.0765277715664,22.114972287610993,12.594768373203689,4.452972902307442,0.31061896503019737,1.0254045749027219,0.24,1.0,0.5527213245593114,0.9999999999999997,0.9942275986370589,0.5527213245593114,69681.64162360138,288.15,0.8385412648334485,20.348133623893098,0.025974294191912516,2.2,3.505528905272226
3000.0,10000.0,15.0,50.0,20.6,180.0,25.400000000000002,1981.0,29.6,14.350000000000001,83.9,1125.0,50.0,78.10000000000001,2613.9551485544885,22.114972287610993,12.594183561279412,4.452972902307442,0.31061896503019737,1.0254045749027219,0.21,1.0,0.5528545768207861,0.9999999999999997,0.9942275986370589,0.5528545768207861,69681.64162360138,288.15,0.8385412648334485,20.348133623893098,0.025977826756586112,2.9000000000000004,3.5053661333145403
3050.0,10010.0,15.4,50.5,20.5,178.0,24.900000000000002,1979.0,30.0,14.3,84.4,1132.0,49.800000000000004,78.0,2613.8337805808073,22.114972287610993,12.593598803526453,4.452972902307442,0.31061896503019737,1.0254045749027219,0.22,1.0,0.552987816263126,0.9999999999999997,0.9942275986370589,0.552987816263126,69681.64162360138,288.15,0.8385412648334485,20.348133623893098,0.02598135899371479,2.6,3.505203376434474
3100.0,10000.0,15.100000000000001,50.5,20.700000000000003,180.0,25.1,1977.0,30.0,14.4,85.0,1127.0,50.1,78.0,2613.712423860554,22.114972287610993,12.593014099993146,4.452972902307442,0.31061896503019737,1.0254045749027219,0.26,1.0,0.5531210428745635,0.9999999999999997,0.9942275986370589,0.5531210428745635,69681.64162360138,288.15,0.8385412648334485,20.348133623893098,0.025984890903006735,2.7,3.5050406346454803
3150.0,10000.0,15.100000000000001,48.5,20.200000000000003,177.0,24.700000000000003,1984.0,30.1,14.25,84.0,1130.0,49.7,78.9,2613.591078403755,22.114972287610993,12.5924294507278,4.452972902307442,0.31061896503019737,1.0254045749027219,0.23,1.0,0.5532542566433366,0.9999999999999997,0.9942275986370589,0.5532542566433366,69681.64162360138,288.15,0.8385412648334485,20.348133623893098,0.025988422484170416,2.7,3.5048779079610037
3200.0,10020.0,15.0,49.5,20.0,180.0,24.700000000000003,1981.0,29.8,14.4,84.5,1126.0,49.800000000000004,77.9,2613.469744220426,22.114972287610993,12.591844855778666,4.452972902307442,0.31061896503019737,1.0254045749027219,0.24,1.0,0.5533874575576931,0.9999999999999997,0.9942275986370589,0.5533874575576931,69681.64162360138,288.15,0.8385412648334485,20.348133623893098,0.025991953736914347,2.4000000000000004,3.504715196394476
3250.0,9990.0,15.3,50.0,19.400000000000002,180.0,25.1,1976.0,30.1,14.4,84.7,1128.0,49.400000000000006,78.0,2613.348421320582,22.114972287610993,12.591260315194003,4.452972902307442,0.31061896503019737,1.0254045749027219,0.22,1.0,0.5535206456058815,0.9999999999999997,0.9942275986370589,0.5535206456058815,69681.64162360138,288.15,0.8385412648334485,20.348133623893098,0.025995484660947386,2.5,3.5045524999593276
3300.0,10010.0,15.4,51.0,20.5,180.0,25.1,1985.0,30.0,14.350000000000001,84.9,1127.0,49.6,77.60000000000001,2613.2271097142257,22.114972287610993,12.590675829021999,4.452972902307442,0.31061896503019737,1.0254045749027219,0.24,1.0,0.5536538207761622,0.9999999999999997,0.9942275986370589,0.5536538207761622,69681.64162360138,288.15,0.8385412648334485,20.348133623893098,0.02599901525597841,2.6,3.504389818668971
3350.0,10000.0,15.200000000000001,50.0,20.3,180.0,24.8,1988.0,29.8,14.200000000000001,83.80000000000001,1124.0,49.900000000000006,77.60000000000001,2613.105809411358,22.114972287610993,12.590091397310845,4.452972902307442,0.31061896503019737,1.0254045749027219,0.22,1.0,0.5537869830567955,0.9999999999999997,0.9942275986370589,0.5537869830567955,69681.64162360138,288.15,0.8385412648334485,20.348133623893098,0.026002545521716554,2.8000000000000003,3.5042271525368203
3400.0,10000.0,15.100000000000001,50.0,20.200000000000003,178.0,24.900000000000002,1973.0,30.0,14.350000000000001,85.10000000000001,1130.0,49.900000000000006,77.5,2612.9845204219737,22.114972287610993,12.58950702010869,4.452972902307442,0.31061896503019737,1.0254045749027219,0.24,1.0,0.5539201324360499,0.9999999999999997,0.9942275986370589,0.5539201324360499,69681.64162360138,288.15,0.8385412648334485,20.348133623893098,0.026006075457871165,2.5,3.5040645015762752
3450.0,10000.0,15.3,49.5,20.3,181.0,24.8,1986.0,30.200000000000003,14.350000000000001,84.0,1125.0,49.7,78.0,2612.8632427560583,22.114972287610993,12.58892269746365,4.452972902307442,0.31061896503019737,1.0254045749027219,0.2,1.0,0.5540532689022013,0.9999999999999997,0.9942275986370589,0.5540532689022013,69681.64162360138,288.15,0.8385412648334485,20.348133623893098,0.026009605064151713,2.7,3.5039018658007297
3500.0,9990.0,14.9,50.0,21.0,179.0,25.3,1983.0,30.1,14.350000000000001,84.7,1126.0,50.400000000000006,77.5,2612.741976423593,22.114972287610993,12.58833842942381,4.452972902307442,0.31061896503019737,1.0254045749027219,0.26,1.0,0.554186392443529,0.9999999999999997,0.9942275986370589,0.554186392443529,69681.64162360138,288.15,0.8385412648334485,20.348133623893098,0.026013134340267918,2.5,3.5037392452235667
3550.0,10000.0,14.700000000000001,50.0,20.6,180.0,25.0,1978.0,29.900000000000002,14.200000000000001,83.9,1127.0,50.400000000000006,79.2,2612.6207214345513,22.114972287610993,12.587754216037228,4.452972902307442,0.31061896503019737,1.0254045749027219,0.21,1.0,0.5543195030483214,0.9999999999999997,0.9942275986370589,0.5543195030483214,69681.64162360138,288.15,0.8385412648334485,20.348133623893098,0.026016663285929605,3.0,3.5035766398581623
3600.0,10000.0,15.0,50.0,20.0,180.0,24.900000000000002,1976.0,29.5,14.4,84.2,1125.0,49.900000000000006,78.10000000000001,2612.4994777989023,22.114972287610993,12.587170057351932,4.452972902307442,0.31061896503019737,1.0254045749027219,0.23,1.0,0.5544526007048686,0.9999999999999997,0.9942275986370589,0.5544526007048686,69681.64162360138,288.15,0.8385412648334485,20.348133623893098,0.0260201919008468,2.4000000000000004,3.5034140497178843
3650.0,10010.0,15.5,50.0,20.400000000000002,181.0,25.200000000000003,1984.0,30.200000000000003,14.350000000000001,83.7,1129.0,49.400000000000006,77.4,2612.37824552661,22.114972287610993,12.586585953415932,4.452972902307442,0.31061896503019737,1.0254045749027219,0.26,1.0,0.5545856854014684,0.9999999999999997,0.9942275986370589,0.5545856854014684,69681.64162360138,288.15,0.8385412648334485,20.348133623893098,0.026023720184729763,2.8000000000000003,3.503251474816095
3700.0,10020.0,14.9,49.5,19.900000000000002,180.0,25.0,1987.0,29.900000000000002,14.350000000000001,83.80000000000001,1128.0,49.900000000000006,77.4,2612.257024627627,22.114972287610993,12.586001904277177,4.452972902307442,0.31061896503019737,1.0254045749027219,0.22,1.0,0.5547187571264258,0.9999999999999997,0.9942275986370589,0.5547187571264258,69681.64162360138,288.15,0.8385412648334485,20.348133623893098,0.026027248137288912,2.6,3.50308891516614
3750.0,10000.0,15.5,50.0,19.900000000000002,178.0,24.8,1981.0,29.8,14.450000000000001,84.30000000000001,1130.0,49.900000000000006,77.80000000000001,2612.135815111904,22.114972287610993,12.585417909983613,4.452972902307442,0.31061896503019737,1.0254045749027219,0.22,1.0,0.554851815868051,0.9999999999999997,0.9942275986370589,0.554851815868051,69681.64162360138,288.15,0.8385412648334485,20.348133623893098,0.02603077575823483,2.6,3.502926370781366
3800.0,10020.0,14.3,49.0,19.8,180.0,25.1,1984.0,29.900000000000002,14.4,85.0,1127.0,50.300000000000004,77.9,2612.0146169893833,22.114972287610993,12.58483397058314,4.452972902307442,0.31061896503019737,1.0254045749027219,0.21,1.0,0.5549848616146592,0.9999999999999997,0.9942275986370589,0.5549848616146592,69681.64162360138,288.15,0.8385412648334485,20.348133623893098,0.02603430304727827,2.8000000000000003,3.5027638416751032
3850.0,10000.0,15.0,50.5,19.0,179.0,24.8,1981.0,29.900000000000002,14.25,83.80000000000001,1125.0,50.800000000000004,78.60000000000001,2611.8934302700036,22.114972287610993,12.584250086123646,4.452972902307442,0.31061896503019737,1.0254045749027219,0.21,1.0,0.555117894354571,0.9999999999999997,0.9942275986370589,0.555117894354571,69681.64162360138,288.15,0.8385412648334485,20.348133623893098,0.02603783000413018,2.5,3.5026013278606802
3900.0,9990.0,14.4,50.0,19.6,180.0,24.700000000000003,1979.0,30.0,14.350000000000001,84.60000000000001,1124.0,50.2,77.30000000000001,2611.7722549636946,22.114972287610993,12.583666256652972,4.452972902307442,0.31061896503019737,1.0254045749027219,0.24,1.0,0.5552509140761137,0.9999999999999997,0.9942275986370589,0.5552509140761137,69681.64162360138,288.15,0.8385412648334485,20.348133623893098,0.02604135662850173,2.6,3.5024388293514144
3950.0,9980.0,14.9,50.0,20.200000000000003,180.0,25.3,1986.0,29.900000000000002,14.4,85.5,1132.0,49.5,77.30000000000001,2611.651091080381,22.114972287610993,12.583082482218932,4.452972902307442,0.31061896503019737,1.0254045749027219,0.27,1.0,0.5553839207676216,0.9999999999999997,0.9942275986370589,0.5553839207676216,69681.64162360138,288.15,0.8385412648334485,20.348133623893098,0.026044882920104217,2.3000000000000003,3.5022763461606123
4000.0,9980.0,14.9,50.0,20.0,179.0,24.900000000000002,1979.0,29.700000000000003,14.5,84.5,1129.0,49.800000000000004,77.60000000000001,2611.5299386299807,22.114972287610993,12.582498762869317,4.452972902307442,0.31061896503019737,1.0254045749027219,0.2,1.0,0.5555169144174327,0.9999999999999997,0.9942275986370589,0.5555169144174327,69681.64162360138,288.15,0.8385412648334485,20.348133623893098,0.02604840887864917,1.9000000000000001,3.5021138783015773
4050.0,9980.0,14.5,49.0,19.5,181.0,25.0,1987.0,30.1,14.4,83.80000000000001,1128.0,50.2,77.4,2611.4087976224055,22.114972287610993,12.581915098651878,4.452972902307442,0.31061896503019737,1.0254045749027219,0.24,1.0,0.5556498950138927,0.9999999999999997,0.9942275986370589,0.5556498950138927,69681.64162360138,288.15,0.8385412648334485,20.348133623893098,0.026051934503848254,2.8000000000000003,3.5019514257875985
4100.0,9990.0,14.700000000000001,49.5,20.0,180.0,24.8,1982.0,30.200000000000003,14.4,85.2,1130.0,49.6,78.5,2611.2876680675604,22.114972287610993,12.58133148961434,4.452972902307442,0.31061896503019737,1.0254045749027219,0.21,1.0,0.5557828625453523,0.9999999999999997,0.9942275986370589,0.5557828625453523,69681.64162360138,288.15,0.8385412648334485,20.348133623893098,0.026055459795413356,2.9000000000000004,3.5017889886319598
4150.0,10000.0,14.9,49.0,19.900000000000002,179.0,25.200000000000003,1988.0,29.8,14.350000000000001,83.9,1125.0,50.2,77.7,2611.1665499753453,22.114972287610993,12.580747935804402,4.452972902307442,0.31061896503019737,1.0254045749027219,0.28,1.0,0.5559158170001679,0.9999999999999997,0.9942275986370589,0.5559158170001679,69681.64162360138,288.15,0.8385412648334485,20.348133623893098,0.02605898475305652,2.5,3.5016265668479374
4200.0,10010.0,15.0,50.5,19.8,180.0,25.0,1979.0,30.200000000000003,14.4,84.60000000000001,1131.0,50.5,77.5,2611.045443355653,22.114972287610993,12.580164437269724,4.452972902307442,0.31061896503019737,1.0254045749027219,0.24,1.0,0.5560487583667023,0.9999999999999997,0.9942275986370589,0.5560487583667023,69681.64162360138,288.15,0.8385412648334485,20.348133623893098,0.026062509376489976,2.5,3.501464160448798
4250.0,10000.0,14.8,51.0,20.1,180.0,25.200000000000003,1973.0,29.400000000000002,14.4,84.30000000000001,1127.0,49.5,77.7,2610.92434821837,22.114972287610993,12.579580994057945,4.452972902307442,0.31061896503019737,1.0254045749027219,0.29,1.0,0.5561816866333237,0.9999999999999997,0.9942275986370589,0.5561816866333237,69681.64162360138,288.15,0.8385412648334485,20.348133623893098,0.026066033665426157,2.8000000000000003,3.5013017694477986
4300.0,10000.0,14.9,50.0,19.1,180.0,25.200000000000003,1976.0,29.8,14.25,83.7,1127.0,49.300000000000004,78.0,2610.8032645733774,22.114972287610993,12.578997606216669,4.452972902307442,0.31061896503019737,1.0254045749027219,0.25,1.0,0.5563146017884067,0.9999999999999997,0.9942275986370589,0.5563146017884067,69681.64162360138,288.15,0.8385412648334485,20.348133623893098,0.026069557619577615,2.5,3.501139393858191
4350.0,9970.0,14.700000000000001,50.5,18.900000000000002,180.0,24.8,1985.0,29.8,14.350000000000001,84.60000000000001,1131.0,49.900000000000006,77.9,2610.6821924305505,22.114972287610993,12.578414273793479,4.452972902307442,0.31061896503019737,1.0254045749027219,0.18,1.0,0.5564475038203295,0.9999999999999997,0.9942275986370589,0.5564475038203295,69681.64162360138,288.15,0.8385412648334485,20.348133623893098,0.026073081238657207,2.9000000000000004,3.500977033693217
4400.0,9990.0,14.8,50.0,19.400000000000002,180.0,25.200000000000003,1983.0,29.5,14.350000000000001,84.7,1122.0,49.6,78.10000000000001,2610.5611317997536,22.114972287610993,12.577830996835898,4.452972902307442,0.31061896503019737,1.0254045749027219,0.23,1.0,0.556580392717481,0.9999999999999997,0.9942275986370589,0.556580392717481,69681.64162360138,288.15,0.8385412648334485,20.348133623893098,0.026076604522377873,2.7,3.5008146889661056
4450.0,10020.0,15.100000000000001,50.5,21.1,180.0,24.8,1984.0,30.1,14.3,83.60000000000001,1133.0,50.1,77.30000000000001,2610.4400826908504,22.114972287610993,12.577247775391452,4.452972902307442,0.31061896503019737,1.0254045749027219,0.25,1.0,0.5567132684682521,0.9999999999999997,0.9942275986370589,0.5567132684682521,69681.64162360138,288.15,0.8385412648334485,20.348133623893098,0.0260801274704527,2.6,3.5006523596900845
4500.0,10000.0,15.200000000000001,49.5,20.1,182.0,25.1,1980.0,29.8,14.3,84.10000000000001,1126.0,50.300000000000004,76.80000000000001,2610.319045113699,22.114972287610993,12.576664609507638,4.452972902307442,0.31061896503019737,1.0254045749027219,0.25,1.0,0.556846131061038,0.9999999999999997,0.9942275986370589,0.556846131061038,69681.64162360138,288.15,0.8385412648334485,20.348133623893098,0.026083650082595104,2.5,3.5004900458783728
4550.0,10000.0,14.700000000000001,50.5,20.5,181.0,24.700000000000003,1985.0,30.1,14.200000000000001,84.2,1128.0,50.2,77.80000000000001,2610.1980190781424,22.114972287610993,12.57608149923188,4.452972902307442,0.31061896503019737,1.0254045749027219,0.23,1.0,0.5569789804842457,0.9999999999999997,0.9942275986370589,0.5569789804842457,69681.64162360138,288.15,0.8385412648334485,20.348133623893098,0.02608717235851854,3.0,3.5003277475441705
4600.0,10010.0,14.100000000000001,50.0,19.900000000000002,179.0,25.0,1987.0,29.700000000000003,14.350000000000001,83.7,1125.0,50.6,77.4,2610.077004594029,22.114972287610993,12.575498444611627,4.452972902307442,0.31061896503019737,1.0254045749027219,0.24,1.0,0.5571118167262821,0.9999999999999997,0.9942275986370589,0.5571118167262821,69681.64162360138,288.15,0.8385412648334485,20.348133623893098,0.02609069429793671,2.1,3.500165464700685
4650.0,10020.0,15.200000000000001,50.0,20.200000000000003,179.0,25.200000000000003,1981.0,29.900000000000002,14.3,83.9,1129.0,50.1,78.0,2609.956001671193,22.114972287610993,12.574915445694263,4.452972902307442,0.31061896503019737,1.0254045749027219,0.22,1.0,0.5572446397755624,0.9999999999999997,0.9942275986370589,0.5572446397755624,69681.64162360138,288.15,0.8385412648334485,20.348133623893098,0.026094215900563482,2.7,3.5000031973611034
4700.0,9990.0,15.700000000000001,49.0,20.5,181.0,24.8,1991.0,30.3,14.4,84.2,1126.0,50.0,77.80000000000001,2609.8350103194657,22.114972287610993,12.574332502527152,4.452972902307442,0.31061896503019737,1.0254045749027219,0.27,1.0,0.557377449620508,0.9999999999999997,0.9942275986370589,0.557377449620508,69681.64162360138,288.15,0.8385412648334485,20.348133623893098,0.026097737166112942,2.7,3.49984094553861
4750.0,9990.0,15.200000000000001,50.5,20.3,181.0,24.900000000000002,1978.0,29.700000000000003,14.200000000000001,84.30000000000001,1127.0,49.900000000000006,76.2,2609.7140305486705,22.114972287610993,12.573749615157627,4.452972902307442,0.31061896503019737,1.0254045749027219,0.19,1.0,0.5575102462495461,0.9999999999999997,0.9942275986370589,0.5575102462495461,69681.64162360138,288.15,0.8385412648334485,20.348133623893098,0.02610125809429933,2.9000000000000004,3.4996787092463784
4800.0,9990.0,15.100000000000001,49.5,20.6,180.0,25.1,1991.0,30.5,14.3,83.80000000000001,1126.0,50.2,77.60000000000001,2609.5930623686245,22.114972287610993,12.573166783632988,4.452972902307442,0.31061896503019737,1.0254045749027219,0.21,1.0,0.5576430296511093,0.9999999999999997,0.9942275986370589,0.5576430296511093,69681.64162360138,288.15,0.8385412648334485,20.348133623893098,0.026104778684837095,3.0,3.499516488497573
4850.0,10000.0,15.700000000000001,50.0,20.700000000000003,180.0,25.200000000000003,1979.0,29.700000000000003,14.350000000000001,84.80000000000001,1127.0,49.6,77.0,2609.472105789139,22.114972287610993,12.572584008000502,4.452972902307442,0.31061896503019737,1.0254045749027219,0.18,1.0,0.5577757998136376,0.9999999999999997,0.9942275986370589,0.5577757998136376,69681.64162360138,288.15,0.8385412648334485,20.348133623893098,0.026108298937440804,2.2,3.4993542833053515
4900.0,10000.0,15.3,50.0,19.1,180.0,25.0,1990.0,29.6,14.3,85.2,1128.0,50.300000000000004,77.7,2609.3511608200197,22.114972287610993,12.572001288307419,4.452972902307442,0.31061896503019737,1.0254045749027219,0.24,1.0,0.5579085567255733,0.9999999999999997,0.9942275986370589,0.5579085567255733,69681.64162360138,288.15,0.8385412648334485,20.348133623893098,0.02611181885182527,2.8000000000000003,3.499192093682863
4950.0,9990.0,15.3,49.5,20.1,180.0,24.900000000000002,1982.0,29.8,14.25,84.0,1124.0,50.2,77.10000000000001,2609.230227471066,22.114972287610993,12.571418624600948,4.452972902307442,0.31061896503019737,1.0254045749027219,0.25,1.0,0.5580413003753678,0.9999999999999997,0.9942275986370589,0.5580413003753678,69681.64162360138,288.15,0.8385412648334485,20.348133623893098,0.026115338427705467,2.3000000000000003,3.4990299196432493
5000.0,9990.0,14.8,50.5,20.1,180.0,25.1,1974.0,30.0,14.5,84.2,1127.0,50.300000000000004,78.10000000000001,2609.1093057520693,22.114972287610993,12.570836016928268,4.452972902307442,0.31061896503019737,1.0254045749027219,0.17,1.0,0.5581740307514772,0.9999999999999997,0.9942275986370589,0.5581740307514772,69681.64162360138,288.15,0.8385412648334485,20.348133623893098,0.026118857664796574,2.2,3.49886776119964
5050.0,10000.0,14.8,50.5,19.900000000000002,178.0,24.700000000000003,1971.0,29.900000000000002,14.3,83.9,1130.0,50.5,77.5,2608.988395672816,22.114972287610993,12.57025346533653,4.452972902307442,0.31061896503019737,1.0254045749027219,0.16,1.0,0.5583067478423639,0.9999999999999997,0.9942275986370589,0.5583067478423639,69681.64162360138,288.15,0.8385412648334485,20.348133623893098,0.02612237656281387,2.8000000000000003,3.4987056183651597
5100.0,10010.0,15.100000000000001,50.5,19.5,182.0,24.8,1985.0,29.5,14.25,85.0,1126.0,50.400000000000006,77.7,2608.867497243088,22.114972287610993,12.569670969872861,4.452972902307442,0.31061896503019737,1.0254045749027219,0.22,1.0,0.5584394516364941,0.9999999999999997,0.9942275986370589,0.5584394516364941,69681.64162360138,288.15,0.8385412648334485,20.348133623893098,0.026125895121472956,2.9000000000000004,3.498543491152926
5150.0,10000.0,14.5,49.5,20.200000000000003,180.0,24.700000000000003,1979.0,29.8,14.3,83.30000000000001,1125.0,49.900000000000006,78.0,2608.7466104726564,22.114972287610993,12.569088530584342,4.452972902307442,0.31061896503019737,1.0254045749027219,0.25,1.0,0.558572142122344,0.9999999999999997,0.9942275986370589,0.558572142122344,69681.64162360138,288.15,0.8385412648334485,20.348133623893098,0.026129413340489484,2.6,3.498381379576042
5200.0,10000.0,15.0,49.5,19.5,179.0,24.900000000000002,1977.0,30.0,14.4,83.2,1127.0,50.0,77.80000000000001,2608.62573537129,22.114972287610993,12.568506147518038,4.452972902307442,0.31061896503019737,1.0254045749027219,0.22,1.0,0.558704819288391,0.9999999999999997,0.9942275986370589,0.558704819288391,69681.64162360138,288.15,0.8385412648334485,20.348133623893098,0.02613293121957937,2.2,3.498219283647608
5250.0,9980.0,15.0,50.5,19.1,180.0,25.200000000000003,1981.0,30.200000000000003,14.3,84.0,1123.0,49.300000000000004,78.10000000000001,2608.50487194875,22.114972287610993,12.56792382072098,4.452972902307442,0.31061896503019737,1.0254045749027219,0.2,1.0,0.5588374831231218,0.9999999999999997,0.9942275986370589,0.5588374831231218,69681.64162360138,288.15,0.8385412648334485,20.348133623893098,0.026136448758458632,2.5,3.498057203380713
5300.0,9980.0,14.600000000000001,50.0,19.700000000000003,180.0,25.1,1983.0,30.1,14.450000000000001,83.5,1127.0,50.5,78.2,2608.384020214792,22.114972287610993,12.567341550240169,4.452972902307442,0.31061896503019737,1.0254045749027219,0.18,1.0,0.5589701336150253,0.9999999999999997,0.9942275986370589,0.5589701336150253,69681.64162360138,288.15,0.8385412648334485,20.348133623893098,0.026139965956843602,2.5,3.497895138788441
5350.0,10020.0,15.200000000000001,50.0,19.900000000000002,180.0,25.1,1981.0,30.0,14.350000000000001,83.7,1128.0,51.2,76.7,2608.263180179163,22.114972287610993,12.56675933612257,4.452972902307442,0.31061896503019737,1.0254045749027219,0.23,1.0,0.559102770752602,0.9999999999999997,0.9942275986370589,0.559102770752602,69681.64162360138,288.15,0.8385412648334485,20.348133623893098,0.02614348281445069,2.4000000000000004,3.4977330898838614
5400.0,10010.0,15.0,50.5,20.5,180.0,25.200000000000003,1973.0,30.5,14.350000000000001,84.7,1124.0,49.900000000000006,77.7,2608.1423518516062,22.114972287610993,12.56617717841512,4.452972902307442,0.31061896503019737,1.0254045749027219,0.22,1.0,0.559235394524353,0.9999999999999997,0.9942275986370589,0.559235394524353,69681.64162360138,288.15,0.8385412648334485,20.348133623893098,0.026146999330996467,2.7,3.497571056680041
5450.0,10010.0,14.5,50.5,20.0,180.0,24.700000000000003,1984.0,29.3,14.4,83.2,1127.0,50.1,78.2,2608.0215352418586,22.114972287610993,12.56559507716474,4.452972902307442,0.31061896503019737,1.0254045749027219,0.22,1.0,0.5593680049187858,0.9999999999999997,0.9942275986370589,0.5593680049187858,69681.64162360138,288.15,0.8385412648334485,20.348133623893098,0.026150515506197812,2.4000000000000004,3.4974090391900376
5500.0,9990.0,15.4,50.5,19.8,180.0,24.700000000000003,1984.0,29.5,14.4,84.10000000000001,1133.0,49.800000000000004,77.5,2607.9007303596477,22.114972287610993,12.565013032418294,4.452972902307442,0.31061896503019737,1.0254045749027219,0.28,1.0,0.5595006019244176,0.9999999999999997,0.9942275986370589,0.5595006019244176,69681.64162360138,288.15,0.8385412648334485,20.348133623893098,0.026154031339771663,2.9000000000000004,3.497247037426895
5550.0,9990.0,15.100000000000001,50.0,20.1,179.0,25.0,1976.0,30.0,14.350000000000001,83.9,1123.0,50.5,77.80000000000001,2607.779937214699,22.114972287610993,12.56443104422264,4.452972902307442,0.31061896503019737,1.0254045749027219,0.2,1.0,0.5596331855297674,0.9999999999999997,0.9942275986370589,0.5596331855297674,69681.64162360138,288.15,0.8385412648334485,20.348133623893098,0.02615754683143522,2.5,3.4970850514036558
5600.0,9980.0,14.700000000000001,49.5,20.5,179.0,25.1,1980.0,30.1,14.350000000000001,84.60000000000001,1126.0,49.6,76.9,2607.659155816728,22.114972287610993,12.563849112624586,4.452972902307442,0.31061896503019737,1.0254045749027219,0.21,1.0,0.559765755723362,0.9999999999999997,0.9942275986370589,0.559765755723362,69681.64162360138,288.15,0.8385412648334485,20.348133623893098,0.02616106198090584,2.3000000000000003,3.4969230811333487
5650.0,10000.0,14.9,51.0,19.3,180.0,24.8,1980.0,30.0,14.15,84.2,1132.0,50.0,77.7,2607.5383861754453,22.114972287610993,12.563267237670924,4.452972902307442,0.31061896503019737,1.0254045749027219,0.26,1.0,0.559898312493734,0.9999999999999997,0.9942275986370589,0.559898312493734,69681.64162360138,288.15,0.8385412648334485,20.348133623893098,0.026164576787901007,2.6,3.496761126628996
5700.0,9990.0,14.3,50.5,20.0,179.0,25.0,1980.0,29.8,14.4,83.2,1129.0,49.7,77.2,2607.417628300559,22.114972287610993,12.562685419408423,4.452972902307442,0.31061896503019737,1.0254045749027219,0.28,1.0,0.5600308558294197,0.9999999999999997,0.9942275986370589,0.5600308558294197,69681.64162360138,288.15,0.8385412648334485,20.348133623893098,0.02616809125213846,2.9000000000000004,3.496599187903616
5750.0,10000.0,14.700000000000001,49.5,20.0,180.0,25.0,1982.0,29.900000000000002,14.25,83.7,1129.0,49.7,77.5,2607.2968822017647,22.114972287610993,12.562103657883798,4.452972902307442,0.31061896503019737,1.0254045749027219,0.2,1.0,0.5601633857189633,0.9999999999999997,0.9942275986370589,0.5601633857189633,69681.64162360138,288.15,0.8385412648334485,20.348133623893098,0.026171605373336147,2.6,3.496437264970211
5800.0,10000.0,15.4,50.5,19.5,181.0,24.8,1980.0,30.1,14.3,84.60000000000001,1125.0,50.0,77.2,2607.1761478887533,22.114972287610993,12.56152195314374,4.452972902307442,0.31061896503019737,1.0254045749027219,0.21,1.0,0.5602959021509166,0.9999999999999997,0.9942275986370589,0.5602959021509166,69681.64162360138,288.15,0.8385412648334485,20.348133623893098,0.0261751191512121,2.9000000000000004,3.496275357841776
5850.0,10010.0,15.5,51.0,19.6,180.0,24.8,1979.0,29.8,14.25,83.4,1127.0,49.800000000000004,78.0,2607.0554253712135,22.114972287610993,12.560940305234931,4.452972902307442,0.31061896503019737,1.0254045749027219,0.2,1.0,0.5604284051138325,0.9999999999999997,0.9942275986370589,0.5604284051138325,69681.64162360138,288.15,0.8385412648334485,20.348133623893098,0.026178632585484637,3.3000000000000003,3.4961134665313045
5900.0,9990.0,15.0,49.5,20.700000000000003,181.0,25.1,1977.0,30.1,14.25,84.9,1129.0,50.2,76.3,2606.9347146588207,22.114972287610993,12.56035871420399,4.452972902307442,0.31061896503019737,1.0254045749027219,0.2,1.0,0.560560894596275,0.9999999999999997,0.9942275986370589,0.560560894596275,69681.64162360138,288.15,0.8385412648334485,20.348133623893098,0.02618214567587219,2.8000000000000003,3.4959515910517722
5950.0,10010.0,15.3,49.0,20.1,181.0,24.700000000000003,1982.0,30.1,14.3,82.9,1126.0,50.1,77.5,2606.8140157612515,22.114972287610993,12.559777180097534,4.452972902307442,0.31061896503019737,1.0254045749027219,0.21,1.0,0.5606933705868101,0.9999999999999997,0.9942275986370589,0.5606933705868101,69681.64162360138,288.15,0.8385412648334485,20.348133623893098,0.026185658422093375,2.5,3.4957897314161537
6000.0,10000.0,15.100000000000001,50.0,19.8,180.0,24.6,1984.0,30.0,14.350000000000001,84.60000000000001,1122.0,49.5,77.7,2606.6933286881713,22.114972287610993,12.559195702962132,4.452972902307442,0.31061896503019737,1.0254045749027219,0.23,1.0,0.5608258330740102,0.9999999999999997,0.9942275986370589,0.5608258330740102,69681.64162360138,288.15,0.8385412648334485,20.348133623893098,0.026189170823867007,2.6,3.495627887637412
6050.0,9990.0,15.200000000000001,50.5,20.200000000000003,180.0,24.6,1985.0,30.400000000000002,14.4,83.4,1129.0,50.5,78.30000000000001,2606.5726534492414,22.114972287610993,12.558614282844337,4.452972902307442,0.31061896503019737,1.0254045749027219,0.2,1.0,0.5609582820464543,0.9999999999999997,0.9942275986370589,0.5609582820464543,69681.64162360138,288.15,0.8385412648334485,20.348133623893098,0.026192682880912088,2.5,3.4954660597285017
6100.0,10010.0,15.0,49.5,20.200000000000003,180.0,25.0,1983.0,29.900000000000002,14.450000000000001,83.4,1125.0,50.2,78.0,2606.4519900541163,22.114972287610993,12.558032919790662,4.452972902307442,0.31061896503019737,1.0254045749027219,0.18,1.0,0.5610907174927269,0.9999999999999997,0.9942275986370589,0.5610907174927269,69681.64162360138,288.15,0.8385412648334485,20.348133623893098,0.026196194592947825,2.3000000000000003,3.4953042477023715
6150.0,9980.0,15.0,49.5,19.8,181.0,24.900000000000002,1983.0,29.900000000000002,14.4,84.2,1125.0,50.2,78.0,2606.331338512444,22.114972287610993,12.557451613847592,4.452972902307442,0.31061896503019737,1.0254045749027219,0.24,1.0,0.5612231394014194,0.9999999999999997,0.9942275986370589,0.5612231394014194,69681.64162360138,288.15,0.8385412648334485,20.348133623893098,0.026199705959693585,2.3000000000000003,3.4951424515719576
6200.0,10010.0,14.700000000000001,50.5,20.400000000000002,180.0,25.0,1981.0,30.200000000000003,14.3,84.10000000000001,1129.0,50.1,77.2,2606.2106988338637,22.114972287610993,12.55687036506157,4.452972902307442,0.31061896503019737,1.0254045749027219,0.19,1.0,0.5613555477611286,0.9999999999999997,0.9942275986370589,0.5613555477611286,69681.64162360138,288.15,0.8385412648334485,20.348133623893098,0.026203216980868863,2.3000000000000003,3.494980671350188
6250.0,9980.0,15.200000000000001,51.0,20.6,179.0,25.1,1988.0,29.900000000000002,14.350000000000001,82.7,1128.0,49.900000000000006,77.60000000000001,2606.090071028015,22.114972287610993,12.556289173479039,4.452972902307442,0.31061896503019737,1.0254045749027219,0.18,1.0,0.5614879425604542,0.9999999999999997,0.9942275986370589,0.5614879425604542,69681.64162360138,288.15,0.8385412648334485,20.348133623893098,0.02620672765619344,2.7,3.4948189070499884
6300.0,10010.0,14.8,49.5,19.1,180.0,24.900000000000002,1976.0,30.1,14.3,83.30000000000001,1125.0,50.6,77.80000000000001,2605.9694551045236,22.114972287610993,12.555708039146378,4.452972902307442,0.31061896503019737,1.0254045749027219,0.22,1.0,0.5616203237880064,0.9999999999999997,0.9942275986370589,0.5616203237880064,69681.64162360138,288.15,0.8385412648334485,20.348133623893098,0.026210237985387252,2.8000000000000003,3.494657158684269
6350.0,9990.0,15.0,50.0,19.8,180.0,24.8,1984.0,30.200000000000003,14.15,84.60000000000001,1119.0,50.1,78.0,2605.848851073013,22.114972287610993,12.55512696210995,4.452972902307442,0.31061896503019737,1.0254045749027219,0.22,1.0,0.5617526914323996,0.9999999999999997,0.9942275986370589,0.5617526914323996,69681.64162360138,288.15,0.8385412648334485,20.348133623893098,0.026213747968170314,2.2,3.494495426265932
6400.0,9990.0,15.3,49.0,20.5,180.0,24.8,1980.0,29.700000000000003,14.4,84.4,1123.0,50.1,77.10000000000001,2605.7282589431024,22.114972287610993,12.554545942416105,4.452972902307442,0.31061896503019737,1.0254045749027219,0.26,1.0,0.5618850454822505,0.9999999999999997,0.9942275986370589,0.5618850454822505,69681.64162360138,288.15,0.8385412648334485,20.348133623893098,0.026217257604263012,2.3000000000000003,3.4943337098078797
6450.0,10020.0,15.0,49.5,19.700000000000003,179.0,24.700000000000003,1982.0,29.6,14.200000000000001,83.7,1122.0,50.0,77.0,2605.6076787243983,22.114972287610993,12.553964980111125,4.452972902307442,0.31061896503019737,1.0254045749027219,0.2,1.0,0.5620173859261884,0.9999999999999997,0.9942275986370589,0.5620173859261884,69681.64162360138,288.15,0.8385412648334485,20.348133623893098,0.02622076689338573,3.1,3.494172009322993
6500.0,10000.0,15.100000000000001,49.0,19.700000000000003,180.0,24.8,1986.0,29.6,14.3,83.5,1127.0,50.1,77.4,2605.4871104265067,22.114972287610993,12.553384075241294,4.452972902307442,0.31061896503019737,1.0254045749027219,0.22,1.0,0.5621497127528419,0.9999999999999997,0.9942275986370589,0.5621497127528419,69681.64162360138,288.15,0.8385412648334485,20.348133623893098,0.026224275835259183,2.4000000000000004,3.494010324824154
6550.0,10010.0,15.100000000000001,50.0,19.8,181.0,25.0,1981.0,30.0,14.450000000000001,83.10000000000001,1129.0,49.6,77.60000000000001,2605.3665540590237,22.114972287610993,12.552803227852843,4.452972902307442,0.31061896503019737,1.0254045749027219,0.27,1.0,0.5622820259508504,0.9999999999999997,0.9942275986370589,0.5622820259508504,69681.64162360138,288.15,0.8385412648334485,20.348133623893098,0.026227784429604172,2.7,3.493848656324232
6600.0,10000.0,14.8,50.0,19.900000000000002,179.0,24.900000000000002,1983.0,29.8,14.3,83.10000000000001,1128.0,50.5,77.60000000000001,2605.2460096315417,22.114972287610993,12.552222437991993,4.452972902307442,0.31061896503019737,1.0254045749027219,0.25,1.0,0.5624143255088556,0.9999999999999997,0.9942275986370589,0.5624143255088556,69681.64162360138,288.15,0.8385412648334485,20.348133623893098,0.026231292676141722,2.6,3.49368700383609
6650.0,10000.0,15.100000000000001,50.0,19.8,182.0,24.900000000000002,1979.0,30.1,14.350000000000001,83.0,1130.0,50.300000000000004,76.9,2605.125477153646,22.114972287610993,12.551641705704924,4.452972902307442,0.31061896503019737,1.0254045749027219,0.26,1.0,0.5625466114155073,0.9999999999999997,0.9942275986370589,0.5625466114155073,69681.64162360138,288.15,0.8385412648334485,20.348133623893098,0.026234800574592987,2.8000000000000003,3.4935253673725826
6700.0,9980.0,15.5,50.5,20.0,181.0,25.0,1982.0,29.8,14.4,84.10000000000001,1127.0,50.0,77.5,2605.0049566349153,22.114972287610993,12.551061031037788,4.452972902307442,0.31061896503019737,1.0254045749027219,0.22,1.0,0.5626788836594585,0.9999999999999997,0.9942275986370589,0.5626788836594585,69681.64162360138,288.15,0.8385412648334485,20.348133623893098,0.02623830812467943,2.3000000000000003,3.4933637469465544
6750.0,9980.0,15.200000000000001,48.5,20.1,180.0,25.3,1980.0,30.200000000000003,14.3,83.9,1129.0,50.2,78.0,2604.884448084921,22.114972287610993,12.550480414036702,4.452972902307442,0.31061896503019737,1.0254045749027219,0.2,1.0,0.5628111422293723,0.9999999999999997,0.9942275986370589,0.5628111422293723,69681.64162360138,288.15,0.8385412648334485,20.348133623893098,0.026241815326122516,2.7,3.493202142570841
6800.0,10010.0,15.200000000000001,51.0,19.700000000000003,179.0,24.8,1985.0,30.1,14.350000000000001,83.2,1129.0,49.900000000000006,78.0,2604.7639515132314,22.114972287610993,12.549899854747762,4.452972902307442,0.31061896503019737,1.0254045749027219,0.31,1.0,0.5629433871139113,0.9999999999999997,0.9942275986370589,0.5629433871139113,69681.64162360138,288.15,0.8385412648334485,20.348133623893098,0.026245322178644084,2.7,3.493040554258274
6850.0,10010.0,14.9,49.0,19.8,179.0,24.700000000000003,1989.0,30.1,14.350000000000001,83.7,1126.0,50.7,77.4,2604.643466929404,22.114972287610993,12.54931935321702,4.452972902307442,0.31061896503019737,1.0254045749027219,0.24,1.0,0.5630756183017518,0.9999999999999997,0.9942275986370589,0.5630756183017518,69681.64162360138,288.15,0.8385412648334485,20.348133623893098,0.02624882868196602,2.6,3.4928789820216695
6900.0,10000.0,14.600000000000001,49.0,19.900000000000002,180.0,24.700000000000003,1982.0,30.0,14.200000000000001,83.30000000000001,1128.0,50.5,76.9,2604.5229943429936,22.114972287610993,12.548738909490512,4.452972902307442,0.31061896503019737,1.0254045749027219,0.23,1.0,0.5632078357815693,0.9999999999999997,0.9942275986370589,0.5632078357815693,69681.64162360138,288.15,0.8385412648334485,20.348133623893098,0.026252334835810427,2.9000000000000004,3.4927174258738414
6950.0,10010.0,15.0,50.0,19.700000000000003,180.0,25.0,1984.0,30.0,14.4,83.9,1129.0,50.7,77.0,2604.4025337635476,22.114972287610993,12.548158523614234,4.452972902307442,0.31061896503019737,1.0254045749027219,0.17,1.0,0.5633400395420479,0.9999999999999997,0.9942275986370589,0.5633400395420479,69681.64162360138,288.15,0.8385412648334485,20.348133623893098,0.026255840639899664,3.0,3.4925558858275925
7000.0,10000.0,14.5,49.5,20.3,180.0,24.900000000000002,1988.0,29.700000000000003,14.3,83.9,1128.0,50.5,77.9,2604.282085200606,22.114972287610993,12.547578195634156,4.452972902307442,0.31061896503019737,1.0254045749027219,0.23,1.0,0.5634722295718793,0.9999999999999997,0.9942275986370589,0.5634722295718793,69681.64162360138,288.15,0.8385412648334485,20.348133623893098,0.02625934609395615,2.7,3.492394361895717
7050.0,10000.0,15.0,50.0,20.1,181.0,25.1,1982.0,29.8,14.350000000000001,83.80000000000001,1127.0,51.1,77.2,2604.161648663704,22.114972287610993,12.546997925596214,4.452972902307442,0.31061896503019737,1.0254045749027219,0.24,1.0,0.5636044058597561,0.9999999999999997,0.9942275986370589,0.5636044058597561,69681.64162360138,288.15,0.8385412648334485,20.348133623893098,0.026262851197702594,2.9000000000000004,3.4922328540910006
7100.0,10000.0,15.700000000000001,50.0,20.1,179.0,24.900000000000002,1983.0,30.3,14.350000000000001,84.60000000000001,1127.0,50.300000000000004,78.80000000000001,2604.04122416237,22.114972287610993,12.546417713546319,4.452972902307442,0.31061896503019737,1.0254045749027219,0.24,1.0,0.5637365683943821,0.9999999999999997,0.9942275986370589,0.5637365683943821,69681.64162360138,288.15,0.8385412648334485,20.348133623893098,0.026266355950861808,2.4000000000000004,3.4920713624262216
7150.0,9990.0,14.700000000000001,50.5,19.900000000000002,180.0,25.0,1985.0,29.700000000000003,14.25,83.9,1128.0,50.5,77.0,2603.920811706126,22.114972287610993,12.54583755953035,4.452972902307442,0.31061896503019737,1.0254045749027219,0.25,1.0,0.5638687171644624,0.9999999999999997,0.9942275986370589,0.5638687171644624,69681.64162360138,288.15,0.8385412648334485,20.348133623893098,0.026269860353156805,2.4000000000000004,3.49190988691415
7200.0,9990.0,14.700000000000001,50.5,20.3,180.0,25.200000000000003,1993.0,29.5,14.3,83.4,1125.0,50.0,77.30000000000001,2603.80041130449,22.114972287610993,12.54525746359416,4.452972902307442,0.31061896503019737,1.0254045749027219,0.19,1.0,0.5640008521587099,0.9999999999999997,0.9942275986370589,0.5640008521587099,69681.64162360138,288.15,0.8385412648334485,20.348133623893098,0.026273364404310856,2.7,3.491748427567547
7250.0,10000.0,15.100000000000001,50.5,20.200000000000003,180.0,25.400000000000002,1983.0,29.400000000000002,14.25,82.7,1127.0,50.400000000000006,77.2,2603.6800229669675,22.114972287610993,12.54467742578355,4.452972902307442,0.31061896503019737,1.0254045749027219,0.29,1.0,0.5641329733658453,0.9999999999999997,0.9942275986370589,0.5641329733658453,69681.64162360138,288.15,0.8385412648334485,20.348133623893098,0.02627686810404732,2.7,3.4915869843991634
7300.0,10010.0,14.700000000000001,49.5,20.0,180.0,24.6,1981.0,30.0,14.3,83.30000000000001,1126.0,50.300000000000004,77.5,2603.5596467030655,22.114972287610993,12.54409744614433,4.452972902307442,0.31061896503019737,1.0254045749027219,0.24,1.0,0.5642650807745915,0.9999999999999997,0.9942275986370589,0.5642650807745915,69681.64162360138,288.15,0.8385412648334485,20.348133623893098,0.02628037145208983,2.9000000000000004,3.491425557421745
7350.0,10000.0,14.9,50.0,20.200000000000003,180.0,25.200000000000003,1986.0,30.400000000000002,14.450000000000001,83.2,1127.0,50.400000000000006,77.4,2603.4392825222767,22.114972287610993,12.543517524722228,4.452972902307442,0.31061896503019737,1.0254045749027219,0.21,1.0,0.5643971743736812,0.9999999999999997,0.9942275986370589,0.5643971743736812,69681.64162360138,288.15,0.8385412648334485,20.348133623893098,0.0262838744481621,2.2,3.4912641466480236
7400.0,10000.0,14.8,50.0,19.700000000000003,179.0,25.0,1983.0,30.200000000000003,14.5,83.9,1128.0,50.0,76.80000000000001,2603.3189304340945,22.114972287610993,12.54293766156299,4.452972902307442,0.31061896503019737,1.0254045749027219,0.27,1.0,0.5645292541518482,0.9999999999999997,0.9942275986370589,0.5645292541518482,69681.64162360138,288.15,0.8385412648334485,20.348133623893098,0.02628737709198809,2.4000000000000004,3.4911027520907294
7450.0,9990.0,15.0,50.0,19.6,180.0,25.200000000000003,1979.0,29.6,14.4,84.0,1125.0,49.900000000000006,77.0,2603.1985904480025,22.114972287610993,12.542357856712304,4.452972902307442,0.31061896503019737,1.0254045749027219,0.22,1.0,0.5646613200978357,0.9999999999999997,0.9942275986370589,0.5646613200978357,69681.64162360138,288.15,0.8385412648334485,20.348133623893098,0.026290879383291953,2.9000000000000004,3.4909413737625803
7500.0,9990.0,15.0,50.5,19.0,181.0,24.8,1983.0,30.1,14.4,84.10000000000001,1121.0,50.2,77.5,2603.078262573479,22.114972287610993,12.54177811021584,4.452972902307442,0.31061896503019737,1.0254045749027219,0.22,1.0,0.5647933722003917,0.9999999999999997,0.9942275986370589,0.5647933722003917,69681.64162360138,288.15,0.8385412648334485,20.348133623893098,0.02629438132179798,2.7,3.490780011676287
7550.0,10010.0,15.200000000000001,50.0,19.3,180.0,25.1,1978.0,30.200000000000003,14.4,83.80000000000001,1119.0,50.0,78.30000000000001,2602.9579468199954,22.114972287610993,12.541198422119232,4.452972902307442,0.31061896503019737,1.0254045749027219,0.21,1.0,0.5649254104482695,0.9999999999999997,0.9942275986370589,0.5649254104482695,69681.64162360138,288.15,0.8385412648334485,20.348133623893098,0.02629788290723065,2.1,3.49061866584455
7600.0,10010.0,15.0,50.5,20.1,180.0,25.1,1985.0,30.700000000000003,14.4,82.80000000000001,1128.0,50.800000000000004,78.0,2602.837643197018,22.114972287610993,12.540618792468088,4.452972902307442,0.31061896503019737,1.0254045749027219,0.21,1.0,0.5650574348302279,0.9999999999999997,0.9942275986370589,0.5650574348302279,69681.64162360138,288.15,0.8385412648334485,20.348133623893098,0.026301384139314696,2.9000000000000004,3.4904573362800657
7650.0,10010.0,15.8,49.5,19.8,180.0,24.900000000000002,1978.0,29.200000000000003,14.3,83.9,1126.0,51.1,77.4,2602.7173517140045,22.114972287610993,12.540039221307975,4.452972902307442,0.31061896503019737,1.0254045749027219,0.26,1.0,0.5651894453350338,0.9999999999999997,0.9942275986370589,0.5651894453350338,69681.64162360138,288.15,0.8385412648334485,20.348133623893098,0.02630488501777494,2.7,3.4902960229955142
7700.0,10010.0,15.100000000000001,50.5,20.0,180.0,25.1,1981.0,30.1,14.5,83.5,1128.0,50.900000000000006,77.9,2602.5970723804085,22.114972287610993,12.539459708684442,4.452972902307442,0.31061896503019737,1.0254045749027219,0.23,1.0,0.5653214419514573,0.9999999999999997,0.9942275986370589,0.5653214419514573,69681.64162360138,288.15,0.8385412648334485,20.348133623893098,0.02630838554233648,2.0,3.4901347260035758
7750.0,10010.0,14.3,50.5,20.1,181.0,24.8,1976.0,30.1,14.350000000000001,83.4,1127.0,51.400000000000006,77.80000000000001,2602.476805205675,22.114972287610993,12.538880254642995,4.452972902307442,0.31061896503019737,1.0254045749027219,0.26,1.0,0.5654534246682765,0.9999999999999997,0.9942275986370589,0.5654534246682765,69681.64162360138,288.15,0.8385412648334485,20.348133623893098,0.02631188571272453,2.8000000000000003,3.489973445316915
7800.0,10020.0,14.9,49.0,19.900000000000002,181.0,24.8,1981.0,29.8,14.450000000000001,84.10000000000001,1128.0,50.7,77.30000000000001,2602.3565501992457,22.114972287610993,12.538300859229125,4.452972902307442,0.31061896503019737,1.0254045749027219,0.23,1.0,0.565585393474274,0.9999999999999997,0.9942275986370589,0.565585393474274,69681.64162360138,288.15,0.8385412648334485,20.348133623893098,0.026315385528664484,2.3000000000000003,3.4898121809481926
7850.0,9970.0,15.0,50.0,20.5,181.0,25.3,1978.0,29.900000000000002,14.350000000000001,85.2,1131.0,50.900000000000006,77.2,2602.2363073705537,22.114972287610993,12.537721522488281,4.452972902307442,0.31061896503019737,1.0254045749027219,0.2,1.0,0.5657173483582373,0.9999999999999997,0.9942275986370589,0.5657173483582373,69681.64162360138,288.15,0.8385412648334485,20.348133623893098,0.026318884989881976,2.8000000000000003,3.4896509329100605
7900.0,9990.0,14.9,50.0,20.6,180.0,24.5,1984.0,29.8,14.350000000000001,83.60000000000001,1126.0,50.800000000000004,76.60000000000001,2602.1160767290266,22.114972287610993,12.537142244465887,4.452972902307442,0.31061896503019737,1.0254045749027219,0.21,1.0,0.5658492893089624,0.9999999999999997,0.9942275986370589,0.5658492893089624,69681.64162360138,288.15,0.8385412648334485,20.348133623893098,0.02632238409610275,2.8000000000000003,3.4894897012151596
7950.0,9990.0,14.5,50.5,20.400000000000002,180.0,24.6,1985.0,29.5,14.350000000000001,83.10000000000001,1124.0,50.300000000000004,77.30000000000001,2601.9958582840854,22.114972287610993,12.536563025207332,4.452972902307442,0.31061896503019737,1.0254045749027219,0.21,1.0,0.5659812163152479,0.9999999999999997,0.9942275986370589,0.5659812163152479,69681.64162360138,288.15,0.8385412648334485,20.348133623893098,0.026325882847052805,2.7,3.4893284858761247
8000.0,9990.0,15.3,50.0,19.700000000000003,179.0,24.700000000000003,1983.0,29.900000000000002,14.15,83.30000000000001,1125.0,51.0,76.5,2601.875652045146,22.114972287610993,12.535983864757984,4.452972902307442,0.31061896503019737,1.0254045749027219,0.18,1.0,0.5661131293659012,0.9999999999999997,0.9942275986370589,0.5661131293659012,69681.64162360138,288.15,0.8385412648334485,20.348133623893098,0.026329381242458275,2.9000000000000004,3.489167286905582
8050.0,10020.0,14.8,49.5,20.200000000000003,178.0,30.5,2017.0,30.5,14.3,83.7,1130.0,51.2,77.10000000000001,2950.0503244424526,23.862997642495227,14.213509103852038,4.804947548109122,0.3351711019046741,1.0254045749027216,0.24,1.0,0.5662450284497331,1.0,0.994227598637059,0.5662450284497331,69681.64162360138,288.15,0.8385412648334485,20.475531914611587,0.026332455375631295,3.4000000000000004,3.956076486083818
8100.0,9980.0,15.3,49.5,20.0,180.0,36.5,2083.0,30.1,14.4,83.60000000000001,1127.0,51.6,76.9,3414.555276111375,25.969128012104175,16.154833184043344,5.3250608792225504,0.3714518222578444,1.0254045749027219,0.28,1.0,0.5845880417878956,0.9999999999999997,0.9942275986370589,0.5845880417878956,69681.64162360138,288.15,0.8385412648334485,20.714576037353844,0.02633473844054361,3.6,4.5789869163708765
8150.0,10030.0,14.9,50.0,20.3,181.0,42.400000000000006,2181.0,30.200000000000003,14.3,83.4,1127.0,53.5,77.0,4014.6719963273526,28.435970047632434,18.37239748664488,6.028202381397763,0.4204997483214114,1.0254045749027216,0.24,1.0,0.6188380755963865,1.0,0.994227598637059,0.6188380755963865,69681.64162360138,288.15,0.8385412648334485,21.051407325996685,0.02633585807180264,3.5,5.383755440514907
8200.0,9980.0,14.600000000000001,50.0,19.5,179.0,48.2,2302.0,30.400000000000002,14.4,83.60000000000001,1126.0,55.5,77.5,4772.718109349926,31.2672346584599,20.87853716554901,6.934110061369481,0.4836917129120583,1.0254045749027216,0.35000000000000003,1.0,0.6668748721565283,1.0,0.994227598637059,0.6668748721565283,69681.64162360138,288.15,0.8385412648334485,21.47388507712189,0.026335423304952536,4.5,6.400310439000438
8250.0,10000.0,14.4,50.0,20.3,180.0,54.5,2442.0,30.1,14.350000000000001,83.60000000000001,1127.0,58.7,77.80000000000001,5713.5199610648215,34.46654906583496,23.684459515350344,8.066285936630496,0.5626671089724079,1.0254045749027216,0.43,1.0,0.7265735496709643,1.0,0.994227598637059,0.7265735496709643,69681.64162360138,288.15,0.8385412648334485,21.971402060748645,0.026333015511979262,5.7,7.661944538187147
8300.0,10010.0,14.8,50.5,19.700000000000003,181.0,60.400000000000006,2606.0,29.3,14.3,84.4,1128.0,62.2,77.9,6863.899606993795,38.03653069697432,26.79947788069485,9.45107105344535,0.6592633670703094,1.0254045749027216,0.46,1.0,0.7952258383305324,1.0,0.994227598637059,0.7952258383305324,69681.64162360138,288.15,0.8385412648334485,22.534707065132352,0.026328182439204303,7.2,9.20462665097082
8350.0,10010.0,15.5,50.0,20.400000000000002,180.0,65.7,2791.0,30.1,14.4,83.7,1125.0,65.8,78.10000000000001,8252.141237495445,41.97805427294582,30.23042592386832,11.11681123318397,0.7754577616895788,1.0254045749027216,0.54,1.0,0.867772394361408,1.0,0.994227598637059,0.867772394361408,69681.64162360138,288.15,0.8385412648334485,23.15574091052556,0.02632043473132938,7.800000000000001,11.066286442306144
8400.0,10000.0,15.5,50.0,19.3,182.0,71.8,2976.0,29.900000000000002,14.4,83.30000000000001,1129.0,69.3,77.5,9907.424326593436,46.28966940283258,33.981207484945614,13.093072606000955,0.9133126904576109,1.0254045749027216,0.62,1.0,0.9331002234322676,1.0,0.994227598637059,0.9331002234322676,69681.64162360138,288.15,0.8385412648334485,23.827488167155536,0.02630924451708763,9.9,13.28605417044833
8450.0,10010.0,14.700000000000001,49.0,20.200000000000003,181.0,77.60000000000001,3182.0,29.900000000000002,14.4,83.60000000000001,1124.0,71.2,78.4,11859.221929999176,50.96713786339083,38.05245110636236,15.409883160054118,1.0749227680976803,1.0254045749027214,0.67,1.0,0.9766064374441191,0.9999999999999997,0.994227598637059,0.9766064374441191,69681.64162360138,288.15,0.8385412648334485,24.54384481265349,0.026294045770872663,12.0,15.903453792567497
8500.0,9980.0,15.0,50.0,19.200000000000003,180.0,83.30000000000001,3388.0,30.3,14.450000000000001,84.5,1125.0,72.3,78.10000000000001,14136.667735701489,56.00306641085267,42.44124583492836,18.096986988621655,1.2623628061284131,1.0254045749027214,0.9,1.0,0.9958269217593742,0.9999999999999997,0.994227598637059,0.994227598637059,69681.64162360138,288.15,0.8385412648334485,25.299501106050815,0.026274236262553898,14.4,18.95755416693041
8550.0,9990.0,15.100000000000001,50.0,19.3,180.0,89.60000000000001,3625.0,30.400000000000002,14.350000000000001,83.60000000000001,1124.0,72.4,77.0,16767.897334986694,61.38661549988941,47.140939793329636,21.18310406619441,1.477636178239197,1.0254045749027219,1.03,1.0,1.0,0.9999999999999997,0.9942275986370589,0.9942275986370589,69681.64162360138,288.15,0.8385412648334485,26.08983852038014,0.0262491809740698,17.1,22.486085684163857
8600.0,9990.0,15.3,50.0,20.1,180.0,95.2,3857.0,30.400000000000002,14.350000000000001,84.10000000000001,1119.0,73.60000000000001,77.7,19779.36924829911,67.10326778845251,52.14098660749351,24.69519180697461,1.7226233099980937,1.0254045749027216,1.17,1.0,1.0,1.0,0.994227598637059,0.994227598637059,69681.64162360138,288.15,0.8385412648334485,26.910839412861563,0.026218216903718245,19.400000000000002,26.524529749354073
8650.0,9990.0,15.4,50.0,19.200000000000003,181.0,94.9,4064.0,30.0,14.350000000000001,84.4,1118.0,72.60000000000001,77.4,20940.877168157174,67.32089210411954,51.8456265781139,26.3795962695356,1.8401196393788146,1.0254045749027216,1.26,1.0,1.0,1.0,0.994227598637059,0.994227598637059,69681.64162360138,288.15,0.8385412648334485,27.614554463559926,0.026183380910563415,20.6,28.082135100042137
8700.0,9980.0,15.3,49.5,19.8,179.0,94.9,4230.0,30.3,14.3,84.7,1117.0,72.7,78.4,21901.40580753426,67.44588889632165,51.53716122578285,27.806256347370393,1.9396369026878535,1.0254045749027216,1.32,1.0,1.0,1.0,0.994227598637059,0.994227598637059,69681.64162360138,288.15,0.8385412648334485,28.21773879272995,0.026145193216848394,21.8,29.370223216019593
8750.0,10000.0,15.4,50.5,19.700000000000003,180.0,95.0,4374.0,30.0,14.350000000000001,84.5,1121.0,72.9,77.5,22696.865424784606,67.5078171655878,51.233232754715665,29.013740886844072,2.0238654857423173,1.0254045749027216,1.4000000000000001,1.0,1.0,1.0,0.994227598637059,0.994227598637059,69681.64162360138,288.15,0.8385412648334485,28.734753932018542,0.026104124905049236,22.6,30.43695047194465
8800.0,10010.0,15.0,49.5,19.6,181.0,95.0,4511.0,29.8,14.350000000000001,85.30000000000001,1114.0,72.4,78.30000000000001,23357.135202391124,67.52768167842645,50.94475756001607,30.03567905855121,2.0951512052345773,1.0254045749027216,1.41,1.0,1.0,1.0,0.994227598637059,0.994227598637059,69681.64162360138,288.15,0.8385412648334485,29.17790976569448,0.026060596631654567,23.400000000000002,31.32238544911055
8850.0,9990.0,15.100000000000001,49.5,19.900000000000002,180.0,94.80000000000001,4611.0,29.900000000000002,14.25,83.60000000000001,1116.0,73.0,77.60000000000001,23906.783695956918,67.52030417944219,50.67800445296412,30.900931917223822,2.155507275964547,1.0254045749027219,1.48,1.0,1.0,0.9999999999999997,0.9942275986370589,0.9942275986370589,69681.64162360138,288.15,0.8385412648334485,29.557757623130996,0.026014980214517442,23.700000000000003,32.05947507195215
8900.0,10010.0,15.4,50.0,20.200000000000003,180.0,95.10000000000001,4713.0,30.200000000000003,14.200000000000001,84.2,1118.0,73.10000000000001,78.30000000000001,24365.86550763376,67.49605097472345,50.4360796920782,31.634022906944253,2.206644340908716,1.0254045749027216,1.5,1.0,1.0,1.0,0.994227598637059,0.994227598637059,69681.64162360138,288.15,0.8385412648334485,29.883341500933724,0.02596760180449157,24.0,32.67511296304703
8950.0,10000.0,14.5,50.0,20.5,178.0,94.7,4782.0,30.0,14.3,84.80000000000001,1117.0,73.4,78.0,24750.683151919264,67.46208972109122,50.219981982564285,32.255662632098634,2.250007076834878,1.0254045749027216,1.57,1.0,1.0,1.0,0.994227598637059,0.994227598637059,69681.64162360138,288.15,0.8385412648334485,30.16241339619321,0.02591874582799638,24.5,33.191161120386774
9000.0,10010.0,14.700000000000001,50.5,20.5,180.0,95.0,4856.0,29.1,14.350000000000001,83.9,1114.0,73.5,77.9,25074.46501038587,67.4233021051614,50.02934659443029,32.78328004974652,2.2868112478453884,1.0254045749027216,1.55,1.0,1.0,1.0,0.994227598637059,0.994227598637059,69681.64162360138,288.15,0.8385412648334485,30.401617877844195,0.02586865919643924,25.0,33.62535906822766
9050.0,10000.0,15.0,50.0,20.400000000000002,179.0,95.0,4918.0,29.5,14.350000000000001,83.7,1112.0,72.9,77.9,25347.9439148382,67.38294523194527,49.86296547007865,33.231516759062416,2.318078184741433,1.0254045749027216,1.6600000000000001,1.0,1.0,1.0,0.994227598637059,0.994227598637059,69681.64162360138,288.15,0.8385412648334485,30.606650290687895,0.025817555478857945,25.0,33.992099748676324
9100.0,9990.0,14.600000000000001,51.0,19.8,180.0,94.9,4959.0,29.900000000000002,14.5,84.9,1111.0,73.5,77.7,25579.838121941066,67.34312969918966,49.719146545900536,33.61266621020474,2.3446654222191885,1.0254045749027216,1.58,1.0,1.0,1.0,0.994227598637059,0.994227598637059,69681.64162360138,288.15,0.8385412648334485,30.782392358839637,0.025765618863341184,25.8,34.30307451828541
9150.0,10010.0,15.3,50.0,19.900000000000002,181.0,95.10000000000001,5005.0,29.5,14.350000000000001,84.7,1109.0,73.5,78.30000000000001,25777.244356157593,67.30516411239704,49.59595821073961,33.937053326247984,2.3672931795545784,1.0254045749027214,1.67,1.0,1.0,0.9999999999999997,0.994227598637059,0.994227598637059,69681.64162360138,288.15,0.8385412648334485,30.933028417255414,0.02571300781531708,26.0,34.567800226494455
9200.0,9990.0,14.5,49.5,20.400000000000002,180.0,94.9,5036.0,30.5,14.4,84.60000000000001,1114.0,73.5,78.10000000000001,25948.571074201478,67.2749996511839,49.4963815076703,34.21335701497841,2.386826450541931,1.025516110786959,1.6600000000000001,1.0,1.0,1.0,0.9942018221730102,0.9942018221730102,69681.64162360138,288.15,0.8385412648334485,31.062145038754657,0.02565985503844412,25.8,34.79755278192567
9250.0,10030.0,15.200000000000001,50.0,20.200000000000003,179.0,95.30000000000001,5072.0,30.200000000000003,14.4,84.4,1112.0,73.3,78.30000000000001,26108.932192973654,67.2733514254613,49.43796367448047,34.448881219435094,2.4048045706886954,1.0261763499355672,1.6600000000000001,1.0,1.0,1.0,0.9940491602231297,0.9940491602231297,69681.64162360138,288.15,0.8385412648334485,31.17281642861115,0.02560626057670492,26.0,35.01260024942153
9300.0,10020.0,15.0,49.5,19.8,181.0,95.10000000000001,5104.0,29.900000000000002,14.350000000000001,83.80000000000001,1111.0,73.7,78.80000000000001,26247.190552396576,67.27040366629303,49.390083861485884,34.64978122694361,2.4201645212829357,1.026742946220826,1.6600000000000001,1.0,1.0,1.0,0.9939180447264293,0.9939180447264293,69681.64162360138,288.15,0.8385412648334485,31.267677619916718,0.025552327048622144,26.0,35.19800747457486
9350.0,10000.0,15.5,49.0,20.1,179.0,94.9,5124.0,29.900000000000002,14.25,84.30000000000001,1110.0,72.8,78.80000000000001,26366.806772876058,67.26674791081093,49.35159225479147,34.82125192730897,2.433292736242922,1.02722909840925,1.73,1.0,1.0,1.0,0.9938054667816628,0.9938054667816628,69681.64162360138,288.15,0.8385412648334485,31.348987212464344,0.025498142214553654,26.6,35.35841521856225
9400.0,9980.0,15.100000000000001,50.5,19.6,180.0,95.0,5152.0,30.6,14.200000000000001,85.80000000000001,1109.0,73.7,79.0,26470.66526144235,67.26278400645046,49.32140215578149,34.967684156337796,2.444517454903249,1.0276461668555978,1.68,1.0,1.0,0.9999999999999997,0.993708829147713,0.993708829147713,69681.64162360138,288.15,0.8385412648334485,31.418681148933736,0.025443781023918706,26.6,35.49769152889942
9450.0,10000.0,15.200000000000001,50.0,20.5,180.0,95.0,5166.0,30.200000000000003,14.350000000000001,83.9,1108.0,73.10000000000001,78.30000000000001,26561.177180563187,67.25877574685305,49.29850808168609,35.0927945011406,2.454117717162397,1.0280039237432257,1.74,1.0,1.0,1.0,0.9936258921977035,0.9936258921977035,69681.64162360138,288.15,0.8385412648334485,31.478418808764644,0.025389307400617015,26.8,35.61906982267885
9500.0,10000.0,15.4,50.5,20.1,179.0,95.30000000000001,5176.0,30.0,14.25,83.9,1107.0,73.60000000000001,78.30000000000001,26640.363733253413,67.25489113279629,49.281994088091864,35.19973314939895,2.4623309338478356,1.0283107708213195,1.82,1.0,1.0,1.0,0.9935547263529291,0.9935547263529291,69681.64162360138,288.15,0.8385412648334485,31.529622517191136,0.025334775793955034,26.400000000000002,35.725260573567496
9550.0,9980.0,15.200000000000001,51.0,20.0,180.0,94.60000000000001,5187.0,29.700000000000003,14.15,84.5,1105.0,72.9,78.5,26709.923692958946,67.25123139976337,49.27103560338887,35.29117362035786,2.4693592578114587,1.0285739284365676,1.71,1.0,1.0,1.0,0.9934936703918889,0.9934936703918889,69681.64162360138,288.15,0.8385412648334485,31.573511410128134,0.025280232521617242,26.8,35.818541870731806
9600.0,10000.0,15.3,50.5,20.5,180.0,95.10000000000001,5202.0,30.0,14.25,84.30000000000001,1108.0,73.5,78.80000000000001,26771.288326707367,67.24785185534648,49.26489710054985,35.36938755661405,2.475374948768759,1.0287995993330743,1.72,1.0,1.0,1.0,0.9934412950339715,0.9934412950339715,69681.64162360138,288.15,0.8385412648334485,31.611130461216987,0.02522571692960167,26.6,35.90083307188112
9650.0,9990.0,15.3,50.0,19.700000000000003,181.0,94.9,5204.0,30.3,14.25,84.30000000000001,1110.0,73.7,78.9,26825.666220578627,67.24477675919267,49.26292723291567,35.436307192490816,2.480524895081897,1.0289931103608556,1.71,1.0,1.0,0.9999999999999997,0.9933963712216775,0.9933963712216775,69681.64162360138,288.15,0.8385412648334485,31.643375362150287,0.02517126239199132,27.0,35.97375491512035
9700.0,9990.0,15.600000000000001,50.0,19.1,180.0,95.4,5223.0,30.5,14.200000000000001,85.10000000000001,1108.0,73.4,78.30000000000001,26874.080000546557,67.24200988101555,49.26455255705775,35.4935776433061,2.4849344294373767,1.029159034905531,1.73,1.0,1.0,0.9999999999999997,0.9933578425617156,0.9933578425617156,69681.64162360138,288.15,0.8385412648334485,31.67101384866455,0.025116897171216828,26.700000000000003,36.03867876233294
9750.0,10010.0,15.200000000000001,50.0,19.5,180.0,94.9,5227.0,30.400000000000002,14.350000000000001,84.2,1103.0,72.7,79.80000000000001,26917.396529793914,67.2395419327692,49.269270604906865,35.5426007705588,2.488710552830859,1.0293012985396808,1.74,1.0,1.0,1.0,0.9933248014282777,0.9933248014282777,69681.64162360138,288.15,0.8385412648334485,31.694703979962483,0.02506264515724494,26.700000000000003,36.09676709438424
9800.0,10020.0,15.4,50.0,19.900000000000002,180.0,95.0,5236.0,30.1,14.350000000000001,85.4,1107.0,73.60000000000001,79.0,26956.351837064856,67.23735574816057,49.27664281047802,35.58457205940649,2.4919446622244745,1.0294232701055206,1.68,1.0,1.0,1.0,0.993296468277391,0.993296468277391,69681.64162360138,288.15,0.8385412648334485,31.71500980678929,0.025008526502000045,26.400000000000002,36.149006940540716
9850.0,9990.0,15.200000000000001,50.0,20.1,182.0,94.7,5235.0,30.1,14.25,84.7,1105.0,73.8,78.9,26991.5717729346,67.23542984568022,49.28628761519618,35.620511685299064,2.494714861305248,1.0295278401719918,1.81,1.0,1.0,1.0,0.9932721737668815,0.9932721737668815,69681.64162360138,288.15,0.8385412648334485,31.732414801212258,0.02495455816334556,27.0,36.19623757894076
9900.0,10010.0,15.0,50.0,19.8,180.0,95.10000000000001,5236.0,30.0,14.25,86.10000000000001,1109.0,73.9,79.2,27023.58918801204,67.23374083763126,49.29787394912095,35.65129073583453,2.4970879205197183,1.029617488568065,1.76,1.0,1.0,1.0,0.9932513433204709,0.9932513433204709,69681.64162360138,288.15,0.8385412648334485,31.74733336786052,0.024900754371144043,26.700000000000003,36.23917357290791
9950.0,9990.0,15.100000000000001,51.0,20.1,181.0,95.10000000000001,5249.0,30.0,14.450000000000001,84.5,1107.0,72.9,80.5,27052.858267504205,67.23226502050548,49.311115197970764,35.67765338279571,2.4991209415746067,1.0296943424777447,1.78,1.0,1.0,1.0,0.9932334838158562,0.9932334838158562,69681.64162360138,288.15,0.8385412648334485,31.76012071070189,0.02484712702629036,27.0,36.278423993888495
10000.0,10010.0,15.200000000000001,51.0,19.400000000000002,180.0,94.9,5238.0,30.3,14.25,85.30000000000001,1115.0,73.2,79.2,27079.76653095054,67.23097938914883,49.32576370657717,35.70023566034399,2.500862772501062,1.0297602263898158,1.76,1.0,1.0,1.0,0.9932181721147457,0.9932181721147457,69681.64162360138,288.15,0.8385412648334485,31.771081290280208,0.024793686042164174,27.3,36.3145085133353
10050.0,9990.0,14.8,50.5,20.200000000000003,178.0,94.80000000000001,5254.0,30.1,14.200000000000001,84.80000000000001,1109.0,73.60000000000001,78.80000000000001,27104.644906884365,67.22986224937748,49.34160583013381,35.71958139227025,2.5023552118549715,1.0298167050252247,1.73,1.0,1.0,1.0,0.9932050451874785,0.9932050451874785,69681.64162360138,288.15,0.8385412648334485,31.780476072775905,0.02474043963667227,27.200000000000003,36.34787091303007
10100.0,10000.0,15.200000000000001,49.5,20.1,181.0,95.10000000000001,5251.0,30.0,14.200000000000001,84.9,1112.0,73.3,79.10000000000001,27127.7762138732,67.2288935543467,49.35845751944238,35.736155718982175,2.503634034392066,1.0298651202153308,1.75,1.0,1.0,1.0,0.9931937916160466,0.9931937916160466,69681.64162360138,288.15,0.8385412648334485,31.788528743486502,0.024687394581928975,27.200000000000003,36.37889045832824
10150.0,10000.0,15.100000000000001,50.5,20.400000000000002,181.0,95.2,5249.0,29.700000000000003,14.25,84.7,1106.0,73.2,79.4,27149.402317276483,67.22805505410813,49.37616041104366,35.75035659947643,2.5047298653844825,1.0299066225731333,1.74,1.0,1.0,1.0,0.9931841442871583,0.9931841442871583,69681.64162360138,288.15,0.8385412648334485,31.795431032667018,0.024634556417646992,27.1,36.407891495514114
10200.0,10010.0,15.100000000000001,51.0,20.1,180.0,95.0,5255.0,30.1,14.4,84.5,1111.0,73.4,78.9,27169.73018159822,67.22733032179492,49.39457838459785,35.76252460164803,2.505668926445698,1.0299421986851112,1.79,1.0,1.0,0.9999999999999997,0.9931758741116352,0.9931758741116352,69681.64162360138,288.15,0.8385412648334485,31.801347280536035,0.024581929633459027,27.5,36.43515156812685
10250.0,9990.0,15.0,49.0,19.5,181.0,94.9,5251.0,30.1,14.25,84.80000000000001,1110.0,72.9,79.4,27188.93699875124,67.22670470108136,49.41359454595095,35.772951243324755,2.506473672147953,1.0299726944516558,1.77,1.0,1.0,0.9999999999999997,0.9931687846281543,0.9931687846281543,69681.64162360138,288.15,0.8385412648334485,31.80641835013804,0.024529517824654682,27.400000000000002,36.46090829406539
10300.0,10010.0,14.8,50.5,19.700000000000003,181.0,94.80000000000001,5262.0,29.8,14.4,85.4,1106.0,73.10000000000001,80.30000000000001,27207.174540763437,67.22616520603385,49.433108593447855,35.78188610430797,2.5071633337241406,1.0299988351175167,1.79,1.0,1.0,0.9999999999999997,0.9931627073684113,0.9931627073684113,69681.64162360138,288.15,0.8385412648334485,31.810764981225482,0.024477323825179715,27.200000000000003,36.485365202654584
10350.0,10000.0,15.200000000000001,50.0,19.5,179.0,95.0,5263.0,30.5,14.350000000000001,85.30000000000001,1110.0,73.10000000000001,79.9,27224.57285978873,67.2257003947606,49.45303452612233,35.78954289479266,2.507754383640955,1.0300212424586654,1.74,1.0,1.0,1.0,0.9931574978774409,0.9931574978774409,69681.64162360138,288.15,0.8385412648334485,31.81449066501471,0.024425349821195645,26.900000000000002,36.50869669643389
10400.0,10000.0,15.100000000000001,50.5,20.200000000000003,180.0,95.10000000000001,5259.0,30.1,14.200000000000001,85.4,1110.0,73.10000000000001,80.10000000000001,27241.24343745908,67.22530023134011,49.47329865465331,35.7961046365027,2.5082609327279513,1.030040449527059,1.75,1.0,1.0,1.0,0.993153032297339,0.993153032297339,69681.64162360138,288.15,0.8385412648334485,31.817684108262625,0.024373597448024486,27.1,36.53105227450138
10450.0,9990.0,15.4,50.5,20.200000000000003,182.0,95.0,5272.0,29.900000000000002,14.3,85.0,1109.0,73.60000000000001,80.10000000000001,27257.28186863247,67.22495594559553,49.49383787889512,35.80172808865094,2.508695069779211,1.030056913298679,1.82,1.0,1.0,1.0,0.9931492044352629,0.9931492044352629,69681.64162360138,288.15,0.8385412648334485,31.820421345332264,0.024322067872897025,27.3,36.55256013147352
10500.0,10000.0,14.700000000000001,50.0,19.900000000000002,180.0,94.80000000000001,5271.0,29.900000000000002,14.15,84.80000000000001,1108.0,73.5,80.5,27272.770150677596,67.22465989682316,49.51459819901088,35.806547530557815,2.5090671520542585,1.0300710255218233,1.79,1.0,1.0,1.0,0.9931459232475216,0.9931459232475216,69681.64162360138,288.15,0.8385412648334485,31.822767548534806,0.024270761865573424,27.1,36.57333022746167
10550.0,10000.0,14.700000000000001,49.5,19.6,179.0,95.2,5264.0,30.3,14.25,85.80000000000001,1103.0,73.60000000000001,80.30000000000001,27287.7786379843,67.22440544517315,49.535533430526996,35.810677995749565,2.5093860538466393,1.0300831220208648,1.78,1.0,1.0,1.0,0.993143110681047,0.993143110681047,69681.64162360138,288.15,0.8385412648334485,31.824778579851284,0.024219679858605677,27.400000000000002,36.593456909109705
10600.0,9990.0,14.600000000000001,49.5,20.200000000000003,181.0,94.7,5258.0,29.8,14.25,84.5,1104.0,73.0,80.4,27302.36771192144,67.22418683272265,49.55660409683331,35.81421803804493,2.509659379224221,1.030093490674743,1.73,1.0,1.0,1.0,0.9931406998217339,0.9931406998217339,69681.64162360138,288.15,0.8385412648334485,31.826502320979685,0.024168821998755096,27.3,36.6130211490409
10650.0,10010.0,14.600000000000001,50.0,20.400000000000002,180.0,94.9,5267.0,29.900000000000002,14.350000000000001,85.7,1107.0,73.5,80.60000000000001,27316.589208604935,67.22399907515884,49.57777647568219,35.81725209807261,2.5098936441434416,1.030102378258493,1.8,1.0,1.0,1.0,0.9931386333062019,0.9931386333062019,69681.64162360138,288.15,0.8385412648334485,31.827979813375457,0.024118188190857162,27.200000000000003,36.632092460523396
10700.0,10000.0,15.0,50.5,19.6,181.0,95.10000000000001,5257.0,30.400000000000002,14.450000000000001,86.0,1111.0,73.3,79.60000000000001,27330.487640290714,67.22383786424847,49.599021779045,35.81985252846691,2.510094432374519,1.0301099963094873,1.71,1.0,1.0,0.9999999999999997,0.9931368619596439,0.9931368619596439,69681.64162360138,288.15,0.8385412648334485,31.829246235428975,0.02406777813523859,27.400000000000002,36.65073053538266
10750.0,9990.0,14.700000000000001,50.0,20.200000000000003,179.0,94.9,5269.0,29.700000000000003,14.350000000000001,85.2,1108.0,73.7,80.9,27344.101240731165,67.22369948079528,49.620315448236724,35.822081327360294,2.510266529024478,1.0301165261571648,1.79,1.0,1.0,1.0,0.9931353436276726,0.9931353436276726,69681.64162360138,288.15,0.8385412648334485,31.830331740046276,0.02401759135963052,27.1,36.66898664584531
10800.0,10010.0,14.700000000000001,50.0,20.1,180.0,95.10000000000001,5259.0,29.6,14.350000000000001,85.60000000000001,1110.0,73.3,79.9,27357.462860242078,67.2235807175024,49.641636548520665,35.82399162247706,2.5104140348919377,1.0301221232353506,1.8,1.0,1.0,0.9999999999999997,0.9931340421746111,0.9931340421746111,69681.64162360138,288.15,0.8385412648334485,31.8312621725754,0.023967627246383457,27.3,36.686904844841834
10850.0,10000.0,14.8,51.0,19.6,180.0,95.0,5259.0,30.1,14.4,85.30000000000001,1108.0,72.3,80.7,27370.600732361294,67.22347881099368,49.66296724945244,35.82562894192096,2.510540464416636,1.0301269207793484,1.76,1.0,1.0,1.0,0.9931329266245651,0.9931329266245651,69681.64162360138,288.15,0.8385412648334485,31.83205968617178,0.023917885055672314,27.200000000000003,36.704522994111144
10900.0,10010.0,14.9,50.0,19.8,178.0,94.80000000000001,5267.0,29.400000000000002,14.200000000000001,85.4,1111.0,73.5,80.5,27383.539130724068,67.22339138218094,49.684292379041985,35.82703230247181,2.5106488295855716,1.0301310329954854,1.81,1.0,1.0,1.0,0.9931319704249614,0.9931319704249614,69681.64162360138,288.15,0.8385412648334485,31.8327432692544,0.02386836394527904,27.200000000000003,36.72187364508359
10950.0,10010.0,14.600000000000001,50.5,19.8,179.0,95.0,5265.0,29.900000000000002,14.3,85.30000000000001,1108.0,73.4,80.80000000000001,27396.29893202352,67.2233163841458,49.70559904140753,35.82823514171227,2.5107417118153,1.0301345577783054,1.75,1.0,1.0,0.9999999999999997,0.9931311508151256,0.9931311508151256,69681.64162360138,288.15,0.8385412648334485,31.83332919761093,0.023819062987454922,27.400000000000002,36.73898479382218
11000.0,10010.0,15.600000000000001,50.5,20.400000000000002,182.0,95.10000000000001,5266.0,30.200000000000003,14.200000000000001,85.4,1105.0,73.5,80.80000000000001,27408.89809859239,67.22325205672968,49.72687628899799,35.82926611648031,2.510821323537966,1.0301375790399212,1.77,1.0,1.0,1.0,0.9931304482849332,0.9931304482849332,69681.64162360138,288.15,0.8385412648334485,31.83383142191652,0.02376998118329032,27.700000000000003,36.75588052817437
11050.0,10010.0,15.0,49.5,20.5,181.0,94.7,5262.0,30.0,14.3,86.30000000000001,1107.0,73.5,81.0,27421.352092162197,67.22319688706877,49.748114841682344,35.8301497868793,2.510889560969197,1.0301401687068399,1.75,1.0,1.0,0.9999999999999997,0.9931298461107042,0.9931298461107042,69681.64162360138,288.15,0.8385412648334485,31.834261899892752,0.02372111747495781,27.400000000000002,36.77258158263135
11100.0,10000.0,15.0,49.0,19.8,180.0,94.9,5263.0,30.1,14.200000000000001,84.80000000000001,1105.0,73.5,81.9,27433.674228673015,67.22314957536905,49.7693068460682,35.83090720229507,2.5109480493229275,1.0301423884317051,1.79,1.0,1.0,1.0,0.9931293299573296,0.9931293299573296,69681.64162360138,288.15,0.8385412648334485,31.83463088101523,0.02367247075614036,27.1,36.78910581413509
11150.0,10000.0,15.100000000000001,50.0,20.200000000000003,179.0,95.0,5266.0,30.200000000000003,14.200000000000001,85.60000000000001,1099.0,73.0,80.9,27445.875982575337,67.22310900527766,49.790445669335085,35.83155640349216,2.5109981815560865,1.0301442910606318,1.74,1.0,1.0,1.0,0.9931288875371866,0.9931288875371866,69681.64162360138,288.15,0.8385412648334485,31.83494715054878,0.02362403988091121,27.5,36.805468610153184
11200.0,10000.0,14.3,50.0,19.6,180.0,94.7,5264.0,29.900000000000002,14.3,86.0,1105.0,72.7,80.5,27457.967247845198,67.2230742182726,49.811525722667625,35.83211285283232,2.5110411515703417,1.0301459218910203,1.75,1.0,1.0,0.9999999999999997,0.9931285083177428,0.9931285083177428,69681.64162360138,288.15,0.8385412648334485,31.835218238720394,0.02357582367129261,27.5,36.82168323870537
11250.0,9990.0,15.200000000000001,50.0,19.6,180.0,95.0,5265.0,30.6,14.200000000000001,85.9,1107.0,73.2,81.0,27469.956561892406,67.22304439155225,49.83254231006334,35.83258980292286,2.5110779826648395,1.0301473197497482,1.72,1.0,1.0,1.0,0.993128183270905,0.993128183270905,69681.64162360138,288.15,0.8385412648334485,31.835450600010354,0.023527820923687253,27.3,36.83776114862896
11300.0,9990.0,14.5,49.5,19.6,180.0,95.10000000000001,5261.0,29.900000000000002,14.15,85.7,1107.0,73.5,81.0,27481.851297654655,67.22301881896861,49.8534914988888,35.8329986125203,2.5111095519199824,1.030148517917392,1.8,1.0,1.0,1.0,0.9931279046581538,0.9931279046581538,69681.64162360138,288.15,0.8385412648334485,31.835649766830315,0.023480030414348044,27.1,36.85371222718084
11350.0,9990.0,15.200000000000001,51.0,20.200000000000003,180.0,94.60000000000001,5256.0,30.0,14.25,85.4,1106.0,73.3,81.9,27493.657828409072,67.22299689459808,49.874370009068045,35.8333490172451,2.5111366110945985,1.0301495449204474,1.77,1.0,1.0,0.9999999999999997,0.9931276658463605,0.9931276658463605,69681.64162360138,288.15,0.8385412648334485,31.83582048124743,0.02343245090402747,27.8,36.86954502105314
11400.0,10000.0,15.0,50.5,19.6,182.0,95.10000000000001,5266.0,30.200000000000003,14.4,86.5,1101.0,73.7,81.30000000000001,27505.38166918575,67.22297809859734,49.89517511823313,35.83364936157939,2.511159804535495,1.0301504252104108,1.77,1.0,1.0,0.9999999999999997,0.9931274611499028,0.9931274611499028,69681.64162360138,288.15,0.8385412648334485,31.83596680789067,0.023385081141927104,27.200000000000003,36.885266926011475
11450.0,10010.0,14.8,50.0,19.900000000000002,182.0,95.4,5264.0,30.0,14.25,86.80000000000001,1104.0,73.10000000000001,82.10000000000001,27517.027598111323,67.22296198503362,49.91590458054479,35.83390679769007,2.5111796845267835,1.0301511797458627,1.75,1.0,1.0,1.0,0.99312728569533,0.99312728569533,69681.64162360138,288.15,0.8385412648334485,31.83609223072773,0.023337919869049987,27.5,36.90088434961925
11500.0,9980.0,15.200000000000001,51.0,20.3,181.0,94.80000000000001,5265.0,29.700000000000003,14.25,86.60000000000001,1105.0,72.7,81.0,27528.599760535682,67.22294817141956,49.936556557219,35.83412745582481,2.5111967244451776,1.0301518264914153,1.73,1.0,1.0,1.0,0.9931271353053538,0.9931271353053538,69681.64162360138,288.15,0.8385412648334485,31.83619973601664,0.02329096582104396,27.700000000000003,36.91640285087357
11550.0,10020.0,15.4,49.0,20.6,181.0,94.7,5263.0,30.3,14.3,85.4,1106.0,72.5,81.60000000000001,27540.10175838845,67.22293632971827,49.95712955707616,35.83431659034857,2.511211330035043,1.0301523808453925,1.8,1.0,1.0,1.0,0.993127006399408,0.993127006399408,69681.64162360138,288.15,0.8385412648334485,31.836291883407135,0.02324421773061028,27.5,36.93182726003408
11600.0,9990.0,15.3,50.5,20.5,181.0,95.2,5267.0,30.1,14.3,86.10000000000001,1102.0,72.9,81.7,27551.536726863153,67.2229261786155,49.97762238567111,35.834478704905045,2.511223849072051,1.0301528560064193,1.77,1.0,1.0,1.0,0.9931268959084123,0.9931268959084123,69681.64162360138,288.15,0.8385412648334485,31.8363708668847,0.023197674329542256,27.900000000000002,36.94716178145803
11650.0,10000.0,15.3,50.5,19.900000000000002,180.0,95.0,5270.0,30.200000000000003,14.200000000000001,86.4,1109.0,73.10000000000001,82.10000000000001,27562.9074002278,67.22291747688186,49.99803410176736,35.83461765968842,2.5112345796457967,1.0301532632876482,1.78,1.0,1.0,1.0,0.9931268012017089,0.9931268012017089,69681.64162360138,288.15,0.8385412648334485,31.83643856700833,0.023151334350447646,27.3,36.962410081853484
11700.0,10010.0,14.600000000000001,49.5,20.400000000000002,180.0,94.9,5266.0,30.0,14.25,86.7,1103.0,73.2,81.80000000000001,27574.21616830578,67.22291001767378,50.01836398009837,35.83473676338382,2.5112437772588336,1.0301536123861008,1.72,1.0,1.0,1.0,0.9931267200244347,0.9931267200244347,69681.64162360138,288.15,0.8385412648334485,31.836496595685723,0.023105196528201793,27.3,36.97757536602142
11750.0,10020.0,15.100000000000001,49.5,19.400000000000002,180.0,95.30000000000001,5264.0,30.400000000000002,14.3,86.60000000000001,1101.0,73.5,81.80000000000001,27585.46512495066,67.2229036236413,50.0386114795095,35.834838851968314,2.5112516609112796,1.030153911613534,1.79,1.0,1.0,0.9999999999999997,0.9931266504438406,0.9931266504438406,69681.64162360138,288.15,0.8385412648334485,31.83654633455206,0.023059259601171122,27.400000000000002,36.99266044186133
11800.0,10000.0,15.100000000000001,50.0,20.200000000000003,180.0,94.9,5271.0,30.3,14.200000000000001,86.7,1102.0,72.8,82.60000000000001,27596.656109650754,67.22289814272936,50.058776215704626,35.8349263562509,2.5112584183160007,1.0301541680943296,1.72,1.0,1.0,0.9999999999999997,0.9931265908032774,0.9931265908032774,69681.64162360138,288.15,0.8385412648334485,31.836588967866064,0.023013522312240766,27.8,37.007667776163856
11850.0,10000.0,14.9,50.0,20.200000000000003,179.0,95.10000000000001,5265.0,29.6,14.25,87.30000000000001,1108.0,73.4,81.60000000000001,27607.7907432381,67.22289344457516,50.07885793793356,35.83500135976122,2.511264210368624,1.0301543879351132,1.78,1.0,1.0,1.0,0.9931265396827552,0.9931265396827552,69681.64162360138,288.15,0.8385412648334485,31.83662551070664,0.022967983409675503,27.8,37.022599542497154
11900.0,10010.0,15.200000000000001,50.0,20.0,180.0,94.60000000000001,5266.0,30.1,14.3,85.7,1105.0,73.9,82.30000000000001,27618.870458537695,67.22288941741706,50.098856509051515,35.83506564836645,2.511269174978863,1.0301545763701452,1.76,1.0,1.0,1.0,0.9931264958651357,0.9931264958651357,69681.64162360138,288.15,0.8385412648334485,31.83665683314142,0.0229226416478382,27.700000000000003,37.03745766230822
11950.0,10020.0,14.700000000000001,50.0,19.700000000000003,180.0,95.0,5270.0,30.5,14.3,86.30000000000001,1110.0,73.0,82.0,27629.896526674966,67.22288596544327,50.11877188846434,35.8351207527986,2.5112734303544433,1.0301547378859417,1.71,1.0,1.0,1.0,0.9931264583071547,0.9931264583071547,69681.64162360138,288.15,0.8385412648334485,31.836683680942663,0.0228774957877874,28.0,37.05224384020166
12000.0,10010.0,15.700000000000001,49.5,20.6,180.0,95.2,5258.0,30.400000000000002,14.3,86.60000000000001,1105.0,72.9,82.10000000000001,27640.870079656575,67.22288300651748,50.13860411754257,35.83516798510537,2.511277077815829,1.0301548763280937,1.75,1.0,1.0,0.9999999999999997,0.9931264261145837,0.9931264261145837,69681.64162360138,288.15,0.8385412648334485,31.83670669334372,0.022832544597771506,27.200000000000003,37.06695959422107
12050.0,10010.0,15.4,49.5,20.1,180.0,95.10000000000001,5262.0,29.700000000000003,14.350000000000001,86.60000000000001,1108.0,73.2,82.0,27651.792129753376,67.22288047022849,50.15835330714838,35.83520846989301,2.511280204208807,1.0301549949928246,1.8,1.0,1.0,1.0,0.9931263985209401,0.9931263985209401,69681.64162360138,288.15,0.8385412648334485,31.83672641825892,0.022787786853635243,27.8,37.08160628184187
12100.0,10010.0,15.4,49.5,19.900000000000002,180.0,94.7,5263.0,30.400000000000002,14.3,85.9,1099.0,73.8,82.5,27662.663586138544,67.22287829621732,50.178019626969785,35.83524317110521,2.511282883972383,1.030155096705473,1.75,1.0,1.0,1.0,0.993126374869237,0.993126374869237,69681.64162360138,288.15,0.8385412648334485,31.83674332532909,0.02274322133915113,27.6,37.09618512228351
12150.0,9980.0,15.4,50.0,20.5,180.0,95.30000000000001,5265.0,30.3,14.3,87.10000000000001,1104.0,73.10000000000001,83.5,27673.485269170356,67.22287643274299,50.197603296401844,35.83527291497612,2.511285180911242,1.030155183887759,1.74,1.0,1.0,1.0,0.9931263545963425,0.9931263545963425,69681.64162360138,288.15,0.8385412648334485,31.836757817103518,0.022698846846287448,27.700000000000003,37.11069721566283
12200.0,10000.0,15.100000000000001,50.0,20.1,180.0,94.7,5264.0,29.700000000000003,14.15,86.80000000000001,1104.0,73.4,82.9,27684.25792265326,67.2228748354528,50.217104576750984,35.835298409704095,2.5112871497149896,1.0301552586154445,1.71,1.0,1.0,1.0,0.9931263372195711,0.9931263372195711,69681.64162360138,288.15,0.8385412648334485,31.83677023862446,0.022654662175422138,27.3,37.12514355943648
12250.0,10020.0,14.700000000000001,50.5,19.700000000000003,180.0,94.9,5267.0,30.0,14.25,86.2,1104.0,72.7,82.9,27694.982224363746,67.22287346632741,50.236523764571004,35.83532026231445,2.5112888372603313,1.0301553226677547,1.85,1.0,1.0,0.9999999999999997,0.9931263223251924,0.9931263223251924,69681.64162360138,288.15,0.8385412648334485,31.836780885642405,0.022610666135510354,28.0,37.13952506251627
12300.0,10010.0,15.0,49.0,19.5,181.0,94.80000000000001,5262.0,30.0,14.200000000000001,86.10000000000001,1103.0,72.9,82.4,27705.65879508734,67.22287229277701,50.25586118596827,35.835338993113304,2.5112902837272326,1.0301553775697416,1.74,1.0,1.0,1.0,0.9931263095585795,0.9931263095585795,69681.64162360138,288.15,0.8385412648334485,31.83679001165779,0.022566857544213406,27.8,37.15384255738803
12350.0,10000.0,15.0,50.5,19.900000000000002,180.0,95.10000000000001,5267.0,30.0,14.3,86.4,1100.0,73.4,83.10000000000001,27716.288206377474,67.22287128686617,50.27511719173521,35.8353550480764,2.5112915235556126,1.030155424628592,1.78,1.0,1.0,0.9999999999999997,0.9931262986157666,0.9931262986157666,69681.64162360138,288.15,0.8385412648334485,31.836797833956695,0.022523235227994022,27.8,37.168096810516325
12400.0,10000.0,15.200000000000001,50.5,20.400000000000002,180.0,95.30000000000001,5265.0,30.200000000000003,14.3,87.10000000000001,1101.0,73.4,84.4,27726.8709872174,67.22287042464914,50.29429215319262,35.83536880946795,2.511292586265365,1.0301554649647529,1.76,1.0,1.0,1.0,0.9931262892362114,0.9931262892362114,69681.64162360138,288.15,0.8385412648334485,31.83680453878432,0.02247979802218394,27.700000000000003,37.18228853127828
12450.0,9990.0,14.9,51.0,19.700000000000003,180.0,94.7,5261.0,29.5,14.3,88.7,1101.0,72.60000000000001,83.5,27737.40762974081,67.2228696856003,50.313386458638625,35.83538060494245,2.511293497159226,1.0301554995386075,1.74,1.0,1.0,0.9999999999999997,0.9931262811965919,0.9931262811965919,69681.64162360138,288.15,0.8385412648334485,31.836810285779436,0.022436544771027255,28.1,37.19641837963503
12500.0,10000.0,14.8,50.0,20.3,180.0,94.9,5264.0,29.6,14.3,85.9,1101.0,73.4,83.2,27747.898594144397,67.22286905212566,50.33240051031632,35.835390715346236,2.5112942779252365,1.0301555291733422,1.78,1.0,1.0,1.0,0.9931262743054884,0.9931262743054884,69681.64162360138,288.15,0.8385412648334485,31.83681521177524,0.022393474327703836,27.700000000000003,37.21048697271952
12550.0,10010.0,15.3,50.0,20.400000000000002,181.0,94.9,5259.0,30.1,14.3,87.7,1100.0,72.8,83.4,27758.344312907117,67.22286850914433,50.35133472182543,35.83539938140448,2.511294947153131,1.0301555545745447,1.76,1.0,1.0,1.0,0.9931262683988278,0.9931262683988278,69681.64162360138,288.15,0.8385412648334485,31.83681943405736,0.022350585554335653,27.3,37.224494890494704
12600.0,10000.0,14.4,49.5,20.5,181.0,94.80000000000001,5263.0,30.0,14.4,86.80000000000001,1101.0,73.7,83.0,27768.74519441404,67.22286804372955,50.37018951591332,35.83540680945285,2.511295520776957,1.0301555763470047,1.79,1.0,1.0,1.0,0.9931262633359756,0.9931262633359756,69681.64162360138,288.15,0.8385412648334485,31.83682305315633,0.02230787732197853,27.400000000000002,37.23844268061312
12650.0,10000.0,14.5,49.5,20.3,180.0,94.9,5261.0,29.900000000000002,14.3,87.7,1095.0,72.9,83.4,27779.101626069547,67.22286764480091,50.38896532259091,35.83541317635028,2.5112960124544608,1.0301555950091141,1.76,1.0,1.0,0.9999999999999997,0.9931262589963877,0.9931262589963877,69681.64162360138,288.15,0.8385412648334485,31.836826155241155,0.022265348510602065,27.900000000000002,37.25233086259178
12700.0,10000.0,14.9,49.5,19.900000000000002,181.0,94.9,5264.0,30.1,14.4,87.0,1104.0,73.60000000000001,83.30000000000001,27789.413976972068,67.22286730286088,50.407662577526516,35.8354186336901,2.511296433892276,1.0301556110052086,1.76,1.0,1.0,1.0,0.9931262552767407,0.9931262552767407,69681.64162360138,288.15,0.8385412648334485,31.836828814171,0.022222998009059233,27.700000000000003,37.26615993139909
12750.0,10000.0,15.3,50.0,20.1,179.0,94.80000000000001,5273.0,29.900000000000002,14.200000000000001,88.10000000000001,1102.0,73.3,83.4,27799.682600212516,67.2228670097685,50.42628172067702,35.83542331140931,2.511296795124655,1.0301556247161467,1.76,1.0,1.0,1.0,0.9931262520884716,0.9931262520884716,69681.64162360138,288.15,0.8385412648334485,31.83683109325373,0.022180824715047395,27.8,37.279930360536994
12800.0,9980.0,15.0,50.0,20.700000000000003,180.0,94.5,5264.0,30.8,14.350000000000001,86.80000000000001,1103.0,72.9,82.80000000000001,27809.907834849742,67.2228667585458,50.44482319512253,35.835427320882445,2.5112971047523835,1.0301556364683802,1.76,1.0,1.0,1.0,0.9931262493556695,0.9931262493556695,69681.64162360138,288.15,0.8385412648334485,31.836833046753213,0.022138827535062303,27.8,37.293642604690206
12850.0,9980.0,14.700000000000001,50.0,19.8,180.0,94.80000000000001,5267.0,29.6,14.4,86.30000000000001,1098.0,73.3,84.4,27820.090007608826,67.22286654321162,50.463287446074766,35.835430757573384,2.511297370147562,1.030155646541723,1.78,1.0,1.0,1.0,0.9931262470132675,0.9931262470132675,69681.64162360138,288.15,0.8385412648334485,31.83683472118134,0.02209700538434616,28.0,37.30729710200359
12900.0,10000.0,14.700000000000001,50.0,19.5,179.0,95.10000000000001,5260.0,30.1,14.200000000000001,87.5,1100.0,73.60000000000001,83.80000000000001,27830.229434341265,67.22286635863911,50.48167492003384,35.83543370330824,2.511297597629131,1.0301556551760171,1.8,1.0,1.0,0.9999999999999997,0.9931262450054943,0.9931262450054943,69681.64162360138,288.15,0.8385412648334485,31.836836156405447,0.02205535718683078,27.6,37.32089427604033
12950.0,10000.0,14.700000000000001,50.0,19.900000000000002,179.0,94.80000000000001,5259.0,29.3,14.200000000000001,87.80000000000001,1097.0,72.60000000000001,84.60000000000001,27840.326421281155,67.22286620043378,50.49998606407256,35.83543622822363,2.5112977926133224,1.0301556625768409,1.75,1.0,1.0,1.0,0.9931262432845459,0.9931262432845459,69681.64162360138,288.15,0.8385412648334485,31.836837386597537,0.022013881875076618,27.900000000000002,37.33443453746646
13000.0,10010.0,15.200000000000001,49.0,19.900000000000002,179.0,95.5,5258.0,29.700000000000003,14.200000000000001,86.60000000000001,1104.0,74.0,83.5,27850.381266126067,67.22286606482908,50.51822132522936,35.83543839243669,2.5112979597426226,1.030155668920404,1.73,1.0,1.0,0.9999999999999997,0.9931262418094472,0.9931262418094472,69681.64162360138,288.15,0.8385412648334485,31.83683844104791,0.021972578390208646,27.3,37.347918285500384
13050.0,10000.0,14.9,49.5,20.1,180.0,95.10000000000001,5263.0,29.700000000000003,14.3,87.5,1103.0,73.4,83.10000000000001,27860.39425896717,67.22286594859632,50.536381149993794,35.83544024747636,2.5112981029963026,1.0301556743577438,1.72,1.0,1.0,0.9999999999999997,0.9931262405450769,0.9931262405450769,69681.64162360138,288.15,0.8385412648334485,31.836839344862504,0.021931445681849526,27.700000000000003,37.36134590916016
13100.0,9990.0,15.200000000000001,50.0,20.400000000000002,180.0,95.0,5269.0,30.1,14.25,88.4,1101.0,73.0,83.5,27870.365683090524,67.22286584896813,50.554465983871886,35.835441837510295,2.511298225785168,1.030155679018321,1.79,1.0,1.0,1.0,0.9931262394613308,0.9931262394613308,69681.64162360138,288.15,0.8385412648334485,31.836840119560733,0.021890482708050656,28.200000000000003,37.37471778833805
13150.0,10000.0,15.4,49.0,20.0,180.0,94.9,5274.0,30.0,14.25,87.60000000000001,1095.0,72.8,84.5,27880.29581566736,67.22286576357246,50.572476271019326,35.835443200396455,2.511298331032763,1.0301556830131016,1.75,1.0,1.0,0.9999999999999997,0.9931262385324057,0.9931262385324057,69681.64162360138,288.15,0.8385412648334485,31.836840783587782,0.021849688435221525,27.700000000000003,37.388034294726246
13200.0,10020.0,15.4,50.5,19.8,180.0,94.80000000000001,5260.0,29.700000000000003,14.25,87.0,1096.0,73.2,84.2,27890.18492834911,67.22286569037611,50.590412453932515,35.835444368584575,2.511298421244987,1.0301556864371992,1.82,1.0,1.0,1.0,0.993126237736184,0.993126237736184,69681.64162360138,288.15,0.8385412648334485,31.83684135275383,0.0218090618380577,27.700000000000003,37.401295792614725
13250.0,10000.0,15.100000000000001,50.0,20.3,181.0,95.10000000000001,5263.0,29.900000000000002,14.15,87.2,1098.0,72.7,84.30000000000001,27900.03328778086,67.2228656276364,50.60827497318951,35.83544536988864,2.5112984985697477,1.03015568937214,1.8,1.0,1.0,1.0,0.9931262370537084,0.9931262370537084,69681.64162360138,288.15,0.8385412648334485,31.83684184061044,0.021768601899468134,27.700000000000003,37.414502639579894
13300.0,10000.0,14.700000000000001,50.0,19.700000000000003,180.0,94.9,5269.0,29.900000000000002,14.200000000000001,87.0,1100.0,73.4,84.30000000000001,27909.841156044506,67.22286557385941,50.626064267233,35.835446228149245,2.511298564848113,1.0301556918878036,1.83,1.0,1.0,0.9999999999999997,0.9931262364687293,0.9931262364687293,69681.64162360138,288.15,0.8385412648334485,31.836842258773245,0.021728307610501433,28.3,37.427655187078805
13350.0,10000.0,14.9,50.0,19.700000000000003,181.0,95.10000000000001,5265.0,30.200000000000003,14.4,87.9,1099.0,73.60000000000001,84.7,27919.608791041846,67.22286552776484,50.64378077218998,35.83544696380118,2.51129862165814,1.0301556940440866,1.76,1.0,1.0,1.0,0.9931262359673185,0.9931262359673185,69681.64162360138,288.15,0.8385412648334485,31.836842617198513,0.021688177970271928,27.900000000000002,37.440753780962936
13400.0,10000.0,15.100000000000001,49.5,19.400000000000002,179.0,94.80000000000001,5262.0,30.200000000000003,14.25,87.9,1096.0,72.9,84.60000000000001,27929.33644682579,67.2228654882552,50.66142492172185,35.83544759435996,2.511298670352448,1.0301556958923292,1.78,1.0,1.0,0.9999999999999997,0.9931262355375381,0.9931262355375381,69681.64162360138,288.15,0.8385412648334485,31.836842924420168,0.021648211985885464,27.700000000000003,37.45379876192232
13450.0,10000.0,15.700000000000001,50.0,19.700000000000003,180.0,95.0,5264.0,30.0,14.15,87.30000000000001,1099.0,73.0,84.10000000000001,27939.024373887216,67.22286545438979,50.678997146901224,35.83544813483892,2.5112987120904258,1.0301556974765371,1.76,1.0,1.0,1.0,0.9931262351691547,0.9931262351691547,69681.64162360138,288.15,0.8385412648334485,31.83684318775301,0.021608408672364954,28.0,37.46679046587023
13500.0,10010.0,15.0,50.0,19.8,180.0,95.10000000000001,5268.0,30.200000000000003,14.3,87.80000000000001,1100.0,73.5,84.10000000000001,27948.672819403735,67.22286542536227,50.69649787611116,35.83544859810658,2.5112987478658346,1.0301556988344296,1.75,1.0,1.0,1.0,0.9931262348533976,0.9931262348533976,69681.64162360138,288.15,0.8385412648334485,31.83684341346688,0.021568767052576248,28.0,37.4797292242768
13550.0,10000.0,14.8,50.0,20.0,178.0,95.0,5264.0,30.0,14.350000000000001,87.2,1097.0,72.2,84.30000000000001,27958.282027455585,67.22286540048154,50.713927534963624,35.83544899519315,2.511298778530471,1.0301556999983377,1.75,1.0,1.0,0.9999999999999997,0.9931262345827485,0.9931262345827485,69681.64162360138,288.15,0.8385412648334485,31.836843606935915,0.021529286157153923,27.8,37.492615364458494
13600.0,10010.0,15.3,50.0,19.900000000000002,181.0,95.0,5261.0,29.5,14.25,88.4,1105.0,73.10000000000001,84.2,27967.85223921349,67.22286537915518,50.731286546234394,35.835449335553065,2.5112988048144445,1.0301557009959728,1.73,1.0,1.0,1.0,0.9931262343507636,0.9931262343507636,69681.64162360138,288.15,0.8385412648334485,31.836843772766514,0.02148996502442755,28.1,37.50544920983008
13650.0,9980.0,15.200000000000001,50.5,20.200000000000003,180.0,95.10000000000001,5265.0,29.8,14.4,87.80000000000001,1101.0,72.2,85.30000000000001,27977.38369310229,67.22286536087547,50.74857532981192,35.83544962729013,2.5112988273435652,1.030155701851089,1.81,1.0,1.0,1.0,0.9931262341519196,0.9931262341519196,69681.64162360138,288.15,0.8385412648334485,31.83684391490703,0.021450802700348288,28.0,37.51823108012404
13700.0,10010.0,15.200000000000001,49.5,20.200000000000003,179.0,94.9,5269.0,30.3,14.200000000000001,87.60000000000001,1097.0,73.3,84.2,27986.876624943703,67.22286534520713,50.7657943026579,35.83544987735047,2.511298846654239,1.0301557025840453,1.78,1.0,1.0,0.9999999999999997,0.9931262339814816,0.9931262339814816,69681.64162360138,288.15,0.8385412648334485,31.836844036741752,0.021411798238415766,28.200000000000003,37.53096129158201
13750.0,10000.0,15.3,50.0,19.900000000000002,179.0,95.2,5261.0,30.1,14.25,87.5,1097.0,73.60000000000001,84.9,27996.331268081478,67.22286533177711,50.78294387877845,35.8354500916879,2.5112988632062465,1.0301557032122939,1.74,1.0,1.0,1.0,0.993126233835392,0.993126233835392,69681.64162360138,288.15,0.8385412648334485,31.83684414117151,0.02137295069960566,28.1,37.543640157122624
13800.0,10000.0,16.0,50.0,19.8,181.0,94.60000000000001,5265.0,30.6,14.25,87.10000000000001,1097.0,73.60000000000001,85.10000000000001,28005.747853490895,67.22286532026565,50.80002446920333,35.8354502754057,2.51129887739368,1.0301557037507927,1.74,1.0,1.0,1.0,0.9931262337101723,0.9931262337101723,69681.64162360138,288.15,0.8385412648334485,31.836844230682743,0.021334259152297762,27.8,37.556267986488365
13850.0,9990.0,15.100000000000001,50.5,20.400000000000002,180.0,94.7,5259.0,30.200000000000003,14.200000000000001,88.0,1099.0,72.7,84.4,28015.126609875282,67.22286531039875,50.81703648197289,35.8354504328781,2.511298889554338,1.030155704212363,1.76,1.0,1.0,1.0,0.9931262336028412,0.9931262336028412,69681.64162360138,288.15,0.8385412648334485,31.83684430740665,0.021295722672204413,28.1,37.56884508637495
13900.0,10010.0,15.200000000000001,50.0,19.700000000000003,179.0,94.9,5266.0,30.1,14.100000000000001,87.80000000000001,1101.0,73.10000000000001,84.30000000000001,28024.467763751043,67.22286530194134,50.83398032213102,35.835450567854444,2.511298899977759,1.0301557046079945,1.84,1.0,1.0,0.9999999999999997,0.9931262335108432,0.9931262335108432,69681.64162360138,288.15,0.8385412648334485,31.836844373170003,0.02125734034229995,28.0,37.58137176054543
13950.0,10000.0,15.100000000000001,50.0,19.700000000000003,182.0,95.2,5268.0,30.200000000000003,14.200000000000001,89.0,1096.0,73.2,84.2,28033.77153952302,67.22286529469214,50.85085639172351,35.835450683548444,2.5112989089121194,1.0301557049471075,1.71,1.0,1.0,1.0,0.9931262334319876,0.9931262334319876,69681.64162360138,288.15,0.8385412648334485,31.836844429538587,0.02121911125275031,28.1,37.59384830993116
14000.0,9990.0,14.4,50.5,20.8,181.0,94.9,5265.0,30.3,14.350000000000001,88.10000000000001,1098.0,73.2,85.4,28043.038159551397,67.22286528847859,50.86766508980082,35.83545078271474,2.5112989165701434,1.0301557052377759,1.76,1.0,1.0,1.0,0.9931262333643972,0.9931262333643972,69681.64162360138,288.15,0.8385412648334485,31.836844477854513,0.021181034500843764,28.0,37.60627503272162
14050.0,10020.0,15.4,50.0,20.700000000000003,180.0,95.30000000000001,5267.0,31.0,14.200000000000001,87.9,1099.0,73.2,86.2,28052.26784421128,67.22286528315264,50.88440681242444,35.835450867714414,2.5112989231341634,1.03015570548692,1.75,1.0,1.0,0.9999999999999997,0.9931262333064625,0.9931262333064625,69681.64162360138,288.15,0.8385412648334485,31.83684451926817,0.021143109190921956,28.3,37.61865222444422
14100.0,10010.0,15.200000000000001,49.5,20.6,181.0,95.10000000000001,5265.0,30.1,14.25,88.80000000000001,1098.0,72.8,84.7,28061.460811946206,67.22286527858755,50.901081952676705,35.83545094057128,2.511298928760466,1.030155705700472,1.74,1.0,1.0,1.0,0.9931262332568042,0.9931262332568042,69681.64162360138,288.15,0.8385412648334485,31.836844554765584,0.02110533443431177,28.1,37.630980178036104
14150.0,10000.0,15.100000000000001,50.5,19.700000000000003,181.0,94.9,5263.0,30.1,14.15,88.0,1100.0,72.4,85.9,28070.617279316153,67.2228652746746,50.91769090067321,35.835451003020026,2.511298933583012,1.0301557058835167,1.81,1.0,1.0,0.9999999999999997,0.99312623321424,0.99312623321424,69681.64162360138,288.15,0.8385412648334485,31.836844585191947,0.021067709349257998,28.0,37.64325918390855
14200.0,10000.0,15.3,50.0,20.3,179.0,94.9,5261.0,30.1,14.350000000000001,88.4,1094.0,72.7,85.60000000000001,28079.737461040844,67.22286527132066,50.93423404357716,35.8354510565475,2.511298937716621,1.0301557060404123,1.82,1.0,1.0,1.0,0.9931262331777562,0.9931262331777562,69681.64162360138,288.15,0.8385412648334485,31.83684461127168,0.021030233060856444,28.200000000000003,37.65548953000499
14250.0,10000.0,15.200000000000001,50.0,19.8,179.0,95.30000000000001,5254.0,30.200000000000003,14.25,88.30000000000001,1101.0,72.8,85.10000000000001,28088.821570039305,67.22286526844587,50.95071176561614,35.83545110242822,2.511298941259717,1.0301557061748943,1.76,1.0,1.0,0.9999999999999997,0.9931262331464845,0.9931262331464845,69681.64162360138,288.15,0.8385412648334485,31.836844633625738,0.020992904700987986,28.200000000000003,37.66767150185411
14300.0,9990.0,14.5,49.5,20.5,180.0,95.10000000000001,5263.0,29.8,14.4,88.5,1096.0,73.4,85.2,28097.869817465533,67.22286526598175,50.96712444809974,35.83545114175454,2.5112989442966547,1.0301557062901643,1.75,1.0,1.0,0.9999999999999997,0.9931262331196803,0.9931262331196803,69681.64162360138,288.15,0.8385412648334485,31.83684465278636,0.020955723408253153,28.1,37.67980538261763
14350.0,10000.0,15.100000000000001,51.0,20.1,178.0,95.10000000000001,5265.0,30.0,14.3,88.60000000000001,1097.0,73.3,85.30000000000001,28106.882412741645,67.22286526386962,50.9834724694392,35.83545117546281,2.5112989468997435,1.030155706388967,1.74,1.0,1.0,0.9999999999999997,0.9931262330967052,0.9931262330967052,69681.64162360138,288.15,0.8385412648334485,31.836844669209754,0.020918688327907543,28.900000000000002,37.6918914531348
14400.0,9990.0,15.0,49.5,20.0,179.0,94.9,5269.0,30.1,14.3,87.60000000000001,1101.0,72.60000000000001,86.4,28115.859563588114,67.22286526205926,50.99975620516759,35.83545120435563,2.5112989491309645,1.0301557064736555,1.8,1.0,1.0,0.9999999999999997,0.9931262330770121,0.9931262330770121,69681.64162360138,288.15,0.8385412648334485,31.836844683286948,0.02088179861179786,28.3,37.70392999196294
14450.0,9990.0,15.100000000000001,50.0,20.0,180.0,94.60000000000001,5269.0,30.0,14.25,88.4,1098.0,72.7,84.60000000000001,28124.801476051784,67.22286526050753,51.015976027960996,35.8354512291209,2.511298951043439,1.0301557065462452,1.78,1.0,1.0,0.9999999999999997,0.9931262330601325,0.9931262330601325,69681.64162360138,288.15,0.8385412648334485,31.836844695353115,0.02084505341829867,28.3,37.71592127541496
14500.0,10000.0,14.700000000000001,50.0,19.400000000000002,179.0,94.80000000000001,5268.0,29.900000000000002,14.25,89.9,1097.0,73.10000000000001,85.60000000000001,28133.70835453203,67.22286525917744,51.03213230766037,35.83545125034826,2.5112989526827025,1.0301557066084654,1.75,1.0,1.0,0.9999999999999997,0.9931262330456642,0.9931262330456642,69681.64162360138,288.15,0.8385412648334485,31.83684470569554,0.020808451912249896,27.6,37.72786557759455
14550.0,10010.0,15.100000000000001,50.0,19.900000000000002,181.0,94.7,5262.0,29.700000000000003,14.4,89.30000000000001,1091.0,72.5,85.80000000000001,28142.58040180525,67.22286525803742,51.04822541129417,35.83545126854316,2.511298954087786,1.0301557066617966,1.75,1.0,1.0,1.0,0.9931262330332629,0.9931262330332629,69681.64162360138,288.15,0.8385412648334485,31.836844714560478,0.020771993264894897,27.8,37.73976317042888
14600.0,10020.0,15.100000000000001,50.0,19.700000000000003,181.0,94.9,5263.0,30.200000000000003,14.15,89.80000000000001,1097.0,73.5,85.4,28151.417819047623,67.22286525706022,51.06425570310089,35.83545128413877,2.5112989552921428,1.0301557067075091,1.74,1.0,1.0,1.0,0.9931262330226331,0.9931262330226331,69681.64162360138,288.15,0.8385412648334485,31.836844722158993,0.0207356766538193,27.900000000000002,37.75161432369924
14650.0,10000.0,15.0,50.0,19.6,179.0,95.0,5263.0,29.8,14.4,88.80000000000001,1099.0,72.8,86.10000000000001,28160.220805856912,67.22286525622259,51.08022354455257,35.83545129750643,2.511298956324448,1.0301557067466915,1.77,1.0,1.0,1.0,0.9931262330135219,0.9931262330135219,69681.64162360138,288.15,0.8385412648334485,31.836844728672006,0.02069950126289065,27.700000000000003,37.76341930507024
14700.0,10020.0,15.0,50.5,19.700000000000003,180.0,94.80000000000001,5269.0,30.1,14.3,89.7,1099.0,73.3,85.4,28168.989560272916,67.22286525550466,51.096129294378045,35.835451308964444,2.5112989572092816,1.0301557067802762,1.75,1.0,1.0,1.0,0.9931262330057122,0.9931262330057122,69681.64162360138,288.15,0.8385412648334485,31.836844734254598,0.02066346628219837,27.900000000000002,37.77517838011719
14750.0,10010.0,15.100000000000001,49.5,19.900000000000002,179.0,95.0,5258.0,30.200000000000003,14.3,90.10000000000001,1098.0,72.9,86.5,28177.724278796944,67.22286525488929,51.11197330858658,35.835451318785594,2.511298957967711,1.0301557068090634,1.72,1.0,1.0,0.9999999999999997,0.9931262329990181,0.9931262329990181,69681.64162360138,288.15,0.8385412648334485,31.836844739039662,0.020627570907994854,27.900000000000002,37.78689181235228
14800.0,10000.0,14.4,50.0,19.6,180.0,94.80000000000001,5266.0,30.0,14.350000000000001,89.0,1094.0,72.9,85.5,28186.425156410478,67.2228652543618,51.12775594049145,35.835451327203714,2.5112989586177923,1.0301557068337377,1.78,1.0,1.0,1.0,0.9931262329932805,0.9931262329932805,69681.64162360138,288.15,0.8385412648334485,31.836844743141157,0.020591814342636846,28.3,37.79855986324959
14850.0,10030.0,14.8,50.0,19.8,180.0,95.10000000000001,5264.0,30.3,14.25,89.60000000000001,1097.0,73.0,86.10000000000001,28195.092386593074,67.2228652539097,51.14347754073382,35.835451334419254,2.5112989591750057,1.0301557068548874,1.84,1.0,1.0,1.0,0.9931262329883624,0.9931262329883624,69681.64162360138,288.15,0.8385412648334485,31.836844746656723,0.02055619579452762,28.0,37.810182792269046
14900.0,10000.0,14.8,51.0,20.400000000000002,179.0,95.10000000000001,5266.0,29.8,14.3,89.30000000000001,1096.0,73.0,86.5,28203.72616133948,67.22286525352219,51.159138457306355,35.83545134060401,2.5112989596526174,1.0301557068730156,1.77,1.0,1.0,1.0,0.993126232984147,0.993126232984147,69681.64162360138,288.15,0.8385412648334485,31.836844749670064,0.020520714478059886,28.200000000000003,37.82176085687947
14950.0,9990.0,15.5,49.5,20.200000000000003,180.0,95.4,5261.0,29.8,14.200000000000001,89.30000000000001,1092.0,72.8,85.30000000000001,28212.32667117624,67.22286525319001,51.17473903557691,35.83545134590521,2.511298960061998,1.030155706888554,1.77,1.0,1.0,1.0,0.9931262329805338,0.9931262329805338,69681.64162360138,288.15,0.8385412648334485,31.836844752252922,0.02048536961355916,28.1,37.83329431258076
15000.0,9980.0,15.3,49.5,20.3,179.0,95.30000000000001,5267.0,29.700000000000003,14.200000000000001,89.5,1095.0,72.9,87.10000000000001,28220.89410517776,67.2228652529053,51.190279618312196,35.8354513504491,2.5112989604128955,1.0301557069018727,1.74,1.0,1.0,0.9999999999999997,0.9931262329774369,0.9931262329774369,69681.64162360138,288.15,0.8385412648334485,31.836844754466803,0.020450160427227932,28.200000000000003,37.84478341292548
15050.0,10010.0,15.200000000000001,50.0,19.900000000000002,179.0,94.80000000000001,5266.0,30.0,14.25,89.80000000000001,1092.0,72.9,86.60000000000001,28229.428650981834,67.22286525266126,51.205760545701274,35.83545135434388,2.511298960713666,1.0301557069132887,1.75,1.0,1.0,1.0,0.9931262329747822,0.9931262329747822,69681.64162360138,288.15,0.8385412648334485,31.83684475636442,0.02041508615109035,28.6,37.85622840953966
15100.0,10010.0,15.100000000000001,51.0,19.400000000000002,180.0,95.10000000000001,5261.0,30.1,14.200000000000001,89.7,1098.0,73.10000000000001,85.7,28237.930494804714,67.22286525245207,51.22118215537887,35.835451357682246,2.511298960971468,1.030155706923074,1.74,1.0,1.0,1.0,0.9931262329725067,0.9931262329725067,69681.64162360138,288.15,0.8385412648334485,31.836844757990946,0.020380146022937546,28.400000000000002,37.86762955214302
15150.0,10000.0,14.200000000000001,50.5,20.1,179.0,95.2,5262.0,29.8,14.3,90.4,1099.0,73.10000000000001,86.9,28246.399821455932,67.2228652522728,51.23654478244879,35.83545136054371,2.511298961192442,1.030155706931461,1.79,1.0,1.0,0.9999999999999997,0.9931262329705565,0.9931262329705565,69681.64162360138,288.15,0.8385412648334485,31.83684475938511,0.020345339286273637,27.900000000000002,37.878987088568834
15200.0,10010.0,14.8,50.0,19.900000000000002,180.0,95.0,5252.0,30.1,14.3,89.60000000000001,1095.0,73.60000000000001,86.9,28254.836814352555,67.22286525211912,51.2518487595068,35.835451362996395,2.511298961381849,1.0301557069386504,1.78,1.0,1.0,1.0,0.9931262329688847,0.9931262329688847,69681.64162360138,288.15,0.8385412648334485,31.836844760580107,0.02031066519026228,28.5,37.89030126478306
15250.0,10000.0,14.700000000000001,49.0,19.8,181.0,94.9,5268.0,30.0,14.350000000000001,89.2,1096.0,73.2,87.5,28263.24165553328,67.22286525198739,51.267094416663724,35.835451365098685,2.5112989615441963,1.0301557069448124,1.72,1.0,1.0,1.0,0.993126232967452,0.993126232967452,69681.64162360138,288.15,0.8385412648334485,31.836844761604397,0.020276122989673788,28.1,37.90157232490324
15300.0,10010.0,15.5,50.0,19.900000000000002,181.0,95.2,5263.0,30.1,14.350000000000001,90.5,1096.0,73.0,86.80000000000001,28271.614525672172,67.2228652518745,51.28228208156814,35.83545136690066,2.5112989616833516,1.0301557069500942,1.78,1.0,1.0,1.0,0.9931262329662237,0.9931262329662237,69681.64162360138,288.15,0.8385412648334485,31.83684476248235,0.020241711944832937,28.200000000000003,37.91280051121689
15350.0,10000.0,14.700000000000001,50.5,19.5,180.0,95.0,5272.0,29.900000000000002,14.200000000000001,89.10000000000001,1099.0,72.0,86.4,28279.9556040921,67.22286525177769,51.297412079428845,35.8354513684452,2.511298961802627,1.0301557069546214,1.85,1.0,1.0,1.0,0.9931262329651709,0.9931262329651709,69681.64162360138,288.15,0.8385412648334485,31.836844763234886,0.02020743132156722,28.400000000000002,37.923986064199596
15400.0,9990.0,15.0,50.0,20.3,181.0,95.10000000000001,5262.0,30.200000000000003,14.200000000000001,88.9,1090.0,72.4,86.5,28288.26506877801,67.22286525169476,51.31248473303743,35.83545136976911,2.5112989619048647,1.030155706958502,1.73,1.0,1.0,0.9999999999999997,0.9931262329642685,0.9931262329642685,69681.64162360138,288.15,0.8385412648334485,31.836844763879917,0.020173280391155766,28.400000000000002,37.93512922253269
15450.0,9990.0,14.100000000000001,49.5,19.8,180.0,95.30000000000001,5262.0,30.3,14.25,89.5,1092.0,73.0,86.7,28296.543096389763,67.22286525162363,51.32750036279011,35.83545137090387,2.5112989619924955,1.0301557069618281,1.77,1.0,1.0,1.0,0.993126232963495,0.993126232963495,69681.64162360138,288.15,0.8385412648334485,31.836844764432797,0.020139258430278893,28.200000000000003,37.9462302231206
15500.0,9990.0,15.3,50.0,19.8,180.0,95.0,5261.0,30.0,14.25,89.0,1090.0,72.9,87.4,28304.789862275084,67.22286525156271,51.34245928671009,35.83545137187653,2.5112989620676083,1.030155706964679,1.75,1.0,1.0,0.9999999999999997,0.9931262329628321,0.9931262329628321,69681.64162360138,288.15,0.8385412648334485,31.8368447649067,0.020105364720968022,28.900000000000002,37.95728930110813
15550.0,10010.0,15.4,50.5,20.700000000000003,179.0,94.5,5263.0,30.200000000000003,14.3,89.80000000000001,1097.0,73.10000000000001,87.60000000000001,28313.0055404819,67.22286525151046,51.3573618204689,35.83545137271023,2.51129896213199,1.0301557069671228,1.74,1.0,1.0,1.0,0.993126232962264,0.993126232962264,69681.64162360138,288.15,0.8385412648334485,31.836844765312897,0.02007159855055636,28.0,37.96830668989704
15600.0,10020.0,15.0,49.5,19.8,179.0,94.9,5259.0,29.5,14.25,89.30000000000001,1097.0,73.10000000000001,87.4,28321.190303770825,67.22286525146566,51.37220827740821,35.83545137342484,2.511298962187175,1.0301557069692173,1.74,1.0,1.0,1.0,0.9931262329617768,0.9931262329617768,69681.64162360138,288.15,0.8385412648334485,31.83684476566107,0.020037959211629933,28.3,37.97928262116276
15650.0,10000.0,15.200000000000001,50.0,20.400000000000002,180.0,95.2,5263.0,29.5,14.3,90.10000000000001,1095.0,73.10000000000001,87.10000000000001,28329.344323627323,67.2228652514273,51.386998968561116,35.835451374037355,2.5112989622344766,1.0301557069710128,1.74,1.0,1.0,1.0,0.9931262329613593,0.9931262329613593,69681.64162360138,288.15,0.8385412648334485,31.836844765959505,0.020004446001979318,28.5,37.99021732487072
15700.0,10010.0,14.8,50.5,19.6,180.0,95.30000000000001,5268.0,29.900000000000002,14.3,89.80000000000001,1087.0,72.60000000000001,87.30000000000001,28337.4677702736,67.22286525139441,51.40173420267314,35.835451374562375,2.5112989622750206,1.0301557069725515,1.76,1.0,1.0,1.0,0.9931262329610016,0.9931262329610016,69681.64162360138,288.15,0.8385412648334485,31.8368447662153,0.01997105822455187,28.400000000000002,38.00111102929231
15750.0,10010.0,14.9,49.5,20.1,180.0,95.0,5263.0,30.700000000000003,14.100000000000001,89.60000000000001,1093.0,72.7,87.9,28345.56081268049,67.22286525136623,51.416414286223116,35.83545137501239,2.511298962309773,1.0301557069738705,1.79,1.0,1.0,0.9999999999999997,0.9931262329606949,0.9931262329606949,69681.64162360138,288.15,0.8385412648334485,31.83684476643456,0.019937795187404427,28.3,38.0119639610208
15800.0,10000.0,15.0,50.0,20.0,180.0,95.10000000000001,5267.0,29.6,14.200000000000001,88.80000000000001,1096.0,73.0,87.7,28353.62361857909,67.22286525134204,51.43103952344399,35.83545137539812,2.51129896233956,1.0301557069750011,1.72,1.0,1.0,1.0,0.9931262329604319,0.9931262329604319,69681.64162360138,288.15,0.8385412648334485,31.83684476662249,0.019904656203656484,28.8,38.02277634498694
15850.0,9990.0,15.100000000000001,50.5,19.6,180.0,95.0,5276.0,30.1,14.4,90.60000000000001,1094.0,72.60000000000001,88.10000000000001,28361.656354472325,67.2228652513213,51.44561021634328,35.83545137572873,2.511298962365091,1.0301557069759704,1.72,1.0,1.0,1.0,0.9931262329602065,0.9931262329602065,69681.64162360138,288.15,0.8385412648334485,31.836844766783578,0.019871640591444056,28.8,38.03354840447448
15900.0,10000.0,14.200000000000001,50.0,20.3,180.0,95.10000000000001,5261.0,29.6,14.25,89.9,1092.0,73.4,87.2,28369.659185646244,67.22286525130355,51.460126664723276,35.835451376012124,2.511298962386976,1.030155706976801,1.78,1.0,1.0,1.0,0.9931262329600133,0.9931262329600133,69681.64162360138,288.15,0.8385412648334485,31.83684476692165,0.019838747673873912,28.400000000000002,38.04428036113533
15950.0,9980.0,14.600000000000001,50.0,20.8,180.0,94.7,5252.0,30.200000000000003,14.25,90.60000000000001,1091.0,73.10000000000001,88.10000000000001,28377.63227618122,67.22286525128834,51.47458916620105,35.83545137625503,2.5112989624057342,1.0301557069775131,1.75,1.0,1.0,1.0,0.9931262329598477,0.9931262329598477,69681.64162360138,288.15,0.8385412648334485,31.836844767040006,0.019805976778978312,28.3,38.054972435004544
16000.0,10000.0,15.200000000000001,50.0,20.400000000000002,180.0,94.7,5272.0,29.8,14.25,90.0,1093.0,72.8,87.7,28385.575788963066,67.22286525127531,51.48899801622834,35.83545137646324,2.5112989624218134,1.0301557069781233,1.77,1.0,1.0,1.0,0.9931262329597059,0.9931262329597059,69681.64162360138,288.15,0.8385412648334485,31.83684476714145,0.019773327239670353,28.400000000000002,38.065624844515256
16050.0,9970.0,15.600000000000001,50.0,20.200000000000003,179.0,88.7,5218.0,30.400000000000002,14.25,90.5,1092.0,72.8,87.7,25300.384139494643,61.37846074289353,45.89272518007535,32.71989132423525,2.2929648149239488,1.0301557069786464,1.68,1.0,1.0,0.9999999999999997,0.9931262329595844,0.9931262329595844,69681.64162360138,288.15,0.8385412648334485,31.68305622018024,0.019743304813436575,24.8,33.92832113874511
16100.0,9980.0,14.4,49.5,19.700000000000003,179.0,82.4,5131.0,29.700000000000003,14.350000000000001,90.30000000000001,1094.0,72.60000000000001,87.10000000000001,22278.2476949772,55.933226315732455,40.75095448894225,29.584357234502587,2.0716361557575365,1.0293632965640398,1.48,1.0,1.0,1.0,0.9933104002823807,0.9933104002823807,69681.64162360138,288.15,0.8385412648334485,31.398528978076406,0.019716172219204523,22.3,29.875575723918327
16150.0,10010.0,15.3,50.5,19.700000000000003,180.0,76.2,5025.0,30.6,14.200000000000001,90.0,1098.0,72.4,87.60000000000001,19395.87338951896,50.8739841379025,36.03977650882385,26.516086904172603,1.8541427014098322,1.0279004518738213,1.37,1.0,1.0,1.0,0.9936498835589288,0.9936498835589288,69681.64162360138,288.15,0.8385412648334485,31.003093554305025,0.019692070559663228,19.3,26.01025413281272
16200.0,9980.0,15.200000000000001,50.5,20.200000000000003,179.0,70.0,4883.0,29.900000000000002,14.5,90.2,1093.0,72.9,87.30000000000001,16705.054112277187,46.18826379242847,31.737646942874736,23.57757260990186,1.6454166953901914,1.0258742841100508,1.22,1.0,1.0,1.0,0.9941190210244241,0.9941190210244241,69681.64162360138,288.15,0.8385412648334485,30.513832465103235,0.019671044883872012,16.400000000000002,22.40181166564595
16250.0,9990.0,15.3,50.5,20.200000000000003,179.0,63.6,4725.0,29.8,14.3,90.4,1096.0,72.9,88.80000000000001,14268.372097391253,41.92534453334046,27.88373136706606,20.81304949201495,1.4518228684890406,1.0254045749027216,1.1300000000000001,1.0,1.0,1.0,0.994227598637059,0.994227598637059,69681.64162360138,288.15,0.8385412648334485,29.945487198381713,0.019653039412475242,14.600000000000001,19.13417235004362
16300.0,10010.0,14.600000000000001,49.5,19.700000000000003,179.0,57.5,4545.0,30.400000000000002,14.350000000000001,89.9,1093.0,72.8,88.0,12080.672926557825,38.03195787180008,24.41996716910312,18.25283274085296,1.2732338909799188,1.0254045749027216,1.02,1.0,1.0,1.0,0.994227598637059,0.994227598637059,69681.64162360138,288.15,0.8385412648334485,29.310811141355018,0.01963796226310831,12.600000000000001,16.200424007972575
16350.0,10010.0,15.200000000000001,49.5,19.8,180.0,51.1,4348.0,30.1,14.25,90.9,1099.0,72.10000000000001,88.0,10142.413471135304,34.4871784043861,21.320345330272218,15.916232713534328,1.110243390454045,1.0254045749027216,0.92,1.0,1.0,1.0,0.994227598637059,0.994227598637059,69681.64162360138,288.15,0.8385412648334485,28.62087792920518,0.01962568527138065,10.4,13.601179313061865
16400.0,10000.0,15.3,50.0,19.5,179.0,45.2,4140.0,30.1,14.450000000000001,90.80000000000001,1101.0,72.10000000000001,88.9,8454.229130886717,31.28889718804761,18.57776319260371,13.813584474659127,0.9635722936136515,1.0254045749027216,0.8200000000000001,1.0,0.9986034939271371,1.0,0.994227598637059,0.994227598637059,69681.64162360138,288.15,0.8385412648334485,27.885354372656757,0.019616048389680577,8.4,11.337290349101705
16450.0,9990.0,15.100000000000001,49.0,20.3,179.0,38.800000000000004,3913.0,29.900000000000002,14.3,90.10000000000001,1105.0,72.5,88.2,7010.7180822648015,28.437883212380257,16.188579023313807,11.947762484080428,0.8334211095936854,1.0254045749027216,0.71,1.0,0.9892707714400236,1.0,0.994227598637059,0.9892707714400236,69681.64162360138,288.15,0.8385412648334485,27.11274772846474,0.01960886913771228,7.2,9.401513162678745
16500.0,10010.0,14.8,50.0,19.3,181.0,32.9,3686.0,29.400000000000002,14.4,89.60000000000001,1099.0,71.0,88.2,5801.53032785245,25.937097891821207,14.151822259026765,10.315424931188577,0.7195567290140381,1.0254045749027216,0.61,1.0,0.966411781884211,1.0,0.994227598637059,0.966411781884211,69681.64162360138,288.15,0.8385412648334485,26.310639444429512,0.019603950620055596,5.6000000000000005,7.779968200256692
16550.0,10000.0,14.9,49.5,19.900000000000002,180.0,26.200000000000003,3444.0,30.3,14.15,89.9,1100.0,68.5,88.4,4812.3413962554205,23.79142307421535,12.46881030105662,8.908146935998321,0.621391470889683,1.0254045749027216,0.58,1.0,0.9205462508728011,1.0,0.994227598637059,0.9205462508728011,69681.64162360138,288.15,0.8385412648334485,25.485923899015575,0.01960108822538643,4.6000000000000005,6.453446059206445
16600.0,10010.0,15.100000000000001,49.0,20.8,179.0,20.1,3211.0,30.1,14.3,90.7,1098.0,65.0,87.80000000000001,4025.830846246165,22.008050175684467,11.143400525263354,7.713560502639586,0.5380626005575216,1.0254045749027216,0.46,1.0,0.8512516375789478,1.0,0.994227598637059,0.8512516375789478,69681.64162360138,288.15,0.8385412648334485,24.645087915054724,0.019600075035955965,4.1000000000000005,5.3987196814330325
16650.0,10010.0,14.9,50.5,20.0,179.0,19.900000000000002,3003.0,29.8,14.350000000000001,90.30000000000001,1098.0,60.2,88.30000000000001,3839.4175183772377,21.889192004680407,11.422855476698913,7.137661223068063,0.49789050831562914,1.0254045749027219,0.4,1.0,0.7680791427133246,0.9999999999999997,0.9942275986370589,0.7680791427133246,69681.64162360138,288.15,0.8385412648334485,23.924371357374,0.01960037180596976,3.9000000000000004,5.1487356804942435
16700.0,10010.0,14.600000000000001,49.5,20.700000000000003,180.0,19.900000000000002,2824.0,29.8,14.25,90.7,1101.0,57.300000000000004,87.9,3661.9284762223524,21.76607738479404,11.641676870842952,6.6421705989549915,0.46332735506481626,1.0254045749027216,0.36,1.0,0.6929984513795885,1.0,0.994227598637059,0.6929984513795885,69681.64162360138,288.15,0.8385412648334485,23.30661430793338,0.019601740713880534,3.6,4.910719325183699
16750.0,9970.0,15.0,50.0,20.3,178.0,20.200000000000003,2679.0,30.400000000000002,14.350000000000001,90.7,1100.0,53.900000000000006,87.7,3497.7736866078762,21.644948470738424,11.814005001767354,6.217082813841758,0.43367518094302215,1.0254045749027216,0.3,1.0,0.6276984591708038,1.0,0.994227598637059,0.6276984591708038,69681.64162360138,288.15,0.8385412648334485,22.7771082655557,0.019603990638417654,3.2,4.690584469214895
16800.0,10000.0,14.8,50.0,19.3,178.0,20.3,2550.0,29.700000000000003,14.350000000000001,90.7,1105.0,50.800000000000004,88.60000000000001,3348.857172596921,21.52966092211183,11.95050208685172,5.8530630667388825,0.40828283304953766,1.0254045749027214,0.31,1.0,0.5714840152385727,0.9999999999999997,0.994227598637059,0.5714840152385727,69681.64162360138,288.15,0.8385412648334485,22.32324594351769,0.01960696738103585,3.4000000000000004,4.490884445595923
16850.0,10000.0,14.9,50.0,20.0,180.0,19.8,2438.0,29.700000000000003,14.3,89.9,1105.0,47.6,88.5,3215.568951187187,21.422421399913308,12.059237160841477,5.541688223507526,0.3865627521815751,1.0254045749027216,0.28,1.0,0.5232454416684527,1.0,0.994227598637059,0.5232454416684527,69681.64162360138,288.15,0.8385412648334485,21.934221096056543,0.019610546010345502,3.5,4.312142274921042
16900.0,9990.0,15.0,51.0,19.900000000000002,181.0,20.0,2342.0,30.0,14.4,89.7,1102.0,46.0,88.10000000000001,3097.416556277704,21.32431449432422,12.146341249186369,5.275513712372139,0.36799563915839684,1.0254045749027219,0.28,1.0,0.4818990252273952,0.9999999999999997,0.9942275986370589,0.4818990252273952,69681.64162360138,288.15,0.8385412648334485,21.600771226804127,0.019614624868677096,3.3000000000000003,4.153697550299527
16950.0,10020.0,14.700000000000001,49.5,19.400000000000002,182.0,20.1,2260.0,29.6,14.350000000000001,90.4,1104.0,44.800000000000004,89.2,2993.424399762854,21.2356770784153,12.216493162831116,5.048047013109201,0.3521286055487207,1.0254045749027216,0.24,1.0,0.4464780635778528,1.0,0.994227598637059,0.4464780635778528,69681.64162360138,288.15,0.8385412648334485,21.3149570531592,0.01961912087539607,2.7,4.0142419885699825
17000.0,9990.0,15.5,50.5,19.900000000000002,180.0,19.8,2192.0,29.900000000000002,14.3,90.5,1105.0,42.800000000000004,88.0,2902.3835818912025,21.15636239188752,12.27328029530498,4.853675010974905,0.33857010621392414,1.0254045749027216,0.28,1.0,0.4161422013083656,1.0,0.994227598637059,0.4161422013083656,69681.64162360138,288.15,0.8385412648334485,21.069973475749265,0.019623965839500896,3.3000000000000003,3.892154430987741
17050.0,10010.0,15.200000000000001,50.0,19.700000000000003,181.0,20.0,2123.0,29.900000000000002,14.350000000000001,89.80000000000001,1109.0,41.7,88.7,2823.0054696419725,21.085924674663495,12.319467081934382,4.68757240711003,0.32698355043798566,1.0254045749027216,0.25,1.0,0.390167251662734,1.0,0.994227598637059,0.390167251662734,69681.64162360138,288.15,0.8385412648334485,20.859987552255035,0.019629103556943146,2.8000000000000003,3.7857067948992786
17100.0,9990.0,15.0,50.0,19.5,180.0,19.900000000000002,2078.0,30.1,14.3,90.4,1105.0,39.400000000000006,87.80000000000001,2754.0135172196465,21.02374676995704,12.357195170600457,4.545606303320608,0.31708064619942855,1.0254045749027216,0.27,1.0,0.3679311634690479,1.0,0.994227598637059,0.3679311634690479,69681.64162360138,288.15,0.8385412648334485,20.679999617831406,0.01963448751812468,2.3000000000000003,3.6931872068618903
17150.0,10000.0,15.5,49.5,20.0,179.0,20.3,2032.0,30.0,14.450000000000001,90.5,1104.0,39.2,88.30000000000001,2694.195649312996,20.969126976810276,12.388133025502444,4.424244911298098,0.30861503214524877,1.0254045749027216,0.21,1.0,0.34890030596845417,1.0,0.994227598637059,0.34890030596845417,69681.64162360138,288.15,0.8385412648334485,20.525724245468297,0.01964007909035498,2.2,3.612970249641714
17200.0,10000.0,14.600000000000001,51.0,20.1,179.0,19.900000000000002,1987.0,29.700000000000003,14.4,91.4,1108.0,38.6,87.80000000000001,2642.4316699548403,20.921336948700848,12.41358803267702,4.320474156262238,0.30137646024355613,1.0254045749027214,0.19,1.0,0.33261714075903076,0.9999999999999997,0.994227598637059,0.33261714075903076,69681.64162360138,288.15,0.8385412648334485,20.393488212014205,0.019645846070725205,3.2,3.54355371804284
17250.0,10000.0,15.600000000000001,50.5,19.3,179.0,19.900000000000002,1962.0,30.0,14.55,89.4,1107.0,38.2,88.0,2597.7050668620914,20.879659164362508,12.434590753309323,4.231723569709254,0.29518562640160173,1.0254045749027216,0.22,1.0,0.3186894524652075,1.0,0.994227598637059,0.3186894524652075,69681.64162360138,288.15,0.8385412648334485,20.280143040482123,0.019651761528634636,2.3000000000000003,3.483574448763402
17300.0,10000.0,15.200000000000001,50.0,20.200000000000003,181.0,20.200000000000003,1935.0,29.6,14.3,89.9,1108.0,37.2,87.5,2559.1052726209855,20.843410114283515,12.451958451577243,4.155801569129535,0.28988965587573706,1.0254045749027219,0.18,1.0,0.30678104549466806,0.9999999999999997,0.9942275986370589,0.30678104549466806,69681.64162360138,288.15,0.8385412648334485,20.18299003631177,0.019657802875563863,2.1,3.431811352690194
17350.0,10000.0,14.600000000000001,49.5,19.8,179.0,20.1,1914.0,29.8,14.3,90.30000000000001,1106.0,36.5,88.60000000000001,2525.8242905355937,20.811953613041382,12.466343168289637,4.090839560797789,0.28535820413844176,1.0254045749027219,0.24,1.0,0.29660374496325403,0.9999999999999997,0.9942275986370589,0.29660374496325403,69681.64162360138,288.15,0.8385412648334485,20.09971603273718,0.01966395111382005,2.7,3.3871808900940423
17400.0,10010.0,14.4,50.5,20.200000000000003,181.0,20.1,1891.0,29.900000000000002,14.350000000000001,89.80000000000001,1110.0,35.800000000000004,87.7,2497.1501891366834,20.78470738895642,12.478268244066282,4.035244006253922,0.28148011325588834,1.0254045749027216,0.27,1.0,0.2879105330578375,1.0,0.994227598637059,0.2879105330578375,69681.64162360138,288.15,0.8385412648334485,20.028338315387533,0.01967019022684174,2.3000000000000003,3.3487283466360753
17450.0,10000.0,14.700000000000001,50.0,19.700000000000003,180.0,20.200000000000003,1870.0,30.200000000000003,14.4,90.60000000000001,1108.0,37.1,88.5,2472.45905360987,20.76114519046639,12.488156187161048,3.987655502483691,0.2781605575090332,1.0254045749027216,0.21,1.0,0.2804896649460432,1.0,0.994227598637059,0.2804896649460432,69681.64162360138,288.15,0.8385412648334485,19.96715741480212,0.019676506681991453,2.3000000000000003,3.315617040071908
17500.0,10000.0,15.4,51.0,20.6,181.0,19.700000000000003,1860.0,29.6,14.25,90.10000000000001,1110.0,36.0,88.2,2451.206385299567,20.740795989378285,12.49635003643931,3.946913944362451,0.27531861328548324,1.0254045749027219,0.22,1.0,0.2741596263098982,0.9999999999999997,0.9942275986370589,0.2741596263098982,69681.64162360138,288.15,0.8385412648334485,19.914716642871767,0.019682889023173666,2.2,3.2871167868144253
17550.0,10000.0,14.600000000000001,49.0,20.3,179.0,20.200000000000003,1850.0,29.8,14.4,89.60000000000001,1104.0,35.5,87.7,2432.9185518855948,20.723241386112267,12.503129819828256,3.912028909855242,0.27288519328688926,1.0254045749027216,0.18,1.0,0.26876481266955826,1.0,0.994227598637059,0.26876481266955826,69681.64162360138,288.15,0.8385412648334485,19.869767409788608,0.019689327535544365,2.9000000000000004,3.2625924364496206
17600.0,9980.0,15.100000000000001,49.5,20.400000000000002,180.0,20.1,1831.0,29.8,14.4,91.0,1110.0,34.9,88.10000000000001,2417.184639046271,20.708111981015406,12.508725301567607,3.882154502046907,0.2708012916243603,1.0254045749027216,0.27,1.0,0.26417182722371835,1.0,0.994227598637059,0.26417182722371835,69681.64162360138,288.15,0.8385412648334485,19.831239495717327,0.019695813968376077,2.4000000000000004,3.2414929446538308
17650.0,10020.0,14.8,50.0,20.200000000000003,180.0,19.8,1822.0,30.3,14.4,90.9,1114.0,35.0,87.7,2403.6488924779624,20.69508323210163,12.513325910158068,3.8565679799283563,0.26901649320012816,1.0254045749027214,0.24,1.0,0.26026630853945404,0.9999999999999997,0.994227598637059,0.26026630853945404,69681.64162360138,288.15,0.8385412648334485,19.798215569370516,0.01970234130507625,2.6,3.2233412377907973
17700.0,9990.0,14.700000000000001,50.0,19.900000000000002,180.0,20.200000000000003,1820.0,30.400000000000002,14.200000000000001,90.10000000000001,1111.0,34.300000000000004,87.5,2392.0038362363134,20.68387114636986,12.517088515341499,3.8346516030359252,0.2674877072728635,1.0254045749027219,0.17,1.0,0.25695021209617086,0.9999999999999997,0.9942275986370589,0.25695021209617086,69681.64162360138,288.15,0.8385412648334485,19.769909346787532,0.0197089035716291,2.4000000000000004,3.207724984469621
17750.0,10020.0,15.600000000000001,49.5,20.200000000000003,180.0,20.1,1811.0,30.1,14.450000000000001,90.60000000000001,1107.0,34.9,88.30000000000001,2381.9840892281045,20.674228029623006,12.520143556375848,3.8158771994262013,0.2661780909903818,1.0254045749027216,0.2,1.0,0.25413948059797753,1.0,0.994227598637059,0.25413948059797753,69681.64162360138,288.15,0.8385412648334485,19.745646870287835,0.019715495676499852,2.7,3.194288303336673
17800.0,10000.0,15.100000000000001,50.0,19.200000000000003,180.0,19.900000000000002,1799.0,30.400000000000002,14.350000000000001,89.9,1108.0,34.6,88.30000000000001,2373.3608629361897,20.66593843421273,12.52259990028066,3.7997930406706644,0.26505613384947097,1.0254045749027216,0.17,1.0,0.25176204732740803,1.0,0.994227598637059,0.25176204732740803,69681.64162360138,288.15,0.8385412648334485,19.72485046185952,0.019722113276419363,2.4000000000000004,3.1827243844146893
17850.0,10010.0,14.4,50.0,19.8,180.0,19.900000000000002,1799.0,30.6,14.3,90.10000000000001,1115.0,34.300000000000004,88.7,2365.9371012559004,20.65881538500957,12.524548716572681,3.7860126716166236,0.2640948785112491,1.0254045749027216,0.19,1.0,0.24975612482790951,1.0,0.994227598637059,0.24975612482790951,69681.64162360138,288.15,0.8385412648334485,19.70702496892097,0.019728752663551872,2.8000000000000003,3.1727689715261875
17900.0,10010.0,15.100000000000001,50.0,19.8,180.0,20.200000000000003,1794.0,29.900000000000002,14.3,90.5,1113.0,34.1,87.5,2359.5432117997952,20.652696923620912,12.5260665861328,3.7742053973336227,0.26327125721417965,1.0254045749027216,0.2,1.0,0.24806873806144394,1.0,0.994227598637059,0.24806873806144394,69681.64162360138,288.15,0.8385412648334485,19.691745974973635,0.019735410670400463,2.7,3.164194637887762
17950.0,10010.0,14.600000000000001,50.0,19.6,180.0,20.3,1785.0,29.5,14.3,90.10000000000001,1112.0,34.4,88.4,2354.033333307955,20.647442983998975,12.527218010235368,3.764088175989489,0.26256552625828994,1.0254045749027216,0.14,1.0,0.24665446705605318,1.0,0.994227598637059,0.24665446705605318,69681.64162360138,288.15,0.8385412648334485,19.67864969444735,0.01974208458948321,2.7,3.1568057806326344
18000.0,10000.0,15.200000000000001,49.5,20.0,180.0,20.200000000000003,1781.0,30.0,14.25,90.2,1113.0,34.7,87.5,2349.2820833149262,20.64293259515458,12.528057446985358,3.755418705484024,0.2619607837604473,1.0254045749027219,0.22,1.0,0.24547436907974887,0.9999999999999997,0.9942275986370589,0.24547436907974887,69681.64162360138,288.15,0.8385412648334485,19.667424311139108,0.019748772105350396,2.7,3.1504342593669827
18050.0,9980.0,15.200000000000001,50.5,19.900000000000002,179.0,20.200000000000003,1780.0,29.900000000000002,14.350000000000001,90.30000000000001,1109.0,33.9,87.80000000000001,2345.1817322797197,20.639061395881413,12.52863097317016,3.747989524567123,0.2614425581754153,1.0254045749027219,0.22,1.0,0.24449505467422555,0.9999999999999997,0.9942275986370589,0.24449505467422555,69681.64162360138,288.15,0.8385412648334485,19.657802554017756,0.01975547123694624,2.9000000000000004,3.14493560662175
18100.0,9980.0,15.100000000000001,49.5,20.400000000000002,179.0,19.900000000000002,1780.0,30.0,14.350000000000001,90.2,1111.0,33.7,88.10000000000001,2341.6397538723168,20.635739440159057,12.528977647410589,3.741622976834308,0.26099845700728164,1.0254045749027219,0.19,1.0,0.2436878955600893,0.9999999999999997,0.9942275986370589,0.2436878955600893,69681.64162360138,288.15,0.8385412648334485,19.649555333628026,0.019762180288665398,2.6,3.1401857427378546
18150.0,9990.0,14.5,50.0,20.5,180.0,20.0,1777.0,30.5,14.25,89.4,1113.0,33.5,88.4,2338.576705310056,20.63288926878472,12.529130633694013,3.7361669092582948,0.2606178667587495,1.0254045749027219,0.21,1.0,0.2430283455740983,0.9999999999999997,0.9942275986370589,0.2430283455740983,69681.64162360138,288.15,0.8385412648334485,19.642486287579686,0.019768897808736318,2.6,3.1360781333548915
18200.0,10010.0,15.0,49.5,19.900000000000002,179.0,20.1,1782.0,30.400000000000002,14.350000000000001,90.4,1111.0,33.9,88.0,2335.9243960908466,20.63044422174577,12.529118131555823,3.7314909964916287,0.2602916965313491,1.0254045749027214,0.18,1.0,0.2424953584952047,0.9999999999999997,0.994227598637059,0.2424953584952047,69681.64162360138,288.15,0.8385412648334485,19.636427105252537,0.019775622553792945,2.4000000000000004,3.1325213336457476
18250.0,9990.0,14.700000000000001,50.5,20.400000000000002,179.0,20.1,1775.0,30.0,14.450000000000001,90.30000000000001,1114.0,34.7,87.4,2333.6243078924053,20.628346966158574,12.52896414935478,3.7274835986643806,0.26001215883981743,1.0254045749027216,0.16,1.0,0.24207088892531847,1.0,0.994227598637059,0.24207088892531847,69681.64162360138,288.15,0.8385412648334485,19.631233520400695,0.01978235345868336,2.2,3.1294368693698735
18300.0,10000.0,14.3,50.0,19.8,181.0,20.1,1773.0,30.200000000000003,14.4,89.4,1111.0,33.300000000000004,87.2,2331.6262326271076,20.626548215749825,12.528689149524181,3.724049074306016,0.2597725821738527,1.0254045749027214,0.16,1.0,0.24173946436861846,0.9999999999999997,0.994227598637059,0.24173946436861846,69681.64162360138,288.15,0.8385412648334485,19.626781876241974,0.01978908961071805,2.4000000000000004,3.1267574104776044
18350.0,9990.0,14.9,49.5,20.1,180.0,20.1,1775.0,29.5,14.3,89.60000000000001,1111.0,34.0,88.4,2329.8870995667226,20.625005619492285,12.528310588826013,3.7211054817628586,0.25956725065953956,1.0254045749027216,0.21,1.0,0.24148781834765787,1.0,0.994227598637059,0.24148781834765787,69681.64162360138,288.15,0.8385412648334485,19.622966181248785,0.019795830227687966,2.1,3.1244251982609668
18400.0,10010.0,15.200000000000001,49.5,20.3,180.0,19.700000000000003,1776.0,30.1,14.3,89.80000000000001,1111.0,34.2,87.7,2328.3699660349907,20.623682798884907,12.52784337207661,3.718582612411886,0.2593912668653648,1.0254045749027219,0.19,1.0,0.2413045758462767,0.9999999999999997,0.9942275986370589,0.2413045758462767,69681.64162360138,288.15,0.8385412648334485,19.619695585540335,0.019802574639088025,2.4000000000000004,3.1223906918522433
18450.0,9990.0,14.700000000000001,49.0,20.200000000000003,179.0,20.0,1775.0,30.200000000000003,14.25,89.80000000000001,1117.0,34.6,88.2,2327.0431493959586,20.622548515328056,12.527300234244391,3.7164203073796043,0.2592404343842466,1.0254045749027216,0.2,1.0,0.24117998361330995,1.0,0.994227598637059,0.24117998361330995,69681.64162360138,288.15,0.8385412648334485,19.616892217790237,0.019809322270068846,2.1,3.1206114042029687
18500.0,10010.0,15.0,50.5,19.700000000000003,180.0,20.0,1773.0,30.1,14.3,89.0,1117.0,34.9,87.9,2325.8794809481233,20.62157595098157,12.52669206300908,3.7145670166035702,0.25911115732027584,1.0254045749027216,0.15,1.0,0.2411056789270898,1.0,0.994227598637059,0.2411056789270898,69681.64162360138,288.15,0.8385412648334485,19.614489331147297,0.019816072627713708,2.1,3.119050901541052
18550.0,10010.0,15.4,49.5,20.0,180.0,20.200000000000003,1770.0,29.5,14.4,90.4,1113.0,34.1,87.4,2324.855664887137,20.620742088343363,12.526028171645079,3.7129785651259613,0.25900035423101386,1.0254045749027219,0.16,1.0,0.24107449133437142,0.9999999999999997,0.9942275986370589,0.24107449133437142,69681.64162360138,288.15,0.8385412648334485,19.612429714024774,0.01982282528929866,2.6,3.117677943726949
18600.0,10000.0,15.200000000000001,51.0,19.6,180.0,20.0,1769.0,30.200000000000003,14.3,89.2,1113.0,34.1,88.10000000000001,2323.951727747258,20.620027175510664,12.525316530316536,3.711617096651895,0.2589053844349667,1.0254045749027216,0.2,1.0,0.24108027266035423,1.0,0.994227598637059,0.24108027266035423,69681.64162360138,288.15,0.8385412648334485,19.610664327919757,0.01982957989224543,2.4000000000000004,3.1164657459436276
18650.0,10000.0,14.9,49.5,20.1,180.0,20.3,1776.0,30.200000000000003,14.350000000000001,89.7,1110.0,33.9,87.7,2323.1505457011726,20.61941426566575,12.524563962447873,3.7104501687808256,0.25882398489907715,1.0254045749027216,0.19,1.0,0.24111775125762497,1.0,0.994227598637059,0.24111775125762497,69681.64162360138,288.15,0.8385412648334485,19.60915113982974,0.019836336125520104,2.4000000000000004,3.115391344796187
18700.0,10010.0,14.8,49.5,20.6,181.0,19.900000000000002,1770.0,30.0,14.350000000000001,90.0,1120.0,34.1,87.9,2322.43743881729,20.618888820757707,12.523776311685705,3.7094499780454613,0.2587542161809943,1.0254045749027216,0.14,1.0,0.24118240703716906,1.0,0.994227598637059,0.24118240703716906,69681.64162360138,288.15,0.8385412648334485,19.607854121466872,0.01984309372226777,2.2,3.1144350542027626
18750.0,10010.0,15.100000000000001,48.0,20.3,182.0,19.6,1776.0,29.200000000000003,14.4,89.7,1108.0,34.2,88.2,2321.7998228700117,20.6184383706315,12.522958584036125,3.7085926960681297,0.2586944161223863,1.0254045749027214,0.2,1.0,0.24127036431777873,0.9999999999999997,0.994227598637059,0.24127036431777873,69681.64162360138,288.15,0.8385412648334485,19.60674239144155,0.019849852453503746,2.5,3.113579998465143
18800.0,10000.0,14.4,50.5,20.700000000000003,181.0,19.6,1764.0,29.700000000000003,14.200000000000001,89.7,1115.0,33.5,88.0,2321.2269105978016,20.618052219993686,12.522115069001769,3.7078579008529364,0.25864316017849004,1.0254045749027216,0.2,1.0,0.2413782999529214,1.0,0.994227598637059,0.2413782999529214,69681.64162360138,288.15,0.8385412648334485,19.60578947999128,0.01985661212270882,2.2,3.1128117116498646
18850.0,10000.0,14.4,50.0,20.0,180.0,20.1,1771.0,29.900000000000002,14.350000000000001,90.30000000000001,1114.0,34.1,87.5,2320.709455429558,20.617721196608883,12.521249442920192,3.707228089543463,0.2585992274303227,1.0254045749027216,0.17,1.0,0.24150336455658594,1.0,0.994227598637059,0.24150336455658594,69681.64162360138,288.15,0.8385412648334485,19.60497269874819,0.0198633725611982,2.5,3.112117793920146
18900.0,9990.0,15.100000000000001,50.0,19.900000000000002,180.0,19.900000000000002,1763.0,30.1,14.350000000000001,90.2,1113.0,34.7,87.4,2320.239531673416,20.617437435004405,12.520364857191689,3.7066882609495613,0.2585615714636662,1.0254045749027214,0.16,1.0,0.24164311496031737,0.9999999999999997,0.994227598637059,0.24164311496031737,69681.64162360138,288.15,0.8385412648334485,19.604272600539826,0.019870133624152707,2.1,3.1114876167646845
18950.0,9980.0,15.5,50.5,20.200000000000003,179.0,20.400000000000002,1768.0,29.900000000000002,14.450000000000001,90.10000000000001,1120.0,34.1,87.30000000000001,2319.8103460030634,20.617194190733493,12.519464013660079,3.706225557833143,0.2585292954165644,1.0254045749027216,0.17,1.0,0.24179545630003377,1.0,0.994227598637059,0.24179545630003377,69681.64162360138,288.15,0.8385412648334485,19.60367251636123,0.01987689518721715,1.9000000000000001,3.1109120701970285
19000.0,10000.0,15.3,50.5,20.0,179.0,20.0,1773.0,30.1,14.350000000000001,89.2,1117.0,33.0,87.7,2319.41607580212,20.61698568092195,12.518549229056891,3.7058289603842467,0.25850163059761927,1.0254045749027216,0.26,1.0,0.2419585923595826,1.0,0.994227598637059,0.2419585923595826,69681.64162360138,288.15,0.8385412648334485,19.603158158493862,0.019883657143584338,1.9000000000000001,3.1103833459721595
19050.0,10000.0,15.0,50.0,20.400000000000002,180.0,20.0,1772.0,30.0,14.55,89.80000000000001,1115.0,33.5,87.2,2319.0517305523827,20.616806947410062,12.517622490125275,3.7054890235511397,0.2584779181633441,1.0254045749027216,0.22,1.0,0.2421309829937991,1.0,0.994227598637059,0.2421309829937991,69681.64162360138,288.15,0.8385412648334485,19.60271728032183,0.01989041940149553,2.0,3.1098947517053563
19100.0,9970.0,15.0,50.5,20.0,180.0,19.6,1771.0,30.200000000000003,14.200000000000001,90.30000000000001,1117.0,34.5,87.80000000000001,2318.7130329900524,20.616653739310348,12.51668550079295,3.7051976519424192,0.2584575934163659,1.0254045749027219,0.21,1.0,0.24231130762170286,0.9999999999999997,0.9942275986370589,0.24231130762170286,69681.64162360138,288.15,0.8385412648334485,19.602339384745804,0.019897181882097097,2.4000000000000004,3.1094405515003203
19150.0,10010.0,14.5,49.0,19.700000000000003,180.0,20.1,1770.0,30.3,14.4,89.10000000000001,1116.0,33.800000000000004,87.4,2318.396317217429,20.61652241224366,12.515739722557287,3.7049479069210394,0.25844017234919026,1.0254045749027214,0.2,1.0,0.24249843392436926,0.9999999999999997,0.994227598637059,0.24249843392436926,69681.64162360138,288.15,0.8385412648334485,19.602015474252067,0.01990394451760316,1.5,3.109015829314917
19200.0,10030.0,15.200000000000001,49.5,20.8,180.0,20.0,1767.0,30.5,14.350000000000001,89.7,1118.0,34.300000000000004,87.5,2318.098441355859,20.616409841897088,12.514786409070748,3.7047338412821436,0.2584252401120846,1.0254045749027219,0.22,1.0,0.24269139100545403,0.9999999999999997,0.9942275986370589,0.24269139100545403,69681.64162360138,288.15,0.8385412648334485,19.601737836686006,0.019910707249719845,3.0,3.108616371827034
19250.0,10000.0,15.0,50.0,20.5,180.0,19.900000000000002,1763.0,29.6,14.3,89.60000000000001,1120.0,34.300000000000004,87.0,2317.8167126682533,20.616313349877196,12.51382663576842,3.7045503575673107,0.2584124411297302,1.0254045749027216,0.16,1.0,0.24288934637810586,1.0,0.994227598637059,0.24288934637810586,69681.64162360138,288.15,0.8385412648334485,19.60149986162938,0.019917470028294172,2.7,3.108238568022381
19300.0,10010.0,15.0,50.0,20.400000000000002,179.0,20.1,1778.0,30.1,14.3,89.9,1115.0,33.6,87.80000000000001,2317.5488233736264,20.61623064011626,12.512861325254548,3.7043930866335555,0.25840147063075253,1.0254045749027216,0.22,1.0,0.24309158623275548,1.0,0.994227598637059,0.24309158623275548,69681.64162360138,288.15,0.8385412648334485,19.60129588300942,0.019924232810155477,2.2,3.107879323120501
19350.0,10000.0,14.700000000000001,50.0,19.8,179.0,20.400000000000002,1770.0,30.200000000000003,14.4,90.10000000000001,1115.0,34.2,87.30000000000001,2317.2927956288536,20.616159744334404,12.511891269059955,3.7042582835798683,0.25839206738803405,1.0254045749027219,0.2,1.0,0.2432974985180268,0.9999999999999997,0.9942275986370589,0.2432974985180268,69681.64162360138,288.15,0.8385412648334485,19.60112104419231,0.01993099555812179,2.4000000000000004,3.1075359847942057
19400.0,10000.0,14.600000000000001,50.0,19.900000000000002,178.0,20.1,1772.0,30.8,14.3,89.30000000000001,1113.0,34.2,87.5,2317.046934369754,20.616098975271637,12.510917146292517,3.704142738548924,0.2583840074966505,1.0254045749027214,0.16,1.0,0.2435065584337116,0.9999999999999997,0.994227598637059,0.2435065584337116,69681.64162360138,288.15,0.8385412648334485,19.60097118234907,0.019937758240147634,2.3000000000000003,3.1072062799285276
19450.0,9980.0,15.3,49.5,20.0,179.0,19.900000000000002,1767.0,30.0,14.350000000000001,90.4,1118.0,34.5,88.10000000000001,2316.8097868898394,20.616046886585362,12.509939539626883,3.7040437002769275,0.25837709904105893,1.0254045749027214,0.2,1.0,0.24371831599192395,0.9999999999999997,0.994227598637059,0.24371831599192395,69681.64162360138,288.15,0.8385412648334485,19.600842729340584,0.01994452082859324,2.3000000000000003,3.1068882604150128
19500.0,10010.0,15.3,50.5,19.400000000000002,179.0,19.900000000000002,1772.0,30.0,14.4,90.4,1119.0,34.6,86.9,2316.580108194882,20.616002238465402,12.508958949014977,3.7039588105689907,0.2583711775244004,1.0254045749027214,0.2,1.0,0.24393238535159,0.9999999999999997,0.994227598637059,0.24393238535159,69681.64162360138,288.15,0.8385412648334485,19.600732626761875,0.019951283299597767,2.2,3.106580256691501
19550.0,9980.0,14.9,50.5,20.200000000000003,182.0,20.0,1778.0,30.1,14.350000000000001,88.80000000000001,1119.0,34.0,87.10000000000001,2316.356831308535,20.61596396815269,12.507975803443381,3.703886048138142,0.25836610195096693,1.0254045749027219,0.22,1.0,0.2441484356734534,0.9999999999999997,0.9942275986370589,0.2441484356734534,69681.64162360138,288.15,0.8385412648334485,19.600638253122987,0.01995804563254178,2.6,3.106280837921372
19600.0,10010.0,14.9,50.0,20.0,181.0,20.3,1770.0,30.6,14.4,89.4,1119.0,34.800000000000004,88.4,2316.13904182189,20.615931164663376,12.506990471016914,3.7038236804695486,0.2583617514684702,1.0254045749027216,0.22,1.0,0.2443661832788254,1.0,0.994227598637059,0.2443661832788254,69681.64162360138,288.15,0.8385412648334485,19.60055736143251,0.019964807809586087,2.3000000000000003,3.1059887778639905
19650.0,10000.0,15.200000000000001,51.0,20.200000000000003,180.0,20.0,1767.0,30.0,14.350000000000001,90.60000000000001,1116.0,34.2,86.9,2315.9259560807495,20.615903047119303,12.50600326760754,3.703770222562879,0.2583580224900985,1.0254045749027216,0.21,1.0,0.24458538492620557,1.0,0.994227598637059,0.24458538492620557,69681.64162360138,288.15,0.8385412648334485,19.600488025697814,0.019971569815276303,2.7,3.105703025623407
19700.0,10020.0,15.100000000000001,50.5,19.900000000000002,180.0,20.1,1769.0,30.0,14.350000000000001,89.30000000000001,1116.0,34.800000000000004,88.7,2315.716902490845,20.615878946170692,12.505014464272993,3.703724401569802,0.2583548262277905,1.0254045749027216,0.15,1.0,0.2448058320464164,1.0,0.994227598637059,0.2448058320464164,69681.64162360138,288.15,0.8385412648334485,19.600428595068077,0.019978331636203762,2.0,3.1054226805782728
19750.0,9990.0,15.0,50.5,20.200000000000003,180.0,20.1,1766.0,29.900000000000002,14.350000000000001,88.60000000000001,1114.0,33.800000000000004,87.7,2315.5113054955123,20.615858288070342,12.504024293620756,3.7036851264841495,0.25835208657796,1.0254045749027216,0.19,1.0,0.24502734579959734,1.0,0.994227598637059,0.24502734579959734,69681.64162360138,288.15,0.8385412648334485,19.6003776545283,0.019985093260714504,2.5,3.1051469708955923
19800.0,9980.0,14.600000000000001,50.5,18.900000000000002,181.0,19.6,1772.0,29.700000000000003,14.4,91.4,1112.0,34.5,86.4,2315.308671843907,20.615840581021093,12.503032955267516,3.703651462162687,0.2583497383093043,1.0254045749027216,0.2,1.0,0.2452497728368848,1.0,0.994227598637059,0.2452497728368848,69681.64162360138,288.15,0.8385412648334485,19.600333991208494,0.019991854678659732,2.3000000000000003,3.1048752351161166
19850.0,10000.0,14.700000000000001,50.5,19.400000000000002,181.0,19.900000000000002,1763.0,30.5,14.350000000000001,90.60000000000001,1120.0,33.9,87.30000000000001,2315.108578822387,20.615825403472368,12.502040620522882,3.70362260705768,0.25834772550952995,1.0254045749027216,0.19,1.0,0.24547298166632436,1.0,0.994227598637059,0.24547298166632436,69681.64162360138,288.15,0.8385412648334485,19.6002965655058,0.01999861588118181,2.7,3.1046069063723976
19900.0,10010.0,15.100000000000001,50.0,20.0,181.0,20.0,1767.0,29.8,14.3,88.60000000000001,1116.0,34.800000000000004,87.2,2314.910664168457,20.61581239408762,12.501047436407704,3.703597874130864,0.25834600025399884,1.0254045749027219,0.21,1.0,0.24569685953687062,0.9999999999999997,0.9942275986370589,0.24569685953687062,69681.64162360138,288.15,0.8385412648334485,19.600264486332065,0.020005376860530742,1.7000000000000002,3.1043414988631843
19950.0,10010.0,15.0,50.0,20.1,180.0,19.6,1772.0,30.1,14.3,88.9,1114.0,34.300000000000004,88.10000000000001,2314.7146174267928,20.61580124314434,12.500053529101729,3.7035766744942467,0.25834452146458564,1.0254045749027219,0.19,1.0,0.24592130976661658,0.9999999999999997,0.9942275986370589,0.24592130976661658,69681.64162360138,288.15,0.8385412648334485,19.600236989897432,0.020012137609906607,2.0,3.1040785962616777
20000.0,10000.0,15.0,50.5,20.200000000000003,178.0,20.1,1764.0,29.6,14.3,89.7,1114.0,34.5,87.7,2314.5201725411653,20.615791685162048,12.49905900690164,3.703558503388122,0.25834325393156854,1.0254045749027219,0.19,1.0,0.24614624945191432,0.9999999999999997,0.9942275986370589,0.24614624945191432,69681.64162360138,288.15,0.8385412648334485,19.60021342152489,0.02001889812332452,2.1,3.1038178417811535
20050.0,9990.0,15.3,49.0,20.400000000000002,180.0,20.0,1761.0,30.0,14.4,88.60000000000001,1119.0,34.300000000000004,86.9,2314.327101505597,20.61578349258308,12.498063962759064,3.7035429281623626,0.25834216747525907,1.0254045749027216,0.21,1.0,0.2463716075030942,1.0,0.994227598637059,0.2463716075030942,69681.64162360138,288.15,0.8385412648334485,19.600193220062714,0.020025658395498868,1.8,3.1035589296610357
20100.0,10000.0,15.5,50.5,20.200000000000003,180.0,19.900000000000002,1767.0,30.200000000000003,14.3,89.9,1123.0,34.300000000000004,86.60000000000001,2314.1352089233296,20.615776470355854,12.49706847645835,3.7035295779747806,0.2583412362274072,1.0254045749027214,0.15,1.0,0.24659732296022355,0.9999999999999997,0.994227598637059,0.24659732296022355,69681.64162360138,288.15,0.8385412648334485,19.600175904523702,0.020032418421743733,2.5,3.1033015978703635
20150.0,10000.0,15.3,49.5,20.3,180.0,19.900000000000002,1767.0,29.6,14.5,89.4,1120.0,34.1,86.7,2313.944327343781,20.61577045129169,12.496072616485112,3.703518134961206,0.2583404380152664,1.0254045749027214,0.18,1.0,0.24682334354896399,0.9999999999999997,0.994227598637059,0.24682334354896399,69681.64162360138,288.15,0.8385412648334485,19.600161062633124,0.020039178197887902,2.6,3.103045621854557
20200.0,9990.0,14.700000000000001,50.0,20.200000000000003,181.0,20.1,1771.0,30.200000000000003,14.25,88.80000000000001,1116.0,33.800000000000004,87.60000000000001,2313.7543132662863,20.615765292084834,12.495076441629571,3.703508326667053,0.25833975383365443,1.0254045749027219,0.19,1.0,0.24704962444232662,0.9999999999999997,0.9942275986370589,0.24704962444232662,69681.64162360138,288.15,0.8385412648334485,19.600148341012627,0.02004593772020157,2.3000000000000003,3.1027908091763554
20250.0,9970.0,15.600000000000001,49.5,20.8,179.0,19.8,1759.0,30.1,14.25,88.80000000000001,1115.0,34.6,87.60000000000001,2313.565043715277,20.615760869900914,12.494080002362379,3.7034999195601297,0.2583391673924367,1.0254045749027219,0.24,1.0,0.24727612719894404,0.9999999999999997,0.9942275986370589,0.24727612719894404,69681.64162360138,288.15,0.8385412648334485,19.600137436766488,0.020052696985333726,2.1,3.1025369949230615
20300.0,10000.0,14.600000000000001,50.0,19.8,180.0,20.200000000000003,1772.0,29.700000000000003,14.4,89.4,1118.0,34.1,86.9,2313.376413305184,20.61575707945269,12.493083342015112,3.703492713470207,0.25833866472865613,1.0254045749027216,0.24,1.0,0.24750281885271294,1.0,0.994227598637059,0.24750281885271294,69681.64162360138,288.15,0.8385412648334485,19.600128090269795,0.020059455990258327,2.4000000000000004,3.1022840377705183
20350.0,10000.0,14.9,51.0,20.5,179.0,19.900000000000002,1767.0,30.0,14.3,89.7,1122.0,33.9,86.60000000000001,2313.1883317250567,20.615753830493492,12.49208649779329,3.703486536822969,0.2583382338740755,1.0254045749027216,0.17,1.0,0.2477296711322163,1.0,0.994227598637059,0.2477296711322163,69681.64162360138,288.15,0.8385412648334485,19.60012007898692,0.020066214732228096,2.2,3.1020318166099354
20400.0,10020.0,15.3,50.5,19.900000000000002,180.0,19.700000000000003,1771.0,30.1,14.450000000000001,89.30000000000001,1118.0,34.4,87.60000000000001,2313.000721582872,20.615751045668702,12.491089501645629,3.7034812425548407,0.2583378645702143,1.0254045749027216,0.14,1.0,0.24795665979142967,1.0,0.994227598637059,0.24795665979142967,69681.64162360138,288.15,0.8385412648334485,19.60011321217302,0.020072973208735096,2.5,3.101780227657063
20450.0,10000.0,14.700000000000001,49.0,19.900000000000002,181.0,20.3,1770.0,30.6,14.350000000000001,89.9,1118.0,34.2,86.80000000000001,2312.813516558095,20.615748658674093,12.49009238100989,3.7034767046114148,0.25833754802409525,1.0254045749027219,0.12,1.0,0.24818376403584877,0.9999999999999997,0.9942275986370589,0.24818376403584877,69681.64162360138,288.15,0.8385412648334485,19.60010732633254,0.02007973141747665,2.6,3.1015291819747373
20500.0,9990.0,14.8,49.5,19.900000000000002,181.0,20.400000000000002,1762.0,29.900000000000002,14.25,89.9,1120.0,34.2,87.2,2312.6266598184384,20.6157466126773,12.48909515945297,3.703472814946124,0.25833727669888545,1.0254045749027214,0.17,1.0,0.2484109660304223,0.9999999999999997,0.994227598637059,0.2484109660304223,69681.64162360138,288.15,0.8385412648334485,19.60010228132641,0.020086489356326266,2.7,3.1012786033497224
20550.0,10010.0,15.200000000000001,48.5,20.0,182.0,20.3,1761.0,29.900000000000002,14.25,90.4,1120.0,34.1,87.10000000000001,2312.4401026630094,20.615744858964725,12.488097857220117,3.703469480947673,0.2583370441344457,1.0254045749027216,0.11,1.0,0.24863825047764346,1.0,0.994227598637059,0.24863825047764346,69681.64162360138,288.15,0.8385412648334485,19.600097957035445,0.020093247023308634,2.0,3.1010284264731487
20600.0,10000.0,15.3,49.0,19.8,181.0,19.700000000000003,1769.0,30.0,14.450000000000001,89.2,1119.0,34.7,86.5,2312.2538033594965,20.61574335578175,12.487100491706205,3.703466623234986,0.25833684479351626,1.0254045749027216,0.18,1.0,0.2488656042557855,1.0,0.994227598637059,0.2488656042557855,69681.64162360138,288.15,0.8385412648334485,19.60009425050033,0.02010000441657823,2.2,3.100778595381152
20650.0,10000.0,15.3,50.5,19.700000000000003,180.0,20.3,1765.0,30.0,14.3,89.30000000000001,1115.0,34.9,86.7,2312.067726147644,20.615742067338648,12.486103077860216,3.703464173767169,0.2583366739298764,1.0254045749027216,0.22,1.0,0.24909301610871468,1.0,0.994227598637059,0.24909301610871468,69681.64162360138,288.15,0.8385412648334485,19.60009107347023,0.020106761534400937,2.2,3.1005290621185138
20700.0,9990.0,15.4,50.5,20.1,181.0,19.900000000000002,1768.0,29.8,14.4,88.9,1123.0,34.300000000000004,87.10000000000001,2311.881840385211,20.615740962958423,12.485105628532192,3.703462074223472,0.25833652747533814,1.0254045749027216,0.21,1.0,0.24932047637992488,1.0,0.994227598637059,0.24932047637992488,69681.64162360138,288.15,0.8385412648334485,19.600088350301576,0.020113518375138303,2.3000000000000003,3.1002797855933757
20750.0,10000.0,15.0,50.5,19.700000000000003,180.0,20.0,1772.0,30.0,14.450000000000001,89.2,1119.0,34.4,86.4,2311.6961198160893,20.615740016346496,12.484108154771107,3.703460274614695,0.25833640194288426,1.0254045749027219,0.15,1.0,0.24954797678448942,0.9999999999999997,0.9942275986370589,0.24954797678448942,69681.64162360138,288.15,0.8385412648334485,19.600086016157015,0.020120274937233926,2.2,3.1000307305957726
20800.0,10010.0,15.0,50.0,20.5,181.0,20.3,1765.0,29.900000000000002,14.450000000000001,89.4,1119.0,34.7,87.60000000000001,2311.510541943063,20.615739204964633,12.483110666080405,3.7034587320929675,0.25833629434364364,1.0254045749027214,0.17,1.0,0.24977551021352126,0.9999999999999997,0.994227598637059,0.24977551021352126,69681.64162360138,288.15,0.8385412648334485,19.600084015461675,0.020127031219201987,2.4000000000000004,3.0997818669564867
20850.0,10010.0,14.700000000000001,50.0,19.6,179.0,19.900000000000002,1770.0,29.900000000000002,14.3,89.30000000000001,1117.0,34.6,87.60000000000001,2311.325087490264,20.615738509494296,12.48211317063723,3.7034574099315445,0.2583362021157272,1.0254045749027219,0.18,1.0,0.2500030705665165,0.9999999999999997,0.9942275986370589,0.2500030705665165,69681.64162360138,288.15,0.8385412648334485,19.600082300579956,0.020133787219617165,2.3000000000000003,3.099533168826194
20900.0,10000.0,14.4,50.5,21.200000000000003,180.0,20.0,1771.0,30.5,14.4,88.0,1121.0,35.4,87.4,2311.139739942512,20.615737913376748,12.48111567548066,3.703456276650367,0.25833612306323034,1.0254045749027216,0.15,1.0,0.25023065260759236,1.0,0.994227598637059,0.25023065260759236,69681.64162360138,288.15,0.8385412648334485,19.600080830681343,0.020140542937106227,2.4000000000000004,3.0992846140577077
20950.0,9980.0,15.4,49.5,20.0,179.0,19.900000000000002,1774.0,30.0,14.3,88.60000000000001,1115.0,34.0,87.10000000000001,2310.9544851505116,20.615737402418752,12.480118186673124,3.703455305266531,0.25833605530394943,1.0254045749027214,0.21,1.0,0.2504582518422281,0.9999999999999997,0.994227598637059,0.2504582518422281,69681.64162360138,288.15,0.8385412648334485,19.600079570768244,0.020147298370340627,2.2,3.099036183676539
21000.0,10020.0,14.8,50.0,19.6,181.0,20.400000000000002,1761.0,29.900000000000002,14.4,88.4,1121.0,34.9,87.10000000000001,2310.7693109925353,20.615736964454694,12.47912070943904,3.703454472651839,0.25833599722456746,1.0254045749027214,0.2,1.0,0.25068586441157237,0.9999999999999997,0.994227598637059,0.25068586441157237,69681.64162360138,288.15,0.8385412648334485,19.60007849084273,0.020154053518030277,2.8000000000000003,3.09878786142721
21050.0,10020.0,15.0,49.5,19.6,181.0,19.700000000000003,1767.0,30.0,14.3,89.4,1126.0,34.5,86.80000000000001,2310.584207084451,20.615736589056883,12.47812324828363,3.7034537589821186,0.25833594744224125,1.0254045749027219,0.22,1.0,0.2509134870018235,0.9999999999999997,0.9942275986370589,0.2509134870018235,69681.64162360138,288.15,0.8385412648334485,19.600077565192286,0.020160808378918132,2.4000000000000004,3.0985396333843904
21100.0,10020.0,15.100000000000001,50.0,19.3,179.0,19.6,1770.0,29.6,14.4,89.2,1120.0,34.2,87.30000000000001,2310.3991645312494,20.615736267287296,12.47712580709501,3.703453147265229,0.2583359047716768,1.0254045749027216,0.16,1.0,0.25114111676652384,1.0,0.994227598637059,0.25114111676652384,69681.64162360138,288.15,0.8385412648334485,19.600076771777623,0.02016756295177558,2.1,3.0982914876196963
21150.0,10010.0,15.100000000000001,50.0,20.3,180.0,20.1,1765.0,30.6,14.3,90.2,1120.0,34.800000000000004,87.30000000000001,2310.214175714083,20.615735991484772,12.476128389231722,3.703452622936475,0.25833586819690785,1.0254045749027216,0.22,1.0,0.25136875125993735,1.0,0.994227598637059,0.25136875125993735,69681.64162360138,288.15,0.8385412648334485,19.600076091707912,0.020174317235398455,2.1,3.0980434139160997
21200.0,10010.0,15.600000000000001,50.0,20.0,180.0,19.900000000000002,1775.0,29.700000000000003,14.25,90.2,1122.0,35.300000000000004,86.7,2310.02923410777,20.615735755082582,12.475130997597864,3.703452173511835,0.25833583684710637,1.0254045749027216,0.19,1.0,0.2515963883799207,1.0,0.994227598637059,0.2515963883799207,69681.64162360138,288.15,0.8385412648334485,19.60007550879102,0.020181071228603676,2.1,3.097795403523202
21250.0,10000.0,14.5,50.5,20.1,180.0,19.900000000000002,1765.0,30.200000000000003,14.25,89.5,1126.0,35.1,86.2,2309.8443341243938,20.615735552452122,12.474133634707576,3.7034517882907205,0.2583358099758483,1.0254045749027216,0.17,1.0,0.2518240263189433,1.0,0.994227598637059,0.2518240263189433,69681.64162360138,288.15,0.8385412648334485,19.600075009147965,0.020187824930226313,2.4000000000000004,3.097547448947495
21300.0,10000.0,14.600000000000001,50.0,20.0,182.0,19.900000000000002,1773.0,29.6,14.25,89.60000000000001,1123.0,34.2,87.0,2309.6594709792635,20.615735378768868,12.473136302740345,3.7034514581011986,0.25833578694334175,1.0254045749027214,0.14,1.0,0.25205166352208647,0.9999999999999997,0.994227598637059,0.25205166352208647,69681.64162360138,288.15,0.8385412648334485,19.60007458088249,0.02019457833911715,2.3000000000000003,3.0972995437726123
21350.0,10010.0,14.9,50.0,19.5,179.0,20.400000000000002,1769.0,29.700000000000003,14.3,88.2,1118.0,35.0,86.9,2309.474640576046,20.615735229897485,12.472139003588472,3.7034511750816086,0.25833576720119333,1.0254045749027216,0.24,1.0,0.25227929865103554,1.0,0.994227598637059,0.25227929865103554,69681.64162360138,288.15,0.8385412648334485,19.600074213797797,0.02020133145414038,2.3000000000000003,3.0970516825052896
21400.0,10000.0,15.200000000000001,48.5,20.1,180.0,20.3,1772.0,29.700000000000003,14.4,89.0,1118.0,34.7,86.80000000000001,2309.289839408336,20.61573510229345,12.471141738897863,3.7034509324933924,0.25833575027935207,1.0254045749027216,0.23,1.0,0.252506930553196,1.0,0.994227598637059,0.252506930553196,69681.64162360138,288.15,0.8385412648334485,19.600073899153777,0.02020808427417195,2.4000000000000004,3.0968038604433668
21450.0,10000.0,15.3,50.5,20.3,181.0,20.1,1769.0,30.400000000000002,14.350000000000001,89.2,1125.0,35.2,86.9,2309.1050644752736,20.615734992918554,12.470144510102898,3.7034507245606374,0.2583357357749168,1.0254045749027216,0.17,1.0,0.2527345582352248,1.0,0.994227598637059,0.2527345582352248,69681.64162360138,288.15,0.8385412648334485,19.6000736294589,0.02021483679809781,2.7,3.0965560735626316
21500.0,10010.0,15.100000000000001,50.0,20.1,180.0,19.900000000000002,1769.0,30.1,14.3,89.7,1124.0,34.9,86.80000000000001,2308.92031320926,20.615734899168636,12.469147318456498,3.7034505463325607,0.2583357233425437,1.0254045749027219,0.21,1.0,0.2529621808403233,0.9999999999999997,0.9942275986370589,0.2529621808403233,69681.64162360138,288.15,0.8385412648334485,19.600073398291865,0.02022158902481274,2.3000000000000003,3.096308318419882
21550.0,9990.0,15.200000000000001,50.0,21.0,181.0,20.1,1769.0,30.0,14.25,88.10000000000001,1119.0,34.6,85.80000000000001,2308.7355834139953,20.615734818811564,12.468150165055858,3.703450393565639,0.2583357126862239,1.0254045749027216,0.17,1.0,0.25318979762878,1.0,0.994227598637059,0.25318979762878,69681.64162360138,288.15,0.8385412648334485,19.60007320014869,0.020228340953219043,2.2,3.0960605920698363
21600.0,10000.0,14.8,50.0,20.700000000000003,181.0,19.900000000000002,1768.0,30.0,14.3,88.7,1124.0,34.5,86.30000000000001,2308.550873211372,20.615734749934074,12.467153050864495,3.703450262622565,0.2583357035522357,1.0254045749027216,0.18,1.0,0.253417407961275,1.0,0.994227598637059,0.253417407961275,69681.64162360138,288.15,0.8385412648334485,19.600073030311684,0.02023509258222566,2.3000000000000003,3.0958128919939143
21650.0,9980.0,15.0,50.5,20.200000000000003,182.0,20.3,1774.0,30.8,14.4,89.2,1124.0,34.4,86.9,2308.366180995974,20.615734690896222,12.466155976731228,3.703450150385644,0.2583356957231029,1.0254045749027219,0.17,1.0,0.2536450112845734,0.9999999999999997,0.9942275986370589,0.2536450112845734,69681.64162360138,288.15,0.8385412648334485,19.600072884737106,0.020241843910747164,2.4000000000000004,3.0955652160392213
21700.0,9990.0,14.8,50.0,19.900000000000002,178.0,19.700000000000003,1764.0,29.700000000000003,14.350000000000001,89.2,1124.0,34.9,87.4,2308.181505396081,20.615734640292352,12.465158943406463,3.7034500541825697,0.25833568901241766,1.0254045749027216,0.2,1.0,0.2538726071192512,1.0,0.994227598637059,0.2538726071192512,69681.64162360138,288.15,0.8385412648334485,19.6000727599589,0.0202485949377032,2.4000000000000004,3.0953175623662523
21750.0,10010.0,15.3,50.0,20.5,178.0,19.900000000000002,1767.0,30.3,14.450000000000001,88.2,1125.0,34.300000000000004,86.30000000000001,2307.996845240238,20.615734596917605,12.464161951556095,3.703449971722792,0.25833568326040174,1.0254045749027216,0.18,1.0,0.2541001950491804,1.0,0.994227598637059,0.2541001950491804,69681.64162360138,288.15,0.8385412648334485,19.600072653006148,0.020255345662017792,2.2,3.095069929404064
21800.0,9980.0,15.200000000000001,50.5,20.400000000000002,180.0,20.0,1768.0,30.5,14.15,88.5,1121.0,34.300000000000004,86.7,2307.812199528623,20.61573455973924,12.463165001773538,3.7034499010429816,0.2583356783301024,1.0254045749027219,0.18,1.0,0.2543277747125048,0.9999999999999997,0.9942275986370589,0.2543277747125048,69681.64162360138,288.15,0.8385412648334485,19.60007256133236,0.020262096082618728,2.1,3.0948223158118737
21850.0,10000.0,15.200000000000001,50.0,19.8,180.0,20.0,1761.0,30.1,14.3,89.80000000000001,1123.0,35.1,86.30000000000001,2307.6275674084973,20.615734527872085,12.462168094589982,3.703449840460289,0.2583356741041316,1.0254045749027216,0.17,1.0,0.2545553457939041,1.0,0.994227598637059,0.2545553457939041,69681.64162360138,288.15,0.8385412648334485,19.600072482754832,0.02026884619843723,2.0,3.094574720446143
21900.0,9990.0,15.4,50.5,19.5,180.0,20.0,1771.0,29.5,14.200000000000001,89.4,1117.0,34.5,86.9,2307.442948153166,20.615734500557377,12.461171230483194,3.7034497885322666,0.258335670481871,1.0254045749027216,0.2,1.0,0.2547829080179657,1.0,0.994227598637059,0.2547829080179657,69681.64162360138,288.15,0.8385412648334485,19.60007241540266,0.020275596008407445,2.3000000000000003,3.094327142332359
21950.0,10000.0,15.3,50.0,19.700000000000003,180.0,20.1,1775.0,30.200000000000003,14.4,88.7,1120.0,34.6,86.7,2307.2583411439523,20.615734477144755,12.460174409885092,3.703449744022531,0.258335667377076,1.0254045749027214,0.16,1.0,0.25501046114349424,0.9999999999999997,0.994227598637059,0.25501046114349424,69681.64162360138,288.15,0.8385412648334485,19.600072357672232,0.020282345511466137,2.6,3.094079580640863
22000.0,10010.0,14.9,50.5,20.1,181.0,19.700000000000003,1768.0,30.0,14.4,88.7,1115.0,34.300000000000004,86.7,2307.073745854757,20.615734457076808,12.45917763318829,3.7034497058713307,0.25833566471582325,1.0254045749027216,0.19,1.0,0.2552380049586371,1.0,0.994227598637059,0.2552380049586371,69681.64162360138,288.15,0.8385412648334485,19.600072308189006,0.02028909470655245,2.7,3.0938320346661463
22050.0,10010.0,15.0,50.0,20.400000000000002,180.0,20.0,1764.0,30.400000000000002,14.350000000000001,88.60000000000001,1121.0,34.9,86.60000000000001,2306.889161838802,20.615734439875702,12.458180900751575,3.7034496731703013,0.2583356624347494,1.0254045749027216,0.17,1.0,0.2554655392767064,1.0,0.994227598637059,0.2554655392767064,69681.64162360138,288.15,0.8385412648334485,19.60007226577481,0.020295843592607596,2.1,3.0935845038090704
22100.0,10000.0,14.9,50.0,19.5,180.0,20.0,1767.0,30.1,14.4,89.4,1123.0,34.7,86.5,2306.7045887172967,20.615734425131905,12.457184212904778,3.7034496451408483,0.2583356604795433,1.0254045749027216,0.15,1.0,0.2556930639325911,1.0,0.994227598637059,0.2556930639325911,69681.64162360138,288.15,0.8385412648334485,19.600072229419787,0.020302592168574666,2.2,3.093336987561669
22150.0,10000.0,14.8,50.0,19.6,179.0,20.200000000000003,1766.0,29.700000000000003,14.25,89.30000000000001,1125.0,34.6,86.60000000000001,2306.520026169707,20.615734412494366,12.456187569952812,3.703449621115604,0.25833565880365245,1.0254045749027216,0.22,1.0,0.2559205787796842,1.0,0.994227598637059,0.2559205787796842,69681.64162360138,288.15,0.8385412648334485,19.60007219825834,0.02030934043339849,1.9000000000000001,3.0930894854941005
22200.0,10020.0,15.700000000000001,48.5,20.0,179.0,19.900000000000002,1767.0,30.200000000000003,14.350000000000001,88.5,1122.0,34.9,86.10000000000001,2306.33547392542,20.61573440166218,12.455190972179206,3.7034496005225357,0.25833565736717445,1.0254045749027216,0.14,1.0,0.2561480836872504,1.0,0.994227598637059,0.2561480836872504,69681.64162360138,288.15,0.8385412648334485,19.600072171548526,0.020316088386025305,2.8000000000000003,3.092841997243467
22250.0,9990.0,15.0,50.0,20.200000000000003,181.0,20.1,1762.0,29.6,14.3,88.80000000000001,1118.0,35.1,86.2,2306.150931756616,20.615734392377455,12.45419441984919,3.7034495828713343,0.25833565613590764,1.0254045749027216,0.23,1.0,0.25637557853815895,1.0,0.994227598637059,0.25637557853815895,69681.64162360138,288.15,0.8385412648334485,19.600072148654398,0.020322836025402875,2.8000000000000003,3.0925945225042573
22300.0,10000.0,15.100000000000001,49.5,20.200000000000003,180.0,19.8,1767.0,29.900000000000002,14.3,89.5,1120.0,35.4,86.0,2305.9663994721286,20.61573438441912,12.453197913212184,3.7034495677417336,0.2583356550805361,1.0254045749027216,0.23,1.0,0.25660306322695514,1.0,0.994227598637059,0.25660306322695514,69681.64162360138,288.15,0.8385412648334485,19.600072129030863,0.0203295833504802,2.1,3.092347061020114
22350.0,10000.0,14.9,50.0,20.3,181.0,20.200000000000003,1767.0,30.1,14.3,88.4,1119.0,34.7,86.80000000000001,2305.7818769122105,20.615734377597686,12.452201452504085,3.703449554773504,0.2583356541759319,1.0254045749027216,0.13,1.0,0.2568305376581936,1.0,0.994227598637059,0.2568305376581936,69681.64162360138,288.15,0.8385412648334485,19.60007211221069,0.0203363303602074,2.3000000000000003,3.0920996125768125
22400.0,10020.0,15.3,49.5,19.400000000000002,180.0,19.5,1773.0,29.900000000000002,14.450000000000001,87.9,1125.0,34.800000000000004,86.5,2305.5973639440413,20.615734371750737,12.451205037949183,3.7034495436578783,0.2583356534005568,1.0254045749027214,0.14,1.0,0.2570580017450132,0.9999999999999997,0.994227598637059,0.2570580017450132,69681.64162360138,288.15,0.8385412648334485,19.600072097793397,0.020343077053535785,2.5,3.0918521769962384
22450.0,10010.0,15.5,50.5,19.8,179.0,19.700000000000003,1774.0,29.8,14.450000000000001,89.30000000000001,1123.0,34.7,87.0,2305.412860457869,20.615734366739083,12.45020866976178,3.7034495341302005,0.2583356527359497,1.0254045749027216,0.18,1.0,0.25728545540792025,1.0,0.994227598637059,0.25728545540792025,69681.64162360138,288.15,0.8385412648334485,19.60007208543572,0.020349823429417668,2.2,3.0916047541312115
22500.0,10010.0,15.0,49.5,20.200000000000003,180.0,20.1,1766.0,29.6,14.450000000000001,89.9,1125.0,34.7,86.5,2305.2283663637045,20.61573436244337,12.449212348147551,3.703449525963619,0.2583356521662864,1.0254045749027214,0.23,1.0,0.2575128985737393,0.9999999999999997,0.994227598637059,0.2575128985737393,69681.64162360138,288.15,0.8385412648334485,19.60007207484342,0.020356569486806256,2.2,3.091357343861055
22550.0,9990.0,15.600000000000001,50.0,20.700000000000003,179.0,20.1,1777.0,30.0,14.3,88.2,1125.0,34.6,86.60000000000001,2305.0438815885054,20.615734358761333,12.448216073304849,3.703449518963692,0.25833565167800365,1.0254045749027216,0.15,1.0,0.2577403311747103,1.0,0.994227598637059,0.2577403311747103,69681.64162360138,288.15,0.8385412648334485,19.600072065764312,0.020363315224655783,2.7,3.0911099460878178
22600.0,10010.0,15.0,49.5,20.6,180.0,19.8,1761.0,29.8,14.25,88.5,1124.0,34.7,86.80000000000001,2304.8594060737382,20.6157343556053,12.447219845425646,3.7034495129637546,0.25833565125947555,1.0254045749027216,0.16,1.0,0.2579677531477284,1.0,0.994227598637059,0.2579677531477284,69681.64162360138,288.15,0.8385412648334485,19.600072057982217,0.020370060641921216,2.3000000000000003,3.0908625607330045
22650.0,10020.0,14.9,50.0,19.400000000000002,181.0,19.900000000000002,1772.0,30.0,14.4,89.30000000000001,1121.0,35.300000000000004,86.2,2304.67493977331,20.61573435290013,12.446223664696483,3.7034495078209515,0.2583356509007372,1.0254045749027214,0.21,1.0,0.25819516443367363,0.9999999999999997,0.994227598637059,0.25819516443367363,69681.64162360138,288.15,0.8385412648334485,19.600072051311848,0.020376805737558446,2.2,3.0906151877348047
22700.0,10000.0,14.9,50.0,19.6,180.0,20.0,1766.0,30.0,14.350000000000001,88.5,1122.0,34.5,87.80000000000001,2304.4904826517804,20.615734350581405,12.445227531299187,3.7034495034128323,0.25833565059324703,1.0254045749027216,0.22,1.0,0.25842256497685323,1.0,0.994227598637059,0.25842256497685323,69681.64162360138,288.15,0.8385412648334485,19.60007204559439,0.02038355051052412,2.4000000000000004,3.0903678270456907
22750.0,10010.0,14.4,48.5,19.8,179.0,20.0,1769.0,30.3,14.25,89.10000000000001,1123.0,35.0,86.30000000000001,2304.3060346828433,20.61573434859394,12.444231445411575,3.7034494996344476,0.2583356503296842,1.0254045749027214,0.23,1.0,0.25864995472451174,0.9999999999999997,0.994227598637059,0.25864995472451174,69681.64162360138,288.15,0.8385412648334485,19.60007204069371,0.020390294959775603,2.3000000000000003,3.0901204786303866
22800.0,10020.0,14.8,50.5,20.0,180.0,20.1,1767.0,29.200000000000003,14.100000000000001,89.60000000000001,1126.0,35.6,86.60000000000001,2304.121595848008,20.61573434689038,12.443235407207947,3.7034494963958293,0.2583356501037731,1.0254045749027214,0.15,1.0,0.2588773336264141,0.9999999999999997,0.994227598637059,0.2588773336264141,69681.64162360138,288.15,0.8385412648334485,19.60007203649313,0.02039703908427106,2.2,3.089873142464096
22850.0,10000.0,14.700000000000001,51.0,20.900000000000002,180.0,20.0,1763.0,30.5,14.350000000000001,88.7,1124.0,34.7,86.60000000000001,2303.9371661354917,20.615734345430205,12.442239416859655,3.703449493619873,0.2583356499101351,1.0254045749027216,0.14,1.0,0.2591047016344933,1.0,0.994227598637059,0.2591047016344933,69681.64162360138,288.15,0.8385412648334485,19.600072032892633,0.02040378288296934,2.6,3.089625818531017
22900.0,10000.0,15.4,50.0,19.900000000000002,179.0,20.200000000000003,1765.0,29.900000000000002,14.350000000000001,88.9,1119.0,34.9,86.9,2303.7527455392456,20.615734344178613,12.441243474535415,3.7034494912404803,0.25833564974415957,1.0254045749027216,0.17,1.0,0.2593320587025399,1.0,0.994227598637059,0.2593320587025399,69681.64162360138,288.15,0.8385412648334485,19.60007202980649,0.020410526354829997,2.2,3.0893785068230395
22950.0,10000.0,15.0,49.5,20.0,181.0,19.8,1767.0,29.6,14.4,88.80000000000001,1121.0,35.0,85.9,2303.5683340581436,20.61573434310583,12.440247580401762,3.703449489201003,0.258335649601895,1.0254045749027216,0.15,1.0,0.25955940478594325,1.0,0.994227598637059,0.25955940478594325,69681.64162360138,288.15,0.8385412648334485,19.60007202716123,0.02041726949881323,1.9000000000000001,3.089131207338652
23000.0,9990.0,15.4,49.5,20.200000000000003,179.0,20.200000000000003,1764.0,30.0,14.350000000000001,90.2,1125.0,34.7,86.9,2303.3839316952653,20.615734342186293,12.43925173462326,3.7034494874528767,0.2583356494799537,1.0254045749027216,0.25,1.0,0.2597867398414626,1.0,0.994227598637059,0.2597867398414626,69681.64162360138,288.15,0.8385412648334485,19.60007202489386,0.02042401231387997,1.9000000000000001,3.0888839200819853
23050.0,9990.0,14.9,50.0,19.900000000000002,179.0,20.3,1763.0,29.900000000000002,14.4,88.80000000000001,1121.0,34.5,86.4,2303.199538457302,20.615734341398117,12.438255937362836,3.7034494859544838,0.2583356493754327,1.0254045749027219,0.16,1.0,0.26001406382703945,0.9999999999999997,0.9942275986370589,0.26001406382703945,69681.64162360138,288.15,0.8385412648334485,19.6000720229504,0.020430754798991774,2.4000000000000004,3.0886366450620115
23100.0,9980.0,15.3,50.0,20.1,181.0,19.900000000000002,1765.0,29.8,14.3,88.80000000000001,1121.0,34.300000000000004,86.2,2303.0151543540355,20.61573434072255,12.437260188781995,3.7034494846701485,0.25833564928584335,1.0254045749027216,0.2,1.0,0.260241376701628,1.0,0.994227598637059,0.260241376701628,69681.64162360138,288.15,0.8385412648334485,19.60007202128458,0.02043749695311083,2.3000000000000003,3.088389382291849
23150.0,10010.0,15.600000000000001,50.5,20.6,181.0,20.3,1776.0,30.3,14.4,88.7,1123.0,34.9,86.80000000000001,2302.8307793978843,20.615734340143476,12.436264489040935,3.7034494835692873,0.2583356492090523,1.0254045749027214,0.16,1.0,0.2604686784250541,0.9999999999999997,0.994227598637059,0.2604686784250541,69681.64162360138,288.15,0.8385412648334485,19.600072019856732,0.020444238775199974,2.3000000000000003,3.088142131788151
23200.0,9970.0,15.5,50.0,20.200000000000003,181.0,20.1,1774.0,29.6,14.5,89.4,1124.0,35.5,85.9,2302.646413603543,20.61573433964714,12.435268838298844,3.703449482625694,0.2583356491432316,1.0254045749027216,0.18,1.0,0.2606959689578951,1.0,0.994227598637059,0.2606959689578951,69681.64162360138,288.15,0.8385412648334485,19.60007201863286,0.020450980264222676,2.7,3.087894893570623
23250.0,9980.0,15.200000000000001,50.5,20.8,179.0,20.3,1766.0,29.900000000000002,14.25,88.10000000000001,1124.0,34.6,86.80000000000001,2302.4620569876324,20.615734339221703,12.434273236713903,3.703449481816899,0.2583356490868137,1.0254045749027214,0.17,1.0,0.26092324826137464,0.9999999999999997,0.994227598637059,0.26092324826137464,69681.64162360138,288.15,0.8385412648334485,19.60007201758383,0.02045772141914304,2.0,3.0876476676615554
23300.0,9990.0,15.100000000000001,50.0,20.0,181.0,20.200000000000003,1767.0,29.700000000000003,14.350000000000001,89.10000000000001,1120.0,34.7,86.10000000000001,2302.2777095684414,20.61573433885705,12.433277684443512,3.703449481123646,0.2583356490384556,1.0254045749027214,0.18,1.0,0.2611505162972736,0.9999999999999997,0.994227598637059,0.2611505162972736,69681.64162360138,288.15,0.8385412648334485,19.600072016684663,0.020464462238925778,2.1,3.0874004540854716
23350.0,10010.0,14.5,49.0,19.900000000000002,180.0,19.700000000000003,1766.0,29.900000000000002,14.3,88.9,1122.0,35.6,86.7,2302.0933713656723,20.615734338544485,12.432282181644332,3.703449480529429,0.2583356489970058,1.0254045749027216,0.16,1.0,0.26137777302785303,1.0,0.994227598637059,0.26137777302785303,69681.64162360138,288.15,0.8385412648334485,19.600072015913945,0.02047120272253622,2.3000000000000003,3.0871532528687937
23400.0,10000.0,15.4,49.5,20.3,180.0,20.3,1773.0,30.1,14.3,89.10000000000001,1123.0,35.6,86.5,2301.909042400246,20.615734338276575,12.431286728472424,3.7034494800201005,0.2583356489614773,1.0254045749027216,0.17,1.0,0.2616050184157893,1.0,0.994227598637059,0.2616050184157893,69681.64162360138,288.15,0.8385412648334485,19.600072015253332,0.020477942868940332,2.2,3.0869060640395785
23450.0,9990.0,15.200000000000001,49.5,20.400000000000002,179.0,20.0,1773.0,29.400000000000002,14.5,88.5,1124.0,35.300000000000004,86.80000000000001,2301.724722694117,20.615734338046938,12.430291325083266,3.7034494795835333,0.2583356489310244,1.0254045749027219,0.19,1.0,0.2618322524241178,0.9999999999999997,0.9942275986370589,0.2618322524241178,69681.64162360138,288.15,0.8385412648334485,19.60007201468709,0.020484682677104633,2.6,3.086658887627265
23500.0,10010.0,15.5,50.5,20.8,181.0,19.6,1779.0,29.8,14.450000000000001,88.7,1126.0,34.800000000000004,86.7,2301.5404122701284,20.615734337850093,12.429295971631863,3.7034494792093327,0.2583356489049219,1.0254045749027216,0.18,1.0,0.26205947501618193,1.0,0.994227598637059,0.26205947501618193,69681.64162360138,288.15,0.8385412648334485,19.600072014201743,0.0204914221459963,2.7,3.0864117236624877
23550.0,10010.0,15.3,49.0,20.0,180.0,20.0,1772.0,29.900000000000002,14.350000000000001,89.4,1118.0,35.300000000000004,86.2,2301.356111151887,20.61573433768139,12.428300668272824,3.7034494788885897,0.25833564888254834,1.0254045749027216,0.16,1.0,0.2622866861555954,1.0,0.994227598637059,0.2622866861555954,69681.64162360138,288.15,0.8385412648334485,19.600072013785727,0.020498161274583142,2.4000000000000004,3.0861645721769038
23600.0,10010.0,15.3,50.0,20.400000000000002,181.0,20.0,1765.0,29.8,14.4,88.7,1121.0,34.5,86.80000000000001,2301.1718193636343,20.615734337536765,12.427305415160303,3.703449478613666,0.2583356488633709,1.0254045749027214,0.17,1.0,0.26251388580620705,0.9999999999999997,0.994227598637059,0.26251388580620705,69681.64162360138,288.15,0.8385412648334485,19.600072013429145,0.020504900061833482,2.4000000000000004,3.0859174332030213
23650.0,10010.0,14.600000000000001,50.0,19.900000000000002,180.0,20.200000000000003,1763.0,30.200000000000003,14.4,88.60000000000001,1123.0,35.300000000000004,86.5,2300.987536930179,20.615734337412814,12.426310212448202,3.703449478378018,0.25833564884693316,1.0254045749027214,0.2,1.0,0.26274107393206453,0.9999999999999997,0.994227598637059,0.26274107393206453,69681.64162360138,288.15,0.8385412648334485,19.6000720131235,0.020511638506716334,2.4000000000000004,3.085670306774109
23700.0,9990.0,15.3,50.5,20.1,179.0,20.0,1769.0,29.700000000000003,14.3,87.80000000000001,1125.0,35.2,85.5,2300.803263876791,20.61573433730657,12.42531506029006,3.7034494781760334,0.25833564883284366,1.0254045749027216,0.2,1.0,0.26296825049739586,1.0,0.994227598637059,0.26296825049739586,69681.64162360138,288.15,0.8385412648334485,19.600072012861524,0.02051837660820123,2.3000000000000003,3.085423192924054
23750.0,10010.0,14.9,49.5,19.700000000000003,180.0,20.0,1769.0,29.900000000000002,14.3,88.5,1130.0,34.9,86.0,2300.6190002291446,20.615734337215503,12.42431995883917,3.7034494780029052,0.25833564882076704,1.0254045749027214,0.28,1.0,0.2631954154665805,0.9999999999999997,0.994227598637059,0.2631954154665805,69681.64162360138,288.15,0.8385412648334485,19.600072012636968,0.02052511436525838,2.4000000000000004,3.0851760916872877
23800.0,9980.0,15.3,49.5,20.400000000000002,180.0,19.900000000000002,1775.0,30.200000000000003,14.4,88.9,1123.0,35.4,86.9,2300.434746013256,20.615734337137447,12.423324908248564,3.7034494778545084,0.25833564881041554,1.0254045749027216,0.19,1.0,0.2634225688041357,1.0,0.994227598637059,0.2634225688041357,69681.64162360138,288.15,0.8385412648334485,19.600072012444492,0.020531851776858557,2.8000000000000003,3.084929003098696
23850.0,10010.0,15.100000000000001,50.0,20.1,179.0,20.0,1769.0,29.900000000000002,14.350000000000001,88.7,1126.0,35.4,86.4,2300.250501255433,20.61573433707055,12.42232990867107,3.703449477727312,0.2583356488015429,1.0254045749027216,0.14,1.0,0.263649710474696,1.0,0.994227598637059,0.263649710474696,69681.64162360138,288.15,0.8385412648334485,19.600072012279515,0.020538588841973116,2.7,3.084681927193561
23900.0,10000.0,15.0,50.0,19.8,181.0,20.3,1770.0,30.0,14.4,88.7,1123.0,35.300000000000004,86.10000000000001,2300.0662659822256,20.615734337013194,12.42133496025928,3.7034494776182854,0.2583356487939377,1.0254045749027216,0.19,1.0,0.2638768404430005,1.0,0.994227598637059,0.2638768404430005,69681.64162360138,288.15,0.8385412648334485,19.600072012138106,0.020545325559574015,2.4000000000000004,3.0844348640074846
23950.0,10010.0,14.8,50.5,19.6,180.0,19.900000000000002,1764.0,30.3,14.25,88.2,1127.0,35.0,86.2,2299.882040220399,20.615734336964035,12.42034006316564,3.7034494775248343,0.25833564878741905,1.0254045749027216,0.16,1.0,0.26410395867388053,1.0,0.994227598637059,0.26410395867388053,69681.64162360138,288.15,0.8385412648334485,19.600072012016895,0.020552061928633826,2.5,3.08418781357636
24000.0,10010.0,15.200000000000001,50.5,20.0,180.0,19.8,1773.0,30.200000000000003,14.3,88.60000000000001,1123.0,34.800000000000004,86.4,2299.697823996891,20.615734336921896,12.419345217542384,3.7034494774447326,0.25833564878183146,1.0254045749027216,0.17,1.0,0.2643310651322505,1.0,0.994227598637059,0.2643310651322505,69681.64162360138,288.15,0.8385412648334485,19.600072011913003,0.020558797948125734,2.1,3.0839407759363113
24050.0,9980.0,14.5,50.0,20.0,179.0,24.5,1795.0,30.200000000000003,14.3,88.10000000000001,1124.0,34.800000000000004,86.5,2489.3608784642224,21.683709192990726,13.44360628540236,3.895302498862484,0.2717184355757547,1.0254045749027216,0.16,1.0,0.2645581597830987,1.0,0.994227598637059,0.2645581597830987,69681.64162360138,288.15,0.8385412648334485,19.69345272315274,0.020565370612469065,2.7,3.3382827252380918
24100.0,10000.0,15.3,49.5,19.700000000000003,180.0,29.0,1852.0,30.0,14.450000000000001,88.4,1127.0,35.4,86.4,2748.726516687908,22.961659904128368,14.623642288782591,4.187114114934712,0.2920738754485588,1.0254045749027216,0.14,1.0,0.27524102188400357,1.0,0.994227598637059,0.27524102188400357,69681.64162360138,288.15,0.8385412648334485,19.86857405386272,0.020571639751368966,2.5,3.6860972334088187
24150.0,10010.0,14.600000000000001,50.0,20.400000000000002,180.0,32.9,1914.0,29.700000000000003,14.350000000000001,88.7,1123.0,37.300000000000004,85.9,3084.27229895436,24.44818114915511,15.963796956215399,4.58245926467061,0.3196513397482045,1.0254045749027219,0.27,1.0,0.2950799029836625,0.9999999999999997,0.9942275986370589,0.2950799029836625,69681.64162360138,288.15,0.8385412648334485,20.115222152986018,0.020577466360179725,2.8000000000000003,4.136070838343776
24200.0,10000.0,15.4,50.5,19.8,180.0,37.6,2002.0,30.200000000000003,14.450000000000001,88.9,1126.0,38.400000000000006,85.5,3503.9307831600067,26.14283694122512,17.468656464703088,5.087263918983848,0.3548641970247338,1.0254045749027216,0.26,1.0,0.32293191160043205,1.0,0.994227598637059,0.32293191160043205,69681.64162360138,288.15,0.8385412648334485,20.424466071995596,0.020582708295792125,3.2,4.698841258833232
24250.0,9990.0,15.700000000000001,50.0,19.700000000000003,181.0,41.7,2106.0,30.400000000000002,14.350000000000001,87.60000000000001,1126.0,39.800000000000004,87.0,4016.831872813297,28.04570229773361,19.142681131522277,5.709298491673753,0.3982544757039098,1.0254045749027216,0.26,1.0,0.3577944330441172,1.0,0.994227598637059,0.3577944330441172,69681.64162360138,288.15,0.8385412648334485,20.78851410126949,0.020587217206718127,4.3,5.386651878080088
24300.0,10020.0,14.8,50.0,20.200000000000003,179.0,46.300000000000004,2225.0,29.900000000000002,14.350000000000001,88.60000000000001,1125.0,41.800000000000004,85.9,4633.081670794188,30.157007763992112,20.98993567333366,6.457770939849954,0.45046448063918315,1.0254045749027216,0.31,1.0,0.398788267287747,1.0,0.994227598637059,0.398788267287747,69681.64162360138,288.15,0.8385412648334485,21.200578455298814,0.02059083639674808,4.6000000000000005,6.213055182168422
24350.0,9990.0,15.100000000000001,49.0,19.700000000000003,180.0,50.5,2362.0,30.0,14.350000000000001,88.30000000000001,1124.0,43.900000000000006,86.10000000000001,5363.5622994371515,32.47685730155542,23.013885647162553,7.3429896483836705,0.5122132774772751,1.0254045749027216,0.32,1.0,0.44514097170749495,1.0,0.994227598637059,0.44514097170749495,69681.64162360138,288.15,0.8385412648334485,21.654751671565386,0.02059339940056435,5.300000000000001,7.19264431479121
24400.0,9970.0,14.700000000000001,50.5,20.3,181.0,55.300000000000004,2498.0,29.900000000000002,14.25,89.30000000000001,1124.0,47.800000000000004,86.0,6219.7441768765,35.00500220745181,25.217241874712478,8.376075585180368,0.5842766139302681,1.0254045749027216,0.46,1.0,0.4961696128228886,1.0,0.994227598637059,0.4961696128228886,69681.64162360138,288.15,0.8385412648334485,22.145895648802842,0.02059472911067919,6.2,8.340801336074925
24450.0,10020.0,15.5,49.5,19.8,179.0,59.1,2648.0,29.900000000000002,14.350000000000001,88.9,1119.0,50.2,86.0,7213.506068199579,37.740659216320125,27.601841063149845,9.568709560898933,0.6674692897728693,1.0254045749027216,0.47000000000000003,1.0,0.5512600057978243,1.0,0.994227598637059,0.5512600057978243,69681.64162360138,288.15,0.8385412648334485,22.669543092334752,0.020594637341013505,7.4,9.673455907577
24500.0,10020.0,15.0,49.0,20.0,180.0,63.5,2804.0,29.900000000000002,14.25,89.0,1121.0,52.6,86.0,8356.96034738555,40.68236385946926,30.16855417879445,10.932904746785308,0.7626292887298868,1.0254045749027216,0.56,1.0,0.6098344131483829,1.0,0.994227598637059,0.6098344131483829,69681.64162360138,288.15,0.8385412648334485,23.22181059315158,0.020592924746500544,8.3,11.20685096505097
24550.0,10000.0,14.9,50.0,20.5,181.0,68.3,2970.0,29.6,14.25,88.4,1120.0,55.5,85.30000000000001,9662.282050567252,43.82785200257756,32.91721615202669,12.480797538266875,0.8706031900798286,1.0254045749027216,0.55,1.0,0.6712863241929413,1.0,0.994227598637059,0.6712863241929413,69681.64162360138,288.15,0.8385412648334485,23.79932233869377,0.02058938104302135,9.600000000000001,12.957313475451697
24600.0,10000.0,14.8,50.0,19.8,181.0,72.5,3142.0,30.1,14.25,88.5,1118.0,59.0,85.80000000000001,11141.540884367132,47.17396382573348,35.846571882247765,14.22445183704928,0.9922325162716841,1.0254045749027216,0.6900000000000001,1.0,0.7348268130262071,1.0,0.994227598637059,0.7348268130262071,69681.64162360138,288.15,0.8385412648334485,24.399143387034666,0.0205837854899699,10.8,14.941029156754011
24650.0,10000.0,15.200000000000001,50.5,19.700000000000003,180.0,76.9,3323.0,29.6,14.25,90.30000000000001,1120.0,61.7,85.9,12806.535619007393,50.716565571229566,38.95423455776261,16.175673165944588,1.1283407664279435,1.0254045749027216,0.68,1.0,0.7991113763797071,1.0,0.994227598637059,0.7991113763797071,69681.64162360138,288.15,0.8385412648334485,25.018721454552544,0.020575907610517252,12.9,17.173820395801297
24700.0,10010.0,14.700000000000001,50.0,20.400000000000002,179.0,81.0,3498.0,29.8,14.3,87.80000000000001,1120.0,65.4,86.5,14668.630392183648,54.450485259741605,42.236653133349414,18.34582994107261,1.2797209491131416,1.0254045749027216,0.87,1.0,0.8614305450379441,1.0,0.994227598637059,0.8614305450379441,69681.64162360138,288.15,0.8385412648334485,25.655836228363384,0.020565508133492245,14.700000000000001,19.670926728526116
24750.0,9980.0,15.200000000000001,50.0,19.900000000000002,181.0,85.5,3690.0,30.400000000000002,14.4,88.0,1112.0,68.7,86.30000000000001,16738.592464576242,58.36945930721456,45.689086478787786,20.745679851399906,1.4471234713668488,1.0254045749027216,0.96,1.0,0.9166087702990127,1.0,0.994227598637059,0.9166087702990127,69681.64162360138,288.15,0.8385412648334485,26.308555295638026,0.020552340146685128,17.0,22.446787266846034
24800.0,9990.0,14.9,50.5,19.6,180.0,90.2,3876.0,30.400000000000002,14.4,88.60000000000001,1110.0,70.0,86.7,19026.430952196275,62.466087586552305,49.305582258185225,23.385199734344926,1.631244271606204,1.0254045749027216,1.05,1.0,0.9580217058984121,1.0,0.994227598637059,0.9580217058984121,69681.64162360138,288.15,0.8385412648334485,26.975195869551634,0.02053615045501741,18.900000000000002,25.51482443551425
24850.0,10000.0,15.4,49.5,19.700000000000003,180.0,90.10000000000001,4038.0,30.3,14.3,88.7,1116.0,71.5,86.80000000000001,19939.418360765005,62.62035810260657,49.1319796358482,24.654676565836056,1.7197971526091982,1.0254045749027216,1.17,1.0,0.9832465600855096,1.0,0.994227598637059,0.9832465600855096,69681.64162360138,288.15,0.8385412648334485,27.546602075763296,0.02051805190272518,20.1,26.739158810153086
24900.0,10000.0,15.100000000000001,49.5,19.700000000000003,181.0,90.10000000000001,4175.0,30.1,14.15,88.30000000000001,1116.0,72.2,86.4,20701.922667577674,62.714857202724815,48.94878789738122,25.73206963198917,1.7949511511807543,1.0254045749027216,1.1300000000000001,1.0,0.9941718086285264,1.0,0.994227598637059,0.9941718086285264,69681.64162360138,288.15,0.8385412648334485,28.036378823944723,0.020498305678409795,20.6,27.76169233567501
24950.0,10000.0,15.100000000000001,50.5,19.900000000000002,180.0,89.7,4298.0,29.6,14.200000000000001,88.10000000000001,1116.0,72.4,86.5,21339.685140601658,62.76813439571857,48.7670234434389,26.646275848720563,1.8587219836325148,1.0254045749027216,1.26,1.0,0.9991066787577216,1.0,0.994227598637059,0.994227598637059,69681.64162360138,288.15,0.8385412648334485,28.45618746524309,0.02047714440164092,20.900000000000002,28.616944567249636
25000.0,10010.0,14.4,49.5,20.0,180.0,89.9,4394.0,29.8,14.3,88.30000000000001,1114.0,72.2,86.60000000000001,21874.14714575341,62.793433351255096,48.59356094272921,27.422192405234274,1.9128463636863873,1.0254045749027216,1.32,1.0,1.0,1.0,0.994227598637059,0.994227598637059,69681.64162360138,288.15,0.8385412648334485,28.81602344349883,0.02045477332626102,22.1,29.333668805398236
25050.0,10000.0,15.200000000000001,50.0,20.200000000000003,179.0,89.5,4491.0,30.1,14.350000000000001,88.5,1114.0,72.5,86.7,22323.040804143115,62.80015450587988,48.432407121639095,28.081063479723415,1.9588061877715734,1.0254045749027216,1.37,1.0,1.0,1.0,0.994227598637059,0.994227598637059,69681.64162360138,288.15,0.8385412648334485,29.124454282003747,0.02043137231020683,22.8,29.935644179172
25100.0,10000.0,14.8,49.5,20.6,180.0,90.10000000000001,4578.0,30.1,14.25,88.7,1107.0,72.60000000000001,86.30000000000001,22700.971783736484,62.79492178293308,48.28561159777917,28.640907606360802,1.9978583461856139,1.0254045749027216,1.37,1.0,1.0,1.0,0.994227598637059,0.994227598637059,69681.64162360138,288.15,0.8385412648334485,29.388823572150827,0.020407098132635762,22.400000000000002,30.442457181426303
25150.0,10020.0,15.100000000000001,50.0,20.3,180.0,90.10000000000001,4633.0,30.0,14.4,89.30000000000001,1109.0,72.7,87.4,23019.94898141363,62.78235957847854,48.153914582469135,29.116953502677017,2.0310651244132543,1.0254045749027216,1.4000000000000001,1.0,1.0,1.0,0.994227598637059,0.994227598637059,69681.64162360138,288.15,0.8385412648334485,29.615425820848323,0.020382086903035484,23.1,30.870211983055306
25200.0,10000.0,14.8,49.5,19.900000000000002,180.0,89.7,4683.0,30.1,14.4,89.2,1101.0,73.0,86.4,23289.844277302273,62.76565784239785,48.03720431486866,29.522048250737186,2.0593226759731156,1.0254045749027216,1.45,1.0,1.0,1.0,0.994227598637059,0.994227598637059,69681.64162360138,288.15,0.8385412648334485,29.809656319731886,0.020356456411903482,23.3,31.232146972747895
25250.0,10000.0,15.0,50.0,20.5,180.0,90.2,4737.0,30.200000000000003,14.200000000000001,89.60000000000001,1106.0,73.10000000000001,86.2,23518.780503884424,62.74698229797256,47.934837336995,29.867022235213593,2.083386478823764,1.0254045749027219,1.42,1.0,1.0,0.9999999999999997,0.9942275986370589,0.9942275986370589,69681.64162360138,288.15,0.8385412648334485,29.976139604489227,0.02033030833931309,24.0,31.53915503131909
25300.0,9990.0,15.4,50.0,19.8,180.0,89.7,4774.0,29.700000000000003,14.3,89.5,1107.0,72.3,87.2,23713.45301052949,62.727771591667086,47.84586025957328,30.16100649231466,2.103893472169397,1.0254045749027216,1.47,1.0,1.0,1.0,0.994227598637059,0.994227598637059,69681.64162360138,288.15,0.8385412648334485,30.118839562852664,0.020303730279689645,23.6,31.80021475618026
25350.0,10010.0,15.0,49.5,20.700000000000003,180.0,90.0,4807.0,30.400000000000002,14.3,88.0,1104.0,73.3,87.2,23879.393139143664,62.70895197636992,47.76916109452542,30.4117039526575,2.1213809771185157,1.0254045749027216,1.48,1.0,1.0,1.0,0.994227598637059,0.994227598637059,69681.64162360138,288.15,0.8385412648334485,30.241153812878466,0.02027679756712939,24.200000000000003,32.02274378745444
25400.0,10010.0,14.9,50.0,20.1,179.0,90.0,4840.0,29.5,14.3,88.80000000000001,1108.0,72.2,86.60000000000001,24021.182566178086,62.69109192566943,47.70357050492156,30.62561878112288,2.13630269438028,1.0254045749027214,1.48,1.0,1.0,0.9999999999999997,0.994227598637059,0.994227598637059,69681.64162360138,288.15,0.8385412648334485,30.345994598614865,0.020249574901281854,24.3,32.21288624489614
25450.0,10000.0,15.5,50.5,19.8,180.0,89.9,4868.0,29.6,14.3,89.30000000000001,1108.0,72.10000000000001,87.60000000000001,24142.626967025717,62.674513060426634,47.647927686198464,30.80824900688864,2.1490421412520986,1.0254045749027219,1.51,1.0,1.0,0.9999999999999997,0.9942275986370589,0.9942275986370589,69681.64162360138,288.15,0.8385412648334485,30.43585812924607,0.020222117782875207,23.700000000000003,32.37574561532083
25500.0,9960.0,14.5,50.0,20.0,181.0,89.9,4882.0,29.900000000000002,14.350000000000001,89.2,1102.0,73.2,86.60000000000001,24246.896469877458,62.659369359344254,47.60112148447337,30.964247708756176,2.159923895168687,1.0254045749027219,1.49,1.0,1.0,0.9999999999999997,0.9942275986370589,0.9942275986370589,69681.64162360138,288.15,0.8385412648334485,30.512884012644243,0.02019447377280132,24.1,32.51557310403507
25550.0,10010.0,15.0,49.5,20.400000000000002,182.0,90.0,4910.0,30.3,14.3,89.10000000000001,1100.0,72.8,86.7,24336.63923746658,62.645703394625464,47.56211436867148,31.09755764319459,2.1692229847369275,1.0254045749027216,1.51,1.0,1.0,1.0,0.994227598637059,0.994227598637059,69681.64162360138,288.15,0.8385412648334485,30.578906198414103,0.020166683590859973,24.1,32.63591995022744
25600.0,10000.0,15.200000000000001,50.0,19.3,179.0,89.7,4922.0,30.200000000000003,14.350000000000001,88.7,1104.0,72.7,86.5,24414.073423931553,62.633485968087086,47.52995470210724,31.21152363874362,2.177172729853888,1.0254045749027216,1.56,1.0,1.0,1.0,0.994227598637059,0.994227598637059,69681.64162360138,288.15,0.8385412648334485,30.6354966433597,0.02013878207080975,24.6,32.7397607429607
25650.0,10010.0,14.8,50.5,19.8,181.0,89.9,4934.0,29.3,14.3,89.2,1102.0,73.5,86.5,24481.061779773314,62.62264379167107,47.50378118558058,31.30898647290623,2.1839712901282637,1.0254045749027216,1.52,1.0,1.0,1.0,0.994227598637059,0.994227598637059,69681.64162360138,288.15,0.8385412648334485,30.684002739027356,0.020110798987946977,24.3,32.82959346791161
25700.0,9990.0,15.3,50.5,19.700000000000003,179.0,89.80000000000001,4952.0,30.3,14.350000000000001,88.4,1099.0,72.9,87.4,24539.172346934814,62.613078589948465,47.48282220641481,31.39236136844803,2.189787140422182,1.0254045749027216,1.48,1.0,1.0,1.0,0.994227598637059,0.994227598637059,69681.64162360138,288.15,0.8385412648334485,30.725579392456773,0.020082759774460196,24.5,32.90752090068653
25750.0,10020.0,14.9,50.5,20.3,179.0,89.9,4957.0,29.700000000000003,14.25,90.10000000000001,1099.0,73.3,87.0,24589.72799741823,62.604680076727796,47.46639200788504,31.46370372723791,2.1947636561424195,1.0254045749027216,1.55,1.0,1.0,1.0,0.994227598637059,0.994227598637059,69681.64162360138,288.15,0.8385412648334485,30.761216523967704,0.020054686136554336,24.700000000000003,32.975317039097796
25800.0,9990.0,15.200000000000001,49.0,20.200000000000003,178.0,90.0,4969.0,30.200000000000003,14.25,88.60000000000001,1100.0,72.9,86.2,24633.847008937228,62.597334582131914,47.45388500462983,31.524764271710463,2.199022959655903,1.0254045749027216,1.55,1.0,1.0,1.0,0.994227598637059,0.994227598637059,69681.64162360138,288.15,0.8385412648334485,30.791762636691352,0.02002659658598143,24.700000000000003,33.034481515925
25850.0,10000.0,15.200000000000001,50.0,19.8,178.0,90.0,4970.0,29.8,14.350000000000001,90.2,1101.0,73.10000000000001,86.60000000000001,24672.476421598825,62.590930613637155,47.44476914863977,31.57703538569137,2.202669152813133,1.0254045749027216,1.56,1.0,1.0,1.0,0.994227598637059,0.994227598637059,69681.64162360138,288.15,0.8385412648334485,30.817945019025913,0.019998506897251585,24.700000000000003,33.08628433089246
25900.0,10010.0,14.8,50.0,20.400000000000002,180.0,89.80000000000001,4990.0,29.700000000000003,14.350000000000001,89.5,1101.0,72.8,87.30000000000001,24706.419561804305,62.58536227554553,47.43857895107689,31.621790131389492,2.205791038594594,1.0254045749027219,1.55,1.0,1.0,0.9999999999999997,0.9942275986370589,0.9942275986370589,69681.64162360138,288.15,0.8385412648334485,30.840387061026966,0.019970430500494893,24.400000000000002,33.13180276077081
25950.0,10030.0,14.9,50.5,19.900000000000002,180.0,89.9,4979.0,30.0,14.3,90.10000000000001,1097.0,72.7,87.0,24736.358836279847,62.580531210230205,47.434908553786464,31.66011515953235,2.208464416770849,1.0254045749027216,1.6,1.0,1.0,1.0,0.994227598637059,0.994227598637059,69681.64162360138,288.15,0.8385412648334485,30.85962309702787,0.01994237881873315,24.5,33.171951926628005
26000.0,10010.0,15.3,50.0,19.400000000000002,179.0,90.2,4985.0,30.1,14.350000000000001,89.60000000000001,1101.0,72.60000000000001,87.0,24762.874675564457,62.57634753491134,47.43340509636253,31.692938516395056,2.2107540235933447,1.0254045749027219,1.58,1.0,1.0,0.9999999999999997,0.9942275986370589,0.9942275986370589,69681.64162360138,288.15,0.8385412648334485,30.876111127885785,0.019914361557216063,24.6,33.20751019742545
26050.0,9970.0,15.200000000000001,49.5,20.200000000000003,181.0,90.0,4998.0,30.0,14.450000000000001,88.80000000000001,1100.0,73.10000000000001,87.4,24786.46133003602,62.57273011037492,47.433762522149635,31.72105317696137,2.212715173359775,1.0254045749027214,1.6,1.0,1.0,0.9999999999999997,0.994227598637059,0.994227598637059,69681.64162360138,288.15,0.8385412648334485,30.890243725764,0.019886386951483735,24.700000000000003,33.23914037280491
26100.0,10020.0,15.600000000000001,50.0,20.200000000000003,181.0,89.80000000000001,4992.0,30.400000000000002,14.350000000000001,89.30000000000001,1099.0,72.0,87.5,24807.540082597927,62.56960637880637,47.43571589663004,31.745136990749884,2.2143951497434387,1.0254045749027214,1.54,1.0,1.0,0.9999999999999997,0.994227598637059,0.994227598637059,69681.64162360138,288.15,0.8385412648334485,30.90235738108818,0.019858461979935522,25.0,33.26740740156548
26150.0,10010.0,15.200000000000001,50.0,19.400000000000002,180.0,90.10000000000001,5005.0,30.6,14.200000000000001,89.30000000000001,1097.0,72.9,87.60000000000001,24826.47033243802,62.56691193642572,47.43903626485213,31.765769610082373,2.2158343866315855,1.0254045749027214,1.56,1.0,1.0,0.9999999999999997,0.994227598637059,0.994227598637059,69681.64162360138,288.15,0.8385412648334485,30.912740514223195,0.019830592545906356,25.1,33.292793245206035
26200.0,9990.0,14.700000000000001,49.5,19.900000000000002,179.0,90.0,5002.0,29.8,14.4,89.5,1101.0,72.8,87.7,24843.730397649415,62.56493107430044,47.443853518330926,31.783446874903262,2.2170844891258383,1.0254124456175433,1.55,1.0,1.0,0.9999999999999997,0.9942257798023358,0.9942257798023358,69681.64162360138,288.15,0.8385412648334485,30.921640342624634,0.01980278348112849,24.8,33.31593933785582
26250.0,10010.0,14.9,50.5,19.700000000000003,181.0,89.9,5009.0,30.0,14.450000000000001,88.9,1095.0,72.7,87.10000000000001,24860.230733133736,62.56490232240119,47.45123431133246,31.798593049699406,2.2182393905209326,1.0254579185215227,1.53,1.0,1.0,1.0,0.9942152711502007,0.9942152711502007,69681.64162360138,288.15,0.8385412648334485,30.929268766968725,0.019775038257854344,25.0,33.338066617747
26300.0,10000.0,14.9,50.0,19.8,181.0,89.9,5002.0,30.200000000000003,14.3,90.80000000000001,1097.0,73.2,88.30000000000001,24875.234979932146,62.56487090536022,47.459197623978326,31.811571243388922,2.2192290916131605,1.025496898506486,1.55,1.0,1.0,1.0,0.9942062624909194,0.9942062624909194,69681.64162360138,288.15,0.8385412648334485,30.93580741640652,0.019747360533986562,24.700000000000003,33.358187612788605
26350.0,10010.0,15.200000000000001,49.5,19.5,178.0,90.10000000000001,5008.0,30.0,14.200000000000001,89.0,1097.0,72.60000000000001,87.9,24888.954658239036,62.56483900030088,47.467655868482865,31.82269228963907,2.2200772490756804,1.0255303122808985,1.59,1.0,1.0,1.0,0.9941985398694704,0.9941985398694704,69681.64162360138,288.15,0.8385412648334485,30.94141197306749,0.019719753374859098,25.5,33.37658597579171
26400.0,10000.0,15.3,49.5,19.3,180.0,89.7,5010.0,29.8,14.200000000000001,90.7,1096.0,72.3,88.4,24901.570830864086,62.56480799688839,47.47653364719759,31.832222320837552,2.220804125124792,1.0255589543920816,1.55,1.0,1.0,1.0,0.9941919198084259,0.9941919198084259,69681.64162360138,288.15,0.8385412648334485,30.946215878776883,0.019692219339485156,25.200000000000003,33.39350451560536
26450.0,9990.0,14.8,50.0,20.200000000000003,181.0,90.0,5013.0,30.200000000000003,14.350000000000001,89.60000000000001,1094.0,73.10000000000001,88.0,24913.238535287135,62.564778736169984,47.485766116965294,31.84038923219133,2.2214270763698227,1.025583506046512,1.56,1.0,1.0,1.0,0.9941862449771802,0.9941862449771802,69681.64162360138,288.15,0.8385412648334485,30.950333512242082,0.019664760554339335,25.200000000000003,33.40915114059076
26500.0,9980.0,15.5,50.0,20.1,180.0,89.7,5012.0,30.1,14.4,89.60000000000001,1092.0,72.3,89.0,24924.09055913066,62.56475168179557,47.49529755704594,31.847388201803327,2.2219609717979583,1.025604551257377,1.54,1.0,1.0,1.0,0.9941813804737192,0.9941813804737192,69681.64162360138,288.15,0.8385412648334485,30.953862912355113,0.01963737877646608,25.3,33.423703921605394
26550.0,9990.0,15.0,50.5,19.700000000000003,181.0,90.0,5015.0,29.900000000000002,14.4,90.7,1097.0,73.5,87.80000000000001,24934.240659308478,62.56472704215864,47.505080119801015,31.85338640698491,2.222418550286014,1.025622590696998,1.6,1.0,1.0,1.0,0.9941772106330524,0.9941772106330524,69681.64162360138,288.15,0.8385412648334485,30.956888112451992,0.019610075447451136,25.1,33.43731540894586
26600.0,9990.0,15.100000000000001,50.0,19.700000000000003,180.0,90.0,5014.0,30.0,14.350000000000001,89.60000000000001,1097.0,72.60000000000001,89.5,24943.786309050432,62.564704856995704,47.515072744062955,31.85852705561632,2.222810726477097,1.0256380535789087,1.53,1.0,1.0,1.0,0.9941736362882668,0.9941736362882668,69681.64162360138,288.15,0.8385412648334485,30.959481141106465,0.019582851739573436,24.8,33.45011631616281
26650.0,9990.0,15.600000000000001,49.5,20.200000000000003,180.0,90.10000000000001,5019.0,30.400000000000002,14.3,90.0,1092.0,72.9,87.80000000000001,24952.811043696816,62.56468505831875,47.525240212347995,31.862932833350303,2.2231468525458538,1.025651307848795,1.57,1.0,1.0,1.0,0.9941705724204183,0.9941705724204183,69681.64162360138,288.15,0.8385412648334485,30.96170373709601,0.019555708595266688,24.5,33.462218665818305
26700.0,10000.0,14.5,50.0,19.5,179.0,90.2,5017.0,30.3,14.450000000000001,89.4,1100.0,72.3,88.60000000000001,24961.386465090254,62.56466751287279,47.53555233456533,31.866708852282688,2.2234349422627995,1.0256626689242143,1.56,1.0,1.0,0.9999999999999997,0.9941679461423611,0.9941679461423611,69681.64162360138,288.15,0.8385412648334485,30.96360881937276,0.019528646760857082,24.700000000000003,33.47371847741533
26750.0,10010.0,15.3,50.5,20.1,180.0,90.10000000000001,5017.0,30.200000000000003,14.350000000000001,90.4,1092.0,72.8,87.60000000000001,24969.57395515792,62.56465205134866,47.54598324247835,31.86994517391089,2.223681862823987,1.0256724071891874,1.58,1.0,1.0,1.0,0.994165694969285,0.994165694969285,69681.64162360138,288.15,0.8385412648334485,30.965241747038547,0.019501666815405667,25.400000000000002,33.484698065345874
26800.0,9990.0,15.0,50.5,19.200000000000003,180.0,90.10000000000001,5004.0,29.700000000000003,14.4,90.60000000000001,1097.0,73.2,88.4,24977.426141546195,62.56463848814741,47.55651078078329,31.87271896837718,2.2238934991103374,1.025680754420634,1.59,1.0,1.0,1.0,0.9941637653353488,0.9941637653353488,69681.64162360138,288.15,0.8385412648334485,30.966641399323514,0.01947476919536334,24.900000000000002,33.49522800433628
26850.0,10000.0,14.8,50.5,20.6,181.0,89.9,5012.0,30.400000000000002,14.350000000000001,90.2,1094.0,73.0,87.9,24984.98815167879,62.56462663444458,47.56711598222323,31.875096362825477,2.2240748943590036,1.0256879092985836,1.59,1.0,1.0,1.0,0.9941621113215146,0.9941621113215146,69681.64162360138,288.15,0.8385412648334485,30.967841101282048,0.0194479542156457,25.3,33.505368811164296
26900.0,10020.0,15.200000000000001,49.5,20.1,182.0,89.80000000000001,5016.0,30.400000000000002,14.350000000000001,91.5,1094.0,72.5,89.10000000000001,24992.29868614579,62.56461630654035,47.577782615612705,31.877134023924732,2.224230370648776,1.0256940421305616,1.54,1.0,1.0,1.0,0.9941606935645944,0.9941606935645944,69681.64162360138,288.15,0.8385412648334485,30.96886941724651,0.019421222087646055,24.900000000000002,33.51517238409523
26950.0,10000.0,15.3,50.5,20.200000000000003,180.0,90.2,5033.0,30.200000000000003,14.350000000000001,89.30000000000001,1094.0,72.8,88.2,24999.39093772065,62.564607330923884,47.58849679698998,31.878880513006212,2.224363632107003,1.025699298902058,1.57,1.0,1.0,1.0,0.9941594783217652,0.9941594783217652,69681.64162360138,288.15,0.8385412648334485,30.969750830930337,0.019394572934630674,25.400000000000002,33.52468323530215
27000.0,10010.0,15.0,49.5,20.5,180.0,89.7,5020.0,30.3,14.15,89.60000000000001,1095.0,73.10000000000001,88.30000000000001,25006.29337840433,62.56459954707664,47.59924665533144,31.880377446645486,2.2244778533238887,1.025703804749084,1.55,1.0,1.0,1.0,0.9941584366684413,0.9941584366684413,69681.64162360138,288.15,0.8385412648334485,30.97050632837361,0.019368006804896296,25.200000000000003,33.53393954630778
27050.0,9990.0,15.200000000000001,49.5,19.5,181.0,90.10000000000001,5021.0,29.8,14.3,91.0,1091.0,73.3,89.30000000000001,25013.030433593354,62.56459280874524,47.6100220453558,31.881660490737886,2.224575755100305,1.0257076669351868,1.6,1.0,1.0,1.0,0.9941575438105292,0.9941575438105292,69681.64162360138,288.15,0.8385412648334485,30.971153897610712,0.019341523683013992,24.8,33.54297407205736
27100.0,9990.0,14.9,49.5,19.6,181.0,90.10000000000001,5013.0,30.200000000000003,14.350000000000001,91.10000000000001,1096.0,73.2,88.9,25019.623059667578,62.56458698420274,47.62081430091988,31.882760212041866,2.224659669348098,1.0257109774035675,1.6,1.0,1.0,1.0,0.9941567784947798,0.9941567784947798,69681.64162360138,288.15,0.8385412648334485,30.97170895695679,0.019315123499437654,24.700000000000003,33.55181491547542
27150.0,10000.0,15.0,50.0,20.200000000000003,181.0,90.10000000000001,5017.0,29.8,14.4,90.4,1092.0,72.8,87.80000000000001,25026.089238911696,62.56458195586249,47.6316160233665,31.883702807690018,2.224731594699516,1.0257138149649019,1.58,1.0,1.0,0.9999999999999997,0.9941561225032631,0.9941561225032631,69681.64162360138,288.15,0.8385412648334485,30.972184722110576,0.01928880613871423,25.0,33.56048619116536
27200.0,9990.0,15.5,49.5,20.3,182.0,90.2,5017.0,29.700000000000003,14.25,90.0,1093.0,72.60000000000001,88.60000000000001,25032.444403659923,62.56457761949908,47.64242089994304,31.884510730202557,2.22479324415817,1.025716247172827,1.57,1.0,1.0,1.0,0.9941555602199796,0.9941555602199796,69681.64162360138,288.15,0.8385412648334485,30.97259252081382,0.019262571446498598,25.200000000000003,33.569008594196035
27250.0,9990.0,14.8,50.0,19.900000000000002,181.0,90.0,5011.0,30.1,14.350000000000001,90.2,1091.0,73.5,88.30000000000001,25038.701799827504,62.564573883251356,47.653223548070926,31.885203223005956,2.224846085932217,1.0257183319316578,1.59,1.0,1.0,1.0,0.994155078259323,0.994155078259323,69681.64162360138,288.15,0.8385412648334485,30.972942062559454,0.019236419235547197,25.1,33.577399887604685
27300.0,10010.0,15.5,50.5,19.8,181.0,89.9,5018.0,29.6,14.25,90.4,1095.0,72.2,89.10000000000001,25044.872798522214,62.56457066652608,47.66401938182458,31.885796779296843,2.224891378426524,1.0257201188745435,1.55,1.0,1.0,0.9999999999999997,0.994154665147576,0.994154665147576,69681.64162360138,288.15,0.8385412648334485,30.973241669769997,0.01921034929083804,25.400000000000002,33.58567532027426
27350.0,10000.0,14.700000000000001,50.0,19.6,181.0,90.0,5017.0,30.200000000000003,14.25,89.60000000000001,1095.0,72.4,88.4,25050.96716317373,62.56456789888025,47.67480449748042,31.88630553524198,2.224930200230282,1.0257216505448299,1.6,1.0,1.0,0.9999999999999997,0.9941543110498731,0.9941543110498731,69681.64162360138,288.15,0.8385412648334485,30.973498475950464,0.019184361373944657,25.200000000000003,33.593847985159236
27400.0,9980.0,14.8,49.5,20.700000000000003,181.0,89.9,5020.0,29.6,14.3,90.5,1095.0,72.8,89.10000000000001,25056.993278547478,62.56456551893283,47.685575575433575,31.886741606924616,2.224963475816512,1.0257229634087162,1.58,1.0,1.0,1.0,0.9941540075361457,0.9941540075361457,69681.64162360138,288.15,0.8385412648334485,30.973718595533725,0.01915845522677178,25.0,33.60192912639774
27450.0,10000.0,14.9,50.0,20.200000000000003,180.0,89.80000000000001,5014.0,30.1,14.450000000000001,90.5,1093.0,72.9,88.5,25062.958347093456,62.56456347333574,47.69632979615619,31.88711537909525,2.224991997567142,1.0257240887232935,1.61,1.0,1.0,1.0,0.9941537473804861,0.9941537473804861,69681.64162360138,288.15,0.8385412648334485,30.97390726946223,0.019132630574746057,25.1,33.60992840261927
27500.0,9990.0,15.0,49.5,20.5,180.0,90.0,5020.0,29.8,14.350000000000001,90.60000000000001,1090.0,72.9,89.10000000000001,25068.868557298283,62.56456171582157,47.70706476819892,31.88743575262787,2.2250164446494063,1.0257250532806106,1.58,1.0,1.0,1.0,0.9941535243891596,0.9941535243891596,69681.64162360138,288.15,0.8385412648334485,30.97406898997238,0.019106887129540496,25.1,33.617854112708144
27550.0,10000.0,15.4,49.5,19.900000000000002,181.0,90.10000000000001,5020.0,30.8,14.350000000000001,91.2,1093.0,72.5,89.0,25074.72922803874,62.564560206335315,47.71777846651739,31.88771035659269,2.2250373991939503,1.0257258800454692,1.6,1.0,1.0,0.9999999999999997,0.9941533332531775,0.9941533332531775,69681.64162360138,288.15,0.8385412648334485,30.974207607552508,0.0190812245914007,25.200000000000003,33.625713389384515
27600.0,10000.0,14.9,50.0,19.900000000000002,181.0,90.2,5014.0,30.200000000000003,14.3,90.80000000000001,1093.0,73.4,89.0,25080.544932362824,62.564558910252444,47.728469179649814,31.887945730008845,2.225055360160572,1.0257265887021232,1.58,1.0,1.0,0.9999999999999997,0.9941531694219246,0.9941531694219246,69681.64162360138,288.15,0.8385412648334485,30.97432642262119,0.019055642651130678,25.200000000000003,33.6335123651972
27650.0,9990.0,15.0,50.0,19.8,180.0,90.2,5016.0,30.200000000000003,14.350000000000001,89.7,1094.0,72.3,89.60000000000001,25086.319603633394,62.564557797680415,47.739135464479254,31.88814747761471,2.2250707552222444,1.0257271961228915,1.56,1.0,1.0,0.9999999999999997,0.9941530289948346,0.9941530289948346,69681.64162360138,288.15,0.8385412648334485,30.97442826410863,0.01903014099178763,25.1,33.64125631486446
27700.0,9980.0,15.0,50.5,19.700000000000003,180.0,90.10000000000001,5020.0,29.3,14.450000000000001,90.9,1095.0,72.8,88.4,25092.05662655023,62.56455684283945,47.74977610749502,31.88832040337245,2.2250839509507645,1.025727716769837,1.59,1.0,1.0,1.0,0.9941529086285356,0.9941529086285356,69681.64162360138,288.15,0.8385412648334485,30.974515556812158,0.0190047192901282,25.0,33.64894977733639
27750.0,10010.0,14.9,50.0,19.700000000000003,181.0,89.80000000000001,5027.0,30.700000000000003,14.450000000000001,91.4,1093.0,73.2,89.30000000000001,25097.75891520674,62.564556023517014,47.76039009162224,31.88846862489099,2.22509526154683,1.0257281630390682,1.53,1.0,1.0,0.9999999999999997,0.9941528054572591,0.9941528054572591,69681.64162360138,288.15,0.8385412648334485,30.97459037912946,0.018979377217842062,25.5,33.65659666047054
27800.0,10010.0,15.0,49.5,19.8,179.0,90.2,5012.0,30.1,14.25,89.80000000000001,1093.0,72.7,89.80000000000001,25103.428980029228,62.56455532058873,47.77097656782051,31.888595671495796,2.2251049563226064,1.0257285455558613,1.54,1.0,1.0,1.0,0.9941527170246168,0.9941527170246168,69681.64162360138,288.15,0.8385412648334485,30.97465451254429,0.018954114442604003,24.900000000000002,33.6642003307988
27850.0,9970.0,14.4,51.0,20.8,180.0,89.80000000000001,5017.0,30.3,14.3,90.9,1093.0,72.60000000000001,89.2,25109.068985183345,62.56455471759977,47.78153483076771,31.888704568283597,2.225113266115095,1.025728873427625,1.58,1.0,1.0,0.9999999999999997,0.994152641225121,0.994152641225121,69681.64162360138,288.15,0.8385412648334485,30.97470948404272,0.01892893062897073,24.900000000000002,33.67176369051057
27900.0,10010.0,14.9,50.0,20.6,180.0,90.2,5011.0,29.900000000000002,14.350000000000001,91.9,1088.0,72.8,90.2,25114.68079780606,62.564554200400224,47.792064298042426,31.888797908165525,2.2251203887831155,1.0257291544607325,1.55,1.0,1.0,1.0,0.9941525762540601,0.9941525762540601,69681.64162360138,288.15,0.8385412648334485,30.974756602469938,0.018903825439145098,25.1,33.67928924347388
27950.0,10000.0,15.100000000000001,51.0,20.200000000000003,181.0,89.9,5015.0,29.900000000000002,14.25,91.10000000000001,1091.0,72.60000000000001,89.80000000000001,25120.26603022748,62.5645537568278,47.80256449230203,31.888877913615595,2.225126493918865,1.0257293953463755,1.54,1.0,1.0,1.0,0.9941525205645318,0.9941525205645318,69681.64162360138,288.15,0.8385412648334485,30.974796989693274,0.018878798533626857,25.3,33.68677915185566
28000.0,9990.0,15.4,50.0,20.3,180.0,90.10000000000001,5019.0,29.5,14.4,90.80000000000001,1094.0,73.0,89.2,25125.826076181358,62.564553376432926,47.81303502602637,31.888946489595874,2.2251317268862887,1.025729601819874,1.55,1.0,1.0,1.0,0.9941524728306157,0.9941524728306157,69681.64162360138,288.15,0.8385412648334485,30.974831607313277,0.018853849571766734,25.3,33.69423528468073
28050.0,10000.0,15.3,50.0,20.400000000000002,180.0,90.10000000000001,5017.0,30.1,14.4,90.80000000000001,1093.0,72.8,89.7,25131.362141860325,62.56455305024062,47.82347558845793,31.889005268919544,2.2251362122824743,1.0257297787972244,1.6300000000000001,1.0,1.0,0.9999999999999997,0.9941524319158046,0.9941524319158046,69681.64162360138,288.15,0.8385412648334485,30.974861279558993,0.018828978212237564,25.400000000000002,33.70165925947754
28100.0,10000.0,15.100000000000001,49.5,19.900000000000002,180.0,90.2,5021.0,29.700000000000003,14.4,90.80000000000001,1089.0,73.3,90.4,25136.87527255003,62.564552770544694,47.83388593442273,31.889055651132313,2.225140056904496,1.0257299304921448,1.58,1.0,1.0,1.0,0.9941523968459478,0.9941523968459478,69681.64162360138,288.15,0.8385412648334485,30.974886712912458,0.01880418411343481,25.3,33.709052477995044
28150.0,10010.0,15.4,50.5,19.5,182.0,90.2,5016.0,29.700000000000003,14.350000000000001,90.80000000000001,1093.0,73.10000000000001,89.5,25142.366375471764,62.564552530729976,47.844265874761305,31.889098835838617,2.2251433522923914,1.0257300605163981,1.54,1.0,1.0,0.9999999999999997,0.9941523667860567,0.9941523667860567,69681.64162360138,288.15,0.8385412648334485,30.974908512929723,0.018779466933816574,25.200000000000003,33.716416156835145
28200.0,9990.0,15.100000000000001,49.5,19.900000000000002,181.0,90.10000000000001,5015.0,29.6,14.350000000000001,91.30000000000001,1093.0,72.60000000000001,90.0,25147.83623937358,62.5645523251192,47.85461526813841,31.889135851266264,2.2251461769088166,1.0257301719657843,1.62,1.0,1.0,1.0,0.9941523410204256,0.9941523410204256,69681.64162360138,288.15,0.8385412648334485,30.974927198658797,0.01875482633219197,25.200000000000003,33.723751353724765
28250.0,9980.0,15.100000000000001,51.0,19.5,180.0,90.0,5019.0,30.1,14.4,91.0,1095.0,72.7,89.7,25153.285551332607,62.564552148840704,47.86493401403255,31.889167578750037,2.22514859800731,1.0257302674938489,1.55,1.0,1.0,0.9999999999999997,0.9941523189355913,0.9941523189355913,69681.64162360138,288.15,0.8385412648334485,30.974943214998014,0.018730261967965504,24.700000000000003,33.731058990048055
28300.0,10000.0,15.600000000000001,50.0,20.3,180.0,90.0,5022.0,30.6,14.450000000000001,91.5,1092.0,72.9,89.5,25158.714911165902,62.564551997715036,47.87522204673606,31.889194773717307,2.2251506732336352,1.0257303493750614,1.53,1.0,1.0,1.0,0.9941523000057281,0.9941523000057281,69681.64162360138,288.15,0.8385412648334485,30.974956943288767,0.018705773501343625,24.900000000000002,33.7383398701717
28350.0,10000.0,14.9,49.5,20.0,180.0,89.80000000000001,5017.0,29.900000000000002,14.3,91.60000000000001,1087.0,72.10000000000001,90.0,25164.124843790072,62.56455186815674,47.88547933021984,31.88921808367539,2.225152451998353,1.025730419558968,1.58,1.0,1.0,1.0,0.9941522837801269,0.9941522837801269,69681.64162360138,288.15,0.8385412648334485,30.974968710395125,0.01868136059350913,25.3,33.74559469801937
28400.0,9990.0,14.700000000000001,50.0,19.8,181.0,89.9,5018.0,30.700000000000003,14.3,91.4,1093.0,73.0,90.2,25169.515809822016,62.56455175709067,47.89570585373871,31.889238063629303,2.2251539766533104,1.02573047971661,1.58,1.0,1.0,1.0,0.9941522698724657,0.9941522698724657,69681.64162360138,288.15,0.8385412648334485,30.97497879648629,0.018657022906768156,25.200000000000003,33.75282409128752
28450.0,9990.0,15.100000000000001,51.0,20.5,180.0,90.2,5015.0,29.900000000000002,14.4,92.0,1089.0,72.60000000000001,91.2,25174.888214670755,62.56455166187932,47.90590162807022,31.889255189296613,2.225155283500038,1.0257305312803089,1.58,1.0,1.0,0.9999999999999997,0.9941522579516112,0.9941522579516112,69681.64162360138,288.15,0.8385412648334485,30.974987441707285,0.018632760104673525,25.6,33.76002859363778
28500.0,10000.0,15.100000000000001,50.0,20.400000000000002,181.0,89.80000000000001,5017.0,30.3,14.3,90.9,1094.0,73.2,89.9,25180.242416335503,62.56455158026088,47.916066682296105,31.889269868434532,2.225156403654097,1.0257305754777688,1.58,1.0,0.9989855991617458,1.0,0.9941522477337342,0.9941522477337342,69681.64162360138,288.15,0.8385412648334485,30.974994851896717,0.018608571852128164,24.900000000000002,33.76720868515424
28550.0,9990.0,15.0,50.0,19.6,179.0,89.80000000000001,5020.0,29.400000000000002,14.25,90.10000000000001,1092.0,72.10000000000001,90.2,25185.578732094116,62.56455151029587,47.926201061048275,31.88928245054872,2.225157363785944,1.025730613361309,1.62,1.0,0.9979594833582621,0.9999999999999997,0.9941522389755528,0.9941522389755528,69681.64162360138,288.15,0.8385412648334485,30.97500120348765,0.018584457815471425,25.6,33.774364791312856
28600.0,9980.0,15.100000000000001,49.5,19.5,180.0,90.2,5021.0,29.8,14.4,89.9,1089.0,72.5,90.30000000000001,25190.897444239567,62.56455145032111,47.936304822151826,31.889293235215057,2.225158186755947,1.0257306458329174,1.57,1.0,0.9969346140630535,1.0,0.9941522314685394,0.9941522314685394,69681.64162360138,288.15,0.8385412648334485,30.975006647708454,0.018560417662550635,25.200000000000003,33.781497290674146
28650.0,10000.0,15.0,50.5,20.1,180.0,90.10000000000001,5022.0,29.8,14.350000000000001,92.0,1088.0,73.4,89.60000000000001,25196.198805000564,62.56455139891075,47.946378034609026,31.889302479212596,2.2251588921586967,1.025730673665726,1.56,1.0,0.9959109885251791,0.9999999999999997,0.9941522250339558,0.9941522250339558,69681.64162360138,288.15,0.8385412648334485,30.975011314183433,0.018536451062780287,25.0,33.78860652148186
28700.0,10030.0,14.9,49.5,19.900000000000002,180.0,89.9,5018.0,28.900000000000002,14.350000000000001,91.30000000000001,1093.0,73.2,90.2,25201.48304076178,62.56455135484221,47.95642077687392,31.88931040263747,2.2251594967895447,1.0257306975224205,1.6,1.0,0.9948886039870513,1.0,0.9941522195185978,0.9941522195185978,69681.64162360138,288.15,0.8385412648334485,30.975015314019124,0.01851255768719059,24.900000000000002,33.795692787322366
28750.0,10010.0,14.8,49.5,19.900000000000002,181.0,90.0,5024.0,29.8,14.4,90.9,1091.0,72.8,90.7,25206.75035568382,62.56455131706729,47.96643313537644,31.88931719414332,2.225160015044497,1.0257307179710164,1.58,1.0,0.9938674576869186,1.0,0.994152214791148,0.9938674576869186,69681.64162360138,288.15,0.8385412648334485,30.975018742449713,0.018488737208466877,25.0,33.80275636197912
28800.0,10010.0,15.5,49.5,19.3,180.0,89.9,5018.0,30.200000000000003,14.3,91.2,1090.0,73.3,90.4,25212.000934808373,62.564551284687425,47.97641520326015,31.889323015433188,2.2251604592629843,1.0257307354983853,1.54,1.0,0.9928475468609815,1.0,0.9941522107390477,0.9928475468609815,69681.64162360138,288.15,0.8385412648334485,30.975021681104508,0.01846498930098136,24.900000000000002,33.809797493596726
28850.0,10000.0,14.700000000000001,49.0,20.3,181.0,89.9,5019.0,30.1,14.350000000000001,91.80000000000001,1084.0,72.7,90.7,25217.23494672155,62.564551256932276,47.98636707930226,31.889328005109586,2.225160840021656,1.0257307505218447,1.56,1.0,0.991828868745199,0.9999999999999997,0.9941522072658188,0.991828868745199,69681.64162360138,288.15,0.8385412648334485,30.975024199951477,0.01844131364081809,25.200000000000003,33.816816408252535
28900.0,10010.0,15.0,51.0,20.5,180.0,90.0,5007.0,29.900000000000002,14.25,91.60000000000001,1091.0,73.0,91.2,25222.452545838558,62.56455123314133,47.996288866990135,31.88933228197459,2.2251611663862056,1.0257307633990957,1.57,1.0,0.9908114205768243,1.0,0.9941522042887654,0.9908114205768243,69681.64162360138,288.15,0.8385412648334485,30.975026358963163,0.018417709905792567,25.8,33.82381331302042
28950.0,10000.0,14.600000000000001,49.5,19.900000000000002,180.0,89.80000000000001,5017.0,30.0,14.3,92.0,1092.0,73.2,90.4,25227.65387436367,62.56455121274861,48.00618067373191,31.88933594785855,2.225161446127233,1.0257307744367399,1.61,1.0,0.9897951995957146,0.9999999999999997,0.9941522017370051,0.9897951995957146,69681.64162360138,288.15,0.8385412648334485,30.97502820954461,0.018394177775466366,24.900000000000002,33.830788398599175
29000.0,9980.0,14.600000000000001,50.0,20.5,180.0,89.9,5017.0,30.200000000000003,14.3,91.2,1087.0,72.60000000000001,91.2,25232.839063971238,62.56455119526871,48.01604261018095,31.88933909004455,2.225161685905243,1.0257307838975778,1.58,1.0,0.9887802030454441,0.9999999999999997,0.9941521995497821,0.9887802030454441,69681.64162360138,288.15,0.8385412648334485,30.975029795757273,0.018370716931157674,25.0,33.83774184156671
29050.0,10010.0,14.8,50.5,20.6,180.0,89.7,5027.0,30.1,14.3,92.10000000000001,1092.0,73.2,90.4,25238.008237248156,62.56455118028568,48.02587478965914,31.88934178334665,2.225161891429243,1.025730792006868,1.58,1.0,0.9877664281742489,1.0,0.9941521976750193,0.9877664281742489,69681.64162360138,288.15,0.8385412648334485,30.97503115536813,0.01834732705594851,24.900000000000002,33.844673806314525
29100.0,10010.0,15.0,50.0,19.900000000000002,180.0,89.80000000000001,5021.0,30.400000000000002,14.3,91.9,1091.0,72.7,90.0,25243.161508931113,62.564551167442836,48.03567732766342,31.889344091891168,2.225162067592664,1.025730798957688,1.54,1.0,0.9867538722358279,1.0,0.9941521960680797,0.9867538722358279,69681.64162360138,288.15,0.8385412648334485,30.975032320748866,0.018324007834688835,25.0,33.8515844467068
29150.0,9970.0,15.4,50.0,20.0,178.0,89.60000000000001,5018.0,30.6,14.3,92.10000000000001,1088.0,72.8,91.4,25248.298986968304,62.56455115643455,48.045450341444685,31.88934607064352,2.225162218589877,1.0257308049155336,1.56,1.0,0.9857425324900203,0.9999999999999997,0.9941521946907029,0.9857425324900203,69681.64162360138,288.15,0.8385412648334485,30.97503331964664,0.018300758953998242,25.1,33.85847390750424
29200.0,10020.0,15.0,50.5,19.700000000000003,181.0,90.10000000000001,5020.0,30.0,14.3,91.60000000000001,1088.0,73.10000000000001,90.7,25253.420773430174,62.56455114699872,48.055193949647645,31.889347766716885,2.2251623480160556,1.0257308100222589,1.53,1.0,0.9847324062033818,0.9999999999999997,0.9941521935100942,0.9847324062033818,69681.64162360138,288.15,0.8385412648334485,30.975034175844733,0.01827758010226551,24.8,33.86534232558534
29250.0,9980.0,15.200000000000001,49.5,20.1,180.0,90.0,5020.0,30.0,14.15,91.5,1091.0,73.3,91.7,25258.52696529113,62.564551138910836,48.06490827200383,31.889349220494008,2.225162458952778,1.0257308143994517,1.53,1.0,0.9837234906496632,1.0,0.9941521924981439,0.9837234906496632,69681.64162360138,288.15,0.8385412648334485,30.975034909728812,0.01825447096964638,25.200000000000003,33.872189830994714
29300.0,9980.0,15.5,50.5,20.1,180.0,90.30000000000001,5023.0,30.3,14.350000000000001,91.5,1091.0,73.0,90.80000000000001,25263.617655100097,62.56455113197826,48.07459342906894,31.88935046658863,2.2251625540413946,1.0257308181513314,1.56,1.0,0.9827157831102205,0.9999999999999997,0.9941521916307579,0.9827157831102205,69681.64162360138,288.15,0.8385412648334485,30.975035538772303,0.018231431248059746,25.5,33.87901654784233
29350.0,10020.0,14.8,50.0,20.1,180.0,89.9,5026.0,30.1,14.350000000000001,92.80000000000001,1088.0,72.7,90.4,25268.69293155627,62.56455112603603,48.08424954199954,31.88935153466972,2.225162635545922,1.025730821367228,1.57,1.0,0.981709280874353,0.9999999999999997,0.9941521908872842,0.981709280874353,69681.64162360138,288.15,0.8385412648334485,30.975036077952446,0.018208460631182585,24.900000000000002,33.885822595075595
29400.0,10010.0,15.100000000000001,50.0,20.0,181.0,89.80000000000001,5019.0,30.200000000000003,14.200000000000001,92.2,1085.0,72.7,90.5,25273.752880003063,62.56455112094265,48.09387673236203,31.88935245016778,2.2251627054069454,1.0257308241237113,1.62,1.0,0.9807039812395851,1.0,0.9941521902500211,0.9807039812395851,69681.64162360138,288.15,0.8385412648334485,30.97503654010685,0.01818555881444392,25.0,33.89260808714171
29450.0,9980.0,15.0,50.0,19.400000000000002,180.0,89.60000000000001,5014.0,29.8,14.4,92.60000000000001,1092.0,72.7,89.9,25278.7975828522,62.56455111657685,48.10347512197016,31.889353234880375,2.2251627652878203,1.0257308264864111,1.59,1.0,0.9796998815119048,1.0,0.9941521897037954,0.9796998815119048,69681.64162360138,288.15,0.8385412648334485,30.9750369362392,0.01816272549501765,25.6,33.899373134556456
29500.0,10010.0,15.100000000000001,49.5,19.8,182.0,89.7,5014.0,30.3,14.3,91.10000000000001,1093.0,72.9,90.9,25283.82711994789,62.56455111283475,48.113044832746844,31.889353907491166,2.2251628166142847,1.0257308285115823,1.54,1.0,0.978696979005955,1.0,0.9941521892356021,0.978696979005955,69681.64162360138,288.15,0.8385412648334485,30.97503727578121,0.01813996037181479,25.8,33.906117844392526
29550.0,10000.0,15.4,50.5,19.8,180.0,90.30000000000001,5024.0,29.400000000000002,14.350000000000001,91.80000000000001,1086.0,72.8,90.5,25288.84156887937,62.56455110962721,48.12258598660618,31.889354484014692,2.225162860608396,1.0257308302474435,1.56,1.0,0.9776952710451917,0.9999999999999997,0.9941521888342935,0.9776952710451917,69681.64162360138,288.15,0.8385412648334485,30.97503756681722,0.018117263145475068,25.1,33.912842320698616
29600.0,9990.0,15.0,49.5,20.6,180.0,90.4,5018.0,29.8,14.450000000000001,91.60000000000001,1088.0,73.0,90.60000000000001,25293.841005249447,62.564551106877865,48.132098705353606,31.889354978177707,2.2251628983176346,1.0257308317353242,1.6,1.0,0.9766947549620147,0.9999999999999997,0.9941521884903146,0.9766947549620147,69681.64162360138,288.15,0.8385412648334485,30.97503781627666,0.01809463351835785,25.400000000000002,33.91954666485962
29650.0,10020.0,15.3,50.5,20.0,179.0,90.4,5012.0,29.6,14.350000000000001,92.9,1089.0,73.10000000000001,90.30000000000001,25298.825502905176,62.564551104521264,48.14158311060099,31.88935540174599,2.2251629306398377,1.025730833010651,1.56,1.0,0.9756954280978664,1.0,0.9941521881954756,0.9756954280978664,69681.64162360138,288.15,0.8385412648334485,30.975038030099036,0.0180720711945329,24.8,33.9262309759059
29700.0,10010.0,14.5,49.5,20.200000000000003,181.0,90.0,5021.0,30.200000000000003,14.3,91.30000000000001,1090.0,72.9,91.80000000000001,25303.795134136002,62.564551102501376,48.15103932369468,31.889355764804534,2.225162958344584,1.0257308341037878,1.58,1.0,0.9746972878033171,0.9999999999999997,0.9941521879427566,0.9746972878033171,69681.64162360138,288.15,0.8385412648334485,30.975038213375356,0.01804957587977039,25.0,33.93289535077906
29750.0,10010.0,15.0,50.0,19.900000000000002,179.0,90.2,5013.0,29.700000000000003,14.3,93.0,1091.0,72.10000000000001,92.10000000000001,25308.74996984404,62.56455110076998,48.16046746565448,31.889356075997558,2.2251629820915095,1.0257308350407626,1.62,1.0,0.9737003314381195,1.0,0.9941521877261401,0.9737003314381195,69681.64162360138,288.15,0.8385412648334485,30.975038370469342,0.01802714728153103,25.0,33.939539884560254
29800.0,9970.0,15.0,50.5,20.6,179.0,90.4,5009.0,29.900000000000002,14.3,92.80000000000001,1092.0,73.0,90.80000000000001,25313.690079690663,62.56455109928594,48.16986765712253,31.889356342734438,2.2251630024460165,1.0257308358438835,1.6,1.0,0.9727045563712613,0.9999999999999997,0.994152187540469,0.9727045563712613,69681.64162360138,288.15,0.8385412648334485,30.975038505121333,0.018004785108955722,25.400000000000002,33.946164670666775
29850.0,9980.0,14.4,50.5,19.900000000000002,179.0,90.0,5020.0,30.0,14.200000000000001,93.2,1091.0,72.60000000000001,91.30000000000001,25318.615532222317,62.56455109801391,48.17924001831981,31.889356571366044,2.225163019892737,1.025730836532273,1.59,1.0,0.9717099599809922,1.0,0.9941521873813223,0.9717099599809922,69681.64162360138,288.15,0.8385412648334485,30.975038620537326,0.017982489072854997,25.0,33.95276980102077
29900.0,10000.0,14.600000000000001,50.0,19.5,179.0,90.30000000000001,5018.0,30.1,14.200000000000001,91.80000000000001,1089.0,72.8,90.5,25323.526394979002,62.564551096923594,48.18858466900987,31.889356767335993,2.2251630348470686,1.025730837122321,1.58,1.0,0.9707165396548442,1.0,0.9941521872449107,0.9707165396548442,69681.64162360138,288.15,0.8385412648334485,30.975038719465317,0.017960258885698528,25.400000000000002,33.95935536619474
29950.0,10020.0,14.8,49.0,19.6,179.0,90.10000000000001,5007.0,29.900000000000002,14.450000000000001,92.2,1090.0,72.10000000000001,90.80000000000001,25328.422734587526,62.564551095989025,48.19790172846834,31.889356935310225,2.2251630476650663,1.0257308376280767,1.62,1.0,0.9697242927896446,1.0,0.9941521871279866,0.9697242927896446,69681.64162360138,288.15,0.8385412648334485,30.97503880426074,0.017938094261604254,25.400000000000002,33.96592145553657
30000.0,10000.0,14.700000000000001,50.0,19.5,181.0,90.5,5020.0,29.8,14.15,91.2,1092.0,72.3,91.4,25333.304616841928,62.564551095188,48.20719131545765,31.88935707928816,2.225163058651923,1.0257308380615815,1.59,1.0,0.9687332167915121,1.0,0.9941521870277659,0.9687332167915121,69681.64162360138,288.15,0.8385412648334485,30.975038876942534,0.01791599491632775,25.700000000000003,33.97246815727737
30050.0,10000.0,14.9,50.0,19.700000000000003,180.0,90.10000000000001,5019.0,30.6,14.350000000000001,92.9,1085.0,72.9,91.30000000000001,25338.172106772672,62.564551094501375,48.216453548205834,31.889357202697795,2.2251630680692274,1.025730838433157,1.59,1.0,0.9677433090758575,0.9999999999999997,0.9941521869418625,0.9677433090758575,69681.64162360138,288.15,0.8385412648334485,30.97503893924121,0.017893960567251163,25.5,33.97899555862429
30100.0,10000.0,15.700000000000001,50.5,20.5,181.0,90.4,5012.0,30.400000000000002,14.25,91.9,1089.0,73.10000000000001,91.2,25343.02526870656,62.56455109391285,48.22568854438944,31.889357308477493,2.2251630761412033,1.0257308387516502,1.56,1.0,0.9667545670673655,1.0,0.9941521868682309,0.9667545670673655,69681.64162360138,288.15,0.8385412648334485,30.97503899264008,0.01787199093337245,25.400000000000002,33.98550374584087
30150.0,10000.0,15.3,51.5,20.200000000000003,179.0,89.7,5017.0,29.700000000000003,14.350000000000001,92.60000000000001,1087.0,73.4,91.4,25347.8641663182,62.56455109340838,48.234896421119146,31.88935739914581,2.22516308306004,1.0257308390246445,1.57,1.0,0.9657669881999812,1.0,0.9941521868051182,0.9657669881999812,69681.64162360138,288.15,0.8385412648334485,30.975039038410536,0.01785008573529439,25.5,33.991992804316034
30200.0,10010.0,15.4,50.0,20.400000000000002,179.0,90.2,5022.0,30.5,14.200000000000001,91.80000000000001,1090.0,71.7,92.10000000000001,25352.688862674706,62.564551092976004,48.244077294928445,31.889357476861495,2.2251630889904703,1.0257308392586395,1.61,1.0,0.9647805699168873,1.0,0.9941521867510216,0.9647805699168873,69681.64162360138,288.15,0.8385412648334485,30.975039077642357,0.017828244695213758,25.200000000000003,33.99846281862404
30250.0,9990.0,14.700000000000001,49.5,19.8,179.0,89.9,5017.0,29.900000000000002,14.450000000000001,92.10000000000001,1089.0,72.5,91.60000000000001,25357.499420274235,62.564551092605406,48.25323128176439,31.889357543474958,2.225163094073698,1.0257308394592068,1.52,1.0,0.9637953096704791,1.0,0.994152186704653,0.9637953096704791,69681.64162360138,288.15,0.8385412648334485,30.97503911126963,0.017806467536910352,25.0,34.004913872576154
30300.0,9990.0,15.100000000000001,50.5,19.3,180.0,89.7,5017.0,30.3,14.3,92.4,1091.0,72.8,91.5,25362.295901079375,62.56455109228772,48.262358496980404,31.889357600572204,2.225163098430749,1.0257308396311215,1.58,1.0,0.9628112049223364,1.0,0.9941521866649085,0.9628112049223364,69681.64162360138,288.15,0.8385412648334485,30.97503914009301,0.017784753985736177,25.200000000000003,34.01134604926546
30350.0,10010.0,15.200000000000001,49.5,20.1,180.0,90.10000000000001,5022.0,30.1,14.3,93.0,1085.0,72.2,90.4,25367.078366546277,62.56455109201542,48.27145905533088,31.889357649512693,2.2251631021653644,1.025730839778477,1.57,1.0,0.9618282531431908,0.9999999999999997,0.9941521866308418,0.9618282531431908,69681.64162360138,288.15,0.8385412648334485,30.975039164798766,0.017763103768604526,25.200000000000003,34.017759431105894
30400.0,10000.0,14.4,49.5,20.200000000000003,179.0,90.10000000000001,5016.0,30.0,14.350000000000001,93.0,1088.0,72.4,91.80000000000001,25371.846877649794,62.564551091782036,48.280533070967074,31.889357691461694,2.225163105366464,1.0257308399047818,1.59,1.0,0.9608464518128926,1.0,0.9941521866016418,0.9608464518128926,69681.64162360138,288.15,0.8385412648334485,30.97503918597512,0.017741516613979342,25.1,34.02415409986593
30450.0,10000.0,14.9,50.0,19.6,179.0,90.10000000000001,5022.0,29.5,14.350000000000001,93.2,1089.0,72.5,91.60000000000001,25376.601494905364,62.56455109158198,48.289580657434115,31.88935772741798,2.225163108110263,1.025730840013043,1.58,1.0,0.9598657984203782,1.0,0.9941521865766132,0.9598657984203782,69681.64162360138,288.15,0.8385412648334485,30.97503920412629,0.017719992251864346,25.400000000000002,34.030530136698
30500.0,10000.0,15.0,49.5,20.200000000000003,180.0,90.0,5019.0,30.5,14.3,93.30000000000001,1085.0,73.0,92.7,25381.342278388278,62.5645510914105,48.298601927669374,31.88935775823764,2.22516311046209,1.0257308401058383,1.57,1.0,0.95888629046363,1.0,0.9941521865551601,0.95888629046363,69681.64162360138,288.15,0.8385412648334485,30.975039219684426,0.017698530413792365,25.8,34.03688762216425
30550.0,10010.0,14.700000000000001,50.0,20.5,181.0,89.80000000000001,5018.0,30.1,14.3,94.0,1088.0,72.60000000000001,92.80000000000001,25386.069287750393,62.56455109126357,48.30759699400152,31.889357784654514,2.2251631124779436,1.025730840185377,1.56,1.0,0.9579079254496389,0.9999999999999997,0.9941521865367718,0.9579079254496389,69681.64162360138,288.15,0.8385412648334485,30.975039233019977,0.017677130832814802,25.6,34.043226636259035
30600.0,9980.0,14.9,50.5,20.6,179.0,89.80000000000001,5021.0,29.8,14.3,93.10000000000001,1086.0,72.0,91.60000000000001,25390.78258223472,62.564551091137574,48.316565968150144,31.88935780729753,2.225163114205816,1.0257308402535532,1.58,1.0,0.9569307008943667,1.0,0.9941521865210105,0.9569307008943667,69681.64162360138,288.15,0.8385412648334485,30.97503924445045,0.01765579324349096,24.900000000000002,34.049547258428404
30650.0,10000.0,14.600000000000001,51.0,20.900000000000002,179.0,90.10000000000001,5014.0,29.900000000000002,14.450000000000001,92.4,1086.0,72.3,92.80000000000001,25395.48222068848,62.56455109102958,48.32550896122652,31.88935782670583,2.225163115686851,1.02573084031199,1.48,1.0,0.9559546143227045,0.9999999999999997,0.9941521865075005,0.9559546143227045,69681.64162360138,288.15,0.8385412648334485,30.975039254247996,0.01763451738187762,25.3,34.055849567587664
30700.0,10000.0,14.8,50.5,20.5,179.0,90.4,5013.0,30.400000000000002,14.350000000000001,92.4,1086.0,72.60000000000001,92.4,25400.1682615744,62.56455109093699,48.33442608373439,31.889357843341514,2.2251631169563084,1.0257308403620786,1.55,1.0,0.954979663268432,0.9999999999999997,0.9941521864959207,0.954979663268432,69681.64162360138,288.15,0.8385412648334485,30.975039262645893,0.0176133029855186,25.3,34.0621336421365
30750.0,9990.0,14.600000000000001,49.5,19.5,180.0,90.10000000000001,5019.0,30.6,14.200000000000001,93.0,1087.0,72.9,92.7,25404.840762980864,62.56455109085767,48.343317445571635,31.889357857600686,2.2251631180444154,1.0257308404050114,1.57,1.0,0.9540058452741778,1.0,0.9941521864859952,0.9540058452741778,69681.64162360138,288.15,0.8385412648334485,30.97503926984409,0.01759214979343435,25.400000000000002,34.068399559972605
30800.0,9990.0,15.200000000000001,49.0,20.3,180.0,89.9,5017.0,30.0,14.4,94.7,1090.0,72.4,92.7,25409.499782630766,62.564551090789685,48.35218315603188,31.889357869822817,2.225163118977078,1.0257308404418113,1.6,1.0,0.9530331578913751,1.0,0.9941521864774875,0.9530331578913751,69681.64162360138,288.15,0.8385412648334485,30.975039276013973,0.01757105754611182,25.200000000000003,34.074647398503515
30850.0,9980.0,15.0,50.5,19.400000000000002,179.0,90.10000000000001,5018.0,30.400000000000002,14.25,94.2,1083.0,71.9,92.4,25414.14537788958,62.56455109073141,48.36102332380681,31.889357880298952,2.225163119776505,1.025730840473354,1.54,1.0,0.9520615986802227,0.9999999999999997,0.9941521864701952,0.9520615986802227,69681.64162360138,288.15,0.8385412648334485,30.97503928130245,0.017550025985494044,25.400000000000002,34.08087723465749
30900.0,10000.0,15.0,49.5,20.200000000000003,180.0,90.2,5018.0,29.700000000000003,14.200000000000001,92.7,1083.0,72.10000000000001,92.80000000000001,25418.777605772484,62.56455109068143,48.369838056988655,31.88935788927848,2.225163120461726,1.0257308405003907,1.52,1.0,0.95109116520964,1.0,0.9941521864639448,0.95109116520964,69681.64162360138,288.15,0.8385412648334485,30.97503928583542,0.01752905485497021,25.8,34.08708914489302
30950.0,10000.0,15.0,49.5,20.3,180.0,89.9,5019.0,29.5,14.200000000000001,92.2,1087.0,72.60000000000001,93.10000000000001,25423.39652295086,62.56455109063861,48.378627463072895,31.889357896975216,2.225163121049059,1.0257308405235646,1.55,1.0,0.9501218550572265,0.9999999999999997,0.9941521864585873,0.9501218550572265,69681.64162360138,288.15,0.8385412648334485,30.975039289720833,0.01750814389936545,25.6,34.09328320520756
31000.0,10000.0,14.700000000000001,50.0,20.0,179.0,90.0,5018.0,30.0,14.3,92.10000000000001,1087.0,72.3,92.10000000000001,25428.002185758036,62.56455109060192,48.38739164896102,31.889357903572424,2.2251631215524874,1.0257308405434282,1.57,1.0,0.9491536658092172,0.9999999999999997,0.994152186453995,0.9491536658092172,69681.64162360138,288.15,0.8385412648334485,30.975039293051182,0.017487292864930986,25.6,34.09945949114525
31050.0,10000.0,14.9,49.5,20.3,178.0,90.2,5011.0,29.6,14.3,94.2,1091.0,72.9,92.80000000000001,25432.594650194602,62.56455109057046,48.39613072096363,31.88935790922718,2.2251631219839982,1.0257308405604544,1.52,1.0,0.9481865950604436,1.0,0.9941521864500589,0.9481865950604436,69681.64162360138,288.15,0.8385412648334485,30.975039295905766,0.017466501499334174,25.5,34.10561807780397
31100.0,9990.0,14.8,50.0,19.8,181.0,89.60000000000001,5019.0,29.700000000000003,14.3,93.10000000000001,1084.0,72.7,92.60000000000001,25437.17397193326,62.56455109054347,48.40484478480359,31.8893579140741,2.225163122353863,1.0257308405750478,1.55,1.0,0.9472206404142867,0.9999999999999997,0.9941521864466849,0.9472206404142867,69681.64162360138,288.15,0.8385412648334485,30.975039298352556,0.017445769551648605,25.3,34.11175903984195
31150.0,10000.0,14.8,50.0,19.900000000000002,180.0,90.30000000000001,5020.0,29.900000000000002,14.350000000000001,92.4,1085.0,72.5,92.10000000000001,25441.740206323342,62.56455109052037,48.4135339456195,31.88935791822861,2.225163122670891,1.0257308405875567,1.59,1.0,0.9462557994826364,0.9999999999999997,0.9941521864437931,0.9462557994826364,69681.64162360138,288.15,0.8385412648334485,30.9750393004498,0.017425096772344564,25.3,34.11788245148373
31200.0,10000.0,14.8,51.5,19.700000000000003,178.0,89.7,5021.0,30.400000000000002,14.3,93.80000000000001,1088.0,72.5,92.7,25446.29340839471,62.56455109050055,48.42219830796865,31.889357921789617,2.2251631229426287,1.0257308405982786,1.58,1.0,0.9452920698858509,1.0,0.9941521864413143,0.9452920698858509,69681.64162360138,288.15,0.8385412648334485,30.97503930224744,0.017404482913279146,25.700000000000003,34.12398838652548
31250.0,10000.0,14.8,50.0,20.8,180.0,90.2,5020.0,30.1,14.350000000000001,93.60000000000001,1088.0,72.7,92.5,25450.83363286176,62.56455109048356,48.43083797583086,31.889357924841903,2.225163123175547,1.025730840607469,1.59,1.0,0.9443294492527116,0.9999999999999997,0.9941521864391896,0.9443294492527116,69681.64162360138,288.15,0.8385412648334485,30.97503930378827,0.017383927727686755,25.400000000000002,34.13007691834028
31300.0,10000.0,15.8,49.0,20.400000000000002,179.0,90.0,5029.0,29.700000000000003,14.3,93.10000000000001,1084.0,72.9,92.60000000000001,25455.360934126882,62.56455109046902,48.43945305261181,31.88935792745816,2.2251631233751916,1.0257308406153463,1.59,1.0,0.9433679352203819,0.9999999999999997,0.9941521864373686,0.9433679352203819,69681.64162360138,288.15,0.8385412648334485,30.975039305108993,0.017363430970169697,25.1,34.13614811988283
31350.0,9980.0,14.9,49.0,20.6,179.0,89.80000000000001,5020.0,29.8,14.200000000000001,94.30000000000001,1083.0,72.5,92.80000000000001,25459.87536628377,62.56455109045654,48.4480436411465,31.889357929700665,2.2251631235463156,1.0257308406220984,1.6,1.0,0.9424075254343666,0.9999999999999997,0.9941521864358075,0.9424075254343666,69681.64162360138,288.15,0.8385412648334485,30.97503930624103,0.01734299239668849,25.6,34.142202063693865
31400.0,9990.0,14.9,50.0,20.3,179.0,90.4,5015.0,30.0,14.25,92.4,1084.0,72.2,92.80000000000001,25464.376983120594,62.56455109044585,48.456609843703,31.889357931622808,2.225163123692993,1.0257308406278858,1.55,1.0,0.9414482175484659,0.9999999999999997,0.9941521864344696,0.9414482175484659,69681.64162360138,288.15,0.8385412648334485,30.975039307211354,0.017322611764552753,25.6,34.148238821904386
31450.0,9990.0,14.700000000000001,50.0,20.400000000000002,180.0,90.0,5013.0,29.700000000000003,14.25,94.0,1087.0,72.3,92.80000000000001,25468.865838122958,62.56455109043669,48.46515176198588,31.889357933270364,2.225163123818717,1.0257308406328463,1.55,1.0,0.9404900092247385,1.0,0.9941521864333227,0.9404900092247385,69681.64162360138,288.15,0.8385412648334485,30.97503930804306,0.017302288832411788,25.200000000000003,34.154258466239654
31500.0,10010.0,14.9,51.0,20.5,181.0,90.10000000000001,5017.0,30.200000000000003,14.3,94.2,1087.0,72.7,93.2,25473.34198447672,62.56455109042883,48.47366949713992,31.889357934682547,2.2251631239264795,1.0257308406370982,1.6300000000000001,1.0,0.9395328981334581,1.0,0.9941521864323397,0.9395328981334581,69681.64162360138,288.15,0.8385412648334485,30.975039308755946,0.017282023360245383,25.1,34.16026106802297
31550.0,10020.0,15.0,49.5,19.700000000000003,179.0,90.10000000000001,5014.0,30.1,14.4,92.9,1085.0,72.10000000000001,92.9,25477.805475070676,62.564551090422086,48.4821631497537,31.88935793589299,2.2251631240188474,1.0257308406407426,1.6500000000000001,1.0,0.9385768819530711,1.0,0.9941521864314973,0.9385768819530711,69681.64162360138,288.15,0.8385412648334485,30.97503930936699,0.01726181510935473,25.700000000000003,34.16624669817928
31600.0,10000.0,14.8,50.0,20.1,180.0,90.10000000000001,5014.0,29.700000000000003,14.350000000000001,92.60000000000001,1087.0,72.5,92.30000000000001,25482.256362499167,62.56455109041632,48.49063281986323,31.88935793693052,2.2251631240980205,1.0257308406438665,1.58,1.0,0.9376219583701562,1.0,0.994152186430775,0.9376219583701562,69681.64162360138,288.15,0.8385412648334485,30.975039309890747,0.0172416638423533,25.1,34.17221542723863
31650.0,10010.0,14.9,51.0,20.400000000000002,179.0,89.60000000000001,5015.0,29.6,14.450000000000001,93.30000000000001,1088.0,72.4,93.10000000000001,25486.694699064537,62.56455109041137,48.499078606955514,31.889357937819828,2.2251631241658836,1.0257308406465442,1.57,1.0,0.9366681250793851,1.0,0.9941521864301559,0.9366681250793851,69681.64162360138,288.15,0.8385412648334485,30.97503931033968,0.017221569323157854,25.8,34.17816732533953
31700.0,10000.0,14.700000000000001,51.0,19.900000000000002,180.0,89.4,5021.0,30.0,14.350000000000001,93.10000000000001,1084.0,72.4,93.5,25491.120536779556,62.56455109040712,48.50750060997226,31.889357938582087,2.225163124224051,1.0257308406488395,1.59,1.0,0.9357153797834792,1.0,0.9941521864296253,0.9357153797834792,69681.64162360138,288.15,0.8385412648334485,30.975039310724483,0.017201531316979615,25.400000000000002,34.18410246223212
31750.0,10010.0,15.0,49.5,20.1,179.0,90.0,5012.0,29.700000000000003,14.200000000000001,93.30000000000001,1089.0,72.5,93.7,25495.533927369743,62.56455109040351,48.51589892731346,31.88935793923546,2.225163124273909,1.0257308406508068,1.6500000000000001,1.0,0.9347637201931707,0.9999999999999997,0.9941521864291705,0.9347637201931707,69681.64162360138,288.15,0.8385412648334485,30.97503931105431,0.017181549590315287,25.6,34.19002090728137
31800.0,9990.0,14.8,50.0,19.700000000000003,180.0,90.2,5022.0,29.5,14.25,93.2,1087.0,72.9,94.7,25499.934922275555,62.56455109040037,48.52427365684084,31.889357939795484,2.2251631243166443,1.025730840652493,1.56,1.0,0.9338131440271615,0.9999999999999997,0.9941521864287807,0.9338131440271615,69681.64162360138,288.15,0.8385412648334485,30.97503931133702,0.017161623910938426,25.400000000000002,34.19592272946997
31850.0,10010.0,14.8,50.0,19.8,178.0,90.0,5018.0,30.400000000000002,14.350000000000001,92.7,1085.0,71.8,92.80000000000001,25504.323572654743,62.56455109039771,48.53262489588176,31.88935794027551,2.2251631243532746,1.025730840653938,1.59,1.0,0.9328636490120857,1.0,0.9941521864284466,0.9328636490120857,69681.64162360138,288.15,0.8385412648334485,30.975039311579344,0.01714175404789064,25.400000000000002,34.20180799740147
31900.0,10010.0,14.4,50.0,19.8,181.0,90.10000000000001,5021.0,30.5,14.3,94.30000000000001,1083.0,72.10000000000001,93.80000000000001,25508.699929384304,62.564551090395405,48.540952741232395,31.88935794068696,2.2251631243846717,1.0257308406551768,1.53,1.0,0.9319152328824657,1.0,0.9941521864281602,0.9319152328824657,69681.64162360138,288.15,0.8385412648334485,30.97503931178705,0.01712193977147301,25.700000000000003,34.20767677930294
31950.0,10000.0,15.3,50.0,20.0,180.0,89.9,5015.0,30.1,14.350000000000001,93.30000000000001,1085.0,73.10000000000001,93.30000000000001,25513.064043062714,62.56455109039345,48.54925728916162,31.889357941039634,2.2251631244115844,1.0257308406562389,1.56,1.0,0.9309678933806776,1.0,0.9941521864279147,0.9309678933806776,69681.64162360138,288.15,0.8385412648334485,30.975039311965077,0.017102180853237493,25.1,34.21352914302796
32000.0,10000.0,15.200000000000001,50.5,20.0,181.0,90.10000000000001,5023.0,30.3,14.450000000000001,93.5,1082.0,72.7,94.0,25517.415964011925,62.564551090391774,48.557538635414325,31.88935794134192,2.2251631244346517,1.025730840657149,1.62,1.0,0.9300216282569079,0.9999999999999997,0.9941521864277042,0.9300216282569079,69681.64162360138,288.15,0.8385412648334485,30.97503931211768,0.0170824770659785,25.8,34.219365156059276
32050.0,10020.0,15.200000000000001,50.0,19.400000000000002,180.0,85.80000000000001,4991.0,30.0,14.350000000000001,93.5,1088.0,71.5,93.7,23683.121094424565,58.9199988643261,45.06702673819327,30.031717657314353,2.095541428506029,1.0257308406579293,1.54,1.0,0.9290764352691167,0.9999999999999997,0.9941521864275239,0.9290764352691167,69681.64162360138,288.15,0.8385412648334485,30.875509193392062,0.017064036878848582,24.200000000000003,31.75953905004523
32100.0,10010.0,15.5,50.0,20.0,180.0,81.9,4934.0,29.8,14.25,93.9,1086.0,72.3,93.4,21831.29926080107,55.445661423204875,41.77991938471948,28.107038862383558,1.9606181113235843,1.0254045749027216,1.44,1.0,0.9281904347963086,1.0,0.994227598637059,0.9281904347963086,69681.64162360138,288.15,0.8385412648334485,30.691137105696434,0.017047008972322933,22.0,29.276208934719456
32150.0,9990.0,14.600000000000001,50.5,19.400000000000002,180.0,78.10000000000001,4870.0,30.200000000000003,14.4,95.0,1080.0,72.2,94.10000000000001,20011.500166442882,52.1580172344311,38.70587732150862,26.161301432566717,1.824892392813812,1.0254045749027216,1.33,1.0,0.9273710658023708,1.0,0.994227598637059,0.9273710658023708,69681.64162360138,288.15,0.8385412648334485,30.434533825584708,0.017031484365661428,20.3,26.835821953203236
32200.0,10000.0,15.100000000000001,50.0,19.8,180.0,73.8,4770.0,30.3,14.4,94.30000000000001,1084.0,71.60000000000001,93.7,18243.751513899795,49.03516570426262,35.81862902898874,24.22971896080746,1.6901540592530058,1.0254045749027216,1.34,1.0,0.9266230069891742,1.0,0.994227598637059,0.9266230069891742,69681.64162360138,288.15,0.8385412648334485,30.116531597761195,0.017017519539081358,18.6,24.465235655169906
32250.0,9990.0,15.100000000000001,50.5,19.5,181.0,69.7,4667.0,30.0,14.4,93.2,1083.0,72.10000000000001,92.7,16547.537480799117,46.069957968817675,33.10683764866502,22.339272748623,1.5582852024787566,1.0254045749027216,1.17,1.0,0.9259492676331433,1.0,0.994227598637059,0.9259492676331433,69681.64162360138,288.15,0.8385412648334485,29.746440615959813,0.01700513893641279,16.8,22.190578712501235
32300.0,10010.0,15.3,50.5,21.0,180.0,65.7,4547.0,30.3,14.350000000000001,94.7,1087.0,72.10000000000001,94.10000000000001,14936.877667988872,43.25691820411564,30.56143303504898,20.510546166155674,1.430721623981599,1.0254045749027216,1.09,1.0,0.9253512938992503,1.0,0.994227598637059,0.9253512938992503,69681.64162360138,288.15,0.8385412648334485,29.332269269952327,0.01699434103907534,15.100000000000001,20.03065169032644
32350.0,10000.0,15.100000000000001,50.0,19.700000000000003,180.0,61.2,4423.0,29.6,14.3,94.10000000000001,1092.0,70.4,93.80000000000001,13421.59142957045,40.59220122508678,28.175472553439477,18.759054647068808,1.3085456092486065,1.0254045749027216,1.02,1.0,0.9248292516842799,1.0,0.994227598637059,0.9248292516842799,69681.64162360138,288.15,0.8385412648334485,28.880913433019757,0.01698510343344046,13.4,17.998622538882564
32400.0,10020.0,14.8,49.0,20.3,180.0,57.1,4281.0,30.400000000000002,14.25,95.10000000000001,1089.0,70.10000000000001,93.2,12008.194696165781,38.0734057174636,25.943877103716673,17.09622045421531,1.192553922945433,1.0254045749027216,0.93,1.0,0.9243822651654853,1.0,0.994227598637059,0.9243822651654853,69681.64162360138,288.15,0.8385412648334485,28.398319342473343,0.0169773870685211,12.0,16.103229251452237
32450.0,9980.0,15.9,50.0,19.8,181.0,53.800000000000004,4141.0,29.6,14.350000000000001,92.60000000000001,1094.0,68.2,93.4,10700.546495106508,35.69932560697081,23.863119670197953,15.5301014031684,1.0833086413273507,1.0254045749027216,0.86,1.0,0.9240086195972583,1.0,0.994227598637059,0.9240086195972583,69681.64162360138,288.15,0.8385412648334485,27.889624020417443,0.016971139853062877,10.8,14.34964686086773
32500.0,10000.0,15.5,50.5,20.3,179.0,49.7,3982.0,30.5,14.5,94.0,1095.0,66.0,93.80000000000001,9500.327707779426,33.46969036447953,21.9309134644962,14.06595099022939,0.9811762241999107,1.0254045749027219,0.8200000000000001,1.0,0.8921574754265591,0.9999999999999997,0.9942275986370589,0.8921574754265591,69681.64162360138,288.15,0.8385412648334485,27.35927668324979,0.016966299705166474,9.700000000000001,12.740129462686367
32550.0,9990.0,14.9,48.5,20.200000000000003,178.0,45.5,3833.0,29.900000000000002,14.350000000000001,93.60000000000001,1094.0,64.60000000000001,94.2,8407.408716027667,31.384924531708148,20.145927219118537,12.706663496897988,0.8863585633652118,1.0254045749027216,0.67,1.0,0.8511062698119982,1.0,0.994227598637059,0.8511062698119982,69681.64162360138,288.15,0.8385412648334485,26.811144192666834,0.01696279714117971,7.9,11.274503236367424
32600.0,10000.0,14.9,50.0,19.700000000000003,182.0,41.300000000000004,3669.0,30.1,14.4,94.10000000000001,1096.0,62.900000000000006,92.9,7420.143963231375,29.445943938492533,18.50754304470078,11.453140394832056,0.7989185413512895,1.0254045749027216,0.6,1.0,0.8048671742542102,1.0,0.994227598637059,0.8048671742542102,69681.64162360138,288.15,0.8385412648334485,26.248603313182237,0.016960557471388974,7.4,9.950561457572539
32650.0,10000.0,15.200000000000001,50.0,20.200000000000003,179.0,37.2,3498.0,30.1,14.200000000000001,93.9,1092.0,60.0,94.30000000000001,6535.618481548101,27.65399864486424,17.0156652436815,10.304602339295265,0.71880179464399,1.0254045749027216,0.6,1.0,0.7551784112637673,1.0,0.994227598637059,0.7551784112637673,69681.64162360138,288.15,0.8385412648334485,25.67462238109141,0.0169595026559885,6.1000000000000005,8.764395096125636
32700.0,9990.0,14.600000000000001,49.0,20.0,180.0,33.2,3340.0,30.0,14.3,93.10000000000001,1095.0,57.0,93.4,5749.862709288693,26.01056914852902,15.67058519290258,9.258862951968391,0.6458558115201161,1.0254045749027214,0.54,1.0,0.7033021003022479,0.9999999999999997,0.994227598637059,0.7033021003022479,69681.64162360138,288.15,0.8385412648334485,25.091835004896325,0.016959552864292286,5.7,7.710680890410323
32750.0,10040.0,14.600000000000001,50.0,19.400000000000002,180.0,29.0,3172.0,29.900000000000002,14.3,93.5,1093.0,54.5,93.7,5058.046359895621,24.517322218957297,14.472907239020882,8.312575484194848,0.5798471381440546,1.0254045749027214,0.48,1.0,0.6500585703578836,0.9999999999999997,0.994227598637059,0.6500585703578836,69681.64162360138,288.15,0.8385412648334485,24.50260871246352,0.01696062777188843,5.2,6.782941329547226
32800.0,10000.0,14.9,49.0,20.200000000000003,179.0,25.1,3005.0,29.900000000000002,14.25,93.7,1098.0,51.900000000000006,93.60000000000001,4454.659013339273,23.17613619121956,13.423543774261573,7.461460723617107,0.5204772762893847,1.0254045749027219,0.45,1.0,0.5959696316680525,0.9999999999999997,0.9942275986370589,0.5959696316680525,69681.64162360138,288.15,0.8385412648334485,23.909112271239174,0.01696264762328145,4.6000000000000005,5.973786830068232
32850.0,10000.0,14.5,50.0,19.700000000000003,180.0,25.0,2847.0,30.0,14.350000000000001,94.10000000000001,1098.0,48.6,94.5,4258.614412563995,23.06680884471495,13.558286501512931,7.028887132824904,0.4903029266988796,1.0254045749027214,0.41000000000000003,1.0,0.5413827440388301,0.9999999999999997,0.994227598637059,0.5413827440388301,69681.64162360138,288.15,0.8385412648334485,23.400401035904018,0.016965322243737896,4.0,5.710887099536569
32900.0,9990.0,15.100000000000001,50.5,19.8,181.0,24.6,2725.0,29.400000000000002,14.25,94.60000000000001,1104.0,47.0,93.5,4083.4963538602174,22.961885864868457,13.662835673294804,6.657856361000126,0.46442152187855207,1.0254045749027216,0.37,1.0,0.4945762533440481,1.0,0.994227598637059,0.4945762533440481,69681.64162360138,288.15,0.8385412648334485,22.964362834188172,0.01696853983182797,4.2,5.47605028045363
32950.0,9980.0,14.8,50.5,19.6,179.0,25.0,2624.0,29.8,14.350000000000001,94.10000000000001,1104.0,44.800000000000004,93.80000000000001,3928.5558847879506,22.863713153057414,13.744380873340049,6.3400116672337115,0.44225013391279455,1.0254045749027216,0.39,1.0,0.45447074028981466,1.0,0.994227598637059,0.45447074028981466,69681.64162360138,288.15,0.8385412648334485,22.59061580414602,0.016972209180270856,3.8000000000000003,5.268272012618338
33000.0,9980.0,15.100000000000001,50.5,20.1,180.0,24.700000000000003,2531.0,30.400000000000002,14.25,93.5,1099.0,42.900000000000006,93.9,3792.420157967819,22.773512170544322,13.808319585147748,6.067938494031454,0.4232715572794683,1.0254045749027216,0.34,1.0,0.42011890064412527,1.0,0.994227598637059,0.42011890064412527,69681.64162360138,288.15,0.8385412648334485,22.270261206967028,0.01697625559274177,3.9000000000000004,5.085711280238004
33050.0,9990.0,14.5,50.0,19.8,181.0,25.400000000000002,2461.0,29.700000000000003,14.4,94.2,1102.0,41.5,94.5,3673.425946569371,22.691749981911787,13.858716584319263,5.8351470618761745,0.4070330947263949,1.0254045749027216,0.31,1.0,0.39070198444935894,1.0,0.994227598637059,0.39070198444935894,69681.64162360138,288.15,0.8385412648334485,21.995671552242182,0.016980617654725298,3.7,4.926137662868458
33100.0,9980.0,15.200000000000001,50.0,20.200000000000003,180.0,25.0,2385.0,30.200000000000003,14.3,92.80000000000001,1102.0,40.0,93.10000000000001,3569.8219792207606,22.618400877624495,13.898643638531592,5.63600768561227,0.39314204523902874,1.0254045749027219,0.27,1.0,0.3655160679896731,0.9999999999999997,0.9942275986370589,0.3655160679896731,69681.64162360138,288.15,0.8385412648334485,21.760308991049456,0.01698524467632243,3.6,4.787202670574625
33150.0,10000.0,14.4,50.0,20.5,180.0,25.0,2332.0,30.200000000000003,14.4,92.0,1105.0,39.5,95.0,3479.887926372767,22.553129804166108,13.930430989842332,5.465665683407997,0.38125976847995724,1.0254045749027216,0.27,1.0,0.34395713692252256,1.0,0.994227598637059,0.34395713692252256,69681.64162360138,288.15,0.8385412648334485,21.558569652884263,0.016990094662610384,3.0,4.666599307024408
33200.0,10000.0,14.9,50.5,20.400000000000002,180.0,25.0,2281.0,29.900000000000002,14.3,94.30000000000001,1104.0,38.7,93.7,3402.0007500951506,22.49541960130246,13.95585377343757,5.319951013338048,0.37109538145137444,1.0254045749027216,0.22,1.0,0.32550729813570073,1.0,0.994227598637059,0.32550729813570073,69681.64162360138,288.15,0.8385412648334485,21.38565022017124,0.016995132697904206,3.4000000000000004,4.562151045892599
33250.0,9990.0,15.0,49.5,20.0,179.0,24.700000000000003,2241.0,29.700000000000003,14.350000000000001,94.2,1104.0,37.800000000000004,93.9,3334.668136418348,22.444658030175535,13.976270412887555,5.195290756428112,0.3623996537136876,1.0254045749027216,0.29,1.0,0.30972262623461905,1.0,0.994227598637059,0.30972262623461905,69681.64162360138,288.15,0.8385412648334485,21.237433563560074,0.017000329654925813,3.7,4.471856664299733
33300.0,10010.0,14.5,49.5,20.3,179.0,25.3,2200.0,30.0,14.4,93.5,1103.0,37.1,93.0,3276.5416585319135,22.400196181730184,13.992725538155003,5.088628435823149,0.3549593794607576,1.0254045749027216,0.26,1.0,0.29622263268345717,1.0,0.994227598637059,0.29622263268345717,69681.64162360138,288.15,0.8385412648334485,21.11039071503622,0.017005661159416263,3.5,4.3939078949244665
33350.0,10000.0,15.5,49.0,19.3,181.0,25.200000000000003,2168.0,30.1,14.4,93.10000000000001,1101.0,36.300000000000004,94.2,3226.4177640565485,22.36138664852977,14.006026668687829,4.997351786118122,0.3485923390397149,1.0254045749027216,0.22,1.0,0.28468120271625363,1.0,0.994227598637059,0.28468120271625363,69681.64162360138,288.15,0.8385412648334485,21.001496844872918,0.017011106756059935,3.2,4.326690749955112
33400.0,10000.0,15.100000000000001,50.0,19.8,181.0,24.900000000000002,2141.0,29.5,14.3,93.9,1104.0,35.9,94.0,3183.231741612337,22.327607506071345,14.016801474060507,4.919229266408248,0.3431428703925426,1.0254045749027214,0.32,1.0,0.27481881743672537,0.9999999999999997,0.994227598637059,0.27481881743672537,69681.64162360138,288.15,0.8385412648334485,20.9081592418758,0.01701664923355409,3.0,4.268777430136977
33450.0,9980.0,14.700000000000001,49.5,19.6,180.0,25.3,2125.0,30.200000000000003,14.5,93.4,1099.0,35.7,92.80000000000001,3146.047925662287,22.298276448896416,14.025540636933458,4.852354916998757,0.3384780225130777,1.0254045749027216,0.23,1.0,0.26639588672195735,1.0,0.994227598637059,0.26639588672195735,69681.64162360138,288.15,0.8385412648334485,20.828155582163987,0.017022274075953817,3.3000000000000003,4.218913189271641
33500.0,10000.0,15.0,49.5,20.0,181.0,25.0,2096.0,29.6,14.3,93.80000000000001,1105.0,34.7,92.60000000000001,3114.048174921286,22.27285819103491,14.03263002733088,4.7951008319523,0.3344842401499139,1.0254045749027216,0.26,1.0,0.2592070369278272,1.0,0.994227598637059,0.2592070369278272,69681.64162360138,288.15,0.8385412648334485,20.759581016696714,0.01702796901462618,2.9000000000000004,4.176000883532943
33550.0,10010.0,14.8,49.5,20.1,182.0,25.1,2083.0,30.1,14.200000000000001,92.9,1098.0,35.2,94.4,3086.5198710161776,22.250867344263504,14.038374928376449,4.746076399948393,0.33106452063570896,1.0254045749027216,0.25,1.0,0.25307621734839664,1.0,0.994227598637059,0.25307621734839664,69681.64162360138,288.15,0.8385412648334485,20.70080281772477,0.017033723660724497,3.1,4.139084877430115
33600.0,9980.0,14.9,51.0,20.1,180.0,24.6,2074.0,30.0,14.200000000000001,93.0,1101.0,34.300000000000004,93.80000000000001,3062.844177437856,22.231868339484755,14.043018339844028,4.7040934598960185,0.3281359833025408,1.0254045749027216,0.23,1.0,0.24785250806630688,1.0,0.994227598637059,0.24785250806630688,69681.64162360138,288.15,0.8385412648334485,20.650421504320246,0.017039529202407505,3.3000000000000003,4.107335298827714
33650.0,10000.0,15.3,50.0,21.200000000000003,180.0,24.8,2052.0,29.900000000000002,14.200000000000001,93.7,1100.0,34.2,93.0,3042.484975151042,22.21547348902829,14.046754859720457,4.6681365697351325,0.3256277955698709,1.0254045749027216,0.23,1.0,0.24340652843571584,1.0,0.994227598637059,0.24340652843571584,69681.64162360138,288.15,0.8385412648334485,20.60723752140208,0.017045378154371647,3.2,4.08003320137705
33700.0,10030.0,14.700000000000001,50.0,19.700000000000003,179.0,24.900000000000002,2049.0,29.900000000000002,14.5,93.80000000000001,1103.0,33.800000000000004,93.2,3024.9786863605786,22.201339951660884,14.049741255865923,4.637337664748715,0.3234794052246283,1.0254045749027216,0.26,1.0,0.2396273598770212,1.0,0.994227598637059,0.2396273598770212,69681.64162360138,288.15,0.8385412648334485,20.570222678900798,0.01705126414985609,2.6,4.056556917983263
33750.0,9980.0,14.8,50.5,20.5,181.0,25.1,2036.0,30.200000000000003,14.25,92.4,1107.0,33.4,93.60000000000001,3009.9250701855844,22.189166121620048,14.052104553363394,4.610954467479637,0.3216390343960383,1.0254045749027216,0.24,1.0,0.23641990909477015,1.0,0.994227598637059,0.23641990909477015,69681.64162360138,288.15,0.8385412648334485,20.538495671042554,0.01705718176729736,3.1,4.036369717620273
33800.0,10010.0,15.3,50.0,19.8,180.0,24.900000000000002,2028.0,30.8,14.350000000000001,93.80000000000001,1104.0,34.0,94.0,2996.978996212594,22.178687791792232,14.05394825148462,4.5883520953926284,0.3200623965904823,1.0254045749027216,0.26,1.0,0.23370264848855257,1.0,0.994227598637059,0.23370264848855257,69681.64162360138,288.15,0.8385412648334485,20.511301092878348,0.01706312638538352,3.1,4.019008773501013
33850.0,10010.0,15.4,50.0,20.0,181.0,24.8,2019.0,30.0,14.200000000000001,94.0,1104.0,33.4,93.5,2985.843156368629,22.169674320080382,14.055357127670193,4.568987390027162,0.31871160356508144,1.0254045749027214,0.23,1.0,0.23140567964689757,0.9999999999999997,0.994227598637059,0.23140567964689757,69681.64162360138,288.15,0.8385412648334485,20.487991454451883,0.01706909406148883,2.9000000000000004,4.004075389553459
33900.0,10000.0,15.0,50.0,19.700000000000003,181.0,24.6,2015.0,29.900000000000002,14.350000000000001,92.60000000000001,1105.0,33.4,94.10000000000001,2976.2616506970853,22.16192494307787,14.056400970034579,4.552395560630389,0.31755423364879193,1.0254045749027216,0.24,1.0,0.22946907361259666,1.0,0.994227598637059,0.22946907361259666,69681.64162360138,288.15,0.8385412648334485,20.468011764372058,0.017075081429439174,2.7,3.9912263988178056
33950.0,9990.0,15.3,49.5,20.0,180.0,24.900000000000002,2022.0,29.900000000000002,14.350000000000001,93.0,1108.0,33.6,93.30000000000001,2968.0143708640653,22.155265322221865,14.057137494001816,4.538178795752575,0.31656253733953843,1.0254045749027216,0.23,1.0,0.2278414482751467,1.0,0.994227598637059,0.2278414482751467,69681.64162360138,288.15,0.8385412648334485,20.450886315732205,0.017081085613323263,2.7,3.9801666316161293
34000.0,9990.0,15.3,49.5,19.0,181.0,24.8,2006.0,30.5,14.350000000000001,93.4,1104.0,32.7,93.5,2960.912101624557,22.149544367251487,14.057614634904464,4.525996548436404,0.3157127596435793,1.0254045749027216,0.24,1.0,0.22647874894682302,1.0,0.994227598637059,0.22647874894682302,69681.64162360138,288.15,0.8385412648334485,20.436207359755187,0.017087104154671243,3.0,3.970642346520564
34050.0,9990.0,15.0,49.0,20.200000000000003,180.0,25.400000000000002,2004.0,29.700000000000003,14.350000000000001,93.30000000000001,1109.0,33.2,92.9,2954.7922618132015,22.144631354689018,14.057872360957157,4.515557245208354,0.314984561732774,1.0254045749027216,0.18,1.0,0.2253432030545343,1.0,0.994227598637059,0.2253432030545343,69681.64162360138,288.15,0.8385412648334485,20.423625397489175,0.017093134950808282,3.0,3.96243551893674
34100.0,10020.0,15.0,50.5,20.400000000000002,180.0,24.8,2001.0,30.400000000000002,14.350000000000001,93.9,1107.0,33.1,93.5,2949.515210601954,22.140413341320183,14.057944115687006,4.5066112069844735,0.3143605271394392,1.0254045749027216,0.23,1.0,0.22440242405076377,1.0,0.994227598637059,0.22440242405076377,69681.64162360138,288.15,0.8385412648334485,20.41284085840402,0.017099176202577497,3.2,3.9553588877214327
34150.0,9970.0,15.0,50.0,19.5,181.0,24.900000000000002,1996.0,30.6,14.4,93.80000000000001,1109.0,33.1,94.5,2944.9610504416773,22.136792861477943,14.057857972527264,4.498944602133239,0.3138257399497502,1.0254045749027214,0.25,1.0,0.2236286432161648,0.9999999999999997,0.994227598637059,0.2236286432161648,69681.64162360138,288.15,0.8385412648334485,20.403596967759604,0.017105226369941478,2.8000000000000003,3.9492516678632983
34200.0,9980.0,15.200000000000001,50.0,19.400000000000002,180.0,24.900000000000002,1998.0,30.1,14.3,93.80000000000001,1107.0,32.9,93.2,2941.0268644221223,22.133685890322862,14.057637564540434,4.492374279129616,0.31336742435338943,1.0254045749027216,0.26,1.0,0.22299805108161427,1.0,0.994227598637059,0.22299805108161427,69681.64162360138,288.15,0.8385412648334485,20.395673632921532,0.01711128413422442,2.9000000000000004,3.943975845727355
34250.0,10020.0,15.5,49.5,18.8,181.0,24.900000000000002,1990.0,29.8,14.3,94.2,1109.0,33.5,93.7,2937.6243322144264,22.131020051825043,14.057302837423913,4.486743349231487,0.31297463651131474,1.0254045749027216,0.22,1.0,0.222490232813196,1.0,0.994227598637059,0.222490232813196,69681.64162360138,288.15,0.8385412648334485,20.388882203060327,0.017117348365964413,2.8000000000000003,3.9394129819861905
34300.0,10010.0,15.3,50.5,19.900000000000002,180.0,25.1,1990.0,29.700000000000003,14.3,93.30000000000001,1111.0,33.5,92.80000000000001,2934.6776749830688,22.128733048762914,14.056870662800959,4.481917409059913,0.3126380010602849,1.0254045749027219,0.21,1.0,0.22208768414352523,0.9999999999999997,0.9942275986370589,0.22208768414352523,69681.64162360138,288.15,0.8385412648334485,20.383060977465007,0.017123418097514435,2.8000000000000003,3.935461455705795
34350.0,10010.0,14.9,50.0,19.400000000000002,180.0,25.0,1988.0,29.900000000000002,14.4,92.80000000000001,1107.0,33.5,93.5,2932.1218854898666,22.126771292038725,14.05635534037818,4.477781309423003,0.3123494857208331,1.0254045749027214,0.25,1.0,0.2217753963512829,0.9999999999999997,0.994227598637059,0.2217753963512829,69681.64162360138,288.15,0.8385412648334485,20.378071355526163,0.01712949249966992,3.0,3.9320340908796214
34400.0,10000.0,14.9,50.5,20.5,181.0,24.8,1995.0,29.900000000000002,14.3,93.30000000000001,1112.0,33.2,93.30000000000001,2929.9012049699195,22.12508870746151,14.055769011166937,4.474236390660232,0.31210220844756753,1.0254045749027216,0.25,1.0,0.2215405004342308,1.0,0.994227598637059,0.2215405004342308,69681.64162360138,288.15,0.8385412648334485,20.37379453672144,0.01713557086171581,3.0,3.9290561138887616
34450.0,9990.0,14.8,50.0,20.0,179.0,25.200000000000003,1986.0,30.5,14.25,93.30000000000001,1108.0,32.7,93.2,2927.967813203945,22.123645699511847,14.055121999106001,4.471198116596558,0.3118902723846629,1.0254045749027219,0.28,1.0,0.22137196202897133,0.9999999999999997,0.9942275986370589,0.22137196202897133,69681.64162360138,288.15,0.8385412648334485,20.370128692031678,0.017141652574381543,3.0,3.9264633968627543
34500.0,9990.0,14.5,49.0,19.8,179.0,25.0,1978.0,30.0,14.4,94.4,1105.0,32.7,93.0,2926.280702544268,22.122408253238273,14.054423094707456,4.468594049217461,0.3117086245884804,1.0254045749027216,0.23,1.0,0.22126031983712588,1.0,0.994227598637059,0.22126031983712588,69681.64162360138,288.15,0.8385412648334485,20.36698653944045,0.01714773711527179,2.6,3.9242009477259145
34550.0,10020.0,15.0,50.0,20.6,180.0,25.1,1984.0,29.6,14.3,94.7,1112.0,33.1,92.9,2924.804710494586,22.121347157179233,14.053679791492723,4.466362114686792,0.3115529350729273,1.0254045749027216,0.25,1.0,0.2211974613514338,1.0,0.994227598637059,0.2211974613514338,69681.64162360138,288.15,0.8385412648334485,20.364293265790828,0.01715382403640703,2.6,3.9222216128674496
34600.0,9980.0,14.8,51.0,20.8,180.0,24.900000000000002,1979.0,30.0,14.350000000000001,93.80000000000001,1113.0,32.9,93.7,2923.5096888302996,22.120437331951425,14.052898483781329,4.464449118563976,0.311419493237818,1.0254045749027219,0.2,1.0,0.22117643056125164,0.9999999999999997,0.9942275986370589,0.22117643056125164,69681.64162360138,288.15,0.8385412648334485,20.361984745519724,0.01715991295356397,3.1,3.9204849629152085
34650.0,9990.0,15.100000000000001,50.0,20.0,181.0,24.700000000000003,1981.0,29.900000000000002,14.25,93.10000000000001,1110.0,33.5,93.4,2922.3697902157137,22.119657250827135,14.052084632682803,4.462809474232463,0.311305119169876,1.0254045749027216,0.26,1.0,0.22119126307630946,1.0,0.994227598637059,0.22119126307630946,69681.64162360138,288.15,0.8385412648334485,20.36000601385878,0.017166003537152294,3.0,3.9189563360750763
34700.0,9990.0,15.100000000000001,50.5,20.5,180.0,24.700000000000003,1978.0,29.900000000000002,14.15,94.4,1113.0,32.800000000000004,92.80000000000001,2921.362855867982,22.118988440201306,14.051242905805761,4.461404113793142,0.3112070876716538,1.0254045749027216,0.26,1.0,0.22123684475842265,1.0,0.994227598637059,0.22123684475842265,69681.64162360138,288.15,0.8385412648334485,20.358309958149395,0.017172095504404135,2.6,3.9176060169760816
34750.0,9990.0,14.8,50.0,20.200000000000003,181.0,25.200000000000003,1984.0,30.3,14.3,92.2,1110.0,32.7,93.0,2920.469890075538,22.11841504930086,14.050377295148007,4.460199555143473,0.31112306318525174,1.0254045749027216,0.2,1.0,0.22130879050879074,1.0,0.994227598637059,0.22130879050879074,69681.64162360138,288.15,0.8385412648334485,20.35685619611278,0.017178188612685028,2.8000000000000003,3.916408531989098
34800.0,10010.0,15.5,49.0,19.5,179.0,25.200000000000003,1983.0,29.8,14.4,93.9,1111.0,32.7,93.5,2919.6746093392576,22.117923479806805,14.049491216801679,4.459167102772775,0.31105104404346384,1.0254045749027216,0.22,1.0,0.22140334033671383,1.0,0.994227598637059,0.22140334033671383,69681.64162360138,288.15,0.8385412648334485,20.35561011436711,0.01718428265376453,2.9000000000000004,3.915342044616131
34850.0,9990.0,15.3,50.0,20.400000000000002,181.0,25.1,1982.0,30.3,14.350000000000001,94.9,1113.0,33.300000000000004,93.5,2918.9630556034263,22.117502067243358,14.048587595447898,4.458282163055198,0.31098931470775526,1.0254045749027216,0.22,1.0,0.22151727024558,1.0,0.994227598637059,0.22151727024558,69681.64162360138,288.15,0.8385412648334485,20.354542044299393,0.017190377448907314,2.9000000000000004,3.914387836825307
34900.0,10000.0,15.200000000000001,50.5,20.1,180.0,24.900000000000002,1978.0,30.5,14.3,93.9,1113.0,33.1,93.2,2918.3232645129674,22.117140807042393,14.047668936087698,4.457523657597846,0.3109364048461186,1.0254045749027216,0.2,1.0,0.22164781582339085,1.0,0.994227598637059,0.22164781582339085,69681.64162360138,288.15,0.8385412648334485,20.353626555669923,0.01719647284466695,2.7,3.91352986417718
34950.0,10020.0,15.0,50.5,20.6,180.0,25.1,1984.0,29.700000000000003,14.3,93.60000000000001,1111.0,32.9,93.2,2917.7449809025093,22.116831119123994,14.046737385031248,4.456873520572922,0.31089105426927033,1.0254045749027214,0.29,1.0,0.22179260672643697,0.9999999999999997,0.994227598637059,0.22179260672643697,69681.64162360138,288.15,0.8385412648334485,20.35284185113038,0.017202568709280927,2.5,3.912754374289883
35000.0,10010.0,14.9,49.5,19.900000000000002,181.0,25.1,1984.0,30.3,14.4,93.80000000000001,1111.0,33.2,93.5,2917.219414817687,22.11656564565448,14.045794781823552,4.456316267989583,0.31085218288503,1.0254045749027216,0.2,1.0,0.2219496105030204,1.0,0.994227598637059,0.2219496105030204,69681.64162360138,288.15,0.8385412648334485,20.35216924723934,0.017208664929580755,2.5,3.9120495796588144
35050.0,9980.0,15.0,50.0,19.5,181.0,25.0,1988.0,30.1,14.25,93.60000000000001,1114.0,32.9,92.5,2916.7390323127956,22.116338077362993,14.044842703505736,4.455838628594082,0.3108188649516082,1.0254045749027216,0.23,1.0,0.22211708442561512,1.0,0.994227598637059,0.22211708442561512,69681.64162360138,288.15,0.8385412648334485,20.351592729618446,0.017214761408343094,2.7,3.911405377112106
35100.0,10010.0,14.9,51.0,19.200000000000003,180.0,25.3,1979.0,30.0,14.3,92.9,1113.0,32.6,93.2,2916.2973760811997,22.11614300442497,14.043882502381155,4.45542922756886,0.3107903070139053,1.0254045749027216,0.24,1.0,0.2222935341897143,1.0,0.994227598637059,0.2222935341897143,69681.64162360138,288.15,0.8385412648334485,20.35109857165768,0.01722085806201898,2.9000000000000004,3.9108131072724106
35150.0,9990.0,15.3,50.5,19.6,179.0,24.8,1985.0,30.1,14.4,93.10000000000001,1111.0,33.4,92.9,2915.8889116741893,22.11597578846815,14.042915338268136,4.455078315469274,0.31076582899538124,1.0254045749027216,0.23,1.0,0.22247767850042122,1.0,0.994227598637059,0.22247767850042122,69681.64162360138,288.15,0.8385412648334485,20.35067500769131,0.017226954818786815,2.5,3.9102653483333216
35200.0,9990.0,15.3,49.5,20.3,178.0,24.900000000000002,1982.0,30.5,14.25,93.60000000000001,1116.0,32.800000000000004,93.0,2915.5088956650893,22.115832452731077,14.041942206064919,4.454777535921719,0.3107448479937418,1.0254045749027216,0.23,1.0,0.22266841870741103,1.0,0.994227598637059,0.22266841870741103,69681.64162360138,288.15,0.8385412648334485,20.350311952862995,0.01723305161688291,2.5,3.9097557392647984
35250.0,9990.0,15.4,50.5,19.900000000000002,180.0,25.1,1986.0,29.8,14.450000000000001,94.0,1115.0,32.800000000000004,92.7,2915.153262632288,22.115709587816287,14.040963959323886,4.454519726535767,0.31072686439348274,1.0254045749027216,0.22,1.0,0.2228648127685572,1.0,0.994227598637059,0.2228648127685572,69681.64162360138,288.15,0.8385412648334485,20.35000076301015,0.01723914840316997,2.9000000000000004,3.909278828255151
35300.0,9980.0,15.200000000000001,50.5,20.200000000000003,179.0,24.8,1984.0,30.0,14.350000000000001,93.60000000000001,1116.0,32.7,93.30000000000001,2914.8185282787467,22.115604270835934,14.039981330424133,4.454298748278007,0.3107114499637915,1.0254045749027216,0.21,1.0,0.2230660529251498,1.0,0.994227598637059,0.2230660529251498,69681.64162360138,288.15,0.8385412648334485,20.349734028850573,0.017245245131909476,2.9000000000000004,3.9088299427923654
35350.0,10010.0,15.3,50.5,20.200000000000003,180.0,24.900000000000002,1975.0,30.400000000000002,14.3,93.5,1116.0,32.7,92.7,2914.5017063868854,22.115513996055522,14.038994947841525,4.454109339236192,0.31069823765780474,1.0254045749027216,0.27,1.0,0.22327144655957154,1.0,0.994227598637059,0.22327144655957154,69681.64162360138,288.15,0.8385412648334485,20.349505399570933,0.017251341763708936,3.0,3.9084050782989412
35400.0,9990.0,15.0,50.5,20.400000000000002,179.0,25.3,1986.0,30.0,14.25,93.80000000000001,1115.0,32.6,93.0,2914.2002376351647,22.115436615407276,14.038005350940281,4.453946989285355,0.31068691286989164,1.0254045749027216,0.32,1.0,0.22348039978177037,1.0,0.994227598637059,0.22348039978177037,69681.64162360138,288.15,0.8385412648334485,20.34930943161696,0.01725743826461908,2.9000000000000004,3.9080008026735085
35450.0,9990.0,14.700000000000001,51.0,20.3,181.0,25.0,1987.0,29.700000000000003,14.350000000000001,93.4,1118.0,33.2,92.80000000000001,2913.911928583614,22.11537028747325,14.037013002646166,4.453807832666951,0.3106772059424671,1.0254045749027214,0.23,1.0,0.2236924033555134,0.9999999999999997,0.994227598637059,0.2236924033555134,69681.64162360138,288.15,0.8385412648334485,20.349141459084976,0.017263534605359412,2.5,3.9076141744691983
35500.0,9970.0,15.3,50.0,19.900000000000002,181.0,25.3,1984.0,30.6,14.350000000000001,93.4,1115.0,32.7,93.60000000000001,2913.634899376777,22.115313433735754,14.036018300308088,4.453688555919832,0.3106688857436797,1.0254045749027216,0.15,1.0,0.2239070206308779,1.0,0.994227598637059,0.2239070206308779,69681.64162360138,288.15,0.8385412648334485,20.348997482628995,0.01726963076065421,2.8000000000000003,3.907242672762246
35550.0,10000.0,14.8,50.0,20.700000000000003,181.0,24.900000000000002,1980.0,29.6,14.4,93.0,1110.0,33.2,93.30000000000001,2913.3675389193895,22.115264701062518,14.035021585009577,4.4535863189683855,0.3106617541628812,1.0254045749027216,0.25,1.0,0.22412387719698898,1.0,0.994227598637059,0.22412387719698898,69681.64162360138,288.15,0.8385412648334485,20.34887407423815,0.017275726708662873,2.9000000000000004,3.90688413704168
35600.0,10000.0,15.600000000000001,50.0,20.3,180.0,25.1,1976.0,29.900000000000002,14.25,92.80000000000001,1118.0,32.9,93.5,2913.108466457623,22.11522292953981,14.03402314955303,4.453498687487017,0.3106556413926839,1.0254045749027216,0.27,1.0,0.22434265200977213,1.0,0.994227598637059,0.22434265200977213,69681.64162360138,288.15,0.8385412648334485,20.34876829561743,0.01728182243049146,2.9000000000000004,3.906536715689002
35650.0,10010.0,15.200000000000001,50.0,20.3,181.0,24.900000000000002,1978.0,29.700000000000003,14.4,93.80000000000001,1114.0,32.4,92.7,2912.856498650976,22.115187124892635,14.033023245307431,4.453423574929252,0.31065040188517606,1.0254045749027216,0.24,1.0,0.22456306978445784,1.0,0.994227598637059,0.22456306978445784,69681.64162360138,288.15,0.8385412648334485,20.348677628228238,0.01728791790977356,2.9000000000000004,3.9061988218209316
35700.0,10000.0,14.9,50.5,20.1,180.0,25.0,1984.0,30.1,14.25,93.4,1117.0,33.6,93.30000000000001,2912.61062135044,22.115156434838852,14.03202208808218,4.453359192840149,0.3106459108859443,1.0254045749027216,0.2,1.0,0.22478489447253955,1.0,0.994227598637059,0.22478489447253955,69681.64162360138,288.15,0.8385412648334485,20.34859991332322,0.017294013132310927,2.7,3.905869095443367
35750.0,9990.0,15.100000000000001,50.0,19.6,179.0,24.6,1970.0,30.0,14.5,94.2,1113.0,33.2,92.30000000000001,2912.3699654105103,22.115130128816737,14.031019863166195,4.453304008268215,0.3106420614633235,1.0254045749027216,0.19,1.0,0.22500792366859967,1.0,0.994227598637059,0.22500792366859967,69681.64162360138,288.15,0.8385412648334485,20.348533300547487,0.017300108085765247,2.6,3.9055463710148026
35800.0,10000.0,15.0,50.0,20.3,180.0,25.0,1978.0,29.6,14.25,93.5,1115.0,32.6,93.0,2912.133785958699,22.115107580605525,14.030016729651672,4.453256707262303,0.31063876196210854,1.0254045749027216,0.19,1.0,0.22523198381445136,1.0,0.994227598637059,0.22523198381445136,69681.64162360138,288.15,0.8385412648334485,20.348476203882576,0.01730620275939364,3.3000000000000003,3.905229649646335
35850.0,9990.0,15.200000000000001,50.5,19.6,180.0,25.1,1983.0,30.1,14.25,93.4,1115.0,33.300000000000004,93.5,2911.901444628391,22.115088253426066,14.029012824144088,4.453216163583904,0.3106359338210668,1.0254045749027216,0.25,1.0,0.22545692608692816,1.0,0.994227598637059,0.22545692608692816,69681.64162360138,288.15,0.8385412648334485,20.348427263884076,0.01731229714382188,3.0,3.904918075275565
35900.0,10010.0,15.200000000000001,50.5,20.0,180.0,25.200000000000003,1980.0,29.6,14.350000000000001,93.0,1113.0,33.4,93.7,2911.672394331611,22.115071687168463,14.028008263946232,4.45318141188965,0.3106335097022727,1.0254045749027216,0.18,1.0,0.22568262287187774,1.0,0.994227598637059,0.22568262287187774,69681.64162360138,288.15,0.8385412648334485,20.348385315313937,0.017318391230849852,3.2,3.9046109142465775
35950.0,9970.0,14.9,51.0,19.900000000000002,180.0,25.200000000000003,1975.0,30.0,14.350000000000001,94.2,1113.0,33.1,92.5,2911.4461662086132,22.11505748744284,14.027003149790676,4.4531516247452565,0.3106314318877057,1.0254045749027214,0.19,1.0,0.2259089647407911,0.9999999999999997,0.994227598637059,0.2259089647407911,69681.64162360138,288.15,0.8385412648334485,20.348349359396675,0.017324485013284676,3.2,3.904307537809075
36000.0,10000.0,14.8,49.5,19.8,180.0,24.700000000000003,1981.0,29.900000000000002,14.3,93.2,1117.0,33.1,92.9,2911.2223584432013,22.115045316193427,14.025997568185161,4.453126092923446,0.31062965090492406,1.0254045749027216,0.29,1.0,0.2261358578584127,1.0,0.994227598637059,0.2261358578584127,69681.64162360138,288.15,0.8385412648334485,20.34831854003902,0.017330578484797507,3.4000000000000004,3.904007407119502
36050.0,9990.0,14.700000000000001,49.5,20.400000000000002,180.0,25.0,1990.0,30.0,14.4,93.4,1115.0,33.6,92.5,2911.0006266770674,22.11503488365277,14.024991593425677,4.4531042085166845,0.3106281243490865,1.0254045749027216,0.27,1.0,0.22636322175990126,1.0,0.994227598637059,0.22636322175990126,69681.64162360138,288.15,0.8385412648334485,20.348292123446747,0.017336671639800877,2.8000000000000003,3.9037100603864814
36100.0,9990.0,14.700000000000001,49.5,19.8,178.0,25.0,1980.0,30.200000000000003,14.350000000000001,92.60000000000001,1115.0,33.2,93.7,2910.78067579458,22.11502594144483,14.023985289324463,4.453085450462513,0.3106268158732659,1.0254045749027219,0.2,1.0,0.22659098744486159,0.9999999999999997,0.9942275986370589,0.22659098744486159,69681.64162360138,288.15,0.8385412648334485,20.348269480653368,0.017342764473343205,2.7,3.903415101854048
36150.0,9990.0,14.600000000000001,50.0,20.1,181.0,25.200000000000003,1992.0,30.0,14.3,92.30000000000001,1119.0,33.300000000000004,93.30000000000001,2910.5622528820986,22.115018276672938,14.022978710693316,4.453069372136807,0.31062569432301174,1.0254045749027216,0.19,1.0,0.22681909574306386,1.0,0.994227598637059,0.22681909574306386,69681.64162360138,288.15,0.8385412648334485,20.348250072544758,0.017348856981018602,3.0,3.903122192359952
36200.0,10000.0,15.100000000000001,49.5,20.5,182.0,24.8,1985.0,29.1,14.4,91.9,1116.0,32.800000000000004,92.80000000000001,2910.345141193933,22.115011706852155,14.021971904616992,4.453055590719508,0.3106247329945528,1.0254045749027219,0.25,1.0,0.2270474959131455,0.9999999999999997,0.9942275986370589,0.2270474959131455,69681.64162360138,288.15,0.8385412648334485,20.34823343702309,0.017354949158889292,2.4000000000000004,3.9028310412438882
36250.0,10000.0,14.9,51.0,20.200000000000003,179.0,24.900000000000002,1988.0,30.200000000000003,14.25,92.9,1117.0,33.1,92.10000000000001,2910.1291549809966,22.115006075565194,14.020964911546251,4.453043778079585,0.3106239089989732,1.0254045749027216,0.2,1.0,0.22727614444105937,1.0,0.994227598637059,0.22727614444105937,69681.64162360138,288.15,0.8385412648334485,20.34821917800452,0.01736104100341917,3.3000000000000003,3.902541399412616
36300.0,10000.0,15.0,50.0,20.900000000000002,180.0,25.200000000000003,1980.0,29.900000000000002,14.350000000000001,92.60000000000001,1117.0,33.6,92.5,2909.9141350588707,22.115001248739,14.019957766236388,4.453033652962205,0.3106232027172261,1.0254045749027216,0.23,1.0,0.22750500400980836,1.0,0.994227598637059,0.22750500400980836,69681.64162360138,288.15,0.8385412648334485,20.3482069559886,0.017367132511416757,3.1,3.9022530533966475
36350.0,9990.0,15.3,50.0,19.900000000000002,178.0,24.900000000000002,1983.0,30.5,14.4,93.7,1114.0,33.300000000000004,93.5,2909.699945009502,22.114997111452915,14.018950498552766,4.453024974292041,0.3106225973330023,1.0254045749027216,0.2,1.0,0.227734042616047,1.0,0.994227598637059,0.227734042616047,69681.64162360138,288.15,0.8385412648334485,20.34819647997496,0.01737322367998629,3.2,3.9019658202566423
36400.0,10010.0,15.100000000000001,50.0,19.6,181.0,25.1,1983.0,29.900000000000002,14.350000000000001,93.10000000000001,1119.0,33.6,92.5,2909.4864679260168,22.11499356520295,14.017943134162586,4.453017535433279,0.3106220784323352,1.0254045749027219,0.18,1.0,0.22796323281261088,0.9999999999999997,0.9942275986370589,0.22796323281261088,69681.64162360138,288.15,0.8385412648334485,20.348187500534692,0.01737931450648584,2.9000000000000004,3.9016795432181475
36450.0,9980.0,14.9,49.5,20.200000000000003,182.0,24.6,1991.0,29.900000000000002,14.350000000000001,92.10000000000001,1120.0,33.4,92.80000000000001,2909.273603622926,22.114990525556635,14.016935695128595,4.45301115926964,0.3106216336604055,1.0254045749027219,0.17,1.0,0.2281925510590279,0.9999999999999997,0.9942275986370589,0.2281925510590279,69681.64162360138,288.15,0.8385412648334485,20.34817980387161,0.017385404988491174,2.9000000000000004,3.9013940879304165
36500.0,10010.0,14.9,50.5,20.5,179.0,25.3,1982.0,30.0,14.350000000000001,93.0,1111.0,33.300000000000004,92.2,2909.061266245244,22.11498792014294,14.015928200418946,4.453005693987266,0.3106212524273749,1.0254045749027216,0.27,1.0,0.22842197716460846,1.0,0.994227598637059,0.22842197716460846,69681.64162360138,288.15,0.8385412648334485,20.348173206731822,0.017391495123765043,3.3000000000000003,3.901109339260197
36550.0,10010.0,14.9,49.5,19.700000000000003,182.0,24.900000000000002,1973.0,30.3,14.450000000000001,94.0,1121.0,33.800000000000004,92.9,2908.8493822194405,22.114985686929312,14.01492066634485,4.4530010094600625,0.31062092565624394,1.0254045749027214,0.16,1.0,0.22865149381093297,0.9999999999999997,0.994227598637059,0.22865149381093297,69681.64162360138,288.15,0.8385412648334485,20.34816755204057,0.0173975849102306,2.9000000000000004,3.9008251985439144
36600.0,10010.0,15.0,50.0,19.6,179.0,25.400000000000002,1989.0,30.0,14.350000000000001,92.4,1120.0,34.0,92.0,2908.637888497391,22.114983772744818,14.0139131069364,4.452996994151432,0.310620645566731,1.0254045749027216,0.24,1.0,0.22888108614240407,1.0,0.994227598637059,0.22888108614240407,69681.64162360138,288.15,0.8385412648334485,20.348162705162363,0.017403674345948715,3.0,3.9005415812327713
36650.0,10010.0,15.5,51.0,19.900000000000002,181.0,25.0,1979.0,30.1,14.4,93.10000000000001,1116.0,33.2,92.60000000000001,2908.4267310513906,22.11498213201423,14.01290553426514,4.452993552458616,0.3106204054900264,1.0254045749027219,0.2,1.0,0.2291107414151675,0.9999999999999997,0.9942275986370589,0.2291107414151675,69681.64162360138,288.15,0.8385412648334485,20.348158550695324,0.01740976342909849,3.0,3.900258414874536
36700.0,10010.0,15.3,49.5,19.8,181.0,25.0,1982.0,29.900000000000002,14.4,93.60000000000001,1121.0,33.4,92.30000000000001,2908.2158635843716,22.114980725672986,14.011897958721109,4.45299060243642,0.3106201997100089,1.0254045749027216,0.28,1.0,0.22934044869608114,1.0,0.994227598637059,0.22934044869608114,69681.64162360138,288.15,0.8385412648334485,20.34815498972358,0.017415852157960553,3.1,3.8999756373839145
36750.0,9990.0,15.4,49.5,20.6,181.0,24.8,1984.0,30.200000000000003,14.5,92.5,1122.0,33.4,92.10000000000001,2908.0052464245305,22.11497952023708,14.010890389250608,4.452988073846125,0.310620023327148,1.0254045749027216,0.22,1.0,0.2295701986045949,1.0,0.994227598637059,0.2295701986045949,69681.64162360138,288.15,0.8385412648334485,20.34815193746208,0.01742194053090271,2.9000000000000004,3.899693195560224
36800.0,9990.0,15.100000000000001,50.5,20.1,180.0,25.0,1982.0,30.1,14.4,93.10000000000001,1115.0,33.2,92.80000000000001,2907.7948455780092,22.1149784870059,14.009882833560415,4.452985906483132,0.3106198721418467,1.0254045749027219,0.26,1.0,0.2297999830914287,0.9999999999999997,0.9942275986370589,0.2297999830914287,69681.64162360138,288.15,0.8385412648334485,20.34814932123794,0.017428028546367606,3.2,3.8994110438170226
36850.0,10020.0,15.100000000000001,50.5,19.400000000000002,180.0,24.8,1982.0,30.900000000000002,14.350000000000001,92.4,1120.0,33.300000000000004,92.30000000000001,2907.584631917031,22.114977601378875,14.00887529829308,4.4529840487435095,0.3106197425544516,1.0254045749027216,0.29,1.0,0.23002979524879733,1.0,0.994227598637059,0.23002979524879733,69681.64162360138,288.15,0.8385412648334485,20.348147078760107,0.017434116202862258,3.2,3.8991291430933774
36900.0,10000.0,14.9,50.0,20.6,180.0,24.400000000000002,1992.0,30.1,14.350000000000001,93.60000000000001,1120.0,33.7,92.5,2907.3745804841133,22.11497684226978,14.007867789177428,4.452982456395325,0.31061963147954597,1.0254045749027216,0.19,1.0,0.2302596291476932,1.0,0.994227598637059,0.2302596291476932,69681.64162360138,288.15,0.8385412648334485,20.348145156636246,0.017440203498949005,3.0,3.898847459920806
36950.0,10020.0,14.8,49.5,20.5,180.0,24.900000000000002,1980.0,30.0,14.25,92.60000000000001,1120.0,33.6,93.30000000000001,2907.164669895771,22.114976191604683,14.006860311157764,4.452981091525498,0.3106195362724871,1.0254045749027216,0.28,1.0,0.23048947969835934,1.0,0.994227598637059,0.23048947969835934,69681.64162360138,288.15,0.8385412648334485,20.34814350910151,0.017446290433237636,3.3000000000000003,3.8985659656236273
37000.0,10010.0,15.0,49.5,20.0,180.0,25.200000000000003,1984.0,30.0,14.4,93.60000000000001,1121.0,33.5,92.30000000000001,2906.954881831488,22.114975633891625,14.005852868504853,4.4529799216371115,0.31061945466643925,1.0254045749027216,0.2,1.0,0.23071934253065565,1.0,0.994227598637059,0.23071934253065565,69681.64162360138,288.15,0.8385412648334485,20.348142096928882,0.0174523770043788,2.7,3.8982846356336625
37050.0,10000.0,15.200000000000001,49.5,19.8,180.0,24.8,1984.0,29.900000000000002,14.3,92.9,1120.0,33.2,92.60000000000001,2906.745200595745,22.114975155851774,14.004845464911151,4.45297891887566,0.31061938471839984,1.0254045749027214,0.24,1.0,0.23094921389147524,0.9999999999999997,0.994227598637059,0.23094921389147524,69681.64162360138,288.15,0.8385412648334485,20.348140886495198,0.01745846321105837,2.7,3.898003448902906
37100.0,9980.0,14.600000000000001,50.0,19.5,180.0,25.3,1976.0,29.900000000000002,14.5,93.10000000000001,1118.0,33.5,92.9,2906.535612742682,22.114974746103268,14.003838103572583,4.452978059365863,0.31061932476293874,1.0254045749027216,0.28,1.0,0.2311790905567962,1.0,0.994227598637059,0.2311790905567962,69681.64162360138,288.15,0.8385412648334485,20.348139848980612,0.0174645490519924,2.8000000000000003,3.897722387400192
37150.0,9990.0,14.600000000000001,50.0,19.400000000000002,180.0,24.8,1986.0,29.8,14.350000000000001,91.9,1120.0,33.1,92.4,2906.326106754427,22.11497439489022,14.002830787258787,4.4529773226431955,0.3106192733725446,1.0254045749027216,0.29,1.0,0.23140896975625155,1.0,0.994227598637059,0.23140896975625155,69681.64162360138,288.15,0.8385412648334485,20.348138959682394,0.017470634525923005,3.1,3.897441435679822
37200.0,10000.0,16.0,49.5,20.5,179.0,25.0,1977.0,30.1,14.350000000000001,92.7,1122.0,33.300000000000004,92.80000000000001,2906.1166727654113,22.11497409385042,14.001823518373351,4.452976691166632,0.3106192293236359,1.0254045749027216,0.25,1.0,0.23163884910846944,1.0,0.994227598637059,0.23163884910846944,69681.64162360138,288.15,0.8385412648334485,20.34813819742678,0.017476719631614776,2.5,3.8971605805118723
37250.0,9990.0,15.0,50.5,20.6,180.0,24.900000000000002,1978.0,30.1,14.3,92.7,1119.0,33.7,92.30000000000001,2905.9073023261144,22.11497383581629,14.000816299005617,4.452976149901014,0.31061919156742906,1.0254045749027219,0.2,1.0,0.2318687265656225,0.9999999999999997,0.9942275986370589,0.2318687265656225,69681.64162360138,288.15,0.8385412648334485,20.348137544064826,0.01748280436785165,3.0,3.896879810565366
37300.0,9960.0,14.8,49.5,20.5,180.0,24.900000000000002,1982.0,29.8,14.3,92.9,1119.0,33.4,92.10000000000001,2905.6979882005808,22.114973614644153,13.999809130975082,4.452975685959059,0.3106191592049663,1.0254045749027216,0.19,1.0,0.23209860036588273,1.0,0.994227598637059,0.23209860036588273,69681.64162360138,288.15,0.8385412648334485,20.348136984040295,0.017488888733434228,2.9000000000000004,3.8965991161367435
37350.0,10000.0,14.600000000000001,50.5,20.3,181.0,25.1,1985.0,30.700000000000003,14.3,92.2,1116.0,34.2,93.5,2905.488724192899,22.11497342506803,13.998802015869584,4.452975288294532,0.31061913146571285,1.0254045749027216,0.2,1.0,0.23232846899265375,1.0,0.994227598637059,0.23232846899265375,69681.64162360138,288.15,0.8385412648334485,20.348136504019266,0.017494972727177597,2.7,3.896318488917162
37400.0,10000.0,15.4,49.5,19.200000000000003,182.0,25.1,1984.0,29.900000000000002,14.350000000000001,91.9,1118.0,33.6,91.4,2905.279504998481,22.114973262574193,13.997794955078023,4.452974947439226,0.31061910768921014,1.0254045749027216,0.22,1.0,0.23255833113961952,1.0,0.994227598637059,0.23255833113961952,69681.64162360138,288.15,0.8385412648334485,20.34813609257267,0.017501056347909247,2.8000000000000003,3.8960379217930634
37450.0,10000.0,14.8,49.5,19.3,180.0,24.900000000000002,1976.0,30.0,14.3,92.5,1115.0,33.800000000000004,92.0,2905.070326076615,22.114973123293755,13.996787949818513,4.452974655277536,0.3106190873093507,1.0254045749027214,0.23,1.0,0.2327881856807654,0.9999999999999997,0.994227598637059,0.2327881856807654,69681.64162360138,288.15,0.8385412648334485,20.34813573990416,0.017507139594467494,2.7,3.895757408675262
37500.0,10000.0,15.4,50.5,20.5,180.0,25.1,1975.0,29.900000000000002,14.3,93.5,1119.0,33.7,92.7,2904.861183541236,22.114973003910517,13.995781001162513,4.452974404853232,0.3106190698408999,1.0254045749027216,0.26,1.0,0.23301803164468363,1.0,0.994227598637059,0.23301803164468363,69681.64162360138,288.15,0.8385412648334485,20.348135437616865,0.01751322246570006,2.9000000000000004,3.895476944352469
37550.0,10010.0,14.5,49.0,19.1,181.0,25.1,1986.0,29.8,14.3,92.7,1124.0,34.2,92.9,2904.6520740673177,22.11497290158202,13.994774110055547,4.452974190203831,0.31061905486794217,1.0254045749027216,0.24,1.0,0.23324786819253832,1.0,0.994227598637059,0.23324786819253832,69681.64162360138,288.15,0.8385412648334485,20.34813517851347,0.01751930496046276,3.2,3.8951965243657547
37600.0,10000.0,14.9,50.0,19.6,180.0,24.8,1986.0,30.200000000000003,14.450000000000001,91.80000000000001,1125.0,33.1,91.9,2904.442994810649,22.114972813871887,13.993767277335028,4.45297400621863,0.3106190420339785,1.0254045749027216,0.21,1.0,0.23347769459916595,1.0,0.994227598637059,0.23347769459916595,69681.64162360138,288.15,0.8385412648334485,20.348134956424843,0.01752538707761848,3.2,3.894916144900977
37650.0,10000.0,14.9,49.5,19.400000000000002,181.0,25.200000000000003,1987.0,30.1,14.15,92.0,1122.0,33.5,92.2,2904.2339433390753,22.114972738691762,13.992760503745501,4.45297384851703,0.3106190310334382,1.0254045749027214,0.19,1.0,0.23370751023687705,0.9999999999999997,0.994227598637059,0.23370751023687705,69681.64162360138,288.15,0.8385412648334485,20.348134766063165,0.017531468816036316,3.1,3.894635802696567
37700.0,10010.0,15.200000000000001,49.5,20.1,179.0,25.0,1972.0,29.5,14.3,94.2,1116.0,33.2,92.60000000000001,2904.0249175735858,22.11497267425166,13.991753789951803,4.452973713344231,0.31061902160440374,1.0254045749027216,0.28,1.0,0.23393731456156455,1.0,0.994227598637059,0.23393731456156455,69681.64162360138,288.15,0.8385412648334485,20.348134602896014,0.017537550174590688,3.0,3.8943554949645303
37750.0,10010.0,14.9,49.5,20.0,179.0,25.1,1976.0,30.3,14.350000000000001,92.60000000000001,1117.0,33.300000000000004,93.10000000000001,2903.8159157378063,22.114972619017284,13.990747136550288,4.452973597481831,0.3106190135223742,1.0254045749027216,0.22,1.0,0.23416710710079094,1.0,0.994227598637059,0.23416710710079094,69681.64162360138,288.15,0.8385412648334485,20.348134463038456,0.01754363115216081,3.0,3.8940752193227133
37800.0,9990.0,15.0,49.5,20.0,180.0,25.1,1978.0,29.900000000000002,14.350000000000001,92.60000000000001,1120.0,34.300000000000004,92.0,2903.606936314728,22.11497257167353,13.989740544078526,4.452973498171204,0.31061900659492037,1.0254045749027219,0.26,1.0,0.23439688744357837,0.9999999999999997,0.9942275986370589,0.23439688744357837,69681.64162360138,288.15,0.8385412648334485,20.348134343160545,0.017549711747630002,2.6,3.8937949737367767
37850.0,10010.0,15.200000000000001,49.5,19.5,178.0,24.900000000000002,1984.0,29.700000000000003,14.350000000000001,91.80000000000001,1120.0,33.300000000000004,92.4,2903.3979780096192,22.11497253109317,13.988734013023597,4.4529734130478085,0.31061900065710274,1.0254045749027219,0.21,1.0,0.23462665523164605,0.9999999999999997,0.9942275986370589,0.23462665523164605,69681.64162360138,288.15,0.8385412648334485,20.348134240408054,0.017555791959885315,2.6,3.8935147564704597
37900.0,9990.0,14.700000000000001,49.5,20.400000000000002,180.0,24.6,1979.0,30.3,14.3,93.60000000000001,1119.0,33.9,93.0,2903.1890397182297,22.114972496309996,13.987727543829184,4.452973340084898,0.3106189955675448,1.0254045749027216,0.24,1.0,0.2348564101519083,1.0,0.994227598637059,0.2348564101519083,69681.64162360138,288.15,0.8385412648334485,20.348134152334488,0.01756187178781696,2.6,3.893234566042941
37950.0,9990.0,15.4,49.5,20.400000000000002,180.0,25.0,1976.0,29.8,14.25,92.80000000000001,1121.0,33.9,92.2,2902.9801204995674,22.11497246649586,13.98672113690177,4.4529732775452615,0.3106189912050666,1.0254045749027216,0.2,1.0,0.2350861519300284,1.0,0.994227598637059,0.2350861519300284,69681.64162360138,288.15,0.8385412648334485,20.34813407684286,0.017567951230318103,2.9000000000000004,3.8929544011923305
38000.0,9990.0,15.3,50.0,19.900000000000002,180.0,25.0,1975.0,29.700000000000003,14.4,92.7,1117.0,33.800000000000004,92.10000000000001,2902.771219552534,22.114972440940882,13.985714792615795,4.45297322393986,0.3106189874657996,1.0254045749027216,0.2,1.0,0.23531588032490408,1.0,0.994227598637059,0.23531588032490408,69681.64162360138,288.15,0.8385412648334485,20.348134012135752,0.017574030286284435,2.6,3.89267426084434
38050.0,10010.0,14.4,49.5,20.0,181.0,25.1,1979.0,30.5,14.25,92.80000000000001,1123.0,33.4,92.80000000000001,2902.5623361959297,22.114972419036608,13.984708511318235,4.45297317799237,0.3106189842607135,1.0254045749027216,0.21,1.0,0.23554559512392984,1.0,0.994227598637059,0.23554559512392984,69681.64162360138,288.15,0.8385412648334485,20.348133956672516,0.01758010895461397,3.1,3.892394144085466
38100.0,9980.0,15.100000000000001,50.0,20.5,180.0,25.200000000000003,1984.0,30.0,14.4,93.10000000000001,1123.0,32.9,91.9,2902.353469851303,22.11497240026152,13.983702293332465,4.45297313860881,0.310618981513497,1.0254045749027219,0.27,1.0,0.23577529613894077,0.9999999999999997,0.9942275986370589,0.23577529613894077,69681.64162360138,288.15,0.8385412648334485,20.3481339091326,0.01758618723420684,2.6,3.8921140501399947
38150.0,10010.0,15.200000000000001,49.5,19.200000000000003,180.0,25.400000000000002,1979.0,29.8,14.25,93.4,1121.0,33.5,93.10000000000001,2902.1446200282526,22.11497238416859,13.982696138961547,4.452973104851471,0.31061897915873987,1.0254045749027219,0.24,1.0,0.23600498320273205,0.9999999999999997,0.9942275986370589,0.23600498320273205,69681.64162360138,288.15,0.8385412648334485,20.3481338683841,0.017592265123965004,2.7,3.8918339783502875
38200.0,9990.0,15.4,50.0,19.400000000000002,179.0,24.8,1977.0,29.400000000000002,14.25,92.10000000000001,1120.0,34.4,92.2,2901.9357863118416,22.11497237037465,13.98169004849114,4.452973075916611,0.3106189771403767,1.0254045749027216,0.22,1.0,0.23623465616607173,1.0,0.994227598637059,0.23623465616607173,69681.64162360138,288.15,0.8385412648334485,20.348133833456814,0.017598342622792154,3.0,3.8915539281599063
38250.0,10000.0,15.100000000000001,50.0,20.0,182.0,25.200000000000003,1978.0,30.1,14.3,92.9,1118.0,33.4,92.5,2901.726968351792,22.11497235855127,13.980684022191886,4.4529730511153005,0.31061897541035105,1.0254045749027219,0.26,1.0,0.23646431489514586,0.9999999999999997,0.9942275986370589,0.23646431489514586,69681.64162360138,288.15,0.8385412648334485,20.34813380351914,0.017604419729593597,3.0,3.8912738990991205
38300.0,10010.0,15.100000000000001,50.0,19.8,181.0,25.200000000000003,1982.0,30.0,14.450000000000001,92.60000000000001,1122.0,34.0,92.30000000000001,2901.5181658532474,22.114972348416952,13.979678060321572,4.452973029857036,0.310618973927472,1.0254045749027216,0.2,1.0,0.2366939592693638,1.0,0.994227598637059,0.2366939592693638,69681.64162360138,288.15,0.8385412648334485,20.348133777858276,0.017610496443276075,3.0,3.8909938907725223
38350.0,10000.0,15.600000000000001,50.5,19.8,181.0,25.1,1987.0,29.8,14.350000000000001,92.5,1122.0,33.5,92.60000000000001,2901.309378568832,22.114972339730375,13.978672163126868,4.452973011635664,0.3106189726564327,1.0254045749027216,0.24,1.0,0.23692358917947626,1.0,0.994227598637059,0.23692358917947626,69681.64162360138,288.15,0.8385412648334485,20.348133755863252,0.01761657276274761,3.2,3.8907139028483755
38400.0,10000.0,14.9,50.5,19.700000000000003,181.0,25.200000000000003,1987.0,30.1,14.3,92.7,1123.0,33.6,93.0,2901.100606291881,22.114972332284754,13.977666330845006,4.452972996017348,0.31061897156697055,1.0254045749027214,0.24,1.0,0.23715320452595912,0.9999999999999997,0.994227598637059,0.23715320452595912,69681.64162360138,288.15,0.8385412648334485,20.34813373701037,0.017622648686917625,2.7,3.890433935049538
38450.0,10020.0,15.0,49.5,19.700000000000003,181.0,25.400000000000002,1986.0,30.400000000000002,14.4,92.9,1123.0,34.0,92.7,2900.8918488505833,22.11497232590279,13.976660563704927,4.452972982630219,0.31061897063314586,1.0254045749027216,0.2,1.0,0.2373828052176402,1.0,0.994227598637059,0.2373828052176402,69681.64162360138,288.15,0.8385412648334485,20.34813372085076,0.01762872421469657,3.1,3.8901539871456094
38500.0,10020.0,15.0,50.0,20.200000000000003,179.0,24.700000000000003,1987.0,29.900000000000002,14.350000000000001,92.2,1125.0,34.1,92.2,2900.683106103022,22.114972320432532,13.975654861928577,4.4529729711555355,0.3106189698327246,1.0254045749027214,0.19,1.0,0.23761239117050012,0.9999999999999997,0.994227598637059,0.23761239117050012,69681.64162360138,288.15,0.8385412648334485,20.348133706999665,0.017634799344996104,2.8000000000000003,3.8898740589462752
38550.0,10010.0,15.100000000000001,50.0,20.1,181.0,25.0,1984.0,29.700000000000003,14.5,92.4,1123.0,34.0,92.10000000000001,2900.474377932884,22.11497231574374,13.974649225731818,4.452972961320094,0.31061896914664927,1.0254045749027216,0.23,1.0,0.2378419623066663,1.0,0.994227598637059,0.2378419623066663,69681.64162360138,288.15,0.8385412648334485,20.3481336951273,0.01764087407672893,2.9000000000000004,3.8895941502955567
38600.0,9990.0,15.100000000000001,49.0,20.700000000000003,181.0,25.1,1975.0,29.8,14.450000000000001,95.0,1125.0,34.2,92.5,2900.2656642458005,22.114972311724777,13.9736436553253,4.452972952889715,0.31061896855858473,1.0254045749027216,0.2,1.0,0.23807151855353648,1.0,0.994227598637059,0.23807151855353648,69681.64162360138,288.15,0.8385412648334485,20.348133684950984,0.0176469484088087,3.1,3.889314261066904
38650.0,9990.0,14.600000000000001,49.5,20.400000000000002,180.0,25.0,1982.0,29.700000000000003,14.3,92.2,1119.0,33.7,91.7,2900.056964966196,22.114972308279945,13.972638150915135,4.452972945663675,0.3106189680545294,1.0254045749027216,0.24,1.0,0.23830105984302935,1.0,0.994227598637059,0.23830105984302935,69681.64162360138,288.15,0.8385412648334485,20.34813367622843,0.017653022340150117,3.1,3.8890343911589684
38700.0,9980.0,14.9,51.0,19.6,180.0,25.0,1986.0,30.1,14.3,92.60000000000001,1123.0,33.9,91.60000000000001,2899.848280034614,22.114972305327246,13.971632712703594,4.452972939469929,0.310618967622482,1.0254045749027214,0.26,1.0,0.23853058611094935,0.9999999999999997,0.994227598637059,0.23853058611094935,69681.64162360138,288.15,0.8385412648334485,20.348133668751952,0.017659095869668743,3.2,3.8887545404920187
38750.0,9990.0,14.9,50.0,19.5,179.0,24.900000000000002,1981.0,29.6,14.350000000000001,93.2,1125.0,33.9,91.30000000000001,2899.63960940539,22.11497230279635,13.97062734088955,4.452972934161003,0.3106189672521556,1.0254045749027216,0.25,1.0,0.2387600972964307,1.0,0.994227598637059,0.2387600972964307,69681.64162360138,288.15,0.8385412648334485,20.348133662343542,0.017665168996281084,2.9000000000000004,3.888474709004816
38800.0,10010.0,15.600000000000001,49.5,18.900000000000002,179.0,25.1,1982.0,29.6,14.25,92.30000000000001,1119.0,34.1,92.0,2899.430953044691,22.114972300627013,13.969622035669023,4.452972929610493,0.310618966934733,1.0254045749027216,0.21,1.0,0.2389895933414703,1.0,0.994227598637059,0.2389895933414703,69681.64162360138,288.15,0.8385412648334485,20.348133656850624,0.017671241718904503,2.7,3.8881948966519917
38850.0,10000.0,15.0,50.0,20.1,180.0,24.8,1979.0,29.900000000000002,14.5,91.7,1122.0,34.0,92.0,2899.2223109288143,22.114972298767583,13.96861679723552,4.452972925710058,0.3106189666626565,1.0254045749027214,0.26,1.0,0.23921907419052224,0.9999999999999997,0.994227598637059,0.23921907419052224,69681.64162360138,288.15,0.8385412648334485,20.348133652142405,0.017677314036457205,2.8000000000000003,3.8879151034017587
38900.0,10000.0,15.3,51.0,20.6,180.0,25.0,1982.0,30.0,14.3,93.10000000000001,1123.0,33.9,91.5,2899.0136830427314,22.114972297173775,13.967611625780362,4.4529729223668255,0.3106189664294479,1.0254045749027214,0.23,1.0,0.23944853979015124,0.9999999999999997,0.994227598637059,0.23944853979015124,69681.64162360138,288.15,0.8385412648334485,20.34813364810679,0.017683385947858257,2.4000000000000004,3.887635329233964
38950.0,9990.0,14.8,50.0,20.8,180.0,25.3,1985.0,30.3,14.450000000000001,92.0,1121.0,34.2,92.10000000000001,2898.8050693788564,22.114972295807668,13.966606521493043,4.4529729195011996,0.31061896622955504,1.0254045749027219,0.23,1.0,0.23967799008873675,0.9999999999999997,0.9942275986370589,0.23967799008873675,69681.64162360138,288.15,0.8385412648334485,20.34813364464769,0.0176894574520275,2.8000000000000003,3.887355574138434
39000.0,9990.0,15.5,49.5,20.3,180.0,24.700000000000003,1979.0,29.8,14.4,92.30000000000001,1123.0,33.4,93.30000000000001,2898.596469935961,22.114972294636715,13.965601484561383,4.452972917044948,0.3106189660582182,1.0254045749027216,0.23,1.0,0.23990742503621515,1.0,0.994227598637059,0.23990742503621515,69681.64162360138,288.15,0.8385412648334485,20.34813364168275,0.01769552854788559,3.0,3.887075838113523
39050.0,9990.0,14.8,51.0,19.200000000000003,180.0,24.8,1980.0,29.8,14.25,92.5,1116.0,33.9,92.10000000000001,2898.387884718279,22.11497229363304,13.964596515171824,4.452972914939591,0.3106189659113581,1.0254045749027219,0.18,1.0,0.2401368445838647,0.9999999999999997,0.9942275986370589,0.2401368445838647,69681.64162360138,288.15,0.8385412648334485,20.34813363914137,0.017701599234354038,3.3000000000000003,3.886796121164907
39100.0,9990.0,14.9,49.5,20.0,181.0,25.5,1985.0,30.3,14.450000000000001,92.60000000000001,1127.0,34.300000000000004,92.2,2898.179313734708,22.11497229277275,13.96359161350955,4.452972913134999,0.31061896578547804,1.0254045749027216,0.24,1.0,0.2403662486841187,1.0,0.994227598637059,0.2403662486841187,69681.64162360138,288.15,0.8385412648334485,20.348133636963045,0.017707669510355024,2.4000000000000004,3.886516423304519
39150.0,10000.0,14.5,49.0,20.1,179.0,25.0,1983.0,30.1,14.25,93.0,1123.0,34.1,91.5,2897.9707569981483,22.114972292035354,13.962586779758693,4.452972911588204,0.31061896567758074,1.0254045749027216,0.22,1.0,0.2405956372903996,1.0,0.994227598637059,0.2405956372903996,69681.64162360138,288.15,0.8385412648334485,20.34813363509591,0.017713739374811584,3.2,3.886236744549657
39200.0,10010.0,14.8,49.5,19.6,179.0,24.700000000000003,1981.0,30.200000000000003,14.3,92.4,1122.0,34.4,91.80000000000001,2897.7622145249215,22.114972291403298,13.961582014102436,4.452972910262381,0.31061896558509744,1.0254045749027219,0.21,1.0,0.24082501035698856,0.9999999999999997,0.9942275986370589,0.24082501035698856,69681.64162360138,288.15,0.8385412648334485,20.348133633495507,0.01771980882664743,2.7,3.8859570849222105
39250.0,9990.0,15.200000000000001,50.0,20.0,181.0,25.3,1975.0,30.200000000000003,14.350000000000001,92.10000000000001,1124.0,33.4,92.80000000000001,2897.553686334287,22.114972290861544,13.960577316723173,4.452972909125961,0.310618965505826,1.0254045749027216,0.24,1.0,0.24105436783889958,1.0,0.994227598637059,0.24105436783889958,69681.64162360138,288.15,0.8385412648334485,20.348133632123734,0.017725877864787173,2.7,3.885677444448006
39300.0,9990.0,14.5,50.0,19.8,179.0,25.200000000000003,1987.0,30.0,14.3,92.7,1123.0,33.6,91.7,2897.345172448002,22.114972290397183,13.959572687802527,4.452972908151888,0.31061896543787915,1.0254045749027216,0.22,1.0,0.2412837096917882,1.0,0.994227598637059,0.2412837096917882,69681.64162360138,288.15,0.8385412648334485,20.348133630947927,0.017731946488156018,3.0,3.8853978231562194
39350.0,10000.0,15.100000000000001,49.0,20.3,180.0,25.5,1980.0,30.1,14.55,92.5,1123.0,33.7,92.80000000000001,2897.1366728899725,22.114972289999148,13.958568127521502,4.4529729073169655,0.3106189653796388,1.0254045749027216,0.19,1.0,0.24151303587185302,1.0,0.994227598637059,0.24151303587185302,69681.64162360138,288.15,0.8385412648334485,20.348133629940097,0.017738014695680038,3.0,3.885118221078911
39400.0,9990.0,15.0,49.5,20.5,180.0,24.8,1987.0,29.8,14.350000000000001,92.9,1124.0,33.300000000000004,92.4,2896.928187685946,22.114972289657988,13.957563636060561,4.45297290660132,0.31061896532971867,1.0254045749027216,0.22,1.0,0.24174234633577205,1.0,0.994227598637059,0.24174234633577205,69681.64162360138,288.15,0.8385412648334485,20.348133629076237,0.017744082486285957,2.8000000000000003,3.8848386382506073
39450.0,10000.0,14.5,50.0,19.5,180.0,25.0,1986.0,29.8,14.450000000000001,93.0,1122.0,33.7,91.30000000000001,2896.719716863232,22.114972289365557,13.956559213599638,4.452972905987909,0.31061896528692984,1.0254045749027219,0.23,1.0,0.24197164104063046,0.9999999999999997,0.9942275986370589,0.24197164104063046,69681.64162360138,288.15,0.8385412648334485,20.348133628335788,0.017750149858901335,2.7,3.8845590747079317
39500.0,10010.0,14.8,49.5,20.1,179.0,25.0,1986.0,30.0,14.350000000000001,92.5,1119.0,34.2,92.10000000000001,2896.5112604504875,22.11497228911491,13.95555486031824,4.452972905462128,0.31061896525025384,1.0254045749027216,0.25,1.0,0.2422009199438728,1.0,0.994227598637059,0.2422009199438728,69681.64162360138,288.15,0.8385412648334485,20.34813362770112,0.01775621681245439,3.0,3.884279530489313
39550.0,10000.0,15.3,50.0,20.1,180.0,25.1,1980.0,30.5,14.5,92.9,1127.0,33.5,91.30000000000001,2896.30281847751,22.114972288900066,13.954550576395453,4.4529729050114595,0.3106189652188172,1.0254045749027216,0.22,1.0,0.24243018300325078,1.0,0.994227598637059,0.24243018300325078,69681.64162360138,288.15,0.8385412648334485,20.348133627157118,0.0177622833458741,2.9000000000000004,3.8840000056347104
39600.0,10000.0,14.5,50.5,20.900000000000002,181.0,25.200000000000003,1983.0,29.700000000000003,14.350000000000001,93.60000000000001,1123.0,33.9,92.5,2896.0943909750795,22.11497228871591,13.953546362010023,4.452972904625171,0.31061896519187154,1.0254045749027219,0.26,1.0,0.2426594301767855,0.9999999999999997,0.9942275986370589,0.2426594301767855,69681.64162360138,288.15,0.8385412648334485,20.348133626690828,0.017768349458090207,2.7,3.8837205001854014
39650.0,10000.0,14.9,50.0,20.400000000000002,179.0,25.200000000000003,1982.0,30.700000000000003,14.350000000000001,92.30000000000001,1125.0,34.0,91.10000000000001,2895.885977974811,22.11497228855806,13.952542217340357,4.452972904294066,0.3106189651687752,1.0254045749027216,0.22,1.0,0.24288866142273216,1.0,0.994227598637059,0.24288866142273216,69681.64162360138,288.15,0.8385412648334485,20.34813362629115,0.017774415148033136,2.8000000000000003,3.883441014183781
39700.0,9980.0,15.0,49.0,19.900000000000002,180.0,25.0,1980.0,30.0,14.3,92.30000000000001,1124.0,33.800000000000004,92.10000000000001,2895.6775795090307,22.114972288422766,13.951538142564571,4.452972904010263,0.31061896514897835,1.0254045749027216,0.23,1.0,0.24311787669955237,1.0,0.994227598637059,0.24311787669955237,69681.64162360138,288.15,0.8385412648334485,20.34813362594857,0.017780480414634082,2.9000000000000004,3.8831615476732004
39750.0,10030.0,15.0,50.0,19.8,179.0,25.1,1979.0,29.8,14.3,91.7,1119.0,34.0,92.4,2895.4691956106717,22.114972288306795,13.950534137860505,4.452972903767002,0.31061896513200954,1.0254045749027216,0.23,1.0,0.24334707596588598,1.0,0.994227598637059,0.24334707596588598,69681.64162360138,288.15,0.8385412648334485,20.34813362565493,0.017786545256824944,3.3000000000000003,3.882882100697823
39800.0,10010.0,15.200000000000001,51.0,20.0,180.0,25.0,1988.0,30.0,14.3,92.7,1122.0,34.300000000000004,92.10000000000001,2895.260826313186,22.1149722882074,13.949530203405757,4.452972903558494,0.310618965117465,1.0254045749027216,0.22,1.0,0.24357625918053158,1.0,0.994227598637059,0.24357625918053158,69681.64162360138,288.15,0.8385412648334485,20.348133625403243,0.017792609673538354,3.0,3.882602673302509
39850.0,9980.0,15.100000000000001,50.0,21.1,180.0,24.900000000000002,1976.0,30.400000000000002,14.3,91.80000000000001,1125.0,34.4,92.2,2895.052471650461,22.114972288122196,13.948526339377679,4.452972903379773,0.3106189651049982,1.0254045749027216,0.23,1.0,0.243805426302426,1.0,0.994227598637059,0.243805426302426,69681.64162360138,288.15,0.8385412648334485,20.348133625187508,0.017798673663707694,2.9000000000000004,3.8823232655327016
39900.0,10000.0,15.100000000000001,50.0,20.400000000000002,180.0,24.8,1981.0,30.200000000000003,14.200000000000001,91.2,1126.0,34.7,91.30000000000001,2894.8441316567596,22.11497228804917,13.947522545953419,4.452972903226582,0.31061896509431236,1.0254045749027216,0.23,1.0,0.24403457729062997,1.0,0.994227598637059,0.24403457729062997,69681.64162360138,288.15,0.8385412648334485,20.348133625002593,0.017804737226267058,2.8000000000000003,3.882043877434348
39950.0,10000.0,15.100000000000001,49.5,19.6,180.0,25.0,1977.0,30.200000000000003,14.3,92.0,1125.0,34.1,92.30000000000001,2894.635806366657,22.114972287986568,13.946518823309903,4.452972903095276,0.310618965085153,1.0254045749027216,0.2,1.0,0.24426371210431463,1.0,0.994227598637059,0.24426371210431463,69681.64162360138,288.15,0.8385412648334485,20.348133624844092,0.017810800360151237,2.5,3.8817645090538146
40000.0,10000.0,15.0,49.5,19.400000000000002,180.0,24.8,1976.0,30.3,14.3,93.0,1124.0,34.300000000000004,91.80000000000001,2894.427495815004,22.114972287932922,13.945515171623914,4.452972902982729,0.31061896507730236,1.0254045749027216,0.15,1.0,0.24449283070274697,1.0,0.994227598637059,0.24449283070274697,69681.64162360138,288.15,0.8385412648334485,20.348133624708236,0.017816863064295807,2.6,3.881485160437837
40050.0,10000.0,15.100000000000001,49.0,20.0,179.0,31.0,2019.0,30.200000000000003,14.4,92.5,1126.0,34.1,93.30000000000001,3253.3698860588465,23.917480925950404,15.674919883612919,4.815918061398235,0.3359363545928161,1.0254045749027216,0.2,1.0,0.24472193304528367,1.0,0.994227598637059,0.24472193304528367,69681.64162360138,288.15,0.8385412648334485,20.479209813889824,0.01782267399411903,3.1,4.3628340846026346
40100.0,10010.0,15.200000000000001,50.0,20.3,178.0,37.300000000000004,2089.0,30.400000000000002,14.200000000000001,92.4,1123.0,35.1,92.0,3745.4387830945534,26.097549444430243,17.711077592632993,5.354180238242002,0.37348305518007435,1.0254045749027216,0.27,1.0,0.25766750017848683,1.0,0.994227598637059,0.25766750017848683,69681.64162360138,288.15,0.8385412648334485,20.725214258241706,0.01782805305606358,3.5,5.022708316905458
40150.0,10000.0,15.0,50.0,20.400000000000002,180.0,42.7,2189.0,30.8,14.450000000000001,90.5,1124.0,36.4,91.7,4390.653052719802,28.658242485307746,20.063779415036596,6.08417181019212,0.4244039189568145,1.0254045749027216,0.28,1.0,0.28176579614780534,1.0,0.994227598637059,0.28176579614780534,69681.64162360138,288.15,0.8385412648334485,21.071922922433025,0.017832812270361563,4.3,5.887953556758309
40200.0,10010.0,14.700000000000001,50.5,20.0,179.0,49.2,2307.0,29.8,14.3,93.5,1122.0,37.0,91.5,5212.928074830733,31.60384682802214,22.74319130105665,7.027580303302237,0.49021176826546736,1.0254045749027216,0.35000000000000003,1.0,0.315635047845022,1.0,0.994227598637059,0.315635047845022,69681.64162360138,288.15,0.8385412648334485,21.50686429565646,0.01783674919441456,5.4,6.99064080690951
40250.0,10030.0,15.4,50.0,19.6,181.0,54.900000000000006,2457.0,29.900000000000002,14.25,92.0,1123.0,40.2,91.60000000000001,6239.302327017054,34.93852952288899,25.75864213362761,8.210190373249025,0.5727052224184921,1.0254045749027216,0.35000000000000003,1.0,0.3580576500866509,1.0,0.994227598637059,0.3580576500866509,69681.64162360138,288.15,0.8385412648334485,22.019135040880908,0.017839642278836897,5.800000000000001,8.367029206576412
40300.0,10000.0,15.0,49.5,19.8,180.0,61.300000000000004,2622.0,30.0,14.4,91.80000000000001,1123.0,42.5,91.2,7499.2300762953255,38.66529472938139,29.11770376693858,9.66087404127845,0.6738982611895149,1.0254045749027216,0.46,1.0,0.40796051493719804,1.0,0.994227598637059,0.40796051493719804,69681.64162360138,288.15,0.8385412648334485,22.599220769335822,0.01784124775444489,7.5,10.056617516913558
40350.0,10010.0,14.700000000000001,50.0,20.6,182.0,67.3,2803.0,30.1,14.3,92.4,1120.0,44.800000000000004,91.60000000000001,9023.88622596888,42.78515928025139,32.825478774117215,11.410672354084411,0.7959561656186507,1.0254045749027216,0.56,1.0,0.4643940593608432,1.0,0.994227598637059,0.4643940593608432,69681.64162360138,288.15,0.8385412648334485,23.23882947371377,0.017841297774384694,9.1,12.101211906748789
40400.0,10000.0,15.100000000000001,50.0,20.200000000000003,180.0,73.0,3013.0,30.0,14.350000000000001,92.30000000000001,1120.0,48.400000000000006,91.9,10845.45806770895,47.29649795715749,36.88404573041863,13.491923586325841,0.9411347054188063,1.0254045749027216,0.62,1.0,0.5265069055506877,1.0,0.994227598637059,0.5265069055506877,69681.64162360138,288.15,0.8385412648334485,23.930740392753073,0.017839499627466435,10.8,14.543976177959058
40450.0,9990.0,15.0,50.5,19.900000000000002,178.0,79.10000000000001,3217.0,29.700000000000003,14.4,91.4,1122.0,51.900000000000006,90.7,12996.414207583208,52.19452346811957,41.29202723121129,15.937412605580146,1.1117208025764753,1.0254045749027216,0.75,1.0,0.5935053557780282,1.0,0.994227598637059,0.5935053557780282,69681.64162360138,288.15,0.8385412648334485,24.66866881411262,0.01783553590406418,12.9,17.428451380653232
40500.0,9990.0,14.8,50.0,19.8,179.0,85.30000000000001,3438.0,29.8,14.25,92.7,1115.0,55.6,91.5,15508.749063401185,57.470873871551476,46.04425419493376,18.779527767420554,1.3099737202194375,1.0254045749027216,0.86,1.0,0.6645626261529615,1.0,0.994227598637059,0.6645626261529615,69681.64162360138,288.15,0.8385412648334485,25.44714622938722,0.017829065541049873,15.200000000000001,20.797542669002258
40550.0,9990.0,15.0,50.0,19.700000000000003,180.0,85.2,3623.0,30.0,14.25,91.60000000000001,1117.0,59.1,91.2,16562.635854358887,57.76033389965993,45.99267199178581,20.179297720523,1.4076152517651939,1.0254045749027216,0.99,1.0,0.7385693244837629,1.0,0.994227598637059,0.7385693244837629,69681.64162360138,288.15,0.8385412648334485,26.114412585336872,0.0178210205283343,16.8,22.21082593341236
40600.0,9980.0,14.600000000000001,50.5,19.900000000000002,181.0,85.10000000000001,3794.0,29.700000000000003,14.350000000000001,91.5,1118.0,62.5,91.5,17446.97994625893,57.96065758917677,45.903534021958194,21.371892642527065,1.4908052033998007,1.0254045749027216,1.04,1.0,0.8001899489474928,1.0,0.994227598637059,0.8001899489474928,69681.64162360138,288.15,0.8385412648334485,26.68635517615086,0.017811601597222747,18.0,23.39674904753215
40650.0,10000.0,15.200000000000001,50.0,20.0,179.0,85.0,3933.0,30.5,14.200000000000001,92.10000000000001,1117.0,64.8,91.80000000000001,18189.168255315766,58.09725633088168,45.79443027457281,22.386765152340246,1.5615980547267017,1.0254045749027216,1.04,1.0,0.8501729751236068,1.0,0.994227598637059,0.8501729751236068,69681.64162360138,288.15,0.8385412648334485,27.17659168256285,0.01780099080964155,18.0,24.392038413743553
40700.0,9980.0,14.8,49.5,20.0,179.0,84.9,4051.0,30.0,14.3,91.7,1113.0,67.3,92.0,18812.5869953067,58.188547864512095,45.67718951672457,23.24995980787382,1.6218105546461374,1.0254045749027216,1.1,1.0,0.8892648864241808,1.0,0.994227598637059,0.8892648864241808,69681.64162360138,288.15,0.8385412648334485,27.596794402344557,0.017789350976347446,18.8,25.228055412446196
40750.0,9980.0,15.0,50.0,19.6,179.0,84.9,4160.0,30.3,14.25,92.0,1110.0,68.7,92.0,19336.936695407836,58.247847716272865,45.559564451689006,23.984105990117975,1.673021224980867,1.0254045749027216,1.16,1.0,0.9186048981854378,1.0,0.994227598637059,0.9186048981854378,69681.64162360138,288.15,0.8385412648334485,27.956968162157445,0.017776826223596096,19.5,25.93121884727582
40800.0,9990.0,15.4,50.0,19.700000000000003,180.0,85.2,4242.0,30.3,14.3,91.9,1112.0,69.2,92.4,19778.674147084625,58.28475368652714,45.44644750803967,24.608647230180306,1.7165863572785087,1.0254045749027216,1.2,1.0,0.939826379308015,1.0,0.994227598637059,0.939826379308015,69681.64162360138,288.15,0.8385412648334485,28.26568852771135,0.01776354318836437,19.6,26.523597604723427
40850.0,10000.0,14.8,50.0,20.8,180.0,85.10000000000001,4320.0,30.0,14.3,91.9,1110.0,70.2,91.60000000000001,20151.479036992583,58.306158618826004,45.340744893845574,25.14017209736534,1.7536630940462703,1.0254045749027216,1.25,1.0,0.954926141944886,1.0,0.994227598637059,0.954926141944886,69681.64162360138,288.15,0.8385412648334485,28.530305983900412,0.01774961251773734,20.200000000000003,27.023536418187796
40900.0,10000.0,15.4,49.0,20.5,179.0,85.0,4382.0,29.700000000000003,14.450000000000001,93.5,1108.0,70.9,92.10000000000001,20466.69420015141,58.316990698885014,45.24400228269564,25.592772167350955,1.785234398969028,1.0254045749027216,1.3,1.0,0.9602337768373252,1.0,0.994227598637059,0.9602337768373252,69681.64162360138,288.15,0.8385412648334485,28.75712094634818,0.017735130473545767,19.900000000000002,27.44624625628705
40950.0,10000.0,14.8,49.0,19.900000000000002,181.0,84.9,4443.0,30.400000000000002,14.350000000000001,92.5,1103.0,70.9,92.5,20733.717314428868,58.3207541109424,45.1568503622321,25.978388151268128,1.8121332012863263,1.0254045749027216,1.27,1.0,0.9595753627604006,1.0,0.994227598637059,0.9595753627604006,69681.64162360138,288.15,0.8385412648334485,28.951533771303414,0.017720180523667008,20.8,27.804329592995405
41000.0,10000.0,15.700000000000001,50.0,20.6,180.0,85.30000000000001,4483.0,30.1,14.3,92.60000000000001,1110.0,71.60000000000001,92.7,20960.337564478956,58.31992348030272,45.07932005093425,26.3071257998411,1.8350644318162237,1.0254045749027216,1.27,1.0,0.9588948655428294,1.0,0.994227598637059,0.9588948655428294,69681.64162360138,288.15,0.8385412648334485,29.118173335550754,0.017704834852567616,20.8,28.10823188071757
41050.0,10000.0,15.0,50.0,19.6,181.0,84.9,4534.0,30.0,14.4,92.80000000000001,1104.0,71.8,93.10000000000001,21153.018845772178,58.316231289825495,45.01106369297524,26.587534723218777,1.8546244721478573,1.0254045749027216,1.31,1.0,0.9581954978915849,1.0,0.994227598637059,0.9581954978915849,69681.64162360138,288.15,0.8385412648334485,29.26100724776276,0.01768915575597631,21.400000000000002,28.366621332557408
41100.0,10010.0,15.100000000000001,50.0,20.200000000000003,181.0,84.7,4564.0,29.900000000000002,14.3,93.30000000000001,1103.0,71.3,92.60000000000001,21317.134765583553,58.31087700474571,44.951508663002656,26.826849462686134,1.871317970698298,1.0254045749027216,1.27,1.0,0.9574800350875978,1.0,0.994227598637059,0.9574800350875978,69681.64162360138,288.15,0.8385412648334485,29.383436315373046,0.01767319690469414,20.8,28.586704063342857
41150.0,10010.0,15.100000000000001,50.0,19.8,179.0,84.80000000000001,4592.0,29.6,14.350000000000001,92.30000000000001,1105.0,72.0,92.4,21457.16198937819,58.304678968271986,44.89996258881385,27.031195243991284,1.8855721951209083,1.0254045749027216,1.34,1.0,0.956750870872778,1.0,0.994227598637059,0.956750870872778,69681.64162360138,288.15,0.8385412648334485,29.48837551618187,0.01765700447480198,21.400000000000002,28.77448337099594
41200.0,10000.0,15.100000000000001,49.0,20.3,180.0,85.10000000000001,4614.0,29.900000000000002,14.25,93.0,1100.0,71.7,92.5,21576.8385232465,58.2981845008159,44.855684121935276,27.20576217336789,1.897749183420874,1.0254045749027216,1.32,1.0,0.9560100673610361,1.0,0.994227598637059,0.9560100673610361,69681.64162360138,288.15,0.8385412648334485,29.578323402589426,0.0176406181487195,21.3,28.934971996444023
41250.0,10010.0,15.3,50.5,20.3,180.0,85.0,4639.0,30.1,14.3,92.30000000000001,1104.0,72.5,92.5,21679.29297059242,58.2917495056186,44.817929334011986,27.354952002764673,1.9081559816244396,1.0254045749027216,1.4000000000000001,1.0,0.9552593992069682,1.0,0.994227598637059,0.9552593992069682,69681.64162360138,288.15,0.8385412648334485,29.655421590938765,0.017624071995535437,21.5,29.07236545942385
41300.0,9980.0,15.200000000000001,49.5,19.900000000000002,179.0,84.80000000000001,4654.0,29.900000000000002,14.3,92.7,1105.0,72.3,91.5,21767.150017268454,58.28559585428556,44.7859810089484,27.482501456445295,1.9170532464768515,1.0254045749027216,1.37,1.0,0.9545003924282025,1.0,0.994227598637059,0.9545003924282025,69681.64162360138,288.15,0.8385412648334485,29.721505752381056,0.017607395240953717,21.8,29.190183516157344
41350.0,10000.0,15.0,50.0,19.700000000000003,180.0,85.2,4673.0,29.700000000000003,14.350000000000001,92.0,1097.0,72.0,93.10000000000001,21842.616576038257,58.27985260453277,44.75916605685288,27.59158574417916,1.924662466047757,1.0254045749027216,1.36,1.0,0.9537343583532447,1.0,0.994227598637059,0.9537343583532447,69681.64162360138,288.15,0.8385412648334485,29.77814931933159,0.01759061293785887,21.900000000000002,29.291385680798825
41400.0,9970.0,15.100000000000001,50.0,19.700000000000003,180.0,85.0,4686.0,30.1,14.4,92.5,1099.0,72.10000000000001,92.80000000000001,21907.55225273955,58.274585474278844,44.73686479063864,27.684905435248485,1.9311720196634707,1.0254045749027216,1.33,1.0,0.9529624231893206,1.0,0.994227598637059,0.9529624231893206,69681.64162360138,288.15,0.8385412648334485,29.826700948146332,0.017573746548398734,22.1,29.378465721968798
41450.0,9990.0,15.100000000000001,49.5,19.8,181.0,84.7,4704.0,30.5,14.4,91.9,1097.0,71.9,92.5,21963.527122095784,58.26981780322334,44.718514729087744,27.76475941122059,1.9367422667577545,1.0254045749027216,1.3800000000000001,1.0,0.9521855536957298,1.0,0.994227598637059,0.9521855536957298,69681.64162360138,288.15,0.8385412648334485,29.86831662998754,0.017556814447935568,21.6,29.453529141272888
41500.0,9990.0,14.8,50.0,20.8,179.0,84.80000000000001,4708.0,30.200000000000003,14.350000000000001,92.2,1099.0,71.9,92.60000000000001,22011.869230667915,58.2655453593124,44.7036108109983,27.8331061923623,1.9415098247211955,1.0254045749027216,1.46,1.0,0.9514045794212393,1.0,0.994227598637059,0.9514045794212393,69681.64162360138,288.15,0.8385412648334485,29.903987214422862,0.017539832360437498,22.1,29.51835687571029
41550.0,10000.0,14.8,49.5,20.3,181.0,84.9,4726.0,30.0,14.4,92.9,1099.0,71.9,92.5,22053.7037731351,58.26174670792058,44.691703342960324,27.891615558564684,1.945591169740147,1.0254045749027216,1.4000000000000001,1.0,0.9506202119278612,1.0,0.994227598637059,0.9506202119278612,69681.64162360138,288.15,0.8385412648334485,29.93456200108171,0.017522813733999984,21.900000000000002,29.574457833849635
41600.0,10010.0,14.700000000000001,50.5,20.1,179.0,85.0,4732.0,29.6,14.25,92.80000000000001,1105.0,72.0,92.80000000000001,22089.985504682823,58.258390393707295,44.68239459925711,27.941712064339104,1.949085672203258,1.0254045749027216,1.3900000000000001,1.0,0.9498330613834036,1.0,0.994227598637059,0.9498330613834036,69681.64162360138,288.15,0.8385412648334485,29.960768961075004,0.01750577006428305,21.900000000000002,29.62311236148976
41650.0,10000.0,14.9,50.0,19.3,180.0,85.2,4735.0,30.3,14.4,92.80000000000001,1097.0,72.10000000000001,91.9,22121.525643522447,58.25543984309554,44.675334703165866,27.984611776308917,1.9520781593403906,1.0254045749027216,1.3800000000000001,1.0,0.9490436508647485,1.0,0.994227598637059,0.9490436508647485,69681.64162360138,288.15,0.8385412648334485,29.983232069640692,0.017488711172774094,22.200000000000003,29.665408318476473
41700.0,10020.0,15.200000000000001,49.5,19.400000000000002,180.0,85.2,4739.0,30.200000000000003,14.3,93.30000000000001,1094.0,72.8,92.10000000000001,22149.014270531537,58.252856645533,44.670217212977896,28.02135333538218,1.9546410819773148,1.0254045749027216,1.41,1.0,0.9482524286749492,1.0,0.994227598637059,0.9482524286749492,69681.64162360138,288.15,0.8385412648334485,30.00248616269699,0.01747164544596313,22.1,29.702271117068204
41750.0,10000.0,14.9,50.0,20.200000000000003,181.0,85.30000000000001,4746.0,30.5,14.350000000000001,93.5,1099.0,72.0,92.80000000000001,22173.03903608774,58.25060268944845,44.666774690344255,28.05282425830433,1.9568363492113816,1.0254045749027216,1.4000000000000001,1.0,0.947459778940929,1.0,0.994227598637059,0.947459778940929,69681.64162360138,288.15,0.8385412648334485,30.01898967103096,0.01745458004076275,22.200000000000003,29.734488808174383
41800.0,10000.0,15.3,50.0,18.8,181.0,84.9,4746.0,29.700000000000003,14.3,92.60000000000001,1096.0,72.0,93.0,22194.10082746558,58.24864149601215,44.664774426293505,28.079783238513645,1.9587168840169153,1.0254045749027216,1.45,1.0,0.9466660307254017,1.0,0.994227598637059,0.9466660307254017,69681.64162360138,288.15,0.8385412648334485,30.03313553531722,0.01743752106082431,22.400000000000002,29.762733091647892
41850.0,10010.0,14.9,50.0,20.200000000000003,179.0,84.9,4756.0,30.3,14.350000000000001,92.2,1096.0,71.7,92.80000000000001,22212.6269254707,58.2469389971726,44.66401442924606,28.10287907866791,1.9603279438914325,1.0254045749027216,1.4000000000000001,1.0,0.9458714658567703,1.0,0.994227598637059,0.9458714658567703,69681.64162360138,288.15,0.8385412648334485,30.045260561848302,0.017420473707792816,22.1,29.787576959594723
41900.0,10000.0,15.100000000000001,50.0,19.5,180.0,85.10000000000001,4762.0,29.900000000000002,14.350000000000001,93.5,1096.0,72.60000000000001,93.4,22228.98207964274,58.24546393424504,44.664319730688185,28.12266678210696,1.9617082433222637,1.0254045749027214,1.43,1.0,0.9450763256541199,0.9999999999999997,0.994227598637059,0.9450763256541199,69681.64162360138,288.15,0.8385412648334485,30.05565344173209,0.017403442411004923,22.3,29.80950954844251
41950.0,10030.0,14.8,51.0,20.3,181.0,84.9,4761.0,30.400000000000002,14.25,92.9,1091.0,72.2,92.4,22243.477852039254,58.24418800244008,44.66553903142975,28.13962124383562,1.9628909088067252,1.0254045749027216,1.3900000000000001,1.0,0.9442808167008888,1.0,0.994227598637059,0.9442808167008888,69681.64162360138,288.15,0.8385412648334485,30.06456162448962,0.01738643093866039,23.0,29.828948669141685
42000.0,10020.0,14.600000000000001,50.5,20.3,180.0,85.0,4761.0,29.6,14.25,93.10000000000001,1096.0,72.0,92.5,22256.380516094767,58.24308582992357,44.6675416898977,28.15414891000557,1.9639042921640943,1.0254045749027216,1.3900000000000001,1.0,0.9434851158001106,1.0,0.994227598637059,0.9434851158001106,69681.64162360138,288.15,0.8385412648334485,30.07219720971036,0.017369442493083916,22.5,29.846251399693404
42050.0,10000.0,15.5,49.5,20.1,180.0,85.10000000000001,4759.0,30.6,14.200000000000001,94.10000000000001,1096.0,72.4,93.60000000000001,22267.91774600364,58.242134853468386,44.67021504035074,28.166597715595465,1.9647726637425948,1.0254045749027219,1.42,1.0,0.9426893742260415,0.9999999999999997,0.9942275986370589,0.9426893742260415,69681.64162360138,288.15,0.8385412648334485,30.07874199704242,0.01735247979233179,22.1,29.861723055745802
42100.0,10010.0,15.600000000000001,49.5,20.8,180.0,84.9,4760.0,29.900000000000002,14.200000000000001,92.80000000000001,1095.0,71.8,93.30000000000001,22278.284290891646,58.24131513369877,44.673462020826456,28.177265560792627,1.9655168036929023,1.0254045749027216,1.3900000000000001,1.0,0.9418937213711956,1.0,0.994227598637059,0.9418937213711956,69681.64162360138,288.15,0.8385412648334485,30.084351814755614,0.0173355451400856,22.1,29.87562479977152
42150.0,10000.0,15.100000000000001,50.0,19.700000000000003,180.0,85.0,4761.0,29.900000000000002,14.4,93.4,1095.0,72.4,92.5,22287.646794673412,58.24060913929678,44.67719908632078,28.186407545646155,1.9661545066243649,1.0254045749027216,1.37,1.0,0.9410982678741413,1.0,0.994227598637059,0.9410982678741413,69681.64162360138,288.15,0.8385412648334485,30.08916022993835,0.01731864048550248,22.200000000000003,29.888180104592937
42200.0,10020.0,15.100000000000001,50.0,20.6,180.0,85.4,4764.0,29.700000000000003,14.3,93.0,1093.0,73.10000000000001,93.2,22296.14789533947,58.24000151984122,44.68135438091963,28.194242148411075,1.9667010125779494,1.0254045749027219,1.41,1.0,0.9403031083015162,0.9999999999999997,0.9942275986370589,0.9403031083015162,69681.64162360138,288.15,0.8385412648334485,30.09328172866642,0.017301767474456838,22.200000000000003,29.89958025060814
42250.0,9990.0,15.3,49.0,19.5,180.0,85.30000000000001,4766.0,30.1,14.350000000000001,93.9,1091.0,72.5,93.0,22303.90971522375,58.239478880098076,44.68586614248448,28.200956504438413,1.9671693752574024,1.0254045749027216,1.43,1.0,0.9395083234474714,1.0,0.994227598637059,0.9395083234474714,69681.64162360138,288.15,0.8385412648334485,30.096814441861895,0.017284927493405898,22.1,29.909989006309356
42300.0,10000.0,15.0,49.5,19.5,180.0,85.0,4765.0,29.900000000000002,14.200000000000001,93.0,1097.0,72.4,93.10000000000001,22311.03683558393,58.23902956377924,44.69068131442358,28.206710918512798,1.9675707767892225,1.0254045749027214,1.41,1.0,0.9387139823048642,0.9999999999999997,0.994227598637059,0.9387139823048642,69681.64162360138,288.15,0.8385412648334485,30.099842481743735,0.017268121706936344,22.1,29.919546617254763
42350.0,10020.0,15.600000000000001,50.0,21.0,179.0,84.7,4766.0,29.900000000000002,14.5,93.0,1092.0,71.9,93.7,22317.618833809873,58.238643451459836,44.69575434063723,28.211642723405067,1.967914796877594,1.0254045749027216,1.43,1.0,0.9379201437548943,1.0,0.994227598637059,0.9379201437548943,69681.64162360138,288.15,0.8385412648334485,30.102437944499606,0.017251351089899225,22.200000000000003,29.92837320851572
42400.0,9980.0,14.700000000000001,51.0,20.3,180.0,85.4,4777.0,30.0,14.350000000000001,92.9,1093.0,71.60000000000001,92.5,22323.732449145456,58.238311775070514,44.701046121614155,28.215869580446498,1.9682096430373046,1.0254045749027219,1.35,1.0,0.9371268580152594,0.9999999999999997,0.9942275986370589,0.9371268580152594,69681.64162360138,288.15,0.8385412648334485,30.104662626861774,0.017234616454910593,22.6,29.93657168895304
42450.0,9980.0,15.600000000000001,49.5,20.700000000000003,180.0,84.7,4775.0,30.400000000000002,14.25,93.10000000000001,1091.0,72.10000000000001,93.30000000000001,22329.44343248396,58.23802694985891,44.706523111684845,28.21949230361379,1.9684623475889609,1.0254045749027216,1.3900000000000001,1.0,0.9363341678812571,1.0,0.994227598637059,0.9363341678812571,69681.64162360138,288.15,0.8385412648334485,30.10656949745792,0.01721791847588475,21.900000000000002,29.944230231829643
42500.0,9990.0,15.200000000000001,50.0,19.900000000000002,179.0,84.9,4776.0,29.700000000000003,14.4,93.30000000000001,1094.0,71.9,93.10000000000001,22334.80812718787,58.23778242372063,44.71215653947457,28.222597276506683,1.9686789362562616,1.0254045749027214,1.4000000000000001,1.0,0.9355421097893657,0.9999999999999997,0.994227598637059,0.9355421097893657,69681.64162360138,288.15,0.8385412648334485,30.108203957968897,0.017201257708170988,22.200000000000003,29.951424394721478
42550.0,10000.0,15.200000000000001,51.0,20.1,178.0,85.2,4770.0,30.6,14.450000000000001,93.0,1095.0,71.9,93.30000000000001,22339.874820683963,58.23757254317893,44.71792173556454,28.225258521343186,1.9688645724896146,1.0254045749027216,1.42,1.0,0.9347507147286467,1.0,0.994227598637059,0.9347507147286467,69681.64162360138,288.15,0.8385412648334485,30.10960492412117,0.017184634605783216,22.6,29.95821893203361
42600.0,10010.0,15.0,51.0,19.900000000000002,179.0,84.7,4777.0,30.0,14.350000000000001,93.0,1092.0,71.9,93.60000000000001,22344.684900544868,58.2373924349285,44.723797553216926,28.227539470397133,1.9690236810334947,1.0254045749027216,1.4000000000000001,1.0,0.9339600090217095,1.0,0.994227598637059,0.9339600090217095,69681.64162360138,288.15,0.8385412648334485,30.110805752251686,0.01716804953614126,22.5,29.96466934532868
42650.0,10000.0,14.9,49.5,19.400000000000002,182.0,85.30000000000001,4777.0,29.8,14.350000000000001,92.9,1089.0,71.9,94.10000000000001,22349.273843687282,58.23723790166982,44.72976586971832,28.229494482910958,1.9691600537393221,1.0254045749027214,1.42,1.0,0.9331700149938706,0.9999999999999997,0.994227598637059,0.9331700149938706,69681.64162360138,288.15,0.8385412648334485,30.111835033506416,0.017151502792683092,22.1,29.97082320986152
42700.0,10000.0,15.200000000000001,49.5,20.0,180.0,85.10000000000001,4773.0,29.8,14.3,92.7,1089.0,72.10000000000001,93.9,22353.67206303412,58.237105330890955,44.735811157441105,28.23117014423103,1.9692769401871852,1.0254045749027214,1.36,1.0,0.9323807515465057,0.9999999999999997,0.994227598637059,0.9323807515465057,69681.64162360138,288.15,0.8385412648334485,30.112717274581897,0.017134994605654583,22.400000000000002,29.976721309970014
42750.0,10010.0,14.5,50.0,20.700000000000003,180.0,84.60000000000001,4775.0,29.8,14.4,93.0,1092.0,71.9,93.5,22357.905632368365,58.2369916152601,44.7419201151084,28.232606378561012,1.9693771253064098,1.0254045749027216,1.3800000000000001,1.0,0.9315922346482932,1.0,0.994227598637059,0.9315922346482932,69681.64162360138,288.15,0.8385412648334485,30.113473481218023,0.017118525151340186,22.3,29.982398611118626
42800.0,9990.0,15.200000000000001,50.0,19.400000000000002,181.0,85.0,4773.0,30.200000000000003,14.350000000000001,94.2,1091.0,72.4,93.60000000000001,22361.996907042576,58.23689408334699,44.74808135098329,28.233837402168625,1.96946299586689,1.0254045749027219,1.42,1.0,0.9308044777560905,0.9999999999999997,0.9942275986370589,0.9308044777560905,69681.64162360138,288.15,0.8385412648334485,30.11412165833471,0.01710209455995942,22.5,29.98788509228224
42850.0,10010.0,15.200000000000001,50.0,19.700000000000003,180.0,84.80000000000001,4768.0,29.400000000000002,14.25,94.7,1090.0,72.7,93.80000000000001,22365.965055609606,58.23681043947435,44.75428511079486,28.234892539992085,1.9695365974418104,1.0254045749027216,1.4000000000000001,1.0,0.9300174921755274,1.0,0.994227598637059,0.9300174921755274,69681.64162360138,288.15,0.8385412648334485,30.114677238720432,0.017085702922421835,22.0,29.993206458873598
42900.0,10000.0,15.600000000000001,51.0,20.1,179.0,84.80000000000001,4769.0,30.400000000000002,14.450000000000001,93.60000000000001,1091.0,72.60000000000001,93.10000000000001,22369.82651523416,58.23673871159906,44.76052304417565,28.23579692527407,1.9695996832109,1.0254045749027214,1.4000000000000001,1.0,0.9292312873699348,0.9999999999999997,0.994227598637059,0.9292312873699348,69681.64162360138,288.15,0.8385412648334485,30.115153450479625,0.01706935029610529,22.5,29.998384753459316
42950.0,9990.0,14.8,49.5,20.6,182.0,85.0,4772.0,29.8,14.350000000000001,93.2,1091.0,72.2,93.4,22373.59538186781,58.23667720622467,44.766788004225674,28.236572099016595,1.9696537557756573,1.0254045749027216,1.3900000000000001,1.0,0.9284458712250137,1.0,0.994227598637059,0.9284458712250137,69681.64162360138,288.15,0.8385412648334485,30.11556163198751,0.017053036709798724,22.3,30.00343887899237
43000.0,10000.0,14.9,50.5,19.3,181.0,85.0,4775.0,30.200000000000003,14.3,93.0,1089.0,72.0,94.0,22377.283744573375,58.23662446945106,44.77307387555371,28.237236523629594,1.9697001029891164,1.0254045749027216,1.3800000000000001,1.0,0.9276612502755768,1.0,0.994227598637059,0.9276612502755768,69681.64162360138,288.15,0.8385412648334485,30.115911501851407,0.01703676216792995,22.5,30.00838504714779
43050.0,9970.0,14.9,50.5,19.900000000000002,179.0,84.9,4761.0,29.700000000000003,14.4,93.2,1090.0,71.2,92.9,22380.90197202318,58.23657925336496,44.77937542678598,28.237806023076086,1.9697398286583572,1.0254045749027216,1.44,1.0,0.9268774298998005,1.0,0.994227598637059,0.9268774298998005,69681.64162360138,288.15,0.8385412648334485,30.116211390306177,0.017020526654181897,22.5,30.01323716252253
43100.0,9980.0,14.8,50.0,19.5,178.0,85.0,4775.0,30.200000000000003,14.4,92.7,1091.0,71.9,93.7,22384.458958034993,58.23654048706787,44.785688184087036,28.238294160047747,1.9697738788545418,1.0254045749027214,1.3900000000000001,1.0,0.9260944144856365,0.9999999999999997,0.994227598637059,0.9260944144856365,69681.64162360138,288.15,0.8385412648334485,30.116468437553117,0.0170043301345857,22.200000000000003,30.01800715190409
43150.0,9960.0,15.4,50.0,19.400000000000002,180.0,84.9,4771.0,29.8,14.350000000000001,93.2,1088.0,72.4,93.7,22387.96233201811,58.236507251722045,44.792008322718516,28.238712559190652,1.9698030644596625,1.0254045749027216,1.4000000000000001,1.0,0.9253122075733767,1.0,0.994227598637059,0.9253122075733767,69681.64162360138,288.15,0.8385412648334485,30.116688763764785,0.016988172560166034,22.6,30.022705246482925
43200.0,9990.0,14.9,50.0,19.400000000000002,180.0,84.80000000000001,4776.0,30.200000000000003,14.350000000000001,92.7,1090.0,71.60000000000001,93.80000000000001,22391.41863935649,58.23647875907291,44.79833257407771,28.23907118410642,1.9698280804888668,1.0254045749027214,1.33,1.0,0.9245308119777803,0.9999999999999997,0.994227598637059,0.9245308119777803,69681.64162360138,288.15,0.8385412648334485,30.116877614803357,0.016972053869203734,22.0,30.02734022374984
43250.0,10010.0,15.100000000000001,50.0,19.6,179.0,85.0,4772.0,30.5,14.3,93.7,1087.0,71.9,94.0,22394.833496032013,58.2364543329746,44.80465814601645,28.239378574745245,1.96984952264991,1.0254045749027216,1.3900000000000001,1.0,0.9237502298926995,1.0,0.994227598637059,0.9237502298926995,69681.64162360138,288.15,0.8385412648334485,30.117039487122128,0.016955973989170686,22.3,30.031919614848853
43300.0,10000.0,15.5,50.0,20.5,180.0,85.2,4771.0,29.900000000000002,14.3,94.10000000000001,1092.0,72.0,94.4,22398.211721172927,58.23643339350676,44.81098265455053,28.239642050858876,1.9698679015350997,1.0254045749027216,1.3800000000000001,1.0,0.9229704629807065,1.0,0.994227598637059,0.9229704629807065,69681.64162360138,288.15,0.8385412648334485,30.11717823482394,0.01693993283838451,22.6,30.03644988232732
43350.0,10010.0,15.200000000000001,50.0,20.3,179.0,85.0,4774.0,29.6,14.350000000000001,93.0,1089.0,72.0,93.60000000000001,22401.557450683744,58.236415443325384,44.817304065337396,28.239867886369215,1.9698836547844523,1.0254045749027219,1.4000000000000001,1.0,0.9221915124498719,0.9999999999999997,0.9942275986370589,0.9221915124498719,69681.64162360138,288.15,0.8385412648334485,30.11729716142549,0.016923930327423647,22.400000000000002,30.040936572515914
43400.0,9990.0,15.200000000000001,49.5,20.900000000000002,180.0,84.80000000000001,4769.0,30.3,14.3,93.0,1092.0,71.8,94.30000000000001,22404.874234660143,58.23640005593772,44.82362064352856,28.24006145881264,1.9698971575102389,1.0254045749027216,1.43,1.0,0.9214133791195388,1.0,0.994227598637059,0.9214133791195388,69681.64162360138,288.15,0.8385412648334485,30.117399098512536,0.016907966360337225,22.5,30.045384446163943
43450.0,10030.0,14.5,49.5,19.900000000000002,182.0,85.4,4778.0,29.8,14.3,93.30000000000001,1088.0,72.4,93.9,22408.165120905258,58.23638686563308,44.82993091080136,28.240227377424514,1.9699087312315773,1.0254045749027216,1.4000000000000001,1.0,0.9206360634766656,1.0,0.994227598637059,0.9206360634766656,69681.64162360138,288.15,0.8385412648334485,30.11748647315857,0.016892040835679644,22.6,30.049797590436373
43500.0,9980.0,15.0,49.5,19.900000000000002,180.0,84.9,4774.0,30.1,14.3,94.10000000000001,1088.0,72.10000000000001,94.0,22411.432726532224,58.23637555883834,44.83623360854459,28.240369592918107,1.969918651532105,1.0254045749027219,1.3900000000000001,1.0,0.9198595657240912,0.9999999999999997,0.9942275986370589,0.9198595657240912,69681.64162360138,288.15,0.8385412648334485,30.11756136571232,0.016876153647394965,22.200000000000003,30.054179514934248
43550.0,10000.0,15.600000000000001,50.0,19.5,181.0,84.9,4774.0,29.8,14.450000000000001,93.5,1093.0,71.5,94.0,22414.67929935381,58.23636586669804,44.84252766631828,28.24049149157506,1.9699271546232962,1.0254045749027216,1.44,1.0,0.9190838858218785,1.0,0.994227598637059,0.9190838858218785,69681.64162360138,288.15,0.8385412648334485,30.11762555932981,0.0168603046855731,22.5,30.05853323401945
43600.0,10030.0,14.9,50.0,20.8,179.0,84.7,4770.0,30.200000000000003,14.200000000000001,94.30000000000001,1091.0,72.60000000000001,94.7,22417.906770516718,58.23635755870694,44.84881217483292,28.24059597589016,1.9699344429698749,1.0254045749027216,1.41,1.0,0.9183090235227348,1.0,0.994227598637059,0.9183090235227348,69681.64162360138,288.15,0.8385412648334485,30.117680582430523,0.016844493837096006,22.8,30.06286133739833
43650.0,10010.0,14.9,49.5,19.8,180.0,85.0,4765.0,29.900000000000002,14.350000000000001,94.30000000000001,1093.0,71.9,93.7,22421.116799630112,58.23635043724678,44.855086362801806,28.24068553369231,1.9699406901113745,1.0254045749027216,1.35,1.0,0.9175349784023455,1.0,0.994227598637059,0.9175349784023455,69681.64162360138,288.15,0.8385412648334485,30.117727745088274,0.016828720986190027,22.6,30.067166050639976
43700.0,9990.0,15.3,50.5,19.400000000000002,180.0,85.30000000000001,4777.0,29.400000000000002,14.3,93.2,1091.0,72.0,92.9,22424.31081345914,58.23634433289938,44.86134957711184,28.24076229738887,1.9699460447947514,1.0254045749027219,1.3900000000000001,1.0,0.9167617498853622,0.9999999999999997,0.9942275986370589,0.9167617498853622,69681.64162360138,288.15,0.8385412648334485,30.117768170223492,0.01681298601489803,22.6,30.071449287064972
43750.0,10000.0,15.100000000000001,50.0,19.6,180.0,85.0,4776.0,30.200000000000003,14.350000000000001,94.60000000000001,1088.0,71.3,94.5,22427.49003910131,58.2363391004262,44.86760126583726,28.2408280947447,1.9699506345164985,1.0254045749027216,1.4000000000000001,1.0,0.9159893372676641,1.0,0.994227598637059,0.9159893372676641,69681.64162360138,288.15,0.8385412648334485,30.117802820339392,0.016797288803482517,22.6,30.075712692235644
43800.0,9980.0,15.600000000000001,50.5,19.900000000000002,179.0,85.2,4769.0,30.700000000000003,14.3,95.0,1089.0,72.4,93.9,22430.65553243298,58.23633461532034,44.87384096368963,28.240884492406018,1.9699545685586706,1.0254045749027216,1.4000000000000001,1.0,0.9152177397354216,1.0,0.994227598637059,0.9152177397354216,69681.64162360138,288.15,0.8385412648334485,30.117832520438732,0.016781629230770194,22.6,30.079957682103277
43850.0,10010.0,15.3,50.0,20.0,181.0,84.9,4776.0,29.900000000000002,14.350000000000001,94.10000000000001,1087.0,71.7,94.4,22433.80820250012,58.236330770849214,44.8800682795544,28.240932833205477,1.969957940591114,1.0254045749027216,1.4000000000000001,1.0,0.9144469563814311,1.0,0.994227598637059,0.9144469563814311,69681.64162360138,288.15,0.8385412648334485,30.117857977666738,0.01676600717444617,22.8,30.084185475716716
43900.0,10010.0,15.100000000000001,49.5,19.700000000000003,182.0,84.80000000000001,4774.0,30.1,14.3,93.5,1087.0,71.60000000000001,94.0,22436.948832432,58.23632747551869,44.88628288581525,28.240974268137442,1.9699608309019165,1.0254045749027214,1.44,1.0,0.9136769862191022,0.9999999999999997,0.994227598637059,0.9136769862191022,69681.64162360138,288.15,0.8385412648334485,30.11787979814789,0.016750422511305076,22.400000000000002,30.088397123267963
43950.0,9990.0,15.0,50.5,19.900000000000002,181.0,84.7,4778.0,30.0,14.350000000000001,93.7,1086.0,71.2,94.0,22440.07809737354,58.23632465089858,44.89248450921003,28.241009783764753,1.9699633083091768,1.0254045749027216,1.42,1.0,0.9129078281944362,1.0,0.994227598637059,0.9129078281944362,69681.64162360138,288.15,0.8385412648334485,30.117898501417443,0.016734875117465416,22.200000000000003,30.09259353013986
44000.0,9980.0,14.700000000000001,50.0,19.900000000000002,180.0,85.2,4778.0,30.6,14.200000000000001,93.60000000000001,1090.0,71.60000000000001,94.9,22443.196579861302,58.23632222975809,44.89867292299841,28.241040225709973,1.9699654317996462,1.0254045749027216,1.41,1.0,0.9121394811962886,1.0,0.994227598637059,0.9121394811962886,69681.64162360138,288.15,0.8385412648334485,30.117914532791353,0.016719364868552574,22.8,30.096775477525604
44050.0,10010.0,15.3,50.0,20.0,180.0,84.7,4779.0,30.200000000000003,14.3,94.9,1087.0,71.10000000000001,95.0,22446.304783007734,58.23632015446721,44.904847940253326,28.2410663187904,1.9699672519332547,1.0254045749027219,1.36,1.0,0.9113719440651584,0.9999999999999997,0.9942275986370589,0.9113719440651584,69681.64162360138,288.15,0.8385412648334485,30.117928273968992,0.016703891639854654,22.400000000000002,30.100943640109033
44100.0,10000.0,15.100000000000001,50.5,20.200000000000003,180.0,84.80000000000001,4775.0,29.5,14.450000000000001,93.30000000000001,1087.0,71.3,94.2,22449.403141806135,58.23631837562623,44.911009408115234,28.24108868427656,1.9699688120469843,1.0254045749027216,1.4000000000000001,1.0,0.9106052156007126,1.0,0.994227598637059,0.9106052156007126,69681.64162360138,288.15,0.8385412648334485,30.11794005212125,0.0166884553064555,22.3,30.105098601224864
44150.0,10010.0,15.100000000000001,50.0,19.900000000000002,181.0,85.2,4769.0,29.8,14.350000000000001,94.4,1086.0,72.0,94.10000000000001,22452.49203282406,58.23631685089047,44.91715720287049,28.24110785468491,1.9699701492867412,1.0254045749027219,1.44,1.0,0.9098392945682292,0.9999999999999997,0.9942275986370589,0.9098392945682292,69681.64162360138,288.15,0.8385412648334485,30.117950147680325,0.016673055743347966,22.6,30.10924086585772
44200.0,9990.0,14.9,49.5,20.1,180.0,84.80000000000001,4768.0,30.200000000000003,14.350000000000001,94.30000000000001,1089.0,71.5,94.7,22455.57178251526,58.23631554396318,44.923291225736484,28.241124286457353,1.9699712954918185,1.0254045749027216,1.48,1.0,0.9090741797041199,1.0,0.994227598637059,0.9090741797041199,69681.64162360138,288.15,0.8385412648334485,30.117958801016677,0.01665769282553023,22.700000000000003,30.113370871788618
44250.0,10000.0,14.9,48.5,20.400000000000002,181.0,84.9,4768.0,29.700000000000003,14.350000000000001,94.2,1090.0,71.7,95.10000000000001,22458.64267434672,58.23631442373173,44.92941139925134,28.241138370829233,1.9699722779529996,1.0254045749027216,1.41,1.0,0.9083098697206515,1.0,0.994227598637059,0.9083098697206515,69681.64162360138,288.15,0.8385412648334485,30.117966218162124,0.016642366428087862,22.700000000000003,30.117488999152442
44300.0,9970.0,14.600000000000001,50.0,20.400000000000002,182.0,85.0,4771.0,29.400000000000002,14.4,94.0,1095.0,71.4,95.7,22461.704954909965,58.23631346352746,44.935517664182065,28.241150443144676,1.9699731200623523,1.0254045749027216,1.42,1.0,0.9075463633099935,1.0,0.994227598637059,0.9075463633099935,69681.64162360138,288.15,0.8385412648334485,30.117972575715363,0.016627076426263494,22.200000000000003,30.121595578633364
44350.0,10000.0,15.200000000000001,50.0,20.3,181.0,85.10000000000001,4773.0,29.6,14.350000000000001,94.4,1083.0,71.7,94.7,22464.75883916125,58.23631264049088,44.941609976876194,28.24116079084119,1.9699738418701989,1.0254045749027219,1.36,1.0,0.9067836591476806,0.9999999999999997,0.9942275986370589,0.9067836591476806,69681.64162360138,288.15,0.8385412648334485,30.11797802504671,0.016611822695515897,22.400000000000002,30.125690898492024
44400.0,10000.0,15.600000000000001,50.0,20.400000000000002,180.0,84.60000000000001,4776.0,29.8,14.3,93.7,1088.0,72.0,95.2,22467.804514914995,58.23631193502778,44.947688306994,28.241169660293565,1.9699744605625145,1.0254045749027216,1.45,1.0,0.9060217558955764,1.0,0.994227598637059,0.9060217558955764,69681.64162360138,288.15,0.8385412648334485,30.11798269590215,0.016596605111570236,22.900000000000002,30.12977521059131
44450.0,9980.0,14.700000000000001,49.0,20.3,179.0,84.9,4773.0,30.1,14.25,93.60000000000001,1088.0,72.0,94.80000000000001,22470.842146696683,58.23631133034279,44.95375263556599,28.24117726268,1.9699749908701223,1.0254045749027216,1.3800000000000001,1.0,0.9052606522044152,1.0,0.994227598637059,0.9052606522044152,69681.64162360138,288.15,0.8385412648334485,30.117986699492526,0.016581423550460328,21.900000000000002,30.133848735563188
44500.0,10010.0,14.8,49.5,19.3,179.0,84.80000000000001,4772.0,29.6,14.350000000000001,94.30000000000001,1093.0,71.0,94.9,22473.87187904674,58.236310812039626,44.9598029533294,28.241183779010267,1.9699754454194327,1.0254045749027214,1.41,1.0,0.9045003467159666,0.9999999999999997,0.994227598637059,0.9045003467159666,69681.64162360138,288.15,0.8385412648334485,30.11799013114142,0.016566277888564553,22.200000000000003,30.137911667239262
44550.0,10000.0,15.200000000000001,50.0,20.6,178.0,84.80000000000001,4779.0,30.3,14.350000000000001,95.2,1083.0,71.8,95.4,22476.893839353543,58.236310367778515,44.96583925930367,28.2411893644355,1.969975835033078,1.0254045749027216,1.3800000000000001,1.0,0.9037408380648969,1.0,0.994227598637059,0.9037408380648969,69681.64162360138,288.15,0.8385412648334485,30.11799307255476,0.01655116800263605,23.1,30.141964176449893
44600.0,10000.0,14.4,50.0,19.700000000000003,181.0,85.10000000000001,4771.0,30.5,14.4,94.0,1087.0,71.7,94.7,22479.90814028263,58.23630998698234,44.971861559570286,28.241194151942313,1.9699761689875943,1.0254045749027216,1.3900000000000001,1.0,0.9029821248803591,1.0,0.994227598637059,0.9029821248803591,69681.64162360138,288.15,0.8385412648334485,30.11799559376619,0.016536093769828092,22.5,30.146006414281818
44650.0,9990.0,14.3,50.0,19.200000000000003,179.0,84.60000000000001,4767.0,30.1,14.3,94.30000000000001,1084.0,71.3,95.10000000000001,22482.914881859826,58.23630966058495,44.9778698662281,28.24119825551921,1.9699764552342964,1.0254045749027216,1.4000000000000001,1.0,0.9022242057873495,1.0,0.994227598637059,0.9022242057873495,69681.64162360138,288.15,0.8385412648334485,30.117997754804563,0.016521055067715333,22.700000000000003,30.150038514871667
44700.0,10010.0,14.9,49.0,19.700000000000003,180.0,84.80000000000001,4769.0,30.0,14.5,94.2,1087.0,71.10000000000001,95.60000000000001,22485.91415325742,58.23630938081525,44.98386419649853,28.241201772870546,1.9699767005885929,1.0254045749027219,1.43,1.0,0.9014670794078722,0.9999999999999997,0.9942275986370589,0.9014670794078722,69681.64162360138,288.15,0.8385412648334485,30.117999607123167,0.016506051774311525,22.700000000000003,30.15406059780127
44750.0,10020.0,14.9,50.0,20.700000000000003,181.0,84.60000000000001,4775.0,29.8,14.4,94.80000000000001,1083.0,71.60000000000001,95.10000000000001,22488.90603432592,58.23630914101229,44.98984457195954,28.24120478774292,1.969976910892261,1.0254045749027216,1.41,1.0,0.9007107443619282,1.0,0.994227598637059,0.9007107443619282,69681.64162360138,288.15,0.8385412648334485,30.118001194824828,0.016491083768084332,22.6,30.158072770151744
44800.0,10020.0,15.100000000000001,50.0,20.5,182.0,85.2,4774.0,30.1,14.350000000000001,94.60000000000001,1092.0,71.2,95.60000000000001,22491.890596907462,58.23630893546661,44.99581101788947,28.24120737191908,1.9699770911525372,1.0254045749027216,1.4000000000000001,1.0,0.8999551992683689,1.0,0.994227598637059,0.8999551992683689,69681.64162360138,288.15,0.8385412648334485,30.118002555711968,0.016476150927967406,22.1,30.16207512826485
44850.0,10000.0,14.9,50.5,20.0,179.0,85.30000000000001,4778.0,30.5,14.350000000000001,94.60000000000001,1089.0,71.3,95.2,22494.86790596217,58.23630875928441,45.001763562705484,28.24120958692712,1.9699772456613385,1.0254045749027219,1.4000000000000001,1.0,0.8992004427456175,0.9999999999999997,0.9942275986370589,0.8992004427456175,69681.64162360138,288.15,0.8385412648334485,30.118003722186657,0.016461253133370362,22.1,30.16606775925339
44900.0,10000.0,14.9,50.0,20.1,181.0,84.80000000000001,4772.0,29.8,14.3,94.30000000000001,1086.0,71.60000000000001,95.30000000000001,22497.83802053398,58.23630860827096,45.00770223748246,28.24121148550535,1.9699773780974474,1.0254045749027219,1.37,1.0,0.8984464734122867,0.9999999999999997,0.9942275986370589,0.8984464734122867,69681.64162360138,288.15,0.8385412648334485,30.118004722022107,0.016446390264186973,22.8,30.170050742296485
44950.0,10010.0,14.700000000000001,50.5,20.1,180.0,85.10000000000001,4773.0,30.200000000000003,14.350000000000001,94.4,1082.0,71.60000000000001,95.0,22500.800994578887,58.236308478830736,45.013627075541315,28.24121311285806,1.969977491614108,1.0254045749027216,1.42,1.0,0.8976932898877101,1.0,0.994227598637059,0.8976932898877101,69681.64162360138,288.15,0.8385412648334485,30.118005579023915,0.016431562200801518,22.6,30.174024149750185
45000.0,10000.0,15.3,50.0,20.1,180.0,85.30000000000001,4771.0,29.900000000000002,14.25,95.10000000000001,1085.0,71.2,95.0,22503.75687767523,58.23630836788189,45.01953811209643,28.241214507731762,1.9699775889140994,1.0254045749027214,1.4000000000000001,1.0,0.8969408907923878,0.9999999999999997,0.994227598637059,0.8969408907923878,69681.64162360138,288.15,0.8385412648334485,30.1180063135969,0.016416768824093986,22.200000000000003,30.177988048100037
45050.0,9970.0,15.200000000000001,49.0,20.3,181.0,85.0,4779.0,30.0,14.450000000000001,94.4,1081.0,71.3,96.10000000000001,22506.705715632845,58.23630827278283,45.02543538395401,28.24121570333776,1.9699776723140903,1.0254045749027216,1.42,1.0,0.8961892747483716,1.0,0.994227598637059,0.8961892747483716,69681.64162360138,288.15,0.8385412648334485,30.11800694323088,0.01640201001544403,22.400000000000002,30.181942498777957
45100.0,10000.0,15.3,50.0,21.1,180.0,85.2,4776.0,29.8,14.3,95.30000000000001,1087.0,71.5,94.5,22509.64755101536,58.236308191269316,45.03131892925363,28.241216728142884,1.9699777437997952,1.0254045749027216,1.42,1.0,0.8954384403795905,1.0,0.994227598637059,0.8954384403795905,69681.64162360138,288.15,0.8385412648334485,30.118007482917157,0.016387285656733887,22.6,30.185887558862625
45150.0,10000.0,15.100000000000001,50.0,19.8,180.0,84.9,4782.0,30.3,14.25,96.0,1085.0,71.3,95.80000000000001,22512.582423588225,58.23630812140054,45.037188787247274,28.241217606547252,1.9699778050732546,1.0254045749027214,1.34,1.0,0.8946883863121287,0.9999999999999997,0.994227598637059,0.8946883863121287,69681.64162360138,288.15,0.8385412648334485,30.11800794550539,0.016372595630350553,22.5,30.189823281680283
45200.0,9990.0,15.100000000000001,50.0,20.0,180.0,85.2,4775.0,30.0,14.350000000000001,95.9,1087.0,71.10000000000001,94.4,22515.510370702945,58.23630806151302,45.043044998110155,28.24121835946528,1.969977857593363,1.0254045749027219,1.36,1.0,0.8939391111744578,0.9999999999999997,0.9942275986370589,0.8939391111744578,69681.64162360138,288.15,0.8385412648334485,30.11800834200959,0.016357939819187133,22.400000000000002,30.193749717320067
45250.0,10000.0,14.8,50.0,19.8,179.0,85.10000000000001,4779.0,29.700000000000003,14.350000000000001,93.7,1083.0,71.10000000000001,96.0,22518.43142762653,58.236308010180835,45.04888760277873,28.241219004823574,1.9699779026105972,1.0254045749027216,1.3800000000000001,1.0,0.8931906135976407,1.0,0.994227598637059,0.8931906135976407,69681.64162360138,288.15,0.8385412648334485,30.118008681870336,0.0163433181066436,22.3,30.19766691307573
45300.0,10000.0,15.0,49.5,20.8,180.0,85.0,4772.0,30.1,14.4,95.80000000000001,1084.0,71.7,95.7,22521.34562782419,58.23630796618179,45.05471664281238,28.24121955798782,1.969977941196798,1.0254045749027219,1.43,1.0,0.8924428922154948,0.9999999999999997,0.9942275986370589,0.8924428922154948,69681.64162360138,288.15,0.8385412648334485,30.118008973179542,0.016328730376627056,22.5,30.201574913824796
45350.0,10000.0,15.3,50.5,20.6,180.0,85.0,4764.0,29.5,14.3,94.2,1088.0,70.8,95.2,22524.253003201757,58.23630792846832,45.060532160274896,28.241220032128588,1.969977974270683,1.0254045749027216,1.3900000000000001,1.0,0.8916959456647373,1.0,0.994227598637059,0.8916959456647373,69681.64162360138,288.15,0.8385412648334485,30.118009222873148,0.016314176513551555,22.8,30.205473762353623
45400.0,9990.0,15.200000000000001,50.0,20.400000000000002,181.0,85.0,4767.0,29.900000000000002,14.350000000000001,95.10000000000001,1084.0,71.60000000000001,95.5,22527.1535843136,58.2363078961425,45.06633419763318,28.241220438534967,1.969978002619728,1.0254045749027216,1.37,1.0,0.8909497725851042,1.0,0.994227598637059,0.8909497725851042,69681.64162360138,288.15,0.8385412648334485,30.118009436896237,0.016299656402337544,22.400000000000002,30.20936349963623
45450.0,10020.0,15.200000000000001,50.5,19.6,179.0,84.9,4774.0,29.900000000000002,14.3,94.7,1084.0,71.10000000000001,96.10000000000001,22530.047400540978,58.23630786843463,45.07212279767057,28.241220786883286,1.9699780269189087,1.0254045749027214,1.36,1.0,0.8902043716194521,0.9999999999999997,0.994227598637059,0.8902043716194521,69681.64162360138,288.15,0.8385412648334485,30.11800962034461,0.01628516992841088,22.6,30.213244165073462
45500.0,10020.0,15.0,49.5,20.400000000000002,179.0,85.0,4769.0,29.400000000000002,14.350000000000001,94.2,1086.0,71.60000000000001,96.5,22532.93448024517,58.23630784468502,45.077898003413026,28.24122108546755,1.9699780477467776,1.0254045749027216,1.4000000000000001,1.0,0.8894597414138389,1.0,0.994227598637059,0.8894597414138389,69681.64162360138,288.15,0.8385412648334485,30.11800977758606,0.016270716977701747,22.8,30.21711579669838
45550.0,10000.0,14.9,49.0,20.700000000000003,179.0,85.30000000000001,4776.0,29.700000000000003,14.350000000000001,96.30000000000001,1090.0,71.0,95.30000000000001,22535.81485089868,58.23630782432823,45.08365985806573,28.24122134139693,1.9699780655992372,1.0254045749027216,1.4000000000000001,1.0,0.8887158806175955,1.0,0.994227598637059,0.8887158806175955,69681.64162360138,288.15,0.8385412648334485,30.11800991236445,0.016256297436643214,22.5,30.22097843135215
45600.0,10010.0,15.200000000000001,49.0,20.200000000000003,180.0,85.0,4774.0,30.400000000000002,14.4,94.60000000000001,1086.0,71.0,94.80000000000001,22538.688539197923,58.23630780687953,45.08940840495912,28.241221560764956,1.969978080901345,1.0254045749027219,1.4000000000000001,1.0,0.8879727878833831,0.9999999999999997,0.9942275986370589,0.8879727878833831,69681.64162360138,288.15,0.8385412648334485,30.11801002788878,0.01624191119216968,23.0,30.2248321048352
45650.0,9980.0,15.0,50.0,20.1,179.0,84.7,4768.0,30.400000000000002,14.25,94.7,1091.0,70.9,95.9,22541.5555711599,58.2363077919235,45.09514368750282,28.241221748794697,1.969978094017437,1.0254045749027216,1.43,1.0,0.8872304618672411,1.0,0.994227598637059,0.8872304618672411,69681.64162360138,288.15,0.8385412648334485,30.11801012690964,0.01622755813171511,22.8,30.228676852036852
45700.0,9980.0,14.8,50.0,20.8,179.0,84.9,4775.0,30.200000000000003,14.4,94.5,1084.0,71.2,96.4,22544.415972205174,58.23630777910406,45.1008657491463,28.24122190996305,1.969978105259802,1.0254045749027216,1.3900000000000001,1.0,0.8864889012286256,1.0,0.994227598637059,0.8864889012286256,69681.64162360138,288.15,0.8385412648334485,30.118010211784664,0.016213238143211083,22.5,30.23251270704658
45750.0,9990.0,15.600000000000001,50.0,20.400000000000002,180.0,85.0,4767.0,29.400000000000002,14.4,95.10000000000001,1086.0,70.60000000000001,95.30000000000001,22547.269767229074,58.23630776811596,45.10657463334533,28.241222048107346,1.9699781148961146,1.0254045749027216,1.43,1.0,0.8857481046304372,1.0,0.994227598637059,0.8857481046304372,69681.64162360138,288.15,0.8385412648334485,30.118010284534677,0.016198951115084837,23.0,30.236339703249538
45800.0,9990.0,15.200000000000001,50.0,20.0,181.0,84.9,4778.0,30.1,14.350000000000001,95.9,1086.0,71.0,96.5,22550.116980662857,58.236307758697585,45.11227038353345,28.241222166516746,1.969978123155811,1.0254045749027214,1.44,1.0,0.8850080707390497,0.9999999999999997,0.994227598637059,0.8850080707390497,69681.64162360138,288.15,0.8385412648334485,30.118010346891836,0.016184696936257202,22.900000000000002,30.240157873408506
45850.0,9950.0,15.100000000000001,50.0,20.0,180.0,85.10000000000001,4776.0,29.900000000000002,14.450000000000001,95.60000000000001,1087.0,71.2,96.4,22552.957636526196,58.236307750624704,45.11795304309761,28.24122226801052,1.9699781302355512,1.0254045749027216,1.43,1.0,0.8842687982243262,1.0,0.994227598637059,0.8842687982243262,69681.64162360138,288.15,0.8385412648334485,30.11801040034083,0.016170475496140327,22.5,30.243967249734364
45900.0,10010.0,15.100000000000001,51.0,20.400000000000002,179.0,85.5,4765.0,30.200000000000003,14.3,96.30000000000001,1086.0,70.7,95.80000000000001,22555.79175847226,58.23630774370508,45.1236226553575,28.24122235500518,1.9699781363039,1.0254045749027216,1.3800000000000001,1.0,0.8835302857596343,1.0,0.994227598637059,0.8835302857596343,69681.64162360138,288.15,0.8385412648334485,30.11801044615425,0.016156286684635486,22.5,30.24776786394647
45950.0,10000.0,14.8,50.0,20.200000000000003,179.0,84.7,4775.0,30.200000000000003,14.4,95.5,1089.0,71.3,97.30000000000001,22558.619369826483,58.236307737773984,45.12927926354804,28.241222429572037,1.9699781415053417,1.0254045749027214,1.49,1.0,0.8827925320218537,0.9999999999999997,0.994227598637059,0.8827925320218537,69681.64162360138,288.15,0.8385412648334485,30.1180104854229,0.01614213039213075,22.1,30.251559747324713
46000.0,9970.0,15.0,50.5,20.0,181.0,84.9,4771.0,29.8,14.3,95.7,1084.0,70.8,96.2,22561.44049361984,58.23630773269018,45.134922910804455,28.241222493486482,1.96997814596372,1.0254045749027216,1.3900000000000001,1.0,0.8820555356913872,1.0,0.994227598637059,0.8820555356913872,69681.64162360138,288.15,0.8385412648334485,30.118010519081743,0.0161280065094987,22.8,30.255342930754082
46050.0,9990.0,14.700000000000001,50.0,20.200000000000003,179.0,85.30000000000001,4781.0,29.8,14.450000000000001,93.80000000000001,1088.0,70.60000000000001,96.5,22564.25515261745,58.23630772833263,45.14055364014964,28.241222548270287,1.9699781497851871,1.0254045749027216,1.37,1.0,0.8813192954521594,1.0,0.994227598637059,0.8813192954521594,69681.64162360138,288.15,0.8385412648334485,30.11801054793218,0.016113914928093952,22.5,30.259117444763053
46100.0,9990.0,15.0,51.0,20.0,182.0,84.9,4779.0,29.5,14.3,95.0,1089.0,71.0,95.0,22567.06336934321,58.23630772459758,45.14617149448357,28.241222595227832,1.96997815306073,1.0254045749027216,1.36,1.0,0.8805838099916218,1.0,0.994227598637059,0.8805838099916218,69681.64162360138,288.15,0.8385412648334485,30.11801057266112,0.016099855539750855,22.3,30.262883319556632
46150.0,10010.0,15.3,50.0,19.8,181.0,84.80000000000001,4775.0,30.1,14.3,95.5,1085.0,71.0,95.4,22569.865166100975,58.23630772139614,45.151776516574316,28.241222635477165,1.969978155868339,1.0254045749027216,1.42,1.0,0.879849078000749,1.0,0.994227598637059,0.879849078000749,69681.64162360138,288.15,0.8385412648334485,30.118010593857356,0.016085828236780987,22.8,30.26664058504473
46200.0,10000.0,15.200000000000001,50.0,20.400000000000002,180.0,84.80000000000001,4777.0,29.5,14.350000000000001,95.10000000000001,1084.0,70.9,95.80000000000001,22572.66056499274,58.236307718652,45.15736874905043,28.24122266997658,1.9699781582748601,1.0254045749027216,1.42,1.0,0.8791150981740384,1.0,0.994227598637059,0.8791150981740384,69681.64162360138,288.15,0.8385412648334485,30.118010612025564,0.016071832911970733,22.6,30.27038927086657
46250.0,9990.0,15.4,50.0,20.3,181.0,85.30000000000001,4776.0,29.900000000000002,14.25,95.5,1088.0,70.9,94.4,22575.44958793442,58.23630771629991,45.16294823439476,28.241222699547524,1.9699781603375932,1.0254045749027216,1.43,1.0,0.8783818692095019,1.0,0.994227598637059,0.8783818692095019,69681.64162360138,288.15,0.8385412648334485,30.11801062759831,0.01605786945857885,22.8,30.27412940641182
46300.0,10000.0,15.3,50.5,19.700000000000003,181.0,84.7,4773.0,30.0,14.3,95.60000000000001,1088.0,71.2,96.5,22578.23225666931,58.23630771428384,45.168515014939075,28.241222724894044,1.9699781621056502,1.0254045749027216,1.35,1.0,0.8776493898086641,1.0,0.994227598637059,0.8776493898086641,69681.64162360138,288.15,0.8385412648334485,30.11801064094638,0.016043937770333985,22.200000000000003,30.27786102083868
46350.0,10000.0,15.0,50.0,20.8,180.0,85.10000000000001,4777.0,30.0,14.5,94.80000000000001,1083.0,70.4,97.0,22581.00859277979,58.23630771255576,45.17406913285972,28.24122274661962,1.9699781636211269,1.0254045749027216,1.42,1.0,0.8769176586765536,1.0,0.994227598637059,0.8769176586765536,69681.64162360138,288.15,0.8385412648334485,30.118010652387582,0.016030037741432256,22.400000000000002,30.28158414308956
46400.0,9990.0,15.4,50.0,20.6,180.0,85.10000000000001,4775.0,29.8,14.350000000000001,94.7,1086.0,71.0,96.80000000000001,22583.77861769744,58.23630771107455,45.179610630174096,28.24122276524155,1.9699781649201074,1.0254045749027216,1.42,1.0,0.8761866745216957,1.0,0.994227598637059,0.8761866745216957,69681.64162360138,288.15,0.8385412648334485,30.118010662194322,0.016016169266534694,22.6,30.285298801904624
46450.0,10020.0,15.3,50.5,20.6,180.0,85.10000000000001,4776.0,29.700000000000003,14.25,94.7,1084.0,70.60000000000001,95.60000000000001,22586.542352711695,58.23630770980496,45.1851395487376,28.24122278120321,1.9699781660335196,1.0254045749027219,1.4000000000000001,1.0,0.8754564360561017,0.9999999999999997,0.9942275986370589,0.8754564360561017,69681.64162360138,288.15,0.8385412648334485,30.118010670600107,0.01600233224076485,22.6,30.28900502583344
46500.0,10010.0,15.600000000000001,50.0,19.700000000000003,181.0,85.0,4772.0,29.700000000000003,14.3,95.4,1087.0,70.9,97.2,22589.299818977437,58.23630770871674,45.19065593024136,28.241222794884635,1.969978166987873,1.0254045749027219,1.42,1.0,0.8747269419952614,0.9999999999999997,0.9942275986370589,0.8747269419952614,69681.64162360138,288.15,0.8385412648334485,30.11801067780506,0.015988526559706406,22.700000000000003,30.292702843245124
46550.0,10000.0,14.700000000000001,49.5,19.700000000000003,178.0,84.80000000000001,4780.0,30.1,14.3,95.80000000000001,1080.0,70.8,97.0,22592.05103752149,58.23630770778397,45.19615981621022,28.241222806611564,1.9699781678058896,1.0254045749027216,1.4000000000000001,1.0,0.8739981910581355,1.0,0.994227598637059,0.8739981910581355,69681.64162360138,288.15,0.8385412648334485,30.118010683980735,0.015974752119400533,22.1,30.29639228233707
46600.0,10000.0,15.4,50.0,19.400000000000002,182.0,84.7,4772.0,29.700000000000003,14.25,95.30000000000001,1086.0,71.10000000000001,96.2,22594.79602924833,58.23630770698445,45.201651248001355,28.241222816663218,1.9699781685070468,1.0254045749027214,1.37,1.0,0.8732701819671399,0.9999999999999997,0.994227598637059,0.8732701819671399,69681.64162360138,288.15,0.8385412648334485,30.118010689274172,0.015961008816343623,22.700000000000003,30.300073371142595
46650.0,10010.0,15.100000000000001,50.0,20.0,180.0,85.0,4778.0,30.700000000000003,14.350000000000001,95.60000000000001,1085.0,70.4,96.80000000000001,22597.534814944993,58.236307706299144,45.207130266803084,28.241222825278918,1.9699781691080387,1.0254045749027214,1.41,1.0,0.8725429134481385,0.9999999999999997,0.994227598637059,0.8725429134481385,69681.64162360138,288.15,0.8385412648334485,30.118010693811406,0.015947296547484766,22.5,30.303746137537537
46700.0,10010.0,15.0,49.5,20.1,180.0,85.2,4777.0,30.0,14.3,95.60000000000001,1085.0,70.7,96.60000000000001,22600.267415285394,58.236307705711745,45.21259691363407,28.24122283266381,1.9699781696231746,1.0254045749027214,1.4000000000000001,1.0,0.8718163842304318,0.9999999999999997,0.994227598637059,0.8718163842304318,69681.64162360138,288.15,0.8385412648334485,30.118010697700463,0.015933615210223344,22.8,30.30741060924602
46750.0,9990.0,15.8,50.5,19.5,180.0,85.2,4772.0,29.6,14.25,96.0,1080.0,70.0,96.80000000000001,22602.99385083405,58.23630770520827,45.218051229342706,28.24122283899372,1.9699781700647203,1.0254045749027214,1.3900000000000001,1.0,0.8710905930467447,0.9999999999999997,0.994227598637059,0.8710905930467447,69681.64162360138,288.15,0.8385412648334485,30.11801070103394,0.01591996470240661,22.400000000000002,30.31106681384548
46800.0,9990.0,14.600000000000001,50.0,19.700000000000003,180.0,85.10000000000001,4772.0,29.8,14.200000000000001,95.9,1085.0,70.3,96.0,22605.714142049368,58.23630770477671,45.2234932546067,28.24122284441935,1.9699781704431876,1.0254045749027216,1.4000000000000001,1.0,0.870365538633215,1.0,0.994227598637059,0.870365538633215,69681.64162360138,288.15,0.8385412648334485,30.1180107038912,0.015906344922327315,22.700000000000003,30.314714778771048
46850.0,10000.0,15.5,50.5,20.0,181.0,85.0,4774.0,30.400000000000002,14.25,95.7,1087.0,70.60000000000001,96.4,22608.428309286544,58.236307704406805,45.22892302993301,28.2412228490699,1.9699781707675883,1.0254045749027216,1.35,1.0,0.869641219729383,1.0,0.994227598637059,0.869641219729383,69681.64162360138,288.15,0.8385412648334485,30.118010706340286,0.01589275576872121,22.0,30.318354531319443
46900.0,10020.0,15.100000000000001,49.5,20.1,179.0,84.9,4770.0,29.6,14.200000000000001,94.7,1087.0,70.10000000000001,96.9,22611.1363728001,58.23630770408973,45.23434059565775,28.24122285305607,1.9699781710456454,1.0254045749027216,1.43,1.0,0.8689176350781759,1.0,0.994227598637059,0.8689176350781759,69681.64162360138,288.15,0.8385412648334485,30.1180107084395,0.01587919714076478,22.6,30.321986098652392
46950.0,10000.0,15.100000000000001,50.0,20.5,182.0,85.30000000000001,4765.0,29.900000000000002,14.350000000000001,96.0,1080.0,69.8,97.30000000000001,22613.838352746123,58.23630770381797,45.23974599194635,28.241222856472792,1.9699781712839803,1.0254045749027216,1.3800000000000001,1.0,0.8681947834258995,1.0,0.994227598637059,0.8681947834258995,69681.64162360138,288.15,0.8385412648334485,30.118010710238828,0.015865668938072792,22.200000000000003,30.325609507799605
47000.0,9990.0,15.100000000000001,49.5,20.1,179.0,84.7,4779.0,30.1,14.3,95.4,1088.0,70.60000000000001,97.30000000000001,22616.53426918423,58.23630770358501,45.24513925879374,28.241222859401415,1.9699781714882674,1.0254045749027214,1.3800000000000001,1.0,0.8674726635222236,0.9999999999999997,0.994227598637059,0.8674726635222236,69681.64162360138,288.15,0.8385412648334485,30.118010711781103,0.015852171060696033,22.6,30.32922478566144
47050.0,10000.0,14.9,50.0,19.8,180.0,84.7,4776.0,30.1,14.3,96.10000000000001,1083.0,70.10000000000001,97.0,22619.224142079358,58.23630770338534,45.25052043602473,28.241222861911655,1.9699781716633704,1.0254045749027214,1.42,1.0,0.8667512741201722,0.9999999999999997,0.994227598637059,0.8667512741201722,69681.64162360138,288.15,0.8385412648334485,30.11801071310306,0.015838703409118828,22.5,30.332831959011262
47100.0,9990.0,15.0,49.5,20.6,180.0,85.0,4770.0,30.200000000000003,14.3,95.4,1086.0,70.5,95.5,22621.907991303346,58.2363077032142,45.25588956329435,28.2412228640633,1.969978171813459,1.0254045749027214,1.4000000000000001,1.0,0.8660306139761087,0.9999999999999997,0.994227598637059,0.8660306139761087,69681.64162360138,288.15,0.8385412648334485,30.118010714236163,0.015825265884256836,22.700000000000003,30.336431054497613
47150.0,10000.0,15.100000000000001,49.0,18.900000000000002,179.0,85.10000000000001,4760.0,29.700000000000003,14.200000000000001,95.7,1089.0,70.2,96.7,22624.58583663634,58.23630770306751,45.26124668008841,28.241222865907556,1.9699781719421061,1.0254045749027216,1.43,1.0,0.8653106818497247,1.0,0.994227598637059,0.8653106818497247,69681.64162360138,288.15,0.8385412648334485,30.118010715207397,0.01581185838745467,22.6,30.340022098646067
47200.0,10000.0,15.3,50.0,20.1,180.0,84.9,4777.0,29.900000000000002,14.4,95.2,1088.0,70.5,96.4,22627.25769776807,58.23630770294177,45.26659182572397,28.241222867488357,1.9699781720523757,1.0254045749027216,1.42,1.0,0.8645914765040277,1.0,0.994227598637059,0.8645914765040277,69681.64162360138,288.15,0.8385412648334485,30.118010716039883,0.01579848082048358,22.5,30.34360511786094
47250.0,10000.0,14.9,50.0,20.400000000000002,180.0,84.80000000000001,4769.0,30.1,14.350000000000001,95.5,1088.0,70.5,96.60000000000001,22629.923594299053,58.23630770283401,45.271925039350016,28.24122286884333,1.9699781721468925,1.0254045749027219,1.3800000000000001,1.0,0.863872996705328,0.9999999999999997,0.9942275986370589,0.863872996705328,69681.64162360138,288.15,0.8385412648334485,30.11801071675344,0.015785133085539204,22.6,30.34718013842692
47300.0,10000.0,15.4,50.5,20.0,181.0,85.2,4774.0,30.1,14.4,96.2,1082.0,70.0,96.80000000000001,22632.583545741574,58.23630770274162,45.277246359947945,28.24122287000473,1.9699781722279062,1.0254045749027216,1.3800000000000001,1.0,0.863155241223227,1.0,0.994227598637059,0.863155241223227,69681.64162360138,288.15,0.8385412648334485,30.11801071736506,0.015771815085239276,22.3,30.350747186510368
47350.0,10010.0,15.100000000000001,49.5,19.900000000000002,180.0,85.0,4769.0,29.6,14.350000000000001,95.0,1083.0,70.10000000000001,96.9,22635.237571520753,58.23630770266246,45.28255582633244,28.24122287100022,1.9699781722973473,1.0254045749027216,1.41,1.0,0.8624382088306061,1.0,0.994227598637059,0.8624382088306061,69681.64162360138,288.15,0.8385412648334485,30.118010717889305,0.015758526722621343,23.0,30.354306288160764
47400.0,9980.0,15.3,48.5,20.6,178.0,85.5,4772.0,30.400000000000002,14.4,95.7,1083.0,69.9,97.4,22637.885690975323,58.236307702594566,45.287853477151906,28.241222871853488,1.9699781723568672,1.0254045749027219,1.3900000000000001,1.0,0.8617218983036117,0.9999999999999997,0.9942275986370589,0.8617218983036117,69681.64162360138,288.15,0.8385412648334485,30.11801071833866,0.015745267901140548,22.400000000000002,30.357857469311732
47450.0,10010.0,14.700000000000001,50.0,20.0,179.0,84.9,4780.0,29.900000000000002,14.3,95.9,1085.0,69.8,97.2,22640.527923358597,58.23630770253639,45.29313935088948,28.241222872584867,1.9699781724078846,1.0254045749027214,1.41,1.0,0.8610063084216438,0.9999999999999997,0.994227598637059,0.8610063084216438,69681.64162360138,288.15,0.8385412648334485,30.118010718723824,0.0157320385246674,22.200000000000003,30.36140075578235
47500.0,10020.0,15.5,49.5,19.6,180.0,84.7,4779.0,29.900000000000002,14.450000000000001,95.5,1083.0,70.60000000000001,96.9,22643.164287839107,58.23630770248654,45.298413485863534,28.241222873211772,1.9699781724516146,1.0254045749027214,1.41,1.0,0.8602914379673462,0.9999999999999997,0.994227598637059,0.8602914379673462,69681.64162360138,288.15,0.8385412648334485,30.118010719053963,0.015718838497485448,22.900000000000002,30.364936173278
47550.0,9990.0,14.600000000000001,49.5,20.200000000000003,180.0,85.2,4772.0,29.6,14.15,97.80000000000001,1085.0,70.10000000000001,97.2,22645.794803501387,58.236307702443796,45.30367592022851,28.241222873749113,1.969978172489097,1.0254045749027216,1.36,1.0,0.8595772857265888,1.0,0.994227598637059,0.8595772857265888,69681.64162360138,288.15,0.8385412648334485,30.118010719336937,0.015705667724289246,22.400000000000002,30.368463747391434
47600.0,10020.0,15.200000000000001,49.5,19.5,180.0,84.9,4782.0,29.900000000000002,14.25,96.0,1084.0,69.60000000000001,97.30000000000001,22648.419489346667,58.23630770240716,45.30892669197574,28.241222874209683,1.9699781725212246,1.0254045749027216,1.44,1.0,0.8588638504884625,1.0,0.994227598637059,0.8588638504884625,69681.64162360138,288.15,0.8385412648334485,30.118010719579487,0.01569252611018202,22.700000000000003,30.371983503603666
47650.0,9990.0,14.9,49.0,19.900000000000002,180.0,84.80000000000001,4781.0,30.200000000000003,14.200000000000001,95.0,1081.0,70.60000000000001,97.60000000000001,22651.03836429348,58.23630770237576,45.314165838934166,28.241222874604464,1.9699781725487624,1.0254045749027214,1.45,1.0,0.8581511310452595,0.9999999999999997,0.994227598637059,0.8581511310452595,69681.64162360138,288.15,0.8385412648334485,30.118010719787392,0.015679413560673545,22.700000000000003,30.375495467284846
47700.0,10000.0,14.600000000000001,50.0,19.900000000000002,180.0,85.30000000000001,4773.0,30.400000000000002,14.200000000000001,97.80000000000001,1082.0,70.2,97.60000000000001,22653.651447178287,58.23630770234883,45.31939339877113,28.241222874942842,1.9699781725723664,1.0254045749027216,1.3900000000000001,1.0,0.8574391261924678,1.0,0.994227598637059,0.8574391261924678,69681.64162360138,288.15,0.8385412648334485,30.11801071996559,0.015666329981678,22.900000000000002,30.37899966369503
47750.0,10010.0,14.8,49.5,20.0,180.0,85.30000000000001,4776.0,30.0,14.4,94.9,1082.0,70.10000000000001,97.80000000000001,22656.25875675607,58.23630770232577,45.324609408993226,28.24122287523289,1.9699781725925984,1.0254045749027214,1.41,1.0,0.8567278347287549,0.9999999999999997,0.994227598637059,0.8567278347287549,69681.64162360138,288.15,0.8385412648334485,30.118010720118335,0.015653275279511738,23.0,30.382496117985028
47800.0,10010.0,14.9,50.0,20.200000000000003,180.0,85.30000000000001,4769.0,30.1,14.4,96.0,1082.0,69.9,97.7,22658.86031170086,58.236307702305986,45.329813906946974,28.241222875481498,1.9699781726099406,1.0254045749027219,1.3900000000000001,1.0,0.8560172554559585,0.9999999999999997,0.9942275986370589,0.8560172554559585,69681.64162360138,288.15,0.8385412648334485,30.11801072024926,0.01564024936089124,22.400000000000002,30.38598485519709
47850.0,10010.0,15.100000000000001,50.5,20.3,182.0,85.2,4770.0,30.1,14.3,95.9,1080.0,69.8,97.60000000000001,22661.456130606322,58.23630770228906,45.3350069298198,28.2412228756946,1.9699781726248053,1.0254045749027216,1.4000000000000001,1.0,0.8553073871790718,1.0,0.994227598637059,0.8553073871790718,69681.64162360138,288.15,0.8385412648334485,30.118010720361475,0.01562725213293088,22.400000000000002,30.38946590026569
47900.0,9980.0,15.600000000000001,50.0,19.700000000000003,180.0,85.4,4776.0,29.200000000000003,14.5,95.10000000000001,1083.0,69.5,97.0,22664.046231986194,58.236307702274516,45.340188514640616,28.241222875877238,1.9699781726375456,1.0254045749027216,1.41,1.0,0.8545982287062327,1.0,0.994227598637059,0.8545982287062327,69681.64162360138,288.15,0.8385412648334485,30.11801072045766,0.015614283503140943,22.1,30.39293927801813
47950.0,10000.0,15.4,49.5,19.400000000000002,180.0,84.9,4771.0,29.6,14.350000000000001,96.60000000000001,1081.0,69.5,97.4,22666.6306342749,58.23630770226206,45.345358698280876,28.2412228760338,1.9699781726484662,1.0254045749027214,1.37,1.0,0.8538897788487122,0.9999999999999997,0.994227598637059,0.8538897788487122,69681.64162360138,288.15,0.8385412648334485,30.118010720540106,0.015601343379425394,22.700000000000003,30.396405013175332
48000.0,10020.0,15.0,49.5,20.200000000000003,180.0,85.0,4775.0,30.200000000000003,14.350000000000001,96.30000000000001,1088.0,70.2,97.80000000000001,22669.209355827956,58.236307702251395,45.3505175174552,28.241222876167985,1.9699781726578267,1.0254045749027216,1.4000000000000001,1.0,0.8531820364209034,1.0,0.994227598637059,0.8531820364209034,69681.64162360138,288.15,0.8385412648334485,30.118010720610776,0.015588431670079913,22.400000000000002,30.399863130352408
48050.0,10010.0,15.100000000000001,49.5,19.900000000000002,179.0,81.30000000000001,4749.0,30.1,14.350000000000001,95.9,1078.0,69.3,97.10000000000001,21068.551497745233,54.895351976955986,42.14834751244741,26.621053621391006,1.856962596741837,1.0254045749027216,1.31,1.0,0.8524750002403084,1.0,0.994227598637059,0.8524750002403084,69681.64162360138,288.15,0.8385412648334485,30.022315713170443,0.015576472166806247,21.1,28.253348929506313
48100.0,10010.0,15.0,50.5,19.700000000000003,180.0,77.10000000000001,4700.0,30.0,14.350000000000001,95.4,1081.0,69.9,96.4,19451.402316721335,51.716889792394895,39.1373611061758,24.936030261816253,1.7394230959441563,1.0254045749027216,1.31,1.0,0.851819349136573,1.0,0.994227598637059,0.851819349136573,69681.64162360138,288.15,0.8385412648334485,29.845059183870426,0.015565575332203853,19.6,26.084719534769647
48150.0,9990.0,14.8,51.0,20.6,180.0,73.2,4622.0,30.0,14.3,96.30000000000001,1089.0,69.0,97.0,17851.891862770368,48.69497046717102,36.30647727716959,23.228425986897484,1.6203084540648944,1.0254045749027216,1.16,1.0,0.8512213211623214,1.0,0.994227598637059,0.8512213211623214,69681.64162360138,288.15,0.8385412648334485,29.598376723201774,0.015555814392716883,17.900000000000002,23.93974402581232
48200.0,9990.0,15.100000000000001,49.0,20.3,179.0,69.3,4536.0,30.5,14.350000000000001,97.5,1086.0,68.8,97.4,16295.189208492098,45.82380692142098,33.645557261427875,21.530711833662323,1.5018837017108515,1.0254045749027216,1.1300000000000001,1.0,0.8506851170161894,1.0,0.994227598637059,0.8506851170161894,69681.64162360138,288.15,0.8385412648334485,29.292693596040234,0.015547232204728745,16.6,21.852174632372073
48250.0,10010.0,15.200000000000001,50.0,19.900000000000002,181.0,65.60000000000001,4434.0,29.8,14.25,96.9,1083.0,67.60000000000001,97.80000000000001,14799.721506956972,43.09846634944973,31.14595313054273,19.867776866771283,1.385884985873043,1.0254045749027214,1.03,1.0,0.8502132632167604,0.9999999999999997,0.994227598637059,0.8502132632167604,69681.64162360138,288.15,0.8385412648334485,28.93697158405225,0.015539846927165262,15.200000000000001,19.846722535259442
48300.0,9980.0,15.5,50.0,19.200000000000003,181.0,61.6,4320.0,29.700000000000003,14.25,97.9,1084.0,65.60000000000001,97.7,13378.774224171137,40.51513976082137,28.800667853418197,18.258565245556323,1.2736337642145095,1.0254045749027216,0.93,1.0,0.8498069141215125,1.0,0.994227598637059,0.8498069141215125,69681.64162360138,288.15,0.8385412648334485,28.538921002145834,0.015533656735319342,13.100000000000001,17.941203810097978
48350.0,10010.0,15.200000000000001,50.0,20.0,180.0,57.5,4195.0,29.8,14.3,96.0,1090.0,64.8,97.10000000000001,12041.64449341345,38.071165544242206,26.60429295332342,16.717286793085314,1.1661212488156822,1.0254045749027216,0.87,1.0,0.8431351243876251,1.0,0.994227598637059,0.8431351243876251,69681.64162360138,288.15,0.8385412648334485,28.105182973152836,0.015528643762360133,12.0,16.148086098557307
48400.0,10030.0,14.700000000000001,50.0,20.0,180.0,53.5,4070.0,30.1,14.4,96.80000000000001,1091.0,63.400000000000006,98.2,10794.478852164622,35.7649206512107,24.55283096611646,15.254322084496456,1.0640715409851895,1.0254045749027216,0.9,1.0,0.809324277393773,1.0,0.994227598637059,0.809324277393773,69681.64162360138,288.15,0.8385412648334485,27.64148635515221,0.015524777413293136,11.100000000000001,14.475612030329804
48450.0,9990.0,15.3,50.5,20.8,179.0,49.800000000000004,3923.0,30.200000000000003,14.3,96.7,1086.0,61.2,97.7,9640.89168035676,33.5956517300289,22.64347048077642,13.876911666902117,0.9679897080790737,1.0254045749027216,0.77,1.0,0.7719334937426487,1.0,0.994227598637059,0.7719334937426487,69681.64162360138,288.15,0.8385412648334485,27.152783140441315,0.0155220171628292,10.100000000000001,12.928628561192024
48500.0,10000.0,15.100000000000001,50.0,20.1,182.0,45.7,3778.0,30.6,14.3,95.5,1089.0,58.5,96.7,8582.43295929507,31.563291266385026,20.874355538657156,12.589693775010854,0.8781992920762209,1.0254045749027216,0.6900000000000001,1.0,0.7317005693333326,1.0,0.994227598637059,0.7317005693333326,69681.64162360138,288.15,0.8385412648334485,26.64336567646785,0.015520314923133723,8.6,11.509214247073876
48550.0,10010.0,15.200000000000001,50.5,19.6,181.0,42.1,3632.0,30.1,14.25,97.0,1096.0,56.900000000000006,97.30000000000001,7618.953114916821,29.66828615453855,19.24437439836373,11.395135742037088,0.7948724028246495,1.0254045749027216,0.64,1.0,0.6892641790077363,1.0,0.994227598637059,0.6892641790077363,69681.64162360138,288.15,0.8385412648334485,26.11696869639114,0.015519617048364569,7.5,10.217168506165756
48600.0,10000.0,15.200000000000001,50.0,20.400000000000002,180.0,37.7,3474.0,29.8,14.3,97.5,1097.0,54.800000000000004,97.7,6748.897595917366,27.911455176475748,17.75298229334461,10.293890353305635,0.7180545756344621,1.0254045749027216,0.54,1.0,0.6451386567474463,1.0,0.994227598637059,0.6451386567474463,69681.64162360138,288.15,0.8385412648334485,25.576858900679795,0.015519866028751906,6.800000000000001,9.050406654077106
48650.0,9990.0,15.5,49.0,20.200000000000003,179.0,33.9,3321.0,30.3,14.350000000000001,96.9,1092.0,52.300000000000004,98.10000000000001,5969.553248108861,26.29388567635923,16.40006695905968,9.285098596716994,0.6476858897616631,1.0254045749027216,0.54,1.0,0.5997266250426492,1.0,0.994227598637059,0.5997266250426492,69681.64162360138,288.15,0.8385412648334485,25.025914731170122,0.015521001916375687,5.800000000000001,8.005290296778945
48700.0,10000.0,15.3,49.5,19.6,180.0,29.900000000000002,3153.0,30.400000000000002,14.25,96.30000000000001,1092.0,49.800000000000004,97.10000000000001,5277.261413271472,24.816877185922323,15.185863317659692,8.36665368472535,0.5836193853703461,1.0254045749027216,0.5,1.0,0.5533442205975574,1.0,0.994227598637059,0.5533442205975574,69681.64162360138,288.15,0.8385412648334485,24.466699093876926,0.015522963516632729,5.300000000000001,7.076913100425309
48750.0,10010.0,14.8,51.0,19.200000000000003,179.0,30.400000000000002,3024.0,30.1,14.350000000000001,96.7,1095.0,47.1,98.0,5060.711254690941,24.719871072520583,15.299337735018918,7.93269339047613,0.5533483057071297,1.0254045749027219,0.47000000000000003,1.0,0.5062457393391919,0.9999999999999997,0.9942275986370589,0.5062457393391919,69681.64162360138,288.15,0.8385412648334485,23.987371404768474,0.015525463903577454,5.4,6.7865150067656455
48800.0,10020.0,15.100000000000001,49.5,20.700000000000003,179.0,30.1,2903.0,29.900000000000002,14.4,96.5,1097.0,45.1,97.5,4868.795623013768,24.626101182864353,15.38623956974302,7.559973167981153,0.5273490525571222,1.0254045749027216,0.4,1.0,0.46588702824072814,1.0,0.994227598637059,0.46588702824072814,69681.64162360138,288.15,0.8385412648334485,23.57651909981837,0.015528413218168202,4.800000000000001,6.529152306373923
48850.0,10000.0,15.600000000000001,50.0,19.1,181.0,30.1,2803.0,29.900000000000002,14.25,97.5,1096.0,43.1,97.7,4699.988437397002,24.53792322584535,15.453085224148916,7.240272856700789,0.505048225224829,1.0254045749027214,0.43,1.0,0.4313172813827132,0.9999999999999997,0.994227598637059,0.4313172813827132,69681.64162360138,288.15,0.8385412648334485,23.224359981289712,0.015531737673638416,4.7,6.302778494318128
48900.0,9990.0,14.700000000000001,49.5,20.6,180.0,29.700000000000003,2719.0,30.0,14.3,95.80000000000001,1094.0,42.6,97.7,4552.331249816507,24.456608740811433,15.50473697566316,6.966284849644035,0.4859360785646607,1.0254045749027216,0.39,1.0,0.4017132986412031,1.0,0.994227598637059,0.4017132986412031,69681.64162360138,288.15,0.8385412648334485,22.92250930826515,0.015535376468455042,4.6000000000000005,6.104767252628933
48950.0,10000.0,14.9,50.0,20.5,181.0,29.8,2643.0,30.3,14.450000000000001,97.4,1095.0,41.300000000000004,97.60000000000001,4423.712522686779,24.38269833232044,15.544831454505923,6.731598183545553,0.4695654131846572,1.0254045749027216,0.39,1.0,0.37636687033322974,1.0,0.994227598637059,0.37636687033322974,69681.64162360138,288.15,0.8385412648334485,22.663780159958375,0.015539279324662614,4.6000000000000005,5.932286967173425
49000.0,9980.0,15.200000000000001,50.5,20.0,180.0,29.700000000000003,2583.0,30.1,14.25,96.2,1098.0,39.6,97.5,4312.0326538831305,24.316251818417346,15.576095851394689,6.5306378708567365,0.4555473435244536,1.0254045749027216,0.3,1.0,0.35467015658738144,1.0,0.994227598637059,0.35467015658738144,69681.64162360138,288.15,0.8385412648334485,22.44201231855257,0.015543404522747646,4.6000000000000005,5.782522029510356
49050.0,10000.0,14.700000000000001,49.0,20.400000000000002,180.0,30.0,2529.0,30.3,14.350000000000001,96.2,1097.0,39.0,98.2,4215.296966016972,24.257023980641748,15.600581461134107,6.358584515770248,0.4435456906378517,1.0254045749027216,0.33,1.0,0.3361019432749799,1.0,0.994227598637059,0.3361019432749799,69681.64162360138,288.15,0.8385412648334485,22.251925597347597,0.015547717329624802,4.6000000000000005,5.652797537368079
49100.0,10000.0,15.100000000000001,51.0,20.700000000000003,181.0,29.8,2488.0,30.0,14.3,95.0,1100.0,37.7,97.7,4131.663690174131,24.204586801567665,15.619836332571849,6.211288446825607,0.433270992477238,1.0254045749027216,0.29,1.0,0.32021545446234545,1.0,0.994227598637059,0.32021545446234545,69681.64162360138,288.15,0.8385412648334485,22.08899412202905,0.015552188737548742,4.6000000000000005,5.540643641797313
49150.0,10010.0,15.700000000000001,49.5,20.6,179.0,30.0,2437.0,29.900000000000002,14.3,95.80000000000001,1096.0,37.2,97.60000000000001,4059.464233248272,24.158413370620377,15.635033038071262,6.085186097910892,0.4244746710158007,1.0254045749027216,0.35000000000000003,1.0,0.30662776659984,1.0,0.994227598637059,0.30662776659984,69681.64162360138,288.15,0.8385412648334485,21.94933857175601,0.01555679444901801,4.1000000000000005,5.443822726070599
49200.0,10010.0,14.600000000000001,50.0,20.3,180.0,29.8,2409.0,29.8,14.3,96.60000000000001,1100.0,36.6,97.2,3997.2067614896187,24.117934470861716,15.647063344548384,5.9772225154041765,0.4169436267011562,1.0254045749027216,0.28,1.0,0.2950106889108058,1.0,0.994227598637059,0.2950106889108058,69681.64162360138,288.15,0.8385412648334485,21.829633814379115,0.015561514056573264,3.9000000000000004,5.360334211292809
49250.0,10010.0,15.100000000000001,50.5,20.200000000000003,180.0,29.700000000000003,2372.0,29.8,14.3,96.9,1103.0,37.0,97.10000000000001,3943.570110307217,24.08257581726519,15.656608458058932,5.884781630652654,0.4104953745833149,1.0254045749027216,0.35000000000000003,1.0,0.28508293371015486,1.0,0.994227598637059,0.28508293371015486,69681.64162360138,288.15,0.8385412648334485,21.72702973662749,0.015566330377366077,4.3,5.288406389324185
49300.0,10000.0,15.200000000000001,50.5,20.0,180.0,29.900000000000002,2341.0,30.0,14.3,95.7,1102.0,35.300000000000004,97.9,3897.3924426907615,24.05178169914322,15.6641912273815,5.805624676427267,0.404973748529024,1.0254045749027216,0.32,1.0,0.2766034039088925,1.0,0.994227598637059,0.2766034039088925,69681.64162360138,288.15,0.8385412648334485,21.639083384268957,0.01557122891100885,3.8000000000000003,5.226481213497165
49350.0,10000.0,14.700000000000001,50.5,20.1,180.0,30.1,2327.0,29.5,14.4,96.7,1100.0,35.6,98.10000000000001,3857.6574143797616,24.025029164689144,15.670215010554605,5.737836450858169,0.40024515284037837,1.0254045749027216,0.33,1.0,0.2693654416646989,1.0,0.994227598637059,0.2693654416646989,69681.64162360138,288.15,0.8385412648334485,21.56370079653307,0.015576197395979144,3.7,5.173195745831548
49400.0,9980.0,14.600000000000001,50.0,20.6,179.0,29.900000000000002,2308.0,29.8,14.350000000000001,95.5,1104.0,35.1,98.7,3823.4795350100167,24.00183571192653,15.674992671442446,5.679778802217855,0.3961953175666455,1.0254045749027216,0.26,1.0,0.2631919015299963,1.0,0.994227598637059,0.2631919015299963,69681.64162360138,288.15,0.8385412648334485,21.49908714990231,0.01558122544512952,4.2,5.127362526039133
49450.0,10020.0,14.9,50.0,19.6,179.0,30.0,2295.0,29.5,14.5,96.10000000000001,1102.0,34.7,97.30000000000001,3794.089729987254,23.981762598905235,15.678768263288825,5.630050576528019,0.39272650463302966,1.0254045749027216,0.28,1.0,0.25793092999520756,1.0,0.994227598637059,0.25793092999520756,69681.64162360138,288.15,0.8385412648334485,21.443704024218803,0.015586304244967772,3.8000000000000003,5.087950209707508
49500.0,10000.0,15.3,50.0,20.3,180.0,30.0,2280.0,30.3,14.350000000000001,96.2,1102.0,34.6,97.4,3768.8216718671792,23.96441526971308,15.6817332863086,5.587453249178919,0.38975511046007766,1.0254045749027216,0.29,1.0,0.25345234994985105,1.0,0.994227598637059,0.25345234994985105,69681.64162360138,288.15,0.8385412648334485,21.39623277363294,0.015591426306577477,3.6,5.0540652384073255
49550.0,10010.0,15.3,51.0,19.8,181.0,29.6,2273.0,29.6,14.25,96.5,1101.0,34.2,97.10000000000001,3747.0991747865337,23.94944194806202,15.684038913069731,5.5509614991001115,0.3872096133527975,1.0254045749027216,0.31,1.0,0.24964456309608415,1.0,0.994227598637059,0.24964456309608415,69681.64162360138,288.15,0.8385412648334485,21.355543130273624,0.015596585258548163,3.5,5.0249349353722375
49600.0,10000.0,14.9,50.5,20.3,179.0,30.200000000000003,2257.0,30.1,14.25,96.5,1110.0,34.300000000000004,97.10000000000001,3728.424774175967,23.9365311302312,15.685805212009969,5.519698048820046,0.3850288184586192,1.0254045749027216,0.28,1.0,0.2464118958679866,1.0,0.994227598637059,0.2464118958679866,69681.64162360138,288.15,0.8385412648334485,21.320666293108502,0.015601775674235716,3.4000000000000004,4.999892190665456
49650.0,10020.0,15.100000000000001,49.5,19.6,180.0,30.200000000000003,2247.0,30.3,14.350000000000001,95.7,1103.0,34.800000000000004,96.7,3712.3695097403906,23.9254084799134,15.687128131573159,5.492912168501758,0.3831603583075192,1.0254045749027216,0.26,1.0,0.24367232515090545,1.0,0.994227598637059,0.24367232515090545,69681.64162360138,288.15,0.8385412648334485,21.29077186125268,0.015606992927203769,4.0,4.978361759952059
49700.0,10000.0,14.8,50.5,20.400000000000002,180.0,29.900000000000002,2242.0,30.1,14.25,97.0,1108.0,33.9,97.5,3698.5638685700424,23.91583346410567,15.68808480990095,5.469961317152687,0.381559412187026,1.0254045749027216,0.32,1.0,0.24135552928893028,1.0,0.994227598637059,0.24135552928893028,69681.64162360138,288.15,0.8385412648334485,21.265148062519117,0.015612233069896647,4.2,4.9598481190297985
49750.0,10020.0,14.5,50.0,20.200000000000003,180.0,30.400000000000002,2244.0,29.8,14.3,95.80000000000001,1104.0,33.9,97.80000000000001,3686.689811667031,23.907595953428157,15.688737629222226,5.450295464763548,0.3801876125265372,1.0254045749027214,0.25,1.0,0.23940121773012482,0.9999999999999997,0.994227598637059,0.23940121773012482,69681.64162360138,288.15,0.8385412648334485,21.24318480646178,0.015617492731542155,3.0,4.943924771241722
49800.0,9980.0,14.700000000000001,49.5,20.1,179.0,29.8,2229.0,29.700000000000003,14.3,95.9,1107.0,33.5,97.10000000000001,3676.473790997886,23.900512928893335,15.689137326402118,5.433443702927791,0.37901211091554704,1.0254045749027216,0.26,1.0,0.23775769937988153,1.0,0.994227598637059,0.23775769937988153,69681.64162360138,288.15,0.8385412648334485,21.224359158412632,0.015622769032032913,3.9000000000000004,4.930224883203986
49850.0,10000.0,15.3,49.5,20.0,180.0,29.8,2227.0,30.5,14.3,96.10000000000001,1102.0,33.300000000000004,96.9,3667.680658816854,23.89442538052694,15.689325391508527,5.419002807847212,0.37800478031137585,1.0254045749027216,0.26,1.0,0.23638065547855952,1.0,0.994227598637059,0.23638065547855952,69681.64162360138,288.15,0.8385412648334485,21.208222888656223,0.01562805950913153,3.6,4.918433117086578
49900.0,10000.0,14.5,49.5,20.200000000000003,179.0,29.900000000000002,2225.0,29.8,14.350000000000001,95.30000000000001,1108.0,33.800000000000004,97.30000000000001,3660.1083721682126,23.889195444350463,15.68933592734769,5.4066274686777405,0.377141533413393,1.0254045749027216,0.31,1.0,0.23523208773289025,1.0,0.994227598637059,0.23523208773289025,69681.64162360138,288.15,0.8385412648334485,21.194391800293584,0.015633362056822104,3.6,4.908278529245017
49950.0,9990.0,15.4,51.0,19.700000000000003,180.0,30.200000000000003,2220.0,30.200000000000003,14.4,95.80000000000001,1107.0,33.7,96.7,3653.5834004036724,23.884703797979576,15.68919709927607,5.396021936453724,0.37640174013027833,1.0254045749027214,0.25,1.0,0.23427941663328092,0.9999999999999997,0.994227598637059,0.23427941663328092,69681.64162360138,288.15,0.8385412648334485,21.182536581697036,0.015638674873014423,3.5,4.8995284116093325
50000.0,10010.0,15.3,50.5,20.200000000000003,180.0,30.1,2219.0,30.1,14.25,95.7,1104.0,34.0,98.10000000000001,3647.956750472108,23.880847317791876,15.688932272217054,5.386932885059629,0.37576772959415383,1.0254045749027219,0.21,1.0,0.23349470848494044,0.9999999999999997,0.9942275986370589,0.23349470848494044,69681.64162360138,288.15,0.8385412648334485,21.17237496575714,0.015643996415116834,4.0,4.8919829615181065
50050.0,10000.0,15.3,50.5,20.6,180.0,29.700000000000003,2215.0,30.200000000000003,14.3,96.60000000000001,1107.0,33.4,96.7,3643.1005325328915,23.87753698961001,15.68856090775168,5.379143306642685,0.3752243643325689,1.0254045749027216,0.26,1.0,0.23285401275812398,1.0,0.994227598637059,0.23285401275812398,69681.64162360138,288.15,0.8385412648334485,21.163665009237228,0.015649325362244944,3.7,4.885470676137259
50100.0,9980.0,14.8,49.0,19.8,181.0,29.8,2216.0,30.900000000000002,14.450000000000001,96.2,1109.0,33.1,96.4,3638.9049964168216,23.874696058220078,15.688099276244055,5.372467290194887,0.37475867604633095,1.0254045749027216,0.27,1.0,0.23233679399715954,1.0,0.994227598637059,0.23233679399715954,69681.64162360138,288.15,0.8385412648334485,21.15619933222016,0.015654660583038937,3.7,4.879844378294886
50150.0,10010.0,14.8,50.0,20.1,180.0,30.0,2208.0,30.1,14.350000000000001,95.9,1109.0,33.9,97.60000000000001,3635.2759771939764,23.872258397428162,15.687561025603836,5.366745554431701,0.37435955400361287,1.0254045749027216,0.24,1.0,0.2319254447835584,1.0,0.994227598637059,0.2319254447835584,69681.64162360138,288.15,0.8385412648334485,21.149800180491244,0.015660001108230126,3.7,4.874977790936667
50200.0,9990.0,15.0,49.5,20.5,181.0,30.200000000000003,2214.0,29.900000000000002,14.3,97.2,1107.0,33.1,97.7,3632.132695370842,23.87016708077464,15.686957638303161,5.361841625135833,0.37401747838898824,1.0254045749027216,0.28,1.0,0.2316048681802474,1.0,0.994227598637059,0.2316048681802474,69681.64162360138,288.15,0.8385412648334485,21.144315193295032,0.015665346107235634,4.0,4.870762587146207
50250.0,10000.0,15.0,51.0,19.400000000000002,180.0,29.8,2199.0,30.3,14.3,96.7,1109.0,33.7,97.0,3629.4058639100017,23.86837313278114,15.686298800779992,5.357638563320243,0.3737242920750899,1.0254045749027214,0.25,1.0,0.23136211973854806,0.9999999999999997,0.994227598637059,0.23136211973854806,69681.64162360138,288.15,0.8385412648334485,21.13961377569828,0.0156706948681752,3.7,4.8671058516205905
50300.0,10010.0,15.0,49.5,19.5,180.0,29.900000000000002,2207.0,29.900000000000002,14.3,96.30000000000001,1110.0,34.2,97.5,3627.036060299457,23.866834441214706,15.685592703734564,5.354036164327042,0.3734730052445966,1.0254045749027216,0.32,1.0,0.23118610056703245,1.0,0.994227598637059,0.23118610056703245,69681.64162360138,288.15,0.8385412648334485,21.135583989186774,0.015676046780798578,3.4000000000000004,4.863927897582778
50350.0,9980.0,15.0,50.5,20.3,181.0,29.5,2211.0,30.1,14.25,96.5,1109.0,33.6,97.7,3624.9723272946553,23.865514811976567,15.684846287582516,5.350948559686053,0.3732576281068849,1.0254045749027216,0.29,1.0,0.2310672941758038,1.0,0.994227598637059,0.2310672941758038,69681.64162360138,288.15,0.8385412648334485,21.13212988646263,0.01568140132189146,3.3000000000000003,4.8611603903486795
50400.0,10000.0,14.5,50.5,20.6,179.0,29.900000000000002,2202.0,29.900000000000002,14.350000000000001,95.80000000000001,1111.0,33.9,97.7,3623.1709707416194,23.864383149627677,15.68406544411766,5.348302163521233,0.37307302764876166,1.0254045749027216,0.24,1.0,0.23099754085040802,1.0,0.994227598637059,0.23099754085040802,69681.64162360138,288.15,0.8385412648334485,21.12916922698479,0.01568675804279403,4.0,4.858744735183927
50450.0,10020.0,15.5,50.0,19.700000000000003,179.0,29.8,2204.0,30.3,14.450000000000001,95.80000000000001,1109.0,33.5,96.80000000000001,3621.5945271057676,23.863412748091058,15.683255182997186,5.346033913779546,0.3729148049506564,1.0254045749027216,0.29,1.0,0.230969844201365,1.0,0.994227598637059,0.230969844201365,69681.64162360138,288.15,0.8385412648334485,21.126631518860925,0.015692116558722175,3.7,4.856630692739377
50500.0,10000.0,15.100000000000001,50.5,20.200000000000003,179.0,30.200000000000003,2205.0,29.900000000000002,14.350000000000001,96.30000000000001,1112.0,33.1,97.80000000000001,3620.21087702729,23.862580677619828,15.682419769800585,5.344089765788807,0.37277919010412636,1.0254045749027216,0.27,1.0,0.23097820529959548,1.0,0.994227598637059,0.23097820529959548,69681.64162360138,288.15,0.8385412648334485,21.124456340469045,0.015697476539627234,3.5,4.854775190311137
50550.0,9990.0,14.700000000000001,49.0,20.3,182.0,29.700000000000003,2199.0,30.200000000000003,14.350000000000001,96.60000000000001,1110.0,33.300000000000004,97.0,3618.9924844513284,23.861867255621632,15.68156284098588,5.342423401817882,0.3726629521966951,1.0254045749027214,0.2,1.0,0.231017480463044,0.9999999999999997,0.994227598637059,0.231017480463044,69681.64162360138,288.15,0.8385412648334485,21.122591901847432,0.015702837702370707,3.3000000000000003,4.853141301498921
50600.0,10010.0,15.4,50.5,20.200000000000003,178.0,29.900000000000002,2208.0,30.5,14.450000000000001,95.9,1107.0,33.5,97.10000000000001,3617.915743690333,23.861255590346914,15.680687499966835,5.340995125574148,0.37256332219706584,1.0254045749027216,0.32,1.0,0.23108325932132312,1.0,0.994227598637059,0.23108325932132312,69681.64162360138,288.15,0.8385412648334485,21.120993811600336,0.015708199804022507,3.7,4.851697370603611
50650.0,10000.0,15.0,50.0,20.3,179.0,29.8,2208.0,29.5,14.450000000000001,94.9,1109.0,33.9,97.10000000000001,3616.9604192146753,23.860731187756855,15.679796397682715,5.339770915064719,0.372477926887065,1.0254045749027216,0.23,1.0,0.23117176026642988,1.0,0.994227598637059,0.23117176026642988,69681.64162360138,288.15,0.8385412648334485,21.119624019959964,0.01571356263612051,3.7,4.850416261375264
50700.0,10000.0,15.0,49.5,20.0,180.0,30.5,2201.0,29.900000000000002,14.3,97.10000000000001,1107.0,33.6,96.9,3616.1091650803223,23.860281613078058,15.678891800368303,5.338721611084176,0.3724047322542682,1.0254045749027216,0.23,1.0,0.2312797408101982,1.0,0.994227598637059,0.2312797408101982,69681.64162360138,288.15,0.8385412648334485,21.118449912839647,0.015718926019752263,3.4000000000000004,4.8492747125560145
50750.0,10000.0,14.8,50.0,20.700000000000003,180.0,29.700000000000003,2198.0,29.900000000000002,14.3,96.10000000000001,1112.0,34.1,97.0,3615.347112729436,23.859896199622735,15.677975646711497,5.33782222186927,0.372341994987902,1.0254045749027216,0.24,1.0,0.2314044207227862,1.0,0.994227598637059,0.2314044207227862,69681.64162360138,288.15,0.8385412648334485,21.11744353530795,0.01572428980134059,3.9000000000000004,4.848252785112429
50800.0,10020.0,15.100000000000001,50.0,20.200000000000003,180.0,29.6,2204.0,30.3,14.450000000000001,95.60000000000001,1112.0,33.6,97.10000000000001,3614.66151747776,23.859565798409957,15.677049596176044,5.337051327263189,0.37228822091607594,1.0254045749027216,0.28,1.0,0.2315434161297187,1.0,0.994227598637059,0.2315434161297187,69681.64162360138,288.15,0.8385412648334485,21.116580925995066,0.01572965384903166,3.6,4.847333388168026
50850.0,10000.0,15.200000000000001,50.5,19.700000000000003,180.0,29.900000000000002,2199.0,29.5,14.350000000000001,96.30000000000001,1111.0,33.5,97.2,3614.041455363576,23.859282562970233,15.676115069941302,5.336390568127742,0.3722421293895184,1.0254045749027216,0.31,1.0,0.23169468300491322,1.0,0.994227598637059,0.23169468300491322,69681.64162360138,288.15,0.8385412648334485,21.115841546584022,0.015735018049599075,3.5,4.846501872471663
50900.0,9990.0,15.0,51.0,19.5,181.0,30.200000000000003,2192.0,30.1,14.4,95.80000000000001,1110.0,33.300000000000004,96.80000000000001,3613.47756320594,23.859039764462555,15.675173285651594,5.335824208791343,0.372202622759955,1.0254045749027219,0.26,1.0,0.23185646871997026,0.9999999999999997,0.9942275986370589,0.23185646871997026,69681.64162360138,288.15,0.8385412648334485,21.115207792803126,0.01574038230579006,3.5,4.84574568181043
50950.0,10000.0,15.4,49.5,19.3,181.0,30.0,2199.0,30.0,14.350000000000001,95.7,1113.0,33.2,96.80000000000001,3612.961815729681,23.858831632887597,15.674225286959283,5.335338762074132,0.3721687602235809,1.0254045749027216,0.21,1.0,0.23202727050107055,1.0,0.994227598637059,0.23202727050107055,69681.64162360138,288.15,0.8385412648334485,21.114664575276645,0.015745746534050267,3.9000000000000004,4.845054054129817
51000.0,10000.0,15.200000000000001,50.0,20.200000000000003,180.0,30.1,2197.0,29.6,14.350000000000001,95.60000000000001,1116.0,33.7,96.60000000000001,3612.487334483463,23.85865322075271,15.673271968677135,5.334922667932223,0.3721397354047575,1.0254045749027216,0.26,1.0,0.23220579980859382,1.0,0.994227598637059,0.23220579980859382,69681.64162360138,288.15,0.8385412648334485,21.114198960253944,0.015751110662573158,3.6,4.844417765289014
51050.0,10000.0,15.100000000000001,50.0,19.400000000000002,178.0,29.900000000000002,2203.0,29.900000000000002,14.4,95.9,1116.0,34.0,97.5,3612.0482240244173,23.858500286042904,15.672314098219157,5.334566018047671,0.37211485714467185,1.0254045749027216,0.24,1.0,0.232390951795043,1.0,0.994227598637059,0.232390951795043,69681.64162360138,288.15,0.8385412648334485,21.11379986166306,0.01575647462962735,3.6,4.843828909381225
51100.0,10010.0,15.100000000000001,50.5,19.400000000000002,182.0,29.8,2193.0,29.900000000000002,14.15,95.30000000000001,1119.0,33.5,96.2,3611.639431484912,23.858369191785147,15.671352333897184,5.334260319790502,0.3720935330364106,1.0254045749027216,0.27,1.0,0.23258177911722283,1.0,0.994227598637059,0.23258177911722283,69681.64162360138,288.15,0.8385412648334485,21.11345777715659,0.01576183838212247,3.4000000000000004,4.843280710409897
51150.0,10010.0,14.8,50.0,19.5,182.0,30.1,2200.0,29.900000000000002,14.3,95.5,1111.0,34.2,96.60000000000001,3611.256626188704,23.858256819868473,15.670387240548694,5.333998293920862,0.3720752553135894,1.0254045749027216,0.21,1.0,0.23277746948191097,1.0,0.994227598637059,0.23277746948191097,69681.64162360138,288.15,0.8385412648334485,21.113164561865325,0.015767201874379334,3.3000000000000003,4.842767360851576
51200.0,10010.0,14.9,50.0,20.5,179.0,30.1,2198.0,30.200000000000003,14.3,95.80000000000001,1115.0,33.9,96.80000000000001,3610.8960964575376,23.858160497108024,15.669419302896035,5.333773701205892,0.3720595887559418,1.0254045749027216,0.26,1.0,0.23297732639271548,1.0,0.994227598637059,0.23297732639271548,69681.64162360138,288.15,0.8385412648334485,21.112913234472817,0.015772565067075237,4.0,4.842283883271488
51250.0,10010.0,14.9,49.5,20.400000000000002,180.0,30.0,2201.0,30.1,14.350000000000001,96.7,1117.0,33.800000000000004,97.60000000000001,3610.55466115598,23.858077931821732,15.668448936974244,5.3335811938166655,0.37204616032345095,1.0254045749027216,0.27,1.0,0.2331807526417464,1.0,0.994227598637059,0.2331807526417464,69681.64162360138,288.15,0.8385412648334485,21.11269781099352,0.015777927926339544,3.8000000000000003,4.841826011703392
51300.0,10010.0,15.3,50.5,20.3,182.0,29.900000000000002,2200.0,29.900000000000002,14.3,94.7,1117.0,33.300000000000004,97.0,3610.2295938713673,23.85800715943089,15.667476499912365,5.33341618796224,0.37203465027188537,1.0254045749027216,0.23,1.0,0.23338723615477627,1.0,0.994227598637059,0.23338723615477627,69681.64162360138,288.15,0.8385412648334485,21.112513162296985,0.015783290422977915,3.8000000000000003,4.841390089973381
51350.0,9990.0,14.700000000000001,50.0,19.700000000000003,180.0,30.0,2204.0,29.8,14.25,95.9,1115.0,34.2,96.30000000000001,3609.9185579254827,23.857946495805347,15.666502298310098,5.333274754724825,0.372024784537961,1.0254045749027219,0.26,1.0,0.23359633785435696,0.9999999999999997,0.9942275986370589,0.23359633785435696,69681.64162360138,288.15,0.8385412648334485,21.112354891985664,0.01578865253180711,3.9000000000000004,4.840972984549231
51400.0,10020.0,14.700000000000001,49.5,20.200000000000003,180.0,29.8,2201.0,30.5,14.25,96.80000000000001,1113.0,33.800000000000004,97.60000000000001,3609.6195506714594,23.85789449725395,15.665526595414365,5.33315352649431,0.3720163282126428,1.0254045749027216,0.28,1.0,0.2338076812532175,1.0,0.994227598637059,0.2338076812532175,69681.64162360138,288.15,0.8385412648334485,21.112219231718818,0.01579401423108435,3.5,4.840572009841441
51450.0,10010.0,15.0,50.5,19.900000000000002,181.0,29.700000000000003,2196.0,29.6,14.350000000000001,95.0,1113.0,33.300000000000004,97.60000000000001,3609.3308557500714,23.857849926216232,15.664549617270286,5.333049616772517,0.3720090799470575,1.0254045749027216,0.24,1.0,0.2340209435312475,1.0,0.994227598637059,0.2340209435312475,69681.64162360138,288.15,0.8385412648334485,21.112102951490098,0.015799375502018067,3.3000000000000003,4.840184864177961
51500.0,10000.0,15.5,50.0,20.0,181.0,30.200000000000003,2202.0,29.8,14.350000000000001,95.10000000000001,1113.0,34.2,97.5,3609.051002168604,23.85781172184452,15.663571557994649,5.332960551436351,0.37200286715772624,1.0254045749027216,0.28,1.0,0.2342358478845784,1.0,0.994227598637059,0.2342358478845784,69681.64162360138,288.15,0.8385412648334485,21.11200328272262,0.01580473632834805,3.1,4.839809574928141
51550.0,9990.0,14.8,50.0,19.5,180.0,30.400000000000002,2202.0,30.1,14.25,94.9,1112.0,33.1,96.80000000000001,3608.7787292277762,23.857778974780942,15.662592584298483,5.332884209822245,0.37199754191688544,1.0254045749027216,0.28,1.0,0.23445215696539198,1.0,0.994227598637059,0.23445215696539198,69681.64162360138,288.15,0.8385412648334485,21.111917852350494,0.015810096695985525,3.4000000000000004,4.839444451469033
51600.0,10000.0,15.5,51.0,20.3,180.0,30.1,2206.0,29.400000000000002,14.450000000000001,95.5,1114.0,33.6,97.0,3608.512956461257,23.857750905531894,15.66161283936649,5.3328187742284,0.37199297742999493,1.0254045749027216,0.24,1.0,0.23466966725696825,1.0,0.994227598637059,0.23466966725696825,69681.64162360138,288.15,0.8385412648334485,21.111844626317247,0.01581545659270436,3.5,4.839088044873675
51650.0,10010.0,15.100000000000001,50.0,19.900000000000002,181.0,30.200000000000003,2204.0,30.1,14.4,96.4,1122.0,34.1,96.7,3608.252757871587,23.857726845927672,15.660632446185469,5.332762686631923,0.371989065016524,1.0254045749027216,0.24,1.0,0.23488820425064186,1.0,0.994227598637059,0.23488820425064186,69681.64162360138,288.15,0.8385412648334485,21.111781861145893,0.01582081600787623,3.5,4.838739113360956
51700.0,10000.0,15.200000000000001,49.5,20.5,179.0,29.700000000000003,2200.0,29.700000000000003,14.25,95.5,1114.0,33.7,96.5,3607.9973398486054,23.857706223227645,15.659651510400515,5.332714611589925,0.37198571152210197,1.0254045749027216,0.26,1.0,0.23510761831033974,1.0,0.994227598637059,0.23510761831033974,69681.64162360138,288.15,0.8385412648334485,21.111728062427584,0.01582617493224345,3.6,4.838396592683777
51750.0,10010.0,15.5,50.0,20.1,180.0,30.1,2202.0,30.400000000000002,14.200000000000001,95.7,1116.0,33.7,96.30000000000001,3607.7460222441514,23.85768854649381,15.658670122766358,5.332673404440967,0.37198283710039715,1.0254045749027214,0.23,1.0,0.23532778112668146,0.9999999999999997,0.994227598637059,0.23532778112668146,69681.64162360138,288.15,0.8385412648334485,21.111681949240467,0.015831533357724123,3.8000000000000003,4.838059570749852
51800.0,9990.0,14.5,50.5,20.200000000000003,180.0,29.8,2200.0,30.400000000000002,14.200000000000001,94.9,1114.0,33.7,96.5,3607.498222151985,23.857673394909362,15.657688361251493,5.332638084049542,0.37198037331189693,1.0254045749027219,0.29,1.0,0.23554858267659204,0.9999999999999997,0.9942275986370589,0.23554858267659204,69681.64162360138,288.15,0.8385412648334485,21.11164242365151,0.015836891277244997,3.9000000000000004,4.837727265870255
51850.0,10000.0,15.200000000000001,50.0,20.0,179.0,29.8,2195.0,30.0,14.350000000000001,95.0,1116.0,33.4,96.2,3607.2534400062723,23.857660407764754,15.656706292844433,5.332607809444462,0.3719782614943083,1.0254045749027214,0.25,1.0,0.2357699286163545,0.9999999999999997,0.994227598637059,0.2357699286163545,69681.64162360138,288.15,0.8385412648334485,21.111608544575258,0.015842248684598145,3.3000000000000003,4.837399008117211
51900.0,10010.0,15.0,50.5,19.8,180.0,30.400000000000002,2194.0,30.400000000000002,14.450000000000001,96.30000000000001,1115.0,34.300000000000004,96.5,3607.0112476672966,23.857649275873463,15.655723975104467,5.332581859794822,0.3719764513657738,1.0254045749027216,0.25,1.0,0.2359917380463237,1.0,0.994227598637059,0.2359917380463237,69681.64162360138,288.15,0.8385412648334485,21.111579505367043,0.015847605574318014,3.5,4.837074223346798
51950.0,9990.0,14.700000000000001,50.5,19.700000000000003,180.0,29.700000000000003,2200.0,29.700000000000003,14.25,95.7,1119.0,33.9,96.9,3606.7712782103126,23.857639734213357,15.65474145749307,5.332559617246699,0.3719748998276375,1.0254045749027216,0.27,1.0,0.2362139415943004,1.0,0.994227598637059,0.2362139415943004,69681.64162360138,288.15,0.8385412648334485,21.111554614617145,0.01585296194157587,3.5,4.8367524195055935
52000.0,10010.0,14.8,50.5,20.5,179.0,29.900000000000002,2198.0,29.6,14.3,96.60000000000001,1114.0,34.2,96.5,3606.533217174151,23.857631555618926,15.653758782517238,5.332540552211853,0.37197356993825303,1.0254045749027216,0.34,1.0,0.2364364797721467,1.0,0.994227598637059,0.2364364797721467,69681.64162360138,288.15,0.8385412648334485,21.111533279688658,0.015858317782089456,3.4000000000000004,4.83643317489488
52050.0,10000.0,14.700000000000001,49.5,20.5,180.0,30.200000000000003,2195.0,30.200000000000003,14.25,95.0,1117.0,33.9,96.7,3606.296795060854,23.85762454537407,15.652775986711088,5.332524210758114,0.37197243003339425,1.0254045749027216,0.29,1.0,0.2366593015666885,1.0,0.994227598637059,0.2366593015666885,69681.64162360138,288.15,0.8385412648334485,21.111514992607102,0.015863673092045255,3.8000000000000003,4.836116128112507
52100.0,10020.0,14.700000000000001,51.0,20.8,180.0,29.700000000000003,2195.0,29.900000000000002,14.5,95.80000000000001,1115.0,33.6,96.0,3606.0617809075857,23.857618536577313,15.651793101479,5.332510203801224,0.37197145297232787,1.0254045749027216,0.3,1.0,0.23688236323149925,1.0,0.994227598637059,0.23688236323149925,69681.64162360138,288.15,0.8385412648334485,21.111499317965766,0.015869027868032057,3.6,4.835800969432691
52150.0,10030.0,15.200000000000001,50.5,19.900000000000002,179.0,29.8,2195.0,30.3,14.3,96.30000000000001,1117.0,33.7,96.10000000000001,3605.8279767774593,23.857613386168726,15.650810153819492,5.33249819784071,0.3719706154915907,1.0254045749027216,0.28,1.0,0.23710562725093315,1.0,0.994227598637059,0.23710562725093315,69681.64162360138,288.15,0.8385412648334485,21.11148588255891,0.01587438210698374,3.6,4.835487433418109
52200.0,10010.0,14.8,50.5,20.700000000000003,180.0,30.200000000000003,2202.0,30.6,14.350000000000001,96.2,1117.0,33.6,96.0,3605.595213037993,23.857608971524453,15.649827166947034,5.3324879070192805,0.37196989765108907,1.0254045749027219,0.31,1.0,0.23732906145184618,0.9999999999999997,0.9942275986370589,0.23732906145184618,69681.64162360138,288.15,0.8385412648334485,21.111474366495887,0.015879735806130432,3.4000000000000004,4.835175292588209
52250.0,10010.0,15.100000000000001,50.5,19.8,179.0,30.1,2199.0,29.6,14.450000000000001,95.30000000000001,1115.0,33.800000000000004,97.2,3605.36334431454,23.857605187537523,15.648844160825973,5.332479086316568,0.3719692823593262,1.0254045749027216,0.21,1.0,0.23755263824195752,1.0,0.994227598637059,0.23755263824195752,69681.64162360138,288.15,0.8385412648334485,21.111464495584723,0.015885088962956387,3.9000000000000004,4.834864351992685
52300.0,9990.0,15.100000000000001,49.5,20.8,180.0,29.900000000000002,2199.0,30.0,14.350000000000001,96.0,1118.0,33.4,96.4,3605.132246022241,23.857601944115636,15.647861152629135,5.332471525715248,0.37196875496645654,1.0254045749027214,0.29,1.0,0.23777633395678396,0.9999999999999997,0.994227598637059,0.23777633395678396,69681.64162360138,288.15,0.8385412648334485,21.111456034803727,0.015890441575164022,3.4000000000000004,4.834554444560746
52350.0,10010.0,15.0,50.0,20.5,179.0,29.900000000000002,2205.0,30.5,14.5,95.80000000000001,1119.0,34.1,97.2,3604.9018113937873,23.857599164036433,15.646878157131727,5.33246504520057,0.3719683029154771,1.0254045749027216,0.28,1.0,0.2380001282996884,1.0,0.994227598637059,0.2380001282996884,69681.64162360138,288.15,0.8385412648334485,21.11144878270573,0.015895793640642954,3.8000000000000003,4.834245427115297
52400.0,10010.0,15.200000000000001,49.5,19.900000000000002,180.0,29.8,2193.0,29.900000000000002,14.3,95.80000000000001,1119.0,33.9,96.4,3604.6719489320903,23.85759678110897,15.645895187049588,5.332459490474248,0.371967915443247,1.0254045749027216,0.24,1.0,0.23822400386174508,1.0,0.994227598637059,0.23822400386174508,69681.64162360138,288.15,0.8385412648334485,21.111442566621733,0.015901145157443564,3.8000000000000003,4.833937176956912
52450.0,10000.0,14.9,50.0,19.700000000000003,180.0,29.900000000000002,2199.0,30.200000000000003,14.350000000000001,96.60000000000001,1121.0,34.6,96.80000000000001,3604.4425802271435,23.857594738597932,15.644912253329741,5.332454729280659,0.37196758332422053,1.0254045749027216,0.29,1.0,0.23844794571006603,1.0,0.994227598637059,0.23844794571006603,69681.64162360138,288.15,0.8385412648334485,21.111437238549737,0.01590649612375417,3.5,4.833629588936204
52500.0,10010.0,14.8,49.5,20.6,179.0,30.1,2197.0,30.3,14.4,96.0,1121.0,33.9,97.7,3604.2136380849893,23.857592987872863,15.643929365399943,5.332450648257873,0.37196729865078954,1.0254045749027216,0.29,1.0,0.23867194103480566,1.0,0.994227598637059,0.23867194103480566,69681.64162360138,288.15,0.8385412648334485,21.111432671630883,0.01591184653788157,3.4000000000000004,4.833322572944732
52550.0,10000.0,15.0,50.0,19.3,180.0,29.700000000000003,2190.0,29.900000000000002,14.3,95.2,1111.0,33.6,96.4,3603.985064924196,23.857591487250424,15.642946531383048,5.33244715023856,0.3719670546450068,1.0254045749027214,0.25,1.0,0.23889597884649977,0.9999999999999997,0.994227598637059,0.23889597884649977,69681.64162360138,288.15,0.8385412648334485,21.111428757129005,0.01591719639823432,3.7,4.833016051764646
52600.0,10020.0,15.200000000000001,50.5,20.400000000000002,179.0,30.1,2204.0,29.900000000000002,14.3,96.0,1115.0,33.5,96.2,3603.7568114015558,23.857590201001898,15.641963758281044,5.332444151936446,0.3719668454972038,1.0254045749027216,0.29,1.0,0.23912004971654688,1.0,0.994227598637059,0.23912004971654688,69681.64162360138,288.15,0.8385412648334485,21.111425401841686,0.015922545703308345,3.7,4.832709959225715
52650.0,10010.0,14.700000000000001,49.5,20.200000000000003,179.0,29.900000000000002,2193.0,30.1,14.450000000000001,95.0,1121.0,33.9,95.60000000000001,3603.5288352342964,23.85758909850265,15.640981052133242,5.332441581963325,0.37196666622766666,1.0254045749027216,0.24,1.0,0.2393441455546898,1.0,0.994227598637059,0.2393441455546898,69681.64162360138,288.15,0.8385412648334485,21.11142252588112,0.01592789445167466,3.4000000000000004,4.832404238625896
52700.0,10000.0,15.100000000000001,51.0,19.400000000000002,180.0,29.8,2195.0,30.0,14.350000000000001,94.60000000000001,1119.0,33.5,96.5,3603.3011001906475,23.85758815350291,15.639998418152024,5.3324393791293065,0.37196651256806934,1.0254045749027216,0.31,1.0,0.23956825941821944,1.0,0.994227598637059,0.23956825941821944,69681.64162360138,288.15,0.8385412648334485,21.11142006077207,0.01593324264196881,3.7,4.832098841377662
52750.0,10000.0,14.9,50.0,20.200000000000003,180.0,30.0,2201.0,29.6,14.3,96.10000000000001,1121.0,34.0,97.2,3603.073575224741,23.857587343502853,15.639015860839534,5.3324374909859245,0.37196638085984746,1.0254045749027216,0.29,1.0,0.23979238534838077,1.0,0.994227598637059,0.23979238534838077,69681.64162360138,288.15,0.8385412648334485,21.11141794782145,0.01593859027288176,3.5,4.8317937258478825
52800.0,9990.0,15.4,50.5,20.700000000000003,182.0,29.700000000000003,2195.0,29.1,14.4,96.0,1119.0,33.5,96.4,3602.846233735189,23.857586649216877,15.638033384087862,5.332435872577356,0.371966267967089,1.0254045749027216,0.28,1.0,0.24001651823009698,1.0,0.994227598637059,0.24001651823009698,69681.64162360138,288.15,0.8385412648334485,21.111416136720926,0.0159439373431522,3.8000000000000003,4.831488856363563
52850.0,10000.0,15.200000000000001,50.0,20.5,181.0,29.8,2206.0,30.400000000000002,14.350000000000001,95.80000000000001,1123.0,33.4,97.10000000000001,3602.6190529296578,23.857586054114467,15.637050991265104,5.332434485370047,0.37196617120186987,1.0254045749027214,0.26,1.0,0.24024065367169994,0.9999999999999997,0.994227598637059,0.24024065367169994,69681.64162360138,288.15,0.8385412648334485,21.111414584349042,0.015949283851559835,3.9000000000000004,4.83118420235973
52900.0,10000.0,14.600000000000001,50.0,20.400000000000002,180.0,29.900000000000002,2198.0,30.200000000000003,14.450000000000001,94.30000000000001,1126.0,34.1,96.7,3602.392013280285,23.857585544026573,15.636068685289247,5.332433296335236,0.37196608826025523,1.0254045749027216,0.26,1.0,0.24046478790179926,1.0,0.994227598637059,0.24046478790179926,69681.64162360138,288.15,0.8385412648334485,21.111413253744573,0.015954629796919702,3.6,4.830879737649128
52950.0,10000.0,14.700000000000001,49.5,20.5,179.0,30.1,2199.0,29.700000000000003,14.450000000000001,95.0,1117.0,33.9,96.0,3602.1650980569652,23.857585106808298,15.6350864686917,5.332432277162559,0.37196601716744393,1.0254045749027216,0.27,1.0,0.24068891768085854,1.0,0.994227598637059,0.24068891768085854,69681.64162360138,288.15,0.8385412648334485,21.111412113226457,0.015959975178077186,3.6,4.830575439796352
53000.0,10000.0,15.0,49.5,20.3,180.0,29.900000000000002,2206.0,30.0,14.4,96.30000000000001,1123.0,34.300000000000004,96.4,3601.93829292735,23.857584732049716,15.634104343671797,5.332431403585991,0.37196595623074946,1.0254045749027216,0.27,1.0,0.24091304022537327,1.0,0.994227598637059,0.24091304022537327,69681.64162360138,288.15,0.8385412648334485,21.1114111356395,0.01596531999390393,3.5,4.830271289581435
53050.0,9970.0,15.200000000000001,50.0,20.3,180.0,30.1,2195.0,29.6,14.15,95.5,1118.0,33.7,96.5,3601.7115856140417,23.85758441082803,15.633122312143646,5.332430654806087,0.37196590399929774,1.0254045749027216,0.26,1.0,0.24113715314286643,1.0,0.994227598637059,0.24113715314286643,69681.64162360138,288.15,0.8385412648334485,21.11141029770782,0.015970664243294158,3.2,4.829967270540142
53100.0,10030.0,15.0,49.5,19.700000000000003,180.0,30.0,2205.0,30.0,14.450000000000001,95.30000000000001,1121.0,34.4,97.0,3601.4849656007887,23.857584135495117,15.632140375776332,5.332430012994748,0.37196585922948255,1.0254045749027216,0.31,1.0,0.24136125437614225,1.0,0.994227598637059,0.24136125437614225,69681.64162360138,288.15,0.8385412648334485,21.111409579480668,0.01597600792516158,3.5,4.82966336856997
53150.0,10000.0,14.3,50.0,20.400000000000002,181.0,30.0,2207.0,29.900000000000002,14.3,95.30000000000001,1117.0,34.300000000000004,96.5,3601.2584238807026,23.857583899495463,15.631158536028515,5.332429462870747,0.3719658208553556,1.0254045749027216,0.29,1.0,0.24158534215549224,1.0,0.994227598637059,0.24158534215549224,69681.64162360138,288.15,0.8385412648334485,21.111408963857393,0.01598135103843674,3.5,4.8293595715925
53200.0,10000.0,14.4,50.0,20.0,179.0,30.0,2199.0,30.5,14.25,95.80000000000001,1117.0,33.9,96.5,3601.031952740454,23.85758369721003,15.630176794178066,5.3324289913358935,0.371965787963247,1.0254045749027214,0.27,1.0,0.24180941495771502,0.9999999999999997,0.994227598637059,0.24180941495771502,69681.64162360138,288.15,0.8385412648334485,21.1114084361803,0.015986693582064785,3.6,4.829055869264004
53250.0,10000.0,14.9,50.5,19.900000000000002,180.0,30.1,2201.0,30.200000000000003,14.350000000000001,95.80000000000001,1119.0,33.7,95.60000000000001,3600.8055455753283,23.857583523822495,15.629195151347558,5.3324285871631645,0.3719657597700113,1.0254045749027216,0.22,1.0,0.24203347147097862,1.0,0.994227598637059,0.24203347147097862,69681.64162360138,288.15,0.8385412648334485,21.111407983885652,0.015992035555003482,4.0,4.828752252727427
53300.0,9970.0,15.4,49.5,20.5,178.0,30.0,2206.0,30.200000000000003,14.3,94.4,1117.0,34.6,96.10000000000001,3600.579196730728,23.8575833752046,15.628213608526176,5.3324282407294,0.37196573560438084,1.0254045749027214,0.27,1.0,0.2422575105646901,0.9999999999999997,0.994227598637059,0.2422575105646901,69681.64162360138,288.15,0.8385412648334485,21.111407596204522,0.015997376956221467,3.7,4.828448714399841
53350.0,9980.0,15.100000000000001,50.0,20.1,180.0,29.700000000000003,2198.0,30.200000000000003,14.350000000000001,95.60000000000001,1123.0,34.0,96.30000000000001,3600.352901366331,23.85758324781783,15.627232166588536,5.332427943786174,0.3719657148909834,1.0254045749027216,0.26,1.0,0.2424815312636597,1.0,0.994227598637059,0.2424815312636597,69681.64162360138,288.15,0.8385412648334485,21.111407263906415,0.016002717784696963,3.8000000000000003,4.828145247790277
53400.0,10000.0,14.9,49.5,20.400000000000002,179.0,30.0,2209.0,30.200000000000003,14.450000000000001,95.2,1123.0,34.1,96.5,3600.1266553396636,23.857583138629156,15.626250826310786,5.332427689263409,0.3719656971366428,1.0254045749027216,0.33,1.0,0.2427055327259558,1.0,0.994227598637059,0.2427055327259558,69681.64162360138,288.15,0.8385412648334485,21.11140697907946,0.016008058039416406,3.5,4.827841847343596
53450.0,10000.0,14.700000000000001,50.5,19.8,181.0,29.700000000000003,2202.0,29.8,14.4,95.5,1119.0,34.0,95.80000000000001,3599.9004551063344,23.857583045038865,15.625269588384539,5.332427471101042,0.37196568191863666,1.0254045749027216,0.3,1.0,0.24292951422390677,1.0,0.994227598637059,0.24292951422390677,69681.64162360138,288.15,0.8385412648334485,21.111406734942076,0.016013397719373493,3.3000000000000003,4.827538508306697
53500.0,10000.0,15.100000000000001,51.0,20.0,180.0,30.1,2192.0,29.6,14.3,95.10000000000001,1117.0,34.4,96.4,3599.6742976345095,23.857582964818615,15.624288453428719,5.332427284104726,0.3719656688746314,1.0254045749027214,0.28,1.0,0.24315347512782018,0.9999999999999997,0.994227598637059,0.24315347512782018,69681.64162360138,288.15,0.8385412648334485,21.11140652568146,0.01601873682356817,3.4000000000000004,4.82723522661383
53550.0,10000.0,15.200000000000001,50.0,20.200000000000003,179.0,30.0,2205.0,30.400000000000002,14.450000000000001,95.7,1121.0,34.0,95.30000000000001,3599.4481803316403,23.857582896058393,15.623307421999845,5.332427123822171,0.3719656576940555,1.0254045749027216,0.23,1.0,0.24337741489201467,1.0,0.994227598637059,0.24337741489201467,69681.64162360138,288.15,0.8385412648334485,21.111406346315214,0.01602407535100598,3.6,4.826931998788337
53600.0,10000.0,15.4,50.5,19.700000000000003,181.0,29.900000000000002,2203.0,30.200000000000003,14.4,95.2,1123.0,33.5,96.9,3599.2221009816476,23.85758283712106,15.62232649460081,5.332426986437124,0.37196564811070476,1.0254045749027216,0.27,1.0,0.2436013330428535,1.0,0.994227598637059,0.2436013330428535,69681.64162360138,288.15,0.8385412648334485,21.11140619257272,0.016029413300697272,3.6,4.826628821858409
53650.0,9980.0,14.9,50.5,19.8,181.0,30.0,2204.0,30.1,14.25,95.5,1125.0,34.300000000000004,96.2,3598.996057691096,23.857582786603356,15.621345671688422,5.332426868678513,0.37196563989640424,1.0254045749027216,0.34,1.0,0.24382522916847324,1.0,0.994227598637059,0.24382522916847324,69681.64162360138,288.15,0.8385412648334485,21.11140606079344,0.016034750671656734,3.9000000000000004,4.826325693284915
53700.0,10010.0,15.100000000000001,50.5,20.3,178.0,30.1,2199.0,29.900000000000002,14.3,94.5,1117.0,34.6,96.4,3598.7700488430555,23.85758274330246,15.620364953679864,5.332426767742561,0.37196563285557516,1.0254045749027216,0.2,1.0,0.24404910290998524,1.0,0.994227598637059,0.24404910290998524,69681.64162360138,288.15,0.8385412648334485,21.11140594783977,0.016040087462902777,3.5,4.826022610899514
53750.0,10010.0,14.9,50.5,20.400000000000002,179.0,30.0,2198.0,29.6,14.25,95.0,1120.0,34.300000000000004,96.7,3598.544073057572,23.857582706187397,15.619384340958314,5.33242668122603,0.37196562682057877,1.0254045749027216,0.29,1.0,0.24427295395392443,1.0,0.994227598637059,0.24427295395392443,69681.64162360138,288.15,0.8385412648334485,21.11140585102234,0.016045423673457286,3.8000000000000003,4.825719572851665
53800.0,10000.0,15.200000000000001,50.0,19.8,182.0,29.5,2193.0,30.1,14.3,94.60000000000001,1119.0,33.9,96.60000000000001,3598.3181291577785,23.857582674374495,15.61840383387769,5.332426607069004,0.3719656216477248,1.0254045749027216,0.31,1.0,0.24449678202578431,1.0,0.994227598637059,0.24449678202578431,69681.64162360138,288.15,0.8385412648334485,21.11140576803597,0.0160507593023451,4.0,4.825416577563165
53850.0,9980.0,14.600000000000001,49.5,20.5,180.0,30.0,2201.0,30.0,14.25,95.7,1121.0,33.800000000000004,96.4,3598.0922161408535,23.85758264710629,15.617423432766758,5.332426543505839,0.37196561721385,1.0254045749027216,0.26,1.0,0.24472058688446163,1.0,0.994227598637059,0.24472058688446163,69681.64162360138,288.15,0.8385412648334485,21.111405696904797,0.016056094348593796,3.7,4.825113623689208
53900.0,10000.0,15.3,50.0,19.6,180.0,30.1,2202.0,30.3,14.3,95.80000000000001,1117.0,34.2,96.0,3597.866333153136,23.857582623733542,15.61644313793268,5.332426489023126,0.3719656134133858,1.0254045749027216,0.32,1.0,0.24494436831750324,1.0,0.994227598637059,0.24494436831750324,69681.64162360138,288.15,0.8385412648334485,21.111405635935217,0.016061428811233378,3.6,4.824810710085019
53950.0,10010.0,14.5,50.0,19.700000000000003,182.0,29.900000000000002,2200.0,30.0,14.200000000000001,95.10000000000001,1123.0,34.300000000000004,95.0,3597.640479468793,23.85758260369976,15.615462949664025,5.3324264423236585,0.3719656101558451,1.0254045749027216,0.25,1.0,0.24516812613702463,1.0,0.994227598637059,0.24516812613702463,69681.64162360138,288.15,0.8385412648334485,21.11140558367558,0.016066762689296063,3.9000000000000004,4.824507835777241
54000.0,10010.0,15.4,49.5,20.5,180.0,30.3,2200.0,29.400000000000002,14.4,95.10000000000001,1121.0,33.7,96.9,3597.414654471541,23.857582586527943,15.61448286823338,5.332426402295542,0.3719656073636673,1.0254045749027216,0.26,1.0,0.24539186017621176,1.0,0.994227598637059,0.24539186017621176,69681.64162360138,288.15,0.8385412648334485,21.111405538881606,0.016072095981816123,4.0,4.824204999939426
54050.0,9990.0,14.700000000000001,50.5,20.0,180.0,29.700000000000003,2198.0,30.1,14.25,95.10000000000001,1121.0,34.300000000000004,96.80000000000001,3597.188857638974,23.857582571809246,15.613502893899573,5.332426367985729,0.3719656049703722,1.0254045749027216,0.26,1.0,0.24561557028632594,1.0,0.994227598637059,0.24561557028632594,69681.64162360138,288.15,0.8385412648334485,21.111405500486768,0.01607742868782963,3.4000000000000004,4.823902201871017
54100.0,10030.0,14.9,50.0,19.900000000000002,180.0,30.0,2204.0,30.1,14.4,96.0,1122.0,34.4,96.60000000000001,3596.9630885291444,23.857582559193215,15.612523026909626,5.332426338577317,0.3719656029189763,1.0254045749027219,0.24,1.0,0.24583925633412537,0.9999999999999997,0.9942275986370589,0.24583925633412537,69681.64162360138,288.15,0.8385412648334485,21.111405467576912,0.016082760806374392,4.2,4.823599440979354
54150.0,9990.0,14.9,49.5,19.5,181.0,30.5,2198.0,30.1,14.350000000000001,96.0,1127.0,34.800000000000004,96.0,3596.7373467690486,23.85758254837948,15.611543267500354,5.332426313370108,0.3719656011606369,1.0254045749027216,0.29,1.0,0.24606291819966647,1.0,0.994227598637059,0.24606291819966647,69681.64162360138,288.15,0.8385412648334485,21.11140543936846,0.016088092336489813,3.8000000000000003,4.82329671676423
54200.0,10000.0,14.700000000000001,49.5,20.5,181.0,30.0,2201.0,30.400000000000002,14.200000000000001,95.10000000000001,1127.0,34.4,95.5,3596.511632044766,23.857582539110563,15.610563615899812,5.3324262917639285,0.37196559965348897,1.0254045749027216,0.28,1.0,0.2462865557744106,1.0,0.994227598637059,0.2462865557744106,69681.64162360138,288.15,0.8385412648334485,21.111405415189786,0.01609342327721676,3.9000000000000004,4.822994028804672
54250.0,9970.0,15.100000000000001,50.0,19.3,180.0,30.0,2200.0,29.900000000000002,14.25,94.5,1120.0,34.6,96.2,3596.2859440930097,23.857582531165775,15.609584072328513,5.332426273244346,0.37196559836164783,1.0254045749027216,0.27,1.0,0.24651016895960368,1.0,0.994227598637059,0.24651016895960368,69681.64162360138,288.15,0.8385412648334485,21.111405394465212,0.016098753627597495,3.3000000000000003,4.822691376747608
54300.0,10000.0,15.200000000000001,50.5,19.8,178.0,29.900000000000002,2198.0,29.700000000000003,14.3,95.80000000000001,1122.0,34.7,95.30000000000001,3596.0602826938793,23.85758252435595,15.60860463700045,5.332426257370417,0.37196559725435535,1.0254045749027216,0.26,1.0,0.24673375766488556,1.0,0.994227598637059,0.24673375766488556,69681.64162360138,288.15,0.8385412648334485,21.11140537670129,0.0161040833866756,3.1,4.822388760298146
54350.0,9990.0,14.700000000000001,50.5,20.200000000000003,181.0,29.900000000000002,2196.0,29.700000000000003,14.350000000000001,96.4,1123.0,34.2,95.9,3595.8346476646593,23.857582518518974,15.607625310124037,5.3324262437641945,0.3719655963052476,1.0254045749027214,0.27,1.0,0.24695732180709884,0.9999999999999997,0.994227598637059,0.24695732180709884,69681.64162360138,288.15,0.8385412648334485,21.11140536147507,0.01610941255349588,4.1000000000000005,4.8220861792112615
54400.0,10010.0,15.100000000000001,50.0,20.1,180.0,29.900000000000002,2197.0,30.3,14.350000000000001,95.9,1126.0,34.5,96.2,3595.6090388544817,23.85758251351584,15.606646091902789,5.332426232101715,0.3719655954917266,1.0254045749027216,0.37,1.0,0.24718086130926684,1.0,0.994227598637059,0.24718086130926684,69681.64162360138,288.15,0.8385412648334485,21.111405348424025,0.016114741127104343,3.6,4.821783633284638
54450.0,9990.0,14.9,51.0,19.5,179.0,30.200000000000003,2199.0,30.0,14.4,94.9,1119.0,33.9,96.30000000000001,3595.383456139793,23.85758250922745,15.605666982536121,5.332426222105307,0.37196559479442304,1.0254045749027216,0.28,1.0,0.2474043760997175,1.0,0.994227598637059,0.2474043760997175,69681.64162360138,288.15,0.8385412648334485,21.111405337237414,0.01612006910654816,3.4000000000000004,4.821481122352585
54500.0,9990.0,14.9,50.5,19.700000000000003,179.0,29.8,2199.0,30.1,14.5,95.4,1122.0,34.7,96.30000000000001,3595.1578994204147,23.857582505551676,15.604687982219763,5.332426213536956,0.3719655941967342,1.0254045749027216,0.25,1.0,0.24762786611133356,1.0,0.994227598637059,0.24762786611133356,69681.64162360138,288.15,0.8385412648334485,21.11140532764889,0.016125396490875542,4.2,4.821178646280765
54550.0,10000.0,15.100000000000001,50.5,20.1,181.0,29.900000000000002,2203.0,30.0,14.4,95.2,1122.0,34.6,96.10000000000001,3594.9323686162215,23.857582502401012,15.603709091146373,5.332426206192654,0.3719655936844293,1.0254045749027216,0.25,1.0,0.24785133128090378,1.0,0.994227598637059,0.24785133128090378,69681.64162360138,288.15,0.8385412648334485,21.111405319430155,0.01613072327913581,3.9000000000000004,4.820876204961726
54600.0,10010.0,15.0,50.0,20.1,181.0,29.700000000000003,2202.0,30.200000000000003,14.15,95.4,1124.0,34.6,96.4,3594.7068636642584,23.857582499700452,15.602730309505898,5.332426199897539,0.371965593245311,1.0254045749027216,0.26,1.0,0.24807477154857763,1.0,0.994227598637059,0.24807477154857763,69681.64162360138,288.15,0.8385412648334485,21.111405312385525,0.016136049470379332,3.3000000000000003,4.820573798311044
54650.0,9980.0,15.3,50.5,20.5,179.0,30.200000000000003,2194.0,29.700000000000003,14.350000000000001,95.7,1127.0,34.300000000000004,95.5,3594.4813845162735,23.85758249738568,15.60175163748591,5.332426194501726,0.3719655928689238,1.0254045749027216,0.24,1.0,0.24829818685738636,1.0,0.994227598637059,0.24829818685738636,69681.64162360138,288.15,0.8385412648334485,21.111405306347272,0.01614137506365741,3.4000000000000004,4.820271426264013
54700.0,10030.0,15.200000000000001,50.5,19.900000000000002,180.0,30.1,2198.0,29.900000000000002,14.3,95.0,1123.0,34.1,96.10000000000001,3594.2559311366263,23.857582495401576,15.60077307527198,5.332426189876742,0.3719655925463061,1.0254045749027216,0.28,1.0,0.24852157715283718,1.0,0.994227598637059,0.24852157715283718,69681.64162360138,288.15,0.8385412648334485,21.11140530117163,0.016146700058022392,3.5,4.819969088772839
54750.0,9990.0,15.0,49.5,20.0,181.0,29.700000000000003,2209.0,30.0,14.350000000000001,94.80000000000001,1126.0,34.4,95.7,3594.030503500473,23.857582493700942,15.599794623047925,5.332426185912472,0.3719655922697769,1.0254045749027216,0.25,1.0,0.24874494238256925,1.0,0.994227598637059,0.24874494238256925,69681.64162360138,288.15,0.8385412648334485,21.11140529673536,0.01615202445252756,3.5,4.819666785804205
54800.0,10010.0,15.100000000000001,50.0,19.700000000000003,179.0,29.900000000000002,2202.0,30.200000000000003,14.4,95.30000000000001,1124.0,34.4,95.0,3593.8051015922056,23.85758249224324,15.598816280995957,5.332426182514525,0.3719655920327517,1.0254045749027216,0.27,1.0,0.24896828249604974,1.0,0.994227598637059,0.24896828249604974,69681.64162360138,288.15,0.8385412648334485,21.111405292932844,0.01615734824622714,3.5,4.8193645173371795
54850.0,9990.0,14.8,50.0,19.5,179.0,30.3,2194.0,29.900000000000002,14.25,94.80000000000001,1123.0,34.1,96.2,3593.5797254041518,23.85758249099379,15.597838049297016,5.332426179602002,0.37196559182958744,1.0254045749027216,0.31,1.0,0.2491915974443223,1.0,0.994227598637059,0.2491915974443223,69681.64162360138,288.15,0.8385412648334485,21.111405289673545,0.016162671438176304,3.8000000000000003,4.819062283361476
54900.0,10010.0,14.600000000000001,50.0,20.200000000000003,181.0,30.400000000000002,2204.0,30.3,14.5,95.30000000000001,1122.0,34.5,95.4,3593.3543749354076,23.857582489922823,15.596859928130803,5.332426177105551,0.3719655916554464,1.0254045749027216,0.27,1.0,0.24941488717978472,1.0,0.994227598637059,0.24941488717978472,69681.64162360138,288.15,0.8385412648334485,21.111405286879858,0.01616799402743115,3.2,4.818760083875881
54950.0,9990.0,15.0,50.5,20.400000000000002,179.0,30.400000000000002,2201.0,30.1,14.200000000000001,94.9,1126.0,34.5,95.9,3593.1290501908848,23.857582489004848,15.595881917676019,5.332426174965735,0.3719655915061827,1.0254045749027219,0.28,1.0,0.24963815165600323,0.9999999999999997,0.9942275986370589,0.24963815165600323,69681.64162360138,288.15,0.8385412648334485,21.111405284485272,0.01617331601304867,3.2,4.81845791888698
55000.0,10000.0,15.4,50.5,19.900000000000002,181.0,29.700000000000003,2196.0,30.6,14.4,95.0,1123.0,34.2,96.0,3592.90375118047,23.85758248821803,15.59490401811047,5.332426173131609,0.3719655913782425,1.0254045749027214,0.28,1.0,0.2498613908275493,0.9999999999999997,0.994227598637059,0.2498613908275493,69681.64162360138,288.15,0.8385412648334485,21.11140528243277,0.016178637394086752,3.6,4.818155788408034
55050.0,9990.0,15.100000000000001,49.5,19.6,181.0,30.400000000000002,2208.0,30.200000000000003,14.3,95.2,1124.0,34.300000000000004,96.5,3592.678477918298,23.857582487543606,15.593926229611114,5.332426171559501,0.37196559126857937,1.0254045749027216,0.21,1.0,0.25008460464986076,1.0,0.994227598637059,0.25008460464986076,69681.64162360138,288.15,0.8385412648334485,21.11140528067348,0.016183958169604207,3.5,4.817853692457996
55100.0,10010.0,14.8,50.0,20.200000000000003,181.0,29.700000000000003,2195.0,29.700000000000003,14.25,94.30000000000001,1121.0,34.9,95.7,3592.45323042215,23.85758248696552,15.59294855235422,5.332426170211978,0.3719655911745824,1.0254045749027216,0.27,1.0,0.2503077930791254,1.0,0.994227598637059,0.2503077930791254,69681.64162360138,288.15,0.8385412648334485,21.11140527916552,0.016189278338660688,3.4000000000000004,4.817551631060712
55150.0,10010.0,15.600000000000001,49.5,20.700000000000003,180.0,30.0,2202.0,30.1,14.450000000000001,95.5,1125.0,34.4,96.2,3592.2280087129284,23.857582486470026,15.591970986515452,5.3324261690569585,0.37196559109401356,1.0254045749027216,0.24,1.0,0.250530956072177,1.0,0.994227598637059,0.250530956072177,69681.64162360138,288.15,0.8385412648334485,21.111405277872983,0.016194597900316778,3.6,4.8172496042442114
55200.0,10030.0,14.3,50.0,20.1,180.0,30.0,2200.0,29.900000000000002,14.350000000000001,94.9,1129.0,34.4,96.10000000000001,3592.002812814195,23.857582486045317,15.590993532269865,5.332426168066943,0.37196559102495463,1.0254045749027216,0.25,1.0,0.25075409358641115,1.0,0.994227598637059,0.25075409358641115,69681.64162360138,288.15,0.8385412648334485,21.11140527676509,0.01619991685363389,3.8000000000000003,4.816947612040092
55250.0,10010.0,15.100000000000001,49.5,19.700000000000003,181.0,29.8,2203.0,29.700000000000003,14.4,94.80000000000001,1121.0,34.300000000000004,95.5,3591.7776427517947,23.857582485681277,15.590016189792033,5.332426167218358,0.3719655909657612,1.0254045749027216,0.28,1.0,0.25097720557970593,1.0,0.994227598637059,0.25097720557970593,69681.64162360138,288.15,0.8385412648334485,21.11140527581547,0.016205235197674348,3.6,4.816645654483012
55300.0,9990.0,15.0,49.5,20.3,181.0,30.0,2201.0,30.5,14.3,94.60000000000001,1125.0,34.1,95.7,3591.5524985535194,23.857582485369242,15.589038959256053,5.3324261664909995,0.371965590915024,1.0254045749027219,0.25,1.0,0.25120029201036276,0.9999999999999997,0.9942275986370589,0.25120029201036276,69681.64162360138,288.15,0.8385412648334485,21.11140527500151,0.01621055293150134,3.4000000000000004,4.816343731610241
55350.0,10000.0,15.3,50.5,20.400000000000002,180.0,29.900000000000002,2191.0,30.1,14.200000000000001,94.0,1123.0,34.6,95.5,3591.3273802488293,23.857582485101794,15.588061840835628,5.332426165867549,0.371965590871535,1.0254045749027216,0.32,1.0,0.2514233528370484,1.0,0.994227598637059,0.2514233528370484,69681.64162360138,288.15,0.8385412648334485,21.11140527430383,0.016215870054178873,3.7,4.816041843461286
55400.0,10000.0,15.4,51.0,20.200000000000003,179.0,29.900000000000002,2194.0,30.0,14.25,94.9,1124.0,33.9,95.10000000000001,3591.102287868601,23.85758248487254,15.587084834704063,5.332426165333162,0.3719655908342586,1.0254045749027216,0.26,1.0,0.25164638801874667,1.0,0.994227598637059,0.25164638801874667,69681.64162360138,288.15,0.8385412648334485,21.11140527370582,0.0162211865647719,3.6,4.815739990077551
55450.0,9990.0,14.9,49.5,19.400000000000002,180.0,30.0,2199.0,30.0,14.350000000000001,95.5,1122.0,34.0,96.4,3590.877221444929,23.857582484676044,15.58610794103433,5.332426164875118,0.37196559080230757,1.0254045749027216,0.28,1.0,0.2518693975147235,1.0,0.994227598637059,0.2518693975147235,69681.64162360138,288.15,0.8385412648334485,21.11140527319324,0.016226502462346176,3.4000000000000004,4.815438171502079
55500.0,10000.0,15.3,51.0,20.1,181.0,29.8,2200.0,29.900000000000002,14.350000000000001,96.10000000000001,1124.0,34.300000000000004,95.10000000000001,3590.652181010939,23.857582484507613,15.585131159999062,5.3324261644825075,0.37196559077492086,1.0254045749027219,0.32,1.0,0.25209238128448586,0.9999999999999997,0.9942275986370589,0.25209238128448586,69681.64162360138,288.15,0.8385412648334485,21.111405272753885,0.016231817745968317,3.7,4.81513638777929
55550.0,10010.0,14.9,50.0,19.6,180.0,29.8,2199.0,29.8,14.100000000000001,94.9,1122.0,34.5,95.7,3590.4271666006434,23.857582484363245,15.584154491770626,5.332426164145985,0.37196559075144653,1.0254045749027216,0.32,1.0,0.25231533928775535,1.0,0.994227598637059,0.25231533928775535,69681.64162360138,288.15,0.8385412648334485,21.111405272377294,0.016237132414705844,3.7,4.814834638954795
55600.0,10000.0,15.200000000000001,50.5,20.200000000000003,180.0,30.1,2190.0,30.6,14.450000000000001,95.2,1120.0,35.0,95.30000000000001,3590.202178248799,23.857582484239504,15.583177936521079,5.332426163857536,0.3719655907313257,1.0254045749027216,0.29,1.0,0.2525382714844434,1.0,0.994227598637059,0.2525382714844434,69681.64162360138,288.15,0.8385412648334485,21.111405272054505,0.016242446467627084,3.3000000000000003,4.814532925075205
55650.0,10030.0,14.600000000000001,50.0,19.200000000000003,180.0,29.900000000000002,2205.0,29.900000000000002,14.4,94.5,1123.0,34.5,95.9,3589.977215990807,23.85758248413344,15.582201494422245,5.332426163610297,0.3719655907140794,1.0254045749027216,0.28,1.0,0.2527611778346271,1.0,0.994227598637059,0.2527611778346271,69681.64162360138,288.15,0.8385412648334485,21.111405271777823,0.016247759903801257,3.8000000000000003,4.814231246187993
55700.0,10000.0,15.200000000000001,49.5,20.200000000000003,181.0,29.700000000000003,2202.0,30.200000000000003,14.450000000000001,95.5,1124.0,34.800000000000004,95.30000000000001,3589.752279862602,23.857582484042528,15.581225165645677,5.332426163398375,0.37196559069929674,1.0254045749027219,0.26,1.0,0.25298405829853227,0.9999999999999997,0.9942275986370589,0.25298405829853227,69681.64162360138,288.15,0.8385412648334485,21.111405271540672,0.01625307272229841,3.3000000000000003,4.8139296023413465
55750.0,10020.0,15.200000000000001,49.5,20.1,181.0,30.200000000000003,2196.0,29.1,14.350000000000001,94.5,1126.0,35.0,96.2,3589.527369900587,23.85758248396461,15.580248950362718,5.332426163216731,0.371965590686626,1.0254045749027214,0.32,1.0,0.25320691283651686,0.9999999999999997,0.994227598637059,0.25320691283651686,69681.64162360138,288.15,0.8385412648334485,21.111405271337397,0.016258384922189454,3.9000000000000004,4.8136279935840856
55800.0,10020.0,15.4,50.5,20.0,179.0,30.5,2200.0,30.400000000000002,14.3,95.60000000000001,1118.0,34.5,95.60000000000001,3589.3024861415443,23.85758248389781,15.579272848744468,5.332426163061031,0.3719655906757652,1.0254045749027216,0.29,1.0,0.2534297414090556,1.0,0.994227598637059,0.2534297414090556,69681.64162360138,288.15,0.8385412648334485,21.111405271163164,0.016263696502546204,3.9000000000000004,4.813326419965534
55850.0,9990.0,15.200000000000001,50.5,20.900000000000002,181.0,29.900000000000002,2195.0,30.5,14.4,95.0,1120.0,34.300000000000004,95.9,3589.0776286225905,23.85758248384056,15.57829686096183,5.332426162927577,0.37196559066645607,1.0254045749027219,0.28,1.0,0.25365254397673376,0.9999999999999997,0.9942275986370589,0.25365254397673376,69681.64162360138,288.15,0.8385412648334485,21.11140527101382,0.016269007462441244,3.1,4.813024881535466
55900.0,10010.0,14.5,50.5,20.1,180.0,30.200000000000003,2201.0,30.400000000000002,14.350000000000001,95.10000000000001,1123.0,34.800000000000004,96.4,3588.852797381115,23.857582483791486,15.5773209871855,5.332426162813187,0.3719655906584767,1.0254045749027216,0.26,1.0,0.25387532050022815,1.0,0.994227598637059,0.25387532050022815,69681.64162360138,288.15,0.8385412648334485,21.11140527088581,0.01627431780094807,3.8000000000000003,4.812723378344023
55950.0,9990.0,14.4,50.0,20.1,180.0,29.700000000000003,2201.0,30.1,14.25,94.2,1124.0,34.9,95.80000000000001,3588.6279924547416,23.857582483749432,15.576345227585978,5.33242616271514,0.37196559065163737,1.0254045749027216,0.25,1.0,0.25409807094030645,1.0,0.994227598637059,0.25409807094030645,69681.64162360138,288.15,0.8385412648334485,21.111405270776086,0.016279627517141005,3.6,4.812421910441658
56000.0,10010.0,14.700000000000001,50.0,20.5,179.0,30.200000000000003,2207.0,29.900000000000002,14.3,95.7,1124.0,33.9,95.5,3588.4032138812786,23.85758248371337,15.57536958233355,5.332426162631097,0.37196559064577495,1.0254045749027216,0.29,1.0,0.25432079525781537,1.0,0.994227598637059,0.25432079525781537,69681.64162360138,288.15,0.8385412648334485,21.11140527068204,0.016284936610095252,3.8000000000000003,4.8121204778790725
56050.0,9990.0,14.9,50.5,20.0,179.0,30.200000000000003,2199.0,30.3,14.25,95.0,1126.0,34.7,95.0,3588.178461698705,23.85758248368247,15.574394051598349,5.332426162559063,0.37196559064075013,1.0254045749027216,0.2,1.0,0.2545434934136762,1.0,0.994227598637059,0.2545434934136762,69681.64162360138,288.15,0.8385412648334485,21.111405270601427,0.016290245078886843,4.0,4.811819080707198
56100.0,10000.0,15.4,50.5,20.200000000000003,180.0,30.1,2206.0,30.0,14.450000000000001,94.10000000000001,1120.0,35.1,95.10000000000001,3587.9537359451247,23.857582483655985,15.5734186355503,5.332426162497318,0.37196559063644313,1.0254045749027216,0.33,1.0,0.25476616536887836,1.0,0.994227598637059,0.25476616536887836,69681.64162360138,288.15,0.8385412648334485,21.11140527053233,0.016295552922592674,3.9000000000000004,4.811517718977131
56150.0,10020.0,15.3,49.5,19.3,181.0,29.700000000000003,2206.0,30.200000000000003,14.350000000000001,95.30000000000001,1126.0,34.7,96.2,3587.7290366587504,23.857582483633276,15.572443334359154,5.332426162444392,0.3719655906327513,1.0254045749027216,0.31,1.0,0.254988811084475,1.0,0.994227598637059,0.254988811084475,69681.64162360138,288.15,0.8385412648334485,21.111405270473107,0.016300860140290478,3.6,4.811216392740118
56200.0,9990.0,15.4,49.0,20.200000000000003,181.0,29.8,2204.0,30.0,14.3,95.60000000000001,1122.0,35.0,94.5,3587.504363877885,23.857582483613808,15.571468148194493,5.3324261623990274,0.37196559062958684,1.0254045749027216,0.28,1.0,0.2552114305215787,1.0,0.994227598637059,0.2552114305215787,69681.64162360138,288.15,0.8385412648334485,21.11140527042234,0.016306166731058874,3.6,4.810915102047522
56250.0,9990.0,15.100000000000001,50.0,20.400000000000002,180.0,30.1,2201.0,29.900000000000002,14.3,95.10000000000001,1124.0,35.1,95.5,3587.2797176409026,23.857582483597135,15.570493077225729,5.332426162360147,0.3719655906268747,1.0254045749027214,0.28,1.0,0.25543402364135975,0.9999999999999997,0.994227598637059,0.25543402364135975,69681.64162360138,288.15,0.8385412648334485,21.111405270378828,0.016311472693977303,3.2,4.810613846950804
56300.0,10010.0,14.8,49.5,20.700000000000003,181.0,30.200000000000003,2202.0,30.0,14.3,95.4,1127.0,34.7,96.5,3587.0550979862246,23.857582483582828,15.569518121622083,5.332426162326817,0.3719655906245497,1.0254045749027214,0.27,1.0,0.2556565904050403,0.9999999999999997,0.994227598637059,0.2556565904050403,69681.64162360138,288.15,0.8385412648334485,21.111405270341532,0.016316778028126082,3.2,4.810312627501488
56350.0,9980.0,14.5,50.0,19.900000000000002,181.0,30.0,2203.0,30.0,14.350000000000001,94.60000000000001,1128.0,34.2,95.60000000000001,3586.830504952323,23.85758248357058,15.568543281552635,5.33242616229825,0.3719655906225571,1.0254045749027216,0.27,1.0,0.25587913077389424,1.0,0.994227598637059,0.25587913077389424,69681.64162360138,288.15,0.8385412648334485,21.111405270309564,0.016322082732586368,3.8000000000000003,4.810011443751165
56400.0,10000.0,15.0,50.0,20.6,180.0,30.400000000000002,2201.0,30.0,14.350000000000001,95.30000000000001,1123.0,34.800000000000004,95.5,3586.6059385776925,23.85758248356008,15.56756855718627,5.332426162273766,0.37196559062084916,1.0254045749027216,0.28,1.0,0.2561016447092438,1.0,0.994227598637059,0.2561016447092438,69681.64162360138,288.15,0.8385412648334485,21.111405270282162,0.016327386806440164,3.7,4.809710295751458
56450.0,10000.0,15.0,51.0,20.200000000000003,182.0,30.0,2204.0,29.8,14.450000000000001,94.5,1126.0,34.7,95.7,3586.381398900852,23.857582483551074,15.56659394869172,5.332426162252776,0.37196559061938506,1.0254045749027216,0.26,1.0,0.2563241321724581,1.0,0.994227598637059,0.2563241321724581,69681.64162360138,288.15,0.8385412648334485,21.111405270258675,0.016332690248770373,3.4000000000000004,4.809409183554021
56500.0,10000.0,15.5,50.0,19.5,181.0,29.8,2203.0,30.200000000000003,14.4,96.10000000000001,1123.0,35.0,96.10000000000001,3586.156885960333,23.857582483543354,15.565619456237547,5.332426162234787,0.37196559061813017,1.0254045749027214,0.25,1.0,0.25654659312495265,0.9999999999999997,0.994227598637059,0.25654659312495265,69681.64162360138,288.15,0.8385412648334485,21.111405270238542,0.0163379930586607,3.4000000000000004,4.809108107210526
56550.0,10000.0,15.100000000000001,49.5,20.200000000000003,179.0,30.3,2202.0,30.6,14.4,94.7,1123.0,34.9,95.4,3585.932399794676,23.857582483536742,15.564645079992172,5.332426162219368,0.3719655906170546,1.0254045749027216,0.31,1.0,0.25676902752818465,1.0,0.994227598637059,0.25676902752818465,69681.64162360138,288.15,0.8385412648334485,21.111405270221287,0.016343295235195714,3.4000000000000004,4.808807066772657
56600.0,10020.0,15.4,50.0,20.700000000000003,179.0,30.0,2195.0,30.6,14.200000000000001,94.10000000000001,1123.0,35.300000000000004,95.9,3585.707940442416,23.857582483531075,15.563670820123821,5.33242616220615,0.3719655906161326,1.0254045749027216,0.28,1.0,0.25699143534365576,1.0,0.994227598637059,0.25699143534365576,69681.64162360138,288.15,0.8385412648334485,21.111405270206497,0.016348596777460825,3.8000000000000003,4.808506062292089
56650.0,10000.0,15.100000000000001,51.0,19.900000000000002,179.0,30.1,2203.0,30.0,14.4,94.80000000000001,1125.0,35.0,95.5,3585.4835079420855,23.85758248352621,15.562696676800575,5.33242616219482,0.37196559061534223,1.0254045749027216,0.32,1.0,0.2572138165329073,1.0,0.994227598637059,0.2572138165329073,69681.64162360138,288.15,0.8385412648334485,21.111405270193817,0.016353897684542353,3.7,4.808205093820495
56700.0,10000.0,15.200000000000001,50.5,20.3,181.0,29.700000000000003,2190.0,30.400000000000002,14.350000000000001,94.9,1127.0,35.5,96.10000000000001,3585.2591023322107,23.857582483522048,15.561722650190367,5.3324261621851115,0.371965590614665,1.0254045749027216,0.3,1.0,0.257436171057525,1.0,0.994227598637059,0.257436171057525,69681.64162360138,288.15,0.8385412648334485,21.111405270182953,0.016359197955527417,3.4000000000000004,4.8079041614095415
56750.0,9990.0,14.3,50.5,20.400000000000002,181.0,30.1,2199.0,29.8,14.3,94.80000000000001,1122.0,35.5,94.7,3585.0347236512953,23.857582483518478,15.560748740460937,5.332426162176788,0.3719655906140844,1.0254045749027216,0.27,1.0,0.25765849887913134,1.0,0.994227598637059,0.25765849887913134,69681.64162360138,288.15,0.8385412648334485,21.111405270173638,0.01636449758950402,3.1,4.80760326511086
56800.0,10000.0,15.0,50.0,19.6,180.0,29.900000000000002,2200.0,30.6,14.350000000000001,95.2,1124.0,34.6,95.30000000000001,3584.8103719378323,23.857582483515415,15.559774947779882,5.332426162169654,0.37196559061358675,1.0254045749027216,0.35000000000000003,1.0,0.25788079995939,1.0,0.994227598637059,0.25788079995939,69681.64162360138,288.15,0.8385412648334485,21.111405270165655,0.016369796585561,3.5,4.807302404976072
56850.0,10000.0,14.8,48.5,19.700000000000003,182.0,30.1,2207.0,29.900000000000002,14.15,94.2,1126.0,35.0,95.30000000000001,3584.5860472302984,23.857582483512797,15.55880127231466,5.332426162163539,0.37196559061316026,1.0254045749027216,0.26,1.0,0.2581030742600034,1.0,0.994227598637059,0.2581030742600034,69681.64162360138,288.15,0.8385412648334485,21.111405270158812,0.016375094942788063,3.8000000000000003,4.807001581056776
56900.0,9990.0,15.100000000000001,50.0,19.900000000000002,179.0,29.900000000000002,2208.0,30.3,14.4,94.4,1121.0,35.300000000000004,95.80000000000001,3584.3617495671388,23.857582483510548,15.557827714232525,5.332426162158298,0.37196559061279466,1.0254045749027216,0.28,1.0,0.25832532174271183,1.0,0.994227598637059,0.25832532174271183,69681.64162360138,288.15,0.8385412648334485,21.111405270152947,0.016380392660275755,3.5,4.806700793404525
56950.0,9980.0,15.3,50.5,19.700000000000003,179.0,30.200000000000003,2197.0,30.5,14.350000000000001,94.60000000000001,1125.0,34.800000000000004,95.9,3584.137478986784,23.857582483508622,15.556854273700617,5.332426162153807,0.3719655906124813,1.0254045749027216,0.3,1.0,0.2585475423692941,1.0,0.994227598637059,0.2585475423692941,69681.64162360138,288.15,0.8385412648334485,21.11140527014792,0.016385689737115513,3.9000000000000004,4.806400042070858
57000.0,10000.0,14.9,50.0,19.8,181.0,30.200000000000003,2200.0,29.700000000000003,14.450000000000001,94.9,1125.0,35.5,95.0,3583.9132355276324,23.857582483506974,15.55588095088588,5.332426162149956,0.3719655906122127,1.0254045749027216,0.26,1.0,0.25876973610156767,1.0,0.994227598637059,0.25876973610156767,69681.64162360138,288.15,0.8385412648334485,21.111405270143607,0.016390986172399563,3.5,4.806099327107266
57050.0,9980.0,15.100000000000001,49.5,19.8,179.0,29.900000000000002,2197.0,30.1,14.3,94.9,1131.0,34.9,95.60000000000001,3583.689019228058,23.857582483505553,15.554907745955122,5.332426162146654,0.3719655906119824,1.0254045749027216,0.29,1.0,0.2589919029013852,1.0,0.994227598637059,0.2589919029013852,69681.64162360138,288.15,0.8385412648334485,21.111405270139915,0.016396281965221072,3.6,4.805798648565211
57100.0,10000.0,15.0,50.0,19.8,180.0,30.0,2192.0,30.400000000000002,14.5,94.9,1127.0,35.300000000000004,94.60000000000001,3583.464830126407,23.857582483504334,15.553934659074988,5.332426162143823,0.3719655906117849,1.0254045749027216,0.3,1.0,0.2592140427306395,1.0,0.994227598637059,0.2592140427306395,69681.64162360138,288.15,0.8385412648334485,21.11140527013675,0.016401577114674,3.5,4.805498006496115
57150.0,10030.0,15.0,50.5,19.900000000000002,182.0,29.900000000000002,2205.0,30.200000000000003,14.350000000000001,95.0,1123.0,34.0,95.80000000000001,3583.240668260995,23.857582483503293,15.552961690411964,5.332426162141399,0.3719655906116158,1.0254045749027216,0.26,1.0,0.2594361555512591,1.0,0.994227598637059,0.2594361555512591,69681.64162360138,288.15,0.8385412648334485,21.111405270134036,0.016406871619853207,3.9000000000000004,4.80519740095136
57200.0,10000.0,15.4,50.5,19.0,180.0,29.900000000000002,2205.0,30.200000000000003,14.4,94.60000000000001,1123.0,34.800000000000004,94.30000000000001,3583.016533670106,23.857582483502405,15.551988840132376,5.3324261621393205,0.37196559061147083,1.0254045749027216,0.25,1.0,0.25965824132520965,1.0,0.994227598637059,0.25965824132520965,69681.64162360138,288.15,0.8385412648334485,21.11140527013171,0.016412165479854347,3.2,4.804896831982286
57250.0,9980.0,15.100000000000001,50.5,20.0,180.0,29.8,2199.0,29.8,14.350000000000001,93.9,1127.0,34.800000000000004,95.4,3582.7924263919954,23.85758248350164,15.551016108402395,5.33242616213754,0.37196559061134665,1.0254045749027216,0.3,1.0,0.25988030001449214,1.0,0.994227598637059,0.25988030001449214,69681.64162360138,288.15,0.8385412648334485,21.111405270129715,0.016417458693773992,3.7,4.8045962996401945
57300.0,10010.0,14.4,50.0,20.400000000000002,180.0,30.400000000000002,2207.0,30.1,14.3,94.2,1124.0,34.800000000000004,94.9,3582.568346464881,23.857582483500988,15.550043495388024,5.332426162136012,0.3719655906112401,1.0254045749027219,0.24,1.0,0.2601023315811456,0.9999999999999997,0.9942275986370589,0.2601023315811456,69681.64162360138,288.15,0.8385412648334485,21.111405270128007,0.016422751260709537,3.7,4.804295803976335
57350.0,10020.0,15.3,50.0,20.400000000000002,180.0,30.0,2200.0,29.900000000000002,14.4,94.9,1123.0,34.7,95.4,3582.3442939269535,23.857582483500423,15.549071001255124,5.332426162134703,0.3719655906111487,1.0254045749027216,0.28,1.0,0.2603243359872454,1.0,0.994227598637059,0.2603243359872454,69681.64162360138,288.15,0.8385412648334485,21.111405270126543,0.016428043179759245,3.5,4.8039953450419235
57400.0,9990.0,15.4,50.5,19.200000000000003,181.0,30.0,2201.0,30.3,14.450000000000001,95.4,1126.0,34.5,94.2,3582.1202688163676,23.857582483499936,15.548098626169379,5.332426162133579,0.3719655906110704,1.0254045749027216,0.3,1.0,0.2605463131949033,1.0,0.994227598637059,0.2605463131949033,69681.64162360138,288.15,0.8385412648334485,21.111405270125285,0.01643333445002225,3.9000000000000004,4.803694922888126
57450.0,9990.0,14.9,49.5,19.8,181.0,30.0,2199.0,30.8,14.25,95.10000000000001,1123.0,35.0,95.2,3581.8962711712466,23.857582483499527,15.54712637029634,5.332426162132619,0.37196559061100337,1.0254045749027216,0.3,1.0,0.2607682631662673,1.0,0.994227598637059,0.2607682631662673,69681.64162360138,288.15,0.8385412648334485,21.11140527012421,0.0164386250705985,3.5,4.803394537566065
57500.0,10000.0,14.9,49.5,20.3,180.0,30.1,2200.0,29.900000000000002,14.4,95.4,1129.0,35.2,95.80000000000001,3581.6723010296782,23.857582483499176,15.546154233801383,5.332426162131794,0.37196559061094586,1.0254045749027216,0.26,1.0,0.2609901858635205,1.0,0.994227598637059,0.2609901858635205,69681.64162360138,288.15,0.8385412648334485,21.111405270123285,0.016443915040588848,3.5,4.80309418912682
57550.0,10010.0,15.3,50.0,19.6,180.0,29.900000000000002,2207.0,30.200000000000003,14.3,94.10000000000001,1123.0,34.800000000000004,95.10000000000001,3581.4483584297127,23.85758248349887,15.54518221684972,5.332426162131088,0.37196559061089657,1.0254045749027214,0.31,1.0,0.2612120812488844,0.9999999999999997,0.994227598637059,0.2612120812488844,69681.64162360138,288.15,0.8385412648334485,21.111405270122496,0.01644920435909496,3.3000000000000003,4.802793877621413
57600.0,10030.0,14.700000000000001,49.5,20.700000000000003,181.0,30.0,2202.0,30.1,14.350000000000001,94.0,1119.0,34.800000000000004,96.0,3581.224443409372,23.85758248349861,15.544210319606423,5.332426162130481,0.37196559061085427,1.0254045749027216,0.33,1.0,0.2614339492846142,1.0,0.994227598637059,0.2614339492846142,69681.64162360138,288.15,0.8385412648334485,21.111405270121818,0.016454493025219417,3.5,4.802493603100836
57650.0,9990.0,15.100000000000001,50.0,20.200000000000003,178.0,30.6,2205.0,29.900000000000002,14.3,95.30000000000001,1127.0,35.1,95.30000000000001,3581.0005560066384,23.85758248349838,15.543238542236393,5.332426162129961,0.37196559061081796,1.0254045749027219,0.27,1.0,0.2616557899330034,0.9999999999999997,0.9942275986370589,0.2616557899330034,69681.64162360138,288.15,0.8385412648334485,21.11140527012124,0.016459781038065602,3.7,4.802193365616023
57700.0,10010.0,15.100000000000001,50.0,20.6,179.0,29.8,2200.0,29.8,14.3,95.5,1125.0,34.4,94.9,3580.7766962594624,23.857582483498195,15.542266884904388,5.332426162129517,0.371965590610787,1.0254045749027216,0.27,1.0,0.2618776031563804,1.0,0.994227598637059,0.2618776031563804,69681.64162360138,288.15,0.8385412648334485,21.111405270120738,0.016465068396737788,3.6,4.801893165217864
57750.0,10010.0,15.200000000000001,50.0,19.5,180.0,29.900000000000002,2199.0,30.200000000000003,14.350000000000001,95.2,1125.0,35.6,95.4,3580.552864205756,23.85758248349803,15.541295347774989,5.332426162129135,0.37196559061076034,1.0254045749027216,0.27,1.0,0.26209938891711015,1.0,0.994227598637059,0.26209938891711015,69681.64162360138,288.15,0.8385412648334485,21.11140527012031,0.016470355100341078,3.7,4.801593001957204
57800.0,9990.0,14.4,49.5,20.3,180.0,30.0,2197.0,29.400000000000002,14.450000000000001,94.60000000000001,1124.0,34.9,95.7,3580.329059883396,23.85758248349789,15.540323931012622,5.332426162128809,0.3719655906107376,1.0254045749027216,0.3,1.0,0.26232114717759236,1.0,0.994227598637059,0.26232114717759236,69681.64162360138,288.15,0.8385412648334485,21.111405270119945,0.016475641147981456,3.3000000000000003,4.801292875884832
57850.0,10010.0,15.0,49.5,19.900000000000002,179.0,29.700000000000003,2203.0,29.900000000000002,14.4,94.9,1127.0,34.4,94.60000000000001,3580.105283330229,23.857582483497776,15.539352634781588,5.332426162128529,0.3719655906107181,1.0254045749027216,0.29,1.0,0.2625428779002639,1.0,0.994227598637059,0.2625428779002639,69681.64162360138,288.15,0.8385412648334485,21.111405270119633,0.01648092653876579,3.3000000000000003,4.800992787051504
57900.0,10000.0,14.600000000000001,50.0,20.6,181.0,29.6,2203.0,30.5,14.55,95.0,1122.0,35.300000000000004,95.9,3579.8815345840558,23.85758248349767,15.538381459245969,5.3324261621282885,0.37196559061070134,1.0254045749027216,0.27,1.0,0.26276458104759864,1.0,0.994227598637059,0.26276458104759864,69681.64162360138,288.15,0.8385412648334485,21.111405270119363,0.016486211271801755,3.8000000000000003,4.80069273550791
57950.0,9990.0,15.100000000000001,49.0,19.6,180.0,29.900000000000002,2195.0,29.900000000000002,14.350000000000001,94.60000000000001,1126.0,35.4,94.9,3579.657813682651,23.85758248349758,15.537410404569743,5.332426162128082,0.3719655906106869,1.0254045749027216,0.31,1.0,0.26298625658210456,1.0,0.994227598637059,0.26298625658210456,69681.64162360138,288.15,0.8385412648334485,21.111405270119132,0.016491495346197906,3.3000000000000003,4.800392721304709
58000.0,10020.0,15.4,50.0,19.900000000000002,180.0,30.1,2204.0,29.6,14.350000000000001,93.4,1125.0,35.7,94.30000000000001,3579.4341206637473,23.857582483497502,15.5364394709167,5.332426162127905,0.3719655906106745,1.0254045749027216,0.22,1.0,0.2632079044663261,1.0,0.994227598637059,0.2632079044663261,69681.64162360138,288.15,0.8385412648334485,21.111405270118937,0.016496778761063653,3.6,4.800092744492499
58050.0,10020.0,15.100000000000001,49.0,19.3,180.0,29.8,2201.0,30.1,14.3,95.7,1127.0,35.6,95.5,3579.2104555650494,23.857582483497442,15.53546865845051,5.3324261621277556,0.3719655906106641,1.0254045749027216,0.27,1.0,0.2634295246628436,1.0,0.994227598637059,0.2634295246628436,69681.64162360138,288.15,0.8385412648334485,21.111405270118766,0.016502061515509293,3.5,4.799792805121843
58100.0,10000.0,15.200000000000001,49.5,20.700000000000003,179.0,30.0,2199.0,29.900000000000002,14.5,94.4,1125.0,34.9,95.0,3578.9868184242123,23.857582483497378,15.534497967334618,5.332426162127624,0.371965590610655,1.0254045749027216,0.27,1.0,0.26365111713427475,1.0,0.994227598637059,0.26365111713427475,69681.64162360138,288.15,0.8385412648334485,21.111405270118624,0.016507343608645947,3.3000000000000003,4.799492903243237
58150.0,9990.0,15.200000000000001,50.5,20.0,180.0,29.900000000000002,2198.0,29.700000000000003,14.25,94.2,1128.0,35.0,94.80000000000001,3578.763209278869,23.857582483497335,15.533527397732383,5.332426162127514,0.37196559061064727,1.0254045749027216,0.26,1.0,0.26387268184327123,1.0,0.994227598637059,0.26387268184327123,69681.64162360138,288.15,0.8385412648334485,21.111405270118496,0.016512625039585584,3.9000000000000004,4.799193038907149
58200.0,9990.0,15.100000000000001,50.0,20.0,180.0,30.0,2203.0,30.0,14.450000000000001,94.60000000000001,1121.0,35.4,95.2,3578.539628166608,23.857582483497293,15.532556949806958,5.332426162127419,0.3719655906106406,1.0254045749027216,0.27,1.0,0.2640942187525208,1.0,0.994227598637059,0.2640942187525208,69681.64162360138,288.15,0.8385412648334485,21.11140527011839,0.016517905807441106,3.5,4.798893212163986
58250.0,9970.0,14.4,51.0,19.8,181.0,29.700000000000003,2196.0,30.200000000000003,14.350000000000001,94.9,1126.0,35.1,94.60000000000001,3578.3160751249843,23.85758248349726,15.531586623721363,5.332426162127338,0.37196559061063506,1.0254045749027219,0.24,1.0,0.26431572782474977,0.9999999999999997,0.9942275986370589,0.26431572782474977,69681.64162360138,288.15,0.8385412648334485,21.1114052701183,0.016523185911326163,3.9000000000000004,4.798593423064107
58300.0,10020.0,14.700000000000001,49.5,19.900000000000002,180.0,30.0,2202.0,30.0,14.350000000000001,96.10000000000001,1124.0,35.800000000000004,95.7,3578.0925501915185,23.857582483497236,15.53061641963845,5.33242616212727,0.3719655906106302,1.0254045749027216,0.29,1.0,0.2645372090227159,1.0,0.994227598637059,0.2645372090227159,69681.64162360138,288.15,0.8385412648334485,21.111405270118222,0.016528465350355383,3.1,4.79829367165783
58350.0,10000.0,14.9,50.0,19.6,181.0,30.200000000000003,2205.0,29.900000000000002,14.25,94.80000000000001,1130.0,35.2,95.2,3577.869053403687,23.857582483497207,15.529646337720898,5.332426162127208,0.37196559061062595,1.0254045749027216,0.26,1.0,0.26475866230921785,1.0,0.994227598637059,0.26475866230921785,69681.64162360138,288.15,0.8385412648334485,21.111405270118155,0.01653374412364418,3.5,4.797993957995413
58400.0,10010.0,15.0,50.0,20.200000000000003,180.0,30.1,2197.0,29.700000000000003,14.350000000000001,94.60000000000001,1124.0,35.300000000000004,95.4,3577.64558479894,23.857582483497183,15.52867637813126,5.332426162127157,0.37196559061062234,1.0254045749027216,0.31,1.0,0.26498008764708714,1.0,0.994227598637059,0.26498008764708714,69681.64162360138,288.15,0.8385412648334485,21.111405270118098,0.016539022230308856,3.9000000000000004,4.7976942821270745
58450.0,9980.0,14.700000000000001,50.0,20.0,180.0,29.900000000000002,2199.0,30.1,14.25,96.0,1126.0,35.6,94.60000000000001,3577.422144414685,23.857582483497158,15.527706541031904,5.3324261621271125,0.37196559061061923,1.0254045749027216,0.29,1.0,0.265201484999192,1.0,0.994227598637059,0.265201484999192,69681.64162360138,288.15,0.8385412648334485,21.11140527011805,0.01654429966946654,3.6,4.797394644102981
58500.0,10010.0,15.0,51.0,19.400000000000002,181.0,30.0,2196.0,30.6,14.450000000000001,93.30000000000001,1126.0,35.5,95.10000000000001,3577.1987322883006,23.857582483497143,15.526736826585072,5.332426162127074,0.3719655906106166,1.0254045749027216,0.32,1.0,0.26542285432843626,1.0,0.994227598637059,0.26542285432843626,69681.64162360138,288.15,0.8385412648334485,21.111405270118006,0.01654957644023527,3.9000000000000004,4.797095043973258
58550.0,10000.0,15.700000000000001,50.5,19.900000000000002,180.0,30.200000000000003,2197.0,29.900000000000002,14.3,94.80000000000001,1125.0,34.800000000000004,95.5,3576.975348457119,23.85758248349714,15.525767234952811,5.332426162127043,0.3719655906106144,1.0254045749027216,0.26,1.0,0.2656441955977606,1.0,0.994227598637059,0.2656441955977606,69681.64162360138,288.15,0.8385412648334485,21.11140527011797,0.016554852541733934,4.1000000000000005,4.796795481787965
58600.0,10000.0,15.4,50.5,20.5,180.0,30.0,2204.0,30.700000000000003,14.3,95.0,1126.0,35.5,94.9,3576.7519929584396,23.85758248349713,15.524797766297018,5.332426162127016,0.37196559061061246,1.0254045749027216,0.21,1.0,0.2658655087701415,1.0,0.994227598637059,0.2658655087701415,69681.64162360138,288.15,0.8385412648334485,21.111405270117938,0.016560127973082248,3.5,4.796495957597127
58650.0,10010.0,14.8,50.5,20.1,180.0,30.200000000000003,2203.0,30.1,14.4,94.7,1122.0,35.2,94.0,3576.5286658295267,23.85758248349711,15.523828420779434,5.332426162126991,0.3719655906106108,1.0254045749027216,0.29,1.0,0.26608679380859107,1.0,0.994227598637059,0.26608679380859107,69681.64162360138,288.15,0.8385412648334485,21.111405270117913,0.016565402733400805,3.8000000000000003,4.796196471450712
58700.0,10010.0,15.200000000000001,50.5,19.400000000000002,180.0,29.700000000000003,2199.0,30.5,14.4,94.9,1125.0,35.0,94.9,3576.3053671076136,23.857582483497108,15.522859198561678,5.332426162126972,0.3719655906106095,1.0254045749027219,0.3,1.0,0.26630805067615626,0.9999999999999997,0.9942275986370589,0.26630805067615626,69681.64162360138,288.15,0.8385412648334485,21.11140527011789,0.016570676821811074,3.7,4.795897023398653
58750.0,9980.0,15.100000000000001,49.0,20.3,179.0,29.8,2203.0,30.200000000000003,14.350000000000001,95.80000000000001,1128.0,35.1,95.10000000000001,3576.082096829886,23.857582483497097,15.52189009980515,5.3324261621269535,0.3719655906106082,1.0254045749027216,0.26,1.0,0.26652927933592185,1.0,0.994227598637059,0.26652927933592185,69681.64162360138,288.15,0.8385412648334485,21.11140527011787,0.016575950237435383,3.9000000000000004,4.795597613490814
58800.0,10000.0,15.100000000000001,49.5,20.0,180.0,29.8,2199.0,30.1,14.350000000000001,93.7,1125.0,35.2,94.9,3575.8588550335007,23.85758248349709,15.520921124671132,5.332426162126939,0.3719655906106072,1.0254045749027216,0.27,1.0,0.26675047975100835,1.0,0.994227598637059,0.26675047975100835,69681.64162360138,288.15,0.8385412648334485,21.111405270117853,0.0165812229793969,3.5,4.795298241777026
58850.0,9990.0,15.0,50.5,20.1,181.0,30.200000000000003,2206.0,30.400000000000002,14.450000000000001,93.80000000000001,1128.0,35.800000000000004,95.5,3575.635641755576,23.85758248349708,15.519952273320737,5.332426162126925,0.3719655906106062,1.0254045749027216,0.25,1.0,0.26697165188457134,1.0,0.994227598637059,0.26697165188457134,69681.64162360138,288.15,0.8385412648334485,21.11140527011784,0.016586495046819683,3.7,4.794998908307063
58900.0,10000.0,15.600000000000001,49.5,19.700000000000003,179.0,30.0,2209.0,30.0,14.350000000000001,94.80000000000001,1126.0,35.5,95.0,3575.412457033196,23.85758248349708,15.518983545914923,5.3324261621269144,0.37196559061060547,1.0254045749027216,0.25,1.0,0.26719279569980303,1.0,0.994227598637059,0.26719279569980303,69681.64162360138,288.15,0.8385412648334485,21.111405270117828,0.016591766438828634,3.6,4.794699613130657
58950.0,10010.0,15.3,50.5,20.1,180.0,30.200000000000003,2198.0,29.8,14.350000000000001,93.7,1127.0,35.7,94.4,3575.189300903403,23.85758248349708,15.518014942614478,5.332426162126906,0.37196559061060486,1.0254045749027216,0.28,1.0,0.2674139111599317,1.0,0.994227598637059,0.2674139111599317,69681.64162360138,288.15,0.8385412648334485,21.111405270117814,0.016597037154549486,3.4000000000000004,4.794400356297482
59000.0,9990.0,15.600000000000001,49.5,19.5,180.0,30.1,2203.0,30.6,14.3,94.10000000000001,1130.0,35.7,95.2,3574.966173403207,23.857582483497072,15.51704646358004,5.332426162126897,0.3719655906106042,1.0254045749027214,0.25,1.0,0.26763499822821973,0.9999999999999997,0.994227598637059,0.26763499822821973,69681.64162360138,288.15,0.8385412648334485,21.111405270117807,0.01660230719310893,3.9000000000000004,4.79410113785717
59050.0,10010.0,15.100000000000001,49.5,20.0,181.0,29.8,2197.0,29.8,14.3,94.5,1128.0,35.5,94.80000000000001,3574.743074569582,23.857582483497065,15.516078108972096,5.332426162126889,0.37196559061060364,1.0254045749027216,0.28,1.0,0.26785605686796987,1.0,0.994227598637059,0.26785605686796987,69681.64162360138,288.15,0.8385412648334485,21.111405270117796,0.016607576553634432,3.7,4.793801957859301
59100.0,9980.0,15.3,49.5,19.8,180.0,30.0,2202.0,30.0,14.3,95.4,1128.0,35.5,95.10000000000001,3574.5200044394614,23.857582483497062,15.515109878950954,5.332426162126882,0.37196559061060314,1.0254045749027214,0.25,1.0,0.26807708704251687,0.9999999999999997,0.994227598637059,0.26807708704251687,69681.64162360138,288.15,0.8385412648334485,21.111405270117793,0.016612845235254352,4.1000000000000005,4.793502816353407
59150.0,9990.0,15.100000000000001,50.0,19.900000000000002,180.0,29.8,2205.0,29.6,14.4,94.80000000000001,1125.0,35.6,94.60000000000001,3574.2969630497505,23.857582483497065,15.514141773676796,5.332426162126878,0.3719655906106029,1.0254045749027216,0.24,1.0,0.2682980887152334,1.0,0.994227598637059,0.2682980887152334,69681.64162360138,288.15,0.8385412648334485,21.111405270117785,0.016618113237097894,3.3000000000000003,4.793203713388976
59200.0,10010.0,15.200000000000001,50.0,19.8,180.0,29.900000000000002,2193.0,30.0,14.350000000000001,94.5,1130.0,35.1,94.4,3574.0739504373064,23.857582483497062,15.513173793309605,5.332426162126874,0.37196559061060264,1.0254045749027216,0.28,1.0,0.2685190618495268,1.0,0.994227598637059,0.2685190618495268,69681.64162360138,288.15,0.8385412648334485,21.111405270117782,0.01662338055829516,3.6,4.792904649015437
59250.0,9980.0,15.200000000000001,50.0,19.200000000000003,180.0,29.8,2198.0,29.6,14.350000000000001,95.5,1127.0,34.7,94.80000000000001,3573.8509666389573,23.85758248349706,15.512205938009235,5.33242616212687,0.3719655906106024,1.0254045749027216,0.27,1.0,0.26874000640884244,1.0,0.994227598637059,0.26874000640884244,69681.64162360138,288.15,0.8385412648334485,21.11140527011778,0.01662864719797707,3.3000000000000003,4.792605623282174
59300.0,10000.0,15.3,49.5,19.3,178.0,29.900000000000002,2199.0,29.8,14.3,94.80000000000001,1127.0,35.5,95.10000000000001,3573.628011691497,23.857582483497065,15.511238207935385,5.332426162126868,0.37196559061060225,1.0254045749027216,0.25,1.0,0.2689609223566591,1.0,0.994227598637059,0.2689609223566591,69681.64162360138,288.15,0.8385412648334485,21.111405270117775,0.01663391315527545,3.3000000000000003,4.792306636238531
59350.0,9990.0,14.8,49.0,19.8,181.0,30.200000000000003,2202.0,30.0,14.450000000000001,93.80000000000001,1124.0,35.800000000000004,94.7,3573.4050856316708,23.85758248349706,15.51027060324755,5.332426162126865,0.37196559061060197,1.0254045749027216,0.25,1.0,0.2691818096564939,1.0,0.994227598637059,0.2691818096564939,69681.64162360138,288.15,0.8385412648334485,21.11140527011777,0.016639178429322974,3.7,4.792007687933784
59400.0,9990.0,14.8,49.5,20.1,180.0,30.3,2199.0,29.900000000000002,14.450000000000001,95.0,1126.0,34.9,94.30000000000001,3573.1821884962037,23.85758248349706,15.509303124105132,5.332426162126863,0.37196559061060186,1.0254045749027216,0.24,1.0,0.2694026682718998,1.0,0.994227598637059,0.2694026682718998,69681.64162360138,288.15,0.8385412648334485,21.111405270117768,0.01664444301925316,3.6,4.7917087784171795
59450.0,9990.0,15.5,49.0,19.5,180.0,30.1,2190.0,29.5,14.3,95.2,1131.0,35.300000000000004,94.60000000000001,3572.959320321772,23.85758248349706,15.508335770667324,5.33242616212686,0.3719655906106017,1.0254045749027219,0.25,1.0,0.2696234981664637,0.9999999999999997,0.9942275986370589,0.2696234981664637,69681.64162360138,288.15,0.8385412648334485,21.111405270117764,0.01664970692420041,3.7,4.791409907737902
59500.0,10020.0,15.4,50.0,19.700000000000003,180.0,30.3,2198.0,29.5,14.3,94.2,1122.0,35.6,94.9,3572.7364811450225,23.85758248349706,15.50736854309319,5.332426162126859,0.3719655906106016,1.0254045749027214,0.33,1.0,0.2698442993038112,0.9999999999999997,0.994227598637059,0.2698442993038112,69681.64162360138,288.15,0.8385412648334485,21.111405270117764,0.0166549701433,3.2,4.791111075945098
59550.0,10010.0,15.3,50.5,19.6,179.0,30.0,2200.0,29.8,14.450000000000001,94.10000000000001,1121.0,35.4,94.9,3572.5136710025595,23.85758248349706,15.506401441541609,5.332426162126858,0.37196559061060147,1.0254045749027216,0.28,1.0,0.2700650716476027,1.0,0.994227598637059,0.2700650716476027,69681.64162360138,288.15,0.8385412648334485,21.111405270117764,0.016660232675688034,3.7,4.790812283087853
59600.0,10020.0,14.700000000000001,50.0,20.6,178.0,30.0,2205.0,30.400000000000002,14.4,94.80000000000001,1124.0,36.0,94.0,3572.2908899309555,23.85758248349706,15.505434466171328,5.332426162126857,0.3719655906106014,1.0254045749027216,0.24,1.0,0.27028581516153427,1.0,0.994227598637059,0.27028581516153427,69681.64162360138,288.15,0.8385412648334485,21.11140527011776,0.016665494520501534,3.7,4.79051352921521
59650.0,9990.0,15.100000000000001,50.0,20.700000000000003,180.0,29.900000000000002,2203.0,29.8,14.4,94.4,1127.0,34.9,93.5,3572.068137966743,23.85758248349706,15.50446761714091,5.332426162126856,0.37196559061060136,1.0254045749027216,0.23,1.0,0.27050652980933987,1.0,0.994227598637059,0.27050652980933987,69681.64162360138,288.15,0.8385412648334485,21.111405270117757,0.016670755676878313,4.0,4.790214814376163
59700.0,9990.0,15.200000000000001,49.5,19.900000000000002,180.0,30.3,2202.0,30.1,14.450000000000001,94.0,1129.0,35.800000000000004,95.0,3571.845415146421,23.857582483497055,15.503500894608782,5.332426162126854,0.37196559061060125,1.0254045749027216,0.27,1.0,0.2707272155547869,1.0,0.994227598637059,0.2707272155547869,69681.64162360138,288.15,0.8385412648334485,21.111405270117757,0.016676016143957088,3.5,4.789916138619653
59750.0,9990.0,14.8,49.5,20.1,180.0,30.1,2202.0,29.700000000000003,14.25,94.2,1124.0,35.2,95.4,3571.622721506451,23.85758248349705,15.502534298733204,5.332426162126852,0.37196559061060114,1.0254045749027219,0.23,1.0,0.27094787236167966,0.9999999999999997,0.9942275986370589,0.27094787236167966,69681.64162360138,288.15,0.8385412648334485,21.111405270117757,0.016681275920877474,4.1000000000000005,4.789617501994582
59800.0,10000.0,15.3,50.5,20.200000000000003,181.0,29.8,2199.0,29.700000000000003,14.200000000000001,93.9,1131.0,35.5,95.5,3571.4000570832573,23.85758248349705,15.501567829672268,5.332426162126852,0.37196559061060114,1.0254045749027219,0.33,1.0,0.27116850019386113,0.9999999999999997,0.9942275986370589,0.27116850019386113,69681.64162360138,288.15,0.8385412648334485,21.111405270117757,0.016686535006779912,4.3,4.78931890454979
59850.0,10020.0,15.700000000000001,50.0,20.1,180.0,30.0,2201.0,30.200000000000003,14.3,93.5,1127.0,35.300000000000004,94.2,3571.177421913227,23.85758248349705,15.50060148758392,5.332426162126852,0.37196559061060114,1.0254045749027219,0.27,1.0,0.27138909901520747,0.9999999999999997,0.9942275986370589,0.27138909901520747,69681.64162360138,288.15,0.8385412648334485,21.111405270117757,0.016691793400805698,3.5,4.789020346334076
59900.0,10010.0,15.0,50.5,20.1,180.0,30.0,2195.0,30.1,14.4,94.9,1123.0,35.0,94.30000000000001,3570.954816032712,23.85758248349705,15.49963527262594,5.332426162126852,0.37196559061060114,1.0254045749027219,0.31,1.0,0.2716096687896316,0.9999999999999997,0.9942275986370589,0.2716096687896316,69681.64162360138,288.15,0.8385412648334485,21.111405270117757,0.01669705110209701,3.6,4.788721827396188
59950.0,9990.0,14.600000000000001,49.5,19.700000000000003,181.0,30.200000000000003,2196.0,30.200000000000003,14.4,93.60000000000001,1126.0,35.7,94.60000000000001,3570.7322394780267,23.85758248349705,15.498669184955949,5.332426162126852,0.37196559061060114,1.0254045749027219,0.22,1.0,0.27183020948108266,0.9999999999999997,0.9942275986370589,0.27183020948108266,69681.64162360138,288.15,0.8385412648334485,21.111405270117757,0.01670230810979689,3.6,4.788423347784824
60000.0,10010.0,15.5,49.5,19.8,180.0,30.1,2200.0,30.200000000000003,14.25,94.5,1124.0,35.5,95.4,3570.5096922854486,23.85758248349705,15.497703224731412,5.332426162126852,0.37196559061060114,1.0254045749027219,0.23,1.0,0.2720507210535463,0.9999999999999997,0.9942275986370589,0.2720507210535463,69681.64162360138,288.15,0.8385412648334485,21.111405270117757,0.016707564423049236,3.5,4.7881249075486325
