time_ms,true_engine_rpm,true_cht_c,true_egt_c,true_oil_temp_c,true_oil_press_psi,true_afr,true_brake_power_kw,true_engine_torque_nm,true_vibration_g_rms,true_cooling_health,true_lubrication_health,true_injector_health,true_combustion_health,true_overall_health,active_fault_count,primary_fault,max_fault_severity,latent_fin_fouling_factor,latent_radiator_blockage_ratio,latent_coolant_leak_fraction,latent_bearing_clearance_wear,latent_pump_wear_factor,latent_viscosity_loss_ratio,latent_boundary_scuffing_severity,latent_clogging_fraction,latent_leakage_fraction,latent_misfire_fraction,latent_timing_retard_deg
0,1981.9810353980279,85.02716963323263,1126.85,78.08883771234281,49.413345866187605,14.335804968877344,2.6212574378923086,12.629366403796405,0.22524562743482907,1.0,0.5448371780123372,0.9999999999999997,0.9942275986370589,0.5448371780123372,0,nominal,0.0,0.0,0.0,0.0,0.0,0.0,0.0,0.0,0.0,0.0,0.0,0.0
50,1981.9810353980279,85.01826412660466,1126.85,78.0840832227961,49.420147504501195,14.335804968877344,2.6211354132944553,12.628778482391095,0.22524562743482907,1.0,0.5449711655648347,0.9999999999999997,0.9942275986370589,0.5449711655648347,0,nominal,0.0,0.0,0.0,0.0,0.0,0.0,0.0,0.0,0.0,0.0,0.0,0.0
100,1981.9810353980279,85.00936140343805,1126.85,78.07933006731884,49.42694852784298,14.335804968877344,2.6210133993371167,12.628190612252387,0.22524562743482907,1.0,0.5451051410028146,0.9999999999999997,0.9942275986370589,0.5451051410028146,0,nominal,0.0,0.0,0.0,0.0,0.0,0.0,0.0,0.0,0.0,0.0,0.0,0.0
150,1981.9810353980279,85.00046146286672,1126.85,78.07457824576358,49.43374893559797,14.335804968877344,2.620891396030694,12.627602793430391,0.22524562743482907,1.0,0.5452391043141618,0.9999999999999997,0.9942275986370589,0.5452391043141618,0,nominal,0.0,0.0,0.0,0.0,0.0,0.0,0.0,0.0,0.0,0.0,0.0,0.0
200,1981.9810353980279,84.99156430402485,1126.85,78.06982775798264,49.4405487271517,14.335804968877344,2.620769403385578,12.627015025975174,0.22524562743482907,1.0,0.5453730554867722,0.9999999999999997,0.9942275986370589,0.5453730554867722,0,nominal,0.0,0.0,0.0,0.0,0.0,0.0,0.0,0.0,0.0,0.0,0.0,0.0
250,1981.9810353980279,84.98266992604698,1126.85,78.06507860382823,49.44734790188982,14.335804968877344,2.6206474214121553,12.62642730993678,0.22524562743482907,1.0,0.5455069945085432,0.9999999999999997,0.9942275986370589,0.5455069945085432,0,nominal,0.0,0.0,0.0,0.0,0.0,0.0,0.0,0.0,0.0,0.0,0.0,0.0
300,1981.9810353980279,84.97377832806791,1126.85,78.06033078315221,49.45414645919823,14.335804968877344,2.620525450120809,12.625839645365229,0.22524562743482907,1.0,0.5456409213673776,0.9999999999999997,0.9942275986370589,0.5456409213673776,0,nominal,0.0,0.0,0.0,0.0,0.0,0.0,0.0,0.0,0.0,0.0,0.0,0.0
350,1981.9810353980279,84.96488950922276,1126.85,78.05558429580628,49.46094439846336,14.335804968877344,2.62040348952191,12.625252032310499,0.22524562743482907,1.0,0.5457748360511887,0.9999999999999997,0.9942275986370589,0.5457748360511887,0,nominal,0.0,0.0,0.0,0.0,0.0,0.0,0.0,0.0,0.0,0.0,0.0,0.0
400,1981.9810353980279,84.95600346864683,1126.85,78.05083914164197,49.46774171907176,14.335804968877344,2.620281539625828,12.624664470822541,0.22524562743482907,1.0,0.5459087385478915,0.9999999999999997,0.9942275986370589,0.5459087385478915,0,nominal,0.0,0.0,0.0,0.0,0.0,0.0,0.0,0.0,0.0,0.0,0.0,0.0
450,1981.9810353980279,84.94712020547587,1126.85,78.04609532051052,49.474538420410234,14.335804968877344,2.6201596004429257,12.62407696095129,0.22524562743482907,1.0,0.5460426288454068,0.9999999999999997,0.9942275986370589,0.5460426288454068,0,nominal,0.0,0.0,0.0,0.0,0.0,0.0,0.0,0.0,0.0,0.0,0.0,0.0
500,1981.9810353980279,84.93823971884581,1126.85,78.04135283226293,49.481334501865994,14.335804968877344,2.6200376719835576,12.623489502746633,0.22524562743482907,1.0,0.546176506931663,0.9999999999999997,0.9942275986370589,0.546176506931663,0,nominal,0.0,0.0,0.0,0.0,0.0,0.0,0.0,0.0,0.0,0.0,0.0,0.0
550,1981.9810353980279,84.9293620078929,1126.85,78.03661167675006,49.48812996282663,14.335804968877344,2.6199157542580727,12.62290209625843,0.22524562743482907,1.0,0.5463103727945962,0.9999999999999997,0.9942275986370589,0.5463103727945962,0,nominal,0.0,0.0,0.0,0.0,0.0,0.0,0.0,0.0,0.0,0.0,0.0,0.0
600,1981.9810353980279,84.92048707175366,1126.85,78.03187185382245,49.49492480267985,14.335804968877344,2.6197938472768145,12.622314741536519,0.22524562743482907,1.0,0.5464442264221442,0.9999999999999997,0.9942275986370589,0.5464442264221442,0,nominal,0.0,0.0,0.0,0.0,0.0,0.0,0.0,0.0,0.0,0.0,0.0,0.0
650,1981.9810353980279,84.91161490956495,1126.85,78.02713336333056,49.50171902081374,14.335804968877344,2.6196719510501207,12.621727438630707,0.22524562743482907,1.0,0.5465780678022533,0.9999999999999997,0.9942275986370589,0.5465780678022533,0,nominal,0.0,0.0,0.0,0.0,0.0,0.0,0.0,0.0,0.0,0.0,0.0,0.0
700,1981.9810353980279,84.9027455204639,1126.85,78.0223962051245,49.50851261661665,14.335804968877344,2.6195500655883217,12.621140187590765,0.22524562743482907,1.0,0.546711896922874,0.9999999999999997,0.9942275986370589,0.546711896922874,0,nominal,0.0,0.0,0.0,0.0,0.0,0.0,0.0,0.0,0.0,0.0,0.0,0.0
750,1981.9810353980279,84.8938789035879,1126.85,78.01766037905423,49.51530558947737,14.335804968877344,2.619428190901739,12.620552988466425,0.22524562743482907,1.0,0.5468457137719663,0.9999999999999997,0.9942275986370589,0.5468457137719663,0,nominal,0.0,0.0,0.0,0.0,0.0,0.0,0.0,0.0,0.0,0.0,0.0,0.0
800,1981.9810353980279,84.88501505807466,1126.85,78.01292588496955,49.522097938784796,14.335804968877344,2.6193063270006944,12.619965841307417,0.22524562743482907,1.0,0.5469795183374916,0.9999999999999997,0.9942275986370589,0.5469795183374916,0,nominal,0.0,0.0,0.0,0.0,0.0,0.0,0.0,0.0,0.0,0.0,0.0,0.0
850,1981.9810353980279,84.87615398306218,1126.85,78.00819272271985,49.52888966392813,14.335804968877344,2.6191844738955004,12.619378746163427,0.22524562743482907,1.0,0.5471133106074174,0.9999999999999997,0.9942275986370589,0.5471133106074174,0,nominal,0.0,0.0,0.0,0.0,0.0,0.0,0.0,0.0,0.0,0.0,0.0,0.0
900,1981.9810353980279,84.86729567768873,1126.85,78.00346089215452,49.53568076429714,14.335804968877344,2.6190626315964587,12.618791703084089,0.22524562743482907,1.0,0.547247090569723,0.9999999999999997,0.9942275986370589,0.547247090569723,0,nominal,0.0,0.0,0.0,0.0,0.0,0.0,0.0,0.0,0.0,0.0,0.0,0.0
950,1981.9810353980279,84.8584401410929,1126.85,77.99873039312263,49.54247123928154,14.335804968877344,2.618940800113872,12.61820471211904,0.22524562743482907,1.0,0.5473808582123858,0.9999999999999997,0.9942275986370589,0.5473808582123858,0,nominal,0.0,0.0,0.0,0.0,0.0,0.0,0.0,0.0,0.0,0.0,0.0,0.0
1000,1981.9810353980279,84.84958737241351,1126.85,77.99400122547303,49.549261088271514,14.335804968877344,2.6188189794580343,12.617617773317882,0.22524562743482907,1.0,0.5475146135233931,0.9999999999999997,0.9942275986370589,0.5475146135233931,0,nominal,0.0,0.0,0.0,0.0,0.0,0.0,0.0,0.0,0.0,0.0,0.0,0.0
1050,1981.9810353980279,84.84073737078972,1126.85,77.98927338905435,49.556050310657575,14.335804968877344,2.6186971696392307,12.617030886730166,0.22524562743482907,1.0,0.5476483564907385,0.9999999999999997,0.9942275986370589,0.5476483564907385,0,nominal,0.0,0.0,0.0,0.0,0.0,0.0,0.0,0.0,0.0,0.0,0.0,0.0
1100,1981.9810353980279,84.831890135361,1126.85,77.98454688371504,49.562838905830525,14.335804968877344,2.6185753706677426,12.616444052405427,0.22524562743482907,1.0,0.5477820871024209,0.9999999999999997,0.9942275986370589,0.5477820871024209,0,nominal,0.0,0.0,0.0,0.0,0.0,0.0,0.0,0.0,0.0,0.0,0.0,0.0
1150,1981.9810353980279,84.82304566526705,1126.85,77.97982170930334,49.56962687318138,14.335804968877344,2.618453582553843,12.615857270393168,0.22524562743482907,1.0,0.5479158053464439,0.9999999999999997,0.9942275986370589,0.5479158053464439,0,nominal,0.0,0.0,0.0,0.0,0.0,0.0,0.0,0.0,0.0,0.0,0.0,0.0
1200,1981.9810353980279,84.81420395964795,1126.85,77.97509786566718,49.57641421210149,14.335804968877344,2.6183318053078035,12.615270540742868,0.22524562743482907,1.0,0.5480495112108178,0.9999999999999997,0.9942275986370589,0.5480495112108178,0,nominal,0.0,0.0,0.0,0.0,0.0,0.0,0.0,0.0,0.0,0.0,0.0,0.0
1250,1981.9810353980279,84.80536501764396,1126.85,77.9703753526544,49.58320092198261,14.335804968877344,2.6182100389398832,12.614683863503961,0.22524562743482907,1.0,0.54818320468356,0.9999999999999997,0.9942275986370589,0.54818320468356,0,nominal,0.0,0.0,0.0,0.0,0.0,0.0,0.0,0.0,0.0,0.0,0.0,0.0
1300,1981.9810353980279,84.79652883839566,1126.85,77.9656541701126,49.58998700221664,14.335804968877344,2.61808828346034,12.61409723872587,0.22524562743482907,1.0,0.5483168857526919,0.9999999999999997,0.9942275986370589,0.5483168857526919,0,nominal,0.0,0.0,0.0,0.0,0.0,0.0,0.0,0.0,0.0,0.0,0.0,0.0
1350,1981.9810353980279,84.78769542104396,1126.85,77.9609343178891,49.59677245219579,14.335804968877344,2.617966538879423,12.613510666457975,0.22524562743482907,1.0,0.5484505544062402,0.9999999999999997,0.9942275986370589,0.5484505544062402,0,nominal,0.0,0.0,0.0,0.0,0.0,0.0,0.0,0.0,0.0,0.0,0.0,0.0
1400,1981.9810353980279,84.77886476473003,1126.85,77.95621579583104,49.603557271312674,14.335804968877344,2.6178448052073753,12.612924146749632,0.22524562743482907,1.0,0.5485842106322398,0.9999999999999997,0.9942275986370589,0.5485842106322398,0,nominal,0.0,0.0,0.0,0.0,0.0,0.0,0.0,0.0,0.0,0.0,0.0,0.0
1450,1981.9810353980279,84.7700368685953,1126.85,77.95149860378535,49.610341458960136,14.335804968877344,2.617723082454435,12.612337679650162,0.22524562743482907,1.0,0.5487178544187303,0.9999999999999997,0.9942275986370589,0.5487178544187303,0,nominal,0.0,0.0,0.0,0.0,0.0,0.0,0.0,0.0,0.0,0.0,0.0,0.0
1500,1981.9810353980279,84.76121173178154,1126.85,77.94678274159872,49.61712501453139,14.335804968877344,2.6176013706308314,12.611751265208854,0.22524562743482907,1.0,0.5488514857537582,0.9999999999999997,0.9942275986370589,0.5488514857537582,0,nominal,0.0,0.0,0.0,0.0,0.0,0.0,0.0,0.0,0.0,0.0,0.0,0.0
1550,1981.9810353980279,84.75238935343083,1126.85,77.94206820911774,49.6239079374199,14.335804968877344,2.617479669746788,12.611164903474968,0.22524562743482907,1.0,0.5489851046253754,0.9999999999999997,0.9942275986370589,0.5489851046253754,0,nominal,0.0,0.0,0.0,0.0,0.0,0.0,0.0,0.0,0.0,0.0,0.0,0.0
1600,1981.9810353980279,84.74356973268544,1126.85,77.93735500618862,49.630690227019294,14.335804968877344,2.6173579798125273,12.61057859449775,0.22524562743482907,1.0,0.5491187110216367,0.9999999999999997,0.9942275986370589,0.5491187110216367,0,nominal,0.0,0.0,0.0,0.0,0.0,0.0,0.0,0.0,0.0,0.0,0.0,0.0
1650,1981.9810353980279,84.73475286868796,1126.85,77.93264313265746,49.63747188272368,14.335804968877344,2.6172363008382598,12.6099923383264,0.22524562743482907,1.0,0.5492523049306065,0.9999999999999997,0.9942275986370589,0.5492523049306065,0,nominal,0.0,0.0,0.0,0.0,0.0,0.0,0.0,0.0,0.0,0.0,0.0,0.0
1700,1981.9810353980279,84.72593876058136,1126.85,77.92793258837014,49.64425290392748,14.335804968877344,2.6171146328341903,12.609406135010083,0.22524562743482907,1.0,0.5493858863403551,0.9999999999999997,0.9942275986370589,0.5493858863403551,0,nominal,0.0,0.0,0.0,0.0,0.0,0.0,0.0,0.0,0.0,0.0,0.0,0.0
1750,1981.9810353980279,84.71712740750877,1126.85,77.92322337317228,49.65103329002525,14.335804968877344,2.6169929758105197,12.608819984597949,0.22524562743482907,1.0,0.5495194552389558,0.9999999999999997,0.9942275986370589,0.5495194552389558,0,nominal,0.0,0.0,0.0,0.0,0.0,0.0,0.0,0.0,0.0,0.0,0.0,0.0
1800,1981.9810353980279,84.70831880861368,1126.85,77.91851548690937,49.657813040411966,14.335804968877344,2.6168713297774406,12.608233887139106,0.22524562743482907,1.0,0.5496530116144905,0.9999999999999997,0.9942275986370589,0.5496530116144905,0,nominal,0.0,0.0,0.0,0.0,0.0,0.0,0.0,0.0,0.0,0.0,0.0,0.0
1850,1981.9810353980279,84.69951296303987,1126.85,77.91380892942658,49.66459215448288,14.335804968877344,2.616749694745141,12.607647842682638,0.22524562743482907,1.0,0.5497865554550455,0.9999999999999997,0.9942275986370589,0.5497865554550455,0,nominal,0.0,0.0,0.0,0.0,0.0,0.0,0.0,0.0,0.0,0.0,0.0,0.0
1900,1981.9810353980279,84.69070986993137,1126.85,77.90910370056895,49.67137063163355,14.335804968877344,2.616628070723801,12.607061851277598,0.22524562743482907,1.0,0.5499200867487137,0.9999999999999997,0.9942275986370589,0.5499200867487137,0,nominal,0.0,0.0,0.0,0.0,0.0,0.0,0.0,0.0,0.0,0.0,0.0,0.0
1950,1981.9810353980279,84.68190952843253,1126.85,77.9043998001813,49.678148471259874,14.335804968877344,2.6165064577235952,12.606475912973002,0.22524562743482907,1.0,0.550053605483595,0.9999999999999997,0.9942275986370589,0.550053605483595,0,nominal,0.0,0.0,0.0,0.0,0.0,0.0,0.0,0.0,0.0,0.0,0.0,0.0
2000,1981.9810353980279,84.67311193768796,1126.85,77.89969722810821,49.68492567275786,14.335804968877344,2.6163848557546934,12.605890027817853,0.22524562743482907,1.0,0.5501871116477913,0.9999999999999997,0.9942275986370589,0.5501871116477913,0,nominal,0.0,0.0,0.0,0.0,0.0,0.0,0.0,0.0,0.0,0.0,0.0,0.0
2050,1981.9810353980279,84.66431709684264,1126.85,77.89499598419411,49.69170223552398,14.335804968877344,2.6162632648272584,12.605304195861116,0.22524562743482907,1.0,0.5503206052294131,0.9999999999999997,0.9942275986370589,0.5503206052294131,0,nominal,0.0,0.0,0.0,0.0,0.0,0.0,0.0,0.0,0.0,0.0,0.0,0.0
2100,1981.9810353980279,84.65552500504168,1126.85,77.89029606828313,49.698478158954984,14.335804968877344,2.6161416849514434,12.604718417151707,0.22524562743482907,1.0,0.5504540862165771,0.9999999999999997,0.9942275986370589,0.5504540862165771,0,nominal,0.0,0.0,0.0,0.0,0.0,0.0,0.0,0.0,0.0,0.0,0.0,0.0
2150,1981.9810353980279,84.64673566143057,1126.85,77.88559748021925,49.70525344244791,14.335804968877344,2.6160201161374013,12.604132691738545,0.22524562743482907,1.0,0.5505875545974053,0.9999999999999997,0.9942275986370589,0.5505875545974053,0,nominal,0.0,0.0,0.0,0.0,0.0,0.0,0.0,0.0,0.0,0.0,0.0,0.0
2200,1981.9810353980279,84.63794906515511,1126.85,77.88090021984618,49.71202808540011,14.335804968877344,2.615898558395273,12.60354701967049,0.22524562743482907,1.0,0.5507210103600256,0.9999999999999997,0.9942275986370589,0.5507210103600256,0,nominal,0.0,0.0,0.0,0.0,0.0,0.0,0.0,0.0,0.0,0.0,0.0,0.0
2250,1981.9810353980279,84.62916521536135,1126.85,77.87620428700751,49.71880208720923,14.335804968877344,2.6157770117351964,12.602961400996387,0.22524562743482907,1.0,0.5508544534925726,0.9999999999999997,0.9942275986370589,0.5508544534925726,0,nominal,0.0,0.0,0.0,0.0,0.0,0.0,0.0,0.0,0.0,0.0,0.0,0.0
2300,1981.9810353980279,84.62038411119562,1126.85,77.87150968154657,49.72557544727317,14.335804968877344,2.615655476167303,12.602375835765047,0.22524562743482907,1.0,0.5509878839831852,0.9999999999999997,0.9942275986370589,0.5509878839831852,0,nominal,0.0,0.0,0.0,0.0,0.0,0.0,0.0,0.0,0.0,0.0,0.0,0.0
2350,1981.9810353980279,84.61160575180457,1126.85,77.86681640330647,49.73234816499015,14.335804968877344,2.6155339517017175,12.601790324025252,0.22524562743482907,1.0,0.5511213018200084,0.9999999999999997,0.9942275986370589,0.5511213018200084,0,nominal,0.0,0.0,0.0,0.0,0.0,0.0,0.0,0.0,0.0,0.0,0.0,0.0
2400,1981.9810353980279,84.60283013633511,1126.85,77.86212445213016,49.73912023975875,14.335804968877344,2.615412438348558,12.601204865825755,0.22524562743482907,1.0,0.5512547069911952,0.9999999999999997,0.9942275986370589,0.5512547069911952,0,nominal,0.0,0.0,0.0,0.0,0.0,0.0,0.0,0.0,0.0,0.0,0.0,0.0
2450,1981.9810353980279,84.59405726393442,1126.85,77.85743382786035,49.74589167097769,14.335804968877344,2.6152909361179364,12.600619461215276,0.22524562743482907,1.0,0.5513880994849003,0.9999999999999997,0.9942275986370589,0.5513880994849003,0,nominal,0.0,0.0,0.0,0.0,0.0,0.0,0.0,0.0,0.0,0.0,0.0,0.0
2500,1981.9810353980279,84.58528713375,1126.85,77.85274453033952,49.752662458046125,14.335804968877344,2.6151694450199603,12.600034110242511,0.22524562743482907,1.0,0.5515214792892877,0.9999999999999997,0.9942275986370589,0.5515214792892877,0,nominal,0.0,0.0,0.0,0.0,0.0,0.0,0.0,0.0,0.0,0.0,0.0,0.0
2550,1981.9810353980279,84.57651974492961,1126.85,77.84805655940994,49.75943260036349,14.335804968877344,2.6150479650647287,12.599448812956116,0.22524562743482907,1.0,0.5516548463925267,0.9999999999999997,0.9942275986370589,0.5516548463925267,0,nominal,0.0,0.0,0.0,0.0,0.0,0.0,0.0,0.0,0.0,0.0,0.0,0.0
2600,1981.9810353980279,84.56775509662134,1126.85,77.84336991491375,49.76620209732955,14.335804968877344,2.614926496262334,12.59886356940472,0.22524562743482907,1.0,0.5517882007827931,0.9999999999999997,0.9942275986370589,0.5517882007827931,0,nominal,0.0,0.0,0.0,0.0,0.0,0.0,0.0,0.0,0.0,0.0,0.0,0.0
2650,1981.9810353980279,84.5589931879735,1126.85,77.83868459669281,49.772970948344266,14.335804968877344,2.614805038622863,12.598278379636925,0.22524562743482907,1.0,0.5519215424482664,0.9999999999999997,0.9942275986370589,0.5519215424482664,0,nominal,0.0,0.0,0.0,0.0,0.0,0.0,0.0,0.0,0.0,0.0,0.0,0.0
2700,1981.9810353980279,84.55023401813474,1126.85,77.83400060458877,49.779739152807885,14.335804968877344,2.6146835921564007,12.597693243701313,0.22524562743482907,1.0,0.552054871377132,0.9999999999999997,0.9942275986370589,0.552054871377132,0,nominal,0.0,0.0,0.0,0.0,0.0,0.0,0.0,0.0,0.0,0.0,0.0,0.0
2750,1981.9810353980279,84.54147758625396,1126.85,77.82931793844313,49.78650671012118,14.335804968877344,2.6145621568730166,12.597108161646405,0.22524562743482907,1.0,0.5521881875575856,0.9999999999999997,0.9942275986370589,0.5521881875575856,0,nominal,0.0,0.0,0.0,0.0,0.0,0.0,0.0,0.0,0.0,0.0,0.0,0.0
2800,1981.9810353980279,84.53272389148032,1126.85,77.82463659809713,49.79327361968494,14.335804968877344,2.614440732782783,12.596523133520726,0.22524562743482907,1.0,0.5523214909778229,0.9999999999999997,0.9942275986370589,0.5523214909778229,0,nominal,0.0,0.0,0.0,0.0,0.0,0.0,0.0,0.0,0.0,0.0,0.0,0.0
2850,1981.9810353980279,84.52397293296332,1126.85,77.81995658339184,49.800039880900336,14.335804968877344,2.6143193198957606,12.595938159372754,0.22524562743482907,1.0,0.5524547816260479,0.9999999999999997,0.9942275986370589,0.5524547816260479,0,nominal,0.0,0.0,0.0,0.0,0.0,0.0,0.0,0.0,0.0,0.0,0.0,0.0
2900,1981.9810353980279,84.51522470985276,1126.85,77.81527789416805,49.806805493168966,14.335804968877344,2.614197918222006,12.595353239250937,0.22524562743482907,1.0,0.552588059490472,0.9999999999999997,0.9942275986370589,0.552588059490472,0,nominal,0.0,0.0,0.0,0.0,0.0,0.0,0.0,0.0,0.0,0.0,0.0,0.0
2950,1981.9810353980279,84.50647922129866,1126.85,77.81060053026647,49.813570455892645,14.335804968877344,2.6140765277715663,12.594768373203689,0.22524562743482907,1.0,0.5527213245593114,0.9999999999999997,0.9942275986370589,0.5527213245593114,0,nominal,0.0,0.0,0.0,0.0,0.0,0.0,0.0,0.0,0.0,0.0,0.0,0.0
3000,1981.9810353980279,84.49773646645139,1126.85,77.80592449152749,49.820334768473366,14.335804968877344,2.6139551485544885,12.594183561279412,0.22524562743482907,1.0,0.5528545768207861,0.9999999999999997,0.9942275986370589,0.5528545768207861,0,nominal,0.0,0.0,0.0,0.0,0.0,0.0,0.0,0.0,0.0,0.0,0.0,0.0
3050,1981.9810353980279,84.48899644446152,1126.85,77.80124977779133,49.827098430313654,14.335804968877344,2.613833780580807,12.593598803526453,0.22524562743482907,1.0,0.552987816263126,0.9999999999999997,0.9942275986370589,0.552987816263126,0,nominal,0.0,0.0,0.0,0.0,0.0,0.0,0.0,0.0,0.0,0.0,0.0,0.0
3100,1981.9810353980279,84.48025915448,1126.85,77.79657638889807,49.83386144081615,14.335804968877344,2.613712423860554,12.593014099993146,0.22524562743482907,1.0,0.5531210428745635,0.9999999999999997,0.9942275986370589,0.5531210428745635,0,nominal,0.0,0.0,0.0,0.0,0.0,0.0,0.0,0.0,0.0,0.0,0.0,0.0
3150,1981.9810353980279,84.47152459565797,1126.85,77.7919043246875,49.84062379938377,14.335804968877344,2.613591078403755,12.5924294507278,0.22524562743482907,1.0,0.5532542566433366,0.9999999999999997,0.9942275986370589,0.5532542566433366,0,nominal,0.0,0.0,0.0,0.0,0.0,0.0,0.0,0.0,0.0,0.0,0.0,0.0
3200,1981.9810353980279,84.46279276714694,1126.85,77.78723358499923,49.84738550541993,14.335804968877344,2.613469744220426,12.591844855778666,0.22524562743482907,1.0,0.5533874575576931,0.9999999999999997,0.9942275986370589,0.5533874575576931,0,nominal,0.0,0.0,0.0,0.0,0.0,0.0,0.0,0.0,0.0,0.0,0.0,0.0
3250,1981.9810353980279,84.45406366809863,1126.85,77.78256416967264,49.8541465583281,14.335804968877344,2.613348421320582,12.591260315194003,0.22524562743482907,1.0,0.5535206456058815,0.9999999999999997,0.9942275986370589,0.5535206456058815,0,nominal,0.0,0.0,0.0,0.0,0.0,0.0,0.0,0.0,0.0,0.0,0.0,0.0
3300,1981.9810353980279,84.4453372976651,1126.85,77.77789607854697,49.86090695751233,14.335804968877344,2.6132271097142254,12.590675829021999,0.22524562743482907,1.0,0.5536538207761622,0.9999999999999997,0.9942275986370589,0.5536538207761622,0,nominal,0.0,0.0,0.0,0.0,0.0,0.0,0.0,0.0,0.0,0.0,0.0,0.0
3350,1981.9810353980279,84.43661365499872,1126.85,77.77322931146125,49.86766670237667,14.335804968877344,2.6131058094113584,12.590091397310845,0.22524562743482907,1.0,0.5537869830567955,0.9999999999999997,0.9942275986370589,0.5537869830567955,0,nominal,0.0,0.0,0.0,0.0,0.0,0.0,0.0,0.0,0.0,0.0,0.0,0.0
3400,1981.9810353980279,84.427892739252,1126.85,77.76856386825426,49.874425792325596,14.335804968877344,2.6129845204219735,12.58950702010869,0.22524562743482907,1.0,0.5539201324360499,0.9999999999999997,0.9942275986370589,0.5539201324360499,0,nominal,0.0,0.0,0.0,0.0,0.0,0.0,0.0,0.0,0.0,0.0,0.0,0.0
3450,1981.9810353980279,84.41917454957792,1126.85,77.76389974876457,49.88118422676397,14.335804968877344,2.6128632427560583,12.58892269746365,0.22524562743482907,1.0,0.5540532689022013,0.9999999999999997,0.9942275986370589,0.5540532689022013,0,nominal,0.0,0.0,0.0,0.0,0.0,0.0,0.0,0.0,0.0,0.0,0.0,0.0
3500,1981.9810353980279,84.41045908512962,1126.85,77.75923695283058,49.8879420050968,14.335804968877344,2.612741976423593,12.58833842942381,0.22524562743482907,1.0,0.554186392443529,0.9999999999999997,0.9942275986370589,0.554186392443529,0,nominal,0.0,0.0,0.0,0.0,0.0,0.0,0.0,0.0,0.0,0.0,0.0,0.0
3550,1981.9810353980279,84.40174634506053,1126.85,77.7545754802905,49.89469912672956,14.335804968877344,2.6126207214345514,12.587754216037228,0.22524562743482907,1.0,0.5543195030483214,0.9999999999999997,0.9942275986370589,0.5543195030483214,0,nominal,0.0,0.0,0.0,0.0,0.0,0.0,0.0,0.0,0.0,0.0,0.0,0.0
3600,1981.9810353980279,84.39303632852437,1126.85,77.74991533098233,49.90145559106782,14.335804968877344,2.6124994777989023,12.587170057351932,0.22524562743482907,1.0,0.5544526007048686,0.9999999999999997,0.9942275986370589,0.5544526007048686,0,nominal,0.0,0.0,0.0,0.0,0.0,0.0,0.0,0.0,0.0,0.0,0.0,0.0
3650,1981.9810353980279,84.3843290346752,1126.85,77.74525650474385,49.908211397517555,14.335804968877344,2.6123782455266102,12.586585953415932,0.22524562743482907,1.0,0.5545856854014684,0.9999999999999997,0.9942275986370589,0.5545856854014684,0,nominal,0.0,0.0,0.0,0.0,0.0,0.0,0.0,0.0,0.0,0.0,0.0,0.0
3700,1981.9810353980279,84.3756244626673,1126.85,77.74059900141259,49.91496654548508,14.335804968877344,2.6122570246276267,12.586001904277177,0.22524562743482907,1.0,0.5547187571264258,0.9999999999999997,0.9942275986370589,0.5547187571264258,0,nominal,0.0,0.0,0.0,0.0,0.0,0.0,0.0,0.0,0.0,0.0,0.0,0.0
3750,1981.9810353980279,84.3669226116553,1126.85,77.73594282082598,49.92172103437697,14.335804968877344,2.612135815111904,12.585417909983613,0.22524562743482907,1.0,0.554851815868051,0.9999999999999997,0.9942275986370589,0.554851815868051,0,nominal,0.0,0.0,0.0,0.0,0.0,0.0,0.0,0.0,0.0,0.0,0.0,0.0
3800,1981.9810353980279,84.35822348079404,1126.85,77.73128796282123,49.92847486360009,14.335804968877344,2.6120146169893834,12.58483397058314,0.22524562743482907,1.0,0.5549848616146592,0.9999999999999997,0.9942275986370589,0.5549848616146592,0,nominal,0.0,0.0,0.0,0.0,0.0,0.0,0.0,0.0,0.0,0.0,0.0,0.0
3850,1981.9810353980279,84.34952706923866,1126.85,77.7266344272353,49.93522803256154,14.335804968877344,2.6118934302700034,12.584250086123646,0.22524562743482907,1.0,0.555117894354571,0.9999999999999997,0.9942275986370589,0.555117894354571,0,nominal,0.0,0.0,0.0,0.0,0.0,0.0,0.0,0.0,0.0,0.0,0.0,0.0
3900,1981.9810353980279,84.34083337614459,1126.85,77.72198221390494,49.94198054066877,14.335804968877344,2.611772254963695,12.583666256652972,0.22524562743482907,1.0,0.5552509140761137,0.9999999999999997,0.9942275986370589,0.5552509140761137,0,nominal,0.0,0.0,0.0,0.0,0.0,0.0,0.0,0.0,0.0,0.0,0.0,0.0
3950,1981.9810353980279,84.33214240066758,1126.85,77.71733132266678,49.94873238732961,14.335804968877344,2.6116510910803807,12.583082482218932,0.22524562743482907,1.0,0.5553839207676216,0.9999999999999997,0.9942275986370589,0.5553839207676216,0,nominal,0.0,0.0,0.0,0.0,0.0,0.0,0.0,0.0,0.0,0.0,0.0,0.0
4000,1981.9810353980279,84.32345414196362,1126.85,77.71268175335717,49.95548357195206,14.335804968877344,2.611529938629981,12.582498762869317,0.22524562743482907,1.0,0.5555169144174327,0.9999999999999997,0.9942275986370589,0.5555169144174327,0,nominal,0.0,0.0,0.0,0.0,0.0,0.0,0.0,0.0,0.0,0.0,0.0,0.0
4050,1981.9810353980279,84.31476859918894,1126.85,77.7080335058123,49.962234093944495,14.335804968877344,2.6114087976224054,12.581915098651878,0.22524562743482907,1.0,0.5556498950138927,0.9999999999999997,0.9942275986370589,0.5556498950138927,0,nominal,0.0,0.0,0.0,0.0,0.0,0.0,0.0,0.0,0.0,0.0,0.0,0.0
4100,1981.9810353980279,84.30608577150014,1126.85,77.7033865798681,49.96898395271557,14.335804968877344,2.6112876680675603,12.58133148961434,0.22524562743482907,1.0,0.5557828625453523,0.9999999999999997,0.9942275986370589,0.5557828625453523,0,nominal,0.0,0.0,0.0,0.0,0.0,0.0,0.0,0.0,0.0,0.0,0.0,0.0
4150,1981.9810353980279,84.29740565805406,1126.85,77.69874097536041,49.97573314767421,14.335804968877344,2.611166549975345,12.580747935804402,0.22524562743482907,1.0,0.5559158170001679,0.9999999999999997,0.9942275986370589,0.5559158170001679,0,nominal,0.0,0.0,0.0,0.0,0.0,0.0,0.0,0.0,0.0,0.0,0.0,0.0
4200,1981.9810353980279,84.28872825800784,1126.85,77.69409669212479,49.98248167822968,14.335804968877344,2.611045443355653,12.580164437269724,0.22524562743482907,1.0,0.5560487583667023,0.9999999999999997,0.9942275986370589,0.5560487583667023,0,nominal,0.0,0.0,0.0,0.0,0.0,0.0,0.0,0.0,0.0,0.0,0.0,0.0
4250,1981.9810353980279,84.28005357051882,1126.85,77.68945372999661,49.98922954379151,14.335804968877344,2.61092434821837,12.579580994057945,0.22524562743482907,1.0,0.5561816866333237,0.9999999999999997,0.9942275986370589,0.5561816866333237,0,nominal,0.0,0.0,0.0,0.0,0.0,0.0,0.0,0.0,0.0,0.0,0.0,0.0
4300,1981.9810353980279,84.27138159474475,1126.85,77.6848120888111,49.99597674376956,14.335804968877344,2.6108032645733776,12.578997606216669,0.22524562743482907,1.0,0.5563146017884067,0.9999999999999997,0.9942275986370589,0.5563146017884067,0,nominal,0.0,0.0,0.0,0.0,0.0,0.0,0.0,0.0,0.0,0.0,0.0,0.0
4350,1981.9810353980279,84.26271232984357,1126.85,77.68017176840317,50.002723277573864,14.335804968877344,2.6106821924305503,12.578414273793479,0.22524562743482907,1.0,0.5564475038203295,0.9999999999999997,0.9942275986370589,0.5564475038203295,0,nominal,0.0,0.0,0.0,0.0,0.0,0.0,0.0,0.0,0.0,0.0,0.0,0.0
4400,1981.9810353980279,84.25404577497352,1126.85,77.67553276860764,50.00946914461502,14.335804968877344,2.6105611317997535,12.577830996835898,0.22524562743482907,1.0,0.556580392717481,0.9999999999999997,0.9942275986370589,0.556580392717481,0,nominal,0.0,0.0,0.0,0.0,0.0,0.0,0.0,0.0,0.0,0.0,0.0,0.0
4450,1981.9810353980279,84.24538192929316,1126.85,77.67089508925915,50.016214344303684,14.335804968877344,2.6104400826908503,12.577247775391452,0.22524562743482907,1.0,0.5567132684682521,0.9999999999999997,0.9942275986370589,0.5567132684682521,0,nominal,0.0,0.0,0.0,0.0,0.0,0.0,0.0,0.0,0.0,0.0,0.0,0.0
4500,1981.9810353980279,84.23672079196126,1126.85,77.666258730192,50.02295887605079,14.335804968877344,2.610319045113699,12.576664609507638,0.22524562743482907,1.0,0.556846131061038,0.9999999999999997,0.9942275986370589,0.556846131061038,0,nominal,0.0,0.0,0.0,0.0,0.0,0.0,0.0,0.0,0.0,0.0,0.0,0.0
4550,1981.9810353980279,84.22806236213694,1126.85,77.66162369124044,50.02970273926782,14.335804968877344,2.610198019078142,12.57608149923188,0.22524562743482907,1.0,0.5569789804842457,0.9999999999999997,0.9942275986370589,0.5569789804842457,0,nominal,0.0,0.0,0.0,0.0,0.0,0.0,0.0,0.0,0.0,0.0,0.0,0.0
4600,1981.9810353980279,84.21940663897954,1126.85,77.65698997223848,50.03644593336629,14.335804968877344,2.610077004594029,12.575498444611627,0.22524562743482907,1.0,0.5571118167262821,0.9999999999999997,0.9942275986370589,0.5571118167262821,0,nominal,0.0,0.0,0.0,0.0,0.0,0.0,0.0,0.0,0.0,0.0,0.0,0.0
4650,1981.9810353980279,84.21075362164873,1126.85,77.65235757301991,50.0431884577581,14.335804968877344,2.609956001671193,12.574915445694263,0.22524562743482907,1.0,0.5572446397755624,0.9999999999999997,0.9942275986370589,0.5572446397755624,0,nominal,0.0,0.0,0.0,0.0,0.0,0.0,0.0,0.0,0.0,0.0,0.0,0.0
4700,1981.9810353980279,84.20210330930445,1126.85,77.6477264934183,50.04993031185549,14.335804968877344,2.6098350103194656,12.574332502527152,0.22524562743482907,1.0,0.557377449620508,0.9999999999999997,0.9942275986370589,0.557377449620508,0,nominal,0.0,0.0,0.0,0.0,0.0,0.0,0.0,0.0,0.0,0.0,0.0,0.0
4750,1981.9810353980279,84.19345570110687,1126.85,77.6430967332671,50.05667149507099,14.335804968877344,2.6097140305486706,12.573749615157627,0.22524562743482907,1.0,0.5575102462495461,0.9999999999999997,0.9942275986370589,0.5575102462495461,0,nominal,0.0,0.0,0.0,0.0,0.0,0.0,0.0,0.0,0.0,0.0,0.0,0.0
4800,1981.9810353980279,84.18481079621654,1126.85,77.63846829239947,50.063412006817394,14.335804968877344,2.6095930623686243,12.573166783632988,0.22524562743482907,1.0,0.5576430296511093,0.9999999999999997,0.9942275986370589,0.5576430296511093,0,nominal,0.0,0.0,0.0,0.0,0.0,0.0,0.0,0.0,0.0,0.0,0.0,0.0
4850,1981.9810353980279,84.17616859379416,1126.85,77.63384117064845,50.07015184650789,14.335804968877344,2.609472105789139,12.572584008000502,0.22524562743482907,1.0,0.5577757998136376,0.9999999999999997,0.9942275986370589,0.5577757998136376,0,nominal,0.0,0.0,0.0,0.0,0.0,0.0,0.0,0.0,0.0,0.0,0.0,0.0
4900,1981.9810353980279,84.16752909300084,1126.85,77.62921536784688,50.07689101355576,14.335804968877344,2.6093511608200197,12.572001288307419,0.22524562743482907,1.0,0.5579085567255733,0.9999999999999997,0.9942275986370589,0.5579085567255733,0,nominal,0.0,0.0,0.0,0.0,0.0,0.0,0.0,0.0,0.0,0.0,0.0,0.0
4950,1981.9810353980279,84.15889229299785,1126.85,77.62459088382735,50.083629507374766,14.335804968877344,2.609230227471066,12.571418624600948,0.22524562743482907,1.0,0.5580413003753678,0.9999999999999997,0.9942275986370589,0.5580413003753678,0,nominal,0.0,0.0,0.0,0.0,0.0,0.0,0.0,0.0,0.0,0.0,0.0,0.0
5000,1981.9810353980279,84.15025819294686,1126.85,77.61996771842229,50.090367327378914,14.335804968877344,2.609109305752069,12.570836016928268,0.22524562743482907,1.0,0.5581740307514772,0.9999999999999997,0.9942275986370589,0.5581740307514772,0,nominal,0.0,0.0,0.0,0.0,0.0,0.0,0.0,0.0,0.0,0.0,0.0,0.0
5050,1981.9810353980279,84.14162679200973,1126.85,77.61534587146394,50.097104472982494,14.335804968877344,2.608988395672816,12.57025346533653,0.22524562743482907,1.0,0.5583067478423639,0.9999999999999997,0.9942275986370589,0.5583067478423639,0,nominal,0.0,0.0,0.0,0.0,0.0,0.0,0.0,0.0,0.0,0.0,0.0,0.0
5100,1981.9810353980279,84.13299808934863,1126.85,77.61072534278435,50.103840943600034,14.335804968877344,2.608867497243088,12.569670969872861,0.22524562743482907,1.0,0.5584394516364941,0.9999999999999997,0.9942275986370589,0.5584394516364941,0,nominal,0.0,0.0,0.0,0.0,0.0,0.0,0.0,0.0,0.0,0.0,0.0,0.0
5150,1981.9810353980279,84.12437208412598,1126.85,77.60610613221536,50.11057673864654,14.335804968877344,2.6087466104726564,12.569088530584342,0.22524562743482907,1.0,0.558572142122344,0.9999999999999997,0.9942275986370589,0.558572142122344,0,nominal,0.0,0.0,0.0,0.0,0.0,0.0,0.0,0.0,0.0,0.0,0.0,0.0
5200,1981.9810353980279,84.11574877550453,1126.85,77.6014882395886,50.11731185753709,14.335804968877344,2.60862573537129,12.568506147518038,0.22524562743482907,1.0,0.558704819288391,0.9999999999999997,0.9942275986370589,0.558704819288391,0,nominal,0.0,0.0,0.0,0.0,0.0,0.0,0.0,0.0,0.0,0.0,0.0,0.0
5250,1981.9810353980279,84.10712816264731,1126.85,77.5968716647356,50.12404629968723,14.335804968877344,2.60850487194875,12.56792382072098,0.22524562743482907,1.0,0.5588374831231218,0.9999999999999997,0.9942275986370589,0.5588374831231218,0,nominal,0.0,0.0,0.0,0.0,0.0,0.0,0.0,0.0,0.0,0.0,0.0,0.0
5300,1981.9810353980279,84.09851024471754,1126.85,77.59225640748753,50.13078006451263,14.335804968877344,2.608384020214792,12.567341550240169,0.22524562743482907,1.0,0.5589701336150253,0.9999999999999997,0.9942275986370589,0.5589701336150253,0,nominal,0.0,0.0,0.0,0.0,0.0,0.0,0.0,0.0,0.0,0.0,0.0,0.0
5350,1981.9810353980279,84.08989502087883,1126.85,77.5876424676755,50.137513151429516,14.335804968877344,2.608263180179163,12.56675933612257,0.22524562743482907,1.0,0.559102770752602,0.9999999999999997,0.9942275986370589,0.559102770752602,0,nominal,0.0,0.0,0.0,0.0,0.0,0.0,0.0,0.0,0.0,0.0,0.0,0.0
5400,1981.9810353980279,84.081282490295,1126.85,77.5830298451304,50.144245559854184,14.335804968877344,2.608142351851606,12.56617717841512,0.22524562743482907,1.0,0.559235394524353,0.9999999999999997,0.9942275986370589,0.559235394524353,0,nominal,0.0,0.0,0.0,0.0,0.0,0.0,0.0,0.0,0.0,0.0,0.0,0.0
5450,1981.9810353980279,84.07267265213017,1126.85,77.5784185396829,50.15097728920324,14.335804968877344,2.6080215352418588,12.56559507716474,0.22524562743482907,1.0,0.5593680049187858,0.9999999999999997,0.9942275986370589,0.5593680049187858,0,nominal,0.0,0.0,0.0,0.0,0.0,0.0,0.0,0.0,0.0,0.0,0.0,0.0
5500,1981.9810353980279,84.06406550554874,1126.85,77.5738085511635,50.15770833889377,14.335804968877344,2.6079007303596478,12.565013032418294,0.22524562743482907,1.0,0.5595006019244176,0.9999999999999997,0.9942275986370589,0.5595006019244176,0,nominal,0.0,0.0,0.0,0.0,0.0,0.0,0.0,0.0,0.0,0.0,0.0,0.0
5550,1981.9810353980279,84.0554610497154,1126.85,77.56919987940245,50.16443870834296,14.335804968877344,2.607779937214699,12.56443104422264,0.22524562743482907,1.0,0.5596331855297674,0.9999999999999997,0.9942275986370589,0.5596331855297674,0,nominal,0.0,0.0,0.0,0.0,0.0,0.0,0.0,0.0,0.0,0.0,0.0,0.0
5600,1981.9810353980279,84.04685928379513,1126.85,77.56459252422991,50.171168396968405,14.335804968877344,2.607659155816728,12.563849112624586,0.22524562743482907,1.0,0.559765755723362,0.9999999999999997,0.9942275986370589,0.559765755723362,0,nominal,0.0,0.0,0.0,0.0,0.0,0.0,0.0,0.0,0.0,0.0,0.0,0.0
5650,1981.9810353980279,84.03826020695311,1126.85,77.5599864854758,50.17789740418798,14.335804968877344,2.6075383861754453,12.563267237670924,0.22524562743482907,1.0,0.559898312493734,0.9999999999999997,0.9942275986370589,0.559898312493734,0,nominal,0.0,0.0,0.0,0.0,0.0,0.0,0.0,0.0,0.0,0.0,0.0,0.0
5700,1981.9810353980279,84.02966381835483,1126.85,77.55538176296983,50.18462572941975,14.335804968877344,2.607417628300559,12.562685419408423,0.22524562743482907,1.0,0.5600308558294197,0.9999999999999997,0.9942275986370589,0.5600308558294197,0,nominal,0.0,0.0,0.0,0.0,0.0,0.0,0.0,0.0,0.0,0.0,0.0,0.0
5750,1981.9810353980279,84.02107011716612,1126.85,77.55077835654151,50.191353372082176,14.335804968877344,2.607296882201765,12.562103657883798,0.22524562743482907,1.0,0.5601633857189633,0.9999999999999997,0.9942275986370589,0.5601633857189633,0,nominal,0.0,0.0,0.0,0.0,0.0,0.0,0.0,0.0,0.0,0.0,0.0,0.0
5800,1981.9810353980279,84.01247910255302,1126.85,77.54617626602021,50.19808033159411,14.335804968877344,2.607176147888753,12.56152195314374,0.22524562743482907,1.0,0.5602959021509166,0.9999999999999997,0.9942275986370589,0.5602959021509166,0,nominal,0.0,0.0,0.0,0.0,0.0,0.0,0.0,0.0,0.0,0.0,0.0,0.0
5850,1981.9810353980279,84.00389077368186,1126.85,77.54157549123505,50.20480660737447,14.335804968877344,2.6070554253712133,12.560940305234931,0.22524562743482907,1.0,0.5604284051138325,0.9999999999999997,0.9942275986370589,0.5604284051138325,0,nominal,0.0,0.0,0.0,0.0,0.0,0.0,0.0,0.0,0.0,0.0,0.0,0.0
5900,1981.9810353980279,83.99530512971927,1126.85,77.53697603201499,50.211532198842725,14.335804968877344,2.606934714658821,12.56035871420399,0.22524562743482907,1.0,0.560560894596275,0.9999999999999997,0.9942275986370589,0.560560894596275,0,nominal,0.0,0.0,0.0,0.0,0.0,0.0,0.0,0.0,0.0,0.0,0.0,0.0
5950,1981.9810353980279,83.98672216983215,1126.85,77.53237788818882,50.218257105418445,14.335804968877344,2.6068140157612514,12.559777180097534,0.22524562743482907,1.0,0.5606933705868101,0.9999999999999997,0.9942275986370589,0.5606933705868101,0,nominal,0.0,0.0,0.0,0.0,0.0,0.0,0.0,0.0,0.0,0.0,0.0,0.0
6000,1981.9810353980279,83.97814189318768,1126.85,77.52778105958515,50.22498132652153,14.335804968877344,2.6066933286881713,12.559195702962132,0.22524562743482907,1.0,0.5608258330740102,0.9999999999999997,0.9942275986370589,0.5608258330740102,0,nominal,0.0,0.0,0.0,0.0,0.0,0.0,0.0,0.0,0.0,0.0,0.0,0.0
6050,1981.9810353980279,83.96956429895329,1126.85,77.52318554603232,50.231704861572204,14.335804968877344,2.6065726534492413,12.558614282844337,0.22524562743482907,1.0,0.5609582820464543,0.9999999999999997,0.9942275986370589,0.5609582820464543,0,nominal,0.0,0.0,0.0,0.0,0.0,0.0,0.0,0.0,0.0,0.0,0.0,0.0
6100,1981.9810353980279,83.96098938629672,1126.85,77.51859134735855,50.238427709991,14.335804968877344,2.6064519900541163,12.558032919790662,0.22524562743482907,1.0,0.5610907174927269,0.9999999999999997,0.9942275986370589,0.5610907174927269,0,nominal,0.0,0.0,0.0,0.0,0.0,0.0,0.0,0.0,0.0,0.0,0.0,0.0
6150,1981.9810353980279,83.95241715438596,1126.85,77.51399846339183,50.24514987119878,14.335804968877344,2.606331338512444,12.557451613847592,0.22524562743482907,1.0,0.5612231394014194,0.9999999999999997,0.9942275986370589,0.5612231394014194,0,nominal,0.0,0.0,0.0,0.0,0.0,0.0,0.0,0.0,0.0,0.0,0.0,0.0
6200,1981.9810353980279,83.94384760238933,1126.85,77.50940689396003,50.251871344616646,14.335804968877344,2.6062106988338636,12.55687036506157,0.22524562743482907,1.0,0.5613555477611286,0.9999999999999997,0.9942275986370589,0.5613555477611286,0,nominal,0.0,0.0,0.0,0.0,0.0,0.0,0.0,0.0,0.0,0.0,0.0,0.0
6250,1981.9810353980279,83.93528072947532,1126.85,77.50481663889076,50.258592129665914,14.335804968877344,2.6060900710280146,12.556289173479039,0.22524562743482907,1.0,0.5614879425604542,0.9999999999999997,0.9942275986370589,0.5614879425604542,0,nominal,0.0,0.0,0.0,0.0,0.0,0.0,0.0,0.0,0.0,0.0,0.0,0.0
6300,1981.9810353980279,83.92671653481284,1126.85,77.50022769801143,50.265312225768405,14.335804968877344,2.605969455104524,12.555708039146378,0.22524562743482907,1.0,0.5616203237880064,0.9999999999999997,0.9942275986370589,0.5616203237880064,0,nominal,0.0,0.0,0.0,0.0,0.0,0.0,0.0,0.0,0.0,0.0,0.0,0.0
6350,1981.9810353980279,83.91815501757094,1126.85,77.49564007114935,50.27203163234613,14.335804968877344,2.605848851073013,12.55512696210995,0.22524562743482907,1.0,0.5617526914323996,0.9999999999999997,0.9942275986370589,0.5617526914323996,0,nominal,0.0,0.0,0.0,0.0,0.0,0.0,0.0,0.0,0.0,0.0,0.0,0.0
6400,1981.9810353980279,83.90959617691902,1126.85,77.49105375813156,50.27875034882124,14.335804968877344,2.6057282589431026,12.554545942416105,0.22524562743482907,1.0,0.5618850454822505,0.9999999999999997,0.9942275986370589,0.5618850454822505,0,nominal,0.0,0.0,0.0,0.0,0.0,0.0,0.0,0.0,0.0,0.0,0.0,0.0
6450,1981.9810353980279,83.90104001202673,1126.85,77.48646875878495,50.285468374616535,14.335804968877344,2.6056076787243985,12.553964980111125,0.22524562743482907,1.0,0.5620173859261884,0.9999999999999997,0.9942275986370589,0.5620173859261884,0,nominal,0.0,0.0,0.0,0.0,0.0,0.0,0.0,0.0,0.0,0.0,0.0,0.0
6500,1981.9810353980279,83.89248652206402,1126.85,77.48188507293617,50.29218570915475,14.335804968877344,2.6054871104265067,12.553384075241294,0.22524562743482907,1.0,0.5621497127528419,0.9999999999999997,0.9942275986370589,0.5621497127528419,0,nominal,0.0,0.0,0.0,0.0,0.0,0.0,0.0,0.0,0.0,0.0,0.0,0.0
6550,1981.9810353980279,83.88393570620104,1126.85,77.47730270041177,50.2989023518592,14.335804968877344,2.6053665540590236,12.552803227852843,0.22524562743482907,1.0,0.5622820259508504,0.9999999999999997,0.9942275986370589,0.5622820259508504,0,nominal,0.0,0.0,0.0,0.0,0.0,0.0,0.0,0.0,0.0,0.0,0.0,0.0
6600,1981.9810353980279,83.87538756360834,1126.85,77.47272164103805,50.305618302153285,14.335804968877344,2.6052460096315415,12.552222437991993,0.22524562743482907,1.0,0.5624143255088556,0.9999999999999997,0.9942275986370589,0.5624143255088556,0,nominal,0.0,0.0,0.0,0.0,0.0,0.0,0.0,0.0,0.0,0.0,0.0,0.0
6650,1981.9810353980279,83.86684209345668,1126.85,77.46814189464118,50.312333559460846,14.335804968877344,2.605125477153646,12.551641705704924,0.22524562743482907,1.0,0.5625466114155073,0.9999999999999997,0.9942275986370589,0.5625466114155073,0,nominal,0.0,0.0,0.0,0.0,0.0,0.0,0.0,0.0,0.0,0.0,0.0,0.0
6700,1981.9810353980279,83.85829929491712,1126.85,77.46356346104704,50.31904812320586,14.335804968877344,2.6050049566349154,12.551061031037788,0.22524562743482907,1.0,0.5626788836594585,0.9999999999999997,0.9942275986370589,0.5626788836594585,0,nominal,0.0,0.0,0.0,0.0,0.0,0.0,0.0,0.0,0.0,0.0,0.0,0.0
6750,1981.9810353980279,83.84975916716093,1126.85,77.45898634008148,50.32576199281284,14.335804968877344,2.604884448084921,12.550480414036702,0.22524562743482907,1.0,0.5628111422293723,0.9999999999999997,0.9942275986370589,0.5628111422293723,0,nominal,0.0,0.0,0.0,0.0,0.0,0.0,0.0,0.0,0.0,0.0,0.0,0.0
6800,1981.9810353980279,83.84122170935967,1126.85,77.45441053156998,50.33247516770627,14.335804968877344,2.6047639515132315,12.549899854747762,0.22524562743482907,1.0,0.5629433871139113,0.9999999999999997,0.9942275986370589,0.5629433871139113,0,nominal,0.0,0.0,0.0,0.0,0.0,0.0,0.0,0.0,0.0,0.0,0.0,0.0
6850,1981.9810353980279,83.83268692068526,1126.85,77.44983603533797,50.339187647311306,14.335804968877344,2.604643466929404,12.54931935321702,0.22524562743482907,1.0,0.5630756183017518,0.9999999999999997,0.9942275986370589,0.5630756183017518,0,nominal,0.0,0.0,0.0,0.0,0.0,0.0,0.0,0.0,0.0,0.0,0.0,0.0
6900,1981.9810353980279,83.82415480030983,1126.85,77.44526285121066,50.345899431053084,14.335804968877344,2.6045229943429935,12.548738909490512,0.22524562743482907,1.0,0.5632078357815693,0.9999999999999997,0.9942275986370589,0.5632078357815693,0,nominal,0.0,0.0,0.0,0.0,0.0,0.0,0.0,0.0,0.0,0.0,0.0,0.0
6950,1981.9810353980279,83.81562534740578,1126.85,77.44069097901303,50.35261051835718,14.335804968877344,2.6044025337635475,12.548158523614234,0.22524562743482907,1.0,0.5633400395420479,0.9999999999999997,0.9942275986370589,0.5633400395420479,0,nominal,0.0,0.0,0.0,0.0,0.0,0.0,0.0,0.0,0.0,0.0,0.0,0.0
7000,1981.9810353980279,83.80709856114578,1126.85,77.43612041856994,50.35932090864954,14.335804968877344,2.604282085200606,12.547578195634156,0.22524562743482907,1.0,0.5634722295718793,0.9999999999999997,0.9942275986370589,0.5634722295718793,0,nominal,0.0,0.0,0.0,0.0,0.0,0.0,0.0,0.0,0.0,0.0,0.0,0.0
7050,1981.9810353980279,83.79857444070285,1126.85,77.43155116970604,50.36603060135617,14.335804968877344,2.604161648663704,12.546997925596214,0.22524562743482907,1.0,0.5636044058597561,0.9999999999999997,0.9942275986370589,0.5636044058597561,0,nominal,0.0,0.0,0.0,0.0,0.0,0.0,0.0,0.0,0.0,0.0,0.0,0.0
7100,1981.9810353980279,83.79005298525016,1126.85,77.42698323224579,50.37273959590364,14.335804968877344,2.60404122416237,12.546417713546319,0.22524562743482907,1.0,0.5637365683943821,0.9999999999999997,0.9942275986370589,0.5637365683943821,0,nominal,0.0,0.0,0.0,0.0,0.0,0.0,0.0,0.0,0.0,0.0,0.0,0.0
7150,1981.9810353980279,83.78153419396125,1126.85,77.42241660601348,50.37944789171857,14.335804968877344,2.6039208117061263,12.54583755953035,0.22524562743482907,1.0,0.5638687171644624,0.9999999999999997,0.9942275986370589,0.5638687171644624,0,nominal,0.0,0.0,0.0,0.0,0.0,0.0,0.0,0.0,0.0,0.0,0.0,0.0
7200,1981.9810353980279,83.77301806600991,1126.85,77.4178512908332,50.386155488228006,14.335804968877344,2.6038004113044897,12.54525746359416,0.22524562743482907,1.0,0.5640008521587099,0.9999999999999997,0.9942275986370589,0.5640008521587099,0,nominal,0.0,0.0,0.0,0.0,0.0,0.0,0.0,0.0,0.0,0.0,0.0,0.0
7250,1981.9810353980279,83.7645046005702,1126.85,77.41328728652883,50.39286238485938,14.335804968877344,2.6036800229669677,12.54467742578355,0.22524562743482907,1.0,0.5641329733658453,0.9999999999999997,0.9942275986370589,0.5641329733658453,0,nominal,0.0,0.0,0.0,0.0,0.0,0.0,0.0,0.0,0.0,0.0,0.0,0.0
7300,1981.9810353980279,83.75599379681643,1126.85,77.4087245929241,50.39956858104021,14.335804968877344,2.6035596467030655,12.54409744614433,0.22524562743482907,1.0,0.5642650807745915,0.9999999999999997,0.9942275986370589,0.5642650807745915,0,nominal,0.0,0.0,0.0,0.0,0.0,0.0,0.0,0.0,0.0,0.0,0.0,0.0
7350,1981.9810353980279,83.7474856539232,1126.85,77.40416320984258,50.40627407619854,14.335804968877344,2.6034392825222765,12.543517524722228,0.22524562743482907,1.0,0.5643971743736812,0.9999999999999997,0.9942275986370589,0.5643971743736812,0,nominal,0.0,0.0,0.0,0.0,0.0,0.0,0.0,0.0,0.0,0.0,0.0,0.0
7400,1981.9810353980279,83.7389801710654,1126.85,77.39960313710759,50.41297886976247,14.335804968877344,2.6033189304340945,12.54293766156299,0.22524562743482907,1.0,0.5645292541518482,0.9999999999999997,0.9942275986370589,0.5645292541518482,0,nominal,0.0,0.0,0.0,0.0,0.0,0.0,0.0,0.0,0.0,0.0,0.0,0.0
7450,1981.9810353980279,83.73047734741823,1126.85,77.39504437454235,50.41968296116056,14.335804968877344,2.6031985904480024,12.542357856712304,0.22524562743482907,1.0,0.5646613200978357,0.9999999999999997,0.9942275986370589,0.5646613200978357,0,nominal,0.0,0.0,0.0,0.0,0.0,0.0,0.0,0.0,0.0,0.0,0.0,0.0
7500,1981.9810353980279,83.72197718215705,1126.85,77.39048692196985,50.42638634982163,14.335804968877344,2.603078262573479,12.54177811021584,0.22524562743482907,1.0,0.5647933722003917,0.9999999999999997,0.9942275986370589,0.5647933722003917,0,nominal,0.0,0.0,0.0,0.0,0.0,0.0,0.0,0.0,0.0,0.0,0.0,0.0
7550,1981.9810353980279,83.71347967445757,1126.85,77.38593077921291,50.43308903517475,14.335804968877344,2.6029579468199953,12.541198422119232,0.22524562743482907,1.0,0.5649254104482695,0.9999999999999997,0.9942275986370589,0.5649254104482695,0,nominal,0.0,0.0,0.0,0.0,0.0,0.0,0.0,0.0,0.0,0.0,0.0,0.0
7600,1981.9810353980279,83.7049848234958,1126.85,77.38137594609412,50.43979101664929,14.335804968877344,2.6028376431970184,12.540618792468088,0.22524562743482907,1.0,0.5650574348302279,0.9999999999999997,0.9942275986370589,0.5650574348302279,0,nominal,0.0,0.0,0.0,0.0,0.0,0.0,0.0,0.0,0.0,0.0,0.0,0.0
7650,1981.9810353980279,83.69649262844797,1126.85,77.37682242243596,50.446492293675014,14.335804968877344,2.6027173517140043,12.540039221307975,0.22524562743482907,1.0,0.5651894453350338,0.9999999999999997,0.9942275986370589,0.5651894453350338,0,nominal,0.0,0.0,0.0,0.0,0.0,0.0,0.0,0.0,0.0,0.0,0.0,0.0
7700,1981.9810353980279,83.68800308849063,1126.85,77.37227020806068,50.453192865681864,14.335804968877344,2.6025970723804086,12.539459708684442,0.22524562743482907,1.0,0.5653214419514573,0.9999999999999997,0.9942275986370589,0.5653214419514573,0,nominal,0.0,0.0,0.0,0.0,0.0,0.0,0.0,0.0,0.0,0.0,0.0,0.0
7750,1981.9810353980279,83.67951620280053,1126.85,77.36771930279036,50.45989273210017,14.335804968877344,2.6024768052056753,12.538880254642995,0.22524562743482907,1.0,0.5654534246682765,0.9999999999999997,0.9942275986370589,0.5654534246682765,0,nominal,0.0,0.0,0.0,0.0,0.0,0.0,0.0,0.0,0.0,0.0,0.0,0.0
7800,1981.9810353980279,83.67103197055474,1126.85,77.36316970644691,50.46659189236052,14.335804968877344,2.6023565501992456,12.538300859229125,0.22524562743482907,1.0,0.565585393474274,0.9999999999999997,0.9942275986370589,0.565585393474274,0,nominal,0.0,0.0,0.0,0.0,0.0,0.0,0.0,0.0,0.0,0.0,0.0,0.0
7850,1981.9810353980279,83.66255039093062,1126.85,77.35862141885207,50.47329034589371,14.335804968877344,2.602236307370554,12.537721522488281,0.22524562743482907,1.0,0.5657173483582373,0.9999999999999997,0.9942275986370589,0.5657173483582373,0,nominal,0.0,0.0,0.0,0.0,0.0,0.0,0.0,0.0,0.0,0.0,0.0,0.0
7900,1981.9810353980279,83.65407146310577,1126.85,77.35407443982734,50.479988092130995,14.335804968877344,2.602116076729027,12.537142244465887,0.22524562743482907,1.0,0.5658492893089624,0.9999999999999997,0.9942275986370589,0.5658492893089624,0,nominal,0.0,0.0,0.0,0.0,0.0,0.0,0.0,0.0,0.0,0.0,0.0,0.0
7950,1981.9810353980279,83.64559518625805,1126.85,77.34952876919414,50.48668513050377,14.335804968877344,2.6019958582840856,12.536563025207332,0.22524562743482907,1.0,0.5659812163152479,0.9999999999999997,0.9942275986370589,0.5659812163152479,0,nominal,0.0,0.0,0.0,0.0,0.0,0.0,0.0,0.0,0.0,0.0,0.0,0.0
8000,1981.9810353980279,83.63712155956563,1126.85,77.34498440677362,50.49338146044385,14.335804968877344,2.601875652045146,12.535983864757984,0.22524562743482907,1.0,0.5661131293659012,0.9999999999999997,0.9942275986370589,0.5661131293659012,0,nominal,0.0,0.0,0.0,0.0,0.0,0.0,0.0,0.0,0.0,0.0,0.0,0.0
8050,2018.3805470318825,83.62924195920141,1126.85,77.34099185284163,50.50007708138323,14.335804968877346,2.9500503244424525,14.213509103852038,0.23893775454628158,1.0,0.5662450284497331,1.0,0.994227598637059,0.5662450284497331,0,nominal,0.0,0.0,0.0,0.0,0.0,0.0,0.0,0.0,0.0,0.0,0.0,0.0
8100,2086.678867815384,83.62221553603854,1126.85,77.33802712744847,51.431227326178934,14.335804968877344,3.414555276111375,16.154833184043344,0.26130128407293113,1.0,0.5845880417878956,0.9999999999999997,0.9942275986370589,0.5845880417878956,0,nominal,0.0,0.0,0.0,0.0,0.0,0.0,0.0,0.0,0.0,0.0,0.0,0.0
8150,2182.916378856196,83.61633104151412,1126.85,77.33657333665195,53.16986899737515,14.335804968877346,4.014671996327353,18.37239748664488,0.29273794307017587,1.0,0.6188380755963865,1.0,0.994227598637059,0.6188380755963865,0,nominal,0.0,0.0,0.0,0.0,0.0,0.0,0.0,0.0,0.0,0.0,0.0,0.0
8200,2303.6243077491113,83.61191567328706,1126.85,77.3371378515535,55.60837100637266,14.335804968877346,4.772718109349926,20.87853716554901,0.3339573883075622,1.0,0.6668748721565283,1.0,0.994227598637059,0.6668748721565283,0,nominal,0.0,0.0,0.0,0.0,0.0,0.0,0.0,0.0,0.0,0.0,0.0,0.0
8250,2445.7720173567564,83.60934161291954,1126.85,77.34026444182257,58.6388675314935,14.335804968877346,5.713519961064821,23.684459515350344,0.3858953126635373,1.0,0.7265735496709643,1.0,0.994227598637059,0.7265735496709643,0,nominal,0.0,0.0,0.0,0.0,0.0,0.0,0.0,0.0,0.0,0.0,0.0,0.0
8300,2606.716304323529,83.60903068376848,1126.669940164676,77.34654153867717,62.12387810269258,14.335804968877346,6.863899606993795,26.79947788069485,0.4496499020682908,1.0,0.7952258383305324,1.0,0.994227598637059,0.7952258383305324,0,nominal,0.0,0.0,0.0,0.0,0.0,0.0,0.0,0.0,0.0,0.0,0.0,0.0
8350,2784.154545864446,83.61145739914849,1126.2894579060471,77.35660747384821,65.8065741876752,14.335804968877346,8.252141237495445,30.23042592386832,0.5264304571023019,1.0,0.867772394361408,1.0,0.994227598637059,0.867772394361408,0,nominal,0.0,0.0,0.0,0.0,0.0,0.0,0.0,0.0,0.0,0.0,0.0,0.0
8400,2976.082333473011,83.61715056866228,1125.7023264139316,77.37115329452985,69.12282451742588,14.335804968877346,9.907424326593436,33.981207484945614,0.6175138123720216,1.0,0.9331002234322676,1.0,0.994227598637059,0.9331002234322676,0,nominal,0.0,0.0,0.0,0.0,0.0,0.0,0.0,0.0,0.0,0.0,0.0,0.0
8450,3180.75566075814,83.62669356508337,1124.9029683952758,77.39092357395464,71.33133961145283,14.335804968877348,11.859221929999176,38.05245110636236,0.724205618343022,1.0,0.9766064374441191,0.9999999999999997,0.994227598637059,0.9766064374441191,0,nominal,0.0,0.0,0.0,0.0,0.0,0.0,0.0,0.0,0.0,0.0,0.0,0.0
8500,3396.6574588716617,83.64072331266738,1123.887181411077,77.41671550741944,72.30703310004704,14.335804968877348,14.136667735701488,42.44124583492836,0.8478045759487256,1.0,0.9958269217593742,0.9999999999999997,0.994227598637059,0.994227598637059,0,nominal,0.0,0.0,0.0,0.0,0.0,0.0,0.0,0.0,0.0,0.0,0.0,0.0
8550,3622.46814868004,83.65992803175061,1122.6527301606925,77.4493764912433,72.64829962543075,14.335804968877344,16.767897334986692,47.140939793329636,0.9895684099899894,1.0,1.0,0.9999999999999997,0.9942275986370589,0.9942275986370589,0,nominal,0.0,0.0,0.0,0.0,0.0,0.0,0.0,0.0,0.0,0.0,0.0,0.0
8600,3857.039832246161,83.68504375825722,1121.1998127505526,77.48980031705185,72.79494708610116,14.335804968877346,19.77936924829911,52.14098660749351,1.1506808229981411,1.0,1.0,1.0,0.994227598637059,0.994227598637059,0,nominal,0.0,0.0,0.0,0.0,0.0,0.0,0.0,0.0,0.0,0.0,0.0,0.0
8650,4058.1012753028363,83.71302203579444,1119.8820963611174,77.53535902565011,72.89591920901123,14.335804968877346,20.940877168157176,51.8456265781139,1.2370357440159498,1.0,1.0,1.0,0.994227598637059,0.994227598637059,0,nominal,0.0,0.0,0.0,0.0,0.0,0.0,0.0,0.0,0.0,0.0,0.0,0.0
8700,4230.4396550657,83.74344184868244,1118.6955506051481,77.5853988204376,72.97287974631682,14.335804968877346,21.901405807534257,51.53716122578285,1.3114964010904135,1.0,1.0,1.0,0.994227598637059,0.994227598637059,0,nominal,0.0,0.0,0.0,0.0,0.0,0.0,0.0,0.0,0.0,0.0,0.0,0.0
8750,4378.158266291012,83.77593979654728,1117.6325698227306,77.63932773575743,73.03662776637003,14.335804968877346,22.696865424784605,51.233232754715665,1.375574901474026,1.0,1.0,1.0,0.994227598637059,0.994227598637059,0,nominal,0.0,0.0,0.0,0.0,0.0,0.0,0.0,0.0,0.0,0.0,0.0,0.0
8800,4504.774218769851,83.81020432014077,1116.683571634639,77.6966169453612,73.0902545818993,14.335804968877346,23.357135202391124,50.94475756001607,1.4306442966449384,1.0,1.0,1.0,0.994227598637059,0.994227598637059,0,nominal,0.0,0.0,0.0,0.0,0.0,0.0,0.0,0.0,0.0,0.0,0.0,0.0
8850,4613.302178037427,83.84596944417706,1115.8380817458528,77.75679858080093,73.13544945351278,14.335804968877344,23.906783695956918,50.67800445296412,1.477927291960994,1.0,1.0,0.9999999999999997,0.9942275986370589,0.9942275986370589,0,nominal,0.0,0.0,0.0,0.0,0.0,0.0,0.0,0.0,0.0,0.0,0.0,0.0
8900,4706.326143123922,83.88300869584947,1115.0854561538872,77.81946165657592,73.17347802261699,14.335804968877346,24.36586550763376,50.4360796920782,1.5184990593422298,1.0,1.0,1.0,0.994227598637059,0.994227598637059,0,nominal,0.0,0.0,0.0,0.0,0.0,0.0,0.0,0.0,0.0,0.0,0.0,0.0
8950,4786.060970340916,83.92112951711522,1114.4153469655316,77.8842470976208,73.20538477234493,14.335804968877346,24.750683151919265,50.219981982564285,1.5532971650059924,1.0,1.0,1.0,0.994227598637059,0.994227598637059,0,nominal,0.0,0.0,0.0,0.0,0.0,0.0,0.0,0.0,0.0,0.0,0.0,0.0
9000,4854.405107955484,83.96016829579321,1113.817987815084,77.95084247879316,73.23205504801875,14.335804968877346,25.074465010385868,50.02934659443029,1.5831345904205272,1.0,1.0,1.0,0.994227598637059,0.994227598637059,0,nominal,0.0,0.0,0.0,0.0,0.0,0.0,0.0,0.0,0.0,0.0,0.0,0.0
9050,4912.985797339398,83.99998603521664,1113.2843536753567,78.01897683888376,73.25424511065549,14.335804968877346,25.3479439148382,49.86296547007865,1.6087135944708175,1.0,1.0,1.0,0.994227598637059,0.994227598637059,0,nominal,0.0,0.0,0.0,0.0,0.0,0.0,0.0,0.0,0.0,0.0,0.0,0.0
9100,4963.197816811325,84.04046462830354,1112.806234603583,78.08841577421362,73.27260242983066,14.335804968877346,25.579838121941066,49.719146545900536,1.6306392090143904,1.0,1.0,1.0,0.994227598637059,0.994227598637059,0,nominal,0.0,0.0,0.0,0.0,0.0,0.0,0.0,0.0,0.0,0.0,0.0,0.0
9150,5006.236690644405,84.08150367755803,1112.3762518594176,78.1589569174381,73.28768166299442,14.335804968877348,25.777244356157592,49.59595821073961,1.649431767847075,1.0,1.0,0.9999999999999997,0.994227598637059,0.994227598637059,0,nominal,0.0,0.0,0.0,0.0,0.0,0.0,0.0,0.0,0.0,0.0,0.0,0.0
9200,5043.127153929902,84.12302271436351,1111.9896152123938,78.23043036232684,73.2999579779269,14.334245796216244,25.948571074201478,49.4963815076703,1.665644123874058,1.0,1.0,1.0,0.9942018221730102,0.9942018221730102,0,nominal,0.0,0.0,0.0,0.0,0.0,0.0,0.0,0.0,0.0,0.0,0.0,0.0
9250,5074.747551031757,84.16497349726217,1111.649219528263,78.30270839251938,73.30983813950073,14.32502318039487,26.108932192973654,49.43796367448047,1.6800787265669235,1.0,1.0,1.0,0.9940491602231297,0.9940491602231297,0,nominal,0.0,0.0,0.0,0.0,0.0,0.0,0.0,0.0,0.0,0.0,0.0,0.0
9300,5101.850748547633,84.20729027729857,1111.3480537930022,78.3756583361008,73.31766948205849,14.317118081119407,26.247190552396575,49.390083861485884,1.6924554304509059,1.0,1.0,1.0,0.9939180447264293,0.9939180447264293,0,nominal,0.0,0.0,0.0,0.0,0.0,0.0,0.0,0.0,0.0,0.0,0.0,0.0
9350,5125.082060704098,84.24991692499935,1111.080029510687,78.44916615053074,73.32375063392425,14.310342281740438,26.366806772876057,49.35159225479147,1.7030668458022447,1.0,1.0,1.0,0.9938054667816628,0.9938054667816628,0,nominal,0.0,0.0,0.0,0.0,0.0,0.0,0.0,0.0,0.0,0.0,0.0,0.0
9400,5144.994613981067,84.29280550838598,1110.839880986146,78.52313389339241,73.3283372472334,14.304534453701324,26.470665261442353,49.32140215578149,1.7121642450469052,1.0,1.0,0.9999999999999997,0.993708829147713,0.993708829147713,0,nominal,0.0,0.0,0.0,0.0,0.0,0.0,0.0,0.0,0.0,0.0,0.0,0.0
9450,5162.062516789899,84.33591508358671,1110.6230706080064,78.59747751356974,73.33164814281744,14.299556315382079,26.561177180563188,49.29850808168609,1.71996330821132,1.0,1.0,1.0,0.9936258921977035,0.9936258921977035,0,nominal,0.0,0.0,0.0,0.0,0.0,0.0,0.0,0.0,0.0,0.0,0.0,0.0
9500,5176.692147768897,84.37921066624153,1110.4257009412422,78.67212492934323,73.33387058586258,14.29528933967987,26.640363733253412,49.281994088091864,1.726649103891181,1.0,1.0,1.0,0.9935547263529291,0.9935547263529291,0,nominal,0.0,0.0,0.0,0.0,0.0,0.0,0.0,0.0,0.0,0.0,0.0,0.0
9550,5189.231831465181,84.4226623564386,1110.24443450114,78.7470143610143,73.33516481315887,14.291631931935122,26.709923692958945,49.27103560338887,1.732380394803959,1.0,1.0,1.0,0.9934936703918889,0.9934936703918889,0,nominal,0.0,0.0,0.0,0.0,0.0,0.0,0.0,0.0,0.0,0.0,0.0,0.0
9600,5199.980131776282,84.46624459395326,1110.0764214588526,78.82209288773487,73.33566791632256,14.288497011011051,26.771288326707367,49.26489710054985,1.7372933515760458,1.0,1.0,1.0,0.9934412950339715,0.9934412950339715,0,nominal,0.0,0.0,0.0,0.0,0.0,0.0,0.0,0.0,0.0,0.0,0.0,0.0
9650,5209.1929606143685,84.50993552406823,1109.9192351288152,78.89731520075833,73.33549717120437,14.285809935933278,26.825666220578626,49.26292723291567,1.741504751092494,1.0,1.0,0.9999999999999997,0.9933963712216775,0.9933963712216775,0,nominal,0.0,0.0,0.0,0.0,0.0,0.0,0.0,0.0,0.0,0.0,0.0,0.0
9700,5217.089671047014,84.55371645726422,1109.770814843122,78.97264252803853,73.33475289139729,14.283506728723756,26.874080000546556,49.26455255705775,1.7451147277719994,1.0,1.0,0.9999999999999997,0.9933578425617156,0.9933578425617156,0,nominal,0.0,0.0,0.0,0.0,0.0,0.0,0.0,0.0,0.0,0.0,0.0,0.0
9750,5223.858279989282,84.59757140863559,1109.6294156793256,79.04804170779977,73.33352087306649,14.281532551115593,26.917396529793916,49.269270604906865,1.7482091382362621,1.0,1.0,1.0,0.9933248014282777,0.9933248014282777,0,nominal,0.0,0.0,0.0,0.0,0.0,0.0,0.0,0.0,0.0,0.0,0.0,0.0
9800,5229.659944796939,84.64148670505938,1109.493564441742,79.1234843912726,73.33187448903676,14.279840398880026,26.956351837064854,49.27664281047802,1.7508615924019697,1.0,1.0,1.0,0.993296468277391,0.993296468277391,0,nominal,0.0,0.0,0.0,0.0,0.0,0.0,0.0,0.0,0.0,0.0,0.0,0.0
9850,5234.63280034636,84.68545064998347,1109.3620212778478,79.19894635717827,73.32987648201679,14.27838998267811,26.9915717729346,49.28628761519618,1.753135197216974,1.0,1.0,1.0,0.9932721737668815,0.9932721737668815,0,nominal,0.0,0.0,0.0,0.0,0.0,0.0,0.0,0.0,0.0,0.0,0.0,0.0
9900,5238.895247960149,84.7294532372494,1109.233746323679,79.27440692272091,73.32758049986342,14.277146768790756,27.02358918801204,49.29787394912095,1.7550840531547207,1.0,1.0,1.0,0.9932513433204709,0.9932513433204709,0,nominal,0.0,0.0,0.0,0.0,0.0,0.0,0.0,0.0,0.0,0.0,0.0,0.0
9950,5242.548774486255,84.77348590667367,1109.1078708032765,79.34984843780381,73.32503240975811,14.276081156887308,27.052858267504206,49.311115197970764,1.7567545381712704,1.0,1.0,1.0,0.9932334838158562,0.9932334838158562,0,nominal,0.0,0.0,0.0,0.0,0.0,0.0,0.0,0.0,0.0,0.0,0.0,0.0
10000,5245.680368651488,84.81754133521383,1108.9836720490039,79.4252558509279,73.32227142296082,14.275167775255783,27.07976653095054,49.32576370657717,1.7581864090801942,1.0,1.0,1.0,0.9932181721147457,0.9932181721147457,0,nominal,0.0,0.0,0.0,0.0,0.0,0.0,0.0,0.0,0.0,0.0,0.0,0.0
10050,5248.364592221687,84.8616132584774,1108.8605519563853,79.5006163367695,73.31933105731856,14.274384876714475,27.104644906884364,49.34160583013381,1.7594137461577122,1.0,1.0,1.0,0.9932050451874785,0.9932050451874785,0,nominal,0.0,0.0,0.0,0.0,0.0,0.0,0.0,0.0,0.0,0.0,0.0,0.0
10100,5250.665355281859,84.90569631811815,1108.738018435291,79.57591897678702,73.31623996084078,14.273713820821923,27.1277762138732,49.35845751944238,1.7604657631926215,1.0,1.0,1.0,0.9931937916160466,0.9931937916160466,0,nominal,0.0,0.0,0.0,0.0,0.0,0.0,0.0,0.0,0.0,0.0,0.0,0.0
10150,5252.637437904863,84.94978593132976,1108.615669466477,79.65115448538705,73.31302261632956,14.27313863005688,27.149402317276483,49.37616041104366,1.7613675020812658,1.0,1.0,1.0,0.9931841442871583,0.9931841442871583,0,nominal,0.0,0.0,0.0,0.0,0.0,0.0,0.0,0.0,0.0,0.0,0.0,0.0
10200,5254.3277944388665,84.99387817921075,1108.4931794171907,79.72631497520996,73.30969994419497,14.272645609401131,27.169730181598222,49.39457838459785,1.7621404283785824,1.0,1.0,0.9999999999999997,0.9931758741116352,0.9931758741116352,0,nominal,0.0,0.0,0.0,0.0,0.0,0.0,0.0,0.0,0.0,0.0,0.0,0.0
10250,5255.776671468012,85.03796971125172,1108.3702873110146,79.8013937559898,73.30628981813216,14.272223020267628,27.18893699875124,49.41359454595095,1.762802941898079,1.0,1.0,0.9999999999999997,0.9931687846281543,0.9931687846281543,0,nominal,0.0,0.0,0.0,0.0,0.0,0.0,0.0,0.0,0.0,0.0,0.0,0.0
10300,5257.018566064423,85.08205766360157,1108.2467867848864,79.87638516221665,73.30280750623132,14.271860801010341,27.207174540763436,49.433108593447855,1.763370814458075,1.0,1.0,0.9999999999999997,0.9931627073684113,0.9931627073684113,0,nominal,0.0,0.0,0.0,0.0,0.0,0.0,0.0,0.0,0.0,0.0,0.0,0.0
10350,5258.083047147061,85.12613958911396,1108.1225175002887,79.9512844054995,73.29926604828448,14.27155032736124,27.22457285978873,49.45303452612233,1.7638575651552924,1.0,1.0,1.0,0.9931574978774409,0.9931574978774409,0,nominal,0.0,0.0,0.0,0.0,0.0,0.0,0.0,0.0,0.0,0.0,0.0,0.0
10400,5258.995459503607,85.17021339746748,1107.9973578059617,80.02608744810647,73.29567657850481,14.27128420709058,27.24124343745908,49.47329865465331,1.764274782072004,1.0,1.0,1.0,0.993153032297339,0.993153032297339,0,nominal,0.0,0.0,0.0,0.0,0.0,0.0,0.0,0.0,0.0,0.0,0.0,0.0
10450,5259.777527237789,85.2142773039032,1107.871218476368,80.10079089465592,73.29204860154643,14.271056104001444,27.25728186863247,49.49383787889512,1.7646323980562462,1.0,1.0,1.0,0.9931492044352629,0.9931492044352629,0,nominal,0.0,0.0,0.0,0.0,0.0,0.0,0.0,0.0,0.0,0.0,0.0,0.0
10500,5260.447871009946,85.25832978533447,1107.74403737382,80.17539189936292,73.28839022857598,14.270860587067899,27.272770150677594,49.51459819901088,1.764938927127064,1.0,1.0,1.0,0.9931459232475216,0.9931459232475216,0,nominal,0.0,0.0,0.0,0.0,0.0,0.0,0.0,0.0,0.0,0.0,0.0,0.0
10550,5261.02245138608,85.3023695427654,1107.615774902908,80.24988808661294,73.2847083791724,14.27069300112486,27.2877786379843,49.535533430526996,1.765201667123419,1.0,1.0,1.0,0.993143110681047,0.993143110681047,0,nominal,0.0,0.0,0.0,0.0,0.0,0.0,0.0,0.0,0.0,0.0,0.0,0.0
10600,5261.514948851338,85.34639546910904,1107.4864101439516,80.32427748295265,73.28100895399818,14.270549356030825,27.30236771192144,49.55660409683331,1.7654268734146215,1.0,1.0,1.0,0.9931406998217339,0.9931406998217339,0,nominal,0.0,0.0,0.0,0.0,0.0,0.0,0.0,0.0,0.0,0.0,0.0,0.0
10650,5261.937089535845,85.39040662162716,1107.355937567932,80.39855845886063,73.27729698247097,14.270426231664512,27.316589208604935,49.57777647568219,1.7656199078031338,1.0,1.0,1.0,0.9931386333062019,0.9931386333062019,0,nominal,0.0,0.0,0.0,0.0,0.0,0.0,0.0,0.0,0.0,0.0,0.0,0.0
10700,5262.298924408279,85.43440219832712,1107.224364249012,80.47272967889415,73.27357674905286,14.270320696493382,27.330487640290713,49.599021779045,1.7657853661614415,1.0,1.0,0.9999999999999997,0.9931368619596439,0.9931368619596439,0,nominal,0.0,0.0,0.0,0.0,0.0,0.0,0.0,0.0,0.0,0.0,0.0,0.0
10750,5262.609068584651,85.4783815177459,1107.0917075025563,80.54679005900891,73.26985190125272,14.270230237775277,27.344101240731163,49.620315448236724,1.7659271878393095,1.0,1.0,1.0,0.9931353436276726,0.9931353436276726,0,nominal,0.0,0.0,0.0,0.0,0.0,0.0,0.0,0.0,0.0,0.0,0.0,0.0
10800,5262.8749064501135,85.52234400163542,1106.9579928867615,80.62073873002169,73.26612554198809,14.270152701731181,27.357462860242077,49.641636548520665,1.7660487494445332,1.0,1.0,0.9999999999999997,0.9931340421746111,0.9931340421746111,0,nominal,0.0,0.0,0.0,0.0,0.0,0.0,0.0,0.0,0.0,0.0,0.0,0.0
10850,5263.102767477652,85.56628916013148,1106.8232525148137,80.69457500633268,73.26240030857127,14.270086242264817,27.370600732361293,49.66296724945244,1.766152945228643,1.0,1.0,1.0,0.9931329266245651,0.9931329266245651,0,nominal,0.0,0.0,0.0,0.0,0.0,0.0,0.0,0.0,0.0,0.0,0.0,0.0
10900,5263.298076929828,85.61021657905007,1106.6875236320552,80.76829835915174,73.25867844025592,14.270029277007932,27.383539130724067,49.684292379041985,1.766242255990579,1.0,1.0,1.0,0.9931319704249614,0.9931319704249614,0,nominal,0.0,0.0,0.0,0.0,0.0,0.0,0.0,0.0,0.0,0.0,0.0,0.0
10950,5263.465485031694,85.6541259090057,1106.5508474191724,80.84190839358018,73.25496183600062,14.269980449644887,27.39629893202352,49.70559904140753,1.7663188081381498,1.0,1.0,0.9999999999999997,0.9931311508151256,0.9931311508151256,0,nominal,0.0,0.0,0.0,0.0,0.0,0.0,0.0,0.0,0.0,0.0,0.0,0.0
11000,5263.6089776904355,85.6980168560898,1106.4132679880177,80.91540482899433,73.25125210386594,14.269938597619422,27.408898098592392,49.72687628899799,1.7663844243130034,1.0,1.0,1.0,0.9931304482849332,0.9931304482849332,0,nominal,0.0,0.0,0.0,0.0,0.0,0.0,0.0,0.0,0.0,0.0,0.0,0.0
11050,5263.731971397929,85.74188917388602,1106.2748315414774,80.98878748225502,73.24755060325643,14.269902724454738,27.421352092162195,49.748114841682344,1.7664406667840884,1.0,1.0,0.9999999999999997,0.9931298461107042,0.9931298461107042,0,nominal,0.0,0.0,0.0,0.0,0.0,0.0,0.0,0.0,0.0,0.0,0.0,0.0
11100,5263.837394575779,85.78574265662996,1106.1355856729497,81.06205625333723,73.24385848104382,14.269871976027863,27.433674228673016,49.7693068460682,1.7664888746425018,1.0,1.0,1.0,0.9931293299573296,0.9931293299573296,0,nominal,0.0,0.0,0.0,0.0,0.0,0.0,0.0,0.0,0.0,0.0,0.0,0.0
11150,5263.927757299652,85.82957713334991,1105.9955787845188,81.13521111303072,73.24017670245715,14.2698456202334,27.445875982575338,49.790445669335085,1.7665301956831254,1.0,1.0,1.0,0.9931288875371866,0.9931288875371866,0,nominal,0.0,0.0,0.0,0.0,0.0,0.0,0.0,0.0,0.0,0.0,0.0,0.0
11200,5264.00521106297,85.87339246284716,1105.854859605955,81.20825209241428,73.23650607749813,14.26982302955243,27.457967247845197,49.811525722667625,1.7665656137319898,1.0,1.0,0.9999999999999997,0.9931285083177428,0.9931285083177428,0,nominal,0.0,0.0,0.0,0.0,0.0,0.0,0.0,0.0,0.0,0.0,0.0,0.0
11250,5264.071600002958,85.91718852939624,1105.7134767992738,81.28117927384773,73.23284728352915,14.269803666111603,27.469956561892406,49.83254231006334,1.766595972069898,1.0,1.0,1.0,0.993128183270905,0.993128183270905,0,nominal,0.0,0.0,0.0,0.0,0.0,0.0,0.0,0.0,0.0,0.0,0.0,0.0
11300,5264.128504808662,85.96096523906147,1105.5714786358126,81.35399278326372,73.22920088458866,14.269787068876607,27.481851297654654,49.8534914988888,1.7666219935099636,1.0,1.0,1.0,0.9931279046581538,0.9931279046581538,0,nominal,0.0,0.0,0.0,0.0,0.0,0.0,0.0,0.0,0.0,0.0,0.0,0.0
11350,5264.177280356408,86.0047225165415,1105.4289127346879,81.42669278357164,73.22556734790759,14.269772842675183,27.493657828409074,49.874370009068045,1.7666442976070094,1.0,1.0,0.9999999999999997,0.9931276658463605,0.9931276658463605,0,nominal,0.0,0.0,0.0,0.0,0.0,0.0,0.0,0.0,0.0,0.0,0.0,0.0
11400,5264.219087968762,86.0484603024662,1105.2858258531378,81.49927946901403,73.22194705803206,14.269760648788246,27.50538166918575,49.89517511823313,1.7666634154085605,1.0,1.0,0.9999999999999997,0.9931274611499028,0.9931274611499028,0,nominal,0.0,0.0,0.0,0.0,0.0,0.0,0.0,0.0,0.0,0.0,0.0,0.0
11450,5264.254923065066,86.0921785510813,1105.1422637206401,81.57175306033793,73.2183403288992,14.269750196885155,27.517027598111323,49.91590458054479,1.7666798020986048,1.0,1.0,1.0,0.99312728569533,0.99312728569533,0,nominal,0.0,0.0,0.0,0.0,0.0,0.0,0.0,0.0,0.0,0.0,0.0,0.0
11500,5264.2856388618975,86.1358772282648,1104.9982709099008,81.64411380066406,73.21474741416222,14.269741238111079,27.528599760535684,49.936556557219,1.7666938478351317,1.0,1.0,1.0,0.9931271353053538,0.9931271353053538,0,nominal,0.0,0.0,0.0,0.0,0.0,0.0,0.0,0.0,0.0,0.0,0.0,0.0
11550,5264.311966687753,86.17955630982794,1104.8538907388233,81.71636195195333,73.21116851601842,14.269733559161871,27.54010175838845,49.95712955707616,1.7667058870394867,1.0,1.0,1.0,0.993127006399408,0.993127006399408,0,nominal,0.0,0.0,0.0,0.0,0.0,0.0,0.0,0.0,0.0,0.0,0.0,0.0
11600,5264.334533395629,86.22321578005989,1104.7091651984483,81.78849779198447,73.20760379275677,14.269726977205409,27.55153672686315,49.97762238567111,1.766716206358694,1.0,1.0,1.0,0.9931268959084123,0.9931268959084123,0,nominal,0.0,0.0,0.0,0.0,0.0,0.0,0.0,0.0,0.0,0.0,0.0,0.0
11650,5264.3538762880935,86.26685563048113,1104.5641349025937,81.86052161176934,73.20405336521051,14.26972133552844,27.5629074002278,49.99803410176736,1.7667250514903168,1.0,1.0,1.0,0.9931268012017089,0.9931268012017089,0,nominal,0.0,0.0,0.0,0.0,0.0,0.0,0.0,0.0,0.0,0.0,0.0,0.0
11700,5264.370455910207,86.31047585877553,1104.41883905557,81.93243371334285,73.2005173222732,14.269716499805323,27.574216168305778,50.01836398009837,1.7667326330323487,1.0,1.0,1.0,0.9931267200244347,0.9931267200244347,0,nominal,0.0,0.0,0.0,0.0,0.0,0.0,0.0,0.0,0.0,0.0,0.0,0.0
11750,5264.384667014875,86.3540764678761,1104.2733154348853,82.00423440787353,73.19699572561389,14.269712354899795,27.58546512495066,50.0386114795095,1.766739131497419,1.0,1.0,0.9999999999999997,0.9931266504438406,0.9931266504438406,0,nominal,0.0,0.0,0.0,0.0,0.0,0.0,0.0,0.0,0.0,0.0,0.0,0.0
11800,5264.396847961733,86.39765746518145,1104.1276003863231,82.07592401404855,73.19348861370727,14.26970880212363,27.596656109650755,50.058776215704626,1.7667447016106823,1.0,1.0,0.9999999999999997,0.9931265908032774,0.9931265908032774,0,nominal,0.0,0.0,0.0,0.0,0.0,0.0,0.0,0.0,0.0,0.0,0.0,0.0
11850,5264.407288773326,86.4412188618852,1103.9817288291752,82.14750285669356,73.18999600527796,14.269705756886912,27.6077907432381,50.07885793793356,1.7667494759937339,1.0,1.0,1.0,0.9931265396827552,0.9931265396827552,0,nominal,0.0,0.0,0.0,0.0,0.0,0.0,0.0,0.0,0.0,0.0,0.0,0.0
11900,5264.416238040406,86.48476067240136,1103.8357342697436,82.21897126559372,73.18651790224376,14.269703146684014,27.618870458537696,50.098856509051515,1.7667535683222504,1.0,1.0,1.0,0.9931264958651357,0.9931264958651357,0,nominal,0.0,0.0,0.0,0.0,0.0,0.0,0.0,0.0,0.0,0.0,0.0,0.0
11950,5264.42390884076,86.52828291387266,1103.6896488215298,82.2903295744868,73.18305429223027,14.269700909367245,27.629896526674965,50.11877188846434,1.7667570760325446,1.0,1.0,1.0,0.9931264583071547,0.9931264583071547,0,nominal,0.0,0.0,0.0,0.0,0.0,0.0,0.0,0.0,0.0,0.0,0.0,0.0
12000,5264.430483812493,86.5717856057492,1103.5435032307546,82.36157812020343,73.17960515071897,14.269698991667154,27.640870079656576,50.13860411754257,1.7667600826414689,1.0,1.0,0.9999999999999997,0.9931264261145837,0.9931264261145837,0,nominal,0.0,0.0,0.0,0.0,0.0,0.0,0.0,0.0,0.0,0.0,0.0,0.0
12050,5264.4361195025485,86.61526876942787,1103.397326906087,82.43271724193363,73.17617044288185,14.269697347924224,27.651792129753375,50.15835330714838,1.7667626597349073,1.0,1.0,1.0,0.9931263985209401,0.9931263985209401,0,nominal,0.0,0.0,0.0,0.0,0.0,0.0,0.0,0.0,0.0,0.0,0.0,0.0
12100,5264.4409500940255,86.65873242794373,1103.2511479516224,82.50374728060109,73.17275012514767,14.269695939001709,27.662663586138542,50.178019626969785,1.7667648686721953,1.0,1.0,1.0,0.993126374869237,0.993126374869237,0,nominal,0.0,0.0,0.0,0.0,0.0,0.0,0.0,0.0,0.0,0.0,0.0,0.0
12150,5264.445090601005,86.70217660570586,1103.1049932023088,82.57466857832992,73.16934414653898,14.26969473135384,27.673485269170357,50.197603296401844,1.7667667620470517,1.0,1.0,1.0,0.9931263545963425,0.9931263545963425,0,nominal,0.0,0.0,0.0,0.0,0.0,0.0,0.0,0.0,0.0,0.0,0.0,0.0
12200,5264.448639606988,86.74560132827116,1102.9588882611533,82.64548147799019,73.16595244981268,14.269693696227094,27.684257922653263,50.217104576750984,1.7667683849398161,1.0,1.0,1.0,0.9931263372195711,0.9931263372195711,0,nominal,0.0,0.0,0.0,0.0,0.0,0.0,0.0,0.0,0.0,0.0,0.0,0.0
12250,5264.451681612116,86.78900662215085,1102.8128575376431,82.71618632281138,73.16257497243295,14.2696928089756,27.694982224363745,50.236523764571004,1.7667697759907786,1.0,1.0,0.9999999999999997,0.9931263223251924,0.9931263223251924,0,nominal,0.0,0.0,0.0,0.0,0.0,0.0,0.0,0.0,0.0,0.0,0.0,0.0
12300,5264.454289045083,86.83239251464505,1102.6669242869234,82.78678345605346,73.15921164740026,14.269692048474317,27.70565879508734,50.25586118596827,1.7667709683201904,1.0,1.0,1.0,0.9931263095585795,0.9931263095585795,0,nominal,0.0,0.0,0.0,0.0,0.0,0.0,0.0,0.0,0.0,0.0,0.0,0.0
12350,5264.4565239876265,86.87575903370117,1102.521110649337,82.85727322072773,73.15586240395766,14.269691396616077,27.716288206377474,50.27511719173521,1.7667719903168415,1.0,1.0,0.9999999999999997,0.9931262986157666,0.9931262986157666,0,nominal,0.0,0.0,0.0,0.0,0.0,0.0,0.0,0.0,0.0,0.0,0.0,0.0
12400,5264.458439652663,86.91910620779299,1102.3754376900147,82.9276559593597,73.15252716819171,14.26969083788044,27.7268709872174,50.29429215319262,1.7667728663139795,1.0,1.0,1.0,0.9931262892362114,0.9931262892362114,0,nominal,0.0,0.0,0.0,0.0,0.0,0.0,0.0,0.0,0.0,0.0,0.0,0.0
12450,5264.460081651267,86.96243406581698,1102.2299254382506,82.9979320137885,73.1492058635437,14.269690358964182,27.73740762974081,50.313386458638625,1.7667736171686756,1.0,1.0,0.9999999999999997,0.9931262811965919,0.9931262811965919,0,nominal,0.0,0.0,0.0,0.0,0.0,0.0,0.0,0.0,0.0,0.0,0.0,0.0
12500,5264.461489078641,87.00574263700406,1102.0845929264547,83.06810172499723,73.14589841124338,14.26968994846453,27.7478985941444,50.33240051031632,1.7667742607584187,1.0,1.0,1.0,0.9931262743054884,0.9931262743054884,0,nominal,0.0,0.0,0.0,0.0,0.0,0.0,0.0,0.0,0.0,0.0,0.0,0.0
12550,5264.462695444961,87.0490319508441,1101.939458228508,83.13816543296969,73.14260473067715,14.269689596607686,27.758344312907116,50.35133472182543,1.7667748124067737,1.0,1.0,1.0,0.9931262683988278,0.9931262683988278,0,nominal,0.0,0.0,0.0,0.0,0.0,0.0,0.0,0.0,0.0,0.0,0.0,0.0
12600,5264.4637294732365,87.09230203702151,1101.7945384973896,83.20812347657005,73.13932473969949,14.269689295016105,27.76874519441404,50.37018951591332,1.7667752852482237,1.0,1.0,1.0,0.9931262633359756,0.9931262633359756,0,nominal,0.0,0.0,0.0,0.0,0.0,0.0,0.0,0.0,0.0,0.0,0.0,0.0
12650,5264.464615783187,87.13555292536006,1101.6498500019602,83.27797619344165,73.13605835489614,14.269689036509035,27.779101626069547,50.38896532259091,1.7667756905408976,1.0,1.0,0.9999999999999997,0.9931262589963877,0.9931262589963877,0,nominal,0.0,0.0,0.0,0.0,0.0,0.0,0.0,0.0,0.0,0.0,0.0,0.0
12700,5264.465375477429,87.17878464577626,1101.5054081628314,83.34772391992249,73.13280549180575,14.269688814931548,27.789413976972067,50.407662577526516,1.766776037934619,1.0,1.0,1.0,0.9931262552767407,0.9931262552767407,0,nominal,0.0,0.0,0.0,0.0,0.0,0.0,0.0,0.0,0.0,0.0,0.0,0.0
12750,5264.466026643923,87.22199722823927,1101.361227587252,83.4173669909751,73.12956606510613,14.269688625007989,27.799682600212517,50.42628172067702,1.7667763357006665,1.0,1.0,1.0,0.9931262520884716,0.9931262520884716,0,nominal,0.0,0.0,0.0,0.0,0.0,0.0,0.0,0.0,0.0,0.0,0.0,0.0
12800,5264.466584786632,87.26519070273696,1101.217322102968,83.48690574012812,73.12633998876983,14.269688462216365,27.809907834849742,50.44482319512253,1.7667765909287076,1.0,1.0,1.0,0.9931262493556695,0.9931262493556695,0,nominal,0.0,0.0,0.0,0.0,0.0,0.0,0.0,0.0,0.0,0.0,0.0,0.0
12850,5264.467063194668,87.308365099247,1101.0737047910307,83.55634049942864,73.1231271761938,14.269688322680688,27.820090007608826,50.463287446074766,1.7667768096956007,1.0,1.0,1.0,0.9931262470132675,0.9931262470132675,0,nominal,0.0,0.0,0.0,0.0,0.0,0.0,0.0,0.0,0.0,0.0,0.0,0.0
12900,5264.467473258699,87.35152044771235,1100.9303880175316,83.625671599403,73.1199275403065,14.269688203078678,27.830229434341266,50.48167492003384,1.766776997210082,1.0,1.0,0.9999999999999997,0.9931262450054943,0.9931262450054943,0,nominal,0.0,0.0,0.0,0.0,0.0,0.0,0.0,0.0,0.0,0.0,0.0,0.0
12950,5264.467824742154,87.39465677802048,1100.7873834642592,83.69489936902562,73.11674099365574,14.269688100562671,27.840326421281155,50.49998606407256,1.766777157936779,1.0,1.0,1.0,0.9931262432845459,0.9931262432845459,0,nominal,0.0,0.0,0.0,0.0,0.0,0.0,0.0,0.0,0.0,0.0,0.0,0.0
13000,5264.468126013688,87.4377741199857,1100.6447021582767,83.76402413569377,73.11356744847988,14.269688012691805,27.850381266126067,50.51822132522936,1.7667772957025205,1.0,1.0,0.9999999999999997,0.9931262418094472,0.9931262418094472,0,nominal,0.0,0.0,0.0,0.0,0.0,0.0,0.0,0.0,0.0,0.0,0.0,0.0
13050,5264.46838424643,87.48087250333441,1100.5023545004306,83.83304622520825,73.11040681676498,14.269687937373925,27.860394258967172,50.536381149993794,1.766777413787442,1.0,1.0,0.9999999999999997,0.9931262405450769,0.9931262405450769,0,nominal,0.0,0.0,0.0,0.0,0.0,0.0,0.0,0.0,0.0,0.0,0.0,0.0
13100,5264.4686055887805,87.52395195769242,1100.3603502927976,83.90196596175838,73.10725901028935,14.269687872815739,27.870365683090522,50.554465983871886,1.7667775150030887,1.0,1.0,1.0,0.9931262394613308,0.9931262394613308,0,nominal,0.0,0.0,0.0,0.0,0.0,0.0,0.0,0.0,0.0,0.0,0.0,0.0
13150,5264.468795310796,87.56701251257465,1100.2186987650957,83.97078366791135,73.10412394065774,14.269687817480152,27.88029581566736,50.572476271019326,1.7667776017593568,1.0,1.0,0.9999999999999997,0.9931262385324057,0.9931262385324057,0,nominal,0.0,0.0,0.0,0.0,0.0,0.0,0.0,0.0,0.0,0.0,0.0,0.0
13200,5264.4689579296655,87.61005419737614,1100.077408600072,84.03949966460482,73.10100151932615,14.269687770049647,27.89018492834911,50.590412453932515,1.7667776761218732,1.0,1.0,1.0,0.993126237736184,0.993126237736184,0,nominal,0.0,0.0,0.0,0.0,0.0,0.0,0.0,0.0,0.0,0.0,0.0,0.0
13250,5264.469097317268,87.65307704136478,1099.936487957893,84.10811427114226,73.09789165761879,14.26968772939493,27.90003328778086,50.60827497318951,1.7667777398611733,1.0,1.0,1.0,0.9931262370537084,0.9931262370537084,0,nominal,0.0,0.0,0.0,0.0,0.0,0.0,0.0,0.0,0.0,0.0,0.0,0.0
13300,5264.469216792357,87.69608107367532,1099.7959444995677,84.17662780519112,73.09479426673812,14.269687694548027,27.909841156044507,50.626064267233,1.7667777944948584,1.0,1.0,0.9999999999999997,0.9931262364687293,0.9931262364687293,0,nominal,0.0,0.0,0.0,0.0,0.0,0.0,0.0,0.0,0.0,0.0,0.0,0.0
13350,5264.469319199575,87.7390663233042,1099.6557854094226,84.24504058278262,73.09170925776876,14.269687664679257,27.919608791041846,50.64378077218998,1.7667778413237318,1.0,1.0,1.0,0.9931262359673185,0.9931262359673185,0,nominal,0.0,0.0,0.0,0.0,0.0,0.0,0.0,0.0,0.0,0.0,0.0,0.0
13400,5264.46940697719,87.78203281910567,1099.516017416663,84.3133529183138,73.08863654167624,14.26968763907745,27.92933644682579,50.66142492172185,1.766777881462766,1.0,1.0,0.9999999999999997,0.9931262355375381,0.9931262355375381,0,nominal,0.0,0.0,0.0,0.0,0.0,0.0,0.0,0.0,0.0,0.0,0.0,0.0
13450,5264.469482215147,87.82498058978831,1099.3766468160443,84.3815651245506,73.0855760293011,14.269687617133048,27.939024373887214,50.678997146901224,1.7667779158676522,1.0,1.0,1.0,0.9931262351691547,0.9931262351691547,0,nominal,0.0,0.0,0.0,0.0,0.0,0.0,0.0,0.0,0.0,0.0,0.0,0.0
13500,5264.469546704824,87.86790966391249,1099.2376794876886,84.44967751263266,73.08252763134877,14.269687598323559,27.948672819403736,50.69649787611116,1.7667779453575552,1.0,1.0,1.0,0.9931262348533976,0.9931262348533976,0,nominal,0.0,0.0,0.0,0.0,0.0,0.0,0.0,0.0,0.0,0.0,0.0,0.0
13550,5264.46960198169,87.91082006988836,1099.0991209160684,84.5176903920788,73.0794912583761,14.269687582201138,27.958282027455585,50.713927534963624,1.7667779706346145,1.0,1.0,0.9999999999999997,0.9931262345827485,0.9931262345827485,0,nominal,0.0,0.0,0.0,0.0,0.0,0.0,0.0,0.0,0.0,0.0,0.0,0.0
13600,5264.469649361861,87.95371183597416,1098.9609762081936,84.58560407079369,73.07646682077439,14.269687568381924,27.967852239213492,50.731286546234394,1.7667779923006655,1.0,1.0,1.0,0.9931262343507636,0.9931262343507636,0,nominal,0.0,0.0,0.0,0.0,0.0,0.0,0.0,0.0,0.0,0.0,0.0,0.0
13650,5264.469689973436,87.99658499027515,1098.823250111027,84.65341885507496,73.07345422874964,14.26968755653688,27.97738369310229,50.74857532981192,1.766778010871567,1.0,1.0,1.0,0.9931262341519196,0.9931262341519196,0,nominal,0.0,0.0,0.0,0.0,0.0,0.0,0.0,0.0,0.0,0.0,0.0,0.0
13700,5264.469724783357,88.03943956074284,1098.685947028156,84.72113504962135,73.07045339230024,14.269687546383988,27.986876624943704,50.7657943026579,1.766778026789482,1.0,1.0,0.9999999999999997,0.9931262339814816,0.9931262339814816,0,nominal,0.0,0.0,0.0,0.0,0.0,0.0,0.0,0.0,0.0,0.0,0.0,0.0
13750,5264.4697546204325,88.08227557517444,1098.549071035753,84.78875295754096,73.06746422119224,14.269687537681506,27.996331268081477,50.78294387877845,1.7667780404334088,1.0,1.0,1.0,0.993126233835392,0.993126233835392,0,nominal,0.0,0.0,0.0,0.0,0.0,0.0,0.0,0.0,0.0,0.0,0.0,0.0
13800,5264.469780195069,88.12509306121257,1098.4126258978467,84.85627288036022,73.06448662493237,14.269687530222237,28.005747853490895,50.80002446920333,1.7667780521282028,1.0,1.0,1.0,0.9931262337101723,0.9931262337101723,0,nominal,0.0,0.0,0.0,0.0,0.0,0.0,0.0,0.0,0.0,0.0,0.0,0.0
13850,5264.469802116186,88.16789204634534,1098.2766150809352,84.92369511803315,73.0615205127391,14.269687523828578,28.01512660987528,50.81703648197289,1.7667780621523135,1.0,1.0,1.0,0.9931262336028412,0.9931262336028412,0,nominal,0.0,0.0,0.0,0.0,0.0,0.0,0.0,0.0,0.0,0.0,0.0,0.0
13900,5264.469820905714,88.21067255790655,1098.1410417679667,84.99101996895075,73.05856579351187,14.2696875183483,28.024467763751044,50.83398032213102,1.7667780707444074,1.0,1.0,0.9999999999999997,0.9931262335108432,0.9931262335108432,0,nominal,0.0,0.0,0.0,0.0,0.0,0.0,0.0,0.0,0.0,0.0,0.0,0.0
13950,5264.4698370110245,88.25343462307586,1098.005908871707,85.05824772995084,73.05562237579854,14.269687513650917,28.03377153952302,50.85085639172351,1.7667780781090592,1.0,1.0,1.0,0.9931262334319876,0.9931262334319876,0,nominal,0.0,0.0,0.0,0.0,0.0,0.0,0.0,0.0,0.0,0.0,0.0,0.0
14000,5264.469850815576,88.29617826887937,1097.8712190475326,85.12537869632797,73.05269016776097,14.269687509624589,28.043038159551397,50.86766508980082,1.7667780844216183,1.0,1.0,1.0,0.9931262333643972,0.9931262333643972,0,nominal,0.0,0.0,0.0,0.0,0.0,0.0,0.0,0.0,0.0,0.0,0.0,0.0
14050,5264.469862648049,88.33890352219015,1097.7369747056546,85.19241316184349,73.0497690771394,14.269687506173451,28.052267844211283,50.88440681242444,1.7667780898323833,1.0,1.0,0.9999999999999997,0.9931262333064625,0.9931262333064625,0,nominal,0.0,0.0,0.0,0.0,0.0,0.0,0.0,0.0,0.0,0.0,0.0,0.0
14100,5264.469872790168,88.38161040972881,1097.6031780228127,85.25935141873566,73.04685901121482,14.269687503215334,28.061460811946205,50.901081952676705,1.7667780944701814,1.0,1.0,1.0,0.9931262332568042,0.9931262332568042,0,nominal,0.0,0.0,0.0,0.0,0.0,0.0,0.0,0.0,0.0,0.0,0.0,0.0
14150,5264.469881483413,88.42429895806447,1097.4698309534538,85.32619375772998,73.0439598767702,14.269687500679806,28.070617279316153,50.91769090067321,1.7667780984454364,1.0,1.0,0.9999999999999997,0.99312623321424,0.99312623321424,0,nominal,0.0,0.0,0.0,0.0,0.0,0.0,0.0,0.0,0.0,0.0,0.0,0.0
14200,5264.4698889347665,88.46696919361534,1097.3369352404156,85.3929404680494,73.04107158005016,14.269687498506492,28.079737461040843,50.93423404357716,1.7667781018527982,1.0,1.0,1.0,0.9931262331777562,0.9931262331777562,0,nominal,0.0,0.0,0.0,0.0,0.0,0.0,0.0,0.0,0.0,0.0,0.0,0.0
14250,5264.46989532164,88.50962114264968,1097.2044924251418,85.45959183742474,73.03819402671907,14.269687496643652,28.088821570039304,50.95071176561614,1.766778104773395,1.0,1.0,0.9999999999999997,0.9931262331464845,0.9931262331464845,0,nominal,0.0,0.0,0.0,0.0,0.0,0.0,0.0,0.0,0.0,0.0,0.0,0.0
14300,5264.4699007961035,88.55225483128669,1097.072503857442,85.52614815210501,73.03532712181789,14.269687495046934,28.097869817465533,50.96712444809974,1.7667781072767632,1.0,1.0,0.9999999999999997,0.9931262331196803,0.9931262331196803,0,nominal,0.0,0.0,0.0,0.0,0.0,0.0,0.0,0.0,0.0,0.0,0.0,0.0
14350,5264.469905488501,88.5948702854975,1096.9409707048221,85.59260969686767,73.03247076971962,14.269687493678322,28.106882412741644,50.9834724694392,1.7667781094225063,1.0,1.0,0.9999999999999997,0.9931262330967052,0.9931262330967052,0,nominal,0.0,0.0,0.0,0.0,0.0,0.0,0.0,0.0,0.0,0.0,0.0,0.0
14400,5264.469909510556,88.63746753110604,1096.8098939613988,85.65897675502902,73.0296248740831,14.269687492505218,28.115859563588113,50.99975620516759,1.766778111261716,1.0,1.0,0.9999999999999997,0.9931262330770121,0.9931262330770121,0,nominal,0.0,0.0,0.0,0.0,0.0,0.0,0.0,0.0,0.0,0.0,0.0,0.0
14450,5264.469912958032,88.68004659379005,1096.6792744564168,85.72524960845442,73.02678933780575,14.269687491499708,28.124801476051783,51.015976027960996,1.7667781128381816,1.0,1.0,0.9999999999999997,0.9931262330601325,0.9931262330601325,0,nominal,0.0,0.0,0.0,0.0,0.0,0.0,0.0,0.0,0.0,0.0,0.0,0.0
14500,5264.469915913011,88.72260749908224,1096.5491128623885,85.7914285375686,73.02396406297457,14.269687490637835,28.133708354532033,51.03213230766037,1.766778114189437,1.0,1.0,0.9999999999999997,0.9931262330456642,0.9931262330456642,0,nominal,0.0,0.0,0.0,0.0,0.0,0.0,0.0,0.0,0.0,0.0,0.0,0.0
14550,5264.46991844585,88.76515027237122,1096.4194097028694,85.8575138213659,73.02114895081587,14.269687489899093,28.14258040180525,51.04822541129417,1.7667781153476572,1.0,1.0,1.0,0.9931262330332629,0.9931262330332629,0,nominal,0.0,0.0,0.0,0.0,0.0,0.0,0.0,0.0,0.0,0.0,0.0,0.0
14600,5264.469920616855,88.8076749389025,1096.290165359886,85.92350573742027,73.01834390164366,14.269687489265884,28.151417819047623,51.06425570310089,1.7667781163404166,1.0,1.0,1.0,0.9931262330226331,0.9931262330226331,0,nominal,0.0,0.0,0.0,0.0,0.0,0.0,0.0,0.0,0.0,0.0,0.0,0.0
14650,5264.469922477717,88.85018152377955,1096.161380081031,85.98940456189553,73.01554881480625,14.269687488723132,28.160220805856913,51.08022354455257,1.7667781171913521,1.0,1.0,1.0,0.9931262330135219,0.9931262330135219,0,nominal,0.0,0.0,0.0,0.0,0.0,0.0,0.0,0.0,0.0,0.0,0.0,0.0
14700,5264.469924072741,88.89267005196501,1096.0330539862425,86.0552105695553,73.01276358863171,14.269687488257917,28.168989560272916,51.096129294378045,1.7667781179207267,1.0,1.0,1.0,0.9931262330057122,0.9931262330057122,0,nominal,0.0,0.0,0.0,0.0,0.0,0.0,0.0,0.0,0.0,0.0,0.0,0.0
14750,5264.469925439905,88.93514054828154,1095.905187074277,86.12092403377295,73.00998812037163,14.269687487859159,28.177724278796944,51.11197330858658,1.7667781185459044,1.0,1.0,0.9999999999999997,0.9931262329990181,0.9931262329990181,0,nominal,0.0,0.0,0.0,0.0,0.0,0.0,0.0,0.0,0.0,0.0,0.0,0.0
14800,5264.46992661176,88.97759303741293,1095.7777792288907,86.18654522654157,73.00722230614336,14.26968748751737,28.18642515641048,51.12775594049145,1.766778119081771,1.0,1.0,1.0,0.9931262329932805,0.9931262329932805,0,nominal,0.0,0.0,0.0,0.0,0.0,0.0,0.0,0.0,0.0,0.0,0.0,0.0
14850,5264.469927616206,89.02002754390531,1095.6508302247462,86.25207441848374,73.00446604087078,14.269687487224406,28.195092386593075,51.14347754073382,1.7667781195410859,1.0,1.0,1.0,0.9931262329883624,0.9931262329883624,0,nominal,0.0,0.0,0.0,0.0,0.0,0.0,0.0,0.0,0.0,0.0,0.0,0.0
14900,5264.4699284771605,89.06244409216805,1095.5243397330496,86.3175118788613,73.00171921822336,14.269687486973295,28.203726161339482,51.159138457306355,1.7667781199347843,1.0,1.0,1.0,0.993126232984147,0.993126232984147,0,nominal,0.0,0.0,0.0,0.0,0.0,0.0,0.0,0.0,0.0,0.0,0.0,0.0
14950,5264.469929215121,89.10484270647487,1095.3983073269346,86.38285787558493,72.9989817305537,14.269687486758055,28.21232667117624,51.17473903557691,1.766778120272239,1.0,1.0,1.0,0.9931262329805338,0.9931262329805338,0,nominal,0.0,0.0,0.0,0.0,0.0,0.0,0.0,0.0,0.0,0.0,0.0,0.0
15000,5264.469929847659,89.14722341096484,1095.2727324866023,86.44811267522391,72.99625346883333,14.269687486573565,28.22089410517776,51.190279618312196,1.7667781205614865,1.0,1.0,0.9999999999999997,0.9931262329774369,0.9931262329774369,0,nominal,0.0,0.0,0.0,0.0,0.0,0.0,0.0,0.0,0.0,0.0,0.0,0.0
15050,5264.469930389834,89.18958622964357,1095.1476146042314,86.51327654301554,72.99353432258694,14.269687486415432,28.229428650981834,51.205760545701274,1.766778120809413,1.0,1.0,1.0,0.9931262329747822,0.9931262329747822,0,nominal,0.0,0.0,0.0,0.0,0.0,0.0,0.0,0.0,0.0,0.0,0.0,0.0
15100,5264.469930854556,89.23193118638397,1095.022952988662,86.5783497428746,72.99082417982468,14.269687486279887,28.237930494804715,51.22118215537887,1.7667781210219213,1.0,1.0,1.0,0.9931262329725067,0.9931262329725067,0,nominal,0.0,0.0,0.0,0.0,0.0,0.0,0.0,0.0,0.0,0.0,0.0,0.0
15150,5264.469931252889,89.27425830492768,1094.8987468698679,86.64333253740267,72.98812292697295,14.26968748616371,28.24639982145593,51.23654478244879,1.7667781212040718,1.0,1.0,0.9999999999999997,0.9931262329705565,0.9931262329705565,0,nominal,0.0,0.0,0.0,0.0,0.0,0.0,0.0,0.0,0.0,0.0,0.0,0.0
15200,5264.469931594317,89.31656760888569,1094.7749954032283,86.70822518789748,72.98543044880321,14.269687486064123,28.254836814352554,51.2518487595068,1.7667781213602005,1.0,1.0,1.0,0.9931262329688847,0.9931262329688847,0,nominal,0.0,0.0,0.0,0.0,0.0,0.0,0.0,0.0,0.0,0.0,0.0,0.0
15250,5264.46993188697,89.35885912173967,1094.6516976736025,86.77302795436208,72.98274662835905,14.269687485978766,28.263241655533278,51.267094416663724,1.7667781214940248,1.0,1.0,1.0,0.993126232967452,0.993126232967452,0,nominal,0.0,0.0,0.0,0.0,0.0,0.0,0.0,0.0,0.0,0.0,0.0,0.0
15300,5264.469932137815,89.40113286684283,1094.5288526992172,86.83774109551393,72.98007134688136,14.269687485905603,28.27161452567217,51.28228208156814,1.766778121608732,1.0,1.0,1.0,0.9931262329662237,0.9931262329662237,0,nominal,0.0,0.0,0.0,0.0,0.0,0.0,0.0,0.0,0.0,0.0,0.0,0.0
15350,5264.469932352825,89.44338886742094,1094.4064594353813,86.90236486879405,72.97740448373153,14.269687485842892,28.279955604092102,51.297412079428845,1.7667781217070515,1.0,1.0,1.0,0.9931262329651709,0.9931262329651709,0,nominal,0.0,0.0,0.0,0.0,0.0,0.0,0.0,0.0,0.0,0.0,0.0,0.0
15400,5264.469932537119,89.48562714657334,1094.284516778026,86.96689953037588,72.97474591631284,14.269687485789142,28.28826506877801,51.31248473303743,1.7667781217913259,1.0,1.0,0.9999999999999997,0.9931262329642685,0.9931262329642685,0,nominal,0.0,0.0,0.0,0.0,0.0,0.0,0.0,0.0,0.0,0.0,0.0,0.0
15450,5264.469932695086,89.52784772727392,1094.1630235670864,87.0313453351742,72.97209551998971,14.269687485743066,28.29654309638976,51.32750036279011,1.7667781218635605,1.0,1.0,1.0,0.993126232963495,0.993126232963495,0,nominal,0.0,0.0,0.0,0.0,0.0,0.0,0.0,0.0,0.0,0.0,0.0,0.0
15500,5264.469932830486,89.57005063237222,1094.0419785897234,87.09570253685399,72.96945316800502,14.269687485703576,28.304789862275083,51.34245928671009,1.766778121925477,1.0,1.0,0.9999999999999997,0.9931262329628321,0.9931262329628321,0,nominal,0.0,0.0,0.0,0.0,0.0,0.0,0.0,0.0,0.0,0.0,0.0,0.0
15550,5264.469932946543,89.61223588459416,1093.9213805834029,87.15997138783911,72.96681873139526,14.269687485669724,28.3130055404819,51.3573618204689,1.7667781219785472,1.0,1.0,1.0,0.993126232962264,0.993126232962264,0,nominal,0.0,0.0,0.0,0.0,0.0,0.0,0.0,0.0,0.0,0.0,0.0,0.0
15600,5264.469933046021,89.65440350654319,1093.801228238829,87.22415213932095,72.96419207890372,14.269687485640711,28.321190303770827,51.37220827740821,1.766778122024036,1.0,1.0,1.0,0.9931262329617768,0.9931262329617768,0,nominal,0.0,0.0,0.0,0.0,0.0,0.0,0.0,0.0,0.0,0.0,0.0,0.0
15650,5264.469933131287,89.69655352070129,1093.6815202027437,87.28824504126715,72.96157307689123,14.26968748561584,28.329344323627325,51.386998968561116,1.7667781220630274,1.0,1.0,1.0,0.9931262329613593,0.9931262329613593,0,nominal,0.0,0.0,0.0,0.0,0.0,0.0,0.0,0.0,0.0,0.0,0.0,0.0
15700,5264.469933204372,89.73868594942968,1093.5622550805974,87.35225034242984,72.95896158924508,14.269687485594524,28.3374677702736,51.40173420267314,1.766778122096448,1.0,1.0,1.0,0.9931262329610016,0.9931262329610016,0,nominal,0.0,0.0,0.0,0.0,0.0,0.0,0.0,0.0,0.0,0.0,0.0,0.0
15750,5264.469933267017,89.78080081497001,1093.4434314390937,87.41616829035434,72.95635747728538,14.269687485576254,28.345560812680493,51.416414286223116,1.7667781221250944,1.0,1.0,0.9999999999999997,0.9931262329606949,0.9931262329606949,0,nominal,0.0,0.0,0.0,0.0,0.0,0.0,0.0,0.0,0.0,0.0,0.0,0.0
15800,5264.469933320713,89.82289813944516,1093.325047808618,87.47999913138739,72.95376059966924,14.269687485560592,28.353623618579093,51.43103952344399,1.7667781221496484,1.0,1.0,1.0,0.9931262329604319,0.9931262329604319,0,nominal,0.0,0.0,0.0,0.0,0.0,0.0,0.0,0.0,0.0,0.0,0.0,0.0
15850,5264.469933366738,89.86497794486019,1093.2071026855529,87.54374311068545,72.9511708122926,14.269687485547168,28.361656354472323,51.44561021634328,1.7667781221706937,1.0,1.0,1.0,0.9931262329602065,0.9931262329602065,0,nominal,0.0,0.0,0.0,0.0,0.0,0.0,0.0,0.0,0.0,0.0,0.0,0.0
15900,5264.469933406187,89.90704025310322,1093.0895945344846,87.60740047222293,72.94858796818977,14.26968748553566,28.369659185646245,51.460126664723276,1.7667781221887335,1.0,1.0,1.0,0.9931262329600133,0.9931262329600133,0,nominal,0.0,0.0,0.0,0.0,0.0,0.0,0.0,0.0,0.0,0.0,0.0,0.0
15950,5264.469933440001,89.94908508594642,1092.9725217903078,87.67097145880035,72.9460119174303,14.269687485525798,28.37763227618122,51.47458916620105,1.7667781222041963,1.0,1.0,1.0,0.9931262329598477,0.9931262329598477,0,nominal,0.0,0.0,0.0,0.0,0.0,0.0,0.0,0.0,0.0,0.0,0.0,0.0
16000,5264.469933468985,89.99111246504685,1092.8558828602295,87.73445631205226,72.94344250701361,14.269687485517345,28.385575788963067,51.48899801622834,1.7667781222174501,1.0,1.0,1.0,0.9931262329597059,0.9931262329597059,0,nominal,0.0,0.0,0.0,0.0,0.0,0.0,0.0,0.0,0.0,0.0,0.0,0.0
16050,5220.530348622927,90.02786870154279,1093.1309541636288,87.79296494729931,72.94087958076108,14.269687485510097,25.300384139494643,45.89272518007535,1.6438284456096561,1.0,1.0,0.9999999999999997,0.9931262329595844,0.9931262329595844,0,nominal,0.0,0.0,0.0,0.0,0.0,0.0,0.0,0.0,0.0,0.0,0.0,0.0
16100,5139.236850878973,90.05928312332532,1093.7481421300263,87.84595101563411,72.925516284239,14.280672381721613,22.2782476949772,40.75095448894225,1.51557574507096,1.0,1.0,1.0,0.9933104002823807,0.9933104002823807,0,nominal,0.0,0.0,0.0,0.0,0.0,0.0,0.0,0.0,0.0,0.0,0.0,0.0
16150,5026.255301230008,90.08544915183523,1094.6636860139743,87.89310537525495,72.89901678349668,14.300995756157603,19.39587338951896,36.03977650882385,1.3861091324637742,1.0,1.0,1.0,0.9936498835589288,0.9936498835589288,0,nominal,0.0,0.0,0.0,0.0,0.0,0.0,0.0,0.0,0.0,0.0,0.0,0.0
16200,4886.466418600925,90.10658005384704,1095.8067078408671,87.934308904923,72.86217143013994,14.329241143569844,16.705054112277185,31.737646942874736,1.2584801086818675,1.0,1.0,1.0,0.9941190210244241,0.9941190210244241,0,nominal,0.0,0.0,0.0,0.0,0.0,0.0,0.0,0.0,0.0,0.0,0.0,0.0
16250,4724.082056680489,90.12302971266314,1096.8424767707002,87.96964376315577,72.81398444485598,14.335804968877346,14.268372097391254,27.88373136706606,1.1359977234852532,1.0,1.0,1.0,0.994227598637059,0.994227598637059,0,nominal,0.0,0.0,0.0,0.0,0.0,0.0,0.0,0.0,0.0,0.0,0.0,0.0
16300,4542.746040387147,90.13516445637231,1097.7800874313266,87.9992674675475,72.74877052981309,14.335804968877346,12.080672926557826,24.41996716910312,1.0193476208809995,1.0,1.0,1.0,0.994227598637059,0.994227598637059,0,nominal,0.0,0.0,0.0,0.0,0.0,0.0,0.0,0.0,0.0,0.0,0.0,0.0
16350,4345.622265487194,90.14337232711466,1098.6282734597526,88.02341337066252,72.64708755830321,14.335804968877346,10.142413471135303,21.320345330272218,0.9093596858092112,1.0,1.0,1.0,0.994227598637059,0.994227598637059,0,nominal,0.0,0.0,0.0,0.0,0.0,0.0,0.0,0.0,0.0,0.0,0.0,0.0
16400,4135.47267790193,90.14806181728562,1099.3953947249365,88.04238190702279,72.44798081709015,14.335804968877346,8.454229130886716,18.57776319260371,0.8067784862023974,1.0,0.9986034939271371,1.0,0.994227598637059,0.994227598637059,0,nominal,0.0,0.0,0.0,0.0,0.0,0.0,0.0,0.0,0.0,0.0,0.0,0.0
16450,3914.7279224184977,90.14964883999897,1100.0894367093802,88.05652166544883,71.97422186220751,14.335804968877346,7.010718082264802,16.188579023313807,0.7120488549621391,1.0,0.9892707714400236,1.0,0.994227598637059,0.9892707714400236,0,nominal,0.0,0.0,0.0,0.0,0.0,0.0,0.0,0.0,0.0,0.0,0.0,0.0
16500,3685.5541269798605,90.14854578914628,1100.7180246730527,88.06621310092163,70.8138261666762,14.335804968877346,5.80153032785245,14.151822259026765,0.6253767090977432,1.0,0.966411781884211,1.0,0.994227598637059,0.966411781884211,0,nominal,0.0,0.0,0.0,0.0,0.0,0.0,0.0,0.0,0.0,0.0,0.0,0.0
16550,3449.9211140044495,90.1451525135235,1101.2884426105734,88.07185475324184,68.48554456748518,14.335804968877346,4.8123413962554205,12.46881030105662,0.5467889105126068,1.0,0.9205462508728011,1.0,0.994227598637059,0.9205462508728011,0,nominal,0.0,0.0,0.0,0.0,0.0,0.0,0.0,0.0,0.0,0.0,0.0,0.0
16600,3209.6822614442076,90.13984921298481,1101.8076513623314,88.07385198606312,64.96792753575387,14.335804968877346,4.025830846246165,11.143400525263354,0.4761941166854823,1.0,0.8512516375789478,1.0,0.994227598637059,0.8512516375789478,0,nominal,0.0,0.0,0.0,0.0,0.0,0.0,0.0,0.0,0.0,0.0,0.0,0.0
16650,3003.763244964,90.13369886772841,1102.29695705852,88.07326696785685,60.74582468238744,14.335804968877344,3.8394175183772377,11.422855476698913,0.4269840132128583,1.0,0.7680791427133246,0.9999999999999997,0.9942275986370589,0.7680791427133246,0,nominal,0.0,0.0,0.0,0.0,0.0,0.0,0.0,0.0,0.0,0.0,0.0,0.0
16700,2827.261230838108,90.12683689891992,1102.7597509147722,88.07056862409661,56.93448775393476,14.335804968877346,3.6619284762223523,11.641676870842952,0.3868775331811083,1.0,0.6929984513795885,1.0,0.994227598637059,0.6929984513795885,0,nominal,0.0,0.0,0.0,0.0,0.0,0.0,0.0,0.0,0.0,0.0,0.0,0.0
16750,2675.973790158772,90.11937740189904,1103.199051584379,88.06613423484208,53.61965051266946,14.335804968877346,3.4977736866078764,11.814005001767354,0.3540134683175737,1.0,0.6276984591708038,1.0,0.994227598637059,0.6276984591708038,0,nominal,0.0,0.0,0.0,0.0,0.0,0.0,0.0,0.0,0.0,0.0,0.0,0.0
16800,2546.2988410050552,90.11141607119777,1103.6175245543554,88.0602684710795,50.766024869839576,14.335804968877348,3.348857172596921,11.95050208685172,0.32694796972441925,1.0,0.5714840152385727,0.9999999999999997,0.994227598637059,0.5714840152385727,0,nominal,0.0,0.0,0.0,0.0,0.0,0.0,0.0,0.0,0.0,0.0,0.0,0.0
16850,2435.148884587584,90.10303297762567,1104.0175096231828,88.05321835215517,48.31728001203791,14.335804968877346,3.215568951187187,12.059237160841477,0.3045541326864304,1.0,0.5232454416684527,1.0,0.994227598637059,0.5232454416684527,0,nominal,0.0,0.0,0.0,0.0,0.0,0.0,0.0,0.0,0.0,0.0,0.0,0.0
16900,2339.8774933726086,90.09429505975788,1104.4010516067465,88.04518498884494,46.21840317644093,14.335804968877344,3.097416556277704,12.146341249186369,0.2859468566938758,1.0,0.4818990252273952,0.9999999999999997,0.9942275986370589,0.4818990252273952,0,nominal,0.0,0.0,0.0,0.0,0.0,0.0,0.0,0.0,0.0,0.0,0.0,0.0
16950,2258.2163009026294,90.08525828590302,1104.7699314677684,88.03633280677423,44.42032144892829,14.335804968877346,2.993424399762854,12.216493162831116,0.2704264535247674,1.0,0.4464780635778528,1.0,0.994227598637059,0.4464780635778528,0,nominal,0.0,0.0,0.0,0.0,0.0,0.0,0.0,0.0,0.0,0.0,0.0,0.0
17000,2188.220993071219,90.07596949162757,1105.1256962976522,88.02679680138095,42.8803756909675,14.335804968877346,2.9023835818912027,12.27328029530498,0.25743619089765407,1.0,0.4161422013083656,1.0,0.994227598637059,0.4161422013083656,0,nominal,0.0,0.0,0.0,0.0,0.0,0.0,0.0,0.0,0.0,0.0,0.0,0.0
17050,2128.22501493001,90.06646792116226,1105.469687320322,88.01668825777966,41.56180385791072,14.335804968877346,2.8230054696419726,12.319467081934382,0.24653021186432045,1.0,0.390167251662734,1.0,0.994227598637059,0.390167251662734,0,nominal,0.0,0.0,0.0,0.0,0.0,0.0,0.0,0.0,0.0,0.0,0.0,0.0
17100,2076.7998908089735,90.05678650988375,1105.8030655301632,88.00609927405372,40.43302863526108,14.335804968877346,2.7540135172196463,12.357195170600457,0.2373491927953222,1.0,0.3679311634690479,1.0,0.994227598637059,0.3679311634690479,0,nominal,0.0,0.0,0.0,0.0,0.0,0.0,0.0,0.0,0.0,0.0,0.0,0.0
17150,2032.7212129909424,90.04695294625799,1106.126834838487,87.99510635126416,39.4669612125502,14.335804968877346,2.694195649312996,12.388133025502444,0.22960178515801122,1.0,0.34890030596845417,1.0,0.994227598637059,0.34890030596845417,0,nominal,0.0,0.0,0.0,0.0,0.0,0.0,0.0,0.0,0.0,0.0,0.0,0.0
17200,1994.9394891469158,90.03699054904104,1106.4418627562804,87.98377325438184,38.64037547163167,14.335804968877348,2.6424316699548402,12.41358803267702,0.22305039152263134,1.0,0.33261714075903076,0.9999999999999997,0.994227598637059,0.33261714075903076,0,nominal,0.0,0.0,0.0,0.0,0.0,0.0,0.0,0.0,0.0,0.0,0.0,0.0
17250,1962.5551544234643,90.02691899134567,1106.7488987283255,87.97215330230614,37.93336130088742,14.335804968877346,2.5977050668620913,12.434590753309323,0.21750020022756947,1.0,0.3186894524652075,1.0,0.994227598637059,0.3186894524652075,0,nominal,0.0,0.0,0.0,0.0,0.0,0.0,0.0,0.0,0.0,0.0,0.0,0.0
17300,1934.7971532319345,90.01675489859008,1107.0485902808373,87.9602912094386,37.32885233274122,14.335804968877344,2.5591052726209855,12.451958451577243,0.21279067974753227,1.0,0.30678104549466806,0.9999999999999997,0.9942275986370589,0.30678104549466806,0,nominal,0.0,0.0,0.0,0.0,0.0,0.0,0.0,0.0,0.0,0.0,0.0,0.0
17350,1911.0045807820518,90.00651234294861,1107.341497167166,87.94822457371396,36.8122198849269,14.335804968877344,2.525824290535594,12.466343168289637,0.20878893823391598,1.0,0.29660374496325403,0.9999999999999997,0.9942275986370589,0.29660374496325403,0,nominal,0.0,0.0,0.0,0.0,0.0,0.0,0.0,0.0,0.0,0.0,0.0,0.0
17400,1890.610947253581,89.9962032529939,1107.6281037031604,87.93598508474776,36.370924540232984,14.335804968877346,2.497150189136683,12.478268244066282,0.2053845047208644,1.0,0.2879105330578375,1.0,0.994227598637059,0.2879105330578375,0,nominal,0.0,0.0,0.0,0.0,0.0,0.0,0.0,0.0,0.0,0.0,0.0,0.0
17450,1873.130689943463,89.98583775384407,1107.9088294814264,87.92359950940909,35.9942174511901,14.335804968877346,2.47245905360987,12.488156187161048,0.20248520009674525,1.0,0.2804896649460432,1.0,0.994227598637059,0.2804896649460432,0,nominal,0.0,0.0,0.0,0.0,0.0,0.0,0.0,0.0,0.0,0.0,0.0,0.0
17500,1858.1476122490762,89.97542445030149,1108.1840386454724,87.91109049954326,35.672884368290916,14.335804968877344,2.451206385299567,12.49635003643931,0.20001384850293508,1.0,0.2741596263098982,0.9999999999999997,0.9942275986370589,0.2741596263098982,0,nominal,0.0,0.0,0.0,0.0,0.0,0.0,0.0,0.0,0.0,0.0,0.0,0.0
17550,1845.3049742253163,89.96497066313748,1108.4540478931003,87.89847725687503,35.3990263085915,14.335804968877346,2.432918551885595,12.503129819828256,0.1979056410075729,1.0,0.26876481266955826,1.0,0.994227598637059,0.26876481266955826,0,nominal,0.0,0.0,0.0,0.0,0.0,0.0,0.0,0.0,0.0,0.0,0.0,0.0
17600,1834.296998776379,89.95448262677746,1108.7191333648843,87.88577608264535,35.165871622205316,14.335804968877346,2.4171846390462712,12.508725301567607,0.19610600885990592,1.0,0.26417182722371835,1.0,0.994227598637059,0.26417182722371835,0,nominal,0.0,0.0,0.0,0.0,0.0,0.0,0.0,0.0,0.0,0.0,0.0,0.0
17650,1824.8615912487187,89.94396565509834,1108.9795365593013,87.87300083375095,34.96761495565528,14.335804968877348,2.403648892477962,12.513325910158068,0.1945688975114135,1.0,0.26026630853945404,0.9999999999999997,0.994227598637059,0.26026630853945404,0,nominal,0.0,0.0,0.0,0.0,0.0,0.0,0.0,0.0,0.0,0.0,0.0,0.0
17700,1816.7740990821526,89.93342428080769,1109.235469401748,87.86016330267057,34.79927925431742,14.335804968877344,2.3920038362363134,12.517088515341499,0.19325535793745774,1.0,0.25695021209617086,0.9999999999999997,0.9942275986370589,0.25695021209617086,0,nominal,0.0,0.0,0.0,0.0,0.0,0.0,0.0,0.0,0.0,0.0,0.0,0.0
17750,1809.8419629393816,89.92286237286964,1109.487118580792,87.84727353496993,34.65659749999777,14.335804968877346,2.3819840892281046,12.520143556375848,0.1921323908392424,1.0,0.25413948059797753,1.0,0.994227598637059,0.25413948059797753,0,nominal,0.0,0.0,0.0,0.0,0.0,0.0,0.0,0.0,0.0,0.0,0.0,0.0
17800,1803.9001319598635,89.91228323563558,1109.734649251895,87.83434009544908,34.53591135475737,14.335804968877346,2.3733608629361895,12.52259990028066,0.1911719936860916,1.0,0.25176204732740803,1.0,0.994227598637059,0.25176204732740803,0,nominal,0.0,0.0,0.0,0.0,0.0,0.0,0.0,0.0,0.0,0.0,0.0,0.0
17850,1798.8071339774197,89.90168969268314,1109.978208196681,87.82137029185213,34.43408428894134,14.335804968877346,2.3659371012559003,12.524548716572681,0.19035037147259007,1.0,0.24975612482790951,1.0,0.994227598637059,0.24975612482790951,0,nominal,0.0,0.0,0.0,0.0,0.0,0.0,0.0,0.0,0.0,0.0,0.0,0.0
17900,1794.4417071353248,89.89108415784091,1110.2179265147242,87.8083703633709,34.34842711954974,14.335804968877346,2.3595432117997954,12.5260665861328,0.18964728039584422,1.0,0.24806873806144394,1.0,0.994227598637059,0.24806873806144394,0,nominal,0.0,0.0,0.0,0.0,0.0,0.0,0.0,0.0,0.0,0.0,0.0,0.0
17950,1790.6999126992434,89.88046869544723,1110.4539219148078,87.79534563983174,34.27663418299131,14.335804968877346,2.3540333333079553,12.527218010235368,0.1890454800544717,1.0,0.24665446705605318,1.0,0.994227598637059,0.24665446705605318,0,nominal,0.0,0.0,0.0,0.0,0.0,0.0,0.0,0.0,0.0,0.0,0.0,0.0
18000,1787.4926603254596,89.86984507154278,1110.6863006636554,87.78230067638822,34.216728621169985,14.335804968877344,2.349282083314926,12.528057446985358,0.1885302747124578,1.0,0.24547436907974887,0.9999999999999997,0.9942275986370589,0.24547436907974887,0,nominal,0.0,0.0,0.0,0.0,0.0,0.0,0.0,0.0,0.0,0.0,0.0,0.0
18050,1784.7435868622163,89.859214797412,1110.9151592422254,87.76923936768497,34.167015477989864,14.335804968877344,2.3451817322797197,12.52863097317016,0.1880891280129765,1.0,0.24449505467422555,0.9999999999999997,0.9942275986370589,0.24449505467422555,0,nominal,0.0,0.0,0.0,0.0,0.0,0.0,0.0,0.0,0.0,0.0,0.0,0.0
18100,1782.3872381794363,89.84857916665612,1111.1405857526624,87.75616504476841,34.126041490081704,14.335804968877344,2.341639753872317,12.528977647410589,0.18771133853373012,1.0,0.2436878955600893,0.9999999999999997,0.9942275986370589,0.2436878955600893,0,nominal,0.0,0.0,0.0,0.0,0.0,0.0,0.0,0.0,0.0,0.0,0.0,0.0
18150,1780.3675107370534,89.83793928678699,1111.362661112922,87.7430805574615,34.09256061539724,14.335804968877344,2.338576705310056,12.529130633694013,0.1873877659434125,1.0,0.2430283455740983,0.9999999999999997,0.9942275986370589,0.2430283455740983,0,nominal,0.0,0.0,0.0,0.0,0.0,0.0,0.0,0.0,0.0,0.0,0.0,0.0
18200,1778.6363157864396,89.82729610617298,1111.581460070774,87.72998834446389,34.06550448019004,14.335804968877348,2.3359243960908467,12.529118131555823,0.18711059939626576,1.0,0.2424953584952047,0.9999999999999997,0.994227598637059,0.2424953584952047,0,nominal,0.0,0.0,0.0,0.0,0.0,0.0,0.0,0.0,0.0,0.0,0.0,0.0
18250,1777.1524344001991,89.81665043703725,1111.797052064287,87.71689049306752,34.04395704212077,14.335804968877346,2.3336243078924053,12.52896414935478,0.18687316129963225,1.0,0.24207088892531847,1.0,0.994227598637059,0.24207088892531847,0,nominal,0.0,0.0,0.0,0.0,0.0,0.0,0.0,0.0,0.0,0.0,0.0,0.0
18300,1775.8805360691358,89.80600297509818,1112.0095019519404,87.70378879007035,34.0271328676292,14.335804968877348,2.3316262326271078,12.528689149524181,0.18666974079207155,1.0,0.24173946436861846,0.9999999999999997,0.994227598637059,0.24173946436861846,0,nominal,0.0,0.0,0.0,0.0,0.0,0.0,0.0,0.0,0.0,0.0,0.0,0.0
18350,1774.7903374996529,89.79535431635134,1112.2188706320785,87.69068476521937,34.014358507729895,14.335804968877346,2.3298870995667227,12.528310588826013,0.1864954522410652,1.0,0.24148781834765787,1.0,0.994227598637059,0.24148781834765787,0,nominal,0.0,0.0,0.0,0.0,0.0,0.0,0.0,0.0,0.0,0.0,0.0,0.0
18400,1773.8558815829533,89.7847049714153,1112.4252155685122,87.67757972830316,34.00505653008465,14.335804968877344,2.3283699660349906,12.52784337207661,0.18634611485854244,1.0,0.2413045758462767,0.9999999999999997,0.9942275986370589,0.2413045758462767,0,nominal,0.0,0.0,0.0,0.0,0.0,0.0,0.0,0.0,0.0,0.0,0.0,0.0
18450,1773.0549193686395,89.77405537780021,1112.628591236536,87.66447480084082,33.99873182835283,14.335804968877346,2.3270431493959585,12.527300234244391,0.18621815017712984,1.0,0.24117998361330995,1.0,0.994227598637059,0.24117998361330995,0,nominal,0.0,0.0,0.0,0.0,0.0,0.0,0.0,0.0,0.0,0.0,0.0,0.0
18500,1772.368380327799,89.76340591040321,1112.8290495015053,87.65137094316793,33.99495988393521,14.335804968877346,2.325879480948123,12.52669206300908,0.1861084946593043,1.0,0.2411056789270898,1.0,0.994227598637059,0.2411056789270898,0,nominal,0.0,0.0,0.0,0.0,0.0,0.0,0.0,0.0,0.0,0.0,0.0,0.0
18550,1771.779918292793,89.75275689048954,1113.026639940275,87.63826897759776,33.99337670160529,14.335804968877344,2.3248556648871372,12.526028171645079,0.1860145251482362,1.0,0.24107449133437142,0.9999999999999997,0.9942275986370589,0.24107449133437142,0,nominal,0.0,0.0,0.0,0.0,0.0,0.0,0.0,0.0,0.0,0.0,0.0,0.0
18600,1771.2755222627877,89.74210859337995,1113.2214101142376,87.62516960823393,33.99367018027234,14.335804968877346,2.3239517277472577,12.525316530316536,0.18593399523084658,1.0,0.24108027266035423,1.0,0.994227598637059,0.24108027266035423,0,nominal,0.0,0.0,0.0,0.0,0.0,0.0,0.0,0.0,0.0,0.0,0.0,0.0
18650,1770.8431828084974,89.73146125503223,1113.4134058013833,87.6120734379241,33.99557271418975,14.335804968877346,2.3231505457011727,12.524563962447873,0.185864980884487,1.0,0.24111775125762497,1.0,0.994227598637059,0.24111775125762497,0,nominal,0.0,0.0,0.0,0.0,0.0,0.0,0.0,0.0,0.0,0.0,0.0,0.0
18700,1770.4726061333915,89.720815077677,1113.602671193656,87.59898098277091,33.998854849127994,14.335804968877346,2.32243743881729,12.523776311685705,0.1858058340298412,1.0,0.24118240703716906,1.0,0.994227598637059,0.24118240703716906,0,nominal,0.0,0.0,0.0,0.0,0.0,0.0,0.0,0.0,0.0,0.0,0.0,0.0
18750,1770.1549689833007,89.71017023464424,1113.7892490649388,87.58589268455552,34.003319843066635,14.335804968877348,2.3217998228700116,12.522958584036125,0.18575514282301625,1.0,0.24127036431777873,0.9999999999999997,0.994227598637059,0.24127036431777873,0,nominal,0.0,0.0,0.0,0.0,0.0,0.0,0.0,0.0,0.0,0.0,0.0,0.0
18800,1769.8827085689372,89.69952687449751,1113.9731809141717,87.57280892137567,34.00879900241916,14.335804968877346,2.321226910597802,12.522115069001769,0.18571169769649373,1.0,0.2413782999529214,1.0,0.994227598637059,0.2413782999529214,0,nominal,0.0,0.0,0.0,0.0,0.0,0.0,0.0,0.0,0.0,0.0,0.0,0.0
18850,1769.6493424994828,89.68888512457579,1114.1545070874208,87.55973001675687,34.01514768320408,14.335804968877346,2.320709455429558,12.521249442920192,0.18567446230741502,1.0,0.24150336455658594,1.0,0.994227598637059,0.24150336455658594,0,nominal,0.0,0.0,0.0,0.0,0.0,0.0,0.0,0.0,0.0,0.0,0.0,0.0
18900,1769.4493144399505,89.67824509402766,1114.3332668821367,87.54665624745672,34.02224186234716,14.335804968877348,2.320239531673416,12.520364857191689,0.18564254867727623,1.0,0.24164311496031737,0.9999999999999997,0.994227598637059,0.24164311496031737,0,nominal,0.0,0.0,0.0,0.0,0.0,0.0,0.0,0.0,0.0,0.0,0.0,0.0
18950,1769.277861817494,89.66760687641124,1114.509498636327,87.53358785015087,34.02997519782232,14.335804968877346,2.3198103460030635,12.519464013660079,0.18561519591333064,1.0,0.24179545630003377,1.0,0.994227598637059,0.24179545630003377,0,nominal,0.0,0.0,0.0,0.0,0.0,0.0,0.0,0.0,0.0,0.0,0.0,0.0
19000,1769.1309024268173,89.65697055192197,1114.6832398049655,87.52052502716151,34.03825650793116,14.335804968877346,2.31941607580212,12.518549229056891,0.185591751992001,1.0,0.2419585923595826,1.0,0.994227598637059,0.2419585923595826,0,nominal,0.0,0.0,0.0,0.0,0.0,0.0,0.0,0.0,0.0,0.0,0.0,0.0
19050,1769.0049372348085,89.64633618930173,1114.8545270255954,87.50746795136575,34.04700760996069,14.335804968877346,2.3190517305523826,12.517622490125275,0.1855716581609775,1.0,0.2421309829937991,1.0,0.994227598637059,0.2421309829937991,0,nominal,0.0,0.0,0.0,0.0,0.0,0.0,0.0,0.0,0.0,0.0,0.0,0.0
19100,1768.8969670702295,89.63570384747482,1115.0233961747776,87.49441677040198,34.05616146698078,14.335804968877344,2.3187130329900523,12.51668550079295,0.18555443558157134,1.0,0.24231130762170286,0.9999999999999997,0.9942275986370589,0.24231130762170286,0,nominal,0.0,0.0,0.0,0.0,0.0,0.0,0.0,0.0,0.0,0.0,0.0,0.0
19150,1768.8044212148761,89.62507357695034,1115.189882416791,87.4813716102745,34.065660598847685,14.335804968877348,2.318396317217429,12.515739722557287,0.18553967388810905,1.0,0.24249843392436926,0.9999999999999997,0.994227598637059,0.24249843392436926,0,nominal,0.0,0.0,0.0,0.0,0.0,0.0,0.0,0.0,0.0,0.0,0.0,0.0
19200,1768.725096196002,89.61444542102385,1115.3540202457648,87.46833257844304,34.075455719746024,14.335804968877344,2.318098441355859,12.514786409070748,0.1855270213881657,1.0,0.24269139100545403,0.9999999999999997,0.9942275986370589,0.24269139100545403,0,nominal,0.0,0.0,0.0,0.0,0.0,0.0,0.0,0.0,0.0,0.0,0.0,0.0
19250,1768.657103322681,89.60381941680731,1115.5158435222484,87.45529976647077,34.08550456997064,14.335804968877346,2.3178167126682534,12.51382663576842,0.1855161766675175,1.0,0.24288934637810586,1.0,0.994227598637059,0.24288934637810586,0,nominal,0.0,0.0,0.0,0.0,0.0,0.0,0.0,0.0,0.0,0.0,0.0,0.0
19300,1768.5988237169774,89.59319559611214,1115.6753855050656,87.44227325229366,34.095770914256214,14.335804968877346,2.3175488233736266,12.512861325254548,0.18550688139787636,1.0,0.24309158623275548,1.0,0.994227598637059,0.24309158623275548,0,nominal,0.0,0.0,0.0,0.0,0.0,0.0,0.0,0.0,0.0,0.0,0.0,0.0
19350,1768.5488697692315,89.58257398620583,1115.8326788791674,87.42925310216611,34.106223682909985,14.335804968877344,2.3172927956288536,12.511891269059955,0.1854989141746562,1.0,0.2432974985180268,0.9999999999999997,0.9942275986370589,0.2432974985180268,0,nominal,0.0,0.0,0.0,0.0,0.0,0.0,0.0,0.0,0.0,0.0,0.0,0.0
19400,1768.506052099735,89.5719546104607,1115.9877557800933,87.41623937232845,34.11683623538858,14.335804968877348,2.317046934369754,12.510917146292517,0.1854920852369419,1.0,0.2435065584337116,0.9999999999999997,0.994227598637059,0.2435065584337116,0,nominal,0.0,0.0,0.0,0.0,0.0,0.0,0.0,0.0,0.0,0.0,0.0,0.0
19450,1768.4693512401666,89.56133748890983,1116.1406478155477,87.40323211043648,34.12758572886229,14.335804968877348,2.3168097868898396,12.509939539626883,0.1854862319431325,1.0,0.24371831599192395,0.9999999999999997,0.994227598637059,0.24371831599192395,0,nominal,0.0,0.0,0.0,0.0,0.0,0.0,0.0,0.0,0.0,0.0,0.0,0.0
19500,1768.4378933605365,89.55072263872376,1116.2913860845324,87.39023135678678,34.138452576799516,14.335804968877348,2.316580108194882,12.508958949014977,0.18548121489393785,1.0,0.24393238535159,0.9999999999999997,0.994227598637059,0.24393238535159,0,nominal,0.0,0.0,0.0,0.0,0.0,0.0,0.0,0.0,0.0,0.0,0.0,0.0
19550,1768.4109294637108,89.54011007461901,1116.4400011943953,87.37723714536725,34.14941998473749,14.335804968877344,2.316356831308535,12.507975803443381,0.18547691460998014,1.0,0.2441484356734534,0.9999999999999997,0.9942275986370589,0.2441484356734534,0,nominal,0.0,0.0,0.0,0.0,0.0,0.0,0.0,0.0,0.0,0.0,0.0,0.0
19600,1768.3878175521459,89.52949980920835,1116.5865232761062,87.3642495047576,34.16047355223526,14.335804968877346,2.3161390418218897,12.506990471016914,0.18547322868457206,1.0,0.2443661832788254,1.0,0.994227598637059,0.2443661832788254,0,nominal,0.0,0.0,0.0,0.0,0.0,0.0,0.0,0.0,0.0,0.0,0.0,0.0
19650,1768.368007342233,89.51889185330094,1116.7309819980264,87.35126845890142,34.171600931573366,14.335804968877346,2.3159259560807497,12.50600326760754,0.18547006934364518,1.0,0.24458538492620557,1.0,0.994227598637059,0.24458538492620557,0,nominal,0.0,0.0,0.0,0.0,0.0,0.0,0.0,0.0,0.0,0.0,0.0,0.0
19700,1768.351027162308,89.50828621615977,1116.8734065783888,87.33829402776786,34.18279153511077,14.335804968877346,2.315716902490845,12.505014464272993,0.18546736135455485,1.0,0.2448058320464164,1.0,0.994227598637059,0.2448058320464164,0,nominal,0.0,0.0,0.0,0.0,0.0,0.0,0.0,0.0,0.0,0.0,0.0,0.0
19750,1768.3364727223718,89.49768290572229,1117.013825796676,87.3253262279191,34.19403628436203,14.335804968877346,2.3155113054955123,12.504024293620756,0.18546504023384608,1.0,0.24502734579959734,1.0,0.994227598637059,0.24502734579959734,0,nominal,0.0,0.0,0.0,0.0,0.0,0.0,0.0,0.0,0.0,0.0,0.0,0.0
19800,1768.323997488141,89.48708192878951,1117.1522680040598,87.3123650729969,34.2053273948465,14.335804968877346,2.315308671843907,12.503032955267516,0.18546305071121197,1.0,0.2452497728368848,1.0,0.994227598637059,0.2452497728368848,0,nominal,0.0,0.0,0.0,0.0,0.0,0.0,0.0,0.0,0.0,0.0,0.0,0.0
19850,1768.3133044302288,89.47648329118812,1117.288761133032,87.29941057413942,34.216658191610456,14.335804968877346,2.315108578822387,12.502040620522882,0.18546134541300463,1.0,0.24547298166632436,1.0,0.994227598637059,0.24547298166632436,0,nominal,0.0,0.0,0.0,0.0,0.0,0.0,0.0,0.0,0.0,0.0,0.0,0.0
19900,1768.3041389520183,89.46588699790954,1117.4233327063425,87.28646274033878,34.22802295104885,14.335804968877344,2.314910664168457,12.501047436407704,0.18545988373390182,1.0,0.24569685953687062,0.9999999999999997,0.9942275986370589,0.24569685953687062,0,nominal,0.0,0.0,0.0,0.0,0.0,0.0,0.0,0.0,0.0,0.0,0.0,0.0
19950,1768.296282827838,89.45529305322901,1117.5560098453366,87.27352157874759,34.2394167652777,14.335804968877344,2.3147146174267927,12.500053529101729,0.18545863086982797,1.0,0.24592130976661658,0.9999999999999997,0.9942275986370589,0.24592130976661658,0,nominal,0.0,0.0,0.0,0.0,0.0,0.0,0.0,0.0,0.0,0.0,0.0,0.0
20000,1768.289549007112,89.44470146080772,1117.6868192777824,87.2605870949418,34.2508354258417,14.335804968877344,2.3145201725411653,12.49905900690164,0.1854575569890755,1.0,0.24614624945191432,0.9999999999999997,0.9942275986370589,0.24614624945191432,0,nominal,0.0,0.0,0.0,0.0,0.0,0.0,0.0,0.0,0.0,0.0,0.0,0.0
20050,1768.2837771607756,89.43411222378046,1117.8157873452446,87.24765929314577,34.262275324000974,14.335804968877346,2.314327101505597,12.498063962759064,0.18545663652187155,1.0,0.2463716075030942,1.0,0.994227598637059,0.2463716075030942,0,nominal,0.0,0.0,0.0,0.0,0.0,0.0,0.0,0.0,0.0,0.0,0.0,0.0
20100,1768.2788298639157,89.42352534483064,1117.9429400100757,87.23473817642576,34.273733365233646,14.335804968877348,2.3141352089233296,12.49706847645835,0.18545584755146113,1.0,0.24659732296022355,0.9999999999999997,0.994227598637059,0.24659732296022355,0,nominal,0.0,0.0,0.0,0.0,0.0,0.0,0.0,0.0,0.0,0.0,0.0,0.0
20150,1768.27458932375,89.41294082625456,1118.0683028620638,87.22182374685514,34.285206895926486,14.335804968877348,2.3139443273437807,12.496072616485112,0.18545517129219566,1.0,0.24682334354896399,0.9999999999999997,0.994227598637059,0.24682334354896399,0,nominal,0.0,0.0,0.0,0.0,0.0,0.0,0.0,0.0,0.0,0.0,0.0,0.0
20200,1768.2709545750365,89.40235867001672,1118.191901124785,87.20891600565659,34.29669364051762,14.335804968877344,2.313754313266286,12.495076441629571,0.18545459164219485,1.0,0.24704962444232662,0.9999999999999997,0.9942275986370589,0.24704962444232662,0,nominal,0.0,0.0,0.0,0.0,0.0,0.0,0.0,0.0,0.0,0.0,0.0,0.0
20250,1768.2678390761394,89.39177887779704,1118.313759661697,87.19601495332375,34.30819164759983,14.335804968877344,2.3135650437152773,12.494080002362379,0.18545409479992334,1.0,0.24727612719894404,0.9999999999999997,0.9942275986370589,0.24727612719894404,0,nominal,0.0,0.0,0.0,0.0,0.0,0.0,0.0,0.0,0.0,0.0,0.0,0.0
20300,1768.265168648513,89.38120145103142,1118.433902981997,87.1831205897256,34.319699243707866,14.335804968877346,2.313376413305184,12.493083342015112,0.18545366893555001,1.0,0.24750281885271294,1.0,0.994227598637059,0.24750281885271294,0,nominal,0.0,0.0,0.0,0.0,0.0,0.0,0.0,0.0,0.0,0.0,0.0,0.0
20350,1768.2628797105478,89.37062639094643,1118.5523552462791,87.17023291419588,34.33121499369386,14.335804968877346,2.3131883317250566,12.49208649779329,0.18545330390926076,1.0,0.2477296711322163,1.0,0.994227598637059,0.2477296711322163,0,nominal,0.0,0.0,0.0,0.0,0.0,0.0,0.0,0.0,0.0,0.0,0.0,0.0
20400,1768.2609177637205,89.36005369858924,1118.6691402720048,87.15735192560976,34.342737666751766,14.335804968877346,2.313000721582872,12.491089501645629,0.18545299102981683,1.0,0.24795665979142967,1.0,0.994227598637059,0.24795665979142967,0,nominal,0.0,0.0,0.0,0.0,0.0,0.0,0.0,0.0,0.0,0.0,0.0,0.0
20450,1768.2592360950114,89.34948337485304,1118.7842815388117,87.1444776224497,34.35426620728578,14.335804968877344,2.312813516558095,12.49009238100989,0.18545272284760717,1.0,0.24818376403584877,0.9999999999999997,0.9942275986370589,0.24818376403584877,0,nominal,0.0,0.0,0.0,0.0,0.0,0.0,0.0,0.0,0.0,0.0,0.0,0.0
20500,1768.257794664689,89.338915420499,1118.8978021936714,87.13161000286175,34.365799709931444,14.335804968877348,2.3126266598184384,12.48909515945297,0.18545249297726724,1.0,0.2484109660304223,0.9999999999999997,0.994227598637059,0.2484109660304223,0,nominal,0.0,0.0,0.0,0.0,0.0,0.0,0.0,0.0,0.0,0.0,0.0,0.0
20550,1768.2565591529844,89.32834983617505,1119.0097250559124,87.11874906470393,34.37733739813821,14.335804968877346,2.3124401026630093,12.488097857220117,0.18545229594563953,1.0,0.24863825047764346,1.0,0.994227598637059,0.24863825047764346,0,nominal,0.0,0.0,0.0,0.0,0.0,0.0,0.0,0.0,0.0,0.0,0.0,0.0
20600,1768.2555001429519,89.31778662243187,1119.1200726221218,87.10589480558764,34.3888786058051,14.335804968877346,2.3122538033594964,12.487100491706205,0.18545212706145495,1.0,0.2488656042557855,1.0,0.994227598637059,0.2488656042557855,0,nominal,0.0,0.0,0.0,0.0,0.0,0.0,0.0,0.0,0.0,0.0,0.0,0.0
20650,1768.2545924200667,89.30722577973688,1119.22886707093,87.09304722291319,34.40042276153462,14.335804968877346,2.312067726147644,12.486103077860216,0.1854519823036323,1.0,0.24909301610871468,1.0,0.994227598637059,0.24909301610871468,0,nominal,0.0,0.0,0.0,0.0,0.0,0.0,0.0,0.0,0.0,0.0,0.0,0.0
20700,1768.2538143718796,89.2966673084859,1119.3361302676917,87.08020631390025,34.41196937513153,14.335804968877346,2.311881840385211,12.485105628532192,0.1854518582255351,1.0,0.24932047637992488,1.0,0.994227598637059,0.24932047637992488,0,nominal,0.0,0.0,0.0,0.0,0.0,0.0,0.0,0.0,0.0,0.0,0.0,0.0
20750,1768.2531474734333,89.28611120901337,1119.44188376907,87.067372075614,34.42351802602634,14.335804968877344,2.3116961198160895,12.484108154771107,0.18545175187290724,1.0,0.24954797678448942,0.9999999999999997,0.9942275986370589,0.24954797678448942,0,nominal,0.0,0.0,0.0,0.0,0.0,0.0,0.0,0.0,0.0,0.0,0.0,0.0
20800,1768.2525758461936,89.27555748160097,1119.5461488275278,87.05454450498752,34.43506835334914,14.335804968877348,2.311510541943063,12.483110666080405,0.1854516607135317,1.0,0.24977551021352126,0.9999999999999997,0.994227598637059,0.24977551021352126,0,nominal,0.0,0.0,0.0,0.0,0.0,0.0,0.0,0.0,0.0,0.0,0.0,0.0
20850,1768.2520858799883,89.26500612648516,1119.6489463957341,87.04172359884097,34.446620047418754,14.335804968877344,2.311325087490264,12.48211317063723,0.18545158257693856,1.0,0.2500030705665165,0.9999999999999997,0.9942275986370589,0.2500030705665165,0,nominal,0.0,0.0,0.0,0.0,0.0,0.0,0.0,0.0,0.0,0.0,0.0,0.0
20900,1768.2516659089551,89.25445714386359,1119.7502971308877,87.02890935389803,34.45817284244497,14.335804968877346,2.311139739942512,12.48111567548066,0.18545151560272655,1.0,0.25023065260759236,1.0,0.994227598637059,0.25023065260759236,0,nominal,0.0,0.0,0.0,0.0,0.0,0.0,0.0,0.0,0.0,0.0,0.0,0.0
20950,1768.251305933784,89.24391053390036,1119.8502213989645,87.01610176679998,34.46972651027148,14.335804968877348,2.3109544851505115,12.480118186673124,0.18545145819626688,1.0,0.2504582518422281,0.9999999999999997,0.994227598637059,0.2504582518422281,0,nominal,0.0,0.0,0.0,0.0,0.0,0.0,0.0,0.0,0.0,0.0,0.0,0.0
21000,1768.250997383637,89.23336629673105,1119.9487392788924,87.00330083411785,34.4812808550106,14.335804968877348,2.3107693109925354,12.47912070943904,0.18545140899073584,1.0,0.25068586441157237,0.9999999999999997,0.994227598637059,0.25068586441157237,0,nominal,0.0,0.0,0.0,0.0,0.0,0.0,0.0,0.0,0.0,0.0,0.0,0.0
21050,1768.2507329120826,89.22282443246644,1120.0458705666538,86.99050655236283,34.49283570844313,14.335804968877344,2.310584207084451,12.47812324828363,0.18545136681457056,1.0,0.2509134870018235,0.9999999999999997,0.9942275986370589,0.2509134870018235,0,nominal,0.0,0.0,0.0,0.0,0.0,0.0,0.0,0.0,0.0,0.0,0.0,0.0
21100,1768.2505062221787,89.21228494119617,1120.141634779322,86.97771891799505,34.50439092607373,14.335804968877346,2.3103991645312494,12.47712580709501,0.18545133066357486,1.0,0.25114111676652384,1.0,0.994227598637059,0.25114111676652384,0,nominal,0.0,0.0,0.0,0.0,0.0,0.0,0.0,0.0,0.0,0.0,0.0,0.0
21150,1768.250311916547,89.20174782299159,1120.2360511590314,86.96493792743132,34.515946383749,14.335804968877346,2.310214175714083,12.476128389231722,0.18545129967700943,1.0,0.25136875125993735,1.0,0.994227598637059,0.25136875125993735,0,nominal,0.0,0.0,0.0,0.0,0.0,0.0,0.0,0.0,0.0,0.0,0.0,0.0
21200,1768.2501453688626,89.19121307790829,1120.329138676887,86.95216357705158,34.52750197475738,14.335804968877346,2.31002923410777,12.475130997597864,0.18545127311709783,1.0,0.2515963883799207,1.0,0.994227598637059,0.2515963883799207,0,nominal,0.0,0.0,0.0,0.0,0.0,0.0,0.0,0.0,0.0,0.0,0.0,0.0
21250,1768.2500026137045,89.18068070598838,1120.4209160368077,86.93939586320448,34.53905760734282,14.335804968877346,2.309844334124394,12.474133634707576,0.1854512503514606,1.0,0.2518240263189433,1.0,0.994227598637059,0.2518240263189433,0,nominal,0.0,0.0,0.0,0.0,0.0,0.0,0.0,0.0,0.0,0.0,0.0,0.0
21300,1768.2498802521404,89.17015070726222,1120.511401679319,86.92663478221226,34.55061320257266,14.335804968877348,2.3096594709792635,12.473136302740345,0.18545123083805817,1.0,0.25205166352208647,0.9999999999999997,0.994227598637059,0.25205166352208647,0,nominal,0.0,0.0,0.0,0.0,0.0,0.0,0.0,0.0,0.0,0.0,0.0,0.0
21350,1768.2497753707999,89.15962308175011,1120.6006137852796,86.91388033037487,34.56216869250975,14.335804968877346,2.3094746405760462,12.472139003588472,0.18545121411228527,1.0,0.25227929865103554,1.0,0.994227598637059,0.25227929865103554,0,nominal,0.0,0.0,0.0,0.0,0.0,0.0,0.0,0.0,0.0,0.0,0.0,0.0
21400,1768.249685472508,89.14909782946364,1120.6885702795562,86.90113250397343,34.57372401864469,14.335804968877346,2.309289839408336,12.471141738897863,0.18545119977590904,1.0,0.252506930553196,1.0,0.994227598637059,0.252506930553196,0,nominal,0.0,0.0,0.0,0.0,0.0,0.0,0.0,0.0,0.0,0.0,0.0,0.0
21450,1768.249608416829,89.13857495040685,1120.7752888346445,86.88839129927334,34.585279130552195,14.335804968877346,2.3091050644752737,12.470144510102898,0.18545118748758688,1.0,0.2527345582352248,1.0,0.994227598637059,0.2527345582352248,0,nominal,0.0,0.0,0.0,0.0,0.0,0.0,0.0,0.0,0.0,0.0,0.0,0.0
21500,1768.2495423691043,89.12805444457717,1120.8607868742333,86.87565671252679,34.59683398473843,14.335804968877344,2.30892031320926,12.469147318456498,0.1854511769547395,1.0,0.2529621808403233,0.9999999999999997,0.9942275986370589,0.2529621808403233,0,nominal,0.0,0.0,0.0,0.0,0.0,0.0,0.0,0.0,0.0,0.0,0.0,0.0
21550,1768.2494857567688,89.11753631196649,1120.9450815767195,86.86292873997502,34.60838854365325,14.335804968877346,2.3087355834139953,12.468150165055858,0.18545116792658495,1.0,0.25318979762878,1.0,0.994227598637059,0.25318979762878,0,nominal,0.0,0.0,0.0,0.0,0.0,0.0,0.0,0.0,0.0,0.0,0.0,0.0
21600,1768.2494372319097,89.10702055256166,1121.0281898786684,86.85020737785021,34.61994277484272,14.335804968877346,2.308550873211372,12.467153050864495,0.1854511601881668,1.0,0.253417407961275,1.0,0.994227598637059,0.253417407961275,0,nominal,0.0,0.0,0.0,0.0,0.0,0.0,0.0,0.0,0.0,0.0,0.0,0.0
21650,1768.2493956391734,89.0965071663453,1121.110128478229,86.83749262237723,34.63149665022287,14.335804968877344,2.308366180995974,12.466155976731228,0.18545115355523709,1.0,0.2536450112845734,0.9999999999999997,0.9942275986370589,0.2536450112845734,0,nominal,0.0,0.0,0.0,0.0,0.0,0.0,0.0,0.0,0.0,0.0,0.0,0.0
21700,1768.2493599882566,89.08599615329621,1121.1909138384935,86.82478446977484,34.643050145456606,14.335804968877346,2.308181505396081,12.465158943406463,0.18545114786986885,1.0,0.2538726071192512,1.0,0.994227598637059,0.2538726071192512,0,nominal,0.0,0.0,0.0,0.0,0.0,0.0,0.0,0.0,0.0,0.0,0.0,0.0
21750,1768.2493294303279,89.07548751338999,1121.270562190813,86.812082916257,34.65460323941992,14.335804968877346,2.307996845240238,12.464161951556095,0.18545114299669613,1.0,0.2541001950491804,1.0,0.994227598637059,0.2541001950491804,0,nominal,0.0,0.0,0.0,0.0,0.0,0.0,0.0,0.0,0.0,0.0,0.0,0.0
21800,1768.2493032378177,89.06498124659925,1121.3490895380646,86.79938795803395,34.666155913743836,14.335804968877344,2.3078121995286227,12.463165001773538,0.1854511388196909,1.0,0.2543277747125048,0.9999999999999997,0.9942275986370589,0.2543277747125048,0,nominal,0.0,0.0,0.0,0.0,0.0,0.0,0.0,0.0,0.0,0.0,0.0,0.0
21850,1768.2492807870947,89.05447735289408,1121.42651165787,86.78669959131298,34.67770815242168,14.335804968877346,2.307627567408497,12.462168094589982,0.1854511352394009,1.0,0.2545553457939041,1.0,0.994227598637059,0.2545553457939041,0,nominal,0.0,0.0,0.0,0.0,0.0,0.0,0.0,0.0,0.0,0.0,0.0,0.0
21900,1768.2492615436176,89.04397583224244,1121.5028441057711,86.77401781229929,34.68925994147263,14.335804968877346,2.307442948153166,12.461171230483194,0.18545113217058087,1.0,0.2547829080179657,1.0,0.994227598637059,0.2547829080179657,0,nominal,0.0,0.0,0.0,0.0,0.0,0.0,0.0,0.0,0.0,0.0,0.0,0.0
21950,1768.2492450492089,89.0334766846101,1121.5781022183578,86.76134261719659,34.700811268652835,14.335804968877348,2.3072583411439522,12.460174409885092,0.18545112954016357,1.0,0.25501046114349424,0.9999999999999997,0.994227598637059,0.25501046114349424,0,nominal,0.0,0.0,0.0,0.0,0.0,0.0,0.0,0.0,0.0,0.0,0.0,0.0
22000,1768.2492309111442,89.02297990996118,1121.6523011163513,86.74867400220762,34.71236212320797,14.335804968877346,2.307073745854757,12.45917763318829,0.18545112728552032,1.0,0.2552380049586371,1.0,0.994227598637059,0.2552380049586371,0,nominal,0.0,0.0,0.0,0.0,0.0,0.0,0.0,0.0,0.0,0.0,0.0,0.0
22050,1768.249218792803,89.01248550825818,1121.7254557076462,86.73601196353468,34.72391249566116,14.335804968877346,2.306889161838802,12.458180900751575,0.18545112535296895,1.0,0.2554655392767064,1.0,0.994227598637059,0.2554655392767064,0,nominal,0.0,0.0,0.0,0.0,0.0,0.0,0.0,0.0,0.0,0.0,0.0,0.0
22100,1768.2492084056535,89.00199347946216,1121.7975806903078,86.72335649738,34.735462377630846,14.335804968877346,2.3067045887172966,12.457184212904778,0.18545112369649636,1.0,0.2556930639325911,1.0,0.994227598637059,0.2556930639325911,0,nominal,0.0,0.0,0.0,0.0,0.0,0.0,0.0,0.0,0.0,0.0,0.0,0.0
22150,1768.2491995023825,88.99150382353281,1121.8686905555246,86.71070759994609,34.74701176167478,14.335804968877346,2.3065200261697067,12.456187569952812,0.18545112227666277,1.0,0.2559205787796842,1.0,0.994227598637059,0.2559205787796842,0,nominal,0.0,0.0,0.0,0.0,0.0,0.0,0.0,0.0,0.0,0.0,0.0,0.0
22200,1768.2491918710073,88.98101654042875,1121.9387995905245,86.69806526743616,34.75856064115641,14.335804968877346,2.30633547392542,12.455190972179206,0.18545112105966247,1.0,0.2561480836872504,1.0,0.994227598637059,0.2561480836872504,0,nominal,0.0,0.0,0.0,0.0,0.0,0.0,0.0,0.0,0.0,0.0,0.0,0.0
22250,1768.2491853298286,88.97053163010742,1122.007921881443,86.68542949605416,34.77010901012982,14.335804968877346,2.306150931756616,12.45419441984919,0.18545112001651937,1.0,0.25637557853815895,1.0,0.994227598637059,0.25637557853815895,0,nominal,0.0,0.0,0.0,0.0,0.0,0.0,0.0,0.0,0.0,0.0,0.0,0.0
22300,1768.249179723104,88.96004909252531,1122.0760713161585,86.67280028200514,34.78165686324178,14.335804968877346,2.3059663994721284,12.453197913212184,0.18545111912239676,1.0,0.25660306322695514,1.0,0.994227598637059,0.25660306322695514,0,nominal,0.0,0.0,0.0,0.0,0.0,0.0,0.0,0.0,0.0,0.0,0.0,0.0
22350,1768.2491749173398,88.94956892763804,1122.143261587079,86.6601776214955,34.79320419564718,14.335804968877346,2.3057818769122105,12.452201452504085,0.18545111835600592,1.0,0.2568305376581936,1.0,0.994227598637059,0.2568305376581936,0,nominal,0.0,0.0,0.0,0.0,0.0,0.0,0.0,0.0,0.0,0.0,0.0,0.0
22400,1768.2491707981135,88.93909113540025,1122.209506193898,86.64756151073294,34.80475100293667,14.335804968877348,2.3055973639440412,12.451205037949183,0.1854511176990994,1.0,0.2570580017450132,0.9999999999999997,0.994227598637059,0.2570580017450132,0,nominal,0.0,0.0,0.0,0.0,0.0,0.0,0.0,0.0,0.0,0.0,0.0,0.0
22450,1768.2491672673482,88.92861571576583,1122.2748184463044,86.63495194592679,34.816297281074895,14.335804968877346,2.305412860457869,12.45020866976178,0.18545111713603682,1.0,0.25728545540792025,1.0,0.994227598637059,0.25728545540792025,0,nominal,0.0,0.0,0.0,0.0,0.0,0.0,0.0,0.0,0.0,0.0,0.0,0.0
22500,1768.249164240978,88.91814266868795,1122.3392114666585,86.62234892328803,34.82784302634723,14.335804968877348,2.3052283663637043,12.449212348147551,0.18545111665341166,1.0,0.2575128985737393,0.9999999999999997,0.994227598637059,0.2575128985737393,0,nominal,0.0,0.0,0.0,0.0,0.0,0.0,0.0,0.0,0.0,0.0,0.0,0.0
22550,1768.2491616469463,88.90767199411903,1122.4026981926295,86.60975243902942,34.83938823531397,14.335804968877346,2.3050438815885053,12.448216073304849,0.185451116239733,1.0,0.2577403311747103,1.0,0.994227598637059,0.2577403311747103,0,nominal,0.0,0.0,0.0,0.0,0.0,0.0,0.0,0.0,0.0,0.0,0.0,0.0
22600,1768.2491594234905,88.89720369201075,1122.4652913797936,86.59716248936564,34.850932904771696,14.335804968877346,2.304859406073738,12.447219845425646,0.18545111588515126,1.0,0.2579677531477284,1.0,0.994227598637059,0.2579677531477284,0,nominal,0.0,0.0,0.0,0.0,0.0,0.0,0.0,0.0,0.0,0.0,0.0,0.0
22650,1768.2491575176712,88.88673776231423,1122.5270036041989,86.5845790705132,34.86247703171929,14.335804968877348,2.30467493977331,12.446223664696483,0.1854511155812241,1.0,0.25819516443367363,0.9999999999999997,0.994227598637059,0.25819516443367363,0,nominal,0.0,0.0,0.0,0.0,0.0,0.0,0.0,0.0,0.0,0.0,0.0,0.0
22700,1768.2491558841118,88.8762742049799,1122.587847264891,86.5720021786907,34.87402061332961,14.335804968877346,2.3044904826517802,12.445227531299187,0.185451115320715,1.0,0.25842256497685323,1.0,0.994227598637059,0.25842256497685323,0,nominal,0.0,0.0,0.0,0.0,0.0,0.0,0.0,0.0,0.0,0.0,0.0,0.0
22750,1768.2491544839181,88.86581301995761,1122.6478345864057,86.55943181011878,34.88556364692463,14.335804968877348,2.3043060346828432,12.444231445411575,0.1854511150974216,1.0,0.25864995472451174,0.9999999999999997,0.994227598637059,0.25864995472451174,0,nominal,0.0,0.0,0.0,0.0,0.0,0.0,0.0,0.0,0.0,0.0,0.0,0.0
22800,1768.249153283752,88.85535420719663,1122.7069776212238,86.54686796102015,34.897106129954246,14.335804968877348,2.304121595848008,12.443235407207947,0.18545111490602717,1.0,0.2588773336264141,0.9999999999999997,0.994227598637059,0.2588773336264141,0,nominal,0.0,0.0,0.0,0.0,0.0,0.0,0.0,0.0,0.0,0.0,0.0,0.0
22850,1768.2491522550383,88.84489776664566,1122.7652882521938,86.53431062761967,34.908648059978425,14.335804968877346,2.3039371661354915,12.442239416859655,0.18545111474197487,1.0,0.2591047016344933,1.0,0.994227598637059,0.2591047016344933,0,nominal,0.0,0.0,0.0,0.0,0.0,0.0,0.0,0.0,0.0,0.0,0.0,0.0
22900,1768.2491513732837,88.83444369825276,1122.8227781949204,86.52175980614442,34.92018943465143,14.335804968877346,2.3037527455392457,12.441243474535415,0.18545111460135857,1.0,0.2593320587025399,1.0,0.994227598637059,0.2593320587025399,0,nominal,0.0,0.0,0.0,0.0,0.0,0.0,0.0,0.0,0.0,0.0,0.0,0.0
22950,1768.249150617494,88.82399200196556,1122.8794590001157,86.50921549282361,34.93173025170868,14.335804968877346,2.3035683340581437,12.440247580401762,0.18545111448083038,1.0,0.25955940478594325,1.0,0.994227598637059,0.25955940478594325,0,nominal,0.0,0.0,0.0,0.0,0.0,0.0,0.0,0.0,0.0,0.0,0.0,0.0
23000,1768.2491499696744,88.81354267773105,1122.9353420559228,86.49667768388872,34.94327050895513,14.335804968877346,2.3033839316952656,12.43925173462326,0.1854511143775204,1.0,0.2597867398414626,1.0,0.994227598637059,0.2597867398414626,0,nominal,0.0,0.0,0.0,0.0,0.0,0.0,0.0,0.0,0.0,0.0,0.0,0.0
23050,1768.2491494144003,88.80309572549578,1122.9904385902032,86.48414637557346,34.95481020425576,14.335804968877344,2.303199538457302,12.438255937362836,0.18545111428896902,1.0,0.26001406382703945,0.9999999999999997,0.9942275986370589,0.26001406382703945,0,nominal,0.0,0.0,0.0,0.0,0.0,0.0,0.0,0.0,0.0,0.0,0.0,0.0
23100,1768.249148938451,88.79265114520575,1123.0447596727913,86.47162156411378,34.96634933552696,14.335804968877346,2.3030151543540356,12.437260188781995,0.18545111421306792,1.0,0.260241376701628,1.0,0.994227598637059,0.260241376701628,0,nominal,0.0,0.0,0.0,0.0,0.0,0.0,0.0,0.0,0.0,0.0,0.0,0.0
23150,1768.2491485304947,88.78220893680646,1123.0983162177204,86.45910324574794,34.97788790072934,14.335804968877348,2.302830779397884,12.436264489040935,0.1854511141480097,1.0,0.2604686784250541,0.9999999999999997,0.994227598637059,0.2604686784250541,0,nominal,0.0,0.0,0.0,0.0,0.0,0.0,0.0,0.0,0.0,0.0,0.0,0.0
23200,1768.2491481808177,88.77176910024286,1123.1511189854155,86.44659141671656,34.98942589786171,14.335804968877346,2.3026464136035427,12.435268838298844,0.18545111409224563,1.0,0.2606959689578951,1.0,0.994227598637059,0.2606959689578951,0,nominal,0.0,0.0,0.0,0.0,0.0,0.0,0.0,0.0,0.0,0.0,0.0,0.0
23250,1768.2491478810946,88.76133163545944,1123.203178584853,86.43408607326239,35.000963324955634,14.335804968877348,2.3024620569876326,12.434273236713903,0.18545111404444775,1.0,0.26092324826137464,0.9999999999999997,0.994227598637059,0.26092324826137464,0,nominal,0.0,0.0,0.0,0.0,0.0,0.0,0.0,0.0,0.0,0.0,0.0,0.0
23300,1768.2491476241892,88.75089654240014,1123.254505475696,86.42158721163065,35.012500180070994,14.335804968877348,2.3022777095684415,12.433277684443512,0.18545111400347825,1.0,0.2611505162972736,0.9999999999999997,0.994227598637059,0.2611505162972736,0,nominal,0.0,0.0,0.0,0.0,0.0,0.0,0.0,0.0,0.0,0.0,0.0,0.0
23350,1768.2491474039844,88.74046382100852,1123.3051099703916,86.40909482806876,35.02403646129205,14.335804968877346,2.302093371365672,12.432282181644332,0.18545111396836145,1.0,0.26137777302785303,1.0,0.994227598637059,0.26137777302785303,0,nominal,0.0,0.0,0.0,0.0,0.0,0.0,0.0,0.0,0.0,0.0,0.0,0.0
23400,1768.2491472152374,88.7300334712275,1123.3550022362474,86.39660891882653,35.035572166724116,14.335804968877346,2.301909042400246,12.431286728472424,0.1854511139382614,1.0,0.2616050184157893,1.0,0.994227598637059,0.2616050184157893,0,nominal,0.0,0.0,0.0,0.0,0.0,0.0,0.0,0.0,0.0,0.0,0.0,0.0
23450,1768.2491470534544,88.71960549299962,1123.4041922974698,86.3841294801561,35.04710729449076,14.335804968877344,2.301724722694117,12.430291325083266,0.18545111391246136,1.0,0.2618322524241178,0.9999999999999997,0.9942275986370589,0.2618322524241178,0,nominal,0.0,0.0,0.0,0.0,0.0,0.0,0.0,0.0,0.0,0.0,0.0,0.0
23500,1768.2491469147833,88.70917988626695,1123.4526900371816,86.3716565083119,35.05864184273118,14.335804968877346,2.3015404122701284,12.429295971631863,0.18545111389034696,1.0,0.26205947501618193,1.0,0.994227598637059,0.26205947501618193,0,nominal,0.0,0.0,0.0,0.0,0.0,0.0,0.0,0.0,0.0,0.0,0.0,0.0
23550,1768.2491467959223,88.698756650971,1123.5005051994058,86.35918999955067,35.07017580959828,14.335804968877346,2.301356111151887,12.428300668272824,0.18545111387139185,1.0,0.2622866861555954,1.0,0.994227598637059,0.2622866861555954,0,nominal,0.0,0.0,0.0,0.0,0.0,0.0,0.0,0.0,0.0,0.0,0.0,0.0
23600,1768.2491466940414,88.68833578705284,1123.547647391024,86.34672995013153,35.08170919325692,14.335804968877348,2.3011718193636344,12.427305415160303,0.18545111385514454,1.0,0.26251388580620705,0.9999999999999997,0.994227598637059,0.26251388580620705,0,nominal,0.0,0.0,0.0,0.0,0.0,0.0,0.0,0.0,0.0,0.0,0.0,0.0
23650,1768.249146606715,88.67791729445304,1123.5941260837062,86.33427635631597,35.09324199188204,14.335804968877348,2.300987536930179,12.426310212448202,0.1854511138412183,1.0,0.26274107393206453,0.9999999999999997,0.994227598637059,0.26274107393206453,0,nominal,0.0,0.0,0.0,0.0,0.0,0.0,0.0,0.0,0.0,0.0,0.0,0.0
23700,1768.2491465318637,88.6675011731117,1123.639950615815,86.32182921436777,35.10477420365773,14.335804968877346,2.300803263876791,12.42531506029006,0.1854511138292815,1.0,0.26296825049739586,1.0,0.994227598637059,0.26296825049739586,0,nominal,0.0,0.0,0.0,0.0,0.0,0.0,0.0,0.0,0.0,0.0,0.0,0.0
23750,1768.2491464677055,88.65708742296852,1123.6851301942797,86.309388520553,35.11630582677579,14.335804968877348,2.3006190002291445,12.42431995883917,0.18545111381905,1.0,0.2631954154665805,0.9999999999999997,0.994227598637059,0.2631954154665805,0,nominal,0.0,0.0,0.0,0.0,0.0,0.0,0.0,0.0,0.0,0.0,0.0,0.0
23800,1768.2491464127127,88.6466760439626,1123.7296738964483,86.29695427114018,35.12783685943501,14.335804968877346,2.3004347460132557,12.423324908248564,0.18545111381028015,1.0,0.2634225688041357,1.0,0.994227598637059,0.2634225688041357,0,nominal,0.0,0.0,0.0,0.0,0.0,0.0,0.0,0.0,0.0,0.0,0.0,0.0
23850,1768.249146365576,88.63626703603268,1123.7735906719095,86.2845264624001,35.139367299840096,14.335804968877346,2.300250501255433,12.42232990867107,0.1854511138027632,1.0,0.263649710474696,1.0,0.994227598637059,0.263649710474696,0,nominal,0.0,0.0,0.0,0.0,0.0,0.0,0.0,0.0,0.0,0.0,0.0,0.0
23900,1768.2491463251731,88.62586039911696,1123.816889344293,86.27210509060592,35.150897146201125,14.335804968877346,2.3000662659822257,12.42133496025928,0.18545111379632,1.0,0.2638768404430005,1.0,0.994227598637059,0.2638768404430005,0,nominal,0.0,0.0,0.0,0.0,0.0,0.0,0.0,0.0,0.0,0.0,0.0,0.0
23950,1768.249146290542,88.6154561331532,1123.8595786130404,86.25969015203316,35.16242639673279,14.335804968877346,2.299882040220399,12.42034006316564,0.18545111379079723,1.0,0.26410395867388053,1.0,0.994227598637059,0.26410395867388053,0,nominal,0.0,0.0,0.0,0.0,0.0,0.0,0.0,0.0,0.0,0.0,0.0,0.0
24000,1768.2491462608584,88.60505423807865,1123.9016670551528,86.24728164295959,35.17395504965406,14.335804968877346,2.2996978239968913,12.419345217542384,0.18545111378606344,1.0,0.2643310651322505,1.0,0.994227598637059,0.2643310651322505,0,nominal,0.0,0.0,0.0,0.0,0.0,0.0,0.0,0.0,0.0,0.0,0.0,0.0
24050,1794.9293494722117,88.59497705938708,1123.9442243847247,86.23517962439121,35.18548310318762,14.335804968877346,2.4893608784642223,13.44360628540236,0.19296520972448963,1.0,0.2645581597830987,1.0,0.994227598637059,0.2645581597830987,0,nominal,0.0,0.0,0.0,0.0,0.0,0.0,0.0,0.0,0.0,0.0,0.0,0.0
24100,1844.9640153893486,88.58536513007681,1123.987710110429,86.2236416007517,35.72777947930598,14.335804968877346,2.748726516687908,14.623642288782591,0.20568783064308277,1.0,0.27524102188400357,1.0,0.994227598637059,0.27524102188400357,0,nominal,0.0,0.0,0.0,0.0,0.0,0.0,0.0,0.0,0.0,0.0,0.0,0.0
24150,1915.4349008531485,88.57636920263388,1124.0325216816327,86.21292251301963,36.73486477395532,14.335804968877344,3.08427229895436,15.963796956215399,0.22363539450269684,1.0,0.2950799029836625,0.9999999999999997,0.9942275986370589,0.2950799029836625,0,nominal,0.0,0.0,0.0,0.0,0.0,0.0,0.0,0.0,0.0,0.0,0.0,0.0
24200,2003.7903062844562,88.56815425792206,1124.0789978124644,86.20328272359416,38.148722146429705,14.335804968877346,3.5039307831600066,17.468656464703088,0.24697856452663375,1.0,0.32293191160043205,1.0,0.994227598637059,0.32293191160043205,0,nominal,0.0,0.0,0.0,0.0,0.0,0.0,0.0,0.0,0.0,0.0,0.0,0.0
24250,2107.804028934141,88.56090246870389,1124.1274212361136,86.19499374086655,39.918455656296665,14.335804968877346,4.016831872813297,19.142681131522277,0.27600167993105146,1.0,0.3577944330441172,1.0,0.994227598637059,0.3577944330441172,0,nominal,0.0,0.0,0.0,0.0,0.0,0.0,0.0,0.0,0.0,0.0,0.0,0.0
24300,2225.536701513947,88.5548153587817,1124.1085014383207,86.18834224918174,41.999434287635005,14.335804968877346,4.633081670794188,20.98993567333366,0.31107255618116203,1.0,0.398788267287747,1.0,0.994227598637059,0.398788267287747,0,nominal,0.0,0.0,0.0,0.0,0.0,0.0,0.0,0.0,0.0,0.0,0.0,0.0
24350,2355.30047759011,88.55011532738774,1123.964035600337,86.18363286404411,44.35244637303726,14.335804968877346,5.3635622994371515,23.013885647162553,0.35261960400920445,1.0,0.44514097170749495,1.0,0.994227598637059,0.44514097170749495,0,nominal,0.0,0.0,0.0,0.0,0.0,0.0,0.0,0.0,0.0,0.0,0.0,0.0
24400,2495.627328229384,88.54704665809794,1123.6884936537963,86.1811899197732,46.942824016569546,14.335804968877346,6.2197441768765005,25.217241874712478,0.401114058949186,1.0,0.4961696128228886,1.0,0.994227598637059,0.4961696128228886,0,nominal,0.0,0.0,0.0,0.0,0.0,0.0,0.0,0.0,0.0,0.0,0.0,0.0
24450,2645.240883524215,88.54587609590055,1123.276389813238,86.1813585118561,49.73938922419434,14.335804968877346,7.213506068199579,27.601841063149845,0.45705575630501194,1.0,0.5512600057978243,1.0,0.994227598637059,0.5512600057978243,0,nominal,0.0,0.0,0.0,0.0,0.0,0.0,0.0,0.0,0.0,0.0,0.0,0.0
24500,2803.0315980433083,88.54689305081268,1122.7226383672655,86.18450495311697,52.71281418648026,14.335804968877346,8.356960347385549,30.16855417879445,0.5209613513291191,1.0,0.6098344131483829,1.0,0.994227598637059,0.6098344131483829,0,nominal,0.0,0.0,0.0,0.0,0.0,0.0,0.0,0.0,0.0,0.0,0.0,0.0
24550,2968.0349539125054,88.55040946856309,1122.0228546472604,86.19101675640752,55.832310474108006,14.335804968877346,9.662282050567251,32.91721615202669,0.5933542129660309,1.0,0.6712863241929413,1.0,0.994227598637059,0.6712863241929413,0,nominal,0.0,0.0,0.0,0.0,0.0,0.0,0.0,0.0,0.0,0.0,0.0,0.0
24600,3139.412396295619,88.55675939617106,1121.1736057699195,86.2013022226547,59.05782967538559,14.335804968877346,11.141540884367132,35.846571882247765,0.6747554503421345,1.0,0.7348268130262071,1.0,0.994227598637059,0.7348268130262071,0,nominal,0.0,0.0,0.0,0.0,0.0,0.0,0.0,0.0,0.0,0.0,0.0,0.0
24650,3316.4347013007273,88.56629826120263,1120.1726150181275,86.21578968854902,62.321120488060345,14.335804968877346,12.806535619007393,38.95423455776261,0.7656756934090779,1.0,0.7991113763797071,1.0,0.994227598637059,0.7991113763797071,0,nominal,0.0,0.0,0.0,0.0,0.0,0.0,0.0,0.0,0.0,0.0,0.0,0.0
24700,3498.46749381811,88.57940187698978,1119.0189229244193,86.2349264704556,65.48464155637109,14.335804968877346,14.668630392183648,42.236653133349414,0.8666073633094427,1.0,0.8614305450379441,1.0,0.994227598637059,0.8614305450379441,0,nominal,0.0,0.0,0.0,0.0,0.0,0.0,0.0,0.0,0.0,0.0,0.0,0.0
24750,3684.9586558965793,88.59646518139238,1117.7130074453607,86.25917752843975,68.2856654128136,14.335804968877346,16.738592464576243,45.689086478787786,0.9780172483365329,1.0,0.9166087702990127,1.0,0.994227598637059,0.9166087702990127,0,nominal,0.0,0.0,0.0,0.0,0.0,0.0,0.0,0.0,0.0,0.0,0.0,0.0
24800,3875.427391300467,88.61790071323918,1116.2568651438892,86.28902386526448,70.38791897443873,14.335804968877346,19.026430952196275,49.305582258185225,1.1003392577043396,1.0,0.9580217058984121,1.0,0.994227598637059,0.9580217058984121,0,nominal,0.0,0.0,0.0,0.0,0.0,0.0,0.0,0.0,0.0,0.0,0.0,0.0
24850,4038.6863073609425,88.6414170689601,1114.9000994137923,86.32242890208863,71.66841355394082,14.335804968877346,19.939418360765004,49.1319796358482,1.1669965576427719,1.0,0.9832465600855096,1.0,0.994227598637059,0.9832465600855096,0,nominal,0.0,0.0,0.0,0.0,0.0,0.0,0.0,0.0,0.0,0.0,0.0,0.0
24900,4178.622521127064,88.66670771018494,1113.6403256370245,86.35892293510801,72.2230142440095,14.335804968877346,20.701922667577673,48.94878789738122,1.2245001785147398,1.0,0.9941718086285264,1.0,0.994227598637059,0.9941718086285264,0,nominal,0.0,0.0,0.0,0.0,0.0,0.0,0.0,0.0,0.0,0.0,0.0,0.0
24950,4298.567847212311,88.69350937215694,1112.472981452087,86.3980877491258,72.47352409449711,14.335804968877346,21.339685140601656,48.7670234434389,1.2740282807423595,1.0,0.9991066787577216,1.0,0.994227598637059,0.994227598637059,0,nominal,0.0,0.0,0.0,0.0,0.0,0.0,0.0,0.0,0.0,0.0,0.0,0.0
25000,4401.378126713951,88.72159690985205,1111.3922626830567,86.43955428335067,72.60073503676485,14.335804968877346,21.87414714575341,48.59356094272921,1.3166374288409506,1.0,1.0,1.0,0.994227598637059,0.994227598637059,0,nominal,0.0,0.0,0.0,0.0,0.0,0.0,0.0,0.0,0.0,0.0,0.0,0.0
25050,4489.501223429643,88.75077827972348,1110.3917655956739,86.48299898846989,72.6743884648664,14.335804968877346,22.323040804143115,48.432407121639095,1.3532627288351162,1.0,1.0,1.0,0.994227598637059,0.994227598637059,0,nominal,0.0,0.0,0.0,0.0,0.0,0.0,0.0,0.0,0.0,0.0,0.0,0.0
25100,4565.035306328808,88.78088991838314,1109.4649194659742,86.52813961065067,72.72213787005128,14.335804968877346,22.700971783736485,48.28561159777917,1.3847244205274816,1.0,1.0,1.0,0.994227598637059,0.994227598637059,0,nominal,0.0,0.0,0.0,0.0,0.0,0.0,0.0,0.0,0.0,0.0,0.0,0.0
25150,4629.778805956663,88.81179262272343,1108.6052697099744,86.5747308457353,72.75580662089473,14.335804968877346,23.019948981413627,48.153914582469135,1.4117375362474134,1.0,1.0,1.0,0.994227598637059,0.994227598637059,0,nominal,0.0,0.0,0.0,0.0,0.0,0.0,0.0,0.0,0.0,0.0,0.0,0.0
25200,4685.27323420911,88.84336795000166,1107.806655193227,86.62256012148572,72.78093281180459,14.335804968877346,23.289844277302272,48.03720431486866,1.4349226700750686,1.0,1.0,1.0,0.994227598637059,0.994227598637059,0,nominal,0.0,0.0,0.0,0.0,0.0,0.0,0.0,0.0,0.0,0.0,0.0,0.0
25250,4732.839886996922,88.87551511206317,1107.0633113829376,86.67144364891448,72.80037068754554,14.335804968877344,23.51878050388442,47.934837336995,1.4548167629178048,1.0,1.0,0.9999999999999997,0.9942275986370589,0.9942275986370589,0,nominal,0.0,0.0,0.0,0.0,0.0,0.0,0.0,0.0,0.0,0.0,0.0,0.0
25300,4773.61130367219,88.90814831752533,1106.3699222909072,86.72122281091748,72.81573621763143,14.335804968877346,23.71345301052949,47.84586025957328,1.4718833222121621,1.0,1.0,1.0,0.994227598637059,0.994227598637059,0,nominal,0.0,0.0,0.0,0.0,0.0,0.0,0.0,0.0,0.0,0.0,0.0,0.0
25350,4808.558232250991,88.9411945088217,1105.7216377653153,86.77176091181019,72.82802773639348,14.335804968877346,23.879393139143662,47.76916109452542,1.4865217974018172,1.0,1.0,1.0,0.994227598637059,0.994227598637059,0,nominal,0.0,0.0,0.0,0.0,0.0,0.0,0.0,0.0,0.0,0.0,0.0,0.0
25400,4838.512742461391,88.97459144126674,1105.1140679970358,86.82294028478987,72.83791083060991,14.335804968877348,24.021182566178087,47.70357050492156,1.499076007309509,1.0,1.0,0.9999999999999997,0.994227598637059,0.994227598637059,0,nominal,0.0,0.0,0.0,0.0,0.0,0.0,0.0,0.0,0.0,0.0,0.0,0.0
25450,4864.188036927449,89.00828605510839,1104.5432636661671,86.87465973924026,72.84585789788443,14.335804968877344,24.142626967025716,47.647927686198464,1.5098416139273303,1.0,1.0,0.9999999999999997,0.9942275986370589,0.9942275986370589,0,nominal,0.0,0.0,0.0,0.0,0.0,0.0,0.0,0.0,0.0,0.0,0.0,0.0
25500,4886.195432184069,89.04223309682459,1104.0056876416675,86.92683232192803,72.85222098355759,14.335804968877344,24.24689646987746,47.60112148447337,1.519072689847144,1.0,1.0,0.9999999999999997,0.9942275986370589,0.9942275986370589,0,nominal,0.0,0.0,0.0,0.0,0.0,0.0,0.0,0.0,0.0,0.0,0.0,0.0
25550,4905.058913832601,89.07639395155769,1103.4981823208313,86.97938336277673,72.8572722237024,14.335804968877346,24.33663923746658,47.56211436867148,1.5269874522280205,1.0,1.0,1.0,0.994227598637059,0.994227598637059,0,nominal,0.0,0.0,0.0,0.0,0.0,0.0,0.0,0.0,0.0,0.0,0.0,0.0
25600,4921.227612388486,89.11073565398652,1103.0179353767735,87.03224877528095,72.86122769728274,14.335804968877346,24.414073423931555,47.52995470210724,1.5337732461473914,1.0,1.0,1.0,0.994227598637059,0.994227598637059,0,nominal,0.0,0.0,0.0,0.0,0.0,0.0,0.0,0.0,0.0,0.0,0.0,0.0
25650,4935.0864968649585,89.14523004983664,1102.562445737462,87.08537358261225,72.86426233076386,14.335804968877346,24.481061779773313,47.50378118558058,1.5395908612167972,1.0,1.0,1.0,0.994227598637059,0.994227598637059,0,nominal,0.0,0.0,0.0,0.0,0.0,0.0,0.0,0.0,0.0,0.0,0.0,0.0
25700,4946.965540701935,89.17985308453183,1102.1294909495841,87.13871064234081,72.86651972773932,14.335804968877346,24.539172346934816,47.48282220641481,1.544578261546353,1.0,1.0,1.0,0.994227598637059,0.994227598637059,0,nominal,0.0,0.0,0.0,0.0,0.0,0.0,0.0,0.0,0.0,0.0,0.0,0.0
25750,4957.1475782764865,89.21458419919372,1101.7170966105055,87.19221954500591,72.86811897440167,14.335804968877346,24.58972799741823,47.46639200788504,1.5488538029441348,1.0,1.0,1.0,0.994227598637059,0.994227598637059,0,nominal,0.0,0.0,0.0,0.0,0.0,0.0,0.0,0.0,0.0,0.0,0.0,0.0
25800,4965.875039054673,89.24940581734296,1101.3235082269034,87.24586566422096,72.86915955428469,14.335804968877346,24.633847008937227,47.45388500462983,1.5525190040626238,1.0,1.0,1.0,0.994227598637059,0.994227598637059,0,nominal,0.0,0.0,0.0,0.0,0.0,0.0,0.0,0.0,0.0,0.0,0.0,0.0
25850,4973.355719721691,89.28430290830909,1100.9471656387277,87.29961933843401,72.86972502533648,14.335804968877346,24.672476421598827,47.44476914863977,1.5556609308702514,1.0,1.0,1.0,0.994227598637059,0.994227598637059,0,nominal,0.0,0.0,0.0,0.0,0.0,0.0,0.0,0.0,0.0,0.0,0.0,0.0
25900,4979.767731721991,89.31926261558385,1100.5866800021204,87.35345516677637,72.86988585133705,14.335804968877344,24.706419561804307,47.43857895107689,1.5583542467805602,1.0,1.0,0.9999999999999997,0.9942275986370589,0.9942275986370589,0,nominal,0.0,0.0,0.0,0.0,0.0,0.0,0.0,0.0,0.0,0.0,0.0,0.0
25950,4985.263742007964,89.35427394021787,1100.2408132329988,87.40735140357191,72.86970163264374,14.335804968877346,24.736358836279848,47.434908553786464,1.560662974242626,1.0,1.0,1.0,0.994227598637059,0.994227598637059,0,nominal,0.0,0.0,0.0,0.0,0.0,0.0,0.0,0.0,0.0,0.0,0.0,0.0
26000,4989.974607967368,89.3893274709207,1099.90845975825,87.46128943802387,72.86922289549067,14.335804968877344,24.762874675564458,47.43340509636253,1.5626420076820076,1.0,1.0,0.9999999999999997,0.9942275986370589,0.9942275986370589,0,nominal,0.0,0.0,0.0,0.0,0.0,0.0,0.0,0.0,0.0,0.0,0.0,0.0
26050,4994.012493075429,89.42441515382978,1099.588630392394,87.51525334733935,72.86849254729842,14.335804968877348,24.786461330036023,47.433762522149635,1.5643384124038067,1.0,1.0,0.9999999999999997,0.994227598637059,0.994227598637059,0,nominal,0.0,0.0,0.0,0.0,0.0,0.0,0.0,0.0,0.0,0.0,0.0,0.0
26100,4997.473537453767,89.45953009600589,1099.280438145854,87.56922951309895,72.86754707311451,14.335804968877348,24.807540082597928,47.43571589663004,1.5657925394084207,1.0,1.0,0.9999999999999997,0.994227598637059,0.994227598637059,0,nominal,0.0,0.0,0.0,0.0,0.0,0.0,0.0,0.0,0.0,0.0,0.0,0.0
26150,5000.440146920913,89.49466639763045,1098.9830857707425,87.62320629204504,72.86641752741852,14.335804968877348,24.82647033243802,47.43903626485213,1.567038981984333,1.0,1.0,0.9999999999999997,0.994227598637059,0.994227598637059,0,nominal,0.0,0.0,0.0,0.0,0.0,0.0,0.0,0.0,0.0,0.0,0.0,0.0
26200,5002.982955035611,89.52981933117707,1098.695977127792,87.67717402978832,72.86513036158392,14.335694932147119,24.843730397649416,47.443853518330926,1.568114247148991,1.0,1.0,0.9999999999999997,0.9942257798023358,0.9942257798023358,0,nominal,0.0,0.0,0.0,0.0,0.0,0.0,0.0,0.0,0.0,0.0,0.0,0.0
26250,5005.162504848208,89.56498611557032,1098.4190423967893,87.73112564165581,72.86370810544001,14.335059230118443,24.860230733133736,47.45123431133246,1.5690696527260883,1.0,1.0,1.0,0.9942152711502007,0.9942152711502007,0,nominal,0.0,0.0,0.0,0.0,0.0,0.0,0.0,0.0,0.0,0.0,0.0,0.0
26300,5007.0306904018635,89.60016278485239,1098.1515638013607,87.7850536253244,72.86216991717409,14.334514342665294,24.875234979932145,47.459197623978326,1.5698886150172415,1.0,1.0,1.0,0.9942062624909194,0.9942062624909194,0,nominal,0.0,0.0,0.0,0.0,0.0,0.0,0.0,0.0,0.0,0.0,0.0,0.0
26350,5008.631992304997,89.63534594352262,1097.89289696792,87.8389515779005,72.86053219132133,14.33404729627688,24.888954658239037,47.467655868482865,1.5705906143788102,1.0,1.0,1.0,0.9941985398694704,0.9941985398694704,0,nominal,0.0,0.0,0.0,0.0,0.0,0.0,0.0,0.0,0.0,0.0,0.0,0.0
26400,5010.004536793396,89.67053268464213,1097.6424617743933,87.8928140384408,72.85880890618058,14.333646970801096,24.901570830864085,47.47653364719759,1.5711923513484973,1.0,1.0,1.0,0.9941919198084259,0.9941919198084259,0,nominal,0.0,0.0,0.0,0.0,0.0,0.0,0.0,0.0,0.0,0.0,0.0,0.0
26450,5011.181003497739,89.70572051972465,1097.3997344142267,87.94663635295848,72.85701197801123,14.333303834678997,24.913238535287135,47.485766116965294,1.5717081429325352,1.0,1.0,1.0,0.9941862449771802,0.9941862449771802,0,nominal,0.0,0.0,0.0,0.0,0.0,0.0,0.0,0.0,0.0,0.0,0.0,0.0
26500,5012.189403530033,89.74090731871024,1097.164240515519,88.00041455872025,72.85515156190914,14.333009718002911,24.924090559130658,47.49529755704594,1.5721502625043169,1.0,1.0,1.0,0.9941813804737192,0.9941813804737192,0,nominal,0.0,0.0,0.0,0.0,0.0,0.0,0.0,0.0,0.0,0.0,0.0,0.0
26550,5013.053746414856,89.77609125856486,1096.9355491749207,88.05414528508925,72.85323630772265,14.332757617994838,24.93424065930848,47.505080119801015,1.5725292313091774,1.0,1.0,1.0,0.9941772106330524,0.9941772106330524,0,nominal,0.0,0.0,0.0,0.0,0.0,0.0,0.0,0.0,0.0,0.0,0.0,0.0
26600,5013.794611744704,89.8112707792626,1096.7132677837167,88.10782566855607,72.85127357796077,14.332541532273632,24.94378630905043,47.515072744062955,1.572854068444592,1.0,1.0,1.0,0.9941736362882668,0.9941736362882668,0,nominal,0.0,0.0,0.0,0.0,0.0,0.0,0.0,0.0,0.0,0.0,0.0,0.0
26650,5014.429639170288,89.84644454608679,1096.4970375393104,88.16145327993371,72.84926963350412,14.33235631594117,24.952811043696816,47.525240212347995,1.5731325052157616,1.0,1.0,1.0,0.9941705724204183,0.9941705724204183,0,nominal,0.0,0.0,0.0,0.0,0.0,0.0,0.0,0.0,0.0,0.0,0.0,0.0
26700,5014.973948392218,89.88161141734037,1096.286529549298,88.21502606198021,72.8472297919946,14.332197559084776,24.961386465090253,47.53555233456533,1.5733711689324317,1.0,1.0,0.9999999999999997,0.9941679461423611,0.9941679461423611,0,nominal,0.0,0.0,0.0,0.0,0.0,0.0,0.0,0.0,0.0,0.0,0.0,0.0
26750,5015.440499153871,89.91677041668783,1096.0814414476304,88.26854227595777,72.84515856300767,14.332061481779292,24.96957395515792,47.54598324247835,1.5735757404954176,1.0,1.0,1.0,0.994165694969285,0.994165694969285,0,nominal,0.0,0.0,0.0,0.0,0.0,0.0,0.0,0.0,0.0,0.0,0.0,0.0
26800,5015.840399806718,89.95192070946268,1095.8814944531205,88.32200045585154,72.84305976347235,14.331944844088879,24.977426141546196,47.55651078078329,1.5737510895047386,1.0,1.0,1.0,0.9941637653353488,0.9941637653353488,0,nominal,0.0,0.0,0.0,0.0,0.0,0.0,0.0,0.0,0.0,0.0,0.0,0.0
26850,5016.183171794872,89.98706158237133,1095.6864308099712,88.37539936915107,72.84093661626943,14.331844868925666,24.98498815167879,47.56711598222323,1.5739013900914332,1.0,1.0,1.0,0.9941621113215146,0.9941621113215146,0,nominal,0.0,0.0,0.0,0.0,0.0,0.0,0.0,0.0,0.0,0.0,0.0,0.0
26900,5016.476976356146,90.02219242610539,1095.4960115581925,88.42873798325559,72.83879183449191,14.331759175928628,24.99229868614579,47.577782615612705,1.574030220220197,1.0,1.0,1.0,0.9941606935645944,0.9941606935645944,0,nominal,0.0,0.0,0.0,0.0,0.0,0.0,0.0,0.0,0.0,0.0,0.0,0.0
26950,5016.728808837239,90.05731272044545,1095.3100145888993,88.48201543669745,72.83662769347625,14.33168572478831,24.99939093772065,47.58849679698998,1.5741406468192665,1.0,1.0,1.0,0.9941594783217652,0.9941594783217652,0,nominal,0.0,0.0,0.0,0.0,0.0,0.0,0.0,0.0,0.0,0.0,0.0,0.0
27000,5016.9446652496035,90.09242202149869,1095.1282329456471,88.5352310144932,72.83444609239555,14.331622766668037,25.00629337840433,47.59924665533144,1.5742352987586756,1.0,1.0,1.0,0.9941584366684413,0.9941584366684413,0,nominal,0.0,0.0,0.0,0.0,0.0,0.0,0.0,0.0,0.0,0.0,0.0,0.0
27050,5017.129685031631,90.12751995076457,1094.9504733383237,88.58838412703125,72.83224860693997,14.331568802564945,25.013030433593354,47.6100220453558,1.574316429410219,1.0,1.0,1.0,0.9941575438105292,0.9941575438105292,0,nominal,0.0,0.0,0.0,0.0,0.0,0.0,0.0,0.0,0.0,0.0,0.0,0.0
27100,5017.288273416226,90.16260618576615,1094.7765548407283,88.64147429198857,72.83003653438166,14.331522547619437,25.019623059667577,47.62081430091988,1.5743859702755423,1.0,1.0,1.0,0.9941567784947798,0.9941567784947798,0,nominal,0.0,0.0,0.0,0.0,0.0,0.0,0.0,0.0,0.0,0.0,0.0,0.0
27150,5017.424206317307,90.19768045202335,1094.6063077469662,88.69450111884271,72.82781093213134,14.331482900523287,25.026089238911695,47.6316160233665,1.5744455769569345,1.0,1.0,0.9999999999999997,0.9941561225032631,0.9941561225032631,0,nominal,0.0,0.0,0.0,0.0,0.0,0.0,0.0,0.0,0.0,0.0,0.0,0.0
27200,5017.54072023252,90.23274251617522,1094.4395725652334,88.74746429560645,72.82557265072951,14.331448917298019,25.032444403659923,47.64242089994304,1.5744966685637005,1.0,1.0,1.0,0.9941555602199796,0.9941555602199796,0,nominal,0.0,0.0,0.0,0.0,0.0,0.0,0.0,0.0,0.0,0.0,0.0,0.0
27250,5017.640589302701,90.26779218008699,1094.2761991305392,88.8003635774665,72.82332236207782,14.331419788819217,25.038701799827503,47.653223548070926,1.5745404614911271,1.0,1.0,1.0,0.994155078259323,0.994155078259323,0,nominal,0.0,0.0,0.0,0.0,0.0,0.0,0.0,0.0,0.0,0.0,0.0,0.0
27300,5017.726191362857,90.30282927580066,1094.1160458204672,88.8531987770532,72.82106058359778,14.331394821551672,25.044872798522213,47.66401938182458,1.5745779983754118,1.0,1.0,0.9999999999999997,0.994154665147576,0.994154665147576,0,nominal,0.0,0.0,0.0,0.0,0.0,0.0,0.0,0.0,0.0,0.0,0.0,0.0
27350,5017.799564557276,90.33785366120856,1093.958978860293,88.90596975610686,72.81878769890423,14.33137342103663,25.05096716317373,47.67480449748042,1.5746101729132915,1.0,1.0,0.9999999999999997,0.9941543110498731,0.9941543110498731,0,nominal,0.0,0.0,0.0,0.0,0.0,0.0,0.0,0.0,0.0,0.0,0.0,0.0
27400,5017.862455866779,90.37286521634616,1093.8048717056577,88.9586764183411,72.81650397549515,14.331355077738026,25.056993278547477,47.685575575433575,1.574637751136835,1.0,1.0,1.0,0.9941540075361457,0.9941540075361457,0,nominal,0.0,0.0,0.0,0.0,0.0,0.0,0.0,0.0,0.0,0.0,0.0,0.0
27450,5017.916362703495,90.4078638402155,1093.6536044926515,89.01131870333035,72.81420957988686,14.331339354910652,25.062958347093456,47.69632979615619,1.5746613896495807,1.0,1.0,1.0,0.9941537473804861,0.9941537473804861,0,nominal,0.0,0.0,0.0,0.0,0.0,0.0,0.0,0.0,0.0,0.0,0.0,0.0
27500,5017.962568563537,90.44284944806333,1093.5050635465423,89.06389658127557,72.81190459056137,14.331325878201472,25.068868557298284,47.70706476819892,1.5746816512579573,1.0,1.0,1.0,0.9941535243891596,0.9941535243891596,0,nominal,0.0,0.0,0.0,0.0,0.0,0.0,0.0,0.0,0.0,0.0,0.0,0.0
27550,5018.002173586431,90.47782196904876,1093.3591409416113,89.11641004852152,72.80958900903951,14.331314326736463,25.07472922803874,47.71777846651739,1.5746990183699692,1.0,1.0,0.9999999999999997,0.9941533332531775,0.9941533332531775,0,nominal,0.0,0.0,0.0,0.0,0.0,0.0,0.0,0.0,0.0,0.0,0.0,0.0
27600,5018.036120748911,90.51278134424501,1093.2157341055918,89.168859123718,72.80726276934851,14.33130442548074,25.080544932362823,47.728469179649814,1.5747139044800242,1.0,1.0,0.9999999999999997,0.9941531694219246,0.9941531694219246,0,nominal,0.0,0.0,0.0,0.0,0.0,0.0,0.0,0.0,0.0,0.0,0.0,0.0
27650,5018.065218316752,90.5477275249267,1093.0747454630928,89.22124384453247,72.80492574611345,14.33129593869012,25.086319603633395,47.739135464479254,1.5747266640132476,1.0,1.0,0.9999999999999997,0.9941530289948346,0.9941530289948346,0,nominal,0.0,0.0,0.0,0.0,0.0,0.0,0.0,0.0,0.0,0.0,0.0,0.0
27700,5018.090159089187,90.58266047110283,1092.9360821131677,89.27356426483504,72.80257776146945,14.331288664298159,25.09205662655023,47.74977610749502,1.5747376007635907,1.0,1.0,1.0,0.9941529086285356,0.9941529086285356,0,nominal,0.0,0.0,0.0,0.0,0.0,0.0,0.0,0.0,0.0,0.0,0.0,0.0
27750,5018.111536894131,90.61758015025924,1092.799655536845,89.32582045228804,72.80021859096283,14.33128242910505,25.09775891520674,47.76039009162224,1.5747469751265974,1.0,1.0,0.9999999999999997,0.9941528054572591,0.9941528054572591,0,nominal,0.0,0.0,0.0,0.0,0.0,0.0,0.0,0.0,0.0,0.0,0.0,0.0
27800,5018.12986072694,90.65248653628146,1092.6653813310045,89.37801248628188,72.79784796858546,14.331277084653813,25.10342898002923,47.77097656782051,1.5747550102989798,1.0,1.0,1.0,0.9941527170246168,0.9941527170246168,0,nominal,0.0,0.0,0.0,0.0,0.0,0.0,0.0,0.0,0.0,0.0,0.0,0.0
27850,5018.145566869348,90.6873796085315,1092.533178965472,89.43014045616792,72.79546559106583,14.33127250369561,25.109068985183345,47.78153483076771,1.574761897592599,1.0,1.0,0.9999999999999997,0.994152641225121,0.994152641225121,0,nominal,0.0,0.0,0.0,0.0,0.0,0.0,0.0,0.0,0.0,0.0,0.0,0.0
27900,5018.159029277126,90.72225935105689,1092.4029715606239,89.4822044597451,72.79307112152243,14.331268577160008,25.11468079780606,47.792064298042426,1.5747678009893382,1.0,1.0,1.0,0.9941525762540601,0.9941525762540601,0,nominal,0.0,0.0,0.0,0.0,0.0,0.0,0.0,0.0,0.0,0.0,0.0,0.0
27950,5018.170568483793,90.75712575191295,1092.27468568316,89.53420460196463,72.7906641925703,14.331265211558064,25.12026603022748,47.80256449230203,1.5747728610453096,1.0,1.0,1.0,0.9941525205645318,0.9941525205645318,0,nominal,0.0,0.0,0.0,0.0,0.0,0.0,0.0,0.0,0.0,0.0,0.0,0.0
28000,5018.180459232365,90.79197880258204,1092.1482511580048,89.58614099382078,72.78824440895829,14.331262326756397,25.125826076181358,47.81303502602637,1.5747771982373335,1.0,1.0,1.0,0.9941524728306157,0.9941524728306157,0,nominal,0.0,0.0,0.0,0.0,0.0,0.0,0.0,0.0,0.0,0.0,0.0,0.0
28050,5018.188937016855,90.82681849747593,1092.0236008945735,89.63801375140139,72.7858113498035,14.331259854069256,25.131362141860325,47.82347558845793,1.5747809158313728,1.0,1.0,0.9999999999999997,0.9941524319158046,0.9941524319158046,0,nominal,0.0,0.0,0.0,0.0,0.0,0.0,0.0,0.0,0.0,0.0,0.0,0.0
28100,5018.196203689275,90.8616448335095,1091.9006707258623,89.68982299507525,72.78336457048023,14.331257734623133,25.136875272550032,47.83388593442273,1.5747841023411924,1.0,1.0,1.0,0.9941523968459478,0.9941523968459478,0,nominal,0.0,0.0,0.0,0.0,0.0,0.0,0.0,0.0,0.0,0.0,0.0,0.0
28150,5018.202432265634,90.89645780973558,1091.7793992590296,89.74156884879648,72.78090360421209,14.331255917955026,25.142366375471763,47.844265874761305,1.5747868336357962,1.0,1.0,0.9999999999999997,0.9941523667860567,0.9941523667860567,0,nominal,0.0,0.0,0.0,0.0,0.0,0.0,0.0,0.0,0.0,0.0,0.0,0.0
28200,5018.207771045371,90.93125742703171,1091.6597277362926,89.79325143950916,72.77842796340927,14.331254360810938,25.147836239373582,47.85461526813841,1.5747891747458043,1.0,1.0,1.0,0.9941523410204256,0.9941523410204256,0,nominal,0.0,0.0,0.0,0.0,0.0,0.0,0.0,0.0,0.0,0.0,0.0,0.0
28250,5018.212347142289,90.96604368783221,1091.5415999051265,89.84487089663799,72.77593714078711,14.331253026116002,25.15328555133261,47.86493401403255,1.57479118141178,1.0,1.0,0.9999999999999997,0.9941523189355913,0.9941523189355913,0,nominal,0.0,0.0,0.0,0.0,0.0,0.0,0.0,0.0,0.0,0.0,0.0,0.0
28300,5018.216269511076,91.00081659589836,1091.424961896868,89.89642735165233,72.7734306102965,14.331251882091774,25.1587149111659,47.87522204673606,1.5747929014113766,1.0,1.0,1.0,0.9941523000057281,0.9941523000057281,0,nominal,0.0,0.0,0.0,0.0,0.0,0.0,0.0,0.0,0.0,0.0,0.0,0.0
28350,5018.219631541464,91.03557615612158,1091.309762112941,89.94792093769343,72.77090782789304,14.331250901499576,25.164124843790074,47.88547933021984,1.5747943756968816,1.0,1.0,1.0,0.9941522837801269,0.9941522837801269,0,nominal,0.0,0.0,0.0,0.0,0.0,0.0,0.0,0.0,0.0,0.0,0.0,0.0
28400,5018.222513281797,91.07032237435487,1091.195951118019,89.9993517892554,72.76836823216718,14.33125006099198,25.169515809822016,47.89570585373871,1.574795639370273,1.0,1.0,1.0,0.9941522698724657,0.9941522698724657,0,nominal,0.0,0.0,0.0,0.0,0.0,0.0,0.0,0.0,0.0,0.0,0.0,0.0
28450,5018.22498334494,91.1050552572683,1091.0834815395106,90.05072004191271,72.76581124485516,14.331249340556894,25.174888214670755,47.90590162807022,1.5747967225189685,1.0,1.0,0.9999999999999997,0.9941522579516112,0.9941522579516112,0,nominal,0.0,0.0,0.0,0.0,0.0,0.0,0.0,0.0,0.0,0.0,0.0,0.0
28500,5018.227100541919,91.13977481222531,1090.9723079728374,90.1020258320869,72.76323627124746,14.331248723041112,25.180242416335503,47.916066682296105,1.5747976509321906,1.0,0.9989855991617458,1.0,0.9941522477337342,0.9941522477337342,0,nominal,0.0,0.0,0.0,0.0,0.0,0.0,0.0,0.0,0.0,0.0,0.0,0.0
28550,5018.228915282187,91.17448104717664,1090.8623868920308,90.15326929684733,72.76064270050897,14.331248193741867,25.185578732094115,47.926201061048275,1.574798446714993,1.0,0.9979594833582621,0.9999999999999997,0.9941522389755528,0.9941522389755528,0,nominal,0.0,0.0,0.0,0.0,0.0,0.0,0.0,0.0,0.0,0.0,0.0,0.0
28600,5018.230470773845,91.2091739705698,1090.7536765652226,90.20445057374104,72.7580299059234,14.3312477400568,25.190897444239567,47.936304822151826,1.5747991288145666,1.0,0.9969346140630535,1.0,0.9941522314685394,0.9941522314685394,0,nominal,0.0,0.0,0.0,0.0,0.0,0.0,0.0,0.0,0.0,0.0,0.0,0.0
28650,5018.231804052409,91.24385359127103,1090.6461369746544,90.25556980064744,72.75539724507249,14.331247351183887,25.196198805000563,47.946378034609026,1.574799713471366,1.0,0.9959109885251791,0.9999999999999997,0.9941522250339558,0.9941522250339558,0,nominal,0.0,0.0,0.0,0.0,0.0,0.0,0.0,0.0,0.0,0.0,0.0,0.0
28700,5018.232946862607,91.27851991849889,1090.5397297408772,90.30662711565407,72.75274405995903,14.331247017864245,25.20148304076178,47.95642077687392,1.5748002146057818,1.0,0.9948886039870513,1.0,0.9941522195185978,0.9941522195185978,0,nominal,0.0,0.0,0.0,0.0,0.0,0.0,0.0,0.0,0.0,0.0,0.0,0.0
28750,5018.233926414205,91.31317296176724,1090.4344180508356,90.35762265695092,72.7500696770818,14.331246732161695,25.20675035568382,47.96643313537644,1.5748006441495783,1.0,0.9938674576869186,1.0,0.994152214791148,0.9938674576869186,0,nominal,0.0,0.0,0.0,0.0,0.0,0.0,0.0,0.0,0.0,0.0,0.0,0.0
28800,5018.23476602986,91.34781273083644,1090.3301665895674,90.40855656274005,72.74737340746883,14.331246487273795,25.212000934808373,47.97641520326015,1.5748010123299838,1.0,0.9928475468609815,1.0,0.9941522107390477,0.9928475468609815,0,nominal,0.0,0.0,0.0,0.0,0.0,0.0,0.0,0.0,0.0,0.0,0.0,0.0
28850,5018.235485700422,91.38243923567143,1090.226941475281,90.45942897115879,72.74465454667514,14.331246277369878,25.21723494672155,47.98636707930226,1.5748013279131952,1.0,0.991828868745199,0.9999999999999997,0.9941522072658188,0.991828868745199,0,nominal,0.0,0.0,0.0,0.0,0.0,0.0,0.0,0.0,0.0,0.0,0.0,0.0
28900,5018.236102560903,91.41705248640613,1090.1247101975864,90.51024002021427,72.74191237474973,14.33124609745224,25.222452545838557,47.996288866990135,1.5748015984130939,1.0,0.9908114205768243,1.0,0.9941522042887654,0.9908114205768243,0,nominal,0.0,0.0,0.0,0.0,0.0,0.0,0.0,0.0,0.0,0.0,0.0,0.0
28950,5018.2366312984595,91.45165249331285,1090.0234415586865,90.5609898477278,72.73914615617629,14.331245943237121,25.22765387436367,48.00618067373191,1.5748018302701545,1.0,0.9897951995957146,0.9999999999999997,0.9941522017370051,0.9897951995957146,0,nominal,0.0,0.0,0.0,0.0,0.0,0.0,0.0,0.0,0.0,0.0,0.0,0.0
29000,5018.237084502079,91.4862392667759,1089.9231056173408,90.61167859128756,72.73635513979126,14.331245811052733,25.232839063971237,48.01604261018095,1.5748020290047804,1.0,0.9887802030454441,0.9999999999999997,0.9941521995497821,0.9887802030454441,0,nominal,0.0,0.0,0.0,0.0,0.0,0.0,0.0,0.0,0.0,0.0,0.0,0.0
29050,5018.237472962323,91.52081281726942,1089.823673635443,90.6623063882086,72.73353855868245,14.331245697751827,25.238008237248156,48.02587478965914,1.5748021993487473,1.0,0.9877664281742489,1.0,0.9941521976750193,0.9877664281742489,0,nominal,0.0,0.0,0.0,0.0,0.0,0.0,0.0,0.0,0.0,0.0,0.0,0.0
29100,5018.237805928248,91.55537315533809,1089.725118027061,90.71287337549899,72.7306956300713,14.331245600636764,25.243161508931113,48.03567732766342,1.5748023453578628,1.0,0.9867538722358279,1.0,0.9941521960680797,0.9867538722358279,0,nominal,0.0,0.0,0.0,0.0,0.0,0.0,0.0,0.0,0.0,0.0,0.0,0.0
29150,5018.238091327612,91.58992029158082,1089.6274123097965,90.76337968983091,72.72782555518069,14.331245517395285,25.248298986968305,48.045450341444685,1.5748024705085346,1.0,0.9857425324900203,0.9999999999999997,0.9941521946907029,0.9857425324900203,0,nominal,0.0,0.0,0.0,0.0,0.0,0.0,0.0,0.0,0.0,0.0,0.0,0.0
29200,5018.238335955638,91.62445423663678,1089.5305310583421,90.81382546751684,72.72492751909091,14.331245446045441,25.253420773430175,48.055193949647645,1.5748025777805388,1.0,0.9847324062033818,0.9999999999999997,0.9941521935100942,0.9847324062033818,0,nominal,0.0,0.0,0.0,0.0,0.0,0.0,0.0,0.0,0.0,0.0,0.0,0.0
29250,5018.238545636803,91.65897500117336,1089.4344498601154,90.86421084448898,72.72200069058539,14.331245384888437,25.25852696529113,48.06490827200383,1.574802669727973,1.0,0.9837234906496632,1.0,0.9941521924981439,0.9837234906496632,0,nominal,0.0,0.0,0.0,0.0,0.0,0.0,0.0,0.0,0.0,0.0,0.0,0.0
29300,5018.238725363516,91.69348259587605,1089.3391452728592,90.91453595628235,72.71904422198762,14.331245332468146,25.2636176551001,48.07459342906894,1.5748027485400589,1.0,0.9827157831102205,0.9999999999999997,0.9941521916307579,0.9827157831102205,0,nominal,0.0,0.0,0.0,0.0,0.0,0.0,0.0,0.0,0.0,0.0,0.0,0.0
29350,5018.238879414985,91.72797703143976,1089.2445947841147,90.96480093802074,72.71605724899116,14.331245287536468,25.26869293155627,48.08424954199954,1.574802816093276,1.0,0.981709280874353,0.9999999999999997,0.9941521908872842,0.981709280874353,0,nominal,0.0,0.0,0.0,0.0,0.0,0.0,0.0,0.0,0.0,0.0,0.0,0.0
29400,5018.239011459101,91.76245831856136,1089.1507767724625,91.01500592440476,72.71303889048346,14.331245249023599,25.273752880003062,48.09387673236203,1.5748028739960338,1.0,0.9807039812395851,1.0,0.9941521902500211,0.9807039812395851,0,nominal,0.0,0.0,0.0,0.0,0.0,0.0,0.0,0.0,0.0,0.0,0.0,0.0
29450,5018.239124639771,91.7969264679333,1089.0576704704513,91.06515104970225,72.7099882483649,14.33124521601257,25.2787975828522,48.10347512197016,1.5748029236269687,1.0,0.9796998815119048,1.0,0.9941521897037954,0.9796998815119048,0,nominal,0.0,0.0,0.0,0.0,0.0,0.0,0.0,0.0,0.0,0.0,0.0,0.0
29500,5018.239221651775,91.83138149023841,1088.9652559291321,91.11523644774041,72.70690440736371,14.331245187717403,25.28382711994789,48.113044832746844,1.5748029661677707,1.0,0.978696979005955,1.0,0.9941521892356021,0.978696979005955,0,nominal,0.0,0.0,0.0,0.0,0.0,0.0,0.0,0.0,0.0,0.0,0.0,0.0
29550,5018.239304804921,91.86582339614517,1088.8735139841174,91.16526225189926,72.7037864348483,14.3312451634644,25.28884156887937,48.12258598660618,1.5748030026313156,1.0,0.9776952710451917,0.9999999999999997,0.9941521888342935,0.9776952710451917,0,nominal,0.0,0.0,0.0,0.0,0.0,0.0,0.0,0.0,0.0,0.0,0.0,0.0
29600,5018.2393760790455,91.90025219630394,1088.7824262230934,91.21522859510668,72.7006333806367,14.331245142676117,25.293841005249448,48.132098705353606,1.5748030338857821,1.0,0.9766947549620147,0.9999999999999997,0.9941521884903146,0.9766947549620147,0,nominal,0.0,0.0,0.0,0.0,0.0,0.0,0.0,0.0,0.0,0.0,0.0,0.0
29650,5018.2394371711525,91.93466790134363,1088.691974954722,91.26513560983415,72.69744427680492,14.331245124857585,25.298825502905178,48.14158311060099,1.5748030606753247,1.0,0.9756954280978664,1.0,0.9941521881954756,0.9756954280978664,0,nominal,0.0,0.0,0.0,0.0,0.0,0.0,0.0,0.0,0.0,0.0,0.0,0.0
29700,5018.239489535816,91.96907052186884,1088.6021431788636,91.31498342809402,72.69421813749405,14.33124510958456,25.303795134136003,48.15103932369468,1.5748030836377909,1.0,0.9746972878033171,0.9999999999999997,0.9941521879427566,0.9746972878033171,0,nominal,0.0,0.0,0.0,0.0,0.0,0.0,0.0,0.0,0.0,0.0,0.0,0.0
29750,5018.239534419813,92.00346006845774,1088.5129145580618,91.36477218143693,72.69095395871716,14.331245096493392,25.30874996984404,48.16046746565448,1.5748031033199033,1.0,0.9737003314381195,1.0,0.9941521877261401,0.9737003314381195,0,nominal,0.0,0.0,0.0,0.0,0.0,0.0,0.0,0.0,0.0,0.0,0.0,0.0
29800,5018.23957289181,92.03783655165984,1088.424273390237,91.41450200095039,72.68765071816627,14.331245085272394,25.313690079690662,48.16986765712253,1.5748031201902863,1.0,0.9727045563712613,0.9999999999999997,0.994152187540469,0.9727045563712613,0,nominal,0.0,0.0,0.0,0.0,0.0,0.0,0.0,0.0,0.0,0.0,0.0,0.0
29850,5018.239605867808,92.07219998199457,1088.3362045825247,91.46417301725779,72.68430737502004,14.331245075654394,25.318615532222317,48.17924001831981,1.5748031346506142,1.0,0.9717099599809922,1.0,0.9941521873813223,0.9717099599809922,0,nominal,0.0,0.0,0.0,0.0,0.0,0.0,0.0,0.0,0.0,0.0,0.0,0.0
29900,5018.239634132949,92.10655036994973,1088.2486936262221,91.51378536051777,72.68092286975254,14.331245067410395,25.323526394979,48.18858466900987,1.5748031470451813,1.0,0.9707165396548442,1.0,0.9941521872449107,0.9707165396548442,0,nominal,0.0,0.0,0.0,0.0,0.0,0.0,0.0,0.0,0.0,0.0,0.0,0.0
29950,5018.239658360212,92.14088772598046,1088.1617265727787,91.56333916042439,72.67749612394364,14.33124506034411,25.328422734587527,48.19790172846834,1.5748031576690955,1.0,0.9697242927896446,1.0,0.9941521871279866,0.9697242927896446,0,nominal,0.0,0.0,0.0,0.0,0.0,0.0,0.0,0.0,0.0,0.0,0.0,0.0
30000,5018.239679126438,92.17521206050816,1088.0752900107982,91.61283454620713,72.67402604009129,14.331245054287292,25.33330461684193,48.20719131545765,1.5748031667753084,1.0,0.9687332167915121,1.0,0.9941521870277659,0.9687332167915121,0,nominal,0.0,0.0,0.0,0.0,0.0,0.0,0.0,0.0,0.0,0.0,0.0,0.0
30050,5018.239696926061,92.20952338391987,1087.9893710439987,91.66227164663172,72.6705115014264,14.331245049095738,25.33817210677267,48.216453548205834,1.5748031745806332,1.0,0.9677433090758575,0.9999999999999997,0.9941521869418625,0.9677433090758575,0,nominal,0.0,0.0,0.0,0.0,0.0,0.0,0.0,0.0,0.0,0.0,0.0,0.0
30100,5018.23971218288,92.24382170656759,1087.9039572700954,91.71165059000094,72.66695137173019,14.331245044645831,25.34302526870656,48.22568854438944,1.5748031812709122,1.0,0.9667545670673655,1.0,0.9941521868682309,0.9667545670673655,0,nominal,0.0,0.0,0.0,0.0,0.0,0.0,0.0,0.0,0.0,0.0,0.0,0.0
30150,5018.239725260153,92.2781070387677,1087.819036760563,91.76097150415563,72.66334449515497,14.331245040831625,25.3478641663182,48.234896421119146,1.5748031870054362,1.0,0.9657669881999812,1.0,0.9941521868051182,0.9657669881999812,0,nominal,0.0,0.0,0.0,0.0,0.0,0.0,0.0,0.0,0.0,0.0,0.0,0.0
30200,5018.239736469245,92.31237939080069,1087.7345980412388,91.81023451647604,72.6596896960483,14.331245037562308,25.352688862674707,48.244077294928445,1.5748031919207428,1.0,0.9647805699168873,1.0,0.9941521867510216,0.9647805699168873,0,nominal,0.0,0.0,0.0,0.0,0.0,0.0,0.0,0.0,0.0,0.0,0.0,0.0
30250,5018.239746077038,92.3466387729107,1087.6506300737374,91.85943975388318,72.65598577878107,14.331245034760034,25.357499420274234,48.25323128176439,1.5748031961338638,1.0,0.9637953096704791,1.0,0.994152186704653,0.9637953096704791,0,nominal,0.0,0.0,0.0,0.0,0.0,0.0,0.0,0.0,0.0,0.0,0.0,0.0
30300,5018.239754312289,92.38088519530538,1087.5671222376309,91.90858734284046,72.65223152757989,14.331245032358087,25.362295901079374,48.262358496980404,1.5748031997451089,1.0,0.9628112049223364,1.0,0.9941521866649085,0.9628112049223364,0,nominal,0.0,0.0,0.0,0.0,0.0,0.0,0.0,0.0,0.0,0.0,0.0,0.0
30350,5018.2397613710755,92.4151186681558,1087.4840643133766,91.95767740935537,72.64842570636397,14.331245030299275,25.367078366546277,48.27145905533088,1.5748032028404624,1.0,0.9618282531431908,0.9999999999999997,0.9941521866308418,0.9618282531431908,0,nominal,0.0,0.0,0.0,0.0,0.0,0.0,0.0,0.0,0.0,0.0,0.0,0.0
30400,5018.2397674214635,92.44933920159622,1087.4014464659458,92.00671007898109,72.64456705858706,14.331245028534576,25.371846877649794,48.280533070967074,1.5748032054936225,1.0,0.9608464518128926,1.0,0.9941521866016418,0.9608464518128926,0,nominal,0.0,0.0,0.0,0.0,0.0,0.0,0.0,0.0,0.0,0.0,0.0,0.0
30450,5018.2397726075105,92.48354680572407,1087.3192592291362,92.0556854768185,72.6406543070847,14.33124502702198,25.376601494905366,48.289580657434115,1.57480320776776,1.0,0.9598657984203782,1.0,0.9941521865766132,0.9598657984203782,0,nominal,0.0,0.0,0.0,0.0,0.0,0.0,0.0,0.0,0.0,0.0,0.0,0.0
30500,5018.239777052694,92.51774149060003,1087.2374934905306,92.10460372751805,72.63668615392719,14.331245025725469,25.381342278388278,48.298601927669374,1.5748032097170197,1.0,0.95888629046363,1.0,0.9941521865551601,0.95888629046363,0,nominal,0.0,0.0,0.0,0.0,0.0,0.0,0.0,0.0,0.0,0.0,0.0,0.0
30550,5018.239780862851,92.55192326624785,1087.156140477081,92.15346495528166,72.63266128027841,14.331245024614171,25.386069287750395,48.30759699400152,1.5748032113878156,1.0,0.9579079254496389,0.9999999999999997,0.9941521865367718,0.9579079254496389,0,nominal,0.0,0.0,0.0,0.0,0.0,0.0,0.0,0.0,0.0,0.0,0.0,0.0
30600,5018.2397841287,92.58609214265459,1087.0751917412858,92.20226928386478,72.62857834626136,14.331245023661634,25.390782582234717,48.316565968150144,1.574803212819925,1.0,0.9569307008943667,1.0,0.9941521865210105,0.9569307008943667,0,nominal,0.0,0.0,0.0,0.0,0.0,0.0,0.0,0.0,0.0,0.0,0.0,0.0
30650,5018.239786927999,92.62024812977057,1086.994639147943,92.2510168365784,72.62443599083022,14.331245022845168,25.39548222068848,48.32550896122652,1.5748032140474475,1.0,0.9559546143227045,0.9999999999999997,0.9941521865075005,0.9559546143227045,0,nominal,0.0,0.0,0.0,0.0,0.0,0.0,0.0,0.0,0.0,0.0,0.0,0.0
30700,5018.239789327398,92.65439123750963,1086.9144748614458,92.29970773629111,72.62023283164969,14.331245022145344,25.4001682615744,48.33442608373439,1.574803215099609,1.0,0.954979663268432,0.9999999999999997,0.9941521864959207,0.954979663268432,0,nominal,0.0,0.0,0.0,0.0,0.0,0.0,0.0,0.0,0.0,0.0,0.0,0.0
30750,5018.239791384026,92.68852147574904,1086.8346913336063,92.34834210543124,72.61596746498184,14.331245021545497,25.404840762980864,48.343317445571635,1.5748032160014624,1.0,0.9540058452741778,1.0,0.9941521864859952,0.9540058452741778,0,nominal,0.0,0.0,0.0,0.0,0.0,0.0,0.0,0.0,0.0,0.0,0.0,0.0
30800,5018.23979314685,92.72263885432977,1086.7552812919816,92.39692006598887,72.61163846558078,14.33124502103134,25.409499782630768,48.35218315603188,1.57480321677448,1.0,0.9530331578913751,1.0,0.9941521864774875,0.9530331578913751,0,nominal,0.0,0.0,0.0,0.0,0.0,0.0,0.0,0.0,0.0,0.0,0.0,0.0
30850,5018.239794657842,92.75674338305652,1086.676237728681,92.445441739518,72.6072443865958,14.331245020590632,25.414145377889582,48.36102332380681,1.5748032174370665,1.0,0.9520615986802227,0.9999999999999997,0.9941521864701952,0.9520615986802227,0,nominal,0.0,0.0,0.0,0.0,0.0,0.0,0.0,0.0,0.0,0.0,0.0,0.0
30900,5018.239795952978,92.79083507169804,1086.5975538896346,92.49390724713868,72.60278375948305,14.331245020212885,25.418777605772483,48.369838056988655,1.574803218004997,1.0,0.95109116520964,1.0,0.9941521864639448,0.95109116520964,0,nominal,0.0,0.0,0.0,0.0,0.0,0.0,0.0,0.0,0.0,0.0,0.0,0.0
30950,5018.239797063095,92.82491392998713,1086.5192232643062,92.54231670953914,72.59825509392627,14.331245019889103,25.42339652295086,48.378627463072895,1.5748032184917953,1.0,0.9501218550572265,0.9999999999999997,0.9941521864585873,0.9501218550572265,0,nominal,0.0,0.0,0.0,0.0,0.0,0.0,0.0,0.0,0.0,0.0,0.0,0.0
31000,5018.239798014623,92.85897996762088,1086.4412395758281,92.59067024697782,72.59365687776724,14.331245019611574,25.428002185758036,48.38739164896102,1.5748032189090508,1.0,0.9491536658092172,0.9999999999999997,0.994152186453995,0.9491536658092172,0,nominal,0.0,0.0,0.0,0.0,0.0,0.0,0.0,0.0,0.0,0.0,0.0,0.0
31050,5018.239798830219,92.89303319426091,1086.3635967715454,92.63896797928567,72.58898757694581,14.33124501937369,25.432594650194602,48.39613072096363,1.5748032192666985,1.0,0.9481865950604436,1.0,0.9941521864500589,0.9481865950604436,0,nominal,0.0,0.0,0.0,0.0,0.0,0.0,0.0,0.0,0.0,0.0,0.0,0.0
31100,5018.239799529301,92.92707361953342,1086.2862890139468,92.68721002586818,72.58424563545053,14.331245019169794,25.437173971933262,48.40484478480359,1.5748032195732533,1.0,0.9472206404142867,0.9999999999999997,0.9941521864466849,0.9472206404142867,0,nominal,0.0,0.0,0.0,0.0,0.0,0.0,0.0,0.0,0.0,0.0,0.0,0.0
31150,5018.239800128515,92.96110125302943,1086.2093106719726,92.73539650570746,72.57942947527967,14.331245018995022,25.44174020632334,48.4135339456195,1.574803219836015,1.0,0.9462557994826364,0.9999999999999997,0.9941521864437931,0.9462557994826364,0,nominal,0.0,0.0,0.0,0.0,0.0,0.0,0.0,0.0,0.0,0.0,0.0,0.0
31200,5018.239800642126,92.995116104305,1086.1326563126763,92.78352753736442,72.57453749641381,14.331245018845218,25.446293408394713,48.42219830796865,1.5748032200612387,1.0,0.9452920698858509,1.0,0.9941521864413143,0.9452920698858509,0,nominal,0.0,0.0,0.0,0.0,0.0,0.0,0.0,0.0,0.0,0.0,0.0,0.0
31250,5018.2398010823645,93.0291181828814,1086.0563206932338,92.8316032389809,72.56956807679958,14.331245018716812,25.45083363286176,48.43083797583086,1.5748032202542879,1.0,0.9443294492527116,0.9999999999999997,0.9941521864391896,0.9443294492527116,0,nominal,0.0,0.0,0.0,0.0,0.0,0.0,0.0,0.0,0.0,0.0,0.0,0.0
31300,5018.239801459712,93.06310749824536,1085.9802987532803,92.87962372828167,72.56451957234567,14.331245018606753,25.455360934126883,48.43945305261181,1.574803220419759,1.0,0.9433679352203819,0.9999999999999997,0.9941521864373686,0.9433679352203819,0,nominal,0.0,0.0,0.0,0.0,0.0,0.0,0.0,0.0,0.0,0.0,0.0,0.0
31350,5018.239801783152,93.09708405984912,1085.9045856075604,92.9275891225767,72.5593903169312,14.331245018512416,25.45987536628377,48.4480436411465,1.5748032205615912,1.0,0.9424075254343666,0.9999999999999997,0.9941521864358075,0.9424075254343666,0,nominal,0.0,0.0,0.0,0.0,0.0,0.0,0.0,0.0,0.0,0.0,0.0,0.0
31400,5018.239802060387,93.1310478771108,1085.829176538883,92.97549953876307,72.55417862242689,14.331245018431556,25.464376983120594,48.456609843703,1.5748032206831613,1.0,0.9414482175484659,0.9999999999999997,0.9941521864344696,0.9414482175484659,0,nominal,0.0,0.0,0.0,0.0,0.0,0.0,0.0,0.0,0.0,0.0,0.0,0.0
31450,5018.239802298017,93.16499895941445,1085.7540669913665,93.0233550933271,72.54888277872973,14.33124501836225,25.46886583812296,48.46515176198588,1.5748032207873646,1.0,0.9404900092247385,1.0,0.9941521864333227,0.9404900092247385,0,nominal,0.0,0.0,0.0,0.0,0.0,0.0,0.0,0.0,0.0,0.0,0.0,0.0
31500,5018.239802501699,93.19893731611035,1085.679252563959,93.07115590234645,72.54350105381121,14.331245018302841,25.47334198447672,48.47366949713992,1.5748032208766818,1.0,0.9395328981334581,1.0,0.9941521864323397,0.9395328981334581,0,nominal,0.0,0.0,0.0,0.0,0.0,0.0,0.0,0.0,0.0,0.0,0.0,0.0
31550,5018.239802676284,93.23286295651513,1085.6047290042288,93.1189020814922,72.53803169377989,14.331245018251922,25.477805475070674,48.4821631497537,1.574803220953239,1.0,0.9385768819530711,1.0,0.9941521864314973,0.9385768819530711,0,nominal,0.0,0.0,0.0,0.0,0.0,0.0,0.0,0.0,0.0,0.0,0.0,0.0
31600,5018.239802825929,93.26677588991208,1085.5304922024065,93.16659374603074,72.53247292295862,14.331245018208275,25.482256362499168,48.49063281986323,1.5748032210188596,1.0,0.9376219583701562,1.0,0.994152186430775,0.9376219583701562,0,nominal,0.0,0.0,0.0,0.0,0.0,0.0,0.0,0.0,0.0,0.0,0.0,0.0
31650,5018.2398029541955,93.3006761255512,1085.4565381856746,93.21423101082604,72.52682294397678,14.331245018170863,25.486694699064536,48.499078606955514,1.574803221075106,1.0,0.9366681250793851,1.0,0.9941521864301559,0.9366681250793851,0,nominal,0.0,0.0,0.0,0.0,0.0,0.0,0.0,0.0,0.0,0.0,0.0,0.0
31700,5018.239803064138,93.33456367264955,1085.3828631126903,93.26181399034147,72.52107993787826,14.331245018138796,25.491120536779555,48.50750060997226,1.574803221123317,1.0,0.9357153797834792,1.0,0.9941521864296253,0.9357153797834792,0,nominal,0.0,0.0,0.0,0.0,0.0,0.0,0.0,0.0,0.0,0.0,0.0,0.0
31750,5018.239803158374,93.36843854039131,1085.3094632683337,93.30934279864192,72.51524206424524,14.331245018111309,25.495533927369742,48.51589892731346,1.5748032211646412,1.0,0.9347637201931707,0.9999999999999997,0.9941521864291705,0.9347637201931707,0,nominal,0.0,0.0,0.0,0.0,0.0,0.0,0.0,0.0,0.0,0.0,0.0,0.0
31800,5018.239803239148,93.40230073792804,1085.236335058673,93.35681754939571,72.50930746133861,14.33124501808775,25.499934922275557,48.52427365684084,1.574803221200061,1.0,0.9338131440271615,0.9999999999999997,0.9941521864287807,0.9338131440271615,0,nominal,0.0,0.0,0.0,0.0,0.0,0.0,0.0,0.0,0.0,0.0,0.0,0.0
31850,5018.239803308384,93.43615027437892,1085.1634750061348,93.40423835587671,72.50327424625522,14.331245018067559,25.504323572654744,48.53262489588176,1.5748032212304213,1.0,0.9328636490120857,1.0,0.9941521864284466,0.9328636490120857,0,nominal,0.0,0.0,0.0,0.0,0.0,0.0,0.0,0.0,0.0,0.0,0.0,0.0
31900,5018.239803367728,93.46998715883086,1085.0908797448733,93.45160533096612,72.49714051510259,14.33124501805025,25.508699929384303,48.540952741232395,1.5748032212564445,1.0,0.9319152328824657,1.0,0.9941521864281602,0.9319152328824657,0,nominal,0.0,0.0,0.0,0.0,0.0,0.0,0.0,0.0,0.0,0.0,0.0,0.0
31950,5018.239803418594,93.50381140033869,1085.0185460163293,93.4989185871546,72.49090434319125,14.331245018035414,25.513064043062712,48.54925728916162,1.5748032212787497,1.0,0.9309678933806776,1.0,0.9941521864279147,0.9309678933806776,0,nominal,0.0,0.0,0.0,0.0,0.0,0.0,0.0,0.0,0.0,0.0,0.0,0.0
32000,5018.239803462195,93.5376230079255,1084.9464706649724,93.54617823654416,72.48456378524561,14.331245018022695,25.517415964011924,48.557538635414325,1.574803221297869,1.0,0.9300216282569079,0.9999999999999997,0.9941521864277042,0.9300216282569079,0,nominal,0.0,0.0,0.0,0.0,0.0,0.0,0.0,0.0,0.0,0.0,0.0,0.0
32050,4989.802626683447,93.5683000590974,1085.1041843397616,93.59047826018457,72.47811687563319,14.331245018011796,23.683121094424564,45.06702673819327,1.5018484464549613,1.0,0.9290764352691167,0.9999999999999997,0.9941521864275239,0.9290764352691167,0,nominal,0.0,0.0,0.0,0.0,0.0,0.0,0.0,0.0,0.0,0.0,0.0,0.0
32100,4937.124887341838,93.59572360666789,1085.4647912504538,93.63144670988146,72.43780912995322,14.335804968877346,21.83129926080107,41.77991938471948,1.423151976905005,1.0,0.9281904347963086,1.0,0.994227598637059,0.9281904347963086,0,nominal,0.0,0.0,0.0,0.0,0.0,0.0,0.0,0.0,0.0,0.0,0.0,0.0
32150,4863.809664452773,93.61987666623372,1086.0128172869277,93.66884965054129,72.35743434509652,14.335804968877346,20.011500166442882,38.70587732150862,1.3413693633610193,1.0,0.9273710658023708,1.0,0.994227598637059,0.9273710658023708,0,nominal,0.0,0.0,0.0,0.0,0.0,0.0,0.0,0.0,0.0,0.0,0.0,0.0
32200,4772.951885074627,93.64078938437802,1086.7293098444711,93.70253661834283,72.21968371760633,14.335804968877346,18.243751513899795,35.81862902898874,1.2579553122904505,1.0,0.9266230069891742,1.0,0.994227598637059,0.9266230069891742,0,nominal,0.0,0.0,0.0,0.0,0.0,0.0,0.0,0.0,0.0,0.0,0.0,0.0
32250,4667.211604559946,93.65853801305826,1087.5969313184132,93.73243530503748,71.99140211830203,14.335804968877346,16.547537480799118,33.10683764866502,1.1742928746087264,1.0,0.9259492676331433,1.0,0.994227598637059,0.9259492676331433,0,nominal,0.0,0.0,0.0,0.0,0.0,0.0,0.0,0.0,0.0,0.0,0.0,0.0
32300,4548.876934272094,93.67323419835577,1088.599778947083,93.75853741578601,71.616542717039,14.335804968877346,14.936877667988872,30.56143303504898,1.0914938665744618,1.0,0.9253512938992503,1.0,0.994227598637059,0.9253512938992503,0,nominal,0.0,0.0,0.0,0.0,0.0,0.0,0.0,0.0,0.0,0.0,0.0,0.0
32350,4419.918123719931,93.68501642462178,1089.7231330438372,93.78088674172574,71.01199177595058,14.335804968877346,13.42159142957045,28.175472553439477,1.010446802694031,1.0,0.9248292516842799,1.0,0.994227598637059,0.9248292516842799,0,nominal,0.0,0.0,0.0,0.0,0.0,0.0,0.0,0.0,0.0,0.0,0.0,0.0
32400,4282.034097849527,93.69404305200891,1090.8458379099625,93.79956902013708,70.07847343847524,14.335804968877346,12.00819469616578,25.943877103716673,0.9318532325554297,1.0,0.9243822651654853,1.0,0.994227598637059,0.9243822651654853,0,nominal,0.0,0.0,0.0,0.0,0.0,0.0,0.0,0.0,0.0,0.0,0.0,0.0
32450,4136.692577262127,93.7004865566733,1091.8835266459055,93.81470326366019,68.76975248456128,14.335804968877346,10.700546495106508,23.863119670197953,0.8562563627981296,1.0,0.9240086195972583,1.0,0.994227598637059,0.9240086195972583,0,nominal,0.0,0.0,0.0,0.0,0.0,0.0,0.0,0.0,0.0,0.0,0.0,0.0
32500,3985.1647666427966,93.70452870466187,1092.8426260717151,93.82643432024662,67.04443918752985,14.335804968877344,9.500327707779427,21.9309134644962,0.7840645514472521,1.0,0.8921574754265591,0.9999999999999997,0.9942275986370589,0.8921574754265591,0,nominal,0.0,0.0,0.0,0.0,0.0,0.0,0.0,0.0,0.0,0.0,0.0,0.0
32550,3828.5554836190954,93.70635647474342,1093.7292023558198,93.83492648324562,64.96054820122005,14.335804968877346,8.407408716027668,20.145927219118537,0.715571345934666,1.0,0.8511062698119982,1.0,0.994227598637059,0.8511062698119982,0,nominal,0.0,0.0,0.0,0.0,0.0,0.0,0.0,0.0,0.0,0.0,0.0,0.0
32600,3667.829518052068,93.70615860252781,1094.5489691603107,93.84035801198178,62.6133032663767,14.335804968877346,7.420143963231375,18.50754304470078,0.6509731103061821,1.0,0.8048671742542102,1.0,0.994227598637059,0.8048671742542102,0,nominal,0.0,0.0,0.0,0.0,0.0,0.0,0.0,0.0,0.0,0.0,0.0,0.0
32650,3503.8349660261174,93.70412265632211,1095.3073009275413,93.84291645227898,60.09094213796347,14.335804968877346,6.535618481548101,17.0156652436815,0.5903848722710239,1.0,0.7551784112637673,1.0,0.994227598637059,0.7551784112637673,0,nominal,0.0,0.0,0.0,0.0,0.0,0.0,0.0,0.0,0.0,0.0,0.0,0.0
32700,3337.324287113236,93.7004325805043,1096.0092489084,93.84279466753253,57.45753405171303,14.335804968877348,5.749862709288693,15.67058519290258,0.533854754988722,1.0,0.7033021003022479,0.9999999999999997,0.994227598637059,0.7033021003022479,0,nominal,0.0,0.0,0.0,0.0,0.0,0.0,0.0,0.0,0.0,0.0,0.0,0.0
32750,3168.97391784672,93.69526665942095,1096.659558254822,93.84018750722794,54.75472154062272,14.335804968877348,5.058046359895621,14.472907239020882,0.48137719863149847,1.0,0.6500585703578836,0.9999999999999997,0.994227598637059,0.6500585703578836,0,nominal,0.0,0.0,0.0,0.0,0.0,0.0,0.0,0.0,0.0,0.0,0.0,0.0
32800,2999.4035060683354,93.68879586764035,1097.2626850798542,93.83528905397611,52.00899336754267,14.335804968877344,4.454659013339273,13.423543774261573,0.43290509883184103,1.0,0.5959696316680525,0.9999999999999997,0.9942275986370589,0.5959696316680525,0,nominal,0.0,0.0,0.0,0.0,0.0,0.0,0.0,0.0,0.0,0.0,0.0,0.0
32850,2854.05743882972,93.68173428986944,1097.836373505139,93.82880397638587,49.23798770770175,14.335804968877348,4.258614412563995,13.558286501512931,0.39952141101358424,1.0,0.5413827440388301,0.9999999999999997,0.994227598637059,0.5413827440388301,0,nominal,0.0,0.0,0.0,0.0,0.0,0.0,0.0,0.0,0.0,0.0,0.0,0.0
32900,2729.4750954823353,93.67417403964805,1098.3838890765883,93.82100433087004,46.86193997415962,14.335804968877346,4.083496353860218,13.662835673294804,0.37190652264956936,1.0,0.4945762533440481,1.0,0.994227598637059,0.4945762533440481,0,nominal,0.0,0.0,0.0,0.0,0.0,0.0,0.0,0.0,0.0,0.0,0.0,0.0
32950,2622.6902297560055,93.66619275976223,1098.9080931778499,93.81211218720631,44.82605537822945,14.335804968877346,3.9285558847879507,13.744380873340049,0.348967001682555,1.0,0.45447074028981466,1.0,0.994227598637059,0.45447074028981466,0,nominal,0.0,0.0,0.0,0.0,0.0,0.0,0.0,0.0,0.0,0.0,0.0,0.0
33000,2531.160344847723,93.65785579498203,1099.4114823546188,93.80230949145471,43.08224571590324,14.335804968877346,3.7924201579678187,13.808319585147748,0.3298382609016523,1.0,0.42011890064412527,1.0,0.994227598637059,0.42011890064412527,0,nominal,0.0,0.0,0.0,0.0,0.0,0.0,0.0,0.0,0.0,0.0,0.0,0.0
33050,2452.706157783481,93.64921811584531,1099.8962278663566,93.79174588191432,41.588948610846714,14.335804968877346,3.673425946569371,13.858716584319263,0.31383227717651235,1.0,0.39070198444935894,1.0,0.994227598637059,0.39070198444935894,0,nominal,0.0,0.0,0.0,0.0,0.0,0.0,0.0,0.0,0.0,0.0,0.0,0.0
33100,2385.4597117284166,93.64032597986534,1100.3642135735563,93.7805448890519,40.310430635392315,14.335804968877344,3.5698219792207606,13.898643638531592,0.3003980499315891,1.0,0.3655160679896731,0.9999999999999997,0.9942275986370589,0.3655160679896731,0,nominal,0.0,0.0,0.0,0.0,0.0,0.0,0.0,0.0,0.0,0.0,0.0,0.0
33150,2327.8199008240754,93.63121834361169,1100.8170711658222,93.76880886320464,39.21603008240652,14.335804968877346,3.479887926372767,13.930430989842332,0.28909156725136437,1.0,0.34395713692252256,1.0,0.994227598637059,0.34395713692252256,0,nominal,0.0,0.0,0.0,0.0,0.0,0.0,0.0,0.0,0.0,0.0,0.0,0.0
33200,2278.4143486203543,93.6219280512235,1101.2562122769086,93.75662290190803,38.27945703488829,14.335804968877346,3.4020007500951506,13.95585377343757,0.27955288575602893,1.0,0.32550729813570073,1.0,0.994227598637059,0.32550729813570073,0,nominal,0.0,0.0,0.0,0.0,0.0,0.0,0.0,0.0,0.0,0.0,0.0,0.0
33250,2236.0667324457363,93.61248282876363,1101.682857356277,93.74405799049862,37.478176414646185,14.335804968877346,3.334668136418348,13.976270412887555,0.27148854831735275,1.0,0.30972262623461905,1.0,0.994227598637059,0.30972262623461905,0,nominal,0.0,0.0,0.0,0.0,0.0,0.0,0.0,0.0,0.0,0.0,0.0,0.0
33300,2199.768775724635,93.60290611335643,1102.0980613569304,93.73117352324306,36.792873402095246,14.335804968877346,3.2765416585319134,13.992725538155003,0.26465802040241676,1.0,0.29622263268345717,1.0,0.994227598637059,0.29622263268345717,0,nominal,0.0,0.0,0.0,0.0,0.0,0.0,0.0,0.0,0.0,0.0,0.0,0.0
33350,2168.6562413922625,93.59321774353481,1102.5027364074463,93.71801933563387,36.20699336476815,14.335804968877346,3.2264177640565483,14.006026668687829,0.25886316363534595,1.0,0.28468120271625363,1.0,0.994227598637059,0.28468120271625363,0,nominal,0.0,0.0,0.0,0.0,0.0,0.0,0.0,0.0,0.0,0.0,0.0,0.0
33400,2141.9883548216576,93.58343453392297,1102.8976716934717,93.70463734981661,35.70634702613216,14.335804968877348,3.183231741612337,14.016801474060507,0.25394001506592273,1.0,0.27481881743672537,0.9999999999999997,0.994227598637059,0.27481881743672537,0,nominal,0.0,0.0,0.0,0.0,0.0,0.0,0.0,0.0,0.0,0.0,0.0,0.0
33450,2119.1301663325676,93.57357075397738,1103.2835507996406,93.69106291276177,35.27877202237658,14.335804968877346,3.146047925662287,14.025540636933458,0.249752325547041,1.0,0.26639588672195735,1.0,0.994227598637059,0.26639588672195735,0,nominal,0.0,0.0,0.0,0.0,0.0,0.0,0.0,0.0,0.0,0.0,0.0,0.0
33500,2099.537433341919,93.56363852733062,1103.6609667688685,93.67732588943306,34.9138429280016,14.335804968877346,3.114048174921286,14.03263002733088,0.24618644753173674,1.0,0.2592070369278272,1.0,0.994227598637059,0.2592070369278272,0,nominal,0.0,0.0,0.0,0.0,0.0,0.0,0.0,0.0,0.0,0.0,0.0,0.0
33550,2082.7436622070773,93.55364816547564,1104.030435129866,93.6634515597359,34.602622843986936,14.335804968877346,3.0865198710161774,14.038374928376449,0.24314726408256848,1.0,0.25307621734839664,1.0,0.994227598637059,0.25307621734839664,0,nominal,0.0,0.0,0.0,0.0,0.0,0.0,0.0,0.0,0.0,0.0,0.0,0.0
33600,2068.349001234356,93.54360844712454,1104.3924051302915,93.64946135759266,34.33745059081958,14.335804968877346,3.062844177437856,14.043018339844028,0.2405549262404919,1.0,0.24785250806630688,1.0,0.994227598637059,0.24785250806630688,0,nominal,0.0,0.0,0.0,0.0,0.0,0.0,0.0,0.0,0.0,0.0,0.0,0.0
33650,2056.010720400595,93.53352685256135,1104.7472693954983,93.63537348239436,34.11175839155761,14.335804968877346,3.042484975151042,14.046754859720457,0.23834222198750907,1.0,0.24340652843571584,1.0,0.994227598637059,0.24340652843571584,0,nominal,0.0,0.0,0.0,0.0,0.0,0.0,0.0,0.0,0.0,0.0,0.0,0.0
33700,2045.435051114514,93.52340976064079,1105.0953722134009,93.62120340678968,33.91991566301139,14.335804968877346,3.0249786863605785,14.049741255865923,0.23645244190888184,1.0,0.2396273598770212,1.0,0.994227598637059,0.2396273598770212,0,nominal,0.0,0.0,0.0,0.0,0.0,0.0,0.0,0.0,0.0,0.0,0.0,0.0
33750,2036.3701917264445,93.51326261471627,1105.4370166259987,93.60696429987638,33.75709516421965,14.335804968877346,3.0099250701855844,14.052104553363394,0.2348376380313895,1.0,0.23641990909477015,1.0,0.994227598637059,0.23641990909477015,0,nominal,0.0,0.0,0.0,0.0,0.0,0.0,0.0,0.0,0.0,0.0,0.0,0.0
33800,2028.6003122509564,93.5030900626623,1105.7724704884881,93.5926673810356,33.61915829245228,14.335804968877346,2.996978996212594,14.05394825148462,0.2334571959139101,1.0,0.23370264848855257,1.0,0.994227598637059,0.23370264848855257,0,nominal,0.0,0.0,0.0,0.0,0.0,0.0,0.0,0.0,0.0,0.0,0.0,0.0
33850,2021.940415557681,93.49289607524457,1106.1019716382375,93.57832221665461,33.50255677994368,14.335804968877348,2.985843156368629,14.055357127670193,0.2322766579018853,1.0,0.23140567964689757,0.9999999999999997,0.994227598637059,0.23140567964689757,0,nominal,0.0,0.0,0.0,0.0,0.0,0.0,0.0,0.0,0.0,0.0,0.0,0.0
33900,2016.2319326777306,93.48268404634979,1106.4257322985559,93.56393696962402,33.40424844043218,14.335804968877346,2.976261650697085,14.056400970034579,0.23126674900367075,1.0,0.22946907361259666,1.0,0.994227598637059,0.22946907361259666,0,nominal,0.0,0.0,0.0,0.0,0.0,0.0,0.0,0.0,0.0,0.0,0.0,0.0
33950,2011.3389473520588,93.4724568779809,1106.7439428263124,93.54951860963229,33.32162495303335,14.335804968877346,2.9680143708640654,14.057137494001816,0.23040256719124635,1.0,0.2278414482751467,1.0,0.994227598637059,0.2278414482751467,0,nominal,0.0,0.0,0.0,0.0,0.0,0.0,0.0,0.0,0.0,0.0,0.0,0.0
34000,2007.1449599300543,93.4622170524305,1107.056774898164,93.53507309079987,33.252449960366704,14.335804968877346,2.960912101624557,14.057614634904464,0.22966290787233748,1.0,0.22647874894682302,1.0,0.994227598637059,0.22647874894682302,0,nominal,0.0,0.0,0.0,0.0,0.0,0.0,0.0,0.0,0.0,0.0,0.0,0.0
34050,2003.5501135683362,93.45196669364009,1107.3643842173606,93.52060550201236,33.19480600535842,14.335804968877346,2.9547922618132016,14.057872360957157,0.22902969841902873,1.0,0.2253432030545343,1.0,0.994227598637059,0.2253432030545343,0,nominal,0.0,0.0,0.0,0.0,0.0,0.0,0.0,0.0,0.0,0.0,0.0,0.0
34100,2000.4688166868636,93.44170761942172,1107.6669128118006,93.50612019436471,33.147049042883935,14.335804968877346,2.949515210601954,14.057944115687006,0.22848752340964226,1.0,0.22440242405076377,1.0,0.994227598637059,0.22440242405076377,0,nominal,0.0,0.0,0.0,0.0,0.0,0.0,0.0,0.0,0.0,0.0,0.0,0.0
34150,1997.8277050741729,93.43144138594442,1107.9644909840822,93.4916208893622,33.10776944360152,14.335804968877348,2.944961050441677,14.057857972527264,0.2280232249737108,1.0,0.2236286432161648,0.9999999999999997,0.994227598637059,0.2236286432161648,0,nominal,0.0,0.0,0.0,0.0,0.0,0.0,0.0,0.0,0.0,0.0,0.0,0.0
34200,1995.5638951204378,93.42116932566324,1108.2572389656152,93.47711077090429,33.07575856242142,14.335804968877346,2.9410268644221222,14.057637564540434,0.22762556556911007,1.0,0.22299805108161427,1.0,0.994227598637059,0.22299805108161427,0,nominal,0.0,0.0,0.0,0.0,0.0,0.0,0.0,0.0,0.0,0.0,0.0,0.0
34250,1993.623486588665,93.41089257968093,1108.545268319337,93.46259256357138,33.04998007683499,14.335804968877346,2.9376243322144266,14.057302837423913,0.22728494284950757,1.0,0.222490232813196,1.0,0.994227598637059,0.222490232813196,0,nominal,0.0,0.0,0.0,0.0,0.0,0.0,0.0,0.0,0.0,0.0,0.0,0.0
34300,1991.9602792757169,93.40061212537722,1108.8286831290602,93.4480685993205,33.02954541403473,14.335804968877344,2.9346776749830688,14.056870662800959,0.22699314813761334,1.0,0.22208768414352523,0.9999999999999997,0.9942275986370589,0.22208768414352523,0,nominal,0.0,0.0,0.0,0.0,0.0,0.0,0.0,0.0,0.0,0.0,0.0,0.0
34350,1990.5346730074755,93.39032880001082,1109.1075810078528,93.43354087435569,33.013692683143006,14.335804968877348,2.9321218854898667,14.05635534037818,0.22674316151004634,1.0,0.2217753963512829,0.9999999999999997,0.994227598637059,0.2217753963512829,0,nominal,0.0,0.0,0.0,0.0,0.0,0.0,0.0,0.0,0.0,0.0,0.0,0.0
34400,1989.3127247775544,93.3800433208911,1109.3820539530457,93.41901109765695,33.00176861229203,14.335804968877346,2.9299012049699193,14.055769011166937,0.22652897770268146,1.0,0.2215405004342308,1.0,0.994227598637059,0.2215405004342308,0,nominal,0.0,0.0,0.0,0.0,0.0,0.0,0.0,0.0,0.0,0.0,0.0,0.0
34450,1988.2653405804792,93.36975630262515,1109.6521890713075,93.40448073241822,32.99321306177143,14.335804968877344,2.927967813203945,14.055121999106001,0.2263454580220759,1.0,0.22137196202897133,0.9999999999999997,0.9942275986370589,0.22137196202897133,0,nominal,0.0,0.0,0.0,0.0,0.0,0.0,0.0,0.0,0.0,0.0,0.0,0.0
34500,1987.367582697272,93.35946827186962,1109.9180691937086,93.38995103145072,32.987545745701276,14.335804968877346,2.926280702544268,14.054423094707456,0.22618820424590816,1.0,0.22126031983712588,1.0,0.994227598637059,0.22126031983712588,0,nominal,0.0,0.0,0.0,0.0,0.0,0.0,0.0,0.0,0.0,0.0,0.0,0.0
34550,1986.598075940237,93.3491796799525,1110.1797733976673,93.37542306744501,32.98435484716892,14.335804968877346,2.924804710494586,14.053679791492723,0.22605345114957787,1.0,0.2211974613514338,1.0,0.994227598637059,0.2211974613514338,0,nominal,0.0,0.0,0.0,0.0,0.0,0.0,0.0,0.0,0.0,0.0,0.0,0.0
34600,1985.9384987199214,93.33889091367524,1110.4373774501041,93.36089775884966,32.983287256742784,14.335804968877344,2.9235096888302996,14.052898483781329,0.2259379748354638,1.0,0.22117643056125164,0.9999999999999997,0.9942275986370589,0.22117643056125164,0,nominal,0.0,0.0,0.0,0.0,0.0,0.0,0.0,0.0,0.0,0.0,0.0,0.0
34650,1985.3731468167937,93.32860230455952,1110.6909541839427,93.34637589200923,32.984040202824886,14.335804968877346,2.9223697902157135,14.052084632682803,0.22583901448793825,1.0,0.22119126307630946,1.0,0.994227598637059,0.22119126307630946,0,nominal,0.0,0.0,0.0,0.0,0.0,0.0,0.0,0.0,0.0,0.0,0.0,0.0
34700,1984.8885594712558,93.31831413676457,1110.9405738182354,93.33185814010807,32.986354075342746,14.335804968877346,2.921362855867982,14.051242905805761,0.22575420554853048,1.0,0.22123684475842265,1.0,0.994227598637059,0.22123684475842265,0,nominal,0.0,0.0,0.0,0.0,0.0,0.0,0.0,0.0,0.0,0.0,0.0,0.0
34750,1984.4731988893661,93.30802665386733,1111.1863042306136,93.31734507938586,32.99000627260348,14.335804968877346,2.920469890075538,14.050377295148007,0.2256815226154384,1.0,0.22130879050879074,1.0,0.994227598637059,0.22130879050879074,0,nominal,0.0,0.0,0.0,0.0,0.0,0.0,0.0,0.0,0.0,0.0,0.0,0.0
34800,1984.1171755334606,93.29774006466926,1111.4282111894236,93.30283720302003,32.99480592540823,14.335804968877346,2.9196746093392574,14.049491216801679,0.22561923063094325,1.0,0.22140334033671383,1.0,0.994227598637059,0.22140334033671383,0,nominal,0.0,0.0,0.0,0.0,0.0,0.0,0.0,0.0,0.0,0.0,0.0,0.0
34850,1983.8120126569702,93.28745454817067,1111.6663585517726,93.2883349330142,33.000589373338755,14.335804968877346,2.918963055603426,14.048587595447898,0.22556584313804035,1.0,0.22151727024558,1.0,0.994227598637059,0.22151727024558,0,nominal,0.0,0.0,0.0,0.0,0.0,0.0,0.0,0.0,0.0,0.0,0.0,0.0
34900,1983.5504444771213,93.27717025783221,1111.900808432751,93.27383863037988,33.00721628596727,14.335804968877346,2.9183232645129675,14.047668936087698,0.22552008657091527,1.0,0.22164781582339085,1.0,0.994227598637059,0.22164781582339085,0,nominal,0.0,0.0,0.0,0.0,0.0,0.0,0.0,0.0,0.0,0.0,0.0,0.0
34950,1983.326243180108,93.2668873252257,1112.1316213502769,93.25934860385826,33.014566337037394,14.335804968877348,2.9177449809025093,14.046737385031248,0.2254808696985694,1.0,0.22179260672643697,0.9999999999999997,0.994227598637059,0.22179260672643697,0,nominal,0.0,0.0,0.0,0.0,0.0,0.0,0.0,0.0,0.0,0.0,0.0,0.0
35000,1983.1340706398107,93.25660586316275,1112.3588563493286,93.24486511739218,33.02253635277605,14.335804968877346,2.9172194148176867,14.045794781823552,0.22544725747168412,1.0,0.2219496105030204,1.0,0.994227598637059,0.2219496105030204,0,nominal,0.0,0.0,0.0,0.0,0.0,0.0,0.0,0.0,0.0,0.0,0.0,0.0
35050,1982.969351319556,93.24632596837534,1112.5825711087386,93.23038839652838,33.03103786673922,14.335804968877346,2.9167390323127957,14.044842703505736,0.22541844863359334,1.0,0.22211708442561512,1.0,0.994227598637059,0.22211708442561512,0,nominal,0.0,0.0,0.0,0.0,0.0,0.0,0.0,0.0,0.0,0.0,0.0,0.0
35100,1982.8281633307663,93.23604772381316,1112.8028220332353,93.21591863390302,33.039995023232876,14.335804968877346,2.9162973760811997,14.043882502381155,0.22539375655021665,1.0,0.2222935341897143,1.0,0.994227598637059,0.2222935341897143,0,nominal,0.0,0.0,0.0,0.0,0.0,0.0,0.0,0.0,0.0,0.0,0.0,0.0
35150,1982.7071450546607,93.22577120061231,1113.0196643330028,93.20145599394277,33.04934277961463,14.335804968877346,2.9158889116741893,14.042915338268136,0.2253725927936541,1.0,0.22247767850042122,1.0,0.994227598637059,0.22247767850042122,0,nominal,0.0,0.0,0.0,0.0,0.0,0.0,0.0,0.0,0.0,0.0,0.0,0.0
35200,1982.6034151037131,93.21549645978268,1113.233152092671,93.18700061689378,33.05902536486694,14.335804968877346,2.915508895665089,14.041942206064919,0.22535445308205956,1.0,0.22266841870741103,1.0,0.994227598637059,0.22266841870741103,0,nominal,0.0,0.0,0.0,0.0,0.0,0.0,0.0,0.0,0.0,0.0,0.0,0.0
35250,1982.5145037171867,93.20522355365404,1113.4433383313567,93.17255262227434,33.06899495790715,14.335804968877346,2.915153262632288,14.040963959323886,0.22533890523624292,1.0,0.2228648127685572,1.0,0.994227598637059,0.2228648127685572,0,nominal,0.0,0.0,0.0,0.0,0.0,0.0,0.0,0.0,0.0,0.0,0.0,0.0
35300,1982.4382939573068,93.19495252711556,1113.6502750551263,93.15811211183467,33.07921055430995,14.335804968877346,2.914818528278747,14.039981330424133,0.2253255788627366,1.0,0.2230660529251498,1.0,0.994227598637059,0.2230660529251498,0,nominal,0.0,0.0,0.0,0.0,0.0,0.0,0.0,0.0,0.0,0.0,0.0,0.0
35350,1982.3729713059813,93.1846834186781,1113.8540133030228,93.14367917209347,33.08963699458154,14.335804968877346,2.9145017063868854,14.038994947841525,0.22531415651510148,1.0,0.22327144655957154,1.0,0.994227598637059,0.22327144655957154,0,nominal,0.0,0.0,0.0,0.0,0.0,0.0,0.0,0.0,0.0,0.0,0.0,0.0
35400,1982.316980461988,93.17441626138509,1114.0546031876502,93.12925387651228,33.10024413095627,14.335804968877346,2.9142002376351646,14.038005350940281,0.22530436612113097,1.0,0.22348039978177037,1.0,0.994227598637059,0.22348039978177037,0,nominal,0.0,0.0,0.0,0.0,0.0,0.0,0.0,0.0,0.0,0.0,0.0,0.0
35450,1982.2689883099936,93.1641510835928,1114.2520939311198,93.1148362873596,33.11100611296811,14.335804968877348,2.913911928583614,14.037013002646166,0.22529597449425334,1.0,0.2236924033555134,0.9999999999999997,0.994227598637059,0.2236924033555134,0,nominal,0.0,0.0,0.0,0.0,0.0,0.0,0.0,0.0,0.0,0.0,0.0,0.0
35500,1982.2278521797127,93.1538879096396,1114.44653389707,93.1004264573084,33.1219007748652,14.335804968877346,2.913634899376777,14.036018300308088,0.2252887817736185,1.0,0.2239070206308779,1.0,0.994227598637059,0.2239070206308779,0,nominal,0.0,0.0,0.0,0.0,0.0,0.0,0.0,0.0,0.0,0.0,0.0,0.0
35550,1982.192592639472,93.14362676041941,1114.6379706193366,93.08602443080599,33.13290911034952,14.335804968877346,2.9133675389193896,14.035021585009577,0.22528261665973745,1.0,0.22412387719698898,1.0,0.994227598637059,0.22412387719698898,0,nominal,0.0,0.0,0.0,0.0,0.0,0.0,0.0,0.0,0.0,0.0,0.0,0.0
35600,1982.1623701764086,93.13336765387334,1114.8264508277757,93.071630245248,33.14401482219319,14.335804968877346,2.913108466457623,14.03402314955303,0.22527733233168507,1.0,0.22434265200977213,1.0,0.994227598637059,0.22434265200977213,0,nominal,0.0,0.0,0.0,0.0,0.0,0.0,0.0,0.0,0.0,0.0,0.0,0.0
35650,1982.1364652080686,93.12311060541117,1115.0120204716573,93.05724393198511,33.15520393605754,14.335804968877346,2.9128564986509757,14.033023245307431,0.2252728029482496,1.0,0.22456306978445784,1.0,0.994227598637059,0.22456306978445784,0,nominal,0.0,0.0,0.0,0.0,0.0,0.0,0.0,0.0,0.0,0.0,0.0,0.0
35700,1982.1142609494914,93.11285562827254,1115.1947247409826,93.04286551718593,33.166464469362566,14.335804968877346,2.91261062135044,14.03202208808218,0.22526892064942608,1.0,0.22478489447253955,1.0,0.994227598637059,0.22478489447253955,0,nominal,0.0,0.0,0.0,0.0,0.0,0.0,0.0,0.0,0.0,0.0,0.0,0.0
35750,1982.0952287278537,93.10260273383665,1115.374608086025,93.02849502257669,33.17778614735949,14.335804968877346,2.91236996541051,14.031019863166195,0.22526559298663995,1.0,0.22500792366859967,1.0,0.994227598637059,0.22500792366859967,0,nominal,0.0,0.0,0.0,0.0,0.0,0.0,0.0,0.0,0.0,0.0,0.0,0.0
35800,1982.0789153950216,93.09235193188772,1115.551714235351,93.0141324660757,33.18916015967756,14.335804968877346,2.912133785958699,14.030016729651672,0.22526274072035632,1.0,0.22523198381445136,1.0,0.994227598637059,0.22523198381445136,0,nominal,0.0,0.0,0.0,0.0,0.0,0.0,0.0,0.0,0.0,0.0,0.0,0.0
35850,1982.064932538308,93.08210323084262,1115.726086212529,92.99977786233677,33.20057895157507,14.335804968877346,2.911901444628391,14.029012824144088,0.22526029593251634,1.0,0.22545692608692816,1.0,0.994227598637059,0.22545692608692816,0,nominal,0.0,0.0,0.0,0.0,0.0,0.0,0.0,0.0,0.0,0.0,0.0,0.0
35900,1982.0529472325538,93.07185663794593,1115.897766351713,92.98543122321558,33.21203604494795,14.335804968877346,2.911672394331611,14.028008263946232,0.2252582004087747,1.0,0.22568262287187774,1.0,0.994227598637059,0.22568262287187774,0,nominal,0.0,0.0,0.0,0.0,0.0,0.0,0.0,0.0,0.0,0.0,0.0,0.0
35950,1982.0426741133358,93.06161215943706,1116.0667963122532,92.97109255816929,33.2235258848538,14.335804968877348,2.9114461662086133,14.027003149790676,0.2252564042519541,1.0,0.2259089647407911,0.9999999999999997,0.994227598637059,0.2259089647407911,0,nominal,0.0,0.0,0.0,0.0,0.0,0.0,0.0,0.0,0.0,0.0,0.0,0.0
36000,1982.0338685825775,93.05136980069375,1116.233217092456,92.95676187459907,33.235043707913775,14.335804968877346,2.9112223584432013,14.025997568185161,0.2252548646936571,1.0,0.2261358578584127,1.0,0.994227598637059,0.2261358578584127,0,nominal,0.0,0.0,0.0,0.0,0.0,0.0,0.0,0.0,0.0,0.0,0.0,0.0
36050,1982.0263209847847,93.04112956635493,1116.3970690426158,92.94243917814384,33.24658542947423,14.335804968877346,2.9110006266770676,14.024991593425677,0.22525354507570688,1.0,0.22636322175990126,1.0,0.994227598637059,0.22636322175990126,0,nominal,0.0,0.0,0.0,0.0,0.0,0.0,0.0,0.0,0.0,0.0,0.0,0.0
36100,1982.019851615248,93.03089146042606,1116.5583918773996,92.92812447293232,33.258147546853586,14.335804968877344,2.91078067579458,14.023985289324463,0.22525241397713947,1.0,0.22659098744486159,0.9999999999999997,0.9942275986370589,0.22659098744486159,0,nominal,0.0,0.0,0.0,0.0,0.0,0.0,0.0,0.0,0.0,0.0,0.0,0.0
36150,1982.0143064413594,93.02065548636944,1116.7172246876708,92.91381776179867,33.26972705638101,14.335804968877346,2.9105622528820985,14.022978710693316,0.22525144446594222,1.0,0.22681909574306386,1.0,0.994227598637059,0.22681909574306386,0,nominal,0.0,0.0,0.0,0.0,0.0,0.0,0.0,0.0,0.0,0.0,0.0,0.0
36200,1982.0095534351692,93.01042164718166,1116.8736059518137,92.89951904646773,33.28132138226205,14.335804968877344,2.910345141193933,14.021971904616992,0.22525061345771186,1.0,0.2270474959131455,0.9999999999999997,0.9942275986370589,0.2270474959131455,0,nominal,0.0,0.0,0.0,0.0,0.0,0.0,0.0,0.0,0.0,0.0,0.0,0.0
36250,1982.0054794298633,93.00018994545991,1117.027573546622,92.88522832771372,33.29292831558397,14.335804968877346,2.9101291549809964,14.020964911546251,0.22524990116594723,1.0,0.22727614444105937,1.0,0.994227598637059,0.22727614444105937,0,nominal,0.0,0.0,0.0,0.0,0.0,0.0,0.0,0.0,0.0,0.0,0.0,0.0
36300,1982.0019874253153,92.98996038345899,1117.1791647577916,92.87094560549627,33.3045459620162,14.335804968877346,2.909914135058871,14.019957766236388,0.22524929063088694,1.0,0.22750500400980836,1.0,0.994227598637059,0.22750500400980836,0,nominal,0.0,0.0,0.0,0.0,0.0,0.0,0.0,0.0,0.0,0.0,0.0,0.0
36350,1981.9989942785598,92.97973296314001,1117.3284162900645,92.85667087907717,33.316172696966184,14.335804968877346,2.9096999450095016,14.018950498552766,0.22524876731566307,1.0,0.227734042616047,1.0,0.994227598637059,0.227734042616047,0,nominal,0.0,0.0,0.0,0.0,0.0,0.0,0.0,0.0,0.0,0.0,0.0,0.0
36400,1981.996428724198,92.96950768621213,1117.4753642770565,92.84240414712025,33.327807127127734,14.335804968877344,2.909486467926017,14.017943134162586,0.22524831876015516,1.0,0.22796323281261088,0.9999999999999997,0.9942275986370589,0.22796323281261088,0,nominal,0.0,0.0,0.0,0.0,0.0,0.0,0.0,0.0,0.0,0.0,0.0,0.0
36450,1981.9942296776023,92.95928455416856,1117.6200442907998,92.82814540777719,33.339448057510914,14.335804968877344,2.909273603622926,14.016935695128595,0.2252479342842982,1.0,0.2281925510590279,0.9999999999999997,0.9942275986370589,0.2281925510590279,0,nominal,0.0,0.0,0.0,0.0,0.0,0.0,0.0,0.0,0.0,0.0,0.0,0.0
36500,1981.9923447805202,92.94906356831729,1117.7624913510208,92.81389465876106,33.351094463171506,14.335804968877346,2.909061266245244,14.015928200418946,0.22524760473377872,1.0,0.22842197716460846,1.0,0.994227598637059,0.22842197716460846,0,nominal,0.0,0.0,0.0,0.0,0.0,0.0,0.0,0.0,0.0,0.0,0.0,0.0
36550,1981.9907291544498,92.93884472980722,1117.9027399341849,92.79965189740926,33.36274546497093,14.335804968877348,2.9088493822194406,14.01492066634485,0.22524732226206276,1.0,0.22865149381093297,0.9999999999999997,0.994227598637059,0.22865149381093297,0,nominal,0.0,0.0,0.0,0.0,0.0,0.0,0.0,0.0,0.0,0.0,0.0,0.0
36600,1981.9893443321039,92.92862803965102,1118.0408239823164,92.78541712073769,33.374400308791365,14.335804968877346,2.908637888497391,14.0139131069364,0.22524708014356512,1.0,0.22888108614240407,1.0,0.994227598637059,0.22888108614240407,0,nominal,0.0,0.0,0.0,0.0,0.0,0.0,0.0,0.0,0.0,0.0,0.0,0.0
36650,1981.9881573415216,92.91841349874426,1118.176776911616,92.77119032548694,33.38605834771387,14.335804968877344,2.9084267310513905,14.01290553426514,0.2252468726135096,1.0,0.2291107414151675,0.9999999999999997,0.9942275986370589,0.2291107414151675,0,nominal,0.0,0.0,0.0,0.0,0.0,0.0,0.0,0.0,0.0,0.0,0.0,0.0
36700,1981.9871399210226,92.90820110788218,1118.310631620885,92.75697150816211,33.39771902673704,14.335804968877346,2.908215863584372,14.011897958721109,0.2252466947306675,1.0,0.22934044869608114,1.0,0.994227598637059,0.22934044869608114,0,nominal,0.0,0.0,0.0,0.0,0.0,0.0,0.0,0.0,0.0,0.0,0.0,0.0
36750,1981.9862678463091,92.89799086777384,1118.4424204997772,92.74276066506678,33.40938186967405,14.335804968877346,2.9080052464245303,14.010890389250608,0.22524654225970603,1.0,0.2295701986045949,1.0,0.994227598637059,0.2295701986045949,0,nominal,0.0,0.0,0.0,0.0,0.0,0.0,0.0,0.0,0.0,0.0,0.0,0.0
36800,1981.9855203536974,92.8877827790543,1118.5721754368742,92.72855779233237,33.421046467917584,14.335804968877344,2.9077948455780094,14.009882833560415,0.22524641157034425,1.0,0.2297999830914287,0.9999999999999997,0.9942275986370589,0.2297999830914287,0,nominal,0.0,0.0,0.0,0.0,0.0,0.0,0.0,0.0,0.0,0.0,0.0,0.0
36850,1981.9848796457447,92.87757684229513,1118.6999278276085,92.71436288594293,33.43271247080631,14.335804968877346,2.907584631917031,14.00887529829308,0.2252462995509161,1.0,0.23002979524879733,1.0,0.994227598637059,0.23002979524879733,0,nominal,0.0,0.0,0.0,0.0,0.0,0.0,0.0,0.0,0.0,0.0,0.0,0.0
36900,1981.9843304674994,92.8673730580133,1118.8257085820296,92.70017594175675,33.44437957736475,14.335804968877346,2.907374580484113,14.007867789177428,0.22524620353428174,1.0,0.2302596291476932,1.0,0.994227598637059,0.2302596291476932,0,nominal,0.0,0.0,0.0,0.0,0.0,0.0,0.0,0.0,0.0,0.0,0.0,0.0
36950,1981.9838597432893,92.85717142667892,1118.9495481324311,92.68599695552479,33.456047529220506,14.335804968877346,2.907164669895771,14.006860311157764,0.2252461212343228,1.0,0.23048947969835934,1.0,0.994227598637059,0.23048947969835934,0,nominal,0.0,0.0,0.0,0.0,0.0,0.0,0.0,0.0,0.0,0.0,0.0,0.0
37000,1981.9834562653948,92.84697194872183,1119.0714764408344,92.67182592290635,33.46771610453124,14.335804968877346,2.906954881831488,14.005852868504853,0.2252460506915107,1.0,0.23071934253065565,1.0,0.994227598637059,0.23071934253065565,0,nominal,0.0,0.0,0.0,0.0,0.0,0.0,0.0,0.0,0.0,0.0,0.0,0.0
37050,1981.9831104271996,92.83677462453727,1119.1915230063419,92.65766283948267,33.479385112777194,14.335804968877348,2.906745200595745,14.004845464911151,0.22524599022625044,1.0,0.23094921389147524,0.9999999999999997,0.994227598637059,0.23094921389147524,0,nominal,0.0,0.0,0.0,0.0,0.0,0.0,0.0,0.0,0.0,0.0,0.0,0.0
37100,1981.9828139944607,92.82657945449068,1119.3097168723607,92.64350770076845,33.49105439029667,14.335804968877346,2.9065356127426822,14.003838103572583,0.22524593839888982,1.0,0.2311790905567962,1.0,0.994227598637059,0.2311790905567962,0,nominal,0.0,0.0,0.0,0.0,0.0,0.0,0.0,0.0,0.0,0.0,0.0,0.0
37150,1981.982559909256,92.81638643892177,1119.4260866337045,92.62936050222191,33.50272379645694,14.335804968877346,2.906326106754427,14.002830787258787,0.22524589397544173,1.0,0.23140896975625155,1.0,0.994227598637059,0.23140896975625155,0,nominal,0.0,0.0,0.0,0.0,0.0,0.0,0.0,0.0,0.0,0.0,0.0,0.0
37200,1981.9823421219378,92.80619557814828,1119.5406604435725,92.61522123925317,33.51439321037193,14.335804968877346,2.9061166727654113,14.001823518373351,0.2252458558982034,1.0,0.23163884910846944,1.0,0.994227598637059,0.23163884910846944,0,nominal,0.0,0.0,0.0,0.0,0.0,0.0,0.0,0.0,0.0,0.0,0.0,0.0
37250,1981.9821554470934,92.79600687246887,1119.6534660204134,92.60108990723165,33.52606252808734,14.335804968877344,2.9059073023261144,14.000816299005617,0.22524582326057271,1.0,0.2318687265656225,0.9999999999999997,0.9942275986370589,0.2318687265656225,0,nominal,0.0,0.0,0.0,0.0,0.0,0.0,0.0,0.0,0.0,0.0,0.0,0.0
37300,1981.9819954400841,92.78582032216576,1119.7645306546751,92.58696650149233,33.53773166016713,14.335804968877346,2.905697988200581,13.999809130975082,0.2252457952854622,1.0,0.23209860036588273,1.0,0.994227598637059,0.23209860036588273,0,nominal,0.0,0.0,0.0,0.0,0.0,0.0,0.0,0.0,0.0,0.0,0.0,0.0
37350,1981.981858291219,92.7756359275071,1119.873881215446,92.57285101734101,33.54940052962401,14.335804968877346,2.905488724192899,13.998802015869584,0.22524577130679715,1.0,0.23232846899265375,1.0,0.994227598637059,0.23232846899265375,0,nominal,0.0,0.0,0.0,0.0,0.0,0.0,0.0,0.0,0.0,0.0,0.0,0.0
37400,1981.9817407350488,92.76545368874861,1119.981544156985,92.55874345005913,33.56106907014516,14.335804968877346,2.905279504998481,13.997794955078023,0.22524575075365652,1.0,0.23255833113961952,1.0,0.994227598637059,0.23255833113961952,0,nominal,0.0,0.0,0.0,0.0,0.0,0.0,0.0,0.0,0.0,0.0,0.0,0.0
37450,1981.9816399726171,92.75527360613557,1120.0875455251476,92.54464379490753,33.57273722457048,14.335804968877348,2.905070326076615,13.996787949818513,0.22524573313667948,1.0,0.2327881856807654,0.9999999999999997,0.994227598637059,0.2327881856807654,0,nominal,0.0,0.0,0.0,0.0,0.0,0.0,0.0,0.0,0.0,0.0,0.0,0.0
37500,1981.9815536048186,92.74509567990395,1120.191910963712,92.53055204712985,33.58440494358819,14.335804968877346,2.9048611835412363,13.995781001162513,0.22524571803641383,1.0,0.23301803164468363,1.0,0.994227598637059,0.23301803164468363,0,nominal,0.0,0.0,0.0,0.0,0.0,0.0,0.0,0.0,0.0,0.0,0.0,0.0
37550,1981.981479575277,92.7349199102818,1120.2946657205994,92.51646820195549,33.59607218461628,14.335804968877346,2.9046520740673176,13.994774110055547,0.22524570509332936,1.0,0.23324786819253832,1.0,0.994227598637059,0.23324786819253832,0,nominal,0.0,0.0,0.0,0.0,0.0,0.0,0.0,0.0,0.0,0.0,0.0,0.0
37600,1981.9814161213842,92.72474629749024,1120.395834653999,92.50239225460211,33.60773891084314,14.335804968877346,2.904442994810649,13.993767277335028,0.22524569399925728,1.0,0.23347769459916595,1.0,0.994227598637059,0.23347769459916595,0,nominal,0.0,0.0,0.0,0.0,0.0,0.0,0.0,0.0,0.0,0.0,0.0,0.0
37650,1981.9813617323332,92.71457484174437,1120.4954422383944,92.4883242002777,33.619405090405216,14.335804968877348,2.9042339433390754,13.992760503745501,0.22524568449005272,1.0,0.23370751023687705,0.9999999999999997,0.994227598637059,0.23370751023687705,0,nominal,0.0,0.0,0.0,0.0,0.0,0.0,0.0,0.0,0.0,0.0,0.0,0.0
37700,1981.9813151131468,92.70440554325387,1120.5935125704973,92.47426403418251,33.63107069568189,14.335804968877346,2.9040249175735857,13.991753789951803,0.22524567633930612,1.0,0.23393731456156455,1.0,0.994227598637059,0.23393731456156455,0,nominal,0.0,0.0,0.0,0.0,0.0,0.0,0.0,0.0,0.0,0.0,0.0,0.0
37750,1981.981275153844,92.6942384022239,1120.6900693750845,92.46021175151043,33.64273570269073,14.335804968877346,2.9038159157378063,13.990747136550288,0.22524566935295198,1.0,0.23416710710079094,1.0,0.994227598637059,0.23416710710079094,0,nominal,0.0,0.0,0.0,0.0,0.0,0.0,0.0,0.0,0.0,0.0,0.0,0.0
37800,1981.9812409030133,92.68407341885552,1120.785136010747,92.44616734745051,33.654400090569176,14.335804968877344,2.903606936314728,13.989740544078526,0.22524566336464852,1.0,0.23439688744357837,0.9999999999999997,0.9942275986370589,0.23439688744357837,0,nominal,0.0,0.0,0.0,0.0,0.0,0.0,0.0,0.0,0.0,0.0,0.0,0.0
37850,1981.9812115451582,92.67391059334614,1120.8787354755473,92.43213081718801,33.666063841129734,14.335804968877344,2.903397978009619,13.988734013023597,0.22524565823181705,1.0,0.23462665523164605,0.9999999999999997,0.9942275986370589,0.23462665523164605,0,nominal,0.0,0.0,0.0,0.0,0.0,0.0,0.0,0.0,0.0,0.0,0.0,0.0
37900,1981.9811863812824,92.6637499258901,1120.9708904125882,92.41810215590544,33.67772693847918,14.335804968877346,2.90318903971823,13.987727543829184,0.2252456538322472,1.0,0.2348564101519083,1.0,0.994227598637059,0.2348564101519083,0,nominal,0.0,0.0,0.0,0.0,0.0,0.0,0.0,0.0,0.0,0.0,0.0,0.0
37950,1981.981164812246,92.65359141667886,1121.0616231154959,92.4040813587834,33.6893893686913,14.335804968877346,2.9029801204995676,13.98672113690177,0.22524565006118744,1.0,0.2350861519300284,1.0,0.994227598637059,0.2350861519300284,0,nominal,0.0,0.0,0.0,0.0,0.0,0.0,0.0,0.0,0.0,0.0,0.0,0.0
38000,1981.9811463245007,92.64343506590131,1121.1509555338166,92.39006842100127,33.70105111952697,14.335804968877346,2.9027712195525344,13.985714792615795,0.2252456468288505,1.0,0.23531588032490408,1.0,0.994227598637059,0.23531588032490408,0,nominal,0.0,0.0,0.0,0.0,0.0,0.0,0.0,0.0,0.0,0.0,0.0,0.0
38050,1981.9811304778618,92.63328087374418,1121.238909278332,92.37606333773789,33.712712180193655,14.335804968877346,2.90256233619593,13.984708511318235,0.22524564405827593,1.0,0.23554559512392984,1.0,0.994227598637059,0.23554559512392984,0,nominal,0.0,0.0,0.0,0.0,0.0,0.0,0.0,0.0,0.0,0.0,0.0,0.0
38100,1981.9811168950284,92.6231288403921,1121.3255056262865,92.36206610417196,33.72437254113949,14.335804968877344,2.902353469851303,13.983702293332465,0.2252456416834978,1.0,0.23577529613894077,0.9999999999999997,0.9942275986370589,0.23577529613894077,0,nominal,0.0,0.0,0.0,0.0,0.0,0.0,0.0,0.0,0.0,0.0,0.0,0.0
38150,1981.9811052525997,92.61297896602787,1121.4107655265402,92.3480767154827,33.736032193876625,14.335804968877344,2.9021446200282526,13.982696138961547,0.2252456396479737,1.0,0.23600498320273205,0.9999999999999997,0.9942275986370589,0.23600498320273205,0,nominal,0.0,0.0,0.0,0.0,0.0,0.0,0.0,0.0,0.0,0.0,0.0,0.0
38200,1981.981095273375,92.60283125083254,1121.494709604638,92.33409516685009,33.74769113082957,14.335804968877346,2.901935786311842,13.98169004849114,0.22524563790323876,1.0,0.23623465616607173,1.0,0.994227598637059,0.23623465616607173,0,nominal,0.0,0.0,0.0,0.0,0.0,0.0,0.0,0.0,0.0,0.0,0.0,0.0
38250,1981.981086719754,92.59268569498573,1121.5773581678004,92.32012145345522,33.75934934520551,14.335804968877344,2.901726968351792,13.980684022191886,0.22524563640775164,1.0,0.23646431489514586,0.9999999999999997,0.9942275986370589,0.23646431489514586,0,nominal,0.0,0.0,0.0,0.0,0.0,0.0,0.0,0.0,0.0,0.0,0.0,0.0
38300,1981.981079388079,92.5825422986656,1121.6587312098368,92.3061555704806,33.77100683088285,14.335804968877346,2.9015181658532474,13.979678060321572,0.22524563512590556,1.0,0.2366939592693638,1.0,0.994227598637059,0.2366939592693638,0,nominal,0.0,0.0,0.0,0.0,0.0,0.0,0.0,0.0,0.0,0.0,0.0,0.0
38350,1981.981073103786,92.57240106204893,1121.738848415986,92.29219751311047,33.78266358231576,14.335804968877346,2.901309378568832,13.978672163126868,0.22524563402718029,1.0,0.23692358917947626,1.0,0.994227598637059,0.23692358917947626,0,nominal,0.0,0.0,0.0,0.0,0.0,0.0,0.0,0.0,0.0,0.0,0.0,0.0
38400,1981.981067717249,92.56226198531135,1121.8177291676766,92.2782472765308,33.79431959445209,14.335804968877348,2.9011006062918807,13.977666330845006,0.22524563308541584,1.0,0.23715320452595912,0.9999999999999997,0.994227598637059,0.23715320452595912,0,nominal,0.0,0.0,0.0,0.0,0.0,0.0,0.0,0.0,0.0,0.0,0.0,0.0
38450,1981.9810631002174,92.55212506862728,1121.8953925472192,92.26430485592982,33.805974862663625,14.335804968877346,2.9008918488505833,13.976660563704927,0.22524563227818917,1.0,0.2373828052176402,1.0,0.994227598637059,0.2373828052176402,0,nominal,0.0,0.0,0.0,0.0,0.0,0.0,0.0,0.0,0.0,0.0,0.0,0.0
38500,1981.9810591427618,92.54199031217013,1121.9718573424211,92.25037024649777,33.81762938268528,14.335804968877348,2.9006831061030223,13.975654861928577,0.22524563158628055,1.0,0.23761239117050012,0.9999999999999997,0.994227598637059,0.23761239117050012,0,nominal,0.0,0.0,0.0,0.0,0.0,0.0,0.0,0.0,0.0,0.0,0.0,0.0
38550,1981.9810557506569,92.5318577161122,1122.0471420511335,92.23644344342733,33.829283150564,14.335804968877346,2.900474377932884,13.974649225731818,0.22524563099321604,1.0,0.2378419623066663,1.0,0.994227598637059,0.2378419623066663,0,nominal,0.0,0.0,0.0,0.0,0.0,0.0,0.0,0.0,0.0,0.0,0.0,0.0
38600,1981.9810528431385,92.52172728062487,1122.1212648857254,92.22252444191366,33.840936162614256,14.335804968877346,2.9002656642458007,13.9736436553253,0.22524563048487506,1.0,0.23807151855353648,1.0,0.994227598637059,0.23807151855353648,0,nominal,0.0,0.0,0.0,0.0,0.0,0.0,0.0,0.0,0.0,0.0,0.0,0.0
38650,1981.9810503509798,92.51159900587851,1122.194243777492,92.2086132371544,33.85258841538002,14.335804968877346,2.900056964966196,13.972638150915135,0.2252456300491542,1.0,0.23830105984302935,1.0,0.994227598637059,0.23830105984302935,0,nominal,0.0,0.0,0.0,0.0,0.0,0.0,0.0,0.0,0.0,0.0,0.0,0.0
38700,1981.981048214844,92.50147289204261,1122.2660963809908,92.19470982434984,33.86423990560252,14.335804968877348,2.899848280034614,13.971632712703594,0.22524562967567918,1.0,0.23853058611094935,0.9999999999999997,0.994227598637059,0.23853058611094935,0,nominal,0.0,0.0,0.0,0.0,0.0,0.0,0.0,0.0,0.0,0.0,0.0,0.0
38750,1981.98104638387,92.4913489392859,1122.3368400783143,92.18081419870299,33.87589063019201,14.335804968877346,2.89963960940539,13.97062734088955,0.22524562935555778,1.0,0.2387600972964307,1.0,0.994227598637059,0.2387600972964307,0,nominal,0.0,0.0,0.0,0.0,0.0,0.0,0.0,0.0,0.0,0.0,0.0,0.0
38800,1981.981044814464,92.48122714777605,1122.4064919832945,92.1669263554196,33.88754058620407,14.335804968877346,2.899430953044691,13.969622035669023,0.22524562908116794,1.0,0.2389895933414703,1.0,0.994227598637059,0.2389895933414703,0,nominal,0.0,0.0,0.0,0.0,0.0,0.0,0.0,0.0,0.0,0.0,0.0,0.0
38850,1981.9810434692588,92.47110751768008,1122.4750689456432,92.15304628970824,33.899189770819014,14.335804968877348,2.899222310928814,13.96861679723552,0.22524562884597665,1.0,0.23921907419052224,0.9999999999999997,0.994227598637059,0.23921907419052224,0,nominal,0.0,0.0,0.0,0.0,0.0,0.0,0.0,0.0,0.0,0.0,0.0,0.0
38900,1981.9810423162257,92.46099004916414,1122.5425875550286,92.1391739967803,33.910838181324294,14.335804968877348,2.8990136830427313,13.967611625780362,0.2252456286443841,1.0,0.23944853979015124,0.9999999999999997,0.994227598637059,0.23944853979015124,0,nominal,0.0,0.0,0.0,0.0,0.0,0.0,0.0,0.0,0.0,0.0,0.0,0.0
38950,1981.9810413279117,92.45087474239364,1122.6090641450883,92.12530947185013,33.922485815099485,14.335804968877344,2.8988050693788563,13.966606521493043,0.22524562847159055,1.0,0.23967799008873675,0.9999999999999997,0.9942275986370589,0.23967799008873675,0,nominal,0.0,0.0,0.0,0.0,0.0,0.0,0.0,0.0,0.0,0.0,0.0,0.0
39000,1981.9810404807854,92.44076159753308,1122.674514797381,92.11145271013498,33.934132669603194,14.335804968877346,2.898596469935961,13.965601484561383,0.22524562832348177,1.0,0.23990742503621515,1.0,0.994227598637059,0.23990742503621515,0,nominal,0.0,0.0,0.0,0.0,0.0,0.0,0.0,0.0,0.0,0.0,0.0,0.0
39050,1981.981039754677,92.43065061474636,1122.738955345278,92.09760370685495,33.94577874236215,14.335804968877344,2.898387884718279,13.964596515171824,0.22524562819653135,1.0,0.2401368445838647,0.9999999999999997,0.9942275986370589,0.2401368445838647,0,nominal,0.0,0.0,0.0,0.0,0.0,0.0,0.0,0.0,0.0,0.0,0.0,0.0
39100,1981.9810391322987,92.42054179419654,1122.8024013777917,92.08376245723326,33.957424030961725,14.335804968877346,2.8981793137347083,13.96359161350955,0.22524562808771678,1.0,0.2403662486841187,1.0,0.994227598637059,0.2403662486841187,0,nominal,0.0,0.0,0.0,0.0,0.0,0.0,0.0,0.0,0.0,0.0,0.0,0.0
39150,1981.9810385988314,92.41043513604598,1122.8648682433477,92.06992895649603,33.96906853303748,14.335804968877346,2.897970756998148,13.962586779758693,0.2252456279944471,1.0,0.2405956372903996,1.0,0.994227598637059,0.2405956372903996,0,nominal,0.0,0.0,0.0,0.0,0.0,0.0,0.0,0.0,0.0,0.0,0.0,0.0
39200,1981.981038141574,92.40033064045627,1122.9263710534988,92.05610319987244,33.98071224626858,14.335804968877344,2.8977622145249216,13.961582014102436,0.22524562791450162,1.0,0.24082501035698856,0.9999999999999997,0.9942275986370589,0.24082501035698856,0,nominal,0.0,0.0,0.0,0.0,0.0,0.0,0.0,0.0,0.0,0.0,0.0,0.0
39250,1981.9810377496387,92.39022830758836,1122.9869246865792,92.04228518259458,33.9923551683714,14.335804968877346,2.897553686334287,13.960577316723173,0.225245627845977,1.0,0.24105436783889958,1.0,0.994227598637059,0.24105436783889958,0,nominal,0.0,0.0,0.0,0.0,0.0,0.0,0.0,0.0,0.0,0.0,0.0,0.0
39300,1981.9810374136944,92.38012813760236,1123.0465437913049,92.02847489989773,34.00399729709486,14.335804968877346,2.8973451724480017,13.959572687802527,0.22524562778724164,1.0,0.2412837096917882,1.0,0.994227598637059,0.2412837096917882,0,nominal,0.0,0.0,0.0,0.0,0.0,0.0,0.0,0.0,0.0,0.0,0.0,0.0
39350,1981.981037125742,92.37003013065771,1123.105242790316,92.01467234702005,34.01563863021548,14.335804968877346,2.8971366728899723,13.958568127521502,0.2252456277368969,1.0,0.24151303587185302,1.0,0.994227598637059,0.24151303587185302,0,nominal,0.0,0.0,0.0,0.0,0.0,0.0,0.0,0.0,0.0,0.0,0.0,0.0
39400,1981.9810368789256,92.35993428691319,1123.1630358836687,92.0008775192029,34.027279165534075,14.335804968877346,2.896928187685946,13.957563636060561,0.2252456276937444,1.0,0.24174234633577205,1.0,0.994227598637059,0.24174234633577205,0,nominal,0.0,0.0,0.0,0.0,0.0,0.0,0.0,0.0,0.0,0.0,0.0,0.0
39450,1981.9810366673687,92.34984060652681,1123.2199370522671,91.98709041169053,34.03891890087217,14.335804968877344,2.896719716863232,13.956559213599638,0.22524562765675643,1.0,0.24197164104063046,0.9999999999999997,0.9942275986370589,0.24197164104063046,0,nominal,0.0,0.0,0.0,0.0,0.0,0.0,0.0,0.0,0.0,0.0,0.0,0.0
39500,1981.9810364860343,92.33974908965592,1123.2759600612471,91.97331101973037,34.050557834069494,14.335804968877346,2.8965112604504877,13.95555486031824,0.2252456276250526,1.0,0.2422009199438728,1.0,0.994227598637059,0.2422009199438728,0,nominal,0.0,0.0,0.0,0.0,0.0,0.0,0.0,0.0,0.0,0.0,0.0,0.0
39550,1981.9810363306049,92.32965973645713,1123.3311184633076,91.95953933857288,34.062195962981406,14.335804968877346,2.8963028184775097,13.954550576395453,0.2252456275978778,1.0,0.24243018300325078,1.0,0.994227598637059,0.24243018300325078,0,nominal,0.0,0.0,0.0,0.0,0.0,0.0,0.0,0.0,0.0,0.0,0.0,0.0
39600,1981.9810361973796,92.31957254708641,1123.3854256019854,91.94577536347157,34.073833285476915,14.335804968877344,2.8960943909750796,13.953546362010023,0.2252456275745851,1.0,0.2426594301767855,0.9999999999999997,0.9942275986370589,0.2426594301767855,0,nominal,0.0,0.0,0.0,0.0,0.0,0.0,0.0,0.0,0.0,0.0,0.0,0.0
39650,1981.9810360831864,92.30948752169905,1123.4388946148874,91.93201908968302,34.085469799436915,14.335804968877346,2.8958859779748107,13.952542217340357,0.22524562755461994,1.0,0.24288866142273216,1.0,0.994227598637059,0.24288866142273216,0,nominal,0.0,0.0,0.0,0.0,0.0,0.0,0.0,0.0,0.0,0.0,0.0,0.0
39700,1981.9810359853066,92.29940466044957,1123.491538436866,91.9182705124669,34.0971055027528,14.335804968877346,2.8956775795090306,13.951538142564571,0.22524562753750696,1.0,0.24311787669955237,1.0,0.994227598637059,0.24311787669955237,0,nominal,0.0,0.0,0.0,0.0,0.0,0.0,0.0,0.0,0.0,0.0,0.0,0.0
39750,1981.9810359014095,92.28932396349182,1123.5433698031493,91.90452962708594,34.10874039332497,14.335804968877346,2.8954691956106715,13.950534137860505,0.2252456275228387,1.0,0.24334707596588598,1.0,0.994227598637059,0.24334707596588598,0,nominal,0.0,0.0,0.0,0.0,0.0,0.0,0.0,0.0,0.0,0.0,0.0,0.0
39800,1981.9810358294978,92.27924543097902,1123.594401252422,91.89079642880591,34.120374469061936,14.335804968877346,2.8952608263131863,13.949530203405757,0.22524562751026586,1.0,0.24357625918053158,1.0,0.994227598637059,0.24357625918053158,0,nominal,0.0,0.0,0.0,0.0,0.0,0.0,0.0,0.0,0.0,0.0,0.0,0.0
39850,1981.9810357678593,92.26916906306366,1123.6446451298575,91.8770709128957,34.132007727879184,14.335804968877346,2.895052471650461,13.948526339377679,0.22524562749948918,1.0,0.243805426302426,1.0,0.994227598637059,0.243805426302426,0,nominal,0.0,0.0,0.0,0.0,0.0,0.0,0.0,0.0,0.0,0.0,0.0,0.0
39900,1981.9810357150263,92.25909485989757,1123.694113590106,91.86335307462724,34.143640167698514,14.335804968877346,2.8948441316567597,13.947522545953419,0.22524562749025204,1.0,0.24403457729062997,1.0,0.994227598637059,0.24403457729062997,0,nominal,0.0,0.0,0.0,0.0,0.0,0.0,0.0,0.0,0.0,0.0,0.0,0.0
39950,1981.9810356697408,92.24902282163191,1123.7428186002344,91.84964290927559,34.155271786447315,14.335804968877346,2.894635806366657,13.946518823309903,0.22524562748233445,1.0,0.24426371210431463,1.0,0.994227598637059,0.24426371210431463,0,nominal,0.0,0.0,0.0,0.0,0.0,0.0,0.0,0.0,0.0,0.0,0.0,0.0
40000,1981.9810356309247,92.23895294841708,1123.7907719426198,91.83594041211876,34.16690258205785,14.335804968877346,2.894427495815004,13.945515171623914,0.225245627475548,1.0,0.24449283070274697,1.0,0.994227598637059,0.24449283070274697,0,nominal,0.0,0.0,0.0,0.0,0.0,0.0,0.0,0.0,0.0,0.0,0.0,0.0
40050,2019.4313753970932,92.22949504971604,1123.8398716209445,91.82281323715199,34.17853255246694,14.335804968877346,3.2533698860588465,15.674919883612919,0.23936815334271172,1.0,0.24472193304528367,1.0,0.994227598637059,0.24472193304528367,0,nominal,0.0,0.0,0.0,0.0,0.0,0.0,0.0,0.0,0.0,0.0,0.0,0.0
40100,2089.7183594976304,92.22090201548275,1123.890811599781,91.81066714665297,34.83569110013165,14.335804968877346,3.7454387830945532,17.711077592632993,0.2625108222869661,1.0,0.25766750017848683,1.0,0.994227598637059,0.25766750017848683,0,nominal,0.0,0.0,0.0,0.0,0.0,0.0,0.0,0.0,0.0,0.0,0.0,0.0
40150,2188.7779778380072,92.21346083665941,1123.8399483679473,91.79992507614048,36.058997967837286,14.335804968877346,4.390653052719802,20.063779415036596,0.29513434709915976,1.0,0.28176579614780534,1.0,0.994227598637059,0.28176579614780534,0,nominal,0.0,0.0,0.0,0.0,0.0,0.0,0.0,0.0,0.0,0.0,0.0,0.0
40200,2313.0469416161313,92.20750170417244,1123.5972816643925,91.79104211425141,37.77830991661602,14.335804968877346,5.2129280748307325,22.74319130105665,0.33802997114344485,1.0,0.315635047845022,1.0,0.994227598637059,0.315635047845022,0,nominal,0.0,0.0,0.0,0.0,0.0,0.0,0.0,0.0,0.0,0.0,0.0,0.0
40250,2459.4100116802597,92.20340475606173,1123.1557430196917,91.7845161824194,39.93181739839821,14.335804968877346,6.239302327017055,25.75864213362761,0.3922320359862739,1.0,0.3580576500866509,1.0,0.994227598637059,0.3580576500866509,0,nominal,0.0,0.0,0.0,0.0,0.0,0.0,0.0,0.0,0.0,0.0,0.0,0.0
40300,2625.1487912388066,92.20160488962682,1122.507374199989,91.78089536562686,42.46504702457524,14.335804968877346,7.4992300762953255,29.11770376693858,0.4589497157888892,1.0,0.40796051493719804,1.0,0.994227598637059,0.40796051493719804,0,nominal,0.0,0.0,0.0,0.0,0.0,0.0,0.0,0.0,0.0,0.0,0.0,0.0
40350,2807.8941353467912,92.20259488953064,1121.644310920833,91.78078256355252,45.32979491174165,14.335804968877346,9.02388622596888,32.825478774117215,0.5395113223214584,1.0,0.4643940593608432,1.0,0.994227598637059,0.4643940593608432,0,nominal,0.0,0.0,0.0,0.0,0.0,0.0,0.0,0.0,0.0,0.0,0.0,0.0
40400,3005.5829693580217,92.20692701887998,1120.5596511769127,91.78483792558006,48.48284238918655,14.335804968877346,10.84545806770895,36.88404573041863,0.6353165346866465,1.0,0.5265069055506877,1.0,0.994227598637059,0.5265069055506877,0,nominal,0.0,0.0,0.0,0.0,0.0,0.0,0.0,0.0,0.0,0.0,0.0,0.0
40450,3216.4196611750353,92.2152131558949,1119.2481951904751,91.79377938598174,51.88389881214231,14.335804968877346,12.996414207583207,41.29202723121129,0.7477934534304501,1.0,0.5935053557780282,1.0,0.994227598637059,0.5935053557780282,0,nominal,0.0,0.0,0.0,0.0,0.0,0.0,0.0,0.0,0.0,0.0,0.0,0.0
40500,3438.8417798249197,92.22812351963023,1117.7070548360202,91.80838151197719,55.49099397608016,14.335804968877346,15.508749063401185,46.04425419493376,0.8783584864217988,1.0,0.6645626261529615,1.0,0.994227598637059,0.6645626261529615,0,nominal,0.0,0.0,0.0,0.0,0.0,0.0,0.0,0.0,0.0,0.0,0.0,0.0
40550,3629.489310096249,92.24324188538759,1116.2406286616997,91.82654787196867,59.24781157179535,14.335804968877346,16.562635854358888,45.99267199178581,0.9505409721733377,1.0,0.7385693244837629,1.0,0.994227598637059,0.7385693244837629,0,nominal,0.0,0.0,0.0,0.0,0.0,0.0,0.0,0.0,0.0,0.0,0.0,0.0
40600,3792.901478900246,92.26025295058014,1114.8534714229368,91.84783162576565,62.37587229421175,14.335804968877346,17.446979946258928,45.903534021958194,1.0131676069604085,1.0,0.8001899489474928,1.0,0.994227598637059,0.8001899489474928,0,nominal,0.0,0.0,0.0,0.0,0.0,0.0,0.0,0.0,0.0,0.0,0.0,0.0
40650,3932.9690521608145,92.27888245851727,1113.546361683258,91.87182794988968,64.9131711666216,14.335804968877346,18.189168255315767,45.79443027457281,1.067357385572502,1.0,0.8501729751236068,1.0,0.994227598637059,0.8501729751236068,0,nominal,0.0,0.0,0.0,0.0,0.0,0.0,0.0,0.0,0.0,0.0,0.0,0.0
40700,4053.0269720984447,92.29889371297935,1112.3176191595567,91.89817508878622,66.89760208350538,14.335804968877346,18.812586995306702,45.67718951672457,1.1141525230813083,1.0,0.8892648864241808,1.0,0.994227598637059,0.8892648864241808,0,nominal,0.0,0.0,0.0,0.0,0.0,0.0,0.0,0.0,0.0,0.0,0.0,0.0
40750,4155.933760616414,92.32008347220358,1111.164028173454,91.9265529244849,68.38699527262574,14.335804968877346,19.336936695407836,45.559564451689006,1.154500431882476,1.0,0.9186048981854378,1.0,0.994227598637059,0.9186048981854378,0,nominal,0.0,0.0,0.0,0.0,0.0,0.0,0.0,0.0,0.0,0.0,0.0,0.0
40800,4244.139579346101,92.34227778863846,1110.0814818369158,91.95668020778027,69.46426578308782,14.335804968877346,19.778674147084626,45.44644750803967,1.189248682544954,1.0,0.939826379308015,1.0,0.994227598637059,0.939826379308015,0,nominal,0.0,0.0,0.0,0.0,0.0,0.0,0.0,0.0,0.0,0.0,0.0,0.0
40850,4319.74456682869,92.36532808585935,1109.065426450315,91.98831115813374,70.23077821027051,14.335804968877346,20.151479036992583,45.340744893845574,1.2191472734728088,1.0,0.954926141944886,1.0,0.994227598637059,0.954926141944886,0,nominal,0.0,0.0,0.0,0.0,0.0,0.0,0.0,0.0,0.0,0.0,0.0,0.0
40900,4384.548841813767,92.38910760494525,1108.1111627018154,92.02123186197997,70.77935153216758,14.335804968877346,20.466694200151412,45.24400228269564,1.2448547671738257,1.0,0.9602337768373252,1.0,0.994227598637059,0.9602337768373252,0,nominal,0.0,0.0,0.0,0.0,0.0,0.0,0.0,0.0,0.0,0.0,0.0,0.0
40950,4440.095363229547,92.41350826312868,1107.2140445202376,92.05525672285853,71.16525229035425,14.335804968877346,20.73371731442887,45.1568503622321,1.2669462326239636,1.0,0.9595753627604006,1.0,0.994227598637059,0.9595753627604006,0,nominal,0.0,0.0,0.0,0.0,0.0,0.0,0.0,0.0,0.0,0.0,0.0,0.0
41000,4487.7066673002155,92.43843791940225,1106.3696052505638,92.09022510542076,71.43957861533995,14.335804968877346,20.960337564478955,45.07932005093425,1.2859217833102397,1.0,0.9588948655428294,1.0,0.994227598637059,0.9588948655428294,0,nominal,0.0,0.0,0.0,0.0,0.0,0.0,0.0,0.0,0.0,0.0,0.0,0.0
41050,4528.5163565036455,92.46381801784224,1105.573632723787,92.12599824562011,71.63746371901296,14.335804968877346,21.153018845772177,45.01106369297524,1.3022150208803271,1.0,0.9581954978915849,1.0,0.994227598637059,0.9581954978915849,0,nominal,0.0,0.0,0.0,0.0,0.0,0.0,0.0,0.0,0.0,0.0,0.0,0.0
41100,4563.496090106585,92.48958156933293,1104.822208872779,92.1624564563611,71.78248707956317,14.335804968877346,21.317134765583553,44.951508663002656,1.3162010108729985,1.0,0.9574800350875978,1.0,0.994227598637059,0.9574800350875978,0,nominal,0.0,0.0,0.0,0.0,0.0,0.0,0.0,0.0,0.0,0.0,0.0,0.0
41150,4593.478718909105,92.51567142996356,1104.1117252005793,92.1994966319482,71.89038982479204,14.335804968877346,21.45716198937819,44.89996258881385,1.3282036078256465,1.0,0.956750870872778,1.0,0.994227598637059,0.956750870872778,0,nominal,0.0,0.0,0.0,0.0,0.0,0.0,0.0,0.0,0.0,0.0,0.0,0.0
41200,4619.178115025551,92.54203883596523,1103.438882216713,92.23703003965159,71.97174446854187,14.335804968877346,21.5768385232465,44.855684121935276,1.3385020604158326,1.0,0.9560100673610361,1.0,0.994227598637059,0.9560100673610361,0,nominal,0.0,0.0,0.0,0.0,0.0,0.0,0.0,0.0,0.0,0.0,0.0,0.0
41250,4641.206168839647,92.56864215854762,1102.8006786184928,92.27498037858987,72.03374202693658,14.335804968877346,21.67929297059242,44.817929334011986,1.3473368930094332,1.0,0.9552593992069682,1.0,0.994227598637059,0.9552593992069682,0,nominal,0.0,0.0,0.0,0.0,0.0,0.0,0.0,0.0,0.0,0.0,0.0,0.0
41300,4660.0873578231585,92.59544584619113,1102.194394285988,92.31328208233776,72.08135251674469,14.335804968877346,21.767150017268452,44.7859810089484,1.3549150964937617,1.0,0.9545003924282025,1.0,0.994227598637059,0.9545003924282025,0,nominal,0.0,0.0,0.0,0.0,0.0,0.0,0.0,0.0,0.0,0.0,0.0,0.0
41350,4676.271234094739,92.62241952620485,1101.6175699173705,92.35187884053397,72.11807168618571,14.335804968877346,21.842616576038257,44.75916605685288,1.3614146799839935,1.0,0.9537343583532447,1.0,0.994227598637059,0.9537343583532447,0,nominal,0.0,0.0,0.0,0.0,0.0,0.0,0.0,0.0,0.0,0.0,0.0,0.0
41400,4690.143128041808,92.64953724134898,1101.0679852336116,92.39072231521351,72.14640273549821,14.335804968877346,21.907552252739553,44.73686479063864,1.3669886429810572,1.0,0.9529624231893206,1.0,0.994227598637059,0.9529624231893206,0,nominal,0.0,0.0,0.0,0.0,0.0,0.0,0.0,0.0,0.0,0.0,0.0,0.0
41450,4702.033322853582,92.67677680090236,1100.5436370371158,92.42977102893803,72.16816991467742,14.335804968877346,21.963527122095783,44.718514729087744,1.3717684292174257,1.0,0.9521855536957298,1.0,0.994227598637059,0.9521855536957298,0,nominal,0.0,0.0,0.0,0.0,0.0,0.0,0.0,0.0,0.0,0.0,0.0,0.0
41500,4712.224918406531,92.70411922868686,1100.0427179502867,92.46898940360694,72.18472527375546,14.335804968877346,22.011869230667916,44.7036108109983,1.3758669214718466,1.0,0.9514045794212393,1.0,0.994227598637059,0.9514045794212393,0,nominal,0.0,0.0,0.0,0.0,0.0,0.0,0.0,0.0,0.0,0.0,0.0,0.0
41550,4720.960571737631,92.73154829325733,1099.5635963370387,92.50834693082982,72.19708695782964,14.335804968877346,22.0537037731351,44.691703342960324,1.379381032741801,1.0,0.9506202119278612,1.0,0.994227598637059,0.9506202119278612,0,nominal,0.0,0.0,0.0,0.0,0.0,0.0,0.0,0.0,0.0,0.0,0.0,0.0
41600,4728.448274592859,92.75905010776142,1099.1047976858054,92.54781745676257,72.20603313485243,14.335804968877346,22.089985504682822,44.68239459925711,1.3823939443586966,1.0,0.9498330613834036,1.0,0.994227598637059,0.9498330613834036,0,nominal,0.0,0.0,0.0,0.0,0.0,0.0,0.0,0.0,0.0,0.0,0.0,0.0
41650,4734.866305611626,92.78661278891809,1098.6649875792323,92.58737856625254,72.2121667811867,14.335804968877346,22.121525643522446,44.675334703165866,1.3849770365330387,1.0,0.9490436508647485,1.0,0.994227598637059,0.9490436508647485,0,nominal,0.0,0.0,0.0,0.0,0.0,0.0,0.0,0.0,0.0,0.0,0.0,0.0
41700,4740.367475056283,92.8142261662017,1098.2429562734,92.62701105295355,72.21596105160442,14.335804968877346,22.149014270531538,44.670217212977896,1.3871915517869349,1.0,0.9482524286749492,1.0,0.994227598637059,0.9482524286749492,0,nominal,0.0,0.0,0.0,0.0,0.0,0.0,0.0,0.0,0.0,0.0,0.0,0.0
41750,4745.082763151703,92.84188153370008,1097.837604843316,92.66669846372992,72.21779152595998,14.335804968877346,22.17303903608774,44.666774690344255,1.389090026971451,1.0,0.947459778940929,1.0,0.994227598637059,0.947459778940929,0,nominal,0.0,0.0,0.0,0.0,0.0,0.0,0.0,0.0,0.0,0.0,0.0,0.0
41800,4749.124438662064,92.86957143827334,1097.4479328108841,92.70642670716148,72.21795945782719,14.335804968877346,22.19410082746558,44.664774426293505,1.3907175251794786,1.0,0.9466660307254017,1.0,0.994227598637059,0.9466660307254017,0,nominal,0.0,0.0,0.0,0.0,0.0,0.0,0.0,0.0,0.0,0.0,0.0,0.0
41850,4752.588731956658,92.89728949861865,1097.0730271487341,92.746183717294,72.21670876692548,14.335804968877346,22.2126269254707,44.66401442924606,1.392112694892921,1.0,0.9458714658567703,1.0,0.994227598637059,0.9458714658567703,0,nominal,0.0,0.0,0.0,0.0,0.0,0.0,0.0,0.0,0.0,0.0,0.0,0.0
41900,4755.558126209168,92.92503025066594,1096.7120525426526,92.78595916495556,72.21423862260467,14.335804968877348,22.22898207964274,44.664319730688185,1.3933086801516208,1.0,0.9450763256541199,0.9999999999999997,0.994227598637059,0.9450763256541199,0,nominal,0.0,0.0,0.0,0.0,0.0,0.0,0.0,0.0,0.0,0.0,0.0,0.0
41950,4758.103321282748,92.95278901542315,1096.364242792799,92.82574420999447,72.21071287963451,14.335804968877346,22.243477852039256,44.66553903142975,1.394333902384714,1.0,0.9442808167008888,1.0,0.994227598637059,0.9442808167008888,0,nominal,0.0,0.0,0.0,0.0,0.0,0.0,0.0,0.0,0.0,0.0,0.0,0.0
42000,4760.284917060102,92.98056178597398,1096.028893236617,92.86553128869792,72.20626723859526,14.335804968877346,22.256380516094765,44.6675416898977,1.3952127317757643,1.0,0.9434851158001106,1.0,0.994227598637059,0.9434851158001106,0,nominal,0.0,0.0,0.0,0.0,0.0,0.0,0.0,0.0,0.0,0.0,0.0,0.0
42050,4762.154856297834,93.00834513082333,1095.7053540823263,92.90531393144022,72.20101474168597,14.335804968877344,22.26791774600364,44.67021504035074,1.3959660636083722,1.0,0.9426893742260415,0.9999999999999997,0.9942275986370589,0.9426893742260415,0,nominal,0.0,0.0,0.0,0.0,0.0,0.0,0.0,0.0,0.0,0.0,0.0,0.0
42100,4763.757661358747,93.03613611120528,1095.3930245496904,92.94508660629293,72.19505003677475,14.335804968877346,22.278284290891648,44.673462020826456,1.3966118129244476,1.0,0.9418937213711956,1.0,0.994227598637059,0.9418937213711956,0,nominal,0.0,0.0,0.0,0.0,0.0,0.0,0.0,0.0,0.0,0.0,0.0,0.0
42150,4765.131494268101,93.06393221031948,1095.0913477234944,92.98484458492419,72.18845271989443,14.335804968877346,22.28764679467341,44.67719908632078,1.3971653389892056,1.0,0.9410982678741413,1.0,0.994227598637059,0.9410982678741413,0,nominal,0.0,0.0,0.0,0.0,0.0,0.0,0.0,0.0,0.0,0.0,0.0,0.0
42200,4766.309065333262,93.09173127276455,1094.7998060341151,93.02458382762643,72.18128998093361,14.335804968877344,22.29614789533947,44.68135438091963,1.3976398094628626,1.0,0.9403031083015162,0.9999999999999997,0.9942275986370589,0.9403031083015162,0,nominal,0.0,0.0,0.0,0.0,0.0,0.0,0.0,0.0,0.0,0.0,0.0,0.0
42250,4767.318411960542,93.1195314526895,1094.5179172883904,93.06430088475679,72.17361871706362,14.335804968877346,22.30390971522375,44.68586614248448,1.3980465127994868,1.0,0.9395083234474714,1.0,0.994227598637059,0.9395083234474714,0,nominal,0.0,0.0,0.0,0.0,0.0,0.0,0.0,0.0,0.0,0.0,0.0,0.0
42300,4768.183566212497,93.14733116940221,1094.2452311823658,93.10399281225529,72.16548723557614,14.335804968877348,22.31103683558393,44.69068131442358,1.3983951262014227,1.0,0.9387139823048642,0.9999999999999997,0.994227598637059,0.9387139823048642,0,nominal,0.0,0.0,0.0,0.0,0.0,0.0,0.0,0.0,0.0,0.0,0.0,0.0
42350,4768.925126999887,93.17512906935713,1093.9813262353014,93.14365709923703,72.15693663697841,14.335804968877346,22.317618833809874,44.69575434063723,1.3986939454291063,1.0,0.9379201437548943,1.0,0.994227598637059,0.9379201437548943,0,nominal,0.0,0.0,0.0,0.0,0.0,0.0,0.0,0.0,0.0,0.0,0.0,0.0
42400,4769.560750531935,93.20292399360244,1093.7258070914804,93.18329160593714,72.1480019468142,14.335804968877344,22.323732449145457,44.701046121614155,1.3989500818794205,1.0,0.9371268580152594,0.9999999999999997,0.9942275986370589,0.9371268580152594,0,nominal,0.0,0.0,0.0,0.0,0.0,0.0,0.0,0.0,0.0,0.0,0.0,0.0
42450,4770.105570702262,93.2307149498996,1093.4783021428561,93.22289451053172,72.1387130482827,14.335804968877346,22.32944343248396,44.706523111684845,1.399169631582154,1.0,0.9363341678812571,1.0,0.994227598637059,0.9363341678812571,0,nominal,0.0,0.0,0.0,0.0,0.0,0.0,0.0,0.0,0.0,0.0,0.0,0.0
42500,4770.572559419686,93.25850108884242,1093.2384614313692,93.26246426356767,72.12909545561017,14.335804968877348,22.33480812718787,44.71215653947457,1.3993578201069732,1.0,0.9355421097893657,0.9999999999999997,0.994227598637059,0.9355421097893657,0,nominal,0.0,0.0,0.0,0.0,0.0,0.0,0.0,0.0,0.0,0.0,0.0,0.0
42550,4770.972835463192,93.28628168340106,1093.0059547949822,93.30199954891452,72.1191709590973,14.335804968877346,22.339874820683963,44.71792173556454,1.3995191268081435,1.0,0.9347507147286467,1.0,0.994227598637059,0.9347507147286467,0,nominal,0.0,0.0,0.0,0.0,0.0,0.0,0.0,0.0,0.0,0.0,0.0,0.0
42600,4771.3159292147675,93.3140561113982,1092.7804702260605,93.34149925030647,72.1089581659774,14.335804968877346,22.344684900544866,44.723797553216926,1.3996573913484203,1.0,0.9339600090217095,1.0,0.994227598637059,0.9339600090217095,0,nominal,0.0,0.0,0.0,0.0,0.0,0.0,0.0,0.0,0.0,0.0,0.0,0.0
42650,4771.610009573262,93.34182384049649,1092.5617124147752,93.38096242267471,72.09847295607936,14.335804968877348,22.349273843687282,44.72976586971832,1.3997759050260743,1.0,0.9331700149938706,0.9999999999999997,0.994227598637059,0.9331700149938706,0,nominal,0.0,0.0,0.0,0.0,0.0,0.0,0.0,0.0,0.0,0.0,0.0,0.0
42700,4771.862078451971,93.36958441533682,1092.349401453785,93.42038826758534,72.0877288673625,14.335804968877348,22.353672063034118,44.735811157441105,1.3998774890704904,1.0,0.9323807515465057,0.9999999999999997,0.994227598637059,0.9323807515465057,0,nominal,0.0,0.0,0.0,0.0,0.0,0.0,0.0,0.0,0.0,0.0,0.0,0.0
42750,4772.078137490865,93.3973374465188,1092.1432716835511,93.45977611219547,72.07673742336858,14.335804968877346,22.357905632368364,44.7419201151084,1.3999645617638932,1.0,0.9315922346482932,1.0,0.994227598637059,0.9315922346482932,0,nominal,0.0,0.0,0.0,0.0,0.0,0.0,0.0,0.0,0.0,0.0,0.0,0.0
42800,4772.263330952774,93.42508260115915,1091.9430706603748,93.49912539122363,72.06550841229398,14.335804968877344,22.361996907042577,44.74808135098329,1.4000391959824898,1.0,0.9308044777560905,0.9999999999999997,0.9942275986370589,0.9308044777560905,0,nominal,0.0,0.0,0.0,0.0,0.0,0.0,0.0,0.0,0.0,0.0,0.0,0.0
42850,4772.4220682058385,93.45281959480207,1091.7485582316176,93.53843563150326,72.05405012555285,14.335804968877346,22.365965055609607,44.75428511079486,1.4001031685234873,1.0,0.9300174921755274,1.0,0.994227598637059,0.9300174921755274,0,nominal,0.0,0.0,0.0,0.0,0.0,0.0,0.0,0.0,0.0,0.0,0.0,0.0
42900,4772.558128708465,93.48054818448759,1091.559505704627,93.57770643874932,72.04236956226127,14.335804968877348,22.36982651523416,44.76052304417565,1.4001580023898363,1.0,0.9292312873699348,0.9999999999999997,0.994227598637059,0.9292312873699348,0,nominal,0.0,0.0,0.0,0.0,0.0,0.0,0.0,0.0,0.0,0.0,0.0,0.0
42950,4772.674751996431,93.50826816281233,1091.375695097689,93.61693748622116,72.03047260492792,14.335804968877346,22.37359538186781,44.766788004225674,1.400205003037547,1.0,0.9284458712250137,1.0,0.994227598637059,0.9284458712250137,0,nominal,0.0,0.0,0.0,0.0,0.0,0.0,0.0,0.0,0.0,0.0,0.0,0.0
43000,4772.774714814687,93.53597935283995,1091.1969184628779,93.65612850500997,72.01836417072396,14.335804968877346,22.377283744573376,44.77307387555371,1.400245289447211,1.0,0.9276612502755768,1.0,0.994227598637059,0.9276612502755768,0,nominal,0.0,0.0,0.0,0.0,0.0,0.0,0.0,0.0,0.0,0.0,0.0,0.0
43050,4772.860397230335,93.56368160374024,1091.0229772720295,93.69527927571818,72.0060483419683,14.335804968877346,22.38090197202318,44.77937542678598,1.4002798207584886,1.0,0.9268774298998005,1.0,0.994227598637059,0.9268774298998005,0,nominal,0.0,0.0,0.0,0.0,0.0,0.0,0.0,0.0,0.0,0.0,0.0,0.0
43100,4772.933839300891,93.59137478705225,1090.853681858227,93.73438962133116,71.99352847886966,14.335804968877348,22.384458958034994,44.785688184087036,1.400309419100963,1.0,0.9260944144856365,0.9999999999999997,0.994227598637059,0.9260944144856365,0,nominal,0.0,0.0,0.0,0.0,0.0,0.0,0.0,0.0,0.0,0.0,0.0,0.0
43150,4772.996789647082,93.61905879348194,1090.6888509061987,93.77345940111098,71.98080731708002,14.335804968877346,22.38796233201811,44.792008322718516,1.400334789164386,1.0,0.9253122075733767,1.0,0.994227598637059,0.9253122075733767,0,nominal,0.0,0.0,0.0,0.0,0.0,0.0,0.0,0.0,0.0,0.0,0.0,0.0
43200,4773.050747086673,93.6467335301582,1090.5283109859088,93.81248850536502,71.96788705221499,14.335804968877348,22.391418639356488,44.79833257407771,1.400356534973872,1.0,0.9245308119777803,0.9999999999999997,0.994227598637059,0.9245308119777803,0,nominal,0.0,0.0,0.0,0.0,0.0,0.0,0.0,0.0,0.0,0.0,0.0,0.0
43250,4773.096996320609,93.67439891828133,1090.3718961243621,93.85147685096467,71.9547694131677,14.335804968877346,22.394833496032014,44.80465814601645,1.4003751742691488,1.0,0.9237502298926995,1.0,0.994227598637059,0.9237502298926995,0,nominal,0.0,0.0,0.0,0.0,0.0,0.0,0.0,0.0,0.0,0.0,0.0,0.0
43300,4773.136638521126,93.7020548911081,1090.2194474113148,93.8904243775064,71.94145572576859,14.335804968877346,22.398211721172927,44.81098265455053,1.4003911508299982,1.0,0.9229704629807065,1.0,0.994227598637059,0.9229704629807065,0,nominal,0.0,0.0,0.0,0.0,0.0,0.0,0.0,0.0,0.0,0.0,0.0,0.0
43350,4773.17061755014,93.72970139222491,1090.070812635131,93.92933104402306,71.92794696811481,14.335804968877344,22.401557450683743,44.817304065337396,1.4004048450412059,1.0,0.9221915124498719,0.9999999999999997,0.9942275986370589,0.9221915124498719,0,nominal,0.0,0.0,0.0,0.0,0.0,0.0,0.0,0.0,0.0,0.0,0.0,0.0
43400,4773.199742432153,93.75733837406818,1089.9258459455277,93.96819682616672,71.91424381870199,14.335804968877346,22.40487423466014,44.82362064352856,1.4004165829484236,1.0,0.9214133791195388,1.0,0.994227598637059,0.9214133791195388,0,nominal,0.0,0.0,0.0,0.0,0.0,0.0,0.0,0.0,0.0,0.0,0.0,0.0
43450,4773.224706616735,93.78496579665625,1089.7844075403532,94.00702171379544,71.90034669832858,14.335804968877346,22.40816512090526,44.82993091080136,1.4004266440204935,1.0,0.9206360634766656,1.0,0.994227598637059,0.9206360634766656,0,nominal,0.0,0.0,0.0,0.0,0.0,0.0,0.0,0.0,0.0,0.0,0.0,0.0
43500,4773.246104489233,93.8125836265026,1089.6463633739281,94.04580570890607,71.88625580660744,14.335804968877344,22.411432726532226,44.83623360854459,1.400435267802975,1.0,0.9198595657240912,0.9999999999999997,0.9942275986370589,0.9198595657240912,0,nominal,0.0,0.0,0.0,0.0,0.0,0.0,0.0,0.0,0.0,0.0,0.0,0.0
43550,4773.264445522804,93.84019183568495,1089.5115848847754,94.08454882386326,71.87197115380197,14.335804968877346,22.41467929935381,44.84252766631828,1.4004426596212483,1.0,0.9190838858218785,1.0,0.994227598637059,0.9190838858218785,0,nominal,0.0,0.0,0.0,0.0,0.0,0.0,0.0,0.0,0.0,0.0,0.0,0.0
43600,4773.280166408721,93.86779040104699,1089.3799487408455,94.12325107988272,71.8574925886063,14.335804968877346,22.41790677051672,44.84881217483292,1.4004489954689485,1.0,0.9183090235227348,1.0,0.994227598637059,0.9183090235227348,0,nominal,0.0,0.0,0.0,0.0,0.0,0.0,0.0,0.0,0.0,0.0,0.0,0.0
43650,4773.2936414537935,93.89537930351474,1089.251336600581,94.16191250573189,71.84281982240391,14.335804968877346,22.421116799630113,44.855086362801806,1.400454426198095,1.0,0.9175349784023455,1.0,0.994227598637059,0.9175349784023455,0,nominal,0.0,0.0,0.0,0.0,0.0,0.0,0.0,0.0,0.0,0.0,0.0,0.0
43700,4773.305191492426,93.9229585275105,1089.125634888354,94.2005331366168,71.8279524504669,14.335804968877344,22.424310813459137,44.86134957711184,1.4004590811106634,1.0,0.9167617498853622,0.9999999999999997,0.9942275986370589,0.9167617498853622,0,nominal,0.0,0.0,0.0,0.0,0.0,0.0,0.0,0.0,0.0,0.0,0.0,0.0
43750,4773.31509152554,93.9505280604505,1089.0027345830026,94.23911301322892,71.81288997049597,14.335804968877346,22.42749003910131,44.86760126583726,1.4004630710370958,1.0,0.9159893372676641,1.0,0.994227598637059,0.9159893372676641,0,nominal,0.0,0.0,0.0,0.0,0.0,0.0,0.0,0.0,0.0,0.0,0.0,0.0
43800,4773.323577268209,93.97808789231482,1088.882531018336,94.27765218092844,71.79763179884755,14.335804968877346,22.43065553243298,44.87384096368963,1.4004664909750477,1.0,0.9152177397354216,1.0,0.994227598637059,0.9152177397354216,0,nominal,0.0,0.0,0.0,0.0,0.0,0.0,0.0,0.0,0.0,0.0,0.0,0.0
43850,4773.330850761926,94.00563801527852,1088.7649236946027,94.31615068904489,71.78217728474844,14.335804968877346,22.43380820250012,44.8800682795544,1.4004694223511773,1.0,0.9144469563814311,1.0,0.994227598637059,0.9144469563814311,0,nominal,0.0,0.0,0.0,0.0,0.0,0.0,0.0,0.0,0.0,0.0,0.0,0.0
43900,4773.337085185111,94.0331784233955,1088.6498161000504,94.35460859027819,71.76652572275887,14.335804968877348,22.436948832432,44.88628288581525,1.4004719349598331,1.0,0.9136769862191022,0.9999999999999997,0.994227598637059,0.9136769862191022,0,nominal,0.0,0.0,0.0,0.0,0.0,0.0,0.0,0.0,0.0,0.0,0.0,0.0
43950,4773.342428976413,94.0607091123278,1088.537115541781,94.39302594018557,71.75067636370993,14.335804968877346,22.440078097373537,44.89248450921003,1.400474088624796,1.0,0.9129078281944362,1.0,0.994227598637059,0.9129078281944362,0,nominal,0.0,0.0,0.0,0.0,0.0,0.0,0.0,0.0,0.0,0.0,0.0,0.0
44000,4773.347009368958,94.08823007911354,1088.4267329852137,94.43140279674208,71.73462842431175,14.335804968877346,22.4431965798613,44.89867292299841,1.4004759346236297,1.0,0.9121394811962886,1.0,0.994227598637059,0.9121394811962886,0,nominal,0.0,0.0,0.0,0.0,0.0,0.0,0.0,0.0,0.0,0.0,0.0,0.0
44050,4773.350935419711,94.11574132196807,1088.318582901521,94.46973921996437,71.71838109560372,14.335804968877344,22.446304783007733,44.904847940253326,1.4004775169085606,1.0,0.9113719440651584,0.9999999999999997,0.9942275986370589,0.9113719440651584,0,nominal,0.0,0.0,0.0,0.0,0.0,0.0,0.0,0.0,0.0,0.0,0.0,0.0
44100,4773.354300606071,94.14324284011343,1088.212583122494,94.50803527158854,71.70193355039403,14.335804968877346,22.449403141806133,44.911009408115234,1.4004788731529467,1.0,0.9106052156007126,1.0,0.994227598637059,0.9106052156007126,0,nominal,0.0,0.0,0.0,0.0,0.0,0.0,0.0,0.0,0.0,0.0,0.0,0.0
44150,4773.357185051522,94.17073463363255,1088.1086547023197,94.54629101479401,71.6852849498186,14.335804968877344,22.452492032824058,44.91715720287049,1.4004800356482503,1.0,0.9098392945682292,0.9999999999999997,0.9942275986370589,0.9098392945682292,0,nominal,0.0,0.0,0.0,0.0,0.0,0.0,0.0,0.0,0.0,0.0,0.0,0.0
44200,4773.359657433337,94.19821670334386,1088.006721785834,94.58450651396743,71.66843444913037,14.335804968877346,22.45557178251526,44.923291225736484,1.4004810320728824,1.0,0.9090741797041199,1.0,0.994227598637059,0.9090741797041199,0,nominal,0.0,0.0,0.0,0.0,0.0,0.0,0.0,0.0,0.0,0.0,0.0,0.0
44250,4773.3617766177495,94.22568905069431,1087.9067114828313,94.62268183450033,71.65138120281738,14.335804968877346,22.45864267434672,44.92941139925134,1.400481886151201,1.0,0.9083098697206515,1.0,0.994227598637059,0.9083098697206515,0,nominal,0.0,0.0,0.0,0.0,0.0,0.0,0.0,0.0,0.0,0.0,0.0,0.0
44300,4773.363593061532,94.25315167766729,1087.8085537480679,94.66081704261597,71.6341243691334,14.335804968877346,22.461704954909965,44.935517664182065,1.400482618218378,1.0,0.9075463633099935,1.0,0.994227598637059,0.9075463633099935,0,nominal,0.0,0.0,0.0,0.0,0.0,0.0,0.0,0.0,0.0,0.0,0.0,0.0
44350,4773.365150013346,94.2806045867041,1087.7121812666182,94.69891220522118,71.61666311411564,14.335804968877344,22.464758839161252,44.941609976876194,1.4004832457045635,1.0,0.9067836591476806,0.9999999999999997,0.9942275986370589,0.9067836591476806,0,nominal,0.0,0.0,0.0,0.0,0.0,0.0,0.0,0.0,0.0,0.0,0.0,0.0
44400,4773.366484543471,94.30804778063623,1087.617529344282,94.73696738977924,71.5989966151529,14.335804968877346,22.467804514914995,44.947688306994,1.4004837835498907,1.0,0.9060217558955764,1.0,0.994227598637059,0.9060217558955764,0,nominal,0.0,0.0,0.0,0.0,0.0,0.0,0.0,0.0,0.0,0.0,0.0,0.0
44450,4773.367628426437,94.33548126262792,1087.524535802756,94.77498266420167,71.58112406416042,14.335804968877346,22.470842146696683,44.95375263556599,1.4004842445601893,1.0,0.9052606522044152,1.0,0.994227598637059,0.9052606522044152,0,nominal,0.0,0.0,0.0,0.0,0.0,0.0,0.0,0.0,0.0,0.0,0.0,0.0
44500,4773.368608897549,94.36290503612628,1087.4331408793164,94.81295809675515,71.56304467040908,14.335804968877348,22.47387187904674,44.9598029533294,1.4004846397118869,1.0,0.9045003467159666,0.9999999999999997,0.994227598637059,0.9045003467159666,0,nominal,0.0,0.0,0.0,0.0,0.0,0.0,0.0,0.0,0.0,0.0,0.0,0.0
44550,4773.36944930136,94.39031910481907,1087.3432871307737,94.85089375598204,71.544757663052,14.335804968877346,22.476893839353544,44.96583925930367,1.4004849784133522,1.0,0.9037408380648969,1.0,0.994227598637059,0.9037408380648969,0,nominal,0.0,0.0,0.0,0.0,0.0,0.0,0.0,0.0,0.0,0.0,0.0,0.0
44600,4773.370169647484,94.41772347259837,1087.2549193414802,94.88878971063252,71.52626229338419,14.335804968877346,22.47990814028263,44.971861559570286,1.400485268728901,1.0,0.9029821248803591,1.0,0.994227598637059,0.9029821248803591,0,nominal,0.0,0.0,0.0,0.0,0.0,0.0,0.0,0.0,0.0,0.0,0.0,0.0
44650,4773.3707870870185,94.44511814352933,1087.1679844351852,94.92664602960639,71.50755783686769,14.335804968877346,22.482914881859827,44.9778698662281,1.4004855175708053,1.0,0.9022242057873495,1.0,0.994227598637059,0.9022242057873495,0,nominal,0.0,0.0,0.0,0.0,0.0,0.0,0.0,0.0,0.0,0.0,0.0,0.0
44700,4773.371316320905,94.47250312182354,1087.0824313905514,94.96446278190359,71.48864359494927,14.335804968877344,22.485914153257422,44.98386419649853,1.4004857308638703,1.0,0.9014670794078722,0.9999999999999997,0.9942275986370589,0.9014670794078722,0,nominal,0.0,0.0,0.0,0.0,0.0,0.0,0.0,0.0,0.0,0.0,0.0,0.0
44750,4773.371769949951,94.49987841181616,1086.9982111601585,95.00224003658155,71.469518896695,14.335804968877346,22.488906034325918,44.98984457195954,1.4004859136865,1.0,0.9007107443619282,1.0,0.994227598637059,0.9007107443619282,0,nominal,0.0,0.0,0.0,0.0,0.0,0.0,0.0,0.0,0.0,0.0,0.0,0.0
44800,4773.372158774848,94.52724401794637,1086.9152765928234,95.03997786271913,71.45018310026258,14.335804968877346,22.491890596907464,44.99581101788947,1.4004860703916135,1.0,0.8999551992683689,1.0,0.994227598637059,0.8999551992683689,0,nominal,0.0,0.0,0.0,0.0,0.0,0.0,0.0,0.0,0.0,0.0,0.0,0.0
44850,4773.3724920533305,94.55459994474069,1086.8335823590896,95.07767632938567,71.43063559422893,14.335804968877344,22.49486790596217,45.001763562705484,1.4004862047102842,1.0,0.8992004427456175,0.9999999999999997,0.9942275986370589,0.8992004427456175,0,nominal,0.0,0.0,0.0,0.0,0.0,0.0,0.0,0.0,0.0,0.0,0.0,0.0
44900,4773.372777720601,94.58194619679841,1086.7530848797373,95.1153355056145,71.41087579878932,14.335804968877344,22.497838020533983,45.00770223748246,1.400486319840574,1.0,0.8984464734122867,0.9999999999999997,0.9942275986370589,0.8984464734122867,0,nominal,0.0,0.0,0.0,0.0,0.0,0.0,0.0,0.0,0.0,0.0,0.0,0.0
44950,4773.373022578262,94.60928277877952,1086.6737422571828,95.15295546038061,71.39090316684154,14.335804968877346,22.50080099457889,45.013627075541315,1.4004864185236803,1.0,0.8976932898877101,1.0,0.994227598637059,0.8976932898877101,0,nominal,0.0,0.0,0.0,0.0,0.0,0.0,0.0,0.0,0.0,0.0,0.0,0.0
45000,4773.373232456257,94.63660969539399,1086.5955142096327,95.19053626258142,71.37071718496628,14.335804968877348,22.50375687767523,45.01953811209643,1.4004865031092006,1.0,0.8969408907923878,0.9999999999999997,0.994227598637059,0.8969408907923878,0,nominal,0.0,0.0,0.0,0.0,0.0,0.0,0.0,0.0,0.0,0.0,0.0,0.0
45050,4773.3734123516815,94.66392695139297,1086.5183620078828,95.22807798102048,71.35031737431474,14.335804968877346,22.506705715632844,45.02543538395401,1.400486575611076,1.0,0.8961892747483716,1.0,0.994227598637059,0.8961892747483716,0,nominal,0.0,0.0,0.0,0.0,0.0,0.0,0.0,0.0,0.0,0.0,0.0,0.0
45100,4773.373566547759,94.69123455156091,1086.4422484146348,95.26558068439357,71.32970329141195,14.335804968877346,22.509647551015362,45.03131892925363,1.400486637755541,1.0,0.8954384403795905,1.0,0.994227598637059,0.8954384403795905,0,nominal,0.0,0.0,0.0,0.0,0.0,0.0,0.0,0.0,0.0,0.0,0.0,0.0
45150,4773.373698715825,94.71853250070905,1086.3671376262337,95.30304444127711,71.30887452888324,14.335804968877348,22.512582423588224,45.037188787247274,1.400486691022225,1.0,0.8946883863121287,0.9999999999999997,0.994227598637059,0.8946883863121287,0,nominal,0.0,0.0,0.0,0.0,0.0,0.0,0.0,0.0,0.0,0.0,0.0,0.0
45200,4773.37381200274,94.74582080366974,1086.2929952167192,95.34046932011796,71.28783071611105,14.335804968877344,22.515510370702945,45.043044998110155,1.4004867366793832,1.0,0.8939391111744578,0.9999999999999997,0.9942275986370589,0.8939391111744578,0,nominal,0.0,0.0,0.0,0.0,0.0,0.0,0.0,0.0,0.0,0.0,0.0,0.0
45250,4773.37390910581,94.77309946529158,1086.2197880840931,95.37785538922526,71.2665715198272,14.335804968877346,22.518431427626528,45.04888760277873,1.4004867758140906,1.0,0.8931906135976407,1.0,0.994227598637059,0.8931906135976407,0,nominal,0.0,0.0,0.0,0.0,0.0,0.0,0.0,0.0,0.0,0.0,0.0,0.0
45300,4773.373992337012,94.8003684904354,1086.147484398713,95.41520271676313,71.24509664464603,14.335804968877344,22.52134562782419,45.05471664281238,1.400486809358125,1.0,0.8924428922154948,0.9999999999999997,0.9942275986370589,0.8924428922154948,0,nominal,0.0,0.0,0.0,0.0,0.0,0.0,0.0,0.0,0.0,0.0,0.0,0.0
45350,4773.374063678043,94.82762788397059,1086.0760535537192,95.45251137074479,71.22340583354266,14.335804968877346,22.524253003201757,45.060532160274896,1.400486838110155,1.0,0.8916959456647373,1.0,0.994227598637059,0.8916959456647373,0,nominal,0.0,0.0,0.0,0.0,0.0,0.0,0.0,0.0,0.0,0.0,0.0,0.0
45400,4773.374124827497,94.85487765077215,1086.0054661174213,95.4897814190274,71.2014988682798,14.335804968877346,22.527153584313602,45.06633419763318,1.4004868627547524,1.0,0.8909497725851042,1.0,0.994227598637059,0.8909497725851042,0,nominal,0.0,0.0,0.0,0.0,0.0,0.0,0.0,0.0,0.0,0.0,0.0,0.0
45450,4773.374177241316,94.88211779571822,1085.9356937875523,95.52701292930806,71.17937556978687,14.335804968877348,22.530047400540976,45.07212279767057,1.4004868838786924,1.0,0.8902043716194521,0.9999999999999997,0.994227598637059,0.8902043716194521,0,nominal,0.0,0.0,0.0,0.0,0.0,0.0,0.0,0.0,0.0,0.0,0.0,0.0
45500,4773.374222167446,94.90934832368771,1085.8667093473227,95.56420596912022,71.15703579849348,14.335804968877346,22.53293448024517,45.077898003413026,1.4004869019849269,1.0,0.8894597414138389,1.0,0.994227598637059,0.8894597414138389,0,nominal,0.0,0.0,0.0,0.0,0.0,0.0,0.0,0.0,0.0,0.0,0.0,0.0
45550,4773.374260675557,94.93656923955848,1085.7984866232,95.60136060583085,71.13447945462057,14.335804968877346,22.53581485089868,45.08365985806573,1.400486917504557,1.0,0.8887158806175955,1.0,0.994227598637059,0.8887158806175955,0,nominal,0.0,0.0,0.0,0.0,0.0,0.0,0.0,0.0,0.0,0.0,0.0,0.0
45600,4773.374293682509,94.96378054820582,1085.7310004443411,95.63847690663795,71.11170647843066,14.335804968877344,22.538688539197924,45.08940840495912,1.4004869308070964,1.0,0.8879727878833831,0.9999999999999997,0.9942275986370589,0.8879727878833831,0,nominal,0.0,0.0,0.0,0.0,0.0,0.0,0.0,0.0,0.0,0.0,0.0,0.0
45650,4773.374321974183,94.99098225450109,1085.6642266036165,95.67555493856872,71.08871685043935,14.335804968877346,22.5415555711599,45.09514368750282,1.400486942209273,1.0,0.8872304618672411,1.0,0.994227598637059,0.8872304618672411,0,nominal,0.0,0.0,0.0,0.0,0.0,0.0,0.0,0.0,0.0,0.0,0.0,0.0
45700,4773.374346224189,95.01817436331038,1085.598141820155,95.71259476847814,71.06551059158957,14.335804968877346,22.544415972205172,45.1008657491463,1.4004869519825676,1.0,0.8864889012286256,1.0,0.994227598637059,0.8864889012286256,0,nominal,0.0,0.0,0.0,0.0,0.0,0.0,0.0,0.0,0.0,0.0,0.0,0.0
45750,4773.374367009908,95.04535687949374,1085.532723703359,95.74959646304751,71.04208776339,14.335804968877346,22.547269767229075,45.10657463334533,1.4004869603596772,1.0,0.8857481046304372,1.0,0.994227598637059,0.8857481046304372,0,nominal,0.0,0.0,0.0,0.0,0.0,0.0,0.0,0.0,0.0,0.0,0.0,0.0
45800,4773.374384826239,95.07252980790429,1085.46795071832,95.78656008878369,71.0184484680191,14.335804968877348,22.550116980662857,45.11227038353345,1.4004869675400569,1.0,0.8850080707390497,0.9999999999999997,0.994227598637059,0.8850080707390497,0,nominal,0.0,0.0,0.0,0.0,0.0,0.0,0.0,0.0,0.0,0.0,0.0,0.0
45850,4773.37440009738,95.09969315338748,1085.4038021525898,95.82348571201828,70.99459284839565,14.335804968877346,22.552957636526198,45.11795304309761,1.4004869736946683,1.0,0.8842687982243262,1.0,0.994227598637059,0.8842687982243262,0,nominal,0.0,0.0,0.0,0.0,0.0,0.0,0.0,0.0,0.0,0.0,0.0,0.0
45900,4773.37441318693,95.12684692078051,1085.3402580842444,95.86037339890731,70.97052108821663,14.335804968877346,22.55579175847226,45.1236226553575,1.4004869789700494,1.0,0.8835302857596343,1.0,0.994227598637059,0.8835302857596343,0,nominal,0.0,0.0,0.0,0.0,0.0,0.0,0.0,0.0,0.0,0.0,0.0,0.0
45950,4773.374424406544,95.15399111491178,1085.2772993511949,95.89722321543064,70.94623341196375,14.335804968877348,22.558619369826484,45.12927926354804,1.4004869834918046,1.0,0.8827925320218537,0.9999999999999997,0.994227598637059,0.8827925320218537,0,nominal,0.0,0.0,0.0,0.0,0.0,0.0,0.0,0.0,0.0,0.0,0.0,0.0
46000,4773.374434023355,95.18112574060063,1085.214907521698,95.93403522739203,70.92173008487919,14.335804968877346,22.56144049361984,45.134922910804455,1.4004869873675947,1.0,0.8820555356913872,1.0,0.994227598637059,0.8820555356913872,0,nominal,0.0,0.0,0.0,0.0,0.0,0.0,0.0,0.0,0.0,0.0,0.0,0.0
46050,4773.374442266337,95.20825080265683,1085.1530648660105,95.97080950041891,70.89701141291133,14.335804968877346,22.56425515261745,45.14055364014964,1.4004869906897006,1.0,0.8813192954521594,1.0,0.994227598637059,0.8813192954521594,0,nominal,0.0,0.0,0.0,0.0,0.0,0.0,0.0,0.0,0.0,0.0,0.0,0.0
46100,4773.374449331749,95.23536630588029,1085.091754329154,96.00754609996255,70.8720777426309,14.335804968877346,22.56706336934321,45.14617149448357,1.4004869935372195,1.0,0.8805838099916218,1.0,0.994227598637059,0.8805838099916218,0,nominal,0.0,0.0,0.0,0.0,0.0,0.0,0.0,0.0,0.0,0.0,0.0,0.0
46150,4773.374455387817,95.26247225506097,1085.0309595047343,96.04424509129808,70.84692946111898,14.335804968877346,22.569865166100975,45.151776516574316,1.4004869959779507,1.0,0.879849078000749,1.0,0.994227598637059,0.879849078000749,0,nominal,0.0,0.0,0.0,0.0,0.0,0.0,0.0,0.0,0.0,0.0,0.0,0.0
46200,4773.374460578732,95.2895686549785,1084.9706646097866,96.0809065395249,70.82156699582615,14.335804968877346,22.57266056499274,45.15736874905043,1.400486998070005,1.0,0.8791150981740384,1.0,0.994227598637059,0.8791150981740384,0,nominal,0.0,0.0,0.0,0.0,0.0,0.0,0.0,0.0,0.0,0.0,0.0,0.0
46250,4773.374465028089,95.31665551040214,1084.9108544605951,96.11753050956679,70.79599081440489,14.335804968877346,22.575449587934422,45.16294823439476,1.4004869998631952,1.0,0.8783818692095019,1.0,0.994227598637059,0.8783818692095019,0,nominal,0.0,0.0,0.0,0.0,0.0,0.0,0.0,0.0,0.0,0.0,0.0,0.0
46300,4773.374468841823,95.34373282609056,1084.8515144494568,96.15411706617232,70.77020142451451,14.335804968877346,22.57823225666931,45.168515014939075,1.4004870014002153,1.0,0.8776493898086641,1.0,0.994227598637059,0.8776493898086641,0,nominal,0.0,0.0,0.0,0.0,0.0,0.0,0.0,0.0,0.0,0.0,0.0,0.0
46350,4773.374472110738,95.37080060679182,1084.792630522346,96.19066627391521,70.74419937360003,14.335804968877346,22.581008592779792,45.17406913285972,1.4004870027176608,1.0,0.8769176586765536,1.0,0.994227598637059,0.8769176586765536,0,nominal,0.0,0.0,0.0,0.0,0.0,0.0,0.0,0.0,0.0,0.0,0.0,0.0
46400,4773.3744749126645,95.3978588572433,1084.734189157452,96.22717819719492,70.71798524864509,14.335804968877346,22.58377861769744,45.179610630174096,1.4004870038469004,1.0,0.8761866745216957,1.0,0.994227598637059,0.8761866745216957,0,nominal,0.0,0.0,0.0,0.0,0.0,0.0,0.0,0.0,0.0,0.0,0.0,0.0
46450,4773.374477314316,95.4249075821715,1084.6761773445496,96.26365290023693,70.69155967589937,14.335804968877344,22.586542352711696,45.1851395487376,1.4004870048148197,1.0,0.8754564360561017,0.9999999999999997,0.9942275986370589,0.8754564360561017,0,nominal,0.0,0.0,0.0,0.0,0.0,0.0,0.0,0.0,0.0,0.0,0.0,0.0
46500,4773.374479372875,95.45194678629213,1084.6185825651705,96.30009044709323,70.66492332058168,14.335804968877344,22.589299818977437,45.19065593024136,1.400487005644465,1.0,0.8747269419952614,0.9999999999999997,0.9942275986370589,0.8747269419952614,0,nominal,0.0,0.0,0.0,0.0,0.0,0.0,0.0,0.0,0.0,0.0,0.0,0.0
46550,4773.3744811373535,95.47897647431006,1084.5613927735494,96.336490901643,70.63807688655875,14.335804968877346,22.59205103752149,45.19615981621022,1.4004870063555894,1.0,0.8739981910581355,1.0,0.994227598637059,0.8739981910581355,0,nominal,0.0,0.0,0.0,0.0,0.0,0.0,0.0,0.0,0.0,0.0,0.0,0.0
46600,4773.374482649764,95.50599665091931,1084.504596378306,96.37285432759307,70.61102111599986,14.335804968877348,22.59479602924833,45.201651248001355,1.4004870069651243,1.0,0.8732701819671399,0.9999999999999997,0.994227598637059,0.8732701819671399,0,nominal,0.0,0.0,0.0,0.0,0.0,0.0,0.0,0.0,0.0,0.0,0.0,0.0
46650,4773.374483946116,95.53300732080294,1084.4481822248445,96.40918078847841,70.58375678900923,14.335804968877348,22.597534814944993,45.207130266803084,1.400487007487583,1.0,0.8725429134481385,0.9999999999999997,0.994227598637059,0.8725429134481385,0,nominal,0.0,0.0,0.0,0.0,0.0,0.0,0.0,0.0,0.0,0.0,0.0,0.0
46700,4773.374485057275,95.56000848863317,1084.3921395784341,96.44547034766276,70.5562847232352,14.335804968877348,22.600267415285394,45.21259691363407,1.4004870079354048,1.0,0.8718163842304318,0.9999999999999997,0.994227598637059,0.8718163842304318,0,nominal,0.0,0.0,0.0,0.0,0.0,0.0,0.0,0.0,0.0,0.0,0.0,0.0
46750,4773.374486009697,95.58700015907135,1084.3364581079477,96.48172306833925,70.52860577345791,14.335804968877348,22.60299385083405,45.218051229342706,1.4004870083192524,1.0,0.8710905930467447,0.9999999999999997,0.994227598637059,0.8710905930467447,0,nominal,0.0,0.0,0.0,0.0,0.0,0.0,0.0,0.0,0.0,0.0,0.0,0.0
46800,4773.374486826058,95.613982336768,1084.2811278702325,96.51793901353085,70.50072083115545,14.335804968877346,22.60571414204937,45.2234932546067,1.4004870086482644,1.0,0.870365538633215,1.0,0.994227598637059,0.870365538633215,0,nominal,0.0,0.0,0.0,0.0,0.0,0.0,0.0,0.0,0.0,0.0,0.0,0.0
46850,4773.374487525796,95.6409550263628,1084.226139295089,96.5541182460912,70.47263082404938,14.335804968877346,22.608428309286545,45.22892302993301,1.4004870089302748,1.0,0.869641219729383,1.0,0.994227598637059,0.869641219729383,0,nominal,0.0,0.0,0.0,0.0,0.0,0.0,0.0,0.0,0.0,0.0,0.0,0.0
46900,4773.374488125572,95.66791823248462,1084.1714831708337,96.59026082870503,70.44433671562996,14.335804968877346,22.6111363728001,45.23434059565775,1.4004870091719976,1.0,0.8689176350781759,1.0,0.994227598637059,0.8689176350781759,0,nominal,0.0,0.0,0.0,0.0,0.0,0.0,0.0,0.0,0.0,0.0,0.0,0.0
46950,4773.374488639665,95.6948719597516,1084.11715063042,96.62636682388882,70.41583950466223,14.335804968877346,22.61383835274612,45.23974599194635,1.4004870093791886,1.0,0.8681947834258995,1.0,0.994227598637059,0.8681947834258995,0,nominal,0.0,0.0,0.0,0.0,0.0,0.0,0.0,0.0,0.0,0.0,0.0,0.0
47000,4773.374489080316,95.72181621277105,1084.0631331381032,96.66243629399139,70.38714022467305,14.335804968877348,22.616534269184232,45.24513925879374,1.4004870095567807,1.0,0.8674726635222236,0.9999999999999997,0.994227598637059,0.8674726635222236,0,nominal,0.0,0.0,0.0,0.0,0.0,0.0,0.0,0.0,0.0,0.0,0.0,0.0
47050,4773.374489458018,95.74875099613968,1084.0094224766199,96.69846930119456,70.35823994342003,14.335804968877348,22.619224142079357,45.25052043602473,1.4004870097090028,1.0,0.8667512741201722,0.9999999999999997,0.994227598637059,0.8667512741201722,0,nominal,0.0,0.0,0.0,0.0,0.0,0.0,0.0,0.0,0.0,0.0,0.0,0.0
47100,4773.374489781761,95.7756763144435,1083.956010734867,96.73446590751377,70.3291397623428,14.335804968877348,22.621907991303345,45.25588956329435,1.4004870098394786,1.0,0.8660306139761087,0.9999999999999997,0.994227598637059,0.8660306139761087,0,nominal,0.0,0.0,0.0,0.0,0.0,0.0,0.0,0.0,0.0,0.0,0.0,0.0
47150,4773.3744900592565,95.8025921722579,1083.9028902960586,96.77042617479862,70.29984081599783,14.335804968877346,22.62458583663634,45.26124668008841,1.4004870099513154,1.0,0.8653106818497247,1.0,0.994227598637059,0.8653106818497247,0,nominal,0.0,0.0,0.0,0.0,0.0,0.0,0.0,0.0,0.0,0.0,0.0,0.0
47200,4773.374490297109,95.82949857414769,1083.8500538263438,96.8063501647336,70.27034427147673,14.335804968877346,22.62725769776807,45.26659182572397,1.4004870100471756,1.0,0.8645914765040277,1.0,0.994227598637059,0.8645914765040277,0,nominal,0.0,0.0,0.0,0.0,0.0,0.0,0.0,0.0,0.0,0.0,0.0,0.0
47250,4773.3744905009835,95.85639552466716,1083.7974942638657,96.84223793883865,70.24065132780926,14.335804968877344,22.629923594299054,45.271925039350016,1.4004870101293414,1.0,0.863872996705328,0.9999999999999997,0.9942275986370589,0.863872996705328,0,nominal,0.0,0.0,0.0,0.0,0.0,0.0,0.0,0.0,0.0,0.0,0.0,0.0
47300,4773.374490675732,95.88328302836015,1083.7452048082478,96.8780895584697,70.21076321535172,14.335804968877346,22.632583545741575,45.277246359947945,1.400487010199769,1.0,0.863155241223227,1.0,0.994227598637059,0.863155241223227,0,nominal,0.0,0.0,0.0,0.0,0.0,0.0,0.0,0.0,0.0,0.0,0.0,0.0
47350,4773.374490825517,95.91016108975998,1083.6931789104847,96.91390508481942,70.1806811951612,14.335804968877346,22.635237571520754,45.28255582633244,1.400487010260136,1.0,0.8624382088306061,1.0,0.994227598637059,0.8624382088306061,0,nominal,0.0,0.0,0.0,0.0,0.0,0.0,0.0,0.0,0.0,0.0,0.0,0.0
47400,4773.374490953904,95.93702971338968,1083.6414102632293,96.94968457891781,70.15040655835652,14.335804968877344,22.637885690975324,45.287853477151906,1.4004870103118783,1.0,0.8617218983036117,0.9999999999999997,0.9942275986370589,0.8617218983036117,0,nominal,0.0,0.0,0.0,0.0,0.0,0.0,0.0,0.0,0.0,0.0,0.0,0.0
47450,4773.37449106395,95.96388890376187,1083.5898927914554,96.98542810163269,70.11994062546678,14.335804968877348,22.640527923358597,45.29313935088948,1.4004870103562292,1.0,0.8610063084216438,0.9999999999999997,0.994227598637059,0.8610063084216438,0,nominal,0.0,0.0,0.0,0.0,0.0,0.0,0.0,0.0,0.0,0.0,0.0,0.0
47500,4773.374491158275,95.9907386653789,1083.5386206434823,97.02113571367056,70.0892847457679,14.335804968877348,22.643164287839106,45.298413485863534,1.4004870103942448,1.0,0.8602914379673462,0.9999999999999997,0.994227598637059,0.8602914379673462,0,nominal,0.0,0.0,0.0,0.0,0.0,0.0,0.0,0.0,0.0,0.0,0.0,0.0
47550,4773.374491239126,96.01757900273287,1083.4875881823505,97.05680747557687,70.058440296608,14.335804968877346,22.64579480350139,45.30367592022851,1.4004870104268292,1.0,0.8595772857265888,1.0,0.994227598637059,0.8595772857265888,0,nominal,0.0,0.0,0.0,0.0,0.0,0.0,0.0,0.0,0.0,0.0,0.0,0.0
47600,4773.374491308426,96.04440992030567,1083.4367899775298,97.09244344773703,70.02740868272289,14.335804968877346,22.648419489346665,45.30892669197574,1.4004870104547589,1.0,0.8588638504884625,1.0,0.994227598637059,0.8588638504884625,0,nominal,0.0,0.0,0.0,0.0,0.0,0.0,0.0,0.0,0.0,0.0,0.0,0.0
47650,4773.374491367826,96.07123142256904,1083.38622079695,97.12804369037661,69.99646385939727,14.335804968877348,22.65103836429348,45.314165838934166,1.4004870104786984,1.0,0.8581511310452595,0.9999999999999997,0.994227598637059,0.8581511310452595,0,nominal,0.0,0.0,0.0,0.0,0.0,0.0,0.0,0.0,0.0,0.0,0.0,0.0
47700,4773.37449141874,96.09804351398469,1083.3358755993431,97.16360826356225,69.96597095146048,14.335804968877346,22.653651447178287,45.31939339877113,1.4004870104992178,1.0,0.8574391261924678,1.0,0.994227598637059,0.8574391261924678,0,nominal,0.0,0.0,0.0,0.0,0.0,0.0,0.0,0.0,0.0,0.0,0.0,0.0
47750,4773.374491462381,96.12484619900425,1083.2857495268795,97.19913722720207,69.93529324265421,14.335804968877348,22.65625875675607,45.324609408993226,1.400487010516806,1.0,0.8567278347287549,0.9999999999999997,0.994227598637059,0.8567278347287549,0,nominal,0.0,0.0,0.0,0.0,0.0,0.0,0.0,0.0,0.0,0.0,0.0,0.0
47800,4773.374491499788,96.15163948206936,1083.2358378980916,97.23463064104641,69.90443224672703,14.335804968877344,22.65886031170086,45.329813906946974,1.4004870105318816,1.0,0.8560172554559585,0.9999999999999997,0.9942275986370589,0.8560172554559585,0,nominal,0.0,0.0,0.0,0.0,0.0,0.0,0.0,0.0,0.0,0.0,0.0,0.0
47850,4773.37449153185,96.17842336761163,1083.186136201074,97.27008856468836,69.87338950123403,14.335804968877346,22.66145613060632,45.3350069298198,1.400487010544804,1.0,0.8553073871790718,1.0,0.994227598637059,0.8553073871790718,0,nominal,0.0,0.0,0.0,0.0,0.0,0.0,0.0,0.0,0.0,0.0,0.0,0.0
47900,4773.3744915593325,96.20519786005286,1083.1366400869456,97.30551105756439,69.84216656680526,14.335804968877346,22.664046231986195,45.340188514640616,1.4004870105558795,1.0,0.8545982287062327,1.0,0.994227598637059,0.8545982287062327,0,nominal,0.0,0.0,0.0,0.0,0.0,0.0,0.0,0.0,0.0,0.0,0.0,0.0
47950,4773.374491582888,96.23196296380502,1083.087345363565,97.34089817895483,69.8107650264098,14.335804968877348,22.666630634274902,45.345358698280876,1.4004870105653733,1.0,0.8538897788487122,0.9999999999999997,0.994227598637059,0.8538897788487122,0,nominal,0.0,0.0,0.0,0.0,0.0,0.0,0.0,0.0,0.0,0.0,0.0,0.0
48000,4773.374491603079,96.25871868327016,1083.0382479894915,97.37624998798458,69.77918648461426,14.335804968877346,22.669209355827956,45.3505175174552,1.4004870105735108,1.0,0.8531820364209034,1.0,0.994227598637059,0.8531820364209034,0,nominal,0.0,0.0,0.0,0.0,0.0,0.0,0.0,0.0,0.0,0.0,0.0,0.0
48050,4746.03306090584,96.28274286419673,1083.1984576335658,97.40903254317135,69.7474325668387,14.335804968877346,21.068551497745233,42.14834751244741,1.3371594836151868,1.0,0.8524750002403084,1.0,0.994227598637059,0.8524750002403084,0,nominal,0.0,0.0,0.0,0.0,0.0,0.0,0.0,0.0,0.0,0.0,0.0,0.0
48100,4695.388338248693,96.30393833605245,1083.54878462553,97.43893394188393,69.49017180441969,14.335804968877346,19.451402316721335,39.1373611061758,1.268594997959506,1.0,0.851819349136573,1.0,0.994227598637059,0.851819349136573,0,nominal,0.0,0.0,0.0,0.0,0.0,0.0,0.0,0.0,0.0,0.0,0.0,0.0
48150,4624.907635200507,96.3222780756679,1084.0711148282167,97.46574414919053,69.0076564651498,14.335804968877346,17.85189186277037,36.30647727716959,1.1967707114375752,1.0,0.8512213211623214,1.0,0.994227598637059,0.8512213211623214,0,nominal,0.0,0.0,0.0,0.0,0.0,0.0,0.0,0.0,0.0,0.0,0.0,0.0
48200,4537.569598868638,96.33778922829754,1084.7485681292978,97.48933683916198,68.28329355369927,14.335804968877346,16.295189208492097,33.645557261427875,1.1232757844233885,1.0,0.8506851170161894,1.0,0.994227598637059,0.8506851170161894,0,nominal,0.0,0.0,0.0,0.0,0.0,0.0,0.0,0.0,0.0,0.0,0.0,0.0
48250,4435.934738300643,96.35054065299693,1085.5654794578709,97.50965429392437,67.29986306585359,14.335804968877348,14.799721506956972,31.14595313054273,1.0493897474015392,1.0,0.8502132632167604,0.9999999999999997,0.994227598637059,0.8502132632167604,0,nominal,0.0,0.0,0.0,0.0,0.0,0.0,0.0,0.0,0.0,0.0,0.0,0.0
48300,4322.206000613095,96.360633083484,1086.5072680350208,97.52669475636685,66.05270484227637,14.335804968877346,13.378774224171137,28.800667853418197,0.9761404850858449,1.0,0.8498069141215125,1.0,0.994227598637059,0.8498069141215125,0,nominal,0.0,0.0,0.0,0.0,0.0,0.0,0.0,0.0,0.0,0.0,0.0,0.0
48350,4198.2808494722385,96.36819123636906,1087.560239908158,97.54050176179402,64.55590726920018,14.335804968877346,12.04164449341345,26.60429295332342,0.9043479633669295,1.0,0.8431351243876251,1.0,0.994227598637059,0.8431351243876251,0,nominal,0.0,0.0,0.0,0.0,0.0,0.0,0.0,0.0,0.0,0.0,0.0,0.0
48400,4065.796101472061,96.37335738629429,1088.6825247096222,97.55115508405788,62.83956013066459,14.335804968877346,10.794478852164623,24.55283096611646,0.8346581453872409,1.0,0.809324277393773,1.0,0.994227598637059,0.809324277393773,0,nominal,0.0,0.0,0.0,0.0,0.0,0.0,0.0,0.0,0.0,0.0,0.0,0.0
48450,3926.1666115546614,96.37628606714253,1089.722366083863,97.55876301860019,60.94148391450592,14.335804968877346,9.640891680356761,22.64347048077642,0.767570191106254,1.0,0.7719334937426487,1.0,0.994227598637059,0.7719334937426487,0,nominal,0.0,0.0,0.0,0.0,0.0,0.0,0.0,0.0,0.0,0.0,0.0,0.0
48500,3780.6187647051,96.37713965899087,1090.685822570726,97.563455790322,58.89913150915492,14.335804968877346,8.58243295929507,20.874355538657156,0.7034590244461848,1.0,0.7317005693333326,1.0,0.994227598637059,0.7317005693333326,0,nominal,0.0,0.0,0.0,0.0,0.0,0.0,0.0,0.0,0.0,0.0,0.0,0.0
48550,3630.2196275403257,96.37608469111996,1091.5786460266904,97.56537992231,56.74492409996577,14.335804968877346,7.61895311491682,19.24437439836373,0.6425946329856085,1.0,0.6892641790077363,1.0,0.994227598637059,0.6892641790077363,0,nominal,0.0,0.0,0.0,0.0,0.0,0.0,0.0,0.0,0.0,0.0,0.0,0.0
48600,3475.9025430513702,96.37328874018743,1092.4062815996022,97.56469343644443,54.50497093104314,14.335804968877346,6.748897595917366,17.75298229334461,0.585158971588917,1.0,0.6451386567474463,1.0,0.994227598637059,0.6451386567474463,0,nominal,0.0,0.0,0.0,0.0,0.0,0.0,0.0,0.0,0.0,0.0,0.0,0.0
48650,3318.4899231914637,96.3689178361077,1093.1738737739156,97.56156178255037,52.19971041255366,14.335804968877346,5.969553248108861,16.40006695905968,0.5312610135465936,1.0,0.5997266250426492,1.0,0.994227598637059,0.5997266250426492,0,nominal,0.0,0.0,0.0,0.0,0.0,0.0,0.0,0.0,0.0,0.0,0.0,0.0
48700,3158.714026821979,96.36313431125711,1093.8862760096017,97.5561544121365,49.84519065851706,14.335804968877346,5.2772614132714715,15.185863317659692,0.48095028434284165,1.0,0.5533442205975574,1.0,0.994227598637059,0.5533442205975574,0,nominal,0.0,0.0,0.0,0.0,0.0,0.0,0.0,0.0,0.0,0.0,0.0,0.0
48750,3021.7632585052784,96.35676250297092,1094.5652823848354,97.5492632509384,47.45432054657143,14.335804968877344,5.060711254690941,15.299337735018918,0.4478170121708667,1.0,0.5062457393391919,0.9999999999999997,0.9942275986370589,0.5062457393391919,0,nominal,0.0,0.0,0.0,0.0,0.0,0.0,0.0,0.0,0.0,0.0,0.0,0.0
48800,2904.376885662392,96.34989200268001,1095.2144911395367,97.54113689457165,45.40558280505823,14.335804968877346,4.868795623013768,15.38623956974302,0.42028174030938836,1.0,0.46588702824072814,1.0,0.994227598637059,0.46588702824072814,0,nominal,0.0,0.0,0.0,0.0,0.0,0.0,0.0,0.0,0.0,0.0,0.0,0.0
48850,2803.7599946542036,96.3425987859967,1095.8370487402894,97.53197957879513,43.650711473072896,14.335804968877348,4.699988437397002,15.453085224148916,0.39731268647470286,1.0,0.4313172813827132,0.9999999999999997,0.994227598637059,0.4313172813827132,0,nominal,0.0,0.0,0.0,0.0,0.0,0.0,0.0,0.0,0.0,0.0,0.0,0.0
48900,2717.5169452186133,96.33494715901486,1096.4356959457546,97.52195965985067,42.14791826955194,14.335804968877346,4.552331249816507,15.50473697566316,0.3780878341330884,1.0,0.4017132986412031,1.0,0.994227598637059,0.4017132986412031,0,nominal,0.0,0.0,0.0,0.0,0.0,0.0,0.0,0.0,0.0,0.0,0.0,0.0
48950,2643.594331416679,96.32699150583636,1097.0128134198317,97.511216389965,40.861252197377,14.335804968877346,4.423712522686779,15.544831454505923,0.361948193692515,1.0,0.37636687033322974,1.0,0.994227598637059,0.37636687033322974,0,nominal,0.0,0.0,0.0,0.0,0.0,0.0,0.0,0.0,0.0,0.0,0.0,0.0
49000,2580.2320910150206,96.31877781538702,1097.570464977788,97.49986533488226,39.75985735328794,14.335804968877346,4.31203265388313,15.576095851394689,0.34836224941891825,1.0,0.35467015658738144,1.0,0.994227598637059,0.35467015658738144,0,nominal,0.0,0.0,0.0,0.0,0.0,0.0,0.0,0.0,0.0,0.0,0.0,0.0
49050,2525.921599242171,96.31034499284499,1098.1104374849929,97.48800271338831,38.81727523482596,14.335804968877346,4.215296966016972,15.600581461134107,0.33689878358389796,1.0,0.3361019432749799,1.0,0.994227598637059,0.3361019432749799,0,nominal,0.0,0.0,0.0,0.0,0.0,0.0,0.0,0.0,0.0,0.0,0.0,0.0
49100,2479.369749151157,96.30172597401543,1098.6342769936819,97.47570888238596,38.01082606128409,14.335804968877346,4.131663690174131,15.619836332571849,0.3272059954023063,1.0,0.32021545446234545,1.0,0.994227598637059,0.32021545446234545,0,nominal,0.0,0.0,0.0,0.0,0.0,0.0,0.0,0.0,0.0,0.0,0.0,0.0
49150,2439.4681633588593,96.29294866597547,1099.1433210418854,97.46305114475649,37.32107140395869,14.335804968877346,4.059464233248272,15.635033038071262,0.3189953670018637,1.0,0.30662776659984,1.0,0.994227598637059,0.30662776659984,0,nominal,0.0,0.0,0.0,0.0,0.0,0.0,0.0,0.0,0.0,0.0,0.0,0.0
49200,2405.2668041083184,96.28403673799062,1099.6387272366987,97.45008601987274,36.73135124541474,14.335804968877346,3.9972067614896187,15.647063344548384,0.31202912355335055,1.0,0.2950106889108058,1.0,0.994227598637059,0.2950106889108058,0,nominal,0.0,0.0,0.0,0.0,0.0,0.0,0.0,0.0,0.0,0.0,0.0,0.0
49250,2375.95135332214,96.27501028521357,1100.1214983545506,97.43686108684733,36.22738651972132,14.335804968877346,3.943570110307217,15.656608458058932,0.3061104268185432,1.0,0.28508293371015486,1.0,0.994227598637059,0.28508293371015486,0,nominal,0.0,0.0,0.0,0.0,0.0,0.0,0.0,0.0,0.0,0.0,0.0,0.0
49300,2350.8238240768446,96.2658863852539,1100.5925042468575,97.42341648707543,35.796938364631615,14.335804968877346,3.8973924426907613,15.6641912273815,0.3010756577436862,1.0,0.2766034039088925,1.0,0.994227598637059,0.2766034039088925,0,nominal,0.0,0.0,0.0,0.0,0.0,0.0,0.0,0.0,0.0,0.0,0.0,0.0
49350,2329.2859418665917,96.25667956501616,1101.0525008610302,97.40978615415315,35.42951616462257,14.335804968877346,3.8576574143797617,15.670215010554605,0.29678830417805463,1.0,0.2693654416646989,1.0,0.994227598637059,0.2693654416646989,0,nominal,0.0,0.0,0.0,0.0,0.0,0.0,0.0,0.0,0.0,0.0,0.0,0.0
49400,2310.824899972089,96.24740219259763,1101.5021466872358,97.39599882479496,35.11612744807376,14.335804968877346,3.8234795350100166,15.674992671442446,0.29313408895834075,1.0,0.2631919015299963,1.0,0.994227598637059,0.2631919015299963,0,nominal,0.0,0.0,0.0,0.0,0.0,0.0,0.0,0.0,0.0,0.0,0.0,0.0
49450,2295.001149776801,96.23806480667525,1101.9420169289747,97.38207887308278,34.849063643334006,14.335804968877346,3.7940897299872542,15.678768263288825,0.2900170622658701,1.0,0.25793092999520756,1.0,0.994227598637059,0.25793092999520756,0,nominal,0.0,0.0,0.0,0.0,0.0,0.0,0.0,0.0,0.0,0.0,0.0,0.0
49500,2281.437935323697,96.22867639375033,1102.3726156758744,97.36804700156722,34.621716542359344,14.335804968877346,3.768821671867179,15.6817332863086,0.2873564482992702,1.0,0.25345234994985105,1.0,0.994227598637059,0.25345234994985105,0,nominal,0.0,0.0,0.0,0.0,0.0,0.0,0.0,0.0,0.0,0.0,0.0,0.0
49550,2269.812322935322,96.21924462186621,1102.794386333669,97.3539208158598,34.42842105728011,14.335804968877346,3.7470991747865336,15.684038913069731,0.28508408578121874,1.0,0.24964456309608415,1.0,0.994227598637059,0.24964456309608415,0,nominal,0.0,0.0,0.0,0.0,0.0,0.0,0.0,0.0,0.0,0.0,0.0,0.0
49600,2259.847512316715,96.20977603794194,1103.207720541462,97.33971530397417,34.26432049074323,14.335804968877346,3.728424774175967,15.685805212009969,0.2831423389595829,1.0,0.2464118958679866,1.0,0.994227598637059,0.2464118958679866,0,nominal,0.0,0.0,0.0,0.0,0.0,0.0,0.0,0.0,0.0,0.0,0.0,0.0
49650,2251.3062460721944,96.20027623464335,1103.6129657815636,97.32544323745333,34.12525108612485,14.335804968877346,3.7123695097403906,15.687128131573159,0.2814823837563527,1.0,0.24367232515090545,1.0,0.994227598637059,0.24367232515090545,0,nominal,0.0,0.0,0.0,0.0,0.0,0.0,0.0,0.0,0.0,0.0,0.0,0.0
49700,2243.9851607197484,96.19074999170078,1104.0104318634103,97.31111550800239,34.00764309041285,14.335804968877346,3.698563868570042,15.68808480990095,0.28006279490929764,1.0,0.24135552928893028,1.0,0.994227598637059,0.24135552928893028,0,nominal,0.0,0.0,0.0,0.0,0.0,0.0,0.0,0.0,0.0,0.0,0.0,0.0
49750,2237.709944703366,96.18120139575171,1104.4003964408348,97.29674141072707,33.908435961636314,14.335804968877348,3.686689811667031,15.688737629222226,0.27884837607180357,1.0,0.23940121773012482,0.9999999999999997,0.994227598637059,0.23940121773012482,0,nominal,0.0,0.0,0.0,0.0,0.0,0.0,0.0,0.0,0.0,0.0,0.0,0.0
49800,2232.3311881178956,96.17163394210036,1104.783109701605,97.28232888300062,33.825005693885736,14.335804968877346,3.6764737909978864,15.689137326402118,0.2778091871635797,1.0,0.23775769937988153,1.0,0.994227598637059,0.23775769937988153,0,nominal,0.0,0.0,0.0,0.0,0.0,0.0,0.0,0.0,0.0,0.0,0.0,0.0
49850,2227.7208253303493,96.16205062122293,1105.1587983497739,97.26788470632965,33.755102524642396,14.335804968877346,3.667680658816854,15.689325391508527,0.2769197327439694,1.0,0.23638065547855952,1.0,0.994227598637059,0.23638065547855952,0,nominal,0.0,0.0,0.0,0.0,0.0,0.0,0.0,0.0,0.0,0.0,0.0,0.0
49900,2223.769085798167,96.15245399238131,1105.5276689849766,97.25341467726588,33.69679753855163,14.335804968877346,3.6601083721682124,15.68933592734769,0.2761582825111753,1.0,0.23523208773289025,1.0,0.994227598637059,0.23523208773289025,0,nominal,0.0,0.0,0.0,0.0,0.0,0.0,0.0,0.0,0.0,0.0,0.0,0.0
49950,2220.381880484868,96.14284624632552,1105.8899109683375,97.2389237523468,33.64843689511441,14.335804968877348,3.6535834004036722,15.68919709927607,0.2755063007357106,1.0,0.23427941663328092,0.9999999999999997,0.994227598637059,0.23427941663328092,0,nominal,0.0,0.0,0.0,0.0,0.0,0.0,0.0,0.0,0.0,0.0,0.0,0.0
50000,2217.478561644897,96.13322925874587,1106.2456988519134,97.22441617118915,33.608602590305814,14.335804968877344,3.647956750472108,15.688932272217054,0.2749479659033372,1.0,0.23349470848494044,0.9999999999999997,0.9942275986370589,0.23349470848494044,0,nominal,0.0,0.0,0.0,0.0,0.0,0.0,0.0,0.0,0.0,0.0,0.0,0.0
50050,2214.990002639208,96.12360463587322,1106.5951944375274,97.20989556116024,33.57607881834608,14.335804968877346,3.6431005325328916,15.68856090775168,0.2744697653623665,1.0,0.23285401275812398,1.0,0.994227598637059,0.23285401275812398,0,nominal,0.0,0.0,0.0,0.0,0.0,0.0,0.0,0.0,0.0,0.0,0.0,0.0
50100,2212.856952062903,96.11397375340596,1106.9385485212347,97.19536502648293,33.54982313357902,14.335804968877346,3.6389049964168216,15.688099276244055,0.2740601525609331,1.0,0.23233679399715954,1.0,0.994227598637059,0.23233679399715954,0,nominal,0.0,0.0,0.0,0.0,0.0,0.0,0.0,0.0,0.0,0.0,0.0,0.0
50150,2211.0286229974986,96.1043377897584,1107.2759023713506,97.18082722416227,33.528941726915896,14.335804968877346,3.6352759771939764,15.687561025603836,0.2737092566865082,1.0,0.2319254447835584,1.0,0.994227598637059,0.2319254447835584,0,nominal,0.0,0.0,0.0,0.0,0.0,0.0,0.0,0.0,0.0,0.0,0.0,0.0
50200,2209.4614837985805,96.09469775447405,1107.6073889808367,97.16628442873741,33.51266822936422,14.335804968877346,3.632132695370842,15.686957638303161,0.27340863630743234,1.0,0.2316048681802474,1.0,0.994227598637059,0.2316048681802474,0,nominal,0.0,0.0,0.0,0.0,0.0,0.0,0.0,0.0,0.0,0.0,0.0,0.0
50250,2208.1182216280795,96.0850545125162,1107.9331341287052,97.1517385875436,33.5003455391527,14.335804968877348,3.6294058639100015,15.686298800779992,0.27315107005974787,1.0,0.23136211973854806,0.9999999999999997,0.994227598637059,0.23136211973854806,0,nominal,0.0,0.0,0.0,0.0,0.0,0.0,0.0,0.0,0.0,0.0,0.0,0.0
50300,2206.9668540533644,96.07540880504285,1108.253257279871,97.13719136790496,33.49141024092094,14.335804968877346,3.627036060299457,15.685592703734564,0.272930378594971,1.0,0.23118610056703245,1.0,0.994227598637059,0.23118610056703245,0,nominal,0.0,0.0,0.0,0.0,0.0,0.0,0.0,0.0,0.0,0.0,0.0,0.0
50350,2205.9799675607514,96.06576126717977,1108.5678723483875,97.12264419745838,33.485379247090414,14.335804968877346,3.6249723272946555,15.684846287582516,0.2727412729617348,1.0,0.2310672941758038,1.0,0.994227598637059,0.2310672941758038,0,nominal,0.0,0.0,0.0,0.0,0.0,0.0,0.0,0.0,0.0,0.0,0.0,0.0
50400,2205.134064852797,96.05611244323,1108.877088345214,97.10809829862467,33.48183834435975,14.335804968877346,3.6231709707416195,15.68406544411766,0.2725792253798891,1.0,0.23099754085040802,1.0,0.994227598637059,0.23099754085040802,0,nominal,0.0,0.0,0.0,0.0,0.0,0.0,0.0,0.0,0.0,0.0,0.0,0.0
50450,2204.4090053888362,96.0464627996929,1109.181009928394,97.09355471808817,33.480432373538,14.335804968877346,3.6215945271057675,15.683255182997186,0.2724403590134853,1.0,0.230969844201365,1.0,0.994227598637059,0.230969844201365,0,nominal,0.0,0.0,0.0,0.0,0.0,0.0,0.0,0.0,0.0,0.0,0.0,0.0
50500,2203.7875258482986,96.03681273641035,1109.479737870789,97.07901435201705,33.480856809726355,14.335804968877346,3.6202108770272896,15.682419769800585,0.27232135388560846,1.0,0.23097820529959548,1.0,0.994227598637059,0.23097820529959548,0,nominal,0.0,0.0,0.0,0.0,0.0,0.0,0.0,0.0,0.0,0.0,0.0,0.0
50550,2203.2548290992663,96.02716259611111,1109.7733694581602,97.06447796764564,33.48285054311057,14.335804968877348,3.6189924844513284,15.68156284098588,0.27221936652414364,1.0,0.231017480463044,0.9999999999999997,0.994227598637059,0.231017480463044,0,nominal,0.0,0.0,0.0,0.0,0.0,0.0,0.0,0.0,0.0,0.0,0.0,0.0
50600,2202.79823188581,96.01751267258521,1110.0619988284175,97.04994622174894,33.4861896891309,14.335804968877346,3.617915743690333,15.680687499966835,0.2721319612998561,1.0,0.23108325932132312,1.0,0.994227598637059,0.23108325932132312,0,nominal,0.0,0.0,0.0,0.0,0.0,0.0,0.0,0.0,0.0,0.0,0.0,0.0
50650,2202.4068628457044,96.00786321768555,1110.345717261171,97.03541967645987,33.49068228122477,14.335804968877346,3.616960419214675,15.679796397682715,0.2720570517298687,1.0,0.23117176026642988,1.0,0.994227598637059,0.23117176026642988,0,nominal,0.0,0.0,0.0,0.0,0.0,0.0,0.0,0.0,0.0,0.0,0.0,0.0
50700,2202.0714036684712,95.99821444732589,1110.624613425307,97.02089881281455,33.496163720283306,14.335804968877346,3.6161091650803225,15.678891800368303,0.271992850281346,1.0,0.2312797408101982,1.0,0.994227598637059,0.2312797408101982,0,nominal,0.0,0.0,0.0,0.0,0.0,0.0,0.0,0.0,0.0,0.0,0.0,0.0
50750,2201.783867230843,95.98856654661967,1110.8987735910937,97.00638404235355,33.50249287291418,14.335804968877346,3.615347112729436,15.677975646711497,0.2719378254305466,1.0,0.2314044207227862,1.0,0.994227598637059,0.2314044207227862,0,nominal,0.0,0.0,0.0,0.0,0.0,0.0,0.0,0.0,0.0,0.0,0.0,0.0
50800,2201.5374074271617,95.97891967428268,1111.1682818123327,96.9918757170596,33.509548725995934,14.335804968877346,3.6146615174777597,15.677049596176044,0.271890664918343,1.0,0.2315434161297187,1.0,0.994227598637059,0.2315434161297187,0,nominal,0.0,0.0,0.0,0.0,0.0,0.0,0.0,0.0,0.0,0.0,0.0,0.0
50850,2201.3261561668633,95.96927396640609,1111.4332200831823,96.97737413787166,33.517227518202546,14.335804968877346,3.614041455363576,15.676115069941302,0.27185024430053095,1.0,0.23169468300491322,1.0,0.994227598637059,0.23169468300491322,0,nominal,0.0,0.0,0.0,0.0,0.0,0.0,0.0,0.0,0.0,0.0,0.0,0.0
50900,2201.145083658036,95.95962953968905,1111.6936684735779,96.96287956197955,33.52544028048989,14.335804968877344,3.61347756320594,15.675173285651594,0.2718156000244333,1.0,0.23185646871997026,0.9999999999999997,0.9942275986370589,0.23185646871997026,0,nominal,0.0,0.0,0.0,0.0,0.0,0.0,0.0,0.0,0.0,0.0,0.0,0.0
50950,2200.98987865047,95.94998649420938,1111.9497052465522,96.9483922090746,33.534110727234435,14.335804968877346,3.612961815729681,15.674225286959283,0.27178590637630085,1.0,0.23202727050107055,1.0,0.994227598637059,0.23202727050107055,0,nominal,0.0,0.0,0.0,0.0,0.0,0.0,0.0,0.0,0.0,0.0,0.0,0.0
51000,2200.856845786842,95.94034491579805,1112.2014069602446,96.93391226670639,33.543173448028384,14.335804968877346,3.6124873344834634,15.673271968677135,0.27176045574000934,1.0,0.23220579980859382,1.0,0.994227598637059,0.23220579980859382,0,nominal,0.0,0.0,0.0,0.0,0.0,0.0,0.0,0.0,0.0,0.0,0.0,0.0
51050,2200.742817618018,95.93070487807398,1112.4488485569486,96.91943989487328,33.552572357265824,14.335804968877346,3.6120482240244174,15.672314098219157,0.2717386416892175,1.0,0.232390951795043,1.0,0.994227598637059,0.232390951795043,0,nominal,0.0,0.0,0.0,0.0,0.0,0.0,0.0,0.0,0.0,0.0,0.0,0.0
51100,2200.6450791875973,95.92106644418817,1112.6921034411835,96.90497522995696,33.56225936476485,14.335804968877346,3.611639431484912,15.671352333897184,0.2717199445046834,1.0,0.23258177911722283,1.0,0.994227598637059,0.23258177911722283,0,nominal,0.0,0.0,0.0,0.0,0.0,0.0,0.0,0.0,0.0,0.0,0.0,0.0
51150,2200.5613033900936,95.91142966831865,1112.931243548463,96.8905183880945,33.57219323591373,14.335804968877346,3.611256626188704,15.670387240548694,0.27170391876769845,1.0,0.23277746948191097,1.0,0.994227598637059,0.23277746948191097,0,nominal,0.0,0.0,0.0,0.0,0.0,0.0,0.0,0.0,0.0,0.0,0.0,0.0
51200,2200.489495563662,95.90179459695179,1113.1663394061734,96.87606946806886,33.58233861431961,14.335804968877346,3.610896096457538,15.669419302896035,0.2716901827311528,1.0,0.23297732639271548,1.0,0.994227598637059,0.23297732639271548,0,nominal,0.0,0.0,0.0,0.0,0.0,0.0,0.0,0.0,0.0,0.0,0.0,0.0
51250,2200.427945998149,95.89216126998048,1113.3974601877512,96.86162855378637,33.59266518379274,14.335804968877346,3.61055466115598,15.668448936974244,0.2716784092128856,1.0,0.2331807526417464,1.0,0.994227598637059,0.2331807526417464,0,nominal,0.0,0.0,0.0,0.0,0.0,0.0,0.0,0.0,0.0,0.0,0.0,0.0
51300,2200.3751892277096,95.88252972164548,1113.6246737611668,96.84719571640062,33.60314694980138,14.335804968877346,3.6102295938713675,15.667476499912365,0.27166831779282646,1.0,0.23338723615477627,1.0,0.994227598637059,0.23338723615477627,0,nominal,0.0,0.0,0.0,0.0,0.0,0.0,0.0,0.0,0.0,0.0,0.0,0.0
51350,2200.3299691387615,95.87289998134247,1113.8480467325585,96.83277101613288,33.613761623364674,14.335804968877344,3.6099185579254827,15.666502298310098,0.2716596681269175,1.0,0.23359633785435696,0.9999999999999997,0.9942275986370589,0.23359633785435696,0,nominal,0.0,0.0,0.0,0.0,0.0,0.0,0.0,0.0,0.0,0.0,0.0,0.0
51400,2200.29120906252,95.86327207431361,1114.067644485734,96.81835450383267,33.624490092780086,14.335804968877346,3.6096195506714595,15.665526595414365,0.27165225421772304,1.0,0.2338076812532175,1.0,0.994227598637059,0.2338076812532175,0,nominal,0.0,0.0,0.0,0.0,0.0,0.0,0.0,0.0,0.0,0.0,0.0,0.0
51450,2200.2579861400277,95.85364602224041,1114.2835312181483,96.80394622231563,33.63531597066244,14.335804968877346,3.609330855750071,15.664549617270286,0.27164589950465057,1.0,0.2340209435312475,1.0,0.994227598637059,0.2340209435312475,0,nominal,0.0,0.0,0.0,0.0,0.0,0.0,0.0,0.0,0.0,0.0,0.0,0.0
51500,2200.22950934932,95.8440218437521,1114.4957699738538,96.78954620751045,33.64622520555872,14.335804968877346,3.609051002168604,15.663571557994649,0.27164045265639514,1.0,0.2342358478845784,1.0,0.994227598637059,0.2342358478845784,0,nominal,0.0,0.0,0.0,0.0,0.0,0.0,0.0,0.0,0.0,0.0,0.0,0.0
51550,2200.20510067157,95.83439955486125,1114.7044226738717,96.775154489442,33.657205748931716,14.335804968877346,3.6087787292277764,15.662592584298483,0.27163578396507204,1.0,0.23445215696539198,1.0,0.994227598637059,0.23445215696539198,0,nominal,0.0,0.0,0.0,0.0,0.0,0.0,0.0,0.0,0.0,0.0,0.0,0.0
51600,2200.184178947785,95.82477916933709,1114.9095501443276,96.76077109307414,33.66824726961935,14.335804968877346,3.608512956461257,15.66161283936649,0.2716317822559194,1.0,0.23466966725696825,1.0,0.994227598637059,0.23466966725696825,0,nominal,0.0,0.0,0.0,0.0,0.0,0.0,0.0,0.0,0.0,0.0,0.0,0.0
51650,2200.1662460416833,95.8151606990258,1115.1112121426786,96.74639603903239,33.67934090900153,14.335804968877346,3.608252757871587,15.660632446185469,0.27162835223880144,1.0,0.23488820425064186,1.0,0.994227598637059,0.23488820425064186,0,nominal,0.0,0.0,0.0,0.0,0.0,0.0,0.0,0.0,0.0,0.0,0.0,0.0
51700,2200.15087497931,95.80554415412485,1115.309467382273,96.7320293442234,33.690479071070804,14.335804968877346,3.6079973398486054,15.659651510400515,0.2716254122383074,1.0,0.23510761831033974,1.0,0.994227598637059,0.23510761831033974,0,nominal,0.0,0.0,0.0,0.0,0.0,0.0,0.0,0.0,0.0,0.0,0.0,0.0
51750,2200.1376997829907,95.79592954341837,1115.5043735554755,96.71767102236606,33.7016552424311,14.335804968877348,3.6077460222441515,15.658670122766358,0.2716228922483006,1.0,0.23532778112668146,0.9999999999999997,0.994227598637059,0.23532778112668146,0,nominal,0.0,0.0,0.0,0.0,0.0,0.0,0.0,0.0,0.0,0.0,0.0,0.0
51800,2200.126406757574,95.78631687447859,1115.695987355537,96.70332108444671,33.71286383795792,14.335804968877344,3.607498222151985,15.657688361251493,0.27162073226451944,1.0,0.23554858267659204,0.9999999999999997,0.9942275986370589,0.23554858267659204,0,nominal,0.0,0.0,0.0,0.0,0.0,0.0,0.0,0.0,0.0,0.0,0.0,0.0
51850,2200.1167270215024,95.77670615383892,1115.8843644973645,96.68897953910965,33.72410006846131,14.335804968877348,3.6072534400062723,15.656706292844433,0.2716188808554726,1.0,0.2357699286163545,0.9999999999999997,0.994227598637059,0.2357699286163545,0,nominal,0.0,0.0,0.0,0.0,0.0,0.0,0.0,0.0,0.0,0.0,0.0,0.0
51900,2200.1084301048695,95.76709738714209,1116.069559737332,96.67464639299152,33.73535982721557,14.335804968877346,3.6070112476672964,15.655723975104467,0.2716172939375634,1.0,0.2359917380463237,1.0,0.994227598637059,0.2359917380463237,0,nominal,0.0,0.0,0.0,0.0,0.0,0.0,0.0,0.0,0.0,0.0,0.0,0.0
51950,2200.1013184620415,95.75749057926703,1116.2516268922336,96.66032165100853,33.74663959266515,14.335804968877346,3.6067712782103127,15.65474145749307,0.27161593372524756,1.0,0.2362139415943004,1.0,0.994227598637059,0.2362139415943004,0,nominal,0.0,0.0,0.0,0.0,0.0,0.0,0.0,0.0,0.0,0.0,0.0,0.0
52000,2200.0952227681887,95.74788573443806,1116.4306188574883,96.64600531660221,33.75793634500119,14.335804968877346,3.6065332171741513,15.653758782517238,0.2716147678312068,1.0,0.2364364797721467,1.0,0.994227598637059,0.2364364797721467,0,nominal,0.0,0.0,0.0,0.0,0.0,0.0,0.0,0.0,0.0,0.0,0.0,0.0
52050,2200.0899978877437,95.73828285631794,1116.6065876246626,96.63169739195041,33.76924749463121,14.335804968877346,3.606296795060854,15.652775986711088,0.27161376849509566,1.0,0.2366593015666885,1.0,0.994227598637059,0.2366593015666885,0,nominal,0.0,0.0,0.0,0.0,0.0,0.0,0.0,0.0,0.0,0.0,0.0,0.0
52100,2200.0855194187907,95.72868194808808,1116.7795842983946,96.61739787814798,33.78057082084615,14.335804968877346,3.6060617809075857,15.651793101479,0.27161291192248976,1.0,0.23688236323149925,1.0,0.994227598637059,0.23688236323149925,0,nominal,0.0,0.0,0.0,0.0,0.0,0.0,0.0,0.0,0.0,0.0,0.0,0.0
52150,2200.0816807311166,95.7190830125171,1116.9496591127681,96.60310677536194,33.7919044192314,14.335804968877346,3.6058279767774595,15.650810153819492,0.2716121777182832,1.0,0.23710562725093315,1.0,0.994227598637059,0.23710562725093315,0,nominal,0.0,0.0,0.0,0.0,0.0,0.0,0.0,0.0,0.0,0.0,0.0,0.0
52200,2200.0783904273962,95.70948605201966,1117.1168614471894,96.58882408296415,33.80324665657487,14.335804968877344,3.6055952130379927,15.649827166947034,0.27161154840104157,1.0,0.23732906145184618,0.9999999999999997,0.9942275986370589,0.23732906145184618,0,nominal,0.0,0.0,0.0,0.0,0.0,0.0,0.0,0.0,0.0,0.0,0.0,0.0
52250,2200.075570167064,95.69989106870685,1117.281239841816,96.57454979964541,33.81459613220381,14.335804968877346,3.60536334431454,15.648844160825973,0.2716110089867404,1.0,0.23755263824195752,1.0,0.994227598637059,0.23755263824195752,0,nominal,0.0,0.0,0.0,0.0,0.0,0.0,0.0,0.0,0.0,0.0,0.0,0.0
52300,2200.073152801065,95.69029806442938,1117.4428420125623,96.56028392351311,33.82595164483308,14.335804968877348,3.605132246022241,15.647861152629135,0.27161054663197565,1.0,0.23777633395678396,0.9999999999999997,0.994227598637059,0.23777633395678396,0,nominal,0.0,0.0,0.0,0.0,0.0,0.0,0.0,0.0,0.0,0.0,0.0,0.0
52350,2200.071080773066,95.6807070408147,1117.601714865726,96.54602645217494,33.83731216414022,14.335804968877346,3.604901811393787,15.646878157131727,0.2716101503281492,1.0,0.2380001282996884,1.0,0.994227598637059,0.2380001282996884,0,nominal,0.0,0.0,0.0,0.0,0.0,0.0,0.0,0.0,0.0,0.0,0.0,0.0
52400,2200.069304749067,95.67111799929864,1117.757904512253,96.53177738281062,33.84867680639228,14.335804968877346,3.6046719489320904,15.645895187049588,0.2716098106393445,1.0,0.23822400386174508,1.0,0.994227598637059,0.23822400386174508,0,nominal,0.0,0.0,0.0,0.0,0.0,0.0,0.0,0.0,0.0,0.0,0.0,0.0
52450,2200.067782442782,95.66153094115282,1117.9114562816699,96.51753671223366,33.86004481354791,14.335804968877346,3.6044425802271434,15.644912253329741,0.27160951947765094,1.0,0.23844794571006603,1.0,0.994227598637059,0.23844794571006603,0,nominal,0.0,0.0,0.0,0.0,0.0,0.0,0.0,0.0,0.0,0.0,0.0,0.0
52500,2200.066477608824,95.65194586750778,1118.062414735703,96.50330443694395,33.87141553533823,14.335804968877346,3.6042136380849894,15.643929365399943,0.2716092699105872,1.0,0.23867194103480566,1.0,0.994227598637059,0.23867194103480566,0,nominal,0.0,0.0,0.0,0.0,0.0,0.0,0.0,0.0,0.0,0.0,0.0,0.0
52550,2200.0653591797163,95.64236277937317,1118.2108236815984,96.48908055317298,33.88278841390276,14.335804968877348,3.603985064924196,15.642946531383048,0.27160905599603624,1.0,0.23889597884649977,0.9999999999999997,0.994227598637059,0.23889597884649977,0,nominal,0.0,0.0,0.0,0.0,0.0,0.0,0.0,0.0,0.0,0.0,0.0,0.0
52600,2200.0644005261956,95.6327816776548,1118.3567261851645,96.4748650569228,33.89416297061541,14.335804968877346,3.603756811401556,15.641963758281044,0.27160887264076183,1.0,0.23912004971654688,1.0,0.994227598637059,0.23912004971654688,0,nominal,0.0,0.0,0.0,0.0,0.0,0.0,0.0,0.0,0.0,0.0,0.0,0.0
52650,2200.063578823178,95.6232025631694,1118.500164583546,96.46065794399914,33.90553879478877,14.335804968877346,3.6035288352342962,15.640981052133242,0.2716087154791387,1.0,0.2393441455546898,1.0,0.994227598637059,0.2393441455546898,0,nominal,0.0,0.0,0.0,0.0,0.0,0.0,0.0,0.0,0.0,0.0,0.0,0.0
52700,2200.062874506306,95.61362543665712,1118.6411804977402,96.44645921003996,33.91691553398863,14.335804968877346,3.6033011001906474,15.639998418152024,0.2716085807692058,1.0,0.23956825941821944,1.0,0.994227598637059,0.23956825941821944,0,nominal,0.0,0.0,0.0,0.0,0.0,0.0,0.0,0.0,0.0,0.0,0.0,0.0
52750,2200.0622708061296,95.60405029879246,1118.7798148448728,96.43226885053991,33.92829288572944,14.335804968877346,3.603073575224741,15.639015860839534,0.27160846530357086,1.0,0.23979238534838077,1.0,0.994227598637059,0.23979238534838077,0,nominal,0.0,0.0,0.0,0.0,0.0,0.0,0.0,0.0,0.0,0.0,0.0,0.0
52800,2200.0617533488357,95.59447715019343,1118.9161078502357,96.41808686087126,33.9396705903535,14.335804968877346,3.602846233735189,15.638033384087862,0.2716083663330427,1.0,0.24001651823009698,1.0,0.994227598637059,0.24001651823009698,0,nominal,0.0,0.0,0.0,0.0,0.0,0.0,0.0,0.0,0.0,0.0,0.0,0.0
52850,2200.0613098140125,95.5849059914296,1119.0500990590958,96.40391323630183,33.95104842492564,14.335804968877348,3.602619052929658,15.637050991265104,0.27160828150117317,1.0,0.24024065367169994,0.9999999999999997,0.994227598637059,0.24024065367169994,0,nominal,0.0,0.0,0.0,0.0,0.0,0.0,0.0,0.0,0.0,0.0,0.0,0.0
52900,2200.0609296413068,95.57533682302886,1119.1818273482904,96.38974797201053,33.96242619799795,14.335804968877346,3.602392013280285,15.636068685289247,0.2716082087881509,1.0,0.24046478790179926,1.0,0.994227598637059,0.24046478790179926,0,nominal,0.0,0.0,0.0,0.0,0.0,0.0,0.0,0.0,0.0,0.0,0.0,0.0
52950,2200.0606037789876,95.56576964548321,1119.3113309376026,96.37559106310044,33.97380374512118,14.335804968877346,3.602165098056965,15.6350864686917,0.2716081464627096,1.0,0.24068891768085854,1.0,0.994227598637059,0.24068891768085854,0,nominal,0.0,0.0,0.0,0.0,0.0,0.0,0.0,0.0,0.0,0.0,0.0,0.0
53000,2200.0603244684285,95.55620445925382,1119.4386474009361,96.36144250461012,33.98518092499571,14.335804968877346,3.60193829292735,15.634104343671797,0.2716080930409074,1.0,0.24091304022537327,1.0,0.994227598637059,0.24091304022537327,0,nominal,0.0,0.0,0.0,0.0,0.0,0.0,0.0,0.0,0.0,0.0,0.0,0.0
53050,2200.060085059378,95.54664126477525,1119.5638136772873,96.34730229152342,33.99655761617172,14.335804968877346,3.6017115856140416,15.633122312143646,0.2716080472507948,1.0,0.24113715314286643,1.0,0.994227598637059,0.24113715314286643,0,nominal,0.0,0.0,0.0,0.0,0.0,0.0,0.0,0.0,0.0,0.0,0.0,0.0
53100,2200.05987985162,95.53708006245921,1119.6868660815198,96.33317041877768,34.00793371421934,14.335804968877346,3.601484965600789,15.632140375776332,0.2716080080021292,1.0,0.24136125437614225,1.0,0.994227598637059,0.24136125437614225,0,nominal,0.0,0.0,0.0,0.0,0.0,0.0,0.0,0.0,0.0,0.0,0.0,0.0
53150,2200.059703959256,95.5275208526977,1119.807840314953,96.31904688127105,34.0193091293025,14.335804968877346,3.6012584238807026,15.631158536028515,0.27160797436041784,1.0,0.24158534215549224,1.0,0.994227598637059,0.24158534215549224,0,nominal,0.0,0.0,0.0,0.0,0.0,0.0,0.0,0.0,0.0,0.0,0.0,0.0
53200,2200.0595531943723,95.51796363586567,1119.9267714757607,96.30493167386834,34.03068378409859,14.335804968877348,3.601031952740454,15.630176794178066,0.27160794552466655,1.0,0.24180941495771502,0.9999999999999997,0.994227598637059,0.24180941495771502,0,nominal,0.0,0.0,0.0,0.0,0.0,0.0,0.0,0.0,0.0,0.0,0.0,0.0
53250,2200.0594239673296,95.50840841232332,1120.0436940691902,96.29082479140641,34.04205761201483,14.335804968877346,3.6008055455753283,15.629195151347558,0.27160792080830926,1.0,0.24203347147097862,1.0,0.994227598637059,0.24203347147097862,0,nominal,0.0,0.0,0.0,0.0,0.0,0.0,0.0,0.0,0.0,0.0,0.0,0.0
53300,2200.0593132012928,95.4988551824182,1120.1586420176027,96.2767262286988,34.05343055565868,14.335804968877348,3.6005791967307283,15.628213608526176,0.2716078996228609,1.0,0.2422575105646901,0.9999999999999997,0.994227598637059,0.2422575105646901,0,nominal,0.0,0.0,0.0,0.0,0.0,0.0,0.0,0.0,0.0,0.0,0.0,0.0
53350,2200.0592182589758,95.48930394648676,1120.2716486703416,96.2626359805393,34.06480256552637,14.335804968877346,3.600352901366331,15.627232166588536,0.27160788146390574,1.0,0.2424815312636597,1.0,0.994227598637059,0.2424815312636597,0,nominal,0.0,0.0,0.0,0.0,0.0,0.0,0.0,0.0,0.0,0.0,0.0,0.0
53400,2200.059136879847,95.4797547048559,1120.3827468134268,96.24855404170546,34.07617359887876,14.335804968877346,3.6001266553396634,15.626250826310786,0.2716078658990874,1.0,0.2427055327259558,1.0,0.994227598637059,0.2427055327259558,0,nominal,0.0,0.0,0.0,0.0,0.0,0.0,0.0,0.0,0.0,0.0,0.0,0.0
53450,2200.0590671263076,95.47020745784425,1120.4919686790868,96.23448040696132,34.087543618776905,14.335804968877346,3.5999004551063343,15.625269588384539,0.2716078525578149,1.0,0.24292951422390677,1.0,0.994227598637059,0.24292951422390677,0,nominal,0.0,0.0,0.0,0.0,0.0,0.0,0.0,0.0,0.0,0.0,0.0,0.0
53500,2200.0590073375597,95.46066220576319,1120.5993459551241,96.22041507105996,34.098912593255584,14.335804968877348,3.5996742976345093,15.624288453428719,0.2716078411224386,1.0,0.24315347512782018,0.9999999999999997,0.994227598637059,0.24315347512782018,0,nominal,0.0,0.0,0.0,0.0,0.0,0.0,0.0,0.0,0.0,0.0,0.0,0.0
53550,2200.0589560900617,95.45111894891767,1120.7049097941217,96.20635802874534,34.110280494614265,14.335804968877346,3.5994481803316405,15.623307421999845,0.2716078313206876,1.0,0.24337741489201467,1.0,0.994227598637059,0.24337741489201467,0,nominal,0.0,0.0,0.0,0.0,0.0,0.0,0.0,0.0,0.0,0.0,0.0,0.0
53600,2200.0589121636344,95.44157768760726,1120.8086908224918,96.1923092747544,34.12164729880962,14.335804968877346,3.5992221009816476,15.62232649460081,0.271607822919187,1.0,0.2436013330428535,1.0,0.994227598637059,0.2436013330428535,0,nominal,0.0,0.0,0.0,0.0,0.0,0.0,0.0,0.0,0.0,0.0,0.0,0.0
53650,2200.0588745124114,95.4320384221266,1120.91071914937,96.1782688038183,34.133012984934155,14.335804968877346,3.5989960576910964,15.621345671688422,0.2716078157179008,1.0,0.24382522916847324,1.0,0.994227598637059,0.24382522916847324,0,nominal,0.0,0.0,0.0,0.0,0.0,0.0,0.0,0.0,0.0,0.0,0.0,0.0
53700,2200.0588422399346,95.42250115276602,1121.0110243753584,96.16423661066398,34.14437753476951,14.335804968877346,3.5987700488430554,15.620364953679864,0.27160780954536984,1.0,0.24404910290998524,1.0,0.994227598637059,0.24404910290998524,0,nominal,0.0,0.0,0.0,0.0,0.0,0.0,0.0,0.0,0.0,0.0,0.0,0.0
53750,2200.0588145778115,95.41296587981208,1121.109635601119,96.15021269001505,34.15574093240321,14.335804968877346,3.598544073057572,15.619384340958314,0.271607804254629,1.0,0.24427295395392443,1.0,0.994227598637059,0.24427295395392443,0,nominal,0.0,0.0,0.0,0.0,0.0,0.0,0.0,0.0,0.0,0.0,0.0,0.0
53800,2200.05879086742,95.40343260354808,1121.2065814358239,96.13619703659293,34.167103163900414,14.335804968877346,3.5983181291577786,15.61840383387769,0.27160779971970844,1.0,0.24449678202578431,1.0,0.994227598637059,0.24449678202578431,0,nominal,0.0,0.0,0.0,0.0,0.0,0.0,0.0,0.0,0.0,0.0,0.0,0.0
53850,2200.0587705442276,95.39390132425422,1121.3018900054572,96.12218964511754,34.17846421702195,14.335804968877346,3.5980922161408535,15.617423432766758,0.27160779583263367,1.0,0.24472058688446163,1.0,0.994227598637059,0.24472058688446163,0,nominal,0.0,0.0,0.0,0.0,0.0,0.0,0.0,0.0,0.0,0.0,0.0,0.0
53900,2200.058753124348,95.3843720422081,1121.3955889609806,96.10819051030813,34.18982408098301,14.335804968877346,3.597866333153136,15.61644313793268,0.2716077925008552,1.0,0.24494436831750324,1.0,0.994227598637059,0.24494436831750324,0,nominal,0.0,0.0,0.0,0.0,0.0,0.0,0.0,0.0,0.0,0.0,0.0,0.0
53950,2200.058738193023,95.37484475768485,1121.4877054863591,96.09419962688384,34.20118274624597,14.335804968877346,3.597640479468793,15.615462949664025,0.2716077896450452,1.0,0.24516812613702463,1.0,0.994227598637059,0.24516812613702463,0,nominal,0.0,0.0,0.0,0.0,0.0,0.0,0.0,0.0,0.0,0.0,0.0,0.0
54000,2200.0587253947447,95.36531947095744,1121.5782663064488,96.08021698956412,34.21254020434282,14.335804968877346,3.597414654471541,15.61448286823338,0.271607787197208,1.0,0.24539186017621176,1.0,0.994227598637059,0.24539186017621176,0,nominal,0.0,0.0,0.0,0.0,0.0,0.0,0.0,0.0,0.0,0.0,0.0,0.0
54050,2200.0587144247916,95.3557961822969,1121.667297694753,96.06624259306938,34.223896447723114,14.335804968877346,3.5971888576389737,15.613502893899573,0.2716077850990619,1.0,0.24561557028632594,1.0,0.994227598637059,0.24561557028632594,0,nominal,0.0,0.0,0.0,0.0,0.0,0.0,0.0,0.0,0.0,0.0,0.0,0.0
54100,2200.0587050219747,95.34627489197243,1121.7548254810476,96.05227643212118,34.23525146962306,14.335804968877344,3.5969630885291446,15.612523026909626,0.2716077833006509,1.0,0.24583925633412537,0.9999999999999997,0.9942275986370589,0.24583925633412537,0,nominal,0.0,0.0,0.0,0.0,0.0,0.0,0.0,0.0,0.0,0.0,0.0,0.0
54150,2200.0586969624173,95.33675560025159,1121.8408750588756,96.03831850144263,34.24660526395394,14.335804968877346,3.5967373467690487,15.611543267500354,0.2716077817591558,1.0,0.24606291819966647,1.0,0.994227598637059,0.24606291819966647,0,nominal,0.0,0.0,0.0,0.0,0.0,0.0,0.0,0.0,0.0,0.0,0.0,0.0
54200,2200.0586900542253,95.32723830740036,1121.9254713929154,96.02436879575873,34.257957825205985,14.335804968877346,3.596511632044766,15.610563615899812,0.2716077804378743,1.0,0.2462865557744106,1.0,0.994227598637059,0.2462865557744106,0,nominal,0.0,0.0,0.0,0.0,0.0,0.0,0.0,0.0,0.0,0.0,0.0,0.0
54250,2200.0586841329177,95.31772301368329,1122.0086390262263,96.01042730979646,34.26930914836611,14.335804968877346,3.5962859440930095,15.609584072328513,0.2716077793053473,1.0,0.24651016895960368,1.0,0.994227598637059,0.24651016895960368,0,nominal,0.0,0.0,0.0,0.0,0.0,0.0,0.0,0.0,0.0,0.0,0.0,0.0
54300,2200.058679057511,95.30820971936362,1122.0904020873677,95.9964940382851,34.28065922884736,14.335804968877346,3.5960602826938795,15.60860463700045,0.2716077783346098,1.0,0.24673375766488556,1.0,0.994227598637059,0.24673375766488556,0,nominal,0.0,0.0,0.0,0.0,0.0,0.0,0.0,0.0,0.0,0.0,0.0,0.0
54350,2200.058674707163,95.29869842470333,1122.1707842974015,95.98256897595644,34.292008062428394,14.335804968877348,3.595834647664659,15.607625310124037,0.2716077775025492,1.0,0.24695732180709884,0.9999999999999997,0.994227598637059,0.24695732180709884,0,nominal,0.0,0.0,0.0,0.0,0.0,0.0,0.0,0.0,0.0,0.0,0.0,0.0
54400,2200.058670978293,95.28918912996318,1122.2498089767737,95.96865211754482,34.30335564520163,14.335804968877346,3.595609038854482,15.606646091902789,0.2716077767893543,1.0,0.24718086130926684,1.0,0.994227598637059,0.24718086130926684,0,nominal,0.0,0.0,0.0,0.0,0.0,0.0,0.0,0.0,0.0,0.0,0.0,0.0
54450,2200.0586677821184,95.27968183540281,1122.3274990520827,95.95474345778723,34.31470197352875,14.335804968877346,3.595383456139793,15.605666982536121,0.27160777617804455,1.0,0.2474043760997175,1.0,0.994227598637059,0.2474043760997175,0,nominal,0.0,0.0,0.0,0.0,0.0,0.0,0.0,0.0,0.0,0.0,0.0,0.0
54500,2200.0586650425403,95.27017654128076,1122.403877062729,95.94084299142366,34.32604704400268,14.335804968877346,3.5951578994204145,15.604687982219763,0.27160777565406463,1.0,0.24762786611133356,1.0,0.994227598637059,0.24762786611133356,0,nominal,0.0,0.0,0.0,0.0,0.0,0.0,0.0,0.0,0.0,0.0,0.0,0.0
54550,2200.0586626943305,95.26067324785458,1122.4789651674555,95.9269507131969,34.33739085341461,14.335804968877346,3.5949323686162216,15.603709091146373,0.27160777520493884,1.0,0.24785133128090378,1.0,0.994227598637059,0.24785133128090378,0,nominal,0.0,0.0,0.0,0.0,0.0,0.0,0.0,0.0,0.0,0.0,0.0,0.0
54600,2200.058660681579,95.25117195538076,1122.5527851507773,95.91306661785273,34.34873339872633,14.335804968877346,3.5947068636642583,15.602730309505898,0.2716077748199741,1.0,0.24807477154857763,1.0,0.994227598637059,0.24807477154857763,0,nominal,0.0,0.0,0.0,0.0,0.0,0.0,0.0,0.0,0.0,0.0,0.0,0.0
54650,2200.058658956364,95.24167266411484,1122.6253584293008,95.89919070014014,34.360074677045944,14.335804968877346,3.5944813845162735,15.60175163748591,0.27160777449000423,1.0,0.24829818685738636,1.0,0.994227598637059,0.24829818685738636,0,nominal,0.0,0.0,0.0,0.0,0.0,0.0,0.0,0.0,0.0,0.0,0.0,0.0
54700,2200.058657477608,95.23217537431145,1122.6967060579386,95.8853229548111,34.3714146856072,14.335804968877346,3.5942559311366264,15.60077307527198,0.2716077742071728,1.0,0.24852157715283718,1.0,0.994227598637059,0.24852157715283718,0,nominal,0.0,0.0,0.0,0.0,0.0,0.0,0.0,0.0,0.0,0.0,0.0,0.0
54750,2200.058656210103,95.22268008622422,1122.7668487360174,95.87146337662091,34.3827534217521,14.335804968877346,3.594030503500473,15.599794623047925,0.2716077739647461,1.0,0.24874494238256925,1.0,0.994227598637059,0.24874494238256925,0,nominal,0.0,0.0,0.0,0.0,0.0,0.0,0.0,0.0,0.0,0.0,0.0,0.0
54800,2200.05865512367,95.21318680010597,1122.8358068132839,95.85761196032797,34.39409088291544,14.335804968877346,3.5938051015922055,15.598816280995957,0.27160777375695166,1.0,0.24896828249604974,1.0,0.994227598637059,0.24896828249604974,0,nominal,0.0,0.0,0.0,0.0,0.0,0.0,0.0,0.0,0.0,0.0,0.0,0.0
54850,2200.0586541924417,95.20369551620854,1122.9036002958073,95.843768700694,34.40542706661204,14.335804968877346,3.593579725404152,15.597838049297016,0.27160777357884225,1.0,0.2491915974443223,1.0,0.994227598637059,0.2491915974443223,0,nominal,0.0,0.0,0.0,0.0,0.0,0.0,0.0,0.0,0.0,0.0,0.0,0.0
54900,2200.058653394246,95.194206234783,1122.970248851786,95.829933592484,34.41676197042545,14.335804968877346,3.5933543749354078,15.596859928130803,0.27160777342617687,1.0,0.24941488717978472,1.0,0.994227598637059,0.24941488717978472,0,nominal,0.0,0.0,0.0,0.0,0.0,0.0,0.0,0.0,0.0,0.0,0.0,0.0
54950,2200.058652710078,95.18471895607951,1123.0357718172518,95.81610663046627,34.42809559199855,14.335804968877344,3.5931290501908846,15.595881917676019,0.2716077732953209,1.0,0.24963815165600323,0.9999999999999997,0.9942275986370589,0.24963815165600323,0,nominal,0.0,0.0,0.0,0.0,0.0,0.0,0.0,0.0,0.0,0.0,0.0,0.0
55000,2200.0586521236487,95.17523368034733,1123.1001882016817,95.80228780941246,34.439427929025236,14.335804968877348,3.59290375118047,15.59490401811047,0.27160777318315865,1.0,0.2498613908275493,0.9999999999999997,0.994227598637059,0.2498613908275493,0,nominal,0.0,0.0,0.0,0.0,0.0,0.0,0.0,0.0,0.0,0.0,0.0,0.0
55050,2200.058651620995,95.16575040783499,1123.1635166935102,95.7884771240976,34.450758979243396,14.335804968877346,3.592678477918298,15.593926229611114,0.2716077730870196,1.0,0.25008460464986076,1.0,0.994227598637059,0.25008460464986076,0,nominal,0.0,0.0,0.0,0.0,0.0,0.0,0.0,0.0,0.0,0.0,0.0,0.0
55100,2200.058651190149,95.15626913879021,1123.2257756655545,95.77467456930009,34.46208874042898,14.335804968877346,3.59245323042215,15.59294855235422,0.27160777300461464,1.0,0.2503077930791254,1.0,0.994227598637059,0.2503077930791254,0,nominal,0.0,0.0,0.0,0.0,0.0,0.0,0.0,0.0,0.0,0.0,0.0,0.0
55150,2200.058650820852,95.14678987345974,1123.2869831803418,95.76088013980166,34.47341721039073,14.335804968877346,3.5922280087129286,15.591970986515452,0.2716077729339818,1.0,0.250530956072177,1.0,0.994227598637059,0.250530956072177,0,nominal,0.0,0.0,0.0,0.0,0.0,0.0,0.0,0.0,0.0,0.0,0.0,0.0
55200,2200.058650504312,95.13731261208966,1123.3471569953522,95.74709383038748,34.48474438696591,14.335804968877346,3.592002812814195,15.590993532269865,0.27160777287343946,1.0,0.25075409358641115,1.0,0.994227598637059,0.25075409358641115,0,nominal,0.0,0.0,0.0,0.0,0.0,0.0,0.0,0.0,0.0,0.0,0.0,0.0
55250,2200.058650232992,95.12783735492519,1123.4063145681685,95.73331563584611,34.496070268016275,14.335804968877346,3.591777642751795,15.590016189792033,0.27160777282154597,1.0,0.25097720557970593,1.0,0.994227598637059,0.25097720557970593,0,nominal,0.0,0.0,0.0,0.0,0.0,0.0,0.0,0.0,0.0,0.0,0.0,0.0
55300,2200.058650000432,95.11836410221076,1123.4644730615423,95.71954555096949,34.507394851425076,14.335804968877344,3.5915524985535194,15.589038959256053,0.2716077727770658,1.0,0.25120029201036276,0.9999999999999997,0.9942275986370589,0.25120029201036276,0,nominal,0.0,0.0,0.0,0.0,0.0,0.0,0.0,0.0,0.0,0.0,0.0,0.0
55350,2200.058649801095,95.10889285419,1123.5216493483736,95.70578357055308,34.5187181350941,14.335804968877346,3.5913273802488295,15.588061840835628,0.27160777273894005,1.0,0.2514233528370484,1.0,0.994227598637059,0.2514233528370484,0,nominal,0.0,0.0,0.0,0.0,0.0,0.0,0.0,0.0,0.0,0.0,0.0,0.0
55400,2200.0586496302344,95.09942361110569,1123.577860016604,95.69202968939561,34.53004011694123,14.335804968877346,3.5911022878686008,15.587084834704063,0.2716077727062608,1.0,0.25164638801874667,1.0,0.994227598637059,0.25164638801874667,0,nominal,0.0,0.0,0.0,0.0,0.0,0.0,0.0,0.0,0.0,0.0,0.0,0.0
55450,2200.0586494837826,95.08995637319993,1123.633121374031,95.67828390229937,34.54136079489868,14.335804968877346,3.590877221444929,15.58610794103433,0.27160777267825,1.0,0.2518693975147235,1.0,0.994227598637059,0.2518693975147235,0,nominal,0.0,0.0,0.0,0.0,0.0,0.0,0.0,0.0,0.0,0.0,0.0,0.0
55500,2200.0586493582528,95.080491140714,1123.6874494530389,95.66454620407,34.552680166910896,14.335804968877344,3.590652181010939,15.585131159999062,0.2716077726542407,1.0,0.25209238128448586,0.9999999999999997,0.9942275986370589,0.25209238128448586,0,nominal,0.0,0.0,0.0,0.0,0.0,0.0,0.0,0.0,0.0,0.0,0.0,0.0
55550,2200.0586492506554,95.07102791388832,1123.7408600152494,95.65081658951658,34.563998230933215,14.335804968877346,3.5904271666006435,15.584154491770626,0.2716077726336613,1.0,0.25231533928775535,1.0,0.994227598637059,0.25231533928775535,0,nominal,0.0,0.0,0.0,0.0,0.0,0.0,0.0,0.0,0.0,0.0,0.0,0.0
55600,2200.0586491584295,95.06156669296263,1123.7933685560952,95.63709505345162,34.57531498493061,14.335804968877346,3.590202178248799,15.583177936521079,0.27160777261602187,1.0,0.2525382714844434,1.0,0.994227598637059,0.2525382714844434,0,nominal,0.0,0.0,0.0,0.0,0.0,0.0,0.0,0.0,0.0,0.0,0.0,0.0
55650,2200.0586490793785,95.0521074781758,1123.844990309315,95.62338159069105,34.58663042687647,14.335804968877346,3.589977215990807,15.582201494422245,0.27160777260090235,1.0,0.2527611778346271,1.0,0.994227598637059,0.2527611778346271,0,nominal,0.0,0.0,0.0,0.0,0.0,0.0,0.0,0.0,0.0,0.0,0.0,0.0
55700,2200.0586490116207,95.042650269766,1123.8957402513738,95.6096761960543,34.59794455475172,14.335804968877344,3.589752279862602,15.581225165645677,0.2716077725879428,1.0,0.25298405829853227,0.9999999999999997,0.9942275986370589,0.25298405829853227,0,nominal,0.0,0.0,0.0,0.0,0.0,0.0,0.0,0.0,0.0,0.0,0.0,0.0
55750,2200.058648953542,95.03319506797055,1123.9456331058068,95.59597886436416,34.609257366544014,14.335804968877348,3.589527369900587,15.580248950362718,0.2716077725768346,1.0,0.25320691283651686,0.9999999999999997,0.994227598637059,0.25320691283651686,0,nominal,0.0,0.0,0.0,0.0,0.0,0.0,0.0,0.0,0.0,0.0,0.0,0.0
55800,2200.058648903761,95.0237418730261,1123.9946833474914,95.5822895904468,34.62056886024692,14.335804968877346,3.5893024861415443,15.579272848744468,0.2716077725673132,1.0,0.2534297414090556,1.0,0.994227598637059,0.2534297414090556,0,nominal,0.0,0.0,0.0,0.0,0.0,0.0,0.0,0.0,0.0,0.0,0.0,0.0
55850,2200.058648861091,95.01429068516842,1124.0429052068475,95.568608369132,34.63187903385962,14.335804968877344,3.5890776286225905,15.57829686096183,0.27160777255915214,1.0,0.25365254397673376,0.9999999999999997,0.9942275986370589,0.25365254397673376,0,nominal,0.0,0.0,0.0,0.0,0.0,0.0,0.0,0.0,0.0,0.0,0.0,0.0
55900,2200.058648824517,95.00484150463257,1124.0903126739645,95.55493519525277,34.643187885385935,14.335804968877346,3.588852797381115,15.5773209871855,0.2716077725521568,1.0,0.25387532050022815,1.0,0.994227598637059,0.25387532050022815,0,nominal,0.0,0.0,0.0,0.0,0.0,0.0,0.0,0.0,0.0,0.0,0.0,0.0
55950,2200.058648793168,94.99539433165279,1124.1369195026618,95.5412700636457,34.654495412834315,14.335804968877346,3.5886279924547417,15.576345227585978,0.271607772546161,1.0,0.25409807094030645,1.0,0.994227598637059,0.25409807094030645,0,nominal,0.0,0.0,0.0,0.0,0.0,0.0,0.0,0.0,0.0,0.0,0.0,0.0
56000,2200.058648766297,94.9859491664626,1124.1827392144778,95.52761296915071,34.66580161421721,14.335804968877346,3.5884032138812785,15.57536958233355,0.2716077725410215,1.0,0.25432079525781537,1.0,0.994227598637059,0.25432079525781537,0,nominal,0.0,0.0,0.0,0.0,0.0,0.0,0.0,0.0,0.0,0.0,0.0,0.0
56050,2200.058648743265,94.97650600929478,1124.2277851025924,95.5139639066112,34.67710648755086,14.335804968877346,3.588178461698705,15.574394051598349,0.27160777253661633,1.0,0.2545434934136762,1.0,0.994227598637059,0.2545434934136762,0,nominal,0.0,0.0,0.0,0.0,0.0,0.0,0.0,0.0,0.0,0.0,0.0,0.0
56100,2200.058648723523,94.96706486038124,1124.2720702356855,95.50032287087396,34.68841003085496,14.335804968877346,3.5879537359451246,15.5734186355503,0.2716077725328405,1.0,0.25476616536887836,1.0,0.994227598637059,0.25476616536887836,0,nominal,0.0,0.0,0.0,0.0,0.0,0.0,0.0,0.0,0.0,0.0,0.0,0.0
56150,2200.0586487066016,94.95762571995323,1124.3156074617268,95.48668985678921,34.699712242152444,14.335804968877346,3.58772903665875,15.572443334359154,0.27160777252960394,1.0,0.254988811084475,1.0,0.994227598637059,0.254988811084475,0,nominal,0.0,0.0,0.0,0.0,0.0,0.0,0.0,0.0,0.0,0.0,0.0,0.0
56200,2200.0586486920974,94.94818858824118,1124.3584094117032,95.47306485921064,34.711013119469264,14.335804968877346,3.587504363877885,15.571468148194493,0.27160777252682977,1.0,0.2552114305215787,1.0,0.994227598637059,0.2552114305215787,0,nominal,0.0,0.0,0.0,0.0,0.0,0.0,0.0,0.0,0.0,0.0,0.0,0.0
56250,2200.058648679665,94.93875346547475,1124.400488503285,95.45944787299527,34.722312660834305,14.335804968877348,3.587279717640903,15.570493077225729,0.271607772524452,1.0,0.25543402364135975,0.9999999999999997,0.994227598637059,0.25543402364135975,0,nominal,0.0,0.0,0.0,0.0,0.0,0.0,0.0,0.0,0.0,0.0,0.0,0.0
56300,2200.058648669009,94.92932035188284,1124.441856944426,95.44583889300355,34.733610864279065,14.335804968877348,3.587055097986225,15.569518121622083,0.2716077725224138,1.0,0.2556565904050403,0.9999999999999997,0.994227598637059,0.2556565904050403,0,nominal,0.0,0.0,0.0,0.0,0.0,0.0,0.0,0.0,0.0,0.0,0.0,0.0
56350,2200.0586486598754,94.91988924769367,1124.4825267369083,95.43223791409946,34.744907727837685,14.335804968877346,3.586830504952323,15.568543281552635,0.2716077725206669,1.0,0.25587913077389424,1.0,0.994227598637059,0.25587913077389424,0,nominal,0.0,0.0,0.0,0.0,0.0,0.0,0.0,0.0,0.0,0.0,0.0,0.0
56400,2200.0586486520465,94.91046015313458,1124.5225096798208,95.41864493115025,34.75620324954677,14.335804968877346,3.5866059385776925,15.56756855718627,0.2716077725191696,1.0,0.2561016447092438,1.0,0.994227598637059,0.2561016447092438,0,nominal,0.0,0.0,0.0,0.0,0.0,0.0,0.0,0.0,0.0,0.0,0.0,0.0
56450,2200.058648645336,94.90103306843224,1124.5618173729858,95.40505993902661,34.76749742744528,14.335804968877346,3.586381398900852,15.56659394869172,0.2716077725178861,1.0,0.2563241321724581,1.0,0.994227598637059,0.2563241321724581,0,nominal,0.0,0.0,0.0,0.0,0.0,0.0,0.0,0.0,0.0,0.0,0.0,0.0
56500,2200.0586486395837,94.8916079938125,1124.600461220321,95.39148293260268,34.77879025957455,14.335804968877348,3.586156885960333,15.565619456237547,0.271607772516786,1.0,0.25654659312495265,0.9999999999999997,0.994227598637059,0.25654659312495265,0,nominal,0.0,0.0,0.0,0.0,0.0,0.0,0.0,0.0,0.0,0.0,0.0,0.0
56550,2200.0586486346533,94.88218492950051,1124.638452433151,95.37791390675602,34.790081743978014,14.335804968877346,3.5859323997946757,15.564645079992172,0.27160777251584295,1.0,0.25676902752818465,1.0,0.994227598637059,0.25676902752818465,0,nominal,0.0,0.0,0.0,0.0,0.0,0.0,0.0,0.0,0.0,0.0,0.0,0.0
56600,2200.0586486304273,94.87276387572058,1124.6758020334582,95.36435285636759,34.80137187870139,14.335804968877346,3.585707940442416,15.563670820123821,0.27160777251503465,1.0,0.25699143534365576,1.0,0.994227598637059,0.25699143534365576,0,nominal,0.0,0.0,0.0,0.0,0.0,0.0,0.0,0.0,0.0,0.0,0.0,0.0
56650,2200.0586486268053,94.86334483269633,1124.7125208570797,95.35079977632165,34.81266066179237,14.335804968877346,3.5854835079420853,15.562696676800575,0.2716077725143418,1.0,0.2572138165329073,1.0,0.994227598637059,0.2572138165329073,0,nominal,0.0,0.0,0.0,0.0,0.0,0.0,0.0,0.0,0.0,0.0,0.0,0.0
56700,2200.0586486237007,94.85392780065064,1124.748619556854,95.337254661506,34.823948091300934,14.335804968877346,3.5852591023322105,15.561722650190367,0.27160777251374807,1.0,0.257436171057525,1.0,0.994227598637059,0.257436171057525,0,nominal,0.0,0.0,0.0,0.0,0.0,0.0,0.0,0.0,0.0,0.0,0.0,0.0
56750,2200.0586486210395,94.8445127798056,1124.7841086057088,95.3237175068117,34.83523416527892,14.335804968877346,3.585034723651295,15.560748740460937,0.2716077725132391,1.0,0.25765849887913134,1.0,0.994227598637059,0.25765849887913134,0,nominal,0.0,0.0,0.0,0.0,0.0,0.0,0.0,0.0,0.0,0.0,0.0,0.0
56800,2200.0586486187585,94.83509977038256,1124.8189982996996,95.31018830713333,34.84651888178025,14.335804968877346,3.584810371937832,15.559774947779882,0.2716077725128028,1.0,0.25788079995939,1.0,0.994227598637059,0.25788079995939,0,nominal,0.0,0.0,0.0,0.0,0.0,0.0,0.0,0.0,0.0,0.0,0.0,0.0
56850,2200.0586486168036,94.82568877260206,1124.8532987609992,95.29666705736878,34.857802238860806,14.335804968877346,3.5845860472302986,15.55880127231466,0.2716077725124289,1.0,0.2581030742600034,1.0,0.994227598637059,0.2581030742600034,0,nominal,0.0,0.0,0.0,0.0,0.0,0.0,0.0,0.0,0.0,0.0,0.0,0.0
56900,2200.058648615128,94.81627978668394,1124.8870199408311,95.28315375241942,34.86908423457841,14.335804968877346,3.584361749567139,15.557827714232525,0.27160777251210844,1.0,0.25832532174271183,1.0,0.994227598637059,0.25832532174271183,0,nominal,0.0,0.0,0.0,0.0,0.0,0.0,0.0,0.0,0.0,0.0,0.0,0.0
56950,2200.0586486136913,94.8068728128473,1124.9201716223588,95.26964838718987,34.88036486699284,14.335804968877346,3.584137478986784,15.556854273700617,0.2716077725118337,1.0,0.2585475423692941,1.0,0.994227598637059,0.2585475423692941,0,nominal,0.0,0.0,0.0,0.0,0.0,0.0,0.0,0.0,0.0,0.0,0.0,0.0
57000,2200.05864861246,94.7974678513105,1124.9527634235237,95.25615095658827,34.891644134165816,14.335804968877346,3.5839132355276324,15.55588095088588,0.27160777251159823,1.0,0.25876973610156767,1.0,0.994227598637059,0.25876973610156767,0,nominal,0.0,0.0,0.0,0.0,0.0,0.0,0.0,0.0,0.0,0.0,0.0,0.0
57050,2200.0586486114044,94.78806490229107,1124.9848047998344,95.24266145552605,34.90292203416086,14.335804968877346,3.583689019228058,15.554907745955122,0.2716077725113963,1.0,0.2589919029013852,1.0,0.994227598637059,0.2589919029013852,0,nominal,0.0,0.0,0.0,0.0,0.0,0.0,0.0,0.0,0.0,0.0,0.0,0.0
57100,2200.0586486105,94.77866396600587,1125.016305047111,95.22917987891805,34.914198565043534,14.335804968877346,3.583464830126407,15.553934659074988,0.27160777251122326,1.0,0.2592140427306395,1.0,0.994227598637059,0.2592140427306395,0,nominal,0.0,0.0,0.0,0.0,0.0,0.0,0.0,0.0,0.0,0.0,0.0,0.0
57150,2200.0586486097245,94.76926504267101,1125.047273304182,95.21570622168247,34.92547372488119,14.335804968877346,3.583240668260995,15.552961690411964,0.271607772511075,1.0,0.2594361555512591,1.0,0.994227598637059,0.2594361555512591,0,nominal,0.0,0.0,0.0,0.0,0.0,0.0,0.0,0.0,0.0,0.0,0.0,0.0
57200,2200.05864860906,94.75986813250182,1125.0777185555348,95.20224047874098,34.93674751174311,14.335804968877346,3.583016533670106,15.551988840132376,0.27160777251094786,1.0,0.25965824132520965,1.0,0.994227598637059,0.25965824132520965,0,nominal,0.0,0.0,0.0,0.0,0.0,0.0,0.0,0.0,0.0,0.0,0.0,0.0
57250,2200.0586486084903,94.75047323571283,1125.1076496339224,95.18878264501848,34.94801992370032,14.335804968877346,3.5827924263919955,15.551016108402395,0.27160777251083895,1.0,0.25988030001449214,1.0,0.994227598637059,0.25988030001449214,0,nominal,0.0,0.0,0.0,0.0,0.0,0.0,0.0,0.0,0.0,0.0,0.0,0.0
57300,2200.058648608002,94.74108035251794,1125.1370752229277,95.17533271544335,34.95929095882581,14.335804968877344,3.582568346464881,15.550043495388024,0.2716077725107456,1.0,0.2601023315811456,0.9999999999999997,0.9942275986370589,0.2601023315811456,0,nominal,0.0,0.0,0.0,0.0,0.0,0.0,0.0,0.0,0.0,0.0,0.0,0.0
57350,2200.0586486075836,94.7316894831302,1125.1660038594796,95.16189068494731,34.9705606151944,14.335804968877346,3.5823442939269534,15.549071001255124,0.2716077725106655,1.0,0.2603243359872454,1.0,0.994227598637059,0.2603243359872454,0,nominal,0.0,0.0,0.0,0.0,0.0,0.0,0.0,0.0,0.0,0.0,0.0,0.0
57400,2200.0586486072248,94.72230062776202,1125.1944439363333,95.14845654846539,34.98182889088276,14.335804968877346,3.5821202688163676,15.548098626169379,0.2716077725105968,1.0,0.2605463131949033,1.0,0.994227598637059,0.2605463131949033,0,nominal,0.0,0.0,0.0,0.0,0.0,0.0,0.0,0.0,0.0,0.0,0.0,0.0
57450,2200.0586486069174,94.712913786625,1125.222403704502,95.13503030093608,34.99309578396941,14.335804968877346,3.5818962711712468,15.54712637029634,0.271607772510538,1.0,0.2607682631662673,1.0,0.994227598637059,0.2607682631662673,0,nominal,0.0,0.0,0.0,0.0,0.0,0.0,0.0,0.0,0.0,0.0,0.0,0.0
57500,2200.0586486066536,94.70352895992994,1125.2498912756528,95.12161193730117,35.00436129253463,14.335804968877346,3.5816723010296783,15.546154233801383,0.2716077725104876,1.0,0.2609901858635205,1.0,0.994227598637059,0.2609901858635205,0,nominal,0.0,0.0,0.0,0.0,0.0,0.0,0.0,0.0,0.0,0.0,0.0,0.0
57550,2200.0586486064276,94.69414614788701,1125.2769146244596,95.10820145250585,35.01562541466067,14.335804968877348,3.5814483584297125,15.54518221684972,0.2716077725104444,1.0,0.2612120812488844,0.9999999999999997,0.994227598637059,0.2612120812488844,0,nominal,0.0,0.0,0.0,0.0,0.0,0.0,0.0,0.0,0.0,0.0,0.0,0.0
57600,2200.058648606234,94.68476535070556,1125.3034815909155,95.09479884149863,35.02688814843148,14.335804968877346,3.5812244434093716,15.544210319606423,0.27160777251040735,1.0,0.2614339492846142,1.0,0.994227598637059,0.2614339492846142,0,nominal,0.0,0.0,0.0,0.0,0.0,0.0,0.0,0.0,0.0,0.0,0.0,0.0
57650,2200.058648606068,94.67538656859426,1125.3295998826097,95.08140409923135,35.038149491932955,14.335804968877344,3.5810005560066385,15.543238542236393,0.27160777251037554,1.0,0.2616557899330034,0.9999999999999997,0.9942275986370589,0.2616557899330034,0,nominal,0.0,0.0,0.0,0.0,0.0,0.0,0.0,0.0,0.0,0.0,0.0,0.0
57700,2200.0586486059256,94.66600980176099,1125.3552770769606,95.06801722065927,35.04940944325278,14.335804968877346,3.5807766962594623,15.542266884904388,0.27160777251034834,1.0,0.2618776031563804,1.0,0.994227598637059,0.2618776031563804,0,nominal,0.0,0.0,0.0,0.0,0.0,0.0,0.0,0.0,0.0,0.0,0.0,0.0
57750,2200.0586486058037,94.65663505041289,1125.3805206234174,95.05463820074101,35.06066800048045,14.335804968877346,3.5805528642057562,15.541295347774989,0.27160777251032503,1.0,0.26209938891711015,1.0,0.994227598637059,0.26209938891711015,0,nominal,0.0,0.0,0.0,0.0,0.0,0.0,0.0,0.0,0.0,0.0,0.0,0.0
57800,2200.058648605699,94.6472623147564,1125.4053378456183,95.04126703443848,35.07192516170727,14.335804968877346,3.580329059883396,15.540323931012622,0.27160777251030505,1.0,0.26232114717759236,1.0,0.994227598637059,0.26232114717759236,0,nominal,0.0,0.0,0.0,0.0,0.0,0.0,0.0,0.0,0.0,0.0,0.0,0.0
57850,2200.0586486056095,94.6378915949972,1125.4297359435172,95.02790371671688,35.08318092502642,14.335804968877346,3.580105283330229,15.539352634781588,0.27160777251028795,1.0,0.2625428779002639,1.0,0.994227598637059,0.2625428779002639,0,nominal,0.0,0.0,0.0,0.0,0.0,0.0,0.0,0.0,0.0,0.0,0.0,0.0
57900,2200.0586486055327,94.62852289134025,1125.4537219954723,95.01454824254489,35.09443528853294,14.335804968877346,3.5798815345840556,15.538381459245969,0.27160777251027324,1.0,0.26276458104759864,1.0,0.994227598637059,0.26276458104759864,0,nominal,0.0,0.0,0.0,0.0,0.0,0.0,0.0,0.0,0.0,0.0,0.0,0.0
57950,2200.0586486054667,94.61915620398975,1125.4773029602989,95.00120060689449,35.10568825032363,14.335804968877346,3.579657813682651,15.537410404569743,0.27160777251026064,1.0,0.26298625658210456,1.0,0.994227598637059,0.26298625658210456,0,nominal,0.0,0.0,0.0,0.0,0.0,0.0,0.0,0.0,0.0,0.0,0.0,0.0
58000,2200.0586486054103,94.60979153314912,1125.5004856792884,94.98786080474093,35.116939808497115,14.335804968877346,3.5794341206637474,15.5364394709167,0.2716077725102498,1.0,0.2632079044663261,1.0,0.994227598637059,0.2632079044663261,0,nominal,0.0,0.0,0.0,0.0,0.0,0.0,0.0,0.0,0.0,0.0,0.0,0.0
58050,2200.058648605362,94.60042887902114,1125.5232768781948,94.97452883106286,35.12818996115386,14.335804968877346,3.5792104555650495,15.53546865845051,0.27160777251024054,1.0,0.2634295246628436,1.0,0.994227598637059,0.2634295246628436,0,nominal,0.0,0.0,0.0,0.0,0.0,0.0,0.0,0.0,0.0,0.0,0.0,0.0
58100,2200.0586486053207,94.59106824180782,1125.5456831691827,94.96120468084223,35.139438706396206,14.335804968877346,3.5789868184242124,15.534497967334618,0.2716077725102326,1.0,0.26365111713427475,1.0,0.994227598637059,0.26365111713427475,0,nominal,0.0,0.0,0.0,0.0,0.0,0.0,0.0,0.0,0.0,0.0,0.0,0.0
58150,2200.0586486052853,94.58170962171039,1125.567711052749,94.94788834906439,35.15068604232824,14.335804968877346,3.578763209278869,15.533527397732383,0.27160777251022583,1.0,0.26387268184327123,1.0,0.994227598637059,0.26387268184327123,0,nominal,0.0,0.0,0.0,0.0,0.0,0.0,0.0,0.0,0.0,0.0,0.0,0.0
58200,2200.058648605255,94.57235301892939,1125.589366919607,94.9345798307179,35.16193196705588,14.335804968877346,3.578539628166608,15.532556949806958,0.27160777251022006,1.0,0.2640942187525208,1.0,0.994227598637059,0.2640942187525208,0,nominal,0.0,0.0,0.0,0.0,0.0,0.0,0.0,0.0,0.0,0.0,0.0,0.0
58250,2200.058648605229,94.56299843366463,1125.6106570525399,94.9212791207948,35.17317647868698,14.335804968877344,3.5783160751249845,15.531586623721363,0.27160777251021506,1.0,0.26431572782474977,0.9999999999999997,0.9942275986370589,0.26431572782474977,0,nominal,0.0,0.0,0.0,0.0,0.0,0.0,0.0,0.0,0.0,0.0,0.0,0.0
58300,2200.0586486052066,94.55364586611518,1125.6315876282256,94.9079862142903,35.18441957533102,14.335804968877346,3.5780925501915184,15.53061641963845,0.2716077725102109,1.0,0.2645372090227159,1.0,0.994227598637059,0.2645372090227159,0,nominal,0.0,0.0,0.0,0.0,0.0,0.0,0.0,0.0,0.0,0.0,0.0,0.0
58350,2200.0586486051875,94.54429531647935,1125.652164719027,94.894701106203,35.19566125509953,14.335804968877346,3.577869053403687,15.529646337720898,0.2716077725102072,1.0,0.26475866230921785,1.0,0.994227598637059,0.26475866230921785,0,nominal,0.0,0.0,0.0,0.0,0.0,0.0,0.0,0.0,0.0,0.0,0.0,0.0
58400,2200.058648605171,94.53494678495474,1125.6723942947538,94.88142379153487,35.20690151610572,14.335804968877346,3.57764558479894,15.52867637813126,0.27160777251020407,1.0,0.26498008764708714,1.0,0.994227598637059,0.26498008764708714,0,nominal,0.0,0.0,0.0,0.0,0.0,0.0,0.0,0.0,0.0,0.0,0.0,0.0
58450,2200.058648605157,94.52560027173826,1125.692282224396,94.86815426529114,35.21814035646466,14.335804968877346,3.577422144414685,15.527706541031904,0.2716077725102013,1.0,0.265201484999192,1.0,0.994227598637059,0.265201484999192,0,nominal,0.0,0.0,0.0,0.0,0.0,0.0,0.0,0.0,0.0,0.0,0.0,0.0
58500,2200.0586486051448,94.516255777026,1125.7118342778244,94.85489252248033,35.22937777429323,14.335804968877346,3.5771987322883008,15.526736826585072,0.27160777251019896,1.0,0.26542285432843626,1.0,0.994227598637059,0.26542285432843626,0,nominal,0.0,0.0,0.0,0.0,0.0,0.0,0.0,0.0,0.0,0.0,0.0,0.0
58550,2200.0586486051343,94.50691330101341,1125.7310561274667,94.84163855811431,35.240613767710194,14.335804968877346,3.5769753484571187,15.525767234952811,0.27160777251019713,1.0,0.2656441955977606,1.0,0.994227598637059,0.2656441955977606,0,nominal,0.0,0.0,0.0,0.0,0.0,0.0,0.0,0.0,0.0,0.0,0.0,0.0
58600,2200.0586486051257,94.49757284389523,1125.7499533499504,94.82839236720827,35.2518483348361,14.335804968877346,3.5767519929584397,15.524797766297018,0.27160777251019536,1.0,0.2658655087701415,1.0,0.994227598637059,0.2658655087701415,0,nominal,0.0,0.0,0.0,0.0,0.0,0.0,0.0,0.0,0.0,0.0,0.0,0.0
58650,2200.058648605118,94.48823440586534,1125.7685314277246,94.81515394478072,35.263081473793335,14.335804968877346,3.5765286658295268,15.523828420779434,0.2716077725101939,1.0,0.26608679380859107,1.0,0.994227598637059,0.26608679380859107,0,nominal,0.0,0.0,0.0,0.0,0.0,0.0,0.0,0.0,0.0,0.0,0.0,0.0
58700,2200.0586486051116,94.47889798711702,1125.7867957506464,94.80192328585343,35.27431318270603,14.335804968877344,3.5763053671076137,15.522859198561678,0.2716077725101927,1.0,0.26630805067615626,0.9999999999999997,0.9942275986370589,0.26630805067615626,0,nominal,0.0,0.0,0.0,0.0,0.0,0.0,0.0,0.0,0.0,0.0,0.0,0.0
58750,2200.058648605106,94.4695635878428,1125.8047516175484,94.78870038545153,35.28554345970027,14.335804968877346,3.576082096829886,15.52189009980515,0.2716077725101916,1.0,0.26652927933592185,1.0,0.994227598637059,0.26652927933592185,0,nominal,0.0,0.0,0.0,0.0,0.0,0.0,0.0,0.0,0.0,0.0,0.0,0.0
58800,2200.058648605101,94.46023120823446,1125.8224042377728,94.77548523860338,35.296772302903925,14.335804968877346,3.5758588550335006,15.520921124671132,0.2716077725101907,1.0,0.26675047975100835,1.0,0.994227598637059,0.26675047975100835,0,nominal,0.0,0.0,0.0,0.0,0.0,0.0,0.0,0.0,0.0,0.0,0.0,0.0
58850,2200.058648605097,94.450900848483,1125.8397587326845,94.76227784034069,35.307999710446644,14.335804968877346,3.5756356417555764,15.519952273320737,0.27160777251018986,1.0,0.26697165188457134,1.0,0.994227598637059,0.26697165188457134,0,nominal,0.0,0.0,0.0,0.0,0.0,0.0,0.0,0.0,0.0,0.0,0.0,0.0
58900,2200.0586486050934,94.44157250877885,1125.8568201371568,94.74907818569847,35.319225680459965,14.335804968877346,3.575412457033196,15.518983545914923,0.27160777251018914,1.0,0.26719279569980303,1.0,0.994227598637059,0.26719279569980303,0,nominal,0.0,0.0,0.0,0.0,0.0,0.0,0.0,0.0,0.0,0.0,0.0,0.0
58950,2200.05864860509,94.43224618931157,1125.873593401031,94.73588626971502,35.33045021107721,14.335804968877346,3.575189300903403,15.518014942614478,0.27160777251018864,1.0,0.2674139111599317,1.0,0.994227598637059,0.2674139111599317,0,nominal,0.0,0.0,0.0,0.0,0.0,0.0,0.0,0.0,0.0,0.0,0.0,0.0
59000,2200.0586486050875,94.42292189027006,1125.8900833905545,94.72270208743191,35.34167330043349,14.335804968877348,3.574966173403207,15.51704646358004,0.27160777251018814,1.0,0.26763499822821973,0.9999999999999997,0.994227598637059,0.26763499822821973,0,nominal,0.0,0.0,0.0,0.0,0.0,0.0,0.0,0.0,0.0,0.0,0.0,0.0
59050,2200.058648605085,94.41359961184253,1125.9062948897908,94.70952563389397,35.35289494666592,14.335804968877346,3.574743074569582,15.516078108972096,0.27160777251018764,1.0,0.26785605686796987,1.0,0.994227598637059,0.26785605686796987,0,nominal,0.0,0.0,0.0,0.0,0.0,0.0,0.0,0.0,0.0,0.0,0.0,0.0
59100,2200.0586486050834,94.40427935421638,1125.9222326020072,94.69635690414941,35.36411514791325,14.335804968877348,3.5745200044394614,15.515109878950954,0.2716077725101872,1.0,0.26807708704251687,0.9999999999999997,0.994227598637059,0.26807708704251687,0,nominal,0.0,0.0,0.0,0.0,0.0,0.0,0.0,0.0,0.0,0.0,0.0,0.0
59150,2200.058648605082,94.39496111757836,1125.9379011510414,94.68319589324966,35.37533390231617,14.335804968877346,3.5742969630497505,15.514141773676796,0.271607772510187,1.0,0.2682980887152334,1.0,0.994227598637059,0.2682980887152334,0,nominal,0.0,0.0,0.0,0.0,0.0,0.0,0.0,0.0,0.0,0.0,0.0,0.0
59200,2200.0586486050806,94.3856449021145,1125.9533050826408,94.67004259624946,35.3865512080171,14.335804968877346,3.5740739504373065,15.513173793309605,0.27160777251018675,1.0,0.2685190618495268,1.0,0.994227598637059,0.2685190618495268,0,nominal,0.0,0.0,0.0,0.0,0.0,0.0,0.0,0.0,0.0,0.0,0.0,0.0
59250,2200.0586486050793,94.37633070801013,1125.9684488657826,94.65689700820684,35.39776706316044,14.335804968877346,3.573850966638957,15.512205938009235,0.27160777251018653,1.0,0.26874000640884244,1.0,0.994227598637059,0.26874000640884244,0,nominal,0.0,0.0,0.0,0.0,0.0,0.0,0.0,0.0,0.0,0.0,0.0,0.0
59300,2200.0586486050784,94.3670185354498,1125.9833368939699,94.64375912418308,35.408981465892225,14.335804968877346,3.573628011691497,15.511238207935385,0.2716077725101864,1.0,0.2689609223566591,1.0,0.994227598637059,0.2689609223566591,0,nominal,0.0,0.0,0.0,0.0,0.0,0.0,0.0,0.0,0.0,0.0,0.0,0.0
59350,2200.0586486050775,94.35770838461735,1125.9979734865065,94.63062893924268,35.42019441436049,14.335804968877346,3.573405085631671,15.51027060324755,0.27160777251018614,1.0,0.2691818096564939,1.0,0.994227598637059,0.2691818096564939,0,nominal,0.0,0.0,0.0,0.0,0.0,0.0,0.0,0.0,0.0,0.0,0.0,0.0
59400,2200.0586486050765,94.34840025569594,1126.012362889749,94.61750644845358,35.43140590671505,14.335804968877346,3.5731821884962036,15.509303124105132,0.271607772510186,1.0,0.2694026682718998,1.0,0.994227598637059,0.2694026682718998,0,nominal,0.0,0.0,0.0,0.0,0.0,0.0,0.0,0.0,0.0,0.0,0.0,0.0
59450,2200.058648605076,94.33909414886796,1126.0265092783407,94.60439164688682,35.44261594110747,14.335804968877344,3.5729593203217718,15.508335770667324,0.27160777251018586,1.0,0.2696234981664637,0.9999999999999997,0.9942275986370589,0.2696234981664637,0,nominal,0.0,0.0,0.0,0.0,0.0,0.0,0.0,0.0,0.0,0.0,0.0,0.0
59500,2200.0586486050756,94.3297900643152,1126.0404167564216,94.59128452961681,35.45382451569126,14.335804968877348,3.5727364811450224,15.50736854309319,0.2716077725101858,1.0,0.2698442993038112,0.9999999999999997,0.994227598637059,0.2698442993038112,0,nominal,0.0,0.0,0.0,0.0,0.0,0.0,0.0,0.0,0.0,0.0,0.0,0.0
59550,2200.058648605075,94.32048800221861,1126.0540893588181,94.5781850917212,35.46503162862171,14.335804968877346,3.5725136710025596,15.506401441541609,0.2716077725101857,1.0,0.2700650716476027,1.0,0.994227598637059,0.2700650716476027,0,nominal,0.0,0.0,0.0,0.0,0.0,0.0,0.0,0.0,0.0,0.0,0.0,0.0
59600,2200.0586486050747,94.31118796275848,1126.0675310522156,94.56509332828085,35.47623727805592,14.335804968877346,3.5722908899309553,15.505434466171328,0.27160777251018564,1.0,0.27028581516153427,1.0,0.994227598637059,0.27028581516153427,0,nominal,0.0,0.0,0.0,0.0,0.0,0.0,0.0,0.0,0.0,0.0,0.0,0.0
59650,2200.0586486050743,94.30188994611444,1126.0807457363085,94.55200923438002,35.4874414621529,14.335804968877346,3.572068137966743,15.50446761714091,0.2716077725101856,1.0,0.27050652980933987,1.0,0.994227598637059,0.27050652980933987,0,nominal,0.0,0.0,0.0,0.0,0.0,0.0,0.0,0.0,0.0,0.0,0.0,0.0
59700,2200.058648605074,94.29259395246532,1126.0937372449307,94.53893280510613,35.49864417907338,14.335804968877346,3.571845415146421,15.503500894608782,0.2716077725101855,1.0,0.2707272155547869,1.0,0.994227598637059,0.2707272155547869,0,nominal,0.0,0.0,0.0,0.0,0.0,0.0,0.0,0.0,0.0,0.0,0.0,0.0
59750,2200.058648605074,94.28329998198927,1126.1065093471689,94.52586403554983,35.509845426979936,14.335804968877344,3.571622721506451,15.502534298733204,0.2716077725101854,1.0,0.27094787236167966,0.9999999999999997,0.9942275986370589,0.27094787236167966,0,nominal,0.0,0.0,0.0,0.0,0.0,0.0,0.0,0.0,0.0,0.0,0.0,0.0
59800,2200.058648605074,94.2740080348637,1126.1190657484563,94.51280292080509,35.52104520403713,14.335804968877344,3.5714000570832574,15.501567829672268,0.2716077725101854,1.0,0.27116850019386113,0.9999999999999997,0.9942275986370589,0.27116850019386113,0,nominal,0.0,0.0,0.0,0.0,0.0,0.0,0.0,0.0,0.0,0.0,0.0,0.0
59850,2200.058648605074,94.26471811126538,1126.1314100916456,94.49974945596915,35.53224350841119,14.335804968877344,3.571177421913227,15.50060148758392,0.2716077725101854,1.0,0.27138909901520747,0.9999999999999997,0.9942275986370589,0.27138909901520747,0,nominal,0.0,0.0,0.0,0.0,0.0,0.0,0.0,0.0,0.0,0.0,0.0,0.0
59900,2200.058648605074,94.25543021137031,1126.1435459580698,94.48670363614241,35.54344033827024,14.335804968877344,3.570954816032712,15.49963527262594,0.2716077725101854,1.0,0.2716096687896316,0.9999999999999997,0.9942275986370589,0.2716096687896316,0,nominal,0.0,0.0,0.0,0.0,0.0,0.0,0.0,0.0,0.0,0.0,0.0,0.0
59950,2200.058648605074,94.24614433535379,1126.1554768685764,94.47366545642859,35.5546356917842,14.335804968877344,3.5707322394780268,15.498669184955949,0.2716077725101854,1.0,0.27183020948108266,0.9999999999999997,0.9942275986370589,0.27183020948108266,0,nominal,0.0,0.0,0.0,0.0,0.0,0.0,0.0,0.0,0.0,0.0,0.0,0.0
60000,2200.058648605074,94.2368604833905,1126.1672062845523,94.46063491193468,35.56582956712488,14.335804968877344,3.5705096922854485,15.497703224731412,0.2716077725101854,1.0,0.2720507210535463,0.9999999999999997,0.9942275986370589,0.2720507210535463,0,nominal,0.0,0.0,0.0,0.0,0.0,0.0,0.0,0.0,0.0,0.0,0.0,0.0
